### benchmark: /home/zxr_wsl/benchmarks/incre_spec//Problem11_label08.aig
### opts:      &scorr -v -w -i -I
### timeout:   1800s
### date:      Tue Jun  9 14:17:22 CST 2026

======== ABC command line "&r /home/zxr_wsl/benchmarks/incre_spec//Problem11_label08.aig; &ps; &scorr -v -w -i -I; &ps"
Converted 0 1-valued FFs and 259 DC-valued FFs.
Warning: The number of inputs does not match the number of input names.
[1;37m/home/zxr_wsl/benchmarks/incre_spec//Problem11_label08[0m : i/o =    742/      1  ff =    262  [1;36mand =  400072[0m  [1;35mlev = 2250[0m [1;35m(8.57)[0m  mem = 4.60 MB
cst =  400334  cls =      0  lit =  400334  unused =     742  proof =     0
cst =  207945  cls =  16110  lit =  296630  unused =   88336  proof =     0
cst =  207263  cls =  15337  lit =  292197  unused =   93542  proof =     0
cst =  206953  cls =  15170  lit =  289613  unused =   96293  proof =     0
cst =  206658  cls =  14979  lit =  287728  unused =   98369  proof =     0
cst =  206341  cls =  14852  lit =  286625  unused =   99599  proof =     0
cst =  206236  cls =  14726  lit =  285905  unused =  100445  proof =     0
cst =  206148  cls =  14690  lit =  285507  unused =  100879  proof =     0
cst =  206079  cls =  14641  lit =  285128  unused =  101307  proof =     0
cst =  206040  cls =  14600  lit =  284784  unused =  101692  proof =     0
Obj =  401340. And =  400072. Conf =   100. Fr = 1. Lcorr = 0. Ring = 1. CSat = 1.
  0 : c =  206040  cl =  14600  lit =  284784  p =     0  d =     0  f =     0  +  T =     0.23 sec
BMC : c =  205448  cl =  13509  lit =  279866  p =  8907  d =  3462  f =  2741  +  T =     0.78 sec
  [bmc-prof   0] wall= 783.557 p= 15110 | ifo=  0.000(sd=0.000 nx=0.000 tfo=0.000 cnt=0.000) snap= 0.317 srm= 19.064 sat=746.784(set=0.667 slv=744.990 max=1.3057 n=15110) cex=R/T/F=3462/0/2741 trsplit=0 sim=16.226(rmp=0.578 run=15.647 n=1 d=2462) incr=loc/full/maxdirty/keys=0/0/0/0 chk= 0.465(d=2456) stat= 0.275 rest= 0.426
BMC : c =  205071  cl =  13007  lit =  277392  p =  9469  d =  2696  f =  1500  +  T =     0.40 sec
  [bmc-prof   1] wall= 397.580 p= 13665 | ifo=  7.057(sd=0.247 nx=0.000 tfo=6.219 cnt=0.591) snap= 0.349 srm= 17.467 sat=357.416(set=0.709 slv=355.756 max=1.0826 n=13665) cex=R/T/F=2696/0/1500 trsplit=0 sim=14.425(rmp=0.564 run=13.860 n=1 d=1044) incr=loc/full/maxdirty/keys=0/0/0/0 chk= 0.143(d=1430) stat= 0.288 rest= 0.434
BMC : c =  204271  cl =  12692  lit =  275454  p =  9682  d =  2198  f =  1143  +  T =     0.33 sec
  [bmc-prof   2] wall= 332.261 p= 13023 | ifo=  5.517(sd=0.230 nx=0.000 tfo=4.705 cnt=0.582) snap= 0.353 srm= 20.837 sat=289.734(set=0.698 slv=288.111 max=1.0385 n=13023) cex=R/T/F=2198/0/1143 trsplit=0 sim=14.862(rmp=0.752 run=14.109 n=1 d=819) incr=loc/full/maxdirty/keys=0/0/0/0 chk= 0.175(d=1119) stat= 0.280 rest= 0.504
BMC : c =  203462  cl =  12438  lit =  273314  p =  9759  d =  2046  f =  1449  +  T =     0.36 sec
  [bmc-prof   3] wall= 358.594 p= 13254 | ifo=  6.696(sd=0.268 nx=0.000 tfo=5.813 cnt=0.615) snap= 0.331 srm= 18.516 sat=318.207(set=0.723 slv=316.512 max=1.9183 n=13254) cex=R/T/F=2046/0/1449 trsplit=0 sim=13.970(rmp=0.564 run=13.406 n=1 d=701) incr=loc/full/maxdirty/keys=0/0/0/0 chk= 0.191(d=1439) stat= 0.270 rest= 0.413
BMC : c =  202653  cl =  12218  lit =  271228  p = 10115  d =  1656  f =  1554  +  T =     0.41 sec
  [bmc-prof   4] wall= 407.973 p= 13325 | ifo=  5.449(sd=0.226 nx=0.000 tfo=4.654 cnt=0.569) snap= 0.334 srm= 17.650 sat=367.524(set=0.731 slv=365.799 max=1.3039 n=13325) cex=R/T/F=1656/0/1554 trsplit=0 sim=16.072(rmp=0.755 run=15.316 n=1 d=551) incr=loc/full/maxdirty/keys=0/0/0/0 chk= 0.202(d=1535) stat= 0.277 rest= 0.466
BMC : c =  201710  cl =  12040  lit =  269066  p = 10362  d =  1418  f =  1658  +  T =     0.45 sec
  [bmc-prof   5] wall= 449.334 p= 13438 | ifo=  5.873(sd=0.263 nx=0.000 tfo=5.033 cnt=0.577) snap= 0.331 srm= 17.244 sat=411.644(set=0.706 slv=409.965 max=2.8288 n=13438) cex=R/T/F=1418/0/1658 trsplit=0 sim=13.394(rmp=0.569 run=12.824 n=1 d=521) incr=loc/full/maxdirty/keys=0/0/0/0 chk= 0.159(d=1641) stat= 0.272 rest= 0.418
BMC : c =  200886  cl =  11873  lit =  267093  p = 10671  d =  1228  f =  1536  +  T =     0.35 sec
  [bmc-prof   6] wall= 354.598 p= 13435 | ifo=  5.347(sd=0.227 nx=0.000 tfo=4.545 cnt=0.576) snap= 0.342 srm= 16.553 sat=317.940(set=0.713 slv=316.346 max=1.6852 n=13435) cex=R/T/F=1228/0/1536 trsplit=0 sim=13.523(rmp=0.584 run=12.938 n=1 d=444) incr=loc/full/maxdirty/keys=0/0/0/0 chk= 0.221(d=1529) stat= 0.274 rest= 0.399
BMC : c =  199968  cl =  11805  lit =  265135  p = 11045  d =  1027  f =  1524  +  T =     0.35 sec
  [bmc-prof   7] wall= 346.043 p= 13596 | ifo=  6.377(sd=0.265 nx=0.000 tfo=5.466 cnt=0.646) snap= 0.351 srm= 18.703 sat=305.987(set=0.739 slv=304.313 max=3.2346 n=13596) cex=R/T/F=1027/0/1524 trsplit=0 sim=13.611(rmp=0.583 run=13.027 n=1 d=443) incr=loc/full/maxdirty/keys=0/0/0/0 chk= 0.236(d=1515) stat= 0.316 rest= 0.462
BMC : c =  199157  cl =  11685  lit =  263340  p = 11407  d =   956  f =  1418  +  T =     0.36 sec
  [bmc-prof   8] wall= 360.900 p= 13781 | ifo=  8.511(sd=0.283 nx=0.000 tfo=7.648 cnt=0.580) snap= 0.327 srm= 16.368 sat=319.625(set=0.765 slv=317.896 max=2.1359 n=13781) cex=R/T/F=956/0/1418 trsplit=0 sim=15.274(rmp=0.606 run=14.668 n=1 d=380) incr=loc/full/maxdirty/keys=0/0/0/0 chk= 0.132(d=1415) stat= 0.265 rest= 0.397
BMC : c =  198296  cl =  11609  lit =  261449  p = 11715  d =   762  f =  1568  +  T =     0.36 sec
  [bmc-prof   9] wall= 363.525 p= 14045 | ifo=  4.654(sd=0.241 nx=0.000 tfo=3.831 cnt=0.582) snap= 0.327 srm= 16.351 sat=328.181(set=0.728 slv=326.481 max=2.7446 n=14045) cex=R/T/F=762/0/1568 trsplit=0 sim=13.118(rmp=0.557 run=12.560 n=1 d=327) incr=loc/full/maxdirty/keys=0/0/0/0 chk= 0.177(d=1564) stat= 0.287 rest= 0.431
BMC : c =  197268  cl =  11577  lit =  259531  p = 12004  d =   576  f =  1542  +  T =     0.35 sec
  [bmc-prof  10] wall= 346.920 p= 14122 | ifo=  5.988(sd=0.324 nx=0.000 tfo=5.031 cnt=0.633) snap= 0.397 srm= 19.032 sat=307.104(set=0.855 slv=305.348 max=1.6700 n=14122) cex=R/T/F=576/0/1542 trsplit=0 sim=13.597(rmp=0.650 run=12.946 n=1 d=379) incr=loc/full/maxdirty/keys=0/0/0/0 chk= 0.139(d=1539) stat= 0.265 rest= 0.399
BMC : c =  196159  cl =  11503  lit =  257340  p = 12316  d =   513  f =  1885  +  T =     0.41 sec
  [bmc-prof  11] wall= 412.140 p= 14714 | ifo=  5.000(sd=0.246 nx=0.000 tfo=4.139 cnt=0.614) snap= 0.321 srm= 17.437 sat=375.753(set=0.752 slv=374.082 max=1.6565 n=14714) cex=R/T/F=513/0/1885 trsplit=0 sim=12.815(rmp=0.574 run=12.240 n=1 d=337) incr=loc/full/maxdirty/keys=0/0/0/0 chk= 0.146(d=1854) stat= 0.266 rest= 0.401
BMC : c =  195104  cl =  11377  lit =  255188  p = 12476  d =   425  f =  1858  +  T =     0.38 sec
  [bmc-prof  12] wall= 377.250 p= 14759 | ifo=  4.147(sd=0.219 nx=0.000 tfo=3.343 cnt=0.585) snap= 0.325 srm= 16.758 sat=342.281(set=0.754 slv=340.634 max=1.6669 n=14759) cex=R/T/F=425/0/1858 trsplit=0 sim=12.907(rmp=0.578 run=12.328 n=1 d=302) incr=loc/full/maxdirty/keys=0/0/0/0 chk= 0.153(d=1850) stat= 0.276 rest= 0.402
BMC : c =  194044  cl =  11292  lit =  253136  p = 12685  d =   346  f =  1825  +  T =     0.39 sec
  [bmc-prof  13] wall= 386.936 p= 14856 | ifo=  4.651(sd=0.222 nx=0.000 tfo=3.826 cnt=0.603) snap= 0.324 srm= 16.941 sat=350.508(set=0.751 slv=348.865 max=1.0413 n=14856) cex=R/T/F=346/0/1825 trsplit=0 sim=13.608(rmp=0.795 run=12.812 n=1 d=229) incr=loc/full/maxdirty/keys=0/0/0/0 chk= 0.161(d=1823) stat= 0.287 rest= 0.456
BMC : c =  193004  cl =  11204  lit =  251064  p = 12946  d =   305  f =  1864  +  T =     0.38 sec
  [bmc-prof  14] wall= 384.701 p= 15115 | ifo=  4.159(sd=0.228 nx=0.000 tfo=3.336 cnt=0.594) snap= 0.320 srm= 17.377 sat=348.828(set=0.760 slv=347.178 max=1.1203 n=15115) cex=R/T/F=305/0/1864 trsplit=0 sim=13.157(rmp=0.748 run=12.408 n=1 d=209) incr=loc/full/maxdirty/keys=0/0/0/0 chk= 0.151(d=1863) stat= 0.276 rest= 0.432
BMC : c =  190511  cl =  11163  lit =  248788  p = 13069  d =   298  f =  1998  +  T =     0.41 sec
  [bmc-prof  15] wall= 409.353 p= 15365 | ifo=  4.723(sd=0.253 nx=0.000 tfo=3.882 cnt=0.588) snap= 0.321 srm= 17.006 sat=373.788(set=0.722 slv=372.131 max=2.8167 n=15365) cex=R/T/F=298/0/1998 trsplit=0 sim=12.678(rmp=0.577 run=12.100 n=1 d=279) incr=loc/full/maxdirty/keys=0/0/0/0 chk= 0.160(d=1997) stat= 0.278 rest= 0.398
BMC : c =  188086  cl =  11123  lit =  246641  p = 13426  d =   395  f =  1850  +  T =     0.40 sec
  [bmc-prof  16] wall= 395.490 p= 15671 | ifo=  4.145(sd=0.261 nx=0.000 tfo=3.289 cnt=0.595) snap= 0.345 srm= 18.681 sat=357.969(set=0.742 slv=356.170 max=1.3950 n=15671) cex=R/T/F=395/0/1850 trsplit=0 sim=13.367(rmp=0.577 run=12.790 n=1 d=298) incr=loc/full/maxdirty/keys=0/0/0/0 chk= 0.282(d=1849) stat= 0.309 rest= 0.390
BMC : c =  185593  cl =  11066  lit =  244705  p = 14358  d =   281  f =  1695  +  T =     0.35 sec
  [bmc-prof  17] wall= 346.162 p= 16334 | ifo=  3.834(sd=0.218 nx=0.000 tfo=3.027 cnt=0.589) snap= 0.332 srm= 17.364 sat=310.332(set=0.695 slv=308.691 max=1.0997 n=16334) cex=R/T/F=281/0/1695 trsplit=0 sim=13.343(rmp=0.638 run=12.704 n=1 d=241) incr=loc/full/maxdirty/keys=0/0/0/0 chk= 0.164(d=1695) stat= 0.285 rest= 0.508
BMC : c =  183105  cl =  11009  lit =  242883  p = 16608  d =   160  f =  1653  +  T =     0.34 sec
  [bmc-prof  18] wall= 338.176 p= 18421 | ifo=  3.799(sd=0.217 nx=0.000 tfo=2.976 cnt=0.606) snap= 0.323 srm= 18.103 sat=301.434(set=0.732 slv=299.674 max=1.1110 n=18421) cex=R/T/F=160/0/1653 trsplit=0 sim=13.551(rmp=0.733 run=12.817 n=1 d=170) incr=loc/full/maxdirty/keys=0/0/0/0 chk= 0.144(d=1652) stat= 0.295 rest= 0.528
BMC : c =  181659  cl =  10956  lit =  241112  p = 18758  d =   141  f =  1650  +  T =     0.35 sec
  [bmc-prof  19] wall= 354.210 p= 20549 | ifo=  4.398(sd=0.214 nx=0.000 tfo=3.464 cnt=0.720) snap= 0.343 srm= 18.371 sat=317.302(set=0.773 slv=315.414 max=1.1621 n=20549) cex=R/T/F=141/0/1650 trsplit=0 sim=12.844(rmp=0.584 run=12.259 n=1 d=121) incr=loc/full/maxdirty/keys=0/0/0/0 chk= 0.140(d=1650) stat= 0.293 rest= 0.520
  [bmc-incr i=20 repr=2500 active=168096/241112 POs=16844]
BMC : c =  180632  cl =  10917  lit =  239371  p = 15105  d =    97  f =  1642  +  T =     0.33 sec
  [bmc-prof  20] wall= 329.140 p= 16844 | ifo=  4.027(sd=0.301 nx=0.000 tfo=3.123 cnt=0.603) snap= 0.331 srm= 16.882 sat=293.842(set=0.716 slv=292.158 max=4.2577 n=16844) cex=R/T/F=97/0/1642 trsplit=0 sim=13.058(rmp=0.590 run=12.467 n=1 d=99) incr=loc/full/maxdirty/keys=0/0/0/0 chk= 0.155(d=1642) stat= 0.304 rest= 0.543
  [bmc-incr i=21 repr=1767 active=147877/239371 POs=11836]
BMC : c =  179319  cl =  10884  lit =  237656  p = 10119  d =    80  f =  1637  +  T =     0.32 sec
  [bmc-prof  21] wall= 322.054 p= 11836 | ifo=  5.631(sd=0.277 nx=0.000 tfo=3.911 cnt=1.443) snap= 0.336 srm= 17.440 sat=282.539(set=0.717 slv=281.136 max=2.1413 n=11836) cex=R/T/F=80/0/1637 trsplit=0 sim=15.097(rmp=0.818 run=14.278 n=1 d=78) incr=loc/full/maxdirty/keys=0/0/0/0 chk= 0.188(d=1637) stat= 0.280 rest= 0.544
  [bmc-incr i=22 repr=2029 active=140989/237656 POs=10389]
BMC : c =  178236  cl =  10857  lit =  235960  p =  8666  d =    70  f =  1653  +  T =     0.45 sec
  [bmc-prof  22] wall= 451.108 p= 10389 | ifo=  3.442(sd=0.328 nx=0.000 tfo=2.500 cnt=0.613) snap= 0.407 srm= 16.551 sat=416.880(set=0.806 slv=415.440 max=6.2524 n=10389) cex=R/T/F=70/0/1653 trsplit=0 sim=13.014(rmp=0.645 run=12.368 n=1 d=43) incr=loc/full/maxdirty/keys=0/0/0/0 chk= 0.124(d=1653) stat= 0.281 rest= 0.409
  [bmc-incr i=23 repr=1833 active=136827/235960 POs=10147]
BMC : c =  177211  cl =  10821  lit =  234202  p =  8403  d =    18  f =  1726  +  T =     0.35 sec
  [bmc-prof  23] wall= 346.482 p= 10147 | ifo=  3.372(sd=0.221 nx=0.000 tfo=2.487 cnt=0.664) snap= 0.407 srm= 16.240 sat=312.906(set=0.838 slv=311.459 max=2.7319 n=10147) cex=R/T/F=18/0/1726 trsplit=0 sim=12.750(rmp=0.687 run=12.062 n=1 d=32) incr=loc/full/maxdirty/keys=0/0/0/0 chk= 0.107(d=1726) stat= 0.287 rest= 0.413
  [bmc-incr i=24 repr=1777 active=128729/234202 POs=9693]
BMC : c =  176112  cl =  10765  lit =  232461  p =  7953  d =     3  f =  1737  +  T =     0.34 sec
  [bmc-prof  24] wall= 336.416 p=  9693 | ifo=  3.328(sd=0.221 nx=0.000 tfo=2.475 cnt=0.632) snap= 0.333 srm= 14.849 sat=304.871(set=0.746 slv=303.559 max=2.8256 n=9693) cex=R/T/F=3/0/1737 trsplit=0 sim=12.275(rmp=0.596 run=11.678 n=1 d=4) incr=loc/full/maxdirty/keys=0/0/0/0 chk= 0.095(d=1737) stat= 0.270 rest= 0.396
  [bmc-incr i=25 repr=1741 active=126235/232461 POs=9469]
BMC : c =  174872  cl =  10710  lit =  230612  p =  7620  d =     1  f =  1848  +  T =     0.35 sec
  [bmc-prof  25] wall= 346.850 p=  9469 | ifo=  3.191(sd=0.209 nx=0.000 tfo=2.374 cnt=0.608) snap= 0.347 srm= 15.521 sat=314.453(set=0.796 slv=313.110 max=1.8601 n=9469) cex=R/T/F=1/0/1848 trsplit=0 sim=12.511(rmp=0.622 run=11.888 n=1 d=1) incr=loc/full/maxdirty/keys=0/0/0/0 chk= 0.091(d=1848) stat= 0.295 rest= 0.442
  [bmc-incr i=26 repr=1858 active=122437/230612 POs=9067]
BMC : c =  173617  cl =  10655  lit =  228750  p =  7205  d =     1  f =  1861  +  T =     0.37 sec
  [bmc-prof  26] wall= 365.306 p=  9067 | ifo=  3.186(sd=0.224 nx=0.000 tfo=2.324 cnt=0.638) snap= 0.343 srm= 14.822 sat=333.504(set=0.669 slv=332.307 max=2.1818 n=9067) cex=R/T/F=1/0/1861 trsplit=0 sim=12.669(rmp=0.600 run=12.068 n=1 d=1) incr=loc/full/maxdirty/keys=0/0/0/0 chk= 0.089(d=1861) stat= 0.287 rest= 0.407
  [bmc-incr i=27 repr=1862 active=119815/228750 POs=8793]
BMC : c =  172332  cl =  10605  lit =  226882  p =  6925  d =     1  f =  1867  +  T =     0.35 sec
  [bmc-prof  27] wall= 350.157 p=  8793 | ifo=  3.203(sd=0.220 nx=0.000 tfo=2.345 cnt=0.637) snap= 0.328 srm= 14.831 sat=319.145(set=0.535 slv=318.089 max=1.8212 n=8793) cex=R/T/F=1/0/1867 trsplit=0 sim=11.916(rmp=0.601 run=11.314 n=1 d=1) incr=loc/full/maxdirty/keys=0/0/0/0 chk= 0.078(d=1867) stat= 0.275 rest= 0.383
  [bmc-incr i=28 repr=1868 active=117418/226882 POs=8510]
BMC : c =  171105  cl =  10543  lit =  225141  p =  6769  d =     0  f =  1741  +  T =     0.33 sec
  [bmc-prof  28] wall= 330.996 p=  8510 | ifo=  2.986(sd=0.208 nx=0.000 tfo=2.140 cnt=0.638) snap= 0.327 srm= 15.859 sat=298.747(set=0.538 slv=297.724 max=1.8235 n=8510) cex=R/T/F=0/0/1741 trsplit=0 sim=12.330(rmp=0.590 run=11.739 n=1 d=0) incr=loc/full/maxdirty/keys=0/0/0/0 chk= 0.071(d=1741) stat= 0.278 rest= 0.397
  [bmc-incr i=29 repr=1741 active=115100/225141 POs=8116]
BMC : c =  170080  cl =  10491  lit =  223677  p =  6652  d =     0  f =  1464  +  T =     0.27 sec
  [bmc-prof  29] wall= 272.918 p=  8116 | ifo=  2.966(sd=0.228 nx=0.000 tfo=2.098 cnt=0.640) snap= 0.330 srm= 16.038 sat=240.371(set=0.531 slv=239.378 max=1.8504 n=8116) cex=R/T/F=0/0/1464 trsplit=0 sim=12.488(rmp=0.572 run=11.915 n=1 d=0) incr=loc/full/maxdirty/keys=0/0/0/0 chk= 0.061(d=1464) stat= 0.281 rest= 0.385
  [bmc-incr i=30 repr=1464 active=112454/223677 POs=7877]
BMC : c =  168927  cl =  10427  lit =  222108  p =  6308  d =     0  f =  1569  +  T =     0.29 sec
  [bmc-prof  30] wall= 286.655 p=  7877 | ifo=  3.811(sd=0.272 nx=0.000 tfo=2.842 cnt=0.697) snap= 0.324 srm= 21.617 sat=248.250(set=0.530 slv=247.212 max=1.8062 n=7877) cex=R/T/F=0/0/1569 trsplit=0 sim=11.929(rmp=0.560 run=11.368 n=1 d=0) incr=loc/full/maxdirty/keys=0/0/0/0 chk= 0.057(d=1569) stat= 0.275 rest= 0.391
  [bmc-incr i=31 repr=1569 active=109850/222108 POs=8126]
BMC : c =  167402  cl =  10384  lit =  220192  p =  6210  d =     0  f =  1916  +  T =     0.29 sec
  [bmc-prof  31] wall= 295.271 p=  8126 | ifo=  3.067(sd=0.245 nx=0.000 tfo=2.218 cnt=0.604) snap= 0.371 srm= 14.852 sat=263.862(set=0.483 slv=262.903 max=2.0049 n=8126) cex=R/T/F=0/0/1916 trsplit=0 sim=12.374(rmp=0.574 run=11.799 n=1 d=0) incr=loc/full/maxdirty/keys=0/0/0/0 chk= 0.053(d=1916) stat= 0.292 rest= 0.400
  [bmc-incr i=32 repr=1916 active=85349/220192 POs=6395]
BMC : c =  165944  cl =  10358  lit =  218383  p =  4586  d =     0  f =  1809  +  T =     0.27 sec
  [bmc-prof  32] wall= 270.333 p=  6395 | ifo=  2.509(sd=0.218 nx=0.000 tfo=1.649 cnt=0.641) snap= 0.323 srm= 14.167 sat=240.494(set=0.404 slv=239.702 max=1.9129 n=6395) cex=R/T/F=0/0/1809 trsplit=0 sim=12.145(rmp=0.615 run=11.529 n=1 d=0) incr=loc/full/maxdirty/keys=0/0/0/0 chk= 0.046(d=1809) stat= 0.271 rest= 0.378
  [bmc-incr i=33 repr=1809 active=75954/218383 POs=6247]
BMC : c =  164061  cl =  10332  lit =  216160  p =  4024  d =     0  f =  2223  +  T =     0.31 sec
  [bmc-prof  33] wall= 309.021 p=  6247 | ifo=  2.179(sd=0.212 nx=0.000 tfo=1.349 cnt=0.618) snap= 0.402 srm= 14.054 sat=279.704(set=0.399 slv=278.933 max=0.6878 n=6247) cex=R/T/F=0/0/2223 trsplit=0 sim=11.968(rmp=0.564 run=11.403 n=1 d=0) incr=loc/full/maxdirty/keys=0/0/0/0 chk= 0.045(d=2223) stat= 0.274 rest= 0.395
  [bmc-incr i=34 repr=2223 active=73602/216160 POs=6152]
BMC : c =  162223  cl =  10311  lit =  214026  p =  4018  d =     0  f =  2134  +  T =     0.32 sec
  [bmc-prof  34] wall= 316.572 p=  6152 | ifo=  2.401(sd=0.221 nx=0.000 tfo=1.554 cnt=0.626) snap= 0.361 srm= 13.892 sat=286.835(set=0.415 slv=286.052 max=1.0483 n=6152) cex=R/T/F=0/0/2134 trsplit=0 sim=12.368(rmp=0.568 run=11.799 n=1 d=0) incr=loc/full/maxdirty/keys=0/0/0/0 chk= 0.040(d=2134) stat= 0.287 rest= 0.388
  [bmc-incr i=35 repr=2134 active=55323/214026 POs=5189]
BMC : c =  160867  cl =  10280  lit =  212397  p =  3560  d =     0  f =  1629  +  T =     0.24 sec
  [bmc-prof  35] wall= 240.048 p=  5189 | ifo=  2.056(sd=0.217 nx=0.000 tfo=1.180 cnt=0.659) snap= 0.336 srm= 14.008 sat=210.641(set=0.394 slv=209.944 max=1.0154 n=5189) cex=R/T/F=0/0/1629 trsplit=0 sim=12.227(rmp=0.648 run=11.579 n=1 d=0) incr=loc/full/maxdirty/keys=0/0/0/0 chk= 0.082(d=1629) stat= 0.286 rest= 0.413
  [bmc-incr i=36 repr=1629 active=52996/212397 POs=5473]
BMC : c =  159139  cl =  10257  lit =  210409  p =  3485  d =     0  f =  1988  +  T =     0.32 sec
  [bmc-prof  36] wall= 321.414 p=  5473 | ifo=  2.083(sd=0.216 nx=0.000 tfo=1.208 cnt=0.659) snap= 0.320 srm= 14.649 sat=291.711(set=0.392 slv=290.945 max=0.8935 n=5473) cex=R/T/F=0/0/1988 trsplit=0 sim=11.934(rmp=0.561 run=11.372 n=1 d=0) incr=loc/full/maxdirty/keys=0/0/0/0 chk= 0.052(d=1988) stat= 0.281 rest= 0.386
  [bmc-incr i=37 repr=1988 active=48522/210409 POs=5133]
BMC : c =  157562  cl =  10229  lit =  208590  p =  3314  d =     0  f =  1819  +  T =     0.29 sec
  [bmc-prof  37] wall= 294.623 p=  5133 | ifo=  2.132(sd=0.253 nx=0.000 tfo=1.239 cnt=0.639) snap= 0.341 srm= 13.534 sat=265.686(set=0.394 slv=264.980 max=1.1032 n=5133) cex=R/T/F=0/0/1819 trsplit=0 sim=12.082(rmp=0.581 run=11.501 n=1 d=0) incr=loc/full/maxdirty/keys=0/0/0/0 chk= 0.135(d=1819) stat= 0.315 rest= 0.399
  [bmc-incr i=38 repr=1819 active=46484/208590 POs=5254]
BMC : c =  155923  cl =  10211  lit =  206709  p =  3373  d =     0  f =  1881  +  T =     0.35 sec
  [bmc-prof  38] wall= 350.754 p=  5254 | ifo=  2.078(sd=0.256 nx=0.000 tfo=1.169 cnt=0.653) snap= 0.402 srm= 15.599 sat=319.472(set=0.407 slv=318.740 max=1.0504 n=5254) cex=R/T/F=0/0/1881 trsplit=0 sim=12.331(rmp=0.725 run=11.606 n=1 d=0) incr=loc/full/maxdirty/keys=0/0/0/0 chk= 0.129(d=1881) stat= 0.292 rest= 0.451
  [bmc-incr i=39 repr=1881 active=37026/206709 POs=4231]
BMC : c =  154745  cl =  10183  lit =  205285  p =  2807  d =     0  f =  1424  +  T =     0.28 sec
  [bmc-prof  39] wall= 283.043 p=  4231 | ifo=  1.920(sd=0.263 nx=0.000 tfo=0.945 cnt=0.712) snap= 0.398 srm= 19.286 sat=248.657(set=0.628 slv=247.757 max=1.1421 n=4231) cex=R/T/F=0/0/1424 trsplit=0 sim=11.982(rmp=0.573 run=11.408 n=1 d=0) incr=loc/full/maxdirty/keys=0/0/0/0 chk= 0.123(d=1424) stat= 0.281 rest= 0.396
  [bmc-incr i=40 repr=1424 active=33347/205285 POs=4035]
BMC : c =  153593  cl =  10157  lit =  203869  p =  2619  d =     0  f =  1416  +  T =     0.28 sec
  [bmc-prof  40] wall= 277.819 p=  4035 | ifo=  1.829(sd=0.257 nx=0.000 tfo=0.917 cnt=0.655) snap= 0.321 srm= 13.655 sat=248.646(set=0.383 slv=248.000 max=1.2942 n=4035) cex=R/T/F=0/0/1416 trsplit=0 sim=12.429(rmp=0.560 run=11.868 n=1 d=0) incr=loc/full/maxdirty/keys=0/0/0/0 chk= 0.252(d=1416) stat= 0.285 rest= 0.402
  [bmc-incr i=41 repr=1416 active=29200/203869 POs=3728]
BMC : c =  152327  cl =  10134  lit =  202254  p =  2113  d =     0  f =  1615  +  T =     0.31 sec
  [bmc-prof  41] wall= 313.508 p=  3728 | ifo=  1.783(sd=0.268 nx=0.000 tfo=0.884 cnt=0.632) snap= 0.367 srm= 13.538 sat=283.116(set=0.385 slv=282.498 max=1.7696 n=3728) cex=R/T/F=0/0/1615 trsplit=0 sim=13.139(rmp=0.559 run=12.578 n=1 d=0) incr=loc/full/maxdirty/keys=0/0/0/0 chk= 0.378(d=1615) stat= 0.347 rest= 0.840
  [bmc-incr i=42 repr=1615 active=27232/202254 POs=3402]
BMC : c =  151317  cl =  10116  lit =  200898  p =  2046  d =     0  f =  1356  +  T =     0.26 sec
  [bmc-prof  42] wall= 260.735 p=  3402 | ifo=  2.089(sd=0.330 nx=0.000 tfo=1.114 cnt=0.645) snap= 0.324 srm= 14.028 sat=231.316(set=0.391 slv=230.694 max=1.3881 n=3402) cex=R/T/F=0/0/1356 trsplit=0 sim=11.792(rmp=0.579 run=11.213 n=1 d=0) incr=loc/full/maxdirty/keys=0/0/0/0 chk= 0.472(d=1356) stat= 0.321 rest= 0.394
  [bmc-incr i=43 repr=1356 active=25067/200898 POs=3294]
BMC : c =  150465  cl =  10101  lit =  199631  p =  2027  d =     0  f =  1267  +  T =     0.25 sec
  [bmc-prof  43] wall= 248.038 p=  3294 | ifo=  1.717(sd=0.334 nx=0.000 tfo=0.760 cnt=0.623) snap= 0.328 srm= 14.032 sat=217.964(set=0.391 slv=217.367 max=1.6690 n=3294) cex=R/T/F=0/0/1267 trsplit=0 sim=12.792(rmp=0.586 run=12.205 n=1 d=0) incr=loc/full/maxdirty/keys=0/0/0/0 chk= 0.566(d=1267) stat= 0.262 rest= 0.377
  [bmc-incr i=44 repr=1267 active=23476/199631 POs=3123]
BMC : c =  149596  cl =  10081  lit =  198371  p =  1863  d =     0  f =  1260  +  T =     0.24 sec
  [bmc-prof  44] wall= 236.432 p=  3123 | ifo=  1.537(sd=0.214 nx=0.000 tfo=0.704 cnt=0.619) snap= 0.319 srm= 13.683 sat=205.012(set=0.394 slv=204.414 max=1.9262 n=3123) cex=R/T/F=0/0/1260 trsplit=0 sim=14.629(rmp=0.758 run=13.870 n=1 d=0) incr=loc/full/maxdirty/keys=0/0/0/0 chk= 0.486(d=1260) stat= 0.299 rest= 0.468
  [bmc-incr i=45 repr=1260 active=21775/198371 POs=2983]
BMC : c =  148696  cl =  10066  lit =  197134  p =  1746  d =     0  f =  1237  +  T =     0.25 sec
  [bmc-prof  45] wall= 254.654 p=  2983 | ifo=  1.858(sd=0.256 nx=0.000 tfo=0.822 cnt=0.780) snap= 0.347 srm= 13.980 sat=225.741(set=0.409 slv=225.141 max=1.5771 n=2983) cex=R/T/F=0/0/1237 trsplit=0 sim=11.707(rmp=0.577 run=11.129 n=1 d=0) incr=loc/full/maxdirty/keys=0/0/0/0 chk= 0.337(d=1237) stat= 0.298 rest= 0.385
  [bmc-incr i=46 repr=1237 active=19978/197134 POs=2558]
BMC : c =  147989  cl =  10052  lit =  196163  p =  1587  d =     0  f =   971  +  T =     0.22 sec
  [bmc-prof  46] wall= 225.260 p=  2558 | ifo=  1.723(sd=0.250 nx=0.000 tfo=0.725 cnt=0.748) snap= 0.324 srm= 13.726 sat=196.754(set=0.390 slv=196.199 max=1.9392 n=2558) cex=R/T/F=0/0/971 trsplit=0 sim=11.880(rmp=0.563 run=11.317 n=1 d=0) incr=loc/full/maxdirty/keys=0/0/0/0 chk= 0.187(d=971) stat= 0.275 rest= 0.390
  [bmc-incr i=47 repr=971 active=18580/196163 POs=2253]
BMC : c =  147276  cl =  10037  lit =  195252  p =  1342  d =     0  f =   911  +  T =     0.20 sec
  [bmc-prof  47] wall= 200.973 p=  2253 | ifo=  1.440(sd=0.206 nx=0.000 tfo=0.616 cnt=0.618) snap= 0.319 srm= 13.927 sat=172.780(set=0.453 slv=172.183 max=1.7181 n=2253) cex=R/T/F=0/0/911 trsplit=0 sim=11.758(rmp=0.544 run=11.213 n=1 d=0) incr=loc/full/maxdirty/keys=0/0/0/0 chk= 0.117(d=911) stat= 0.266 rest= 0.366
  [bmc-incr i=48 repr=911 active=17168/195252 POs=1899]
BMC : c =  146618  cl =  10022  lit =  194503  p =  1150  d =     0  f =   749  +  T =     0.19 sec
  [bmc-prof  48] wall= 185.488 p=  1899 | ifo=  1.448(sd=0.208 nx=0.000 tfo=0.592 cnt=0.649) snap= 0.329 srm= 14.142 sat=156.785(set=0.391 slv=156.266 max=1.6671 n=1899) cex=R/T/F=0/0/749 trsplit=0 sim=12.062(rmp=0.617 run=11.443 n=1 d=0) incr=loc/full/maxdirty/keys=0/0/0/0 chk= 0.023(d=749) stat= 0.302 rest= 0.397
  [bmc-incr i=49 repr=749 active=15763/194503 POs=1696]
BMC : c =  146005  cl =  10008  lit =  193813  p =  1006  d =     0  f =   690  +  T =     0.17 sec
  [bmc-prof  49] wall= 175.146 p=  1696 | ifo=  2.679(sd=0.437 nx=0.000 tfo=1.127 cnt=1.115) snap= 0.366 srm= 14.935 sat=144.702(set=0.506 slv=144.078 max=1.6100 n=1696) cex=R/T/F=0/0/690 trsplit=0 sim=11.794(rmp=0.583 run=11.210 n=1 d=0) incr=loc/full/maxdirty/keys=0/0/0/0 chk= 0.015(d=690) stat= 0.275 rest= 0.381
  [bmc-incr i=50 repr=690 active=14967/193813 POs=1570]
BMC : c =  145411  cl =   9996  lit =  193167  p =   924  d =     0  f =   646  +  T =     0.16 sec
  [bmc-prof  50] wall= 159.925 p=  1570 | ifo=  1.416(sd=0.210 nx=0.000 tfo=0.558 cnt=0.648) snap= 0.335 srm= 13.890 sat=132.007(set=0.390 slv=131.510 max=2.7761 n=1570) cex=R/T/F=0/0/646 trsplit=0 sim=11.628(rmp=0.672 run=10.956 n=1 d=0) incr=loc/full/maxdirty/keys=0/0/0/0 chk= 0.015(d=646) stat= 0.261 rest= 0.373
  [bmc-incr i=51 repr=646 active=13853/193167 POs=1389]
BMC : c =  144839  cl =   9989  lit =  192546  p =   768  d =     0  f =   621  +  T =     0.15 sec
  [bmc-prof  51] wall= 152.237 p=  1389 | ifo=  1.354(sd=0.204 nx=0.000 tfo=0.526 cnt=0.625) snap= 0.322 srm= 13.906 sat=123.159(set=0.386 slv=122.679 max=1.0827 n=1389) cex=R/T/F=0/0/621 trsplit=0 sim=12.825(rmp=0.570 run=12.255 n=1 d=0) incr=loc/full/maxdirty/keys=0/0/0/0 chk= 0.017(d=621) stat= 0.277 rest= 0.376
  [bmc-incr i=52 repr=621 active=13123/192546 POs=1304]
BMC : c =  144358  cl =   9987  lit =  192022  p =   780  d =     0  f =   524  +  T =     0.14 sec
  [bmc-prof  52] wall= 139.823 p=  1304 | ifo=  1.359(sd=0.203 nx=0.000 tfo=0.540 cnt=0.616) snap= 0.320 srm= 17.260 sat=108.048(set=0.421 slv=107.532 max=1.0782 n=1304) cex=R/T/F=0/0/524 trsplit=0 sim=12.157(rmp=0.594 run=11.563 n=1 d=0) incr=loc/full/maxdirty/keys=0/0/0/0 chk= 0.016(d=524) stat= 0.280 rest= 0.383
  [bmc-incr i=53 repr=524 active=12236/192022 POs=1172]
BMC : c =  143958  cl =   9984  lit =  191585  p =   735  d =     0  f =   437  +  T =     0.12 sec
  [bmc-prof  53] wall= 124.877 p=  1172 | ifo=  1.385(sd=0.207 nx=0.000 tfo=0.512 cnt=0.666) snap= 0.318 srm= 18.877 sat= 91.739(set=0.393 slv=91.271 max=1.2318 n=1172) cex=R/T/F=0/0/437 trsplit=0 sim=11.855(rmp=0.680 run=11.175 n=1 d=0) incr=loc/full/maxdirty/keys=0/0/0/0 chk= 0.008(d=437) stat= 0.265 rest= 0.429
  [bmc-incr i=54 repr=437 active=11727/191585 POs=1132]
BMC : c =  143613  cl =   9982  lit =  191205  p =   752  d =     0  f =   380  +  T =     0.12 sec
  [bmc-prof  54] wall= 122.088 p=  1132 | ifo=  1.418(sd=0.250 nx=0.000 tfo=0.539 cnt=0.629) snap= 0.341 srm= 13.883 sat= 94.322(set=0.552 slv=93.687 max=1.4245 n=1132) cex=R/T/F=0/0/380 trsplit=0 sim=11.491(rmp=0.553 run=10.938 n=1 d=0) incr=loc/full/maxdirty/keys=0/0/0/0 chk= 0.006(d=380) stat= 0.256 rest= 0.371
  [bmc-incr i=55 repr=380 active=9982/191205 POs=1035]
BMC : c =  143298  cl =   9978  lit =  190866  p =   696  d =     0  f =   339  +  T =     0.10 sec
  [bmc-prof  55] wall= 104.002 p=  1035 | ifo=  1.264(sd=0.198 nx=0.000 tfo=0.454 cnt=0.612) snap= 0.320 srm= 13.720 sat= 75.769(set=0.440 slv=75.264 max=1.4744 n=1035) cex=R/T/F=0/0/339 trsplit=0 sim=12.249(rmp=0.495 run=11.753 n=1 d=0) incr=loc/full/maxdirty/keys=0/0/0/0 chk= 0.005(d=339) stat= 0.309 rest= 0.365
  [bmc-incr i=56 repr=339 active=9575/190866 POs=1037]
BMC : c =  142997  cl =   9977  lit =  190550  p =   721  d =     0  f =   316  +  T =     0.10 sec
  [bmc-prof  56] wall= 102.560 p=  1037 | ifo=  1.330(sd=0.206 nx=0.000 tfo=0.447 cnt=0.677) snap= 0.383 srm= 20.168 sat= 68.555(set=0.419 slv=68.064 max=1.4995 n=1037) cex=R/T/F=0/0/316 trsplit=0 sim=11.476(rmp=0.546 run=10.929 n=1 d=0) incr=loc/full/maxdirty/keys=0/0/0/0 chk= 0.003(d=316) stat= 0.273 rest= 0.371
  [bmc-incr i=57 repr=316 active=9035/190550 POs=932]
BMC : c =  142707  cl =   9975  lit =  190242  p =   624  d =     0  f =   308  +  T =     0.09 sec
  [bmc-prof  57] wall=  90.719 p=   932 | ifo=  1.238(sd=0.201 nx=0.000 tfo=0.410 cnt=0.627) snap= 0.617 srm= 14.621 sat= 61.991(set=0.390 slv=61.542 max=1.0282 n=932) cex=R/T/F=0/0/308 trsplit=0 sim=11.609(rmp=0.600 run=11.008 n=1 d=0) incr=loc/full/maxdirty/keys=0/0/0/0 chk= 0.004(d=308) stat= 0.269 rest= 0.371
  [bmc-incr i=58 repr=308 active=8532/190242 POs=837]
BMC : c =  142442  cl =   9974  lit =  189961  p =   556  d =     0  f =   281  +  T =     0.09 sec
  [bmc-prof  58] wall=  87.353 p=   837 | ifo=  1.477(sd=0.209 nx=0.000 tfo=0.411 cnt=0.857) snap= 0.317 srm= 13.638 sat= 59.640(set=0.353 slv=59.233 max=1.7166 n=837) cex=R/T/F=0/0/281 trsplit=0 sim=11.674(rmp=0.523 run=11.151 n=1 d=0) incr=loc/full/maxdirty/keys=0/0/0/0 chk= 0.003(d=281) stat= 0.258 rest= 0.346
  [bmc-incr i=59 repr=281 active=7913/189961 POs=801]
BMC : c =  142189  cl =   9973  lit =  189694  p =   534  d =     0  f =   267  +  T =     0.08 sec
  [bmc-prof  59] wall=  84.009 p=   801 | ifo=  1.196(sd=0.201 nx=0.000 tfo=0.387 cnt=0.608) snap= 0.316 srm= 13.588 sat= 56.289(set=0.353 slv=55.882 max=1.7841 n=801) cex=R/T/F=0/0/267 trsplit=0 sim=11.947(rmp=0.597 run=11.349 n=1 d=0) incr=loc/full/maxdirty/keys=0/0/0/0 chk= 0.004(d=267) stat= 0.267 rest= 0.403
  [bmc-incr i=60 repr=267 active=7381/189694 POs=818]
BMC : c =  141936  cl =   9972  lit =  189428  p =   552  d =     0  f =   266  +  T =     0.08 sec
  [bmc-prof  60] wall=  84.930 p=   818 | ifo=  1.243(sd=0.213 nx=0.000 tfo=0.387 cnt=0.643) snap= 0.347 srm= 14.113 sat= 56.538(set=0.371 slv=56.114 max=0.9724 n=818) cex=R/T/F=0/0/266 trsplit=0 sim=12.032(rmp=0.585 run=11.447 n=1 d=0) incr=loc/full/maxdirty/keys=0/0/0/0 chk= 0.004(d=266) stat= 0.275 rest= 0.379
  [bmc-incr i=61 repr=266 active=6896/189428 POs=705]
BMC : c =  141696  cl =   9971  lit =  189173  p =   450  d =     0  f =   255  +  T =     0.09 sec
  [bmc-prof  61] wall=  89.729 p=   705 | ifo=  1.237(sd=0.218 nx=0.000 tfo=0.387 cnt=0.632) snap= 0.333 srm= 14.477 sat= 60.827(set=0.368 slv=60.412 max=1.6768 n=705) cex=R/T/F=0/0/255 trsplit=0 sim=11.684(rmp=0.552 run=11.131 n=1 d=0) incr=loc/full/maxdirty/keys=0/0/0/0 chk= 0.003(d=255) stat= 0.797 rest= 0.371
  [bmc-incr i=62 repr=255 active=6574/189173 POs=689]
BMC : c =  141477  cl =   9969  lit =  188940  p =   456  d =     0  f =   233  +  T =     0.08 sec
  [bmc-prof  62] wall=  81.348 p=   689 | ifo=  1.920(sd=0.501 nx=0.000 tfo=0.501 cnt=0.919) snap= 0.371 srm= 14.924 sat= 51.660(set=0.364 slv=51.251 max=1.0020 n=689) cex=R/T/F=0/0/233 trsplit=0 sim=11.845(rmp=0.554 run=11.290 n=1 d=0) incr=loc/full/maxdirty/keys=0/0/0/0 chk= 0.003(d=233) stat= 0.266 rest= 0.360
  [bmc-incr i=63 repr=233 active=6181/188940 POs=618]
BMC : c =  141286  cl =   9967  lit =  188738  p =   416  d =     0  f =   202  +  T =     0.07 sec
  [bmc-prof  63] wall=  69.228 p=   618 | ifo=  1.172(sd=0.218 nx=0.000 tfo=0.341 cnt=0.613) snap= 0.325 srm= 13.559 sat= 41.858(set=0.338 slv=41.476 max=0.9749 n=618) cex=R/T/F=0/0/202 trsplit=0 sim=11.636(rmp=0.539 run=11.097 n=1 d=0) incr=loc/full/maxdirty/keys=0/0/0/0 chk= 0.002(d=202) stat= 0.260 rest= 0.416
  [bmc-incr i=64 repr=202 active=5651/188738 POs=599]
BMC : c =  141087  cl =   9965  lit =  188529  p =   390  d =     0  f =   209  +  T =     0.07 sec
  [bmc-prof  64] wall=  72.176 p=   599 | ifo=  1.202(sd=0.205 nx=0.000 tfo=0.314 cnt=0.683) snap= 0.327 srm= 14.037 sat= 44.428(set=0.312 slv=44.074 max=0.9772 n=599) cex=R/T/F=0/0/209 trsplit=0 sim=11.602(rmp=0.485 run=11.116 n=1 d=0) incr=loc/full/maxdirty/keys=0/0/0/0 chk= 0.002(d=209) stat= 0.250 rest= 0.329
  [bmc-incr i=65 repr=209 active=5307/188529 POs=565]
BMC : c =  140907  cl =   9963  lit =  188340  p =   376  d =     0  f =   189  +  T =     0.06 sec
  [bmc-prof  65] wall=  63.913 p=   565 | ifo=  1.097(sd=0.194 nx=0.000 tfo=0.298 cnt=0.605) snap= 0.318 srm= 12.966 sat= 37.195(set=0.299 slv=36.858 max=0.9268 n=565) cex=R/T/F=0/0/189 trsplit=0 sim=11.694(rmp=0.577 run=11.117 n=1 d=0) incr=loc/full/maxdirty/keys=0/0/0/0 chk= 0.002(d=189) stat= 0.265 rest= 0.375
  [bmc-incr i=66 repr=189 active=5067/188340 POs=520]
BMC : c =  140743  cl =   9961  lit =  188168  p =   348  d =     0  f =   172  +  T =     0.06 sec
  [bmc-prof  66] wall=  62.728 p=   520 | ifo=  1.146(sd=0.205 nx=0.000 tfo=0.308 cnt=0.634) snap= 0.372 srm= 14.450 sat= 34.512(set=0.339 slv=34.140 max=0.9305 n=520) cex=R/T/F=0/0/172 trsplit=0 sim=11.611(rmp=0.523 run=11.087 n=1 d=0) incr=loc/full/maxdirty/keys=0/0/0/0 chk= 0.002(d=172) stat= 0.266 rest= 0.369
  [bmc-incr i=67 repr=172 active=4763/188168 POs=466]
BMC : c =  140600  cl =   9960  lit =  188018  p =   316  d =     0  f =   150  +  T =     0.06 sec
  [bmc-prof  67] wall=  60.305 p=   466 | ifo=  1.175(sd=0.215 nx=0.000 tfo=0.287 cnt=0.673) snap= 0.349 srm= 14.635 sat= 32.036(set=0.306 slv=31.696 max=0.9115 n=466) cex=R/T/F=0/0/150 trsplit=0 sim=11.486(rmp=0.528 run=10.958 n=1 d=0) incr=loc/full/maxdirty/keys=0/0/0/0 chk= 0.002(d=150) stat= 0.267 rest= 0.355
  [bmc-incr i=68 repr=150 active=4557/188018 POs=439]
BMC : c =  140484  cl =   9959  lit =  187897  p =   318  d =     0  f =   121  +  T =     0.05 sec
  [bmc-prof  68] wall=  52.851 p=   439 | ifo=  1.119(sd=0.198 nx=0.000 tfo=0.287 cnt=0.634) snap= 0.320 srm= 13.509 sat= 25.347(set=0.278 slv=25.040 max=1.0812 n=439) cex=R/T/F=0/0/121 trsplit=0 sim=11.841(rmp=0.702 run=11.138 n=1 d=0) incr=loc/full/maxdirty/keys=0/0/0/0 chk= 0.002(d=121) stat= 0.296 rest= 0.417
  [bmc-incr i=69 repr=121 active=3833/187897 POs=342]
BMC : c =  140397  cl =   9957  lit =  187803  p =   248  d =     0  f =    94  +  T =     0.05 sec
  [bmc-prof  69] wall=  46.947 p=   342 | ifo=  1.112(sd=0.226 nx=0.000 tfo=0.250 cnt=0.636) snap= 0.322 srm= 12.985 sat= 20.539(set=0.274 slv=20.238 max=1.0034 n=342) cex=R/T/F=0/0/94 trsplit=0 sim=11.378(rmp=0.518 run=10.859 n=1 d=0) incr=loc/full/maxdirty/keys=0/0/0/0 chk= 0.001(d=94) stat= 0.261 rest= 0.348
  [bmc-incr i=70 repr=94 active=3655/187803 POs=319]
BMC : c =  140309  cl =   9955  lit =  187705  p =   221  d =     0  f =    98  +  T =     0.05 sec
  [bmc-prof  70] wall=  46.091 p=   319 | ifo=  1.104(sd=0.204 nx=0.000 tfo=0.243 cnt=0.658) snap= 0.328 srm= 13.273 sat= 19.173(set=0.278 slv=18.871 max=0.9476 n=319) cex=R/T/F=0/0/98 trsplit=0 sim=11.577(rmp=0.527 run=11.050 n=1 d=0) incr=loc/full/maxdirty/keys=0/0/0/0 chk= 0.002(d=98) stat= 0.276 rest= 0.359
  [bmc-incr i=71 repr=98 active=3376/187705 POs=290]
BMC : c =  140222  cl =   9954  lit =  187609  p =   194  d =     0  f =    96  +  T =     0.05 sec
  [bmc-prof  71] wall=  45.922 p=   290 | ifo=  1.086(sd=0.229 nx=0.000 tfo=0.225 cnt=0.632) snap= 0.321 srm= 14.239 sat= 17.910(set=0.261 slv=17.630 max=0.8636 n=290) cex=R/T/F=0/0/96 trsplit=0 sim=11.771(rmp=0.501 run=11.270 n=1 d=0) incr=loc/full/maxdirty/keys=0/0/0/0 chk= 0.002(d=96) stat= 0.257 rest= 0.336
  [bmc-incr i=72 repr=96 active=3280/187609 POs=288]
BMC : c =  140138  cl =   9952  lit =  187519  p =   198  d =     0  f =    90  +  T =     0.04 sec
  [bmc-prof  72] wall=  44.693 p=   288 | ifo=  1.199(sd=0.203 nx=0.000 tfo=0.324 cnt=0.672) snap= 0.326 srm= 13.533 sat= 17.377(set=0.263 slv=17.094 max=0.9745 n=288) cex=R/T/F=0/0/90 trsplit=0 sim=11.653(rmp=0.497 run=11.155 n=1 d=0) incr=loc/full/maxdirty/keys=0/0/0/0 chk= 0.001(d=90) stat= 0.266 rest= 0.338
  [bmc-incr i=73 repr=90 active=3093/187519 POs=236]
BMC : c =  140061  cl =   9950  lit =  187436  p =   153  d =     0  f =    83  +  T =     0.05 sec
  [bmc-prof  73] wall=  47.225 p=   236 | ifo=  1.074(sd=0.210 nx=0.000 tfo=0.236 cnt=0.628) snap= 0.327 srm= 18.480 sat= 15.164(set=0.265 slv=14.882 max=0.8988 n=236) cex=R/T/F=0/0/83 trsplit=0 sim=11.592(rmp=0.492 run=11.099 n=1 d=0) incr=loc/full/maxdirty/keys=0/0/0/0 chk= 0.002(d=83) stat= 0.258 rest= 0.328
  [bmc-incr i=74 repr=83 active=2924/187436 POs=223]
BMC : c =  139993  cl =   9950  lit =  187364  p =   151  d =     0  f =    72  +  T =     0.04 sec
  [bmc-prof  74] wall=  43.688 p=   223 | ifo=  1.004(sd=0.193 nx=0.000 tfo=0.198 cnt=0.612) snap= 0.315 srm= 12.807 sat= 14.209(set=0.240 slv=13.954 max=0.9244 n=223) cex=R/T/F=0/0/72 trsplit=0 sim=14.681(rmp=0.556 run=14.124 n=1 d=0) incr=loc/full/maxdirty/keys=0/0/0/0 chk= 0.001(d=72) stat= 0.318 rest= 0.354
  [bmc-incr i=75 repr=72 active=2787/187364 POs=203]
BMC : c =  139942  cl =   9950  lit =  187309  p =   148  d =     0  f =    55  +  T =     0.04 sec
  [bmc-prof  75] wall=  38.076 p=   203 | ifo=  1.301(sd=0.413 nx=0.000 tfo=0.216 cnt=0.672) snap= 0.312 srm= 13.116 sat= 11.486(set=0.240 slv=11.232 max=0.8694 n=203) cex=R/T/F=0/0/55 trsplit=0 sim=11.273(rmp=0.484 run=10.788 n=1 d=0) incr=loc/full/maxdirty/keys=0/0/0/0 chk= 0.001(d=55) stat= 0.261 rest= 0.326
  [bmc-incr i=76 repr=55 active=2728/187309 POs=200]
BMC : c =  139898  cl =   9950  lit =  187261  p =   152  d =     0  f =    48  +  T =     0.04 sec
  [bmc-prof  76] wall=  37.981 p=   200 | ifo=  0.977(sd=0.192 nx=0.000 tfo=0.181 cnt=0.604) snap= 0.465 srm= 13.456 sat= 10.807(set=0.283 slv=10.511 max=0.8833 n=200) cex=R/T/F=0/0/48 trsplit=0 sim=11.676(rmp=0.513 run=11.163 n=1 d=0) incr=loc/full/maxdirty/keys=0/0/0/0 chk= 0.001(d=48) stat= 0.264 rest= 0.335
  [bmc-incr i=77 repr=48 active=2641/187261 POs=198]
BMC : c =  139857  cl =   9950  lit =  187216  p =   153  d =     0  f =    45  +  T =     0.04 sec
  [bmc-prof  77] wall=  37.650 p=   198 | ifo=  1.028(sd=0.198 nx=0.000 tfo=0.183 cnt=0.648) snap= 0.314 srm= 13.026 sat= 11.027(set=0.234 slv=10.780 max=0.9053 n=198) cex=R/T/F=0/0/45 trsplit=0 sim=11.613(rmp=0.476 run=11.137 n=1 d=0) incr=loc/full/maxdirty/keys=0/0/0/0 chk= 0.001(d=45) stat= 0.265 rest= 0.375
  [bmc-incr i=78 repr=45 active=2596/187216 POs=199]
BMC : c =  139818  cl =   9950  lit =  187173  p =   156  d =     0  f =    43  +  T =     0.04 sec
  [bmc-prof  78] wall=  41.212 p=   199 | ifo=  1.026(sd=0.209 nx=0.000 tfo=0.186 cnt=0.630) snap= 0.314 srm= 12.864 sat= 12.412(set=0.240 slv=12.157 max=1.5325 n=199) cex=R/T/F=0/0/43 trsplit=0 sim=13.748(rmp=0.575 run=13.172 n=1 d=0) incr=loc/full/maxdirty/keys=0/0/0/0 chk= 0.001(d=43) stat= 0.253 rest= 0.595
  [bmc-incr i=79 repr=43 active=2516/187173 POs=198]
BMC : c =  139781  cl =   9950  lit =  187132  p =   157  d =     0  f =    41  +  T =     0.04 sec
  [bmc-prof  79] wall=  38.220 p=   198 | ifo=  1.014(sd=0.213 nx=0.000 tfo=0.195 cnt=0.606) snap= 0.384 srm= 14.376 sat= 10.419(set=0.262 slv=10.144 max=0.9244 n=198) cex=R/T/F=0/0/41 trsplit=0 sim=11.437(rmp=0.502 run=10.934 n=1 d=0) incr=loc/full/maxdirty/keys=0/0/0/0 chk= 0.001(d=41) stat= 0.258 rest= 0.330
  [bmc-incr i=80 repr=41 active=2475/187132 POs=200]
BMC : c =  139747  cl =   9949  lit =  187093  p =   161  d =     0  f =    39  +  T =     0.04 sec
  [bmc-prof  80] wall=  42.685 p=   200 | ifo=  1.677(sd=0.798 nx=0.000 tfo=0.208 cnt=0.671) snap= 0.319 srm= 14.625 sat= 11.311(set=0.573 slv=10.721 max=1.0069 n=200) cex=R/T/F=0/0/39 trsplit=0 sim=13.993(rmp=0.669 run=13.324 n=1 d=0) incr=loc/full/maxdirty/keys=0/0/0/0 chk= 0.001(d=39) stat= 0.271 rest= 0.488
  [bmc-incr i=81 repr=39 active=1948/187093 POs=153]
BMC : c =  139716  cl =   9949  lit =  187057  p =   117  d =     0  f =    36  +  T =     0.04 sec
  [bmc-prof  81] wall=  36.479 p=   153 | ifo=  1.042(sd=0.224 nx=0.000 tfo=0.145 cnt=0.673) snap= 0.328 srm= 12.967 sat=  9.750(set=0.169 slv=9.569 max=0.7442 n=153) cex=R/T/F=0/0/36 trsplit=0 sim=11.763(rmp=0.563 run=11.199 n=1 d=0) incr=loc/full/maxdirty/keys=0/0/0/0 chk= 0.002(d=36) stat= 0.264 rest= 0.363
  [bmc-incr i=82 repr=36 active=1912/187057 POs=182]
BMC : c =  139676  cl =   9943  lit =  186996  p =   121  d =     0  f =    61  +  T =     0.04 sec
  [bmc-prof  82] wall=  38.030 p=   182 | ifo=  1.724(sd=0.205 nx=0.000 tfo=0.129 cnt=1.390) snap= 0.322 srm= 13.035 sat= 10.755(set=0.179 slv=10.565 max=0.4718 n=182) cex=R/T/F=0/0/61 trsplit=0 sim=11.563(rmp=0.507 run=11.055 n=1 d=0) incr=loc/full/maxdirty/keys=0/0/0/0 chk= 0.009(d=61) stat= 0.279 rest= 0.342
  [bmc-incr i=83 repr=61 active=1626/186996 POs=263]
BMC : c =  139641  cl =   9943  lit =  186885  p =   152  d =     0  f =   111  +  T =     0.04 sec
  [bmc-prof  83] wall=  40.080 p=   263 | ifo=  0.927(sd=0.204 nx=0.000 tfo=0.093 cnt=0.630) snap= 0.317 srm= 13.119 sat= 13.523(set=0.170 slv=13.336 max=0.4777 n=263) cex=R/T/F=0/0/111 trsplit=0 sim=11.551(rmp=0.503 run=11.048 n=1 d=0) incr=loc/full/maxdirty/keys=0/0/0/0 chk= 0.048(d=111) stat= 0.257 rest= 0.338
  [bmc-incr i=84 repr=111 active=1510/186885 POs=311]
BMC : c =  139548  cl =   9943  lit =  186727  p =   153  d =     0  f =   158  +  T =     0.05 sec
  [bmc-prof  84] wall=  45.990 p=   311 | ifo=  0.917(sd=0.202 nx=0.000 tfo=0.080 cnt=0.635) snap= 0.314 srm= 13.017 sat= 19.156(set=0.180 slv=18.956 max=2.2685 n=311) cex=R/T/F=0/0/158 trsplit=0 sim=11.921(rmp=0.539 run=11.381 n=1 d=0) incr=loc/full/maxdirty/keys=0/0/0/0 chk= 0.032(d=158) stat= 0.269 rest= 0.365
  [bmc-incr i=85 repr=158 active=1336/186727 POs=298]
BMC : c =  139525  cl =   9943  lit =  186700  p =   271  d =     0  f =    27  +  T =     0.03 sec
  [bmc-prof  85] wall=  35.537 p=   298 | ifo=  0.908(sd=0.209 nx=0.000 tfo=0.076 cnt=0.623) snap= 0.316 srm= 12.647 sat=  9.011(set=0.173 slv=8.822 max=2.2865 n=298) cex=R/T/F=0/0/27 trsplit=0 sim=11.678(rmp=0.495 run=11.183 n=1 d=0) incr=loc/full/maxdirty/keys=0/0/0/0 chk= 0.001(d=27) stat= 0.632 rest= 0.345
  [bmc-incr i=86 repr=27 active=1242/186700 POs=249]
BMC : c =  139503  cl =   9943  lit =  186674  p =   223  d =     0  f =    26  +  T =     0.04 sec
  [bmc-prof  86] wall=  36.416 p=   249 | ifo=  1.065(sd=0.348 nx=0.000 tfo=0.073 cnt=0.643) snap= 0.314 srm= 12.785 sat=  9.004(set=0.167 slv=8.822 max=2.3500 n=249) cex=R/T/F=0/0/26 trsplit=0 sim=12.625(rmp=0.499 run=12.126 n=1 d=0) incr=loc/full/maxdirty/keys=0/0/0/0 chk= 0.001(d=26) stat= 0.264 rest= 0.357
  [bmc-incr i=87 repr=26 active=755/186674 POs=89]
BMC : c =  139487  cl =   9943  lit =  186654  p =    69  d =     0  f =    20  +  T =     0.04 sec
  [bmc-prof  87] wall=  35.556 p=    89 | ifo=  0.947(sd=0.211 nx=0.000 tfo=0.044 cnt=0.692) snap= 0.329 srm= 14.321 sat=  7.752(set=0.167 slv=7.579 max=2.8416 n=89) cex=R/T/F=0/0/20 trsplit=0 sim=11.622(rmp=0.483 run=11.139 n=1 d=0) incr=loc/full/maxdirty/keys=0/0/0/0 chk= 0.001(d=20) stat= 0.256 rest= 0.328
  [bmc-incr i=88 repr=20 active=718/186654 POs=90]
BMC : c =  139473  cl =   9943  lit =  186636  p =    72  d =     0  f =    18  +  T =     0.03 sec
  [bmc-prof  88] wall=  33.847 p=    90 | ifo=  0.837(sd=0.189 nx=0.000 tfo=0.035 cnt=0.612) snap= 0.391 srm= 13.765 sat=  7.043(set=0.185 slv=6.851 max=2.3815 n=90) cex=R/T/F=0/0/18 trsplit=0 sim=11.226(rmp=0.487 run=10.738 n=1 d=0) incr=loc/full/maxdirty/keys=0/0/0/0 chk= 0.001(d=18) stat= 0.253 rest= 0.332
  [bmc-incr i=89 repr=18 active=700/186636 POs=93]
BMC : c =  139459  cl =   9943  lit =  186618  p =    75  d =     0  f =    18  +  T =     0.03 sec
  [bmc-prof  89] wall=  33.297 p=    93 | ifo=  0.903(sd=0.215 nx=0.000 tfo=0.045 cnt=0.642) snap= 0.324 srm= 13.354 sat=  6.559(set=0.166 slv=6.386 max=2.3537 n=93) cex=R/T/F=0/0/18 trsplit=0 sim=11.560(rmp=0.772 run=10.788 n=1 d=0) incr=loc/full/maxdirty/keys=0/0/0/0 chk= 0.001(d=18) stat= 0.266 rest= 0.330
  [bmc-incr i=90 repr=18 active=665/186618 POs=96]
BMC : c =  139445  cl =   9943  lit =  186600  p =    78  d =     0  f =    18  +  T =     0.03 sec
  [bmc-prof  90] wall=  33.515 p=    96 | ifo=  0.857(sd=0.195 nx=0.000 tfo=0.035 cnt=0.627) snap= 0.316 srm= 13.046 sat=  7.250(set=0.178 slv=7.065 max=3.0066 n=96) cex=R/T/F=0/0/18 trsplit=0 sim=11.457(rmp=0.528 run=10.929 n=1 d=0) incr=loc/full/maxdirty/keys=0/0/0/0 chk= 0.001(d=18) stat= 0.256 rest= 0.331
  [bmc-incr i=91 repr=18 active=647/186600 POs=98]
BMC : c =  139431  cl =   9942  lit =  186582  p =    80  d =     0  f =    18  +  T =     0.04 sec
  [bmc-prof  91] wall=  37.903 p=    98 | ifo=  0.845(sd=0.195 nx=0.000 tfo=0.037 cnt=0.613) snap= 0.313 srm= 12.642 sat=  7.359(set=0.168 slv=7.184 max=2.9404 n=98) cex=R/T/F=0/0/18 trsplit=0 sim=16.105(rmp=1.731 run=14.373 n=1 d=0) incr=loc/full/maxdirty/keys=0/0/0/0 chk= 0.001(d=18) stat= 0.260 rest= 0.380
  [bmc-incr i=92 repr=18 active=611/186582 POs=80]
BMC : c =  139412  cl =   9939  lit =  186559  p =    57  d =     0  f =    23  +  T =     0.03 sec
  [bmc-prof  92] wall=  34.227 p=    80 | ifo=  0.882(sd=0.213 nx=0.000 tfo=0.039 cnt=0.630) snap= 0.334 srm= 13.523 sat=  7.272(set=0.177 slv=7.088 max=2.4636 n=80) cex=R/T/F=0/0/23 trsplit=0 sim=11.607(rmp=0.520 run=11.086 n=1 d=0) incr=loc/full/maxdirty/keys=0/0/0/0 chk= 0.001(d=23) stat= 0.270 rest= 0.338
  [bmc-incr i=93 repr=23 active=511/186559 POs=57]
BMC : c =  139391  cl =   9938  lit =  186536  p =    34  d =     0  f =    23  +  T =     0.04 sec
  [bmc-prof  93] wall=  36.258 p=    57 | ifo=  0.871(sd=0.206 nx=0.000 tfo=0.040 cnt=0.624) snap= 0.316 srm= 15.966 sat=  7.133(set=0.171 slv=6.957 max=2.4878 n=57) cex=R/T/F=0/0/23 trsplit=0 sim=11.378(rmp=0.521 run=10.856 n=1 d=0) incr=loc/full/maxdirty/keys=0/0/0/0 chk= 0.000(d=23) stat= 0.266 rest= 0.328
  [bmc-incr i=94 repr=23 active=469/186536 POs=51]
BMC : c =  139374  cl =   9937  lit =  186518  p =    33  d =     0  f =    18  +  T =     0.04 sec
  [bmc-prof  94] wall=  35.680 p=    51 | ifo=  0.875(sd=0.207 nx=0.000 tfo=0.036 cnt=0.631) snap= 0.632 srm= 14.736 sat=  6.917(set=0.309 slv=6.603 max=2.5084 n=51) cex=R/T/F=0/0/18 trsplit=0 sim=11.926(rmp=0.644 run=11.282 n=1 d=0) incr=loc/full/maxdirty/keys=0/0/0/0 chk= 0.000(d=18) stat= 0.248 rest= 0.345
  [bmc-incr i=95 repr=18 active=372/186518 POs=26]
BMC : c =  139356  cl =   9935  lit =  186498  p =     6  d =     0  f =    20  +  T =     0.04 sec
  [bmc-prof  95] wall=  40.062 p=    26 | ifo=  0.827(sd=0.191 nx=0.000 tfo=0.030 cnt=0.606) snap= 0.323 srm= 14.765 sat=  9.176(set=0.665 slv=8.507 max=2.5184 n=26) cex=R/T/F=0/0/20 trsplit=0 sim=14.233(rmp=0.525 run=13.707 n=1 d=0) incr=loc/full/maxdirty/keys=0/0/0/0 chk= 0.001(d=20) stat= 0.273 rest= 0.465
  [bmc-incr i=96 repr=20 active=256/186498 POs=22]
BMC : c =  139339  cl =   9935  lit =  186481  p =     5  d =     0  f =    17  +  T =     0.03 sec
  [bmc-prof  96] wall=  32.410 p=    22 | ifo=  0.945(sd=0.240 nx=0.000 tfo=0.036 cnt=0.669) snap= 0.318 srm= 13.238 sat=  5.703(set=0.142 slv=5.558 max=2.1323 n=22) cex=R/T/F=0/0/17 trsplit=0 sim=11.625(rmp=0.471 run=11.154 n=1 d=0) incr=loc/full/maxdirty/keys=0/0/0/0 chk= 0.000(d=17) stat= 0.256 rest= 0.324
  [bmc-incr i=97 repr=17 active=238/186481 POs=13]
BMC : c =  139330  cl =   9935  lit =  186472  p =     4  d =     0  f =     9  +  T =     0.03 sec
  [bmc-prof  97] wall=  31.924 p=    13 | ifo=  0.845(sd=0.204 nx=0.000 tfo=0.032 cnt=0.608) snap= 0.311 srm= 14.112 sat=  4.332(set=0.119 slv=4.210 max=2.1118 n=13) cex=R/T/F=0/0/9 trsplit=0 sim=11.672(rmp=0.483 run=11.188 n=1 d=0) incr=loc/full/maxdirty/keys=0/0/0/0 chk= 0.000(d=9) stat= 0.304 rest= 0.348
  [bmc-incr i=98 repr=9 active=177/186472 POs=10]
BMC : c =  139321  cl =   9935  lit =  186463  p =     1  d =     0  f =     9  +  T =     0.03 sec
  [bmc-prof  98] wall=  30.553 p=    10 | ifo=  1.001(sd=0.229 nx=0.000 tfo=0.010 cnt=0.762) snap= 0.326 srm= 12.988 sat=  4.264(set=0.128 slv=4.134 max=2.0667 n=10) cex=R/T/F=0/0/9 trsplit=0 sim=10.884(rmp=0.460 run=10.424 n=1 d=0) incr=loc/full/maxdirty/keys=0/0/0/0 chk= 0.000(d=9) stat= 0.768 rest= 0.322
  [bmc-incr i=99 repr=9 active=168/186463 POs=8]
BMC : c =  139314  cl =   9935  lit =  186456  p =     1  d =     0  f =     7  +  T =     0.03 sec
  [bmc-prof  99] wall=  30.443 p=     8 | ifo=  0.815(sd=0.192 nx=0.000 tfo=0.021 cnt=0.602) snap= 0.309 srm= 13.633 sat=  3.755(set=0.128 slv=3.625 max=2.0669 n=8) cex=R/T/F=0/0/7 trsplit=0 sim=11.299(rmp=0.483 run=10.816 n=1 d=0) incr=loc/full/maxdirty/keys=0/0/0/0 chk= 0.000(d=7) stat= 0.286 rest= 0.346
  [bmc-incr i=100 repr=7 active=143/186456 POs=7]
BMC : c =  139307  cl =   9935  lit =  186449  p =     0  d =     0  f =     7  +  T =     0.03 sec
  [bmc-prof 100] wall=  30.024 p=     7 | ifo=  0.885(sd=0.229 nx=0.000 tfo=0.009 cnt=0.648) snap= 0.306 srm= 11.818 sat=  3.959(set=0.118 slv=3.839 max=2.0672 n=7) cex=R/T/F=0/0/7 trsplit=0 sim=12.477(rmp=0.483 run=11.994 n=1 d=0) incr=loc/full/maxdirty/keys=0/0/0/0 chk= 0.000(d=7) stat= 0.259 rest= 0.320
  [bmc-incr i=101 repr=7 active=136/186449 POs=5]
BMC : c =  139302  cl =   9935  lit =  186444  p =     0  d =     0  f =     5  +  T =     0.03 sec
  [bmc-prof 101] wall=  28.857 p=     5 | ifo=  0.967(sd=0.298 nx=0.000 tfo=0.009 cnt=0.660) snap= 0.335 srm= 12.380 sat=  3.532(set=0.109 slv=3.421 max=2.1212 n=5) cex=R/T/F=0/0/5 trsplit=0 sim=11.040(rmp=0.552 run=10.488 n=1 d=0) incr=loc/full/maxdirty/keys=0/0/0/0 chk= 0.000(d=5) stat= 0.255 rest= 0.348
  [bmc-incr i=102 repr=5 active=131/186444 POs=5]
BMC : c =  139297  cl =   9935  lit =  186439  p =     0  d =     0  f =     5  +  T =     0.03 sec
  [bmc-prof 102] wall=  27.707 p=     5 | ifo=  0.782(sd=0.195 nx=0.000 tfo=0.007 cnt=0.580) snap= 0.305 srm= 11.613 sat=  3.454(set=0.097 slv=3.355 max=2.0806 n=5) cex=R/T/F=0/0/5 trsplit=0 sim=10.992(rmp=0.459 run=10.532 n=1 d=0) incr=loc/full/maxdirty/keys=0/0/0/0 chk= 0.000(d=5) stat= 0.240 rest= 0.322
  [bmc-incr i=103 repr=5 active=126/186439 POs=5]
BMC : c =  139292  cl =   9935  lit =  186434  p =     0  d =     0  f =     5  +  T =     0.03 sec
  [bmc-prof 103] wall=  29.171 p=     5 | ifo=  0.779(sd=0.188 nx=0.000 tfo=0.006 cnt=0.584) snap= 0.368 srm= 11.845 sat=  4.470(set=0.115 slv=4.353 max=2.9888 n=5) cex=R/T/F=0/0/5 trsplit=0 sim=11.150(rmp=0.464 run=10.686 n=1 d=0) incr=loc/full/maxdirty/keys=0/0/0/0 chk= 0.000(d=5) stat= 0.239 rest= 0.320
  [bmc-incr i=104 repr=5 active=121/186434 POs=5]
BMC : c =  139287  cl =   9935  lit =  186429  p =     0  d =     0  f =     5  +  T =     0.03 sec
  [bmc-prof 104] wall=  30.352 p=     5 | ifo=  0.786(sd=0.187 nx=0.000 tfo=0.006 cnt=0.593) snap= 0.309 srm= 11.683 sat=  3.489(set=0.096 slv=3.391 max=2.0894 n=5) cex=R/T/F=0/0/5 trsplit=0 sim=13.514(rmp=0.464 run=13.050 n=1 d=0) incr=loc/full/maxdirty/keys=0/0/0/0 chk= 0.000(d=5) stat= 0.249 rest= 0.321
  [bmc-incr i=105 repr=5 active=116/186429 POs=5]
BMC : c =  139282  cl =   9935  lit =  186424  p =     0  d =     0  f =     5  +  T =     0.03 sec
  [bmc-prof 105] wall=  28.096 p=     5 | ifo=  0.766(sd=0.183 nx=0.000 tfo=0.004 cnt=0.579) snap= 0.304 srm= 11.993 sat=  3.492(set=0.105 slv=3.384 max=2.1024 n=5) cex=R/T/F=0/0/5 trsplit=0 sim=10.974(rmp=0.449 run=10.525 n=1 d=0) incr=loc/full/maxdirty/keys=0/0/0/0 chk= 0.000(d=5) stat= 0.249 rest= 0.319
  [bmc-incr i=106 repr=5 active=111/186424 POs=5]
BMC : c =  139277  cl =   9935  lit =  186419  p =     0  d =     0  f =     5  +  T =     0.03 sec
  [bmc-prof 106] wall=  29.906 p=     5 | ifo=  0.801(sd=0.204 nx=0.000 tfo=0.005 cnt=0.591) snap= 0.311 srm= 11.481 sat=  3.587(set=0.096 slv=3.488 max=2.2000 n=5) cex=R/T/F=0/0/5 trsplit=0 sim=12.988(rmp=0.483 run=12.504 n=1 d=0) incr=loc/full/maxdirty/keys=0/0/0/0 chk= 0.000(d=5) stat= 0.267 rest= 0.472
  [bmc-incr i=107 repr=5 active=106/186419 POs=5]
BMC : c =  139272  cl =   9935  lit =  186414  p =     0  d =     0  f =     5  +  T =     0.03 sec
  [bmc-prof 107] wall=  30.350 p=     5 | ifo=  0.990(sd=0.184 nx=0.000 tfo=0.006 cnt=0.801) snap= 0.324 srm= 12.546 sat=  3.553(set=0.097 slv=3.454 max=2.1505 n=5) cex=R/T/F=0/0/5 trsplit=0 sim=12.363(rmp=0.486 run=11.876 n=1 d=0) incr=loc/full/maxdirty/keys=0/0/0/0 chk= 0.000(d=5) stat= 0.246 rest= 0.327
  [bmc-incr i=108 repr=5 active=101/186414 POs=5]
BMC : c =  139267  cl =   9935  lit =  186409  p =     0  d =     0  f =     5  +  T =     0.03 sec
  [bmc-prof 108] wall=  28.597 p=     5 | ifo=  0.817(sd=0.193 nx=0.000 tfo=0.007 cnt=0.617) snap= 0.319 srm= 12.315 sat=  3.522(set=0.098 slv=3.422 max=2.1107 n=5) cex=R/T/F=0/0/5 trsplit=0 sim=11.055(rmp=0.463 run=10.591 n=1 d=0) incr=loc/full/maxdirty/keys=0/0/0/0 chk= 0.000(d=5) stat= 0.250 rest= 0.319
  [bmc-incr i=109 repr=5 active=96/186409 POs=5]
BMC : c =  139262  cl =   9935  lit =  186404  p =     0  d =     0  f =     5  +  T =     0.03 sec
  [bmc-prof 109] wall=  29.618 p=     5 | ifo=  0.803(sd=0.199 nx=0.000 tfo=0.006 cnt=0.597) snap= 0.302 srm= 13.436 sat=  3.554(set=0.097 slv=3.456 max=2.1262 n=5) cex=R/T/F=0/0/5 trsplit=0 sim=10.964(rmp=0.464 run=10.499 n=1 d=0) incr=loc/full/maxdirty/keys=0/0/0/0 chk= 0.000(d=5) stat= 0.246 rest= 0.313
  [bmc-incr i=110 repr=5 active=91/186404 POs=5]
BMC : c =  139257  cl =   9935  lit =  186399  p =     0  d =     0  f =     5  +  T =     0.03 sec
  [bmc-prof 110] wall=  28.379 p=     5 | ifo=  0.776(sd=0.183 nx=0.000 tfo=0.005 cnt=0.588) snap= 0.307 srm= 11.897 sat=  3.584(set=0.097 slv=3.485 max=2.1682 n=5) cex=R/T/F=0/0/5 trsplit=0 sim=11.248(rmp=0.458 run=10.789 n=1 d=0) incr=loc/full/maxdirty/keys=0/0/0/0 chk= 0.000(d=5) stat= 0.247 rest= 0.320
  [bmc-incr i=111 repr=5 active=86/186399 POs=5]
BMC : c =  139252  cl =   9935  lit =  186394  p =     0  d =     0  f =     5  +  T =     0.03 sec
  [bmc-prof 111] wall=  29.144 p=     5 | ifo=  0.803(sd=0.191 nx=0.000 tfo=0.004 cnt=0.608) snap= 0.303 srm= 11.774 sat=  3.545(set=0.108 slv=3.435 max=2.1321 n=5) cex=R/T/F=0/0/5 trsplit=0 sim=12.128(rmp=0.527 run=11.600 n=1 d=0) incr=loc/full/maxdirty/keys=0/0/0/0 chk= 0.000(d=5) stat= 0.252 rest= 0.340
  [bmc-incr i=112 repr=5 active=81/186394 POs=5]
BMC : c =  139247  cl =   9935  lit =  186389  p =     0  d =     0  f =     5  +  T =     0.03 sec
  [bmc-prof 112] wall=  31.221 p=     5 | ifo=  0.823(sd=0.214 nx=0.000 tfo=0.006 cnt=0.603) snap= 0.309 srm= 13.517 sat=  3.541(set=0.110 slv=3.429 max=2.1190 n=5) cex=R/T/F=0/0/5 trsplit=0 sim=12.470(rmp=0.499 run=11.970 n=1 d=0) incr=loc/full/maxdirty/keys=0/0/0/0 chk= 0.000(d=5) stat= 0.245 rest= 0.316
  [bmc-incr i=113 repr=5 active=76/186389 POs=5]
BMC : c =  139242  cl =   9935  lit =  186384  p =     0  d =     0  f =     5  +  T =     0.03 sec
  [bmc-prof 113] wall=  28.527 p=     5 | ifo=  0.781(sd=0.190 nx=0.000 tfo=0.005 cnt=0.585) snap= 0.308 srm= 11.722 sat=  3.621(set=0.101 slv=3.519 max=2.1827 n=5) cex=R/T/F=0/0/5 trsplit=0 sim=11.514(rmp=0.475 run=11.038 n=1 d=0) incr=loc/full/maxdirty/keys=0/0/0/0 chk= 0.000(d=5) stat= 0.249 rest= 0.332
  [bmc-incr i=114 repr=5 active=71/186384 POs=5]
BMC : c =  139237  cl =   9935  lit =  186379  p =     0  d =     0  f =     5  +  T =     0.03 sec
  [bmc-prof 114] wall=  28.531 p=     5 | ifo=  0.807(sd=0.191 nx=0.000 tfo=0.006 cnt=0.610) snap= 0.309 srm= 12.147 sat=  3.557(set=0.098 slv=3.456 max=2.1439 n=5) cex=R/T/F=0/0/5 trsplit=0 sim=11.134(rmp=0.468 run=10.666 n=1 d=0) incr=loc/full/maxdirty/keys=0/0/0/0 chk= 0.000(d=5) stat= 0.255 rest= 0.321
  [bmc-incr i=115 repr=5 active=66/186379 POs=5]
BMC : c =  139232  cl =   9935  lit =  186374  p =     0  d =     0  f =     5  +  T =     0.03 sec
  [bmc-prof 115] wall=  29.027 p=     5 | ifo=  0.814(sd=0.202 nx=0.000 tfo=0.006 cnt=0.605) snap= 0.304 srm= 11.807 sat=  3.539(set=0.099 slv=3.439 max=2.1303 n=5) cex=R/T/F=0/0/5 trsplit=0 sim=11.976(rmp=0.476 run=11.499 n=1 d=0) incr=loc/full/maxdirty/keys=0/0/0/0 chk= 0.000(d=5) stat= 0.260 rest= 0.326
  [bmc-incr i=116 repr=5 active=61/186374 POs=5]
BMC : c =  139227  cl =   9935  lit =  186369  p =     0  d =     0  f =     5  +  T =     0.03 sec
  [bmc-prof 116] wall=  29.849 p=     5 | ifo=  0.789(sd=0.189 nx=0.000 tfo=0.006 cnt=0.593) snap= 0.314 srm= 13.411 sat=  3.550(set=0.098 slv=3.450 max=2.1414 n=5) cex=R/T/F=0/0/5 trsplit=0 sim=11.227(rmp=0.461 run=10.766 n=1 d=0) incr=loc/full/maxdirty/keys=0/0/0/0 chk= 0.000(d=5) stat= 0.245 rest= 0.313
  [bmc-incr i=117 repr=5 active=56/186369 POs=5]
BMC : c =  139222  cl =   9935  lit =  186364  p =     0  d =     0  f =     5  +  T =     0.03 sec
  [bmc-prof 117] wall=  31.468 p=     5 | ifo=  0.794(sd=0.200 nx=0.000 tfo=0.006 cnt=0.588) snap= 0.308 srm= 15.205 sat=  3.585(set=0.106 slv=3.478 max=2.1714 n=5) cex=R/T/F=0/0/5 trsplit=0 sim=11.013(rmp=0.521 run=10.492 n=1 d=0) incr=loc/full/maxdirty/keys=0/0/0/0 chk= 0.000(d=5) stat= 0.245 rest= 0.318
  [bmc-incr i=118 repr=5 active=51/186364 POs=5]
BMC : c =  139217  cl =   9935  lit =  186359  p =     0  d =     0  f =     5  +  T =     0.03 sec
  [bmc-prof 118] wall=  28.136 p=     5 | ifo=  0.775(sd=0.186 nx=0.000 tfo=0.007 cnt=0.582) snap= 0.324 srm= 11.650 sat=  3.592(set=0.111 slv=3.478 max=2.1652 n=5) cex=R/T/F=0/0/5 trsplit=0 sim=11.206(rmp=0.451 run=10.755 n=1 d=0) incr=loc/full/maxdirty/keys=0/0/0/0 chk= 0.000(d=5) stat= 0.265 rest= 0.325
  [bmc-incr i=119 repr=5 active=46/186359 POs=5]
BMC : c =  139212  cl =   9935  lit =  186354  p =     0  d =     0  f =     5  +  T =     0.03 sec
  [bmc-prof 119] wall=  28.102 p=     5 | ifo=  0.796(sd=0.193 nx=0.000 tfo=0.004 cnt=0.599) snap= 0.315 srm= 11.667 sat=  3.560(set=0.097 slv=3.461 max=2.1536 n=5) cex=R/T/F=0/0/5 trsplit=0 sim=11.188(rmp=0.452 run=10.735 n=1 d=0) incr=loc/full/maxdirty/keys=0/0/0/0 chk= 0.000(d=5) stat= 0.254 rest= 0.321
  [bmc-incr i=120 repr=5 active=41/186354 POs=5]
BMC : c =  139207  cl =   9935  lit =  186349  p =     0  d =     0  f =     5  +  T =     0.03 sec
  [bmc-prof 120] wall=  28.382 p=     5 | ifo=  0.826(sd=0.198 nx=0.000 tfo=0.004 cnt=0.624) snap= 0.304 srm= 11.697 sat=  3.624(set=0.097 slv=3.525 max=2.1635 n=5) cex=R/T/F=0/0/5 trsplit=0 sim=11.334(rmp=0.455 run=10.879 n=1 d=0) incr=loc/full/maxdirty/keys=0/0/0/0 chk= 0.000(d=5) stat= 0.271 rest= 0.326
  [bmc-incr i=121 repr=5 active=36/186349 POs=5]
BMC : c =  139202  cl =   9935  lit =  186344  p =     0  d =     0  f =     5  +  T =     0.03 sec
  [bmc-prof 121] wall=  28.196 p=     5 | ifo=  0.795(sd=0.191 nx=0.000 tfo=0.005 cnt=0.599) snap= 0.303 srm= 11.673 sat=  3.708(set=0.097 slv=3.609 max=2.1947 n=5) cex=R/T/F=0/0/5 trsplit=0 sim=11.145(rmp=0.461 run=10.683 n=1 d=0) incr=loc/full/maxdirty/keys=0/0/0/0 chk= 0.000(d=5) stat= 0.254 rest= 0.317
  [bmc-incr i=122 repr=5 active=31/186344 POs=5]
BMC : c =  139197  cl =   9935  lit =  186339  p =     0  d =     0  f =     5  +  T =     0.03 sec
  [bmc-prof 122] wall=  29.021 p=     5 | ifo=  0.773(sd=0.185 nx=0.000 tfo=0.004 cnt=0.584) snap= 0.311 srm= 12.048 sat=  3.927(set=0.097 slv=3.828 max=2.1997 n=5) cex=R/T/F=0/0/5 trsplit=0 sim=11.398(rmp=0.471 run=10.927 n=1 d=0) incr=loc/full/maxdirty/keys=0/0/0/0 chk= 0.000(d=5) stat= 0.247 rest= 0.316
  [bmc-incr i=123 repr=5 active=26/186339 POs=4]
BMC : c =  139193  cl =   9935  lit =  186335  p =     0  d =     0  f =     4  +  T =     0.03 sec
  [bmc-prof 123] wall=  29.258 p=     4 | ifo=  0.772(sd=0.188 nx=0.000 tfo=0.005 cnt=0.579) snap= 0.302 srm= 11.909 sat=  3.967(set=0.092 slv=3.873 max=2.9650 n=4) cex=R/T/F=0/0/4 trsplit=0 sim=11.695(rmp=0.651 run=11.043 n=1 d=0) incr=loc/full/maxdirty/keys=0/0/0/0 chk= 0.000(d=4) stat= 0.245 rest= 0.369
  [bmc-incr i=124 repr=4 active=22/186335 POs=4]
BMC : c =  139189  cl =   9935  lit =  186331  p =     0  d =     0  f =     4  +  T =     0.03 sec
  [bmc-prof 124] wall=  28.523 p=     4 | ifo=  0.770(sd=0.186 nx=0.000 tfo=0.004 cnt=0.581) snap= 0.334 srm= 11.458 sat=  3.258(set=0.095 slv=3.162 max=2.2450 n=4) cex=R/T/F=0/0/4 trsplit=0 sim=12.114(rmp=0.476 run=11.636 n=1 d=0) incr=loc/full/maxdirty/keys=0/0/0/0 chk= 0.000(d=4) stat= 0.250 rest= 0.339
  [bmc-incr i=125 repr=4 active=18/186331 POs=4]
BMC : c =  139186  cl =   9935  lit =  186327  p =     0  d =     0  f =     4  +  T =     0.03 sec
  [bmc-prof 125] wall=  34.276 p=     4 | ifo=  0.893(sd=0.203 nx=0.000 tfo=0.006 cnt=0.684) snap= 0.346 srm= 16.230 sat=  4.676(set=0.832 slv=3.842 max=2.7307 n=4) cex=R/T/F=0/0/4 trsplit=0 sim=11.517(rmp=0.605 run=10.912 n=1 d=0) incr=loc/full/maxdirty/keys=0/0/0/0 chk= 0.000(d=4) stat= 0.258 rest= 0.356
  [bmc-incr i=126 repr=4 active=14/186327 POs=4]
BMC : c =  139183  cl =   9934  lit =  186323  p =     0  d =     0  f =     4  +  T =     0.03 sec
  [bmc-prof 126] wall=  32.571 p=     4 | ifo=  0.987(sd=0.234 nx=0.000 tfo=0.005 cnt=0.748) snap= 0.323 srm= 15.447 sat=  4.316(set=0.761 slv=3.554 max=2.5235 n=4) cex=R/T/F=0/0/4 trsplit=0 sim=10.922(rmp=0.469 run=10.452 n=1 d=0) incr=loc/full/maxdirty/keys=0/0/0/0 chk= 0.000(d=4) stat= 0.256 rest= 0.319
  [bmc-incr i=127 repr=4 active=10/186323 POs=2]
BMC : c =  139181  cl =   9934  lit =  186321  p =     0  d =     0  f =     2  +  T =     0.03 sec
  [bmc-prof 127] wall=  26.765 p=     2 | ifo=  0.775(sd=0.186 nx=0.000 tfo=0.005 cnt=0.584) snap= 0.365 srm= 13.240 sat=  0.723(set=0.047 slv=0.675 max=0.4474 n=2) cex=R/T/F=0/0/2 trsplit=0 sim=11.076(rmp=0.458 run=10.618 n=1 d=0) incr=loc/full/maxdirty/keys=0/0/0/0 chk= 0.000(d=2) stat= 0.247 rest= 0.339
  [bmc-incr i=128 repr=2 active=8/186321 POs=2]
BMC : c =  139179  cl =   9934  lit =  186319  p =     0  d =     0  f =     2  +  T =     0.03 sec
  [bmc-prof 128] wall=  27.744 p=     2 | ifo=  0.782(sd=0.196 nx=0.000 tfo=0.005 cnt=0.581) snap= 0.545 srm= 13.329 sat=  0.703(set=0.047 slv=0.654 max=0.4195 n=2) cex=R/T/F=0/0/2 trsplit=0 sim=11.774(rmp=0.518 run=11.255 n=1 d=0) incr=loc/full/maxdirty/keys=0/0/0/0 chk= 0.000(d=2) stat= 0.273 rest= 0.338
  [bmc-incr i=129 repr=2 active=6/186319 POs=1]
BMC : c =  139178  cl =   9934  lit =  186318  p =     0  d =     0  f =     1  +  T =     0.02 sec
  [bmc-prof 129] wall=  24.236 p=     1 | ifo=  0.829(sd=0.195 nx=0.000 tfo=0.006 cnt=0.629) snap= 0.309 srm= 11.119 sat=  0.260(set=0.028 slv=0.231 max=0.2309 n=1) cex=R/T/F=0/0/1 trsplit=0 sim=11.141(rmp=0.451 run=10.689 n=1 d=0) incr=loc/full/maxdirty/keys=0/0/0/0 chk= 0.000(d=1) stat= 0.247 rest= 0.332
  [bmc-incr i=130 repr=1 active=5/186318 POs=1]
BMC : c =  139177  cl =   9934  lit =  186317  p =     0  d =     0  f =     1  +  T =     0.02 sec
  [bmc-prof 130] wall=  24.201 p=     1 | ifo=  0.769(sd=0.184 nx=0.000 tfo=0.004 cnt=0.582) snap= 0.304 srm= 11.263 sat=  0.262(set=0.026 slv=0.235 max=0.2347 n=1) cex=R/T/F=0/0/1 trsplit=0 sim=11.003(rmp=0.473 run=10.530 n=1 d=0) incr=loc/full/maxdirty/keys=0/0/0/0 chk= 0.000(d=1) stat= 0.270 rest= 0.330
  [bmc-incr i=131 repr=1 active=4/186317 POs=1]
BMC : c =  139176  cl =   9934  lit =  186316  p =     0  d =     0  f =     1  +  T =     0.03 sec
  [bmc-prof 131] wall=  27.754 p=     1 | ifo=  0.811(sd=0.190 nx=0.000 tfo=0.004 cnt=0.617) snap= 0.306 srm= 13.925 sat=  0.261(set=0.027 slv=0.232 max=0.2325 n=1) cex=R/T/F=0/0/1 trsplit=0 sim=11.846(rmp=0.473 run=11.372 n=1 d=0) incr=loc/full/maxdirty/keys=0/0/0/0 chk= 0.000(d=1) stat= 0.270 rest= 0.336
  [bmc-incr i=132 repr=1 active=3/186316 POs=0]
  [bmc-prof ALL] wall=20622.313 p=510343 | ifo=260.492(sd=30.181 nx=0.000 tfo=145.374 cnt=84.936) snap=44.607 srm=1914.069 sat=16689.168(set=48.666 slv=16608.091 max=6.2524 n=510343) cex=R/T/F=21160/0/88448 trsplit=0 sim=1617.788(rmp=74.692 run=1543.007 n=132 d=10516) incr=loc/full/maxdirty/keys=0/0/0/0 chk= 8.614(d=87952) stat=37.153 rest=50.422
  1 : c =  138774  cl =   9902  lit =  185087  p = 23550  d =     0  f =  1236  +  T =     0.17 sec
  [prof   1] wall= 174.623 p= 24786 | ifo=  0.000(sd=0.000 nx=0.000 tfo=0.000 cnt=0.000) snap= 0.319 srm= 24.293 sat=104.750(set=1.630 slv=101.926 max=0.5877 n=24786) cex=R/T/F=0/0/1236 trsplit=0 sim=42.705(rmp=0.547 run=42.156 n=1 d=0) incr=loc/full/maxdirty/keys=0/1/0/1204020 chk= 0.095(d=1229) stat= 1.516 rest= 0.946
  2 : c =  138277  cl =   9871  lit =  183843  p = 24061  d =     0  f =  1246  +  T =     0.14 sec
  [prof   2] wall= 138.973 p= 25307 | ifo=  6.359(sd=0.241 nx=0.180 tfo=5.452 cnt=0.487) snap= 0.331 srm= 23.297 sat=107.342(set=1.621 slv=104.506 max=0.6840 n=25307) cex=R/T/F=0/0/1246 trsplit=0 sim= 0.644(rmp=0.622 run=0.022 n=1 d=0) incr=loc/full/maxdirty/keys=1/0/0/1204020 chk= 0.078(d=1244) stat= 0.278 rest= 0.644
  3 : c =  137375  cl =   9852  lit =  182638  p = 24170  d =     0  f =  1206  -  T =     0.16 sec
  [prof   3] wall= 158.535 p= 25376 | ifo=  6.737(sd=0.217 nx=0.190 tfo=4.896 cnt=1.435) snap= 0.333 srm= 42.527 sat=107.503(set=2.858 slv=103.403 max=1.9978 n=25376) cex=R/T/F=0/0/1206 trsplit=0 sim= 0.587(rmp=0.566 run=0.021 n=1 d=0) incr=loc/full/maxdirty/keys=1/0/0/1204020 chk= 0.064(d=1205) stat= 0.298 rest= 0.487
  4 : c =  136463  cl =   9841  lit =  180921  p = 24810  d =     0  f =  1717  -  T =     0.16 sec
  [prof   4] wall= 159.518 p= 26527 | ifo=  5.322(sd=0.272 nx=0.196 tfo=4.202 cnt=0.653) snap= 0.345 srm= 23.711 sat=128.840(set=1.491 slv=126.058 max=0.5164 n=26527) cex=R/T/F=0/0/1717 trsplit=0 sim= 0.557(rmp=0.540 run=0.017 n=1 d=0) incr=loc/full/maxdirty/keys=1/0/0/1204020 chk= 0.087(d=1717) stat= 0.288 rest= 0.369
  5 : c =  135569  cl =   9831  lit =  179200  p = 25515  d =     0  f =  1721  -  T =     0.16 sec
  [prof   5] wall= 159.054 p= 27236 | ifo=  4.262(sd=0.226 nx=0.172 tfo=3.404 cnt=0.459) snap= 0.307 srm= 17.801 sat=135.307(set=1.558 slv=132.390 max=0.3894 n=27236) cex=R/T/F=0/0/1721 trsplit=0 sim= 0.592(rmp=0.570 run=0.022 n=1 d=0) incr=loc/full/maxdirty/keys=1/0/0/1204020 chk= 0.091(d=1721) stat= 0.298 rest= 0.397
  6 : c =  134685  cl =   9815  lit =  177457  p = 26166  d =     0  f =  1744  -  T =     0.16 sec
  [prof   6] wall= 160.627 p= 27910 | ifo=  4.318(sd=0.221 nx=0.172 tfo=3.457 cnt=0.467) snap= 0.305 srm= 16.448 sat=138.117(set=1.458 slv=135.218 max=0.6625 n=27910) cex=R/T/F=0/0/1744 trsplit=0 sim= 0.609(rmp=0.588 run=0.021 n=1 d=0) incr=loc/full/maxdirty/keys=1/0/0/1204020 chk= 0.099(d=1743) stat= 0.302 rest= 0.429
  7 : c =  133803  cl =   9787  lit =  175717  p = 26820  d =     0  f =  1740  -  T =     0.16 sec
  [prof   7] wall= 160.069 p= 28560 | ifo=  5.383(sd=0.219 nx=0.175 tfo=4.508 cnt=0.481) snap= 0.536 srm= 20.309 sat=132.500(set=1.730 slv=129.340 max=0.3978 n=28560) cex=R/T/F=0/0/1740 trsplit=0 sim= 0.585(rmp=0.565 run=0.019 n=1 d=0) incr=loc/full/maxdirty/keys=1/0/0/1204020 chk= 0.093(d=1740) stat= 0.284 rest= 0.379
  8 : c =  132704  cl =   9747  lit =  173801  p = 27202  d =     0  f =  1916  -  T =     0.17 sec
  [prof   8] wall= 167.793 p= 29118 | ifo=  6.686(sd=0.222 nx=0.171 tfo=5.814 cnt=0.478) snap= 0.317 srm= 16.914 sat=142.457(set=1.772 slv=139.217 max=0.3611 n=29118) cex=R/T/F=0/0/1916 trsplit=0 sim= 0.576(rmp=0.557 run=0.019 n=1 d=0) incr=loc/full/maxdirty/keys=1/0/0/1204020 chk= 0.105(d=1916) stat= 0.353 rest= 0.385
  9 : c =  131474  cl =   9709  lit =  171707  p = 27713  d =     0  f =  2094  -  T =     0.18 sec
  [prof   9] wall= 175.860 p= 29807 | ifo=  4.840(sd=0.228 nx=0.186 tfo=3.961 cnt=0.466) snap= 0.318 srm= 16.731 sat=152.621(set=1.451 slv=149.665 max=0.3609 n=29807) cex=R/T/F=0/0/2094 trsplit=0 sim= 0.584(rmp=0.562 run=0.021 n=1 d=0) incr=loc/full/maxdirty/keys=1/0/0/1204020 chk= 0.101(d=2094) stat= 0.279 rest= 0.386
 10 : c =  130225  cl =   9651  lit =  169539  p = 28154  d =     0  f =  2168  -  T =     0.18 sec
  [prof  10] wall= 177.769 p= 30322 | ifo=  4.460(sd=0.225 nx=0.187 tfo=3.328 cnt=0.720) snap= 0.322 srm= 17.032 sat=154.236(set=1.456 slv=151.144 max=0.4730 n=30322) cex=R/T/F=0/0/2168 trsplit=0 sim= 0.722(rmp=0.698 run=0.024 n=1 d=0) incr=loc/full/maxdirty/keys=1/0/0/1204020 chk= 0.133(d=2168) stat= 0.357 rest= 0.506
 11 : c =  129013  cl =   9586  lit =  167409  p = 28575  d =     0  f =  2139  -  T =     0.19 sec
  [prof  11] wall= 187.362 p= 30714 | ifo=  5.553(sd=0.272 nx=0.243 tfo=4.460 cnt=0.578) snap= 0.321 srm= 17.571 sat=162.507(set=1.458 slv=159.542 max=0.3577 n=30714) cex=R/T/F=0/0/2139 trsplit=0 sim= 0.590(rmp=0.567 run=0.022 n=1 d=0) incr=loc/full/maxdirty/keys=1/0/0/1204020 chk= 0.108(d=2130) stat= 0.294 rest= 0.418
  [incr r=11 repr=2132 next=1695 tfo=290062 active=123380/176995 POs=19888]
 12 : c =  127832  cl =   9524  lit =  165369  p = 17846  d =     0  f =  2042  -  T =     0.17 sec
  [prof  12] wall= 173.026 p= 19888 | ifo=  4.179(sd=0.244 nx=0.171 tfo=3.278 cnt=0.487) snap= 0.316 srm= 14.414 sat=152.710(set=1.240 slv=150.430 max=0.3468 n=19888) cex=R/T/F=0/0/2042 trsplit=0 sim= 0.600(rmp=0.578 run=0.022 n=1 d=0) incr=loc/full/maxdirty/keys=1/0/0/1204020 chk= 0.093(d=2040) stat= 0.301 rest= 0.413
  [incr r=12 repr=2053 next=1604 tfo=289103 active=120949/174893 POs=20246]
 13 : c =  126583  cl =   9459  lit =  163311  p = 18181  d =     0  f =  2065  -  T =     0.18 sec
  [prof  13] wall= 181.482 p= 20246 | ifo=  4.682(sd=0.251 nx=0.181 tfo=3.753 cnt=0.496) snap= 0.312 srm= 14.583 sat=160.590(set=1.267 slv=158.296 max=0.7009 n=20246) cex=R/T/F=0/0/2065 trsplit=0 sim= 0.563(rmp=0.544 run=0.018 n=1 d=0) incr=loc/full/maxdirty/keys=1/0/0/1204020 chk= 0.078(d=2058) stat= 0.296 rest= 0.379
  [incr r=13 repr=2072 next=1492 tfo=287108 active=118358/172770 POs=20398]
 14 : c =  125235  cl =   9392  lit =  161212  p = 18299  d =     0  f =  2099  -  T =     0.19 sec
  [prof  14] wall= 189.108 p= 20398 | ifo=  4.081(sd=0.219 nx=0.173 tfo=3.217 cnt=0.472) snap= 0.328 srm= 14.614 sat=168.651(set=1.300 slv=166.307 max=0.5283 n=20398) cex=R/T/F=0/0/2099 trsplit=0 sim= 0.596(rmp=0.573 run=0.022 n=1 d=0) incr=loc/full/maxdirty/keys=1/0/0/1204020 chk= 0.105(d=2099) stat= 0.312 rest= 0.421
  [incr r=14 repr=2130 next=1408 tfo=285511 active=115652/170604 POs=20557]
 15 : c =  123879  cl =   9323  lit =  159077  p = 18422  d =     0  f =  2135  -  T =     0.19 sec
  [prof  15] wall= 194.382 p= 20557 | ifo=  4.722(sd=0.225 nx=0.173 tfo=3.840 cnt=0.484) snap= 0.321 srm= 14.982 sat=172.976(set=1.266 slv=170.642 max=1.2627 n=20557) cex=R/T/F=0/0/2135 trsplit=0 sim= 0.591(rmp=0.570 run=0.021 n=1 d=0) incr=loc/full/maxdirty/keys=1/0/0/1204020 chk= 0.094(d=2135) stat= 0.303 rest= 0.392
  [incr r=15 repr=2209 next=1442 tfo=283259 active=112977/168400 POs=20798]
 16 : c =  122427  cl =   9261  lit =  156832  p = 18553  d =     0  f =  2245  -  T =     0.20 sec
  [prof  16] wall= 203.520 p= 20798 | ifo=  4.054(sd=0.221 nx=0.177 tfo=3.194 cnt=0.462) snap= 0.305 srm= 14.855 sat=182.921(set=1.283 slv=180.556 max=0.4016 n=20798) cex=R/T/F=0/0/2245 trsplit=0 sim= 0.593(rmp=0.547 run=0.046 n=1 d=0) incr=loc/full/maxdirty/keys=1/0/0/1204020 chk= 0.089(d=2245) stat= 0.311 rest= 0.392
  [incr r=16 repr=2288 next=1476 tfo=281767 active=110214/166093 POs=20758]
 17 : c =  120974  cl =   9170  lit =  154624  p = 18532  d =     0  f =  2226  -  T =     0.20 sec
  [prof  17] wall= 198.187 p= 20758 | ifo=  3.996(sd=0.217 nx=0.170 tfo=3.143 cnt=0.467) snap= 0.305 srm= 14.946 sat=177.542(set=1.292 slv=175.184 max=0.7094 n=20758) cex=R/T/F=0/0/2226 trsplit=0 sim= 0.571(rmp=0.549 run=0.022 n=1 d=0) incr=loc/full/maxdirty/keys=1/0/0/1204020 chk= 0.090(d=2208) stat= 0.292 rest= 0.445
  [incr r=17 repr=2306 next=1363 tfo=279861 active=107573/163794 POs=20559]
 18 : c =  119507  cl =   9082  lit =  152433  p = 18362  d =     0  f =  2197  -  T =     0.20 sec
  [prof  18] wall= 200.317 p= 20559 | ifo=  4.006(sd=0.225 nx=0.172 tfo=3.144 cnt=0.465) snap= 0.333 srm= 14.940 sat=179.690(set=1.325 slv=177.339 max=0.4648 n=20559) cex=R/T/F=0/0/2197 trsplit=0 sim= 0.577(rmp=0.558 run=0.019 n=1 d=0) incr=loc/full/maxdirty/keys=1/0/0/1204020 chk= 0.087(d=2191) stat= 0.299 rest= 0.385
  [incr r=18 repr=2306 next=1303 tfo=277483 active=104453/161515 POs=20201]
 19 : c =  117953  cl =   8984  lit =  150202  p = 17966  d =     0  f =  2235  -  T =     0.22 sec
  [prof  19] wall= 219.840 p= 20201 | ifo=  4.069(sd=0.223 nx=0.200 tfo=3.157 cnt=0.490) snap= 0.309 srm= 14.922 sat=199.150(set=1.339 slv=196.660 max=0.3759 n=20201) cex=R/T/F=0/0/2235 trsplit=0 sim= 0.601(rmp=0.577 run=0.023 n=1 d=0) incr=loc/full/maxdirty/keys=1/0/0/1204020 chk= 0.085(d=2231) stat= 0.306 rest= 0.399
  [incr r=19 repr=2435 next=1199 tfo=280086 active=102439/159186 POs=20075]
 20 : c =  116333  cl =   8868  lit =  147883  p = 17745  d =     0  f =  2330  -  T =     0.23 sec
  [prof  20] wall= 230.310 p= 20075 | ifo=  4.081(sd=0.219 nx=0.175 tfo=3.231 cnt=0.456) snap= 0.309 srm= 15.310 sat=209.208(set=1.346 slv=206.760 max=0.7797 n=20075) cex=R/T/F=0/0/2330 trsplit=0 sim= 0.587(rmp=0.565 run=0.022 n=1 d=0) incr=loc/full/maxdirty/keys=1/0/0/1204020 chk= 0.088(d=2319) stat= 0.315 rest= 0.412
  [incr r=20 repr=2499 next=1219 tfo=277823 active=99295/156751 POs=19279]
 21 : c =  114714  cl =   8739  lit =  145591  p = 16977  d =     0  f =  2302  -  T =     0.23 sec
  [prof  21] wall= 234.263 p= 19279 | ifo=  4.088(sd=0.223 nx=0.178 tfo=3.234 cnt=0.453) snap= 1.304 srm= 15.313 sat=212.047(set=1.381 slv=209.656 max=0.4254 n=19279) cex=R/T/F=0/0/2302 trsplit=0 sim= 0.674(rmp=0.652 run=0.022 n=1 d=0) incr=loc/full/maxdirty/keys=1/0/0/1204020 chk= 0.087(d=2292) stat= 0.327 rest= 0.424
  [incr r=21 repr=2374 next=1132 tfo=274566 active=96075/154330 POs=18469]
 22 : c =  113012  cl =   8595  lit =  143245  p = 16114  d =     0  f =  2355  -  T =     0.25 sec
  [prof  22] wall= 248.942 p= 18469 | ifo=  4.497(sd=0.236 nx=0.187 tfo=3.583 cnt=0.491) snap= 0.334 srm= 15.947 sat=226.762(set=1.387 slv=224.412 max=0.4884 n=18469) cex=R/T/F=0/0/2355 trsplit=0 sim= 0.589(rmp=0.567 run=0.021 n=1 d=0) incr=loc/full/maxdirty/keys=1/0/0/1204020 chk= 0.077(d=2346) stat= 0.330 rest= 0.407
  [incr r=22 repr=2469 next=1039 tfo=265980 active=91674/151840 POs=17108]
 23 : c =  111258  cl =   8475  lit =  140997  p = 14849  d =     0  f =  2259  -  T =     0.25 sec
  [prof  23] wall= 254.234 p= 17108 | ifo=  5.413(sd=0.225 nx=0.179 tfo=4.374 cnt=0.635) snap= 0.329 srm= 19.140 sat=227.981(set=1.385 slv=225.661 max=1.1109 n=17108) cex=R/T/F=0/0/2259 trsplit=0 sim= 0.582(rmp=0.560 run=0.022 n=1 d=0) incr=loc/full/maxdirty/keys=1/0/0/1204020 chk= 0.071(d=2248) stat= 0.306 rest= 0.412
  [incr r=23 repr=2380 next=813 tfo=256489 active=88392/149472 POs=15968]
 24 : c =  109501  cl =   8339  lit =  138790  p = 13738  d =     0  f =  2230  -  T =     0.26 sec
  [prof  24] wall= 255.639 p= 15968 | ifo=  3.951(sd=0.220 nx=0.181 tfo=3.093 cnt=0.457) snap= 0.337 srm= 15.774 sat=233.931(set=1.362 slv=231.709 max=0.6083 n=15968) cex=R/T/F=0/0/2230 trsplit=0 sim= 0.734(rmp=0.708 run=0.025 n=1 d=0) incr=loc/full/maxdirty/keys=1/0/0/1204020 chk= 0.068(d=2207) stat= 0.355 rest= 0.489
  [incr r=24 repr=2283 next=712 tfo=252895 active=84836/147129 POs=14904]
 25 : c =  107689  cl =   8192  lit =  136578  p = 12654  d =     0  f =  2250  -  T =     0.26 sec
  [prof  25] wall= 264.281 p= 14904 | ifo=  6.446(sd=0.272 nx=0.248 tfo=5.409 cnt=0.516) snap= 0.322 srm= 15.124 sat=240.695(set=1.370 slv=238.507 max=0.6256 n=14904) cex=R/T/F=0/0/2250 trsplit=0 sim= 0.583(rmp=0.563 run=0.020 n=1 d=0) incr=loc/full/maxdirty/keys=1/0/0/1204020 chk= 0.057(d=2212) stat= 0.644 rest= 0.412
  [incr r=25 repr=2384 next=592 tfo=252404 active=82317/144770 POs=13845]
 26 : c =  105845  cl =   8061  lit =  134392  p = 11628  d =     0  f =  2217  -  T =     0.28 sec
  [prof  26] wall= 276.577 p= 13845 | ifo=  4.267(sd=0.277 nx=0.199 tfo=3.314 cnt=0.477) snap= 0.322 srm= 16.471 sat=254.124(set=1.384 slv=251.984 max=0.7857 n=13845) cex=R/T/F=0/0/2217 trsplit=0 sim= 0.590(rmp=0.569 run=0.020 n=1 d=0) incr=loc/full/maxdirty/keys=1/0/0/1204020 chk= 0.057(d=2186) stat= 0.309 rest= 0.437
  [incr r=26 repr=2332 next=505 tfo=242883 active=78630/142453 POs=12577]
 27 : c =  103935  cl =   7935  lit =  132181  p = 10337  d =     0  f =  2240  -  T =     0.28 sec
  [prof  27] wall= 284.759 p= 12577 | ifo=  4.243(sd=0.232 nx=0.182 tfo=3.358 cnt=0.470) snap= 0.312 srm= 15.039 sat=263.326(set=1.351 slv=261.213 max=0.6852 n=12577) cex=R/T/F=0/0/2240 trsplit=0 sim= 0.668(rmp=0.646 run=0.021 n=1 d=0) incr=loc/full/maxdirty/keys=1/0/0/1204020 chk= 0.090(d=2211) stat= 0.348 rest= 0.736
  [incr r=27 repr=2270 next=429 tfo=239795 active=75361/140116 POs=11468]
 28 : c =  102055  cl =   7814  lit =  130016  p =  9265  d =     0  f =  2203  -  T =     0.26 sec
  [prof  28] wall= 259.907 p= 11468 | ifo=  4.294(sd=0.218 nx=0.172 tfo=3.294 cnt=0.610) snap= 0.329 srm= 14.583 sat=239.332(set=1.339 slv=237.362 max=0.4698 n=11468) cex=R/T/F=0/0/2203 trsplit=0 sim= 0.589(rmp=0.564 run=0.024 n=1 d=0) incr=loc/full/maxdirty/keys=1/0/0/1204020 chk= 0.046(d=2165) stat= 0.315 rest= 0.418
  [incr r=28 repr=2236 next=391 tfo=237909 active=73124/137830 POs=10705]
 29 : c =  100421  cl =   7708  lit =  128055  p =  8701  d =     0  f =  2004  -  T =     0.24 sec
  [prof  29] wall= 239.292 p= 10705 | ifo=  3.616(sd=0.221 nx=0.179 tfo=2.773 cnt=0.442) snap= 0.306 srm= 15.883 sat=218.058(set=1.325 slv=216.102 max=0.5566 n=10705) cex=R/T/F=0/0/2004 trsplit=0 sim= 0.637(rmp=0.612 run=0.025 n=1 d=0) incr=loc/full/maxdirty/keys=1/0/0/1204020 chk= 0.051(d=1961) stat= 0.319 rest= 0.421
  [incr r=29 repr=2110 next=449 tfo=240731 active=73284/135763 POs=10139]
 30 : c =   99081  cl =   7583  lit =  126353  p =  8383  d =     0  f =  1756  -  T =     0.20 sec
  [prof  30] wall= 195.720 p= 10139 | ifo=  4.200(sd=0.226 nx=0.204 tfo=3.327 cnt=0.444) snap= 0.340 srm= 14.679 sat=175.073(set=1.325 slv=173.099 max=0.5887 n=10139) cex=R/T/F=0/0/1756 trsplit=0 sim= 0.604(rmp=0.581 run=0.023 n=1 d=0) incr=loc/full/maxdirty/keys=1/0/0/1204020 chk= 0.043(d=1702) stat= 0.368 rest= 0.413
  [incr r=30 repr=1846 next=493 tfo=242404 active=73258/133936 POs=9900]
 31 : c =   97813  cl =   7511  lit =  124816  p =  8322  d =     0  f =  1578  -  T =     0.19 sec
  [prof  31] wall= 194.906 p=  9900 | ifo=  4.591(sd=0.225 nx=0.188 tfo=3.707 cnt=0.471) snap= 1.026 srm= 16.204 sat=171.635(set=1.420 slv=169.634 max=0.4873 n=9900) cex=R/T/F=0/0/1578 trsplit=0 sim= 0.649(rmp=0.627 run=0.021 n=1 d=0) incr=loc/full/maxdirty/keys=1/0/0/1204020 chk= 0.045(d=1537) stat= 0.322 rest= 0.436
  [incr r=31 repr=1652 next=380 tfo=255799 active=87461/132327 POs=10073]
 32 : c =   96653  cl =   7432  lit =  123423  p =  8649  d =     0  f =  1424  -  T =     0.18 sec
  [prof  32] wall= 185.159 p= 10073 | ifo=  4.209(sd=0.232 nx=0.184 tfo=3.321 cnt=0.472) snap= 0.367 srm= 15.235 sat=163.977(set=1.496 slv=161.931 max=0.5531 n=10073) cex=R/T/F=0/0/1424 trsplit=0 sim= 0.592(rmp=0.568 run=0.023 n=1 d=0) incr=loc/full/maxdirty/keys=1/0/0/1204020 chk= 0.041(d=1393) stat= 0.333 rest= 0.406
  [incr r=32 repr=1506 next=329 tfo=231162 active=65577/130855 POs=9088]
 33 : c =   95528  cl =   7376  lit =  122079  p =  7713  d =     0  f =  1375  -  T =     0.18 sec
  [prof  33] wall= 185.014 p=  9088 | ifo=  3.802(sd=0.214 nx=0.178 tfo=2.955 cnt=0.454) snap= 0.310 srm= 14.885 sat=164.737(set=1.363 slv=162.869 max=0.6517 n=9088) cex=R/T/F=0/0/1375 trsplit=0 sim= 0.565(rmp=0.542 run=0.022 n=1 d=0) incr=loc/full/maxdirty/keys=1/0/0/1204020 chk= 0.035(d=1344) stat= 0.307 rest= 0.375
  [incr r=33 repr=1452 next=327 tfo=229208 active=63633/129455 POs=8818]
 34 : c =   94477  cl =   7328  lit =  120848  p =  7565  d =     0  f =  1253  -  T =     0.17 sec
  [prof  34] wall= 174.961 p=  8818 | ifo=  3.446(sd=0.215 nx=0.174 tfo=2.616 cnt=0.442) snap= 0.363 srm= 14.779 sat=155.045(set=1.355 slv=153.192 max=0.6262 n=8818) cex=R/T/F=0/0/1253 trsplit=0 sim= 0.593(rmp=0.570 run=0.022 n=1 d=0) incr=loc/full/maxdirty/keys=1/0/0/1204020 chk= 0.032(d=1231) stat= 0.305 rest= 0.398
  [incr r=34 repr=1328 next=247 tfo=226276 active=62018/128176 POs=8514]
 35 : c =   93457  cl =   7291  lit =  119694  p =  7337  d =     0  f =  1177  -  T =     0.17 sec
  [prof  35] wall= 173.371 p=  8514 | ifo=  4.567(sd=0.214 nx=0.178 tfo=3.633 cnt=0.542) snap= 0.310 srm= 17.910 sat=148.979(set=1.322 slv=147.116 max=0.9578 n=8514) cex=R/T/F=0/0/1177 trsplit=0 sim= 0.773(rmp=0.744 run=0.028 n=1 d=0) incr=loc/full/maxdirty/keys=1/0/0/1204020 chk= 0.034(d=1154) stat= 0.337 rest= 0.462
  [incr r=35 repr=1213 next=194 tfo=204004 active=55327/126985 POs=7393]
 36 : c =   92504  cl =   7258  lit =  118624  p =  6310  d =     0  f =  1083  -  T =     0.16 sec
  [prof  36] wall= 158.196 p=  7393 | ifo=  5.794(sd=0.305 nx=0.263 tfo=3.458 cnt=1.768) snap= 0.375 srm= 18.172 sat=132.475(set=1.682 slv=130.391 max=0.4029 n=7393) cex=R/T/F=0/0/1083 trsplit=0 sim= 0.635(rmp=0.611 run=0.024 n=1 d=0) incr=loc/full/maxdirty/keys=1/0/0/1204020 chk= 0.034(d=1070) stat= 0.289 rest= 0.422
  [incr r=36 repr=1128 next=170 tfo=200644 active=53697/125882 POs=7148]
 37 : c =   91607  cl =   7244  lit =  117646  p =  6165  d =     0  f =   983  -  T =     0.14 sec
  [prof  37] wall= 144.972 p=  7148 | ifo=  3.516(sd=0.232 nx=0.192 tfo=2.627 cnt=0.466) snap= 0.336 srm= 14.274 sat=125.422(set=1.325 slv=123.702 max=0.8633 n=7148) cex=R/T/F=0/0/983 trsplit=0 sim= 0.661(rmp=0.637 run=0.024 n=1 d=0) incr=loc/full/maxdirty/keys=1/0/0/1204020 chk= 0.025(d=978) stat= 0.303 rest= 0.434
  [incr r=37 repr=1034 next=125 tfo=198442 active=52365/124890 POs=7026]
 38 : c =   90643  cl =   7237  lit =  116599  p =  5979  d =     0  f =  1047  -  T =     0.16 sec
  [prof  38] wall= 162.302 p=  7026 | ifo=  3.628(sd=0.227 nx=0.185 tfo=2.717 cnt=0.499) snap= 0.322 srm= 14.895 sat=142.129(set=1.334 slv=140.376 max=0.6855 n=7026) cex=R/T/F=0/0/1047 trsplit=0 sim= 0.598(rmp=0.575 run=0.023 n=1 d=0) incr=loc/full/maxdirty/keys=1/0/0/1204020 chk= 0.026(d=1047) stat= 0.292 rest= 0.411
  [incr r=38 repr=1091 next=140 tfo=190993 active=50107/123836 POs=6607]
 39 : c =   89816  cl =   7215  lit =  115683  p =  5680  d =     0  f =   927  -  T =     0.14 sec
  [prof  39] wall= 141.045 p=  6607 | ifo=  3.001(sd=0.215 nx=0.179 tfo=2.184 cnt=0.423) snap= 0.318 srm= 14.338 sat=122.050(set=1.301 slv=120.370 max=0.6707 n=6607) cex=R/T/F=0/0/927 trsplit=0 sim= 0.598(rmp=0.573 run=0.024 n=1 d=0) incr=loc/full/maxdirty/keys=1/0/0/1204020 chk= 0.025(d=916) stat= 0.310 rest= 0.405
  [incr r=39 repr=972 next=131 tfo=189466 active=48906/122898 POs=6449]
 40 : c =   89026  cl =   7204  lit =  114829  p =  5594  d =     0  f =   855  -  T =     0.14 sec
  [prof  40] wall= 138.220 p=  6449 | ifo=  2.975(sd=0.229 nx=0.180 tfo=2.133 cnt=0.433) snap= 0.311 srm= 14.905 sat=118.666(set=1.304 slv=116.991 max=1.3635 n=6449) cex=R/T/F=0/0/855 trsplit=0 sim= 0.634(rmp=0.610 run=0.024 n=1 d=0) incr=loc/full/maxdirty/keys=1/0/0/1204020 chk= 0.021(d=854) stat= 0.304 rest= 0.404
  [incr r=40 repr=905 next=96 tfo=212392 active=59698/122033 POs=7743]
 41 : c =   88250  cl =   7197  lit =  114005  p =  6919  d =     0  f =   824  -  T =     0.14 sec
  [prof  41] wall= 141.518 p=  7743 | ifo=  3.369(sd=0.239 nx=0.209 tfo=2.439 cnt=0.482) snap= 0.315 srm= 14.903 sat=121.645(set=1.386 slv=119.750 max=0.9079 n=7743) cex=R/T/F=0/0/824 trsplit=0 sim= 0.579(rmp=0.556 run=0.023 n=1 d=0) incr=loc/full/maxdirty/keys=1/0/0/1204020 chk= 0.020(d=824) stat= 0.294 rest= 0.394
  [incr r=41 repr=869 next=74 tfo=186152 active=47229/121202 POs=6128]
 42 : c =   87577  cl =   7190  lit =  113291  p =  5414  d =     0  f =   714  -  T =     0.12 sec
  [prof  42] wall= 116.936 p=  6128 | ifo=  2.923(sd=0.220 nx=0.181 tfo=2.092 cnt=0.429) snap= 0.323 srm= 15.263 sat= 97.114(set=1.225 slv=95.479 max=0.7183 n=6128) cex=R/T/F=0/0/714 trsplit=0 sim= 0.609(rmp=0.587 run=0.022 n=1 d=0) incr=loc/full/maxdirty/keys=1/0/0/1204020 chk= 0.017(d=714) stat= 0.295 rest= 0.393
  [incr r=42 repr=756 next=62 tfo=176941 active=45237/120481 POs=5810]
 43 : c =   86932  cl =   7184  lit =  112609  p =  5127  d =     0  f =   683  -  T =     0.11 sec
  [prof  43] wall= 106.124 p=  5810 | ifo=  2.729(sd=0.217 nx=0.174 tfo=1.912 cnt=0.425) snap= 0.311 srm= 13.358 sat= 88.513(set=1.249 slv=86.949 max=0.7186 n=5810) cex=R/T/F=0/0/683 trsplit=0 sim= 0.539(rmp=0.517 run=0.022 n=1 d=0) incr=loc/full/maxdirty/keys=1/0/0/1204020 chk= 0.013(d=682) stat= 0.283 rest= 0.377
  [incr r=43 repr=725 next=54 tfo=175109 active=44296/119793 POs=5643]
 44 : c =   86344  cl =   7178  lit =  111989  p =  5019  d =     0  f =   624  -  T =     0.10 sec
  [prof  44] wall= 101.613 p=  5643 | ifo=  2.638(sd=0.202 nx=0.163 tfo=1.837 cnt=0.436) snap= 0.359 srm= 12.796 sat= 84.522(set=1.155 slv=83.059 max=0.8509 n=5643) cex=R/T/F=0/0/624 trsplit=0 sim= 0.579(rmp=0.557 run=0.022 n=1 d=0) incr=loc/full/maxdirty/keys=1/0/0/1204020 chk= 0.016(d=620) stat= 0.287 rest= 0.415
  [incr r=44 repr=632 next=50 tfo=166559 active=41882/119167 POs=5196]
 45 : c =   85806  cl =   7173  lit =  111416  p =  4622  d =     0  f =   574  -  T =     0.09 sec
  [prof  45] wall=  91.524 p=  5196 | ifo=  2.693(sd=0.210 nx=0.172 tfo=1.880 cnt=0.431) snap= 0.408 srm= 12.981 sat= 74.101(set=1.287 slv=72.531 max=0.6196 n=5196) cex=R/T/F=0/0/574 trsplit=0 sim= 0.595(rmp=0.567 run=0.028 n=1 d=0) incr=loc/full/maxdirty/keys=1/0/0/1204020 chk= 0.016(d=573) stat= 0.302 rest= 0.430
  [incr r=45 repr=593 next=51 tfo=163091 active=41055/118589 POs=5072]
 46 : c =   85280  cl =   7170  lit =  110851  p =  4507  d =     0  f =   565  -  T =     0.08 sec
  [prof  46] wall=  84.901 p=  5072 | ifo=  2.892(sd=0.208 nx=0.175 tfo=2.044 cnt=0.465) snap= 0.344 srm= 12.185 sat= 68.203(set=1.055 slv=66.884 max=0.5907 n=5072) cex=R/T/F=0/0/565 trsplit=0 sim= 0.576(rmp=0.553 run=0.023 n=1 d=0) incr=loc/full/maxdirty/keys=1/0/0/1204020 chk= 0.016(d=565) stat= 0.302 rest= 0.384
  [incr r=46 repr=592 next=65 tfo=160011 active=40186/118021 POs=4852]
 47 : c =   84795  cl =   7166  lit =  110332  p =  4333  d =     0  f =   519  -  T =     0.08 sec
  [prof  47] wall=  80.664 p=  4852 | ifo=  2.537(sd=0.220 nx=0.186 tfo=1.689 cnt=0.442) snap= 0.317 srm= 12.204 sat= 64.017(set=1.121 slv=62.636 max=0.3608 n=4852) cex=R/T/F=0/0/519 trsplit=0 sim= 0.596(rmp=0.572 run=0.023 n=1 d=0) incr=loc/full/maxdirty/keys=1/0/0/1204020 chk= 0.016(d=519) stat= 0.590 rest= 0.388
  [incr r=47 repr=562 next=50 tfo=158272 active=39426/117498 POs=4734]
 48 : c =   84341  cl =   7164  lit =  109832  p =  4234  d =     0  f =   500  -  T =     0.08 sec
  [prof  48] wall=  79.417 p=  4734 | ifo=  2.621(sd=0.244 nx=0.188 tfo=1.746 cnt=0.443) snap= 0.379 srm= 11.151 sat= 64.079(set=1.709 slv=62.107 max=0.5170 n=4734) cex=R/T/F=0/0/500 trsplit=0 sim= 0.540(rmp=0.517 run=0.022 n=1 d=0) incr=loc/full/maxdirty/keys=1/0/0/1204020 chk= 0.016(d=500) stat= 0.278 rest= 0.354
  [incr r=48 repr=513 next=75 tfo=151380 active=38463/116996 POs=4560]
 49 : c =   83903  cl =   7163  lit =  109357  p =  4085  d =     0  f =   475  -  T =     0.08 sec
  [prof  49] wall=  77.295 p=  4560 | ifo=  2.283(sd=0.204 nx=0.168 tfo=1.486 cnt=0.425) snap= 0.311 srm= 10.451 sat= 63.051(set=0.927 slv=61.887 max=0.6036 n=4560) cex=R/T/F=0/0/475 trsplit=0 sim= 0.538(rmp=0.517 run=0.021 n=1 d=0) incr=loc/full/maxdirty/keys=1/0/0/1204020 chk= 0.026(d=475) stat= 0.291 rest= 0.343
  [incr r=49 repr=648 next=61 tfo=150060 active=37813/116520 POs=4486]
 50 : c =   83482  cl =   7163  lit =  108891  p =  4020  d =     0  f =   466  -  T =     0.08 sec
  [prof  50] wall=  78.234 p=  4486 | ifo=  2.256(sd=0.207 nx=0.165 tfo=1.453 cnt=0.431) snap= 0.324 srm= 10.171 sat= 64.067(set=0.916 slv=62.913 max=0.5194 n=4486) cex=R/T/F=0/0/466 trsplit=0 sim= 0.678(rmp=0.655 run=0.022 n=1 d=0) incr=loc/full/maxdirty/keys=1/0/0/1204020 chk= 0.018(d=466) stat= 0.331 rest= 0.389
  [incr r=50 repr=622 next=68 tfo=149193 active=37185/116054 POs=4405]
 51 : c =   83108  cl =   7163  lit =  108485  p =  3999  d =     0  f =   406  -  T =     0.08 sec
  [prof  51] wall=  75.443 p=  4405 | ifo=  3.154(sd=0.214 nx=0.227 tfo=2.261 cnt=0.452) snap= 0.321 srm= 10.402 sat= 60.169(set=1.155 slv=58.769 max=0.9970 n=4405) cex=R/T/F=0/0/406 trsplit=0 sim= 0.647(rmp=0.624 run=0.023 n=1 d=0) incr=loc/full/maxdirty/keys=1/0/0/1204020 chk= 0.013(d=406) stat= 0.289 rest= 0.448
  [incr r=51 repr=428 next=51 tfo=147461 active=36529/115648 POs=4370]
 52 : c =   82706  cl =   7161  lit =  108040  p =  3925  d =     0  f =   445  -  T =     0.07 sec
  [prof  52] wall=  74.445 p=  4370 | ifo=  2.298(sd=0.223 nx=0.170 tfo=1.474 cnt=0.431) snap= 0.313 srm= 10.245 sat= 60.045(set=0.886 slv=58.920 max=0.6530 n=4370) cex=R/T/F=0/0/445 trsplit=0 sim= 0.727(rmp=0.700 run=0.027 n=1 d=0) incr=loc/full/maxdirty/keys=1/0/0/1204020 chk= 0.013(d=445) stat= 0.330 rest= 0.474
  [incr r=52 repr=460 next=68 tfo=144995 active=35449/115201 POs=4284]
 53 : c =   82337  cl =   7157  lit =  107641  p =  3885  d =     0  f =   399  -  T =     0.06 sec
  [prof  53] wall=  64.848 p=  4284 | ifo=  2.550(sd=0.263 nx=0.232 tfo=1.600 cnt=0.455) snap= 0.314 srm= 10.054 sat= 50.623(set=0.881 slv=49.515 max=0.3708 n=4284) cex=R/T/F=0/0/399 trsplit=0 sim= 0.589(rmp=0.566 run=0.022 n=1 d=0) incr=loc/full/maxdirty/keys=1/0/0/1204020 chk= 0.011(d=399) stat= 0.316 rest= 0.392
  [incr r=53 repr=403 next=51 tfo=144085 active=34877/114798 POs=4250]
 54 : c =   81977  cl =   7156  lit =  107246  p =  3855  d =     0  f =   395  -  T =     0.06 sec
  [prof  54] wall=  63.429 p=  4250 | ifo=  2.276(sd=0.236 nx=0.177 tfo=1.426 cnt=0.436) snap= 0.320 srm= 10.114 sat= 49.480(set=0.883 slv=48.347 max=0.5386 n=4250) cex=R/T/F=0/0/395 trsplit=0 sim= 0.573(rmp=0.541 run=0.032 n=1 d=0) incr=loc/full/maxdirty/keys=1/0/0/1204020 chk= 0.011(d=395) stat= 0.285 rest= 0.370
  [incr r=54 repr=396 next=58 tfo=143462 active=34384/114402 POs=4222]
 55 : c =   81648  cl =   7155  lit =  106888  p =  3864  d =     0  f =   358  -  T =     0.05 sec
  [prof  55] wall=  55.051 p=  4222 | ifo=  2.254(sd=0.220 nx=0.175 tfo=1.430 cnt=0.429) snap= 0.312 srm= 10.298 sat= 41.043(set=0.890 slv=39.934 max=0.3987 n=4222) cex=R/T/F=0/0/358 trsplit=0 sim= 0.520(rmp=0.498 run=0.021 n=1 d=0) incr=loc/full/maxdirty/keys=1/0/0/1204020 chk= 0.009(d=358) stat= 0.283 rest= 0.333
  [incr r=55 repr=369 next=51 tfo=142204 active=33773/114043 POs=4207]
 56 : c =   81315  cl =   7152  lit =  106525  p =  3844  d =     0  f =   363  -  T =     0.05 sec
  [prof  56] wall=  55.004 p=  4207 | ifo=  2.125(sd=0.205 nx=0.162 tfo=1.327 cnt=0.431) snap= 0.318 srm= 10.100 sat= 41.119(set=0.878 slv=40.025 max=0.3955 n=4207) cex=R/T/F=0/0/363 trsplit=0 sim= 0.512(rmp=0.492 run=0.020 n=1 d=0) incr=loc/full/maxdirty/keys=1/0/0/1204020 chk= 0.009(d=363) stat= 0.279 rest= 0.541
  [incr r=56 repr=363 next=51 tfo=141462 active=33274/113677 POs=4166]
 57 : c =   81019  cl =   7148  lit =  106201  p =  3842  d =     0  f =   324  -  T =     0.05 sec
  [prof  57] wall=  53.909 p=  4166 | ifo=  2.120(sd=0.206 nx=0.165 tfo=1.330 cnt=0.418) snap= 0.309 srm= 10.272 sat= 40.081(set=0.897 slv=38.934 max=0.5179 n=4166) cex=R/T/F=0/0/324 trsplit=0 sim= 0.518(rmp=0.499 run=0.019 n=1 d=0) incr=loc/full/maxdirty/keys=1/0/0/1204020 chk= 0.009(d=324) stat= 0.271 rest= 0.329
  [incr r=57 repr=331 next=45 tfo=139850 active=32689/113349 POs=4106]
 58 : c =   80761  cl =   7147  lit =  105920  p =  3825  d =     0  f =   281  -  T =     0.05 sec
  [prof  58] wall=  47.656 p=  4106 | ifo=  2.093(sd=0.203 nx=0.157 tfo=1.314 cnt=0.419) snap= 0.383 srm= 12.184 sat= 31.884(set=0.922 slv=30.739 max=0.2386 n=4106) cex=R/T/F=0/0/281 trsplit=0 sim= 0.501(rmp=0.482 run=0.018 n=1 d=0) incr=loc/full/maxdirty/keys=1/0/0/1204020 chk= 0.008(d=281) stat= 0.265 rest= 0.338
  [incr r=58 repr=281 next=41 tfo=137462 active=31893/113067 POs=4098]
 59 : c =   80498  cl =   7146  lit =  105629  p =  3807  d =     0  f =   291  -  T =     0.05 sec
  [prof  59] wall=  45.727 p=  4098 | ifo=  1.948(sd=0.196 nx=0.157 tfo=1.191 cnt=0.404) snap= 0.330 srm= 10.017 sat= 32.151(set=1.823 slv=30.108 max=0.4549 n=4098) cex=R/T/F=0/0/291 trsplit=0 sim= 0.601(rmp=0.579 run=0.022 n=1 d=0) incr=loc/full/maxdirty/keys=1/0/0/1204020 chk= 0.010(d=291) stat= 0.300 rest= 0.369
  [incr r=59 repr=291 next=48 tfo=133302 active=30291/112775 POs=3990]
 60 : c =   80240  cl =   7144  lit =  105327  p =  3688  d =     0  f =   302  -  T =     0.05 sec
  [prof  60] wall=  50.525 p=  3990 | ifo=  2.170(sd=0.207 nx=0.184 tfo=1.333 cnt=0.446) snap= 0.308 srm=  9.856 sat= 36.964(set=0.849 slv=35.886 max=0.5446 n=3990) cex=R/T/F=0/0/302 trsplit=0 sim= 0.566(rmp=0.545 run=0.021 n=1 d=0) incr=loc/full/maxdirty/keys=1/0/0/1204020 chk= 0.012(d=302) stat= 0.268 rest= 0.381
  [incr r=60 repr=305 next=75 tfo=132168 active=29750/112471 POs=3967]
 61 : c =   80003  cl =   7142  lit =  105037  p =  3677  d =     0  f =   290  -  T =     0.04 sec
  [prof  61] wall=  44.900 p=  3967 | ifo=  2.535(sd=0.534 nx=0.204 tfo=1.360 cnt=0.437) snap= 0.310 srm= 10.065 sat= 30.738(set=0.863 slv=29.666 max=0.3353 n=3967) cex=R/T/F=0/0/290 trsplit=0 sim= 0.571(rmp=0.535 run=0.036 n=1 d=0) incr=loc/full/maxdirty/keys=1/0/0/1204020 chk= 0.012(d=290) stat= 0.268 rest= 0.402
  [incr r=61 repr=290 next=84 tfo=131024 active=29285/112179 POs=3901]
 62 : c =   79783  cl =   7139  lit =  104766  p =  3630  d =     0  f =   271  -  T =     0.04 sec
  [prof  62] wall=  39.260 p=  3901 | ifo=  2.171(sd=0.222 nx=0.168 tfo=1.351 cnt=0.430) snap= 0.308 srm=  9.651 sat= 26.006(set=0.835 slv=24.977 max=0.2326 n=3901) cex=R/T/F=0/0/271 trsplit=0 sim= 0.518(rmp=0.499 run=0.019 n=1 d=0) incr=loc/full/maxdirty/keys=1/0/0/1204020 chk= 0.010(d=271) stat= 0.271 rest= 0.325
  [incr r=62 repr=271 next=82 tfo=129998 active=28823/111905 POs=3933]
 63 : c =   79526  cl =   7138  lit =  104474  p =  3641  d =     0  f =   292  -  T =     0.04 sec
  [prof  63] wall=  41.087 p=  3933 | ifo=  1.938(sd=0.194 nx=0.166 tfo=1.147 cnt=0.431) snap= 0.311 srm=  9.531 sat= 28.089(set=0.833 slv=27.055 max=0.2337 n=3933) cex=R/T/F=0/0/292 trsplit=0 sim= 0.571(rmp=0.548 run=0.022 n=1 d=0) incr=loc/full/maxdirty/keys=1/0/0/1204020 chk= 0.010(d=292) stat= 0.266 rest= 0.370
  [incr r=63 repr=292 next=59 tfo=128881 active=28390/111612 POs=3940]
 64 : c =   79286  cl =   7138  lit =  104198  p =  3664  d =     0  f =   276  -  T =     0.04 sec
  [prof  64] wall=  42.961 p=  3940 | ifo=  2.080(sd=0.258 nx=0.169 tfo=1.233 cnt=0.421) snap= 0.310 srm=  9.496 sat= 29.914(set=0.849 slv=28.861 max=0.2478 n=3940) cex=R/T/F=0/0/276 trsplit=0 sim= 0.534(rmp=0.512 run=0.021 n=1 d=0) incr=loc/full/maxdirty/keys=1/0/0/1204020 chk= 0.009(d=276) stat= 0.280 rest= 0.337
  [incr r=64 repr=276 next=60 tfo=127785 active=27927/111336 POs=3914]
 65 : c =   79056  cl =   7134  lit =  103930  p =  3646  d =     0  f =   268  -  T =     0.04 sec
  [prof  65] wall=  40.829 p=  3914 | ifo=  1.925(sd=0.202 nx=0.169 tfo=1.131 cnt=0.424) snap= 0.311 srm= 11.384 sat= 26.006(set=0.832 slv=24.976 max=0.2019 n=3914) cex=R/T/F=0/0/268 trsplit=0 sim= 0.549(rmp=0.528 run=0.021 n=1 d=0) incr=loc/full/maxdirty/keys=1/0/0/1204020 chk= 0.009(d=268) stat= 0.285 rest= 0.359
  [incr r=65 repr=268 next=62 tfo=126679 active=27544/111064 POs=3859]
 66 : c =   78825  cl =   7131  lit =  103660  p =  3589  d =     0  f =   270  -  T =     0.04 sec
  [prof  66] wall=  41.425 p=  3859 | ifo=  2.028(sd=0.202 nx=0.168 tfo=1.236 cnt=0.422) snap= 0.387 srm= 10.330 sat= 27.322(set=0.931 slv=26.178 max=0.2772 n=3859) cex=R/T/F=0/0/270 trsplit=0 sim= 0.663(rmp=0.637 run=0.025 n=1 d=0) incr=loc/full/maxdirty/keys=1/0/0/1204020 chk= 0.009(d=270) stat= 0.293 rest= 0.392
  [incr r=66 repr=270 next=63 tfo=125439 active=27075/110791 POs=3821]
 67 : c =   78617  cl =   7129  lit =  103416  p =  3577  d =     0  f =   244  -  T =     0.04 sec
  [prof  67] wall=  43.683 p=  3821 | ifo=  3.505(sd=0.252 nx=0.195 tfo=2.090 cnt=0.968) snap= 0.383 srm= 11.856 sat= 26.769(set=0.887 slv=25.688 max=0.2412 n=3821) cex=R/T/F=0/0/244 trsplit=0 sim= 0.524(rmp=0.503 run=0.021 n=1 d=0) incr=loc/full/maxdirty/keys=1/0/0/1204020 chk= 0.008(d=244) stat= 0.270 rest= 0.368
  [incr r=67 repr=244 next=57 tfo=123954 active=26711/110545 POs=3764]
 68 : c =   78426  cl =   7127  lit =  103193  p =  3541  d =     0  f =   223  -  T =     0.04 sec
  [prof  68] wall=  40.351 p=  3764 | ifo=  1.842(sd=0.195 nx=0.157 tfo=1.099 cnt=0.391) snap= 0.310 srm=  9.348 sat= 27.736(set=0.811 slv=26.718 max=0.4681 n=3764) cex=R/T/F=0/0/223 trsplit=0 sim= 0.509(rmp=0.488 run=0.021 n=1 d=0) incr=loc/full/maxdirty/keys=1/0/0/1204020 chk= 0.007(d=223) stat= 0.271 rest= 0.327
  [incr r=68 repr=223 next=53 tfo=122526 active=26281/110320 POs=3718]
 69 : c =   78242  cl =   7124  lit =  102979  p =  3504  d =     0  f =   214  -  T =     0.04 sec
  [prof  69] wall=  38.551 p=  3718 | ifo=  1.779(sd=0.196 nx=0.156 tfo=1.036 cnt=0.390) snap= 0.310 srm=  9.146 sat= 26.213(set=0.799 slv=25.216 max=0.3371 n=3718) cex=R/T/F=0/0/214 trsplit=0 sim= 0.496(rmp=0.476 run=0.019 n=1 d=0) incr=loc/full/maxdirty/keys=1/0/0/1204020 chk= 0.008(d=214) stat= 0.275 rest= 0.324
  [incr r=69 repr=214 next=46 tfo=121544 active=25972/110103 POs=3639]
 70 : c =   78084  cl =   7121  lit =  102799  p =  3459  d =     0  f =   180  -  T =     0.04 sec
  [prof  70] wall=  38.746 p=  3639 | ifo=  1.989(sd=0.210 nx=0.181 tfo=1.141 cnt=0.457) snap= 0.310 srm=  9.301 sat= 25.602(set=0.811 slv=24.588 max=0.5783 n=3639) cex=R/T/F=0/0/180 trsplit=0 sim= 0.732(rmp=0.705 run=0.026 n=1 d=0) incr=loc/full/maxdirty/keys=1/0/0/1204020 chk= 0.008(d=180) stat= 0.311 rest= 0.493
  [incr r=70 repr=190 next=33 tfo=95978 active=21908/109920 POs=2792]
 71 : c =   77936  cl =   7116  lit =  102629  p =  2622  d =     0  f =   170  -  T =     0.03 sec
  [prof  71] wall=  32.146 p=  2792 | ifo=  2.171(sd=0.278 nx=0.232 tfo=1.147 cnt=0.514) snap= 0.309 srm=  9.686 sat= 18.834(set=0.714 slv=17.879 max=0.3523 n=2792) cex=R/T/F=0/0/170 trsplit=0 sim= 0.532(rmp=0.511 run=0.020 n=1 d=0) incr=loc/full/maxdirty/keys=1/0/0/1204020 chk= 0.006(d=170) stat= 0.278 rest= 0.331
  [incr r=71 repr=170 next=31 tfo=94504 active=21569/109745 POs=2752]
 72 : c =   77792  cl =   7113  lit =  102474  p =  2597  d =     0  f =   155  -  T =     0.03 sec
  [prof  72] wall=  31.953 p=  2752 | ifo=  1.612(sd=0.199 nx=0.162 tfo=0.833 cnt=0.417) snap= 0.317 srm=  8.589 sat= 20.064(set=0.702 slv=19.217 max=0.2975 n=2752) cex=R/T/F=0/0/155 trsplit=0 sim= 0.513(rmp=0.494 run=0.019 n=1 d=0) incr=loc/full/maxdirty/keys=1/0/0/1204020 chk= 0.007(d=155) stat= 0.269 rest= 0.582
  [incr r=72 repr=155 next=14 tfo=93172 active=21248/109587 POs=2699]
 73 : c =   77648  cl =   7111  lit =  102322  p =  2547  d =     0  f =   152  -  T =     0.03 sec
  [prof  73] wall=  31.091 p=  2699 | ifo=  1.779(sd=0.200 nx=0.162 tfo=0.955 cnt=0.461) snap= 0.336 srm=  8.349 sat= 19.214(set=0.716 slv=18.361 max=0.3336 n=2699) cex=R/T/F=0/0/152 trsplit=0 sim= 0.744(rmp=0.718 run=0.026 n=1 d=0) incr=loc/full/maxdirty/keys=1/0/0/1204020 chk= 0.005(d=152) stat= 0.293 rest= 0.371
  [incr r=73 repr=152 next=10 tfo=91685 active=20982/109433 POs=2676]
 74 : c =   77515  cl =   7107  lit =  102176  p =  2530  d =     0  f =   146  -  T =     0.03 sec
  [prof  74] wall=  30.003 p=  2676 | ifo=  1.910(sd=0.242 nx=0.204 tfo=1.006 cnt=0.458) snap= 0.330 srm=  8.255 sat= 18.289(set=0.693 slv=17.456 max=0.7725 n=2676) cex=R/T/F=0/0/146 trsplit=0 sim= 0.525(rmp=0.505 run=0.020 n=1 d=0) incr=loc/full/maxdirty/keys=1/0/0/1204020 chk= 0.005(d=146) stat= 0.331 rest= 0.359
  [incr r=74 repr=146 next=17 tfo=89755 active=20631/109283 POs=2624]
 75 : c =   77409  cl =   7105  lit =  102059  p =  2506  d =     0  f =   118  -  T =     0.03 sec
  [prof  75] wall=  27.741 p=  2624 | ifo=  1.730(sd=0.230 nx=0.183 tfo=0.839 cnt=0.478) snap= 0.382 srm=  8.740 sat= 15.555(set=0.775 slv=14.646 max=0.2098 n=2624) cex=R/T/F=0/0/118 trsplit=0 sim= 0.673(rmp=0.640 run=0.032 n=1 d=0) incr=loc/full/maxdirty/keys=1/0/0/1204020 chk= 0.005(d=117) stat= 0.290 rest= 0.367
  [incr r=75 repr=117 next=17 tfo=87764 active=20334/109164 POs=2578]
 76 : c =   77321  cl =   7104  lit =  101959  p =  2478  d =     0  f =   100  -  T =     0.03 sec
  [prof  76] wall=  25.508 p=  2578 | ifo=  1.824(sd=0.243 nx=0.206 tfo=0.960 cnt=0.415) snap= 0.309 srm=  8.082 sat= 14.178(set=0.685 slv=13.367 max=0.2071 n=2578) cex=R/T/F=0/0/100 trsplit=0 sim= 0.515(rmp=0.494 run=0.021 n=1 d=0) incr=loc/full/maxdirty/keys=1/0/0/1204020 chk= 0.004(d=100) stat= 0.263 rest= 0.332
  [incr r=76 repr=100 next=16 tfo=45700 active=4035/109063 POs=544]
 77 : c =   77241  cl =   7103  lit =  101871  p =   456  d =     0  f =    88  -  T =     0.02 sec
  [prof  77] wall=  18.053 p=   544 | ifo=  1.162(sd=0.196 nx=0.157 tfo=0.407 cnt=0.403) snap= 0.327 srm=  6.902 sat=  8.544(set=0.542 slv=7.972 max=0.2290 n=544) cex=R/T/F=0/0/88 trsplit=0 sim= 0.509(rmp=0.493 run=0.016 n=1 d=0) incr=loc/full/maxdirty/keys=1/0/0/1204020 chk= 0.003(d=88) stat= 0.259 rest= 0.346
  [incr r=77 repr=89 next=9 tfo=43690 active=3856/108974 POs=517]
 78 : c =   77167  cl =   7102  lit =  101796  p =   442  d =     0  f =    75  -  T =     0.02 sec
  [prof  78] wall=  17.216 p=   517 | ifo=  1.177(sd=0.203 nx=0.164 tfo=0.391 cnt=0.420) snap= 0.313 srm=  6.311 sat=  8.273(set=0.472 slv=7.769 max=0.4735 n=517) cex=R/T/F=0/0/75 trsplit=0 sim= 0.535(rmp=0.518 run=0.017 n=1 d=0) incr=loc/full/maxdirty/keys=1/0/0/1204020 chk= 0.001(d=75) stat= 0.265 rest= 0.340
  [incr r=78 repr=75 next=1 tfo=41405 active=3556/108898 POs=481]
 79 : c =   77101  cl =   7102  lit =  101730  p =   415  d =     0  f =    66  -  T =     0.02 sec
  [prof  79] wall=  15.439 p=   481 | ifo=  1.131(sd=0.195 nx=0.159 tfo=0.363 cnt=0.413) snap= 0.309 srm=  6.197 sat=  6.465(set=0.465 slv=5.971 max=0.2124 n=481) cex=R/T/F=0/0/66 trsplit=0 sim= 0.636(rmp=0.609 run=0.027 n=1 d=0) incr=loc/full/maxdirty/keys=1/0/0/1204020 chk= 0.001(d=66) stat= 0.303 rest= 0.396
  [incr r=79 repr=66 next=0 tfo=40453 active=3432/108832 POs=471]
 80 : c =   77043  cl =   7102  lit =  101672  p =   413  d =     0  f =    58  -  T =     0.02 sec
  [prof  80] wall=  15.641 p=   471 | ifo=  1.267(sd=0.269 nx=0.176 tfo=0.384 cnt=0.438) snap= 0.348 srm=  6.620 sat=  6.055(set=0.497 slv=5.529 max=0.2356 n=471) cex=R/T/F=0/0/58 trsplit=0 sim= 0.655(rmp=0.633 run=0.021 n=1 d=0) incr=loc/full/maxdirty/keys=1/0/0/1204020 chk= 0.001(d=58) stat= 0.287 rest= 0.406
  [incr r=80 repr=58 next=0 tfo=38814 active=3169/108774 POs=458]
 81 : c =   76986  cl =   7102  lit =  101615  p =   401  d =     0  f =    57  -  T =     0.01 sec
  [prof  81] wall=  14.723 p=   458 | ifo=  1.301(sd=0.234 nx=0.188 tfo=0.443 cnt=0.437) snap= 0.311 srm=  6.458 sat=  5.569(set=0.472 slv=5.073 max=0.2159 n=458) cex=R/T/F=0/0/57 trsplit=0 sim= 0.491(rmp=0.474 run=0.017 n=1 d=0) incr=loc/full/maxdirty/keys=1/0/0/1204020 chk= 0.001(d=57) stat= 0.263 rest= 0.329
  [incr r=81 repr=57 next=0 tfo=38205 active=3055/108717 POs=464]
 82 : c =   76919  cl =   7101  lit =  101547  p =   396  d =     0  f =    68  -  T =     0.02 sec
  [prof  82] wall=  19.090 p=   464 | ifo=  1.030(sd=0.187 nx=0.151 tfo=0.306 cnt=0.386) snap= 0.690 srm=  8.099 sat=  8.056(set=0.636 slv=7.384 max=0.4060 n=464) cex=R/T/F=0/0/68 trsplit=0 sim= 0.601(rmp=0.582 run=0.018 n=1 d=0) incr=loc/full/maxdirty/keys=1/0/0/1204020 chk= 0.001(d=68) stat= 0.273 rest= 0.341
  [incr r=82 repr=68 next=1 tfo=36850 active=2890/108648 POs=445]
 83 : c =   76863  cl =   7101  lit =  101491  p =   389  d =     0  f =    56  -  T =     0.02 sec
  [prof  83] wall=  15.325 p=   445 | ifo=  1.070(sd=0.201 nx=0.158 tfo=0.317 cnt=0.394) snap= 0.319 srm=  5.956 sat=  6.867(set=0.448 slv=6.395 max=0.1914 n=445) cex=R/T/F=0/0/56 trsplit=0 sim= 0.503(rmp=0.484 run=0.019 n=1 d=0) incr=loc/full/maxdirty/keys=1/0/0/1204020 chk= 0.001(d=56) stat= 0.281 rest= 0.329
  [incr r=83 repr=56 next=0 tfo=35284 active=2708/108592 POs=423]
 84 : c =   76817  cl =   7101  lit =  101445  p =   377  d =     0  f =    46  -  T =     0.01 sec
  [prof  84] wall=  14.388 p=   423 | ifo=  1.088(sd=0.198 nx=0.165 tfo=0.332 cnt=0.394) snap= 0.315 srm=  5.709 sat=  6.110(set=0.418 slv=5.666 max=0.2342 n=423) cex=R/T/F=0/0/46 trsplit=0 sim= 0.501(rmp=0.484 run=0.017 n=1 d=0) incr=loc/full/maxdirty/keys=1/0/0/1204020 chk= 0.001(d=46) stat= 0.278 rest= 0.386
  [incr r=84 repr=46 next=0 tfo=32095 active=2379/108546 POs=383]
 85 : c =   76775  cl =   7101  lit =  101403  p =   341  d =     0  f =    42  -  T =     0.01 sec
  [prof  85] wall=  14.419 p=   383 | ifo=  1.036(sd=0.198 nx=0.157 tfo=0.281 cnt=0.400) snap= 0.347 srm=  5.923 sat=  5.981(set=0.421 slv=5.538 max=0.2059 n=383) cex=R/T/F=0/0/42 trsplit=0 sim= 0.522(rmp=0.505 run=0.017 n=1 d=0) incr=loc/full/maxdirty/keys=1/0/0/1204020 chk= 0.001(d=42) stat= 0.276 rest= 0.332
  [incr r=85 repr=42 next=0 tfo=29165 active=1636/108504 POs=345]
 86 : c =   76739  cl =   7101  lit =  101367  p =   309  d =     0  f =    36  -  T =     0.01 sec
  [prof  86] wall=  12.916 p=   345 | ifo=  1.056(sd=0.196 nx=0.157 tfo=0.244 cnt=0.459) snap= 0.313 srm=  5.747 sat=  4.707(set=0.419 slv=4.269 max=0.2075 n=345) cex=R/T/F=0/0/36 trsplit=0 sim= 0.498(rmp=0.481 run=0.017 n=1 d=0) incr=loc/full/maxdirty/keys=1/0/0/1204020 chk= 0.001(d=36) stat= 0.261 rest= 0.333
  [incr r=86 repr=36 next=0 tfo=21713 active=1340/108468 POs=282]
 87 : c =   76711  cl =   7101  lit =  101339  p =   254  d =     0  f =    28  -  T =     0.01 sec
  [prof  87] wall=  11.791 p=   282 | ifo=  0.958(sd=0.195 nx=0.156 tfo=0.178 cnt=0.429) snap= 0.310 srm=  5.571 sat=  3.830(set=0.356 slv=3.458 max=0.2187 n=282) cex=R/T/F=0/0/28 trsplit=0 sim= 0.511(rmp=0.493 run=0.017 n=1 d=0) incr=loc/full/maxdirty/keys=1/0/0/1204020 chk= 0.001(d=28) stat= 0.278 rest= 0.332
  [incr r=87 repr=28 next=0 tfo=20168 active=1101/108440 POs=158]
 88 : c =   76683  cl =   7101  lit =  101311  p =   130  d =     0  f =    28  -  T =     0.01 sec
  [prof  88] wall=  10.655 p=   158 | ifo=  0.935(sd=0.197 nx=0.157 tfo=0.168 cnt=0.414) snap= 0.318 srm=  4.516 sat=  3.811(set=0.288 slv=3.513 max=0.2180 n=158) cex=R/T/F=0/0/28 trsplit=0 sim= 0.476(rmp=0.463 run=0.013 n=1 d=0) incr=loc/full/maxdirty/keys=1/0/0/1204020 chk= 0.001(d=28) stat= 0.263 rest= 0.336
  [incr r=88 repr=28 next=0 tfo=19215 active=988/108412 POs=149]
 89 : c =   76656  cl =   7101  lit =  101284  p =   122  d =     0  f =    27  -  T =     0.01 sec
  [prof  89] wall=  10.746 p=   149 | ifo=  0.907(sd=0.194 nx=0.155 tfo=0.153 cnt=0.405) snap= 0.321 srm=  4.587 sat=  3.811(set=0.290 slv=3.510 max=0.2368 n=149) cex=R/T/F=0/0/27 trsplit=0 sim= 0.501(rmp=0.485 run=0.016 n=1 d=0) incr=loc/full/maxdirty/keys=1/0/0/1204020 chk= 0.001(d=27) stat= 0.282 rest= 0.335
  [incr r=89 repr=27 next=0 tfo=18626 active=920/108385 POs=137]
 90 : c =   76635  cl =   7101  lit =  101263  p =   116  d =     0  f =    21  -  T =     0.01 sec
  [prof  90] wall=   9.616 p=   137 | ifo=  0.906(sd=0.195 nx=0.157 tfo=0.150 cnt=0.404) snap= 0.310 srm=  4.514 sat=  2.799(set=0.275 slv=2.515 max=0.1819 n=137) cex=R/T/F=0/0/21 trsplit=0 sim= 0.494(rmp=0.479 run=0.014 n=1 d=0) incr=loc/full/maxdirty/keys=1/0/0/1204020 chk= 0.000(d=21) stat= 0.267 rest= 0.327
  [incr r=90 repr=21 next=0 tfo=17571 active=826/108364 POs=122]
 91 : c =   76617  cl =   7101  lit =  101245  p =   104  d =     0  f =    18  -  T =     0.01 sec
  [prof  91] wall=   9.952 p=   122 | ifo=  0.897(sd=0.194 nx=0.155 tfo=0.139 cnt=0.409) snap= 0.318 srm=  3.994 sat=  3.619(set=0.807 slv=2.803 max=0.3082 n=122) cex=R/T/F=0/0/18 trsplit=0 sim= 0.513(rmp=0.496 run=0.016 n=1 d=0) incr=loc/full/maxdirty/keys=1/0/0/1204020 chk= 0.000(d=18) stat= 0.270 rest= 0.340
  [incr r=91 repr=18 next=0 tfo=16915 active=766/108346 POs=112]
 92 : c =   76601  cl =   7101  lit =  101229  p =    96  d =     0  f =    16  -  T =     0.01 sec
  [prof  92] wall=   8.736 p=   112 | ifo=  0.898(sd=0.192 nx=0.158 tfo=0.142 cnt=0.407) snap= 0.307 srm=  4.045 sat=  2.407(set=0.220 slv=2.180 max=0.1896 n=112) cex=R/T/F=0/0/16 trsplit=0 sim= 0.505(rmp=0.492 run=0.012 n=1 d=0) incr=loc/full/maxdirty/keys=1/0/0/1204020 chk= 0.000(d=16) stat= 0.252 rest= 0.322
  [incr r=92 repr=16 next=0 tfo=15538 active=682/108330 POs=100]
 93 : c =   76588  cl =   7101  lit =  101216  p =    87  d =     0  f =    13  -  T =     0.01 sec
  [prof  93] wall=   8.439 p=   100 | ifo=  0.859(sd=0.190 nx=0.159 tfo=0.122 cnt=0.388) snap= 0.322 srm=  3.976 sat=  2.184(set=0.247 slv=1.931 max=0.2249 n=100) cex=R/T/F=0/0/13 trsplit=0 sim= 0.506(rmp=0.490 run=0.016 n=1 d=0) incr=loc/full/maxdirty/keys=1/0/0/1204020 chk= 0.001(d=13) stat= 0.261 rest= 0.330
  [incr r=93 repr=13 next=0 tfo=8981 active=417/108317 POs=68]
 94 : c =   76576  cl =   7101  lit =  101204  p =    56  d =     0  f =    12  -  T =     0.01 sec
  [prof  94] wall=   7.439 p=    68 | ifo=  0.810(sd=0.188 nx=0.150 tfo=0.084 cnt=0.389) snap= 0.321 srm=  3.400 sat=  1.822(set=0.152 slv=1.665 max=0.2298 n=68) cex=R/T/F=0/0/12 trsplit=0 sim= 0.484(rmp=0.468 run=0.016 n=1 d=0) incr=loc/full/maxdirty/keys=1/0/0/1204020 chk= 0.000(d=12) stat= 0.272 rest= 0.330
  [incr r=94 repr=12 next=0 tfo=8546 active=355/108305 POs=58]
 95 : c =   76570  cl =   7101  lit =  101198  p =    52  d =     0  f =     6  -  T =     0.01 sec
  [prof  95] wall=   6.405 p=    58 | ifo=  0.835(sd=0.203 nx=0.155 tfo=0.071 cnt=0.406) snap= 0.321 srm=  3.171 sat=  0.992(set=0.122 slv=0.866 max=0.2142 n=58) cex=R/T/F=0/0/6 trsplit=0 sim= 0.492(rmp=0.478 run=0.013 n=1 d=0) incr=loc/full/maxdirty/keys=1/0/0/1204020 chk= 0.000(d=6) stat= 0.264 rest= 0.331
  [incr r=95 repr=6 next=0 tfo=8204 active=348/108299 POs=58]
 96 : c =   76564  cl =   7101  lit =  101192  p =    52  d =     0  f =     6  -  T =     0.01 sec
  [prof  96] wall=   6.348 p=    58 | ifo=  0.817(sd=0.195 nx=0.156 tfo=0.067 cnt=0.398) snap= 0.318 srm=  3.121 sat=  1.034(set=0.121 slv=0.908 max=0.1995 n=58) cex=R/T/F=0/0/6 trsplit=0 sim= 0.478(rmp=0.462 run=0.015 n=1 d=0) incr=loc/full/maxdirty/keys=1/0/0/1204020 chk= 0.000(d=6) stat= 0.262 rest= 0.318
  [incr r=96 repr=6 next=0 tfo=7773 active=315/108293 POs=53]
 97 : c =   76559  cl =   7101  lit =  101187  p =    48  d =     0  f =     5  -  T =     0.01 sec
  [prof  97] wall=   6.314 p=    53 | ifo=  0.814(sd=0.189 nx=0.150 tfo=0.062 cnt=0.414) snap= 0.327 srm=  3.069 sat=  0.958(set=0.123 slv=0.831 max=0.2207 n=53) cex=R/T/F=0/0/5 trsplit=0 sim= 0.512(rmp=0.498 run=0.014 n=1 d=0) incr=loc/full/maxdirty/keys=1/0/0/1204020 chk= 0.000(d=5) stat= 0.272 rest= 0.362
  [incr r=97 repr=5 next=0 tfo=7622 active=288/108288 POs=48]
 98 : c =   76557  cl =   7101  lit =  101185  p =    46  d =     0  f =     2  -  T =     0.01 sec
  [prof  98] wall=   5.917 p=    48 | ifo=  0.822(sd=0.199 nx=0.158 tfo=0.063 cnt=0.401) snap= 0.337 srm=  3.105 sat=  0.554(set=0.130 slv=0.420 max=0.1804 n=48) cex=R/T/F=0/0/2 trsplit=0 sim= 0.497(rmp=0.484 run=0.012 n=1 d=0) incr=loc/full/maxdirty/keys=1/0/0/1204020 chk= 0.000(d=2) stat= 0.273 rest= 0.330
  [incr r=98 repr=2 next=0 tfo=716 active=19/108286 POs=4]
 99 : c =   76555  cl =   7101  lit =  101183  p =     2  d =     0  f =     2  -  T =     0.00 sec
  [prof  99] wall=   4.857 p=     4 | ifo=  0.766(sd=0.195 nx=0.156 tfo=0.018 cnt=0.397) snap= 0.320 srm=  2.394 sat=  0.282(set=0.037 slv=0.243 max=0.1733 n=4) cex=R/T/F=0/0/2 trsplit=0 sim= 0.485(rmp=0.472 run=0.013 n=1 d=0) incr=loc/full/maxdirty/keys=1/0/0/1204020 chk= 0.000(d=2) stat= 0.279 rest= 0.330
  [incr r=99 repr=2 next=0 tfo=714 active=17/108284 POs=4]
100 : c =   76553  cl =   7101  lit =  101181  p =     2  d =     0  f =     2  -  T =     0.00 sec
  [prof 100] wall=   5.077 p=     4 | ifo=  0.763(sd=0.195 nx=0.155 tfo=0.014 cnt=0.398) snap= 0.367 srm=  2.380 sat=  0.338(set=0.059 slv=0.278 max=0.2062 n=4) cex=R/T/F=0/0/2 trsplit=0 sim= 0.585(rmp=0.565 run=0.020 n=1 d=0) incr=loc/full/maxdirty/keys=1/0/0/1204020 chk= 0.000(d=2) stat= 0.268 rest= 0.376
  [incr r=100 repr=2 next=0 tfo=564 active=4/108282 POs=2]
101 : c =   76551  cl =   7101  lit =  101179  p =     0  d =     0  f =     2  -  T =     0.00 sec
  [prof 101] wall=   5.106 p=     2 | ifo=  0.814(sd=0.213 nx=0.169 tfo=0.014 cnt=0.418) snap= 0.354 srm=  2.389 sat=  0.304(set=0.037 slv=0.266 max=0.1946 n=2) cex=R/T/F=0/0/2 trsplit=0 sim= 0.578(rmp=0.558 run=0.020 n=1 d=0) incr=loc/full/maxdirty/keys=1/0/0/1204020 chk= 0.000(d=2) stat= 0.315 rest= 0.352
  [incr r=101 repr=2 next=0 tfo=562 active=2/108280 POs=0]
102 : c =   76551  cl =   7101  lit =  101179  p =     0  d =     0  f =     0  -  T =     0.00 sec
  [prof ALL] wall=10191.225 p=871406 | ifo=283.197(sd=22.258 nx=17.723 tfo=195.287 cnt=47.929) snap=35.177 srm=1182.716 sat=8514.837(set=100.535 slv=8368.037 max=1.9978 n=871406) cex=R/T/F=0/0/85676 trsplit=0 sim=100.391(rmp=56.087 run=44.270 n=101 d=0) incr=loc/full/maxdirty/keys=100/1/0/1204020 chk= 3.251(d=85137) stat=31.483 rest=40.173
Srm   =     1.50 sec (  4.84 %)
Sat   =     8.52 sec ( 27.41 %)
Sim   =     0.11 sec (  0.37 %)
Other =    20.94 sec ( 67.38 %)
Incr  =     0.28 sec (  0.91 %)
Incr: fallback rounds = 10, skipped candidate pairs = 7487148
TOTAL =    31.07 sec
NBeg = 400072. NEnd = 283645. (Gain =  29.10 %).  RBeg = 262. REnd = 261. (Gain =   0.38 %).
Flop output names are not available. Use command "&get -n".
[1;37m/home/zxr_wsl/benchmarks/incre_spec//Problem11_label08[0m : i/o =    742/      1  ff =    261  [1;36mand =  283645[0m  [1;35mlev = 2025[0m [1;35m(7.75)[0m  mem = 3.27 MB
