### benchmark: /home/zxr_wsl/benchmarks/incre_spec//Problem05_label47+token_ring.13.cil-2.aig
### opts:      &scorr -v -w -i -I
### timeout:   1800s
### date:      Tue Jun  9 14:14:08 CST 2026

======== ABC command line "&r /home/zxr_wsl/benchmarks/incre_spec//Problem05_label47+token_ring.13.cil-2.aig; &ps; &scorr -v -w -i -I; &ps"
Converted 0 1-valued FFs and 2627 DC-valued FFs.
Warning: The number of inputs does not match the number of input names.
[1;37m/home/zxr_wsl/benchmarks/incre_spec//Problem05_label47+token_ring.13.cil-2[0m : i/o =  28006/      1  ff =   2630  [1;36mand =  324370[0m  [1;35mlev = 1778[0m [1;35m(0.68)[0m  mem = 4.22 MB
cst =  327000  cls =      0  lit =  327000  unused =   28006  proof =     0
cst =  204243  cls =   4477  lit =  248369  unused =  102160  proof =     0
cst =  204179  cls =   4646  lit =  244901  unused =  105459  proof =     0
cst =  204152  cls =   4681  lit =  242427  unused =  107898  proof =     0
cst =  204132  cls =   4684  lit =  240399  unused =  109923  proof =     0
cst =  204105  cls =   4634  lit =  239336  unused =  111036  proof =     0
cst =  204087  cls =   4570  lit =  238585  unused =  111851  proof =     0
cst =  204076  cls =   4538  lit =  238053  unused =  112415  proof =     0
cst =  204068  cls =   4534  lit =  237588  unused =  112884  proof =     0
cst =  204066  cls =   4529  lit =  237231  unused =  113246  proof =     0
Obj =  357638. And =  324370. Conf =   100. Fr = 1. Lcorr = 0. Ring = 1. CSat = 1.
  0 : c =  204066  cl =   4529  lit =  237231  p =     0  d =     0  f =     0  +  T =     0.19 sec
BMC : c =  204001  cl =   4029  lit =  236018  p =     0  d = 27934  f =     0  +  T =     0.10 sec
  [bmc-prof   0] wall=  97.557 p= 27934 | ifo=  0.000(sd=0.000 nx=0.000 tfo=0.000 cnt=0.000) snap= 0.281 srm= 19.819 sat= 60.171(set=0.984 slv=55.460 max=0.1641 n=27934) cex=R/T/F=27934/0/0 trsplit=0 sim=16.456(rmp=0.492 run=15.963 n=1 d=1213) incr=loc/full/maxdirty/keys=0/0/0/0 chk= 0.048(d=0) stat= 0.163 rest= 0.620
BMC : c =  203930  cl =   3941  lit =  235097  p =    11  d = 26883  f =     0  +  T =     0.11 sec
  [bmc-prof   1] wall= 107.817 p= 26894 | ifo=  3.460(sd=0.236 nx=0.000 tfo=2.779 cnt=0.446) snap= 0.297 srm= 16.020 sat= 69.149(set=0.957 slv=64.651 max=0.2112 n=26894) cex=R/T/F=26883/0/0 trsplit=0 sim=17.906(rmp=0.533 run=17.373 n=1 d=921) incr=loc/full/maxdirty/keys=0/0/0/0 chk= 0.045(d=0) stat= 0.173 rest= 0.766
BMC : c =  203866  cl =   3948  lit =  233978  p =    32  d = 26099  f =     0  +  T =     0.12 sec
  [bmc-prof   2] wall= 121.271 p= 26131 | ifo=  3.008(sd=0.224 nx=0.000 tfo=2.342 cnt=0.442) snap= 0.297 srm= 15.974 sat= 79.553(set=0.935 slv=75.441 max=0.0492 n=26131) cex=R/T/F=26099/0/0 trsplit=0 sim=21.263(rmp=0.509 run=20.754 n=1 d=1119) incr=loc/full/maxdirty/keys=0/0/0/0 chk= 0.078(d=0) stat= 0.270 rest= 0.827
BMC : c =  203793  cl =   3899  lit =  232605  p =    44  d = 25132  f =     0  +  T =     0.12 sec
  [bmc-prof   3] wall= 121.208 p= 25176 | ifo=  3.033(sd=0.221 nx=0.000 tfo=2.366 cnt=0.445) snap= 0.693 srm= 16.940 sat= 81.424(set=0.918 slv=77.512 max=0.1808 n=25176) cex=R/T/F=25132/0/0 trsplit=0 sim=18.047(rmp=0.512 run=17.534 n=1 d=1373) incr=loc/full/maxdirty/keys=0/0/0/0 chk= 0.051(d=0) stat= 0.164 rest= 0.857
BMC : c =  203755  cl =   3847  lit =  231240  p =    43  d = 23996  f =     0  +  T =     0.13 sec
  [bmc-prof   4] wall= 133.718 p= 24039 | ifo=  3.286(sd=0.226 nx=0.000 tfo=2.617 cnt=0.443) snap= 0.287 srm= 15.770 sat= 91.929(set=0.887 slv=88.087 max=0.1718 n=24039) cex=R/T/F=23996/0/0 trsplit=0 sim=21.329(rmp=0.493 run=20.835 n=1 d=1365) incr=loc/full/maxdirty/keys=0/0/0/0 chk= 0.052(d=0) stat= 0.171 rest= 0.894
BMC : c =  203690  cl =   3723  lit =  229692  p =    47  d = 22721  f =     0  +  T =     0.13 sec
  [bmc-prof   5] wall= 132.016 p= 22768 | ifo=  3.536(sd=0.233 nx=0.000 tfo=2.561 cnt=0.742) snap= 0.293 srm= 15.731 sat= 93.444(set=0.877 slv=89.659 max=0.0699 n=22768) cex=R/T/F=22721/0/0 trsplit=0 sim=17.989(rmp=0.480 run=17.508 n=1 d=1548) incr=loc/full/maxdirty/keys=0/0/0/0 chk= 0.050(d=0) stat= 0.173 rest= 0.801
BMC : c =  203647  cl =   3716  lit =  228210  p =    47  d = 21478  f =     5  +  T =     0.05 sec
  [bmc-prof   6] wall=  53.810 p= 21530 | ifo=  3.655(sd=0.228 nx=0.000 tfo=2.979 cnt=0.447) snap= 0.287 srm= 15.208 sat= 17.353(set=0.874 slv=14.970 max=0.0522 n=21530) cex=R/T/F=21478/0/5 trsplit=0 sim=16.573(rmp=0.537 run=16.036 n=1 d=1477) incr=loc/full/maxdirty/keys=0/0/0/0 chk= 0.053(d=5) stat= 0.164 rest= 0.515
BMC : c =  203603  cl =   3702  lit =  226799  p =    57  d = 20082  f =     5  +  T =     0.06 sec
  [bmc-prof   7] wall=  60.571 p= 20144 | ifo=  3.293(sd=0.225 nx=0.000 tfo=2.624 cnt=0.444) snap= 0.301 srm= 20.447 sat= 19.352(set=0.856 slv=16.913 max=0.1194 n=20144) cex=R/T/F=20082/0/5 trsplit=0 sim=16.455(rmp=0.556 run=15.898 n=1 d=1406) incr=loc/full/maxdirty/keys=0/0/0/0 chk= 0.051(d=5) stat= 0.173 rest= 0.500
BMC : c =  203557  cl =   3623  lit =  225317  p =    52  d = 18850  f =     6  +  T =     0.06 sec
  [bmc-prof   8] wall=  62.260 p= 18908 | ifo=  3.715(sd=0.235 nx=0.000 tfo=3.022 cnt=0.458) snap= 0.600 srm= 17.361 sat= 20.569(set=1.273 slv=17.755 max=0.0500 n=18908) cex=R/T/F=18850/0/6 trsplit=0 sim=19.208(rmp=0.549 run=18.658 n=1 d=1476) incr=loc/full/maxdirty/keys=0/0/0/0 chk= 0.050(d=6) stat= 0.173 rest= 0.586
BMC : c =  203503  cl =   3587  lit =  223893  p =    50  d = 17462  f =     4  +  T =     0.06 sec
  [bmc-prof   9] wall=  55.693 p= 17516 | ifo=  3.362(sd=0.257 nx=0.000 tfo=2.634 cnt=0.470) snap= 0.290 srm= 16.092 sat= 18.879(set=0.816 slv=16.693 max=0.0497 n=17516) cex=R/T/F=17462/0/4 trsplit=0 sim=16.357(rmp=0.558 run=15.798 n=1 d=1420) incr=loc/full/maxdirty/keys=0/0/0/0 chk= 0.043(d=4) stat= 0.162 rest= 0.508
BMC : c =  203390  cl =   3513  lit =  222457  p =    46  d = 16166  f =     5  +  T =     0.05 sec
  [bmc-prof  10] wall=  53.534 p= 16217 | ifo=  3.343(sd=0.224 nx=0.000 tfo=2.666 cnt=0.454) snap= 0.300 srm= 14.228 sat= 18.285(set=0.780 slv=16.194 max=0.0460 n=16217) cex=R/T/F=16166/0/5 trsplit=0 sim=16.685(rmp=0.550 run=16.135 n=1 d=1431) incr=loc/full/maxdirty/keys=0/0/0/0 chk= 0.043(d=5) stat= 0.166 rest= 0.483
BMC : c =  203283  cl =   3452  lit =  221100  p =    36  d = 14961  f =     7  +  T =     0.10 sec
  [bmc-prof  11] wall= 101.307 p= 15004 | ifo=  3.261(sd=0.227 nx=0.000 tfo=2.592 cnt=0.443) snap= 0.368 srm= 14.205 sat= 65.672(set=0.822 slv=62.891 max=0.1691 n=15004) cex=R/T/F=14961/0/7 trsplit=0 sim=16.866(rmp=0.526 run=16.339 n=1 d=1350) incr=loc/full/maxdirty/keys=0/0/0/0 chk= 0.066(d=7) stat= 0.166 rest= 0.703
BMC : c =  203088  cl =   3420  lit =  219726  p =    38  d = 13799  f =     3  +  T =     0.10 sec
  [bmc-prof  12] wall= 100.736 p= 13840 | ifo=  4.229(sd=0.212 nx=0.000 tfo=3.568 cnt=0.450) snap= 0.294 srm= 14.011 sat= 64.911(set=0.746 slv=62.343 max=0.0797 n=13840) cex=R/T/F=13799/0/3 trsplit=0 sim=16.445(rmp=0.499 run=15.945 n=1 d=1371) incr=loc/full/maxdirty/keys=0/0/0/0 chk= 0.038(d=3) stat= 0.166 rest= 0.642
BMC : c =  202881  cl =   3380  lit =  218320  p =    53  d = 12840  f =     4  +  T =     0.05 sec
  [bmc-prof  13] wall=  54.375 p= 12897 | ifo=  3.496(sd=0.265 nx=0.000 tfo=2.785 cnt=0.447) snap= 0.287 srm= 13.743 sat= 17.728(set=0.746 slv=15.986 max=0.1846 n=12897) cex=R/T/F=12840/0/4 trsplit=0 sim=18.410(rmp=0.548 run=17.861 n=1 d=1403) incr=loc/full/maxdirty/keys=0/0/0/0 chk= 0.036(d=3) stat= 0.182 rest= 0.493
BMC : c =  202616  cl =   3309  lit =  217028  p =    26  d = 11812  f =     2  +  T =     0.05 sec
  [bmc-prof  14] wall=  50.651 p= 11840 | ifo=  3.598(sd=0.221 nx=0.000 tfo=2.912 cnt=0.465) snap= 0.286 srm= 13.471 sat= 16.600(set=0.735 slv=14.954 max=0.0440 n=11840) cex=R/T/F=11812/0/2 trsplit=0 sim=15.990(rmp=0.567 run=15.422 n=1 d=1290) incr=loc/full/maxdirty/keys=0/0/0/0 chk= 0.032(d=2) stat= 0.163 rest= 0.511
BMC : c =  202449  cl =   3261  lit =  215909  p =    22  d = 10855  f =     3  +  T =     0.05 sec
  [bmc-prof  15] wall=  52.269 p= 10880 | ifo=  3.020(sd=0.220 nx=0.000 tfo=2.362 cnt=0.438) snap= 0.331 srm= 15.654 sat= 16.536(set=0.732 slv=14.910 max=0.0570 n=10880) cex=R/T/F=10855/0/3 trsplit=0 sim=15.806(rmp=0.550 run=15.255 n=1 d=1116) incr=loc/full/maxdirty/keys=0/0/0/0 chk= 0.033(d=3) stat= 0.406 rest= 0.483
BMC : c =  202296  cl =   3263  lit =  214812  p =    30  d = 10032  f =     2  +  T =     0.05 sec
  [bmc-prof  16] wall=  51.190 p= 10064 | ifo=  5.106(sd=0.236 nx=0.000 tfo=4.084 cnt=0.786) snap= 0.290 srm= 14.342 sat= 14.788(set=0.706 slv=13.260 max=0.0464 n=10064) cex=R/T/F=10032/0/2 trsplit=0 sim=15.922(rmp=0.647 run=15.275 n=1 d=1095) incr=loc/full/maxdirty/keys=0/0/0/0 chk= 0.030(d=2) stat= 0.213 rest= 0.498
BMC : c =  202128  cl =   3206  lit =  213820  p =    22  d =  9283  f =     1  +  T =     0.05 sec
  [bmc-prof  17] wall=  49.504 p=  9306 | ifo=  4.068(sd=0.225 nx=0.000 tfo=3.404 cnt=0.439) snap= 0.291 srm= 13.096 sat= 15.785(set=0.682 slv=14.313 max=0.0613 n=9306) cex=R/T/F=9283/0/1 trsplit=0 sim=15.605(rmp=0.566 run=15.039 n=1 d=991) incr=loc/full/maxdirty/keys=0/0/0/0 chk= 0.027(d=1) stat= 0.160 rest= 0.471
BMC : c =  201879  cl =   3207  lit =  212850  p =    36  d =  8548  f =     1  +  T =     0.05 sec
  [bmc-prof  18] wall=  49.286 p=  8585 | ifo=  3.427(sd=0.222 nx=0.000 tfo=2.755 cnt=0.450) snap= 0.289 srm= 14.028 sat= 14.868(set=0.668 slv=13.494 max=0.0525 n=8585) cex=R/T/F=8548/0/1 trsplit=0 sim=16.016(rmp=0.573 run=15.442 n=1 d=969) incr=loc/full/maxdirty/keys=0/0/0/0 chk= 0.029(d=1) stat= 0.163 rest= 0.467
BMC : c =  201378  cl =   3228  lit =  211858  p =    13  d =  8000  f =     0  +  T =     0.05 sec
  [bmc-prof  19] wall=  47.808 p=  8013 | ifo=  3.210(sd=0.213 nx=0.000 tfo=2.565 cnt=0.432) snap= 0.292 srm= 12.759 sat= 15.021(set=0.667 slv=13.651 max=0.0505 n=8013) cex=R/T/F=8000/0/0 trsplit=0 sim=15.866(rmp=0.556 run=15.309 n=1 d=992) incr=loc/full/maxdirty/keys=0/0/0/0 chk= 0.026(d=0) stat= 0.160 rest= 0.473
BMC : c =  200920  cl =   3230  lit =  210843  p =    19  d =  7477  f =     0  +  T =     0.05 sec
  [bmc-prof  20] wall=  48.743 p=  7496 | ifo=  4.057(sd=0.210 nx=0.000 tfo=3.395 cnt=0.452) snap= 0.296 srm= 12.697 sat= 14.799(set=0.626 slv=13.497 max=0.0763 n=7496) cex=R/T/F=7477/0/0 trsplit=0 sim=16.214(rmp=0.589 run=15.624 n=1 d=1015) incr=loc/full/maxdirty/keys=0/0/0/0 chk= 0.024(d=0) stat= 0.161 rest= 0.495
BMC : c =  200669  cl =   3180  lit =  210022  p =    36  d =  6840  f =     0  +  T =     0.05 sec
  [bmc-prof  21] wall=  47.093 p=  6876 | ifo=  3.690(sd=0.216 nx=0.000 tfo=3.044 cnt=0.430) snap= 0.285 srm= 12.542 sat= 14.693(set=0.614 slv=13.420 max=0.0817 n=6876) cex=R/T/F=6840/0/0 trsplit=0 sim=15.251(rmp=0.574 run=14.676 n=1 d=821) incr=loc/full/maxdirty/keys=0/0/0/0 chk= 0.022(d=0) stat= 0.156 rest= 0.453
BMC : c =  200536  cl =   3126  lit =  209386  p =    52  d =  6245  f =     0  +  T =     0.05 sec
  [bmc-prof  22] wall=  45.169 p=  6297 | ifo=  3.611(sd=0.208 nx=0.000 tfo=2.961 cnt=0.442) snap= 0.295 srm= 13.307 sat= 12.807(set=0.616 slv=11.669 max=0.0890 n=6297) cex=R/T/F=6245/0/0 trsplit=0 sim=14.592(rmp=0.463 run=14.129 n=1 d=636) incr=loc/full/maxdirty/keys=0/0/0/0 chk= 0.020(d=0) stat= 0.161 rest= 0.375
BMC : c =  200474  cl =   3089  lit =  208931  p =    24  d =  5822  f =     0  +  T =     0.06 sec
  [bmc-prof  23] wall=  62.645 p=  5846 | ifo=  4.656(sd=0.213 nx=0.000 tfo=3.996 cnt=0.446) snap= 0.291 srm= 11.709 sat= 31.351(set=0.586 slv=30.094 max=0.1335 n=5846) cex=R/T/F=5822/0/0 trsplit=0 sim=13.990(rmp=0.475 run=13.514 n=1 d=455) incr=loc/full/maxdirty/keys=0/0/0/0 chk= 0.019(d=0) stat= 0.154 rest= 0.474
BMC : c =  200223  cl =   3050  lit =  208570  p =    10  d =  5479  f =     0  +  T =     0.07 sec
  [bmc-prof  24] wall=  68.640 p=  5489 | ifo=  3.619(sd=0.205 nx=0.000 tfo=2.981 cnt=0.433) snap= 0.304 srm= 12.289 sat= 34.591(set=0.577 slv=33.307 max=0.1718 n=5489) cex=R/T/F=5479/0/0 trsplit=0 sim=17.154(rmp=0.581 run=16.573 n=1 d=361) incr=loc/full/maxdirty/keys=0/0/0/0 chk= 0.017(d=0) stat= 0.161 rest= 0.505
BMC : c =  200189  cl =   3044  lit =  208289  p =    12  d =  5171  f =     0  +  T =     0.07 sec
  [bmc-prof  25] wall=  69.634 p=  5183 | ifo=  3.973(sd=0.202 nx=0.000 tfo=3.327 cnt=0.443) snap= 0.295 srm= 12.407 sat= 37.032(set=0.561 slv=35.766 max=0.2272 n=5183) cex=R/T/F=5171/0/0 trsplit=0 sim=15.255(rmp=0.747 run=14.508 n=1 d=281) incr=loc/full/maxdirty/keys=0/0/0/0 chk= 0.017(d=0) stat= 0.149 rest= 0.504
BMC : c =  200168  cl =   3040  lit =  208017  p =    19  d =  4950  f =     0  +  T =     0.06 sec
  [bmc-prof  26] wall=  57.701 p=  4969 | ifo=  3.576(sd=0.204 nx=0.000 tfo=2.951 cnt=0.422) snap= 0.315 srm= 12.037 sat= 26.005(set=0.585 slv=24.860 max=0.2124 n=4969) cex=R/T/F=4950/0/0 trsplit=0 sim=15.215(rmp=1.022 run=14.192 n=1 d=272) incr=loc/full/maxdirty/keys=0/0/0/0 chk= 0.019(d=0) stat= 0.149 rest= 0.386
BMC : c =  200143  cl =   3012  lit =  207776  p =    18  d =  4715  f =     0  +  T =     0.06 sec
  [bmc-prof  27] wall=  61.288 p=  4733 | ifo=  3.535(sd=0.196 nx=0.000 tfo=2.919 cnt=0.420) snap= 0.289 srm= 11.163 sat= 32.366(set=0.550 slv=31.258 max=0.2312 n=4733) cex=R/T/F=4715/0/0 trsplit=0 sim=13.423(rmp=0.488 run=12.934 n=1 d=241) incr=loc/full/maxdirty/keys=0/0/0/0 chk= 0.018(d=0) stat= 0.150 rest= 0.344
BMC : c =  200122  cl =   2994  lit =  207578  p =    16  d =  4521  f =     0  +  T =     0.43 sec
  [bmc-prof  28] wall= 425.589 p=  4537 | ifo=  3.545(sd=0.202 nx=0.000 tfo=2.924 cnt=0.419) snap= 0.302 srm= 11.247 sat=391.869(set=0.554 slv=390.020 max=0.6277 n=4537) cex=R/T/F=4521/0/0 trsplit=0 sim=17.482(rmp=0.531 run=16.950 n=1 d=198) incr=loc/full/maxdirty/keys=0/0/0/0 chk= 0.014(d=0) stat= 0.152 rest= 0.978
BMC : c =  199881  cl =   2996  lit =  207380  p =    12  d =  4366  f =     0  +  T =     0.55 sec
  [bmc-prof  29] wall= 551.991 p=  4378 | ifo=  3.573(sd=0.209 nx=0.000 tfo=2.941 cnt=0.422) snap= 0.294 srm= 11.887 sat=518.259(set=0.539 slv=513.841 max=1.0170 n=4378) cex=R/T/F=4366/0/0 trsplit=0 sim=17.196(rmp=0.667 run=16.529 n=1 d=198) incr=loc/full/maxdirty/keys=0/0/0/0 chk= 0.014(d=0) stat= 0.150 rest= 0.617
BMC : c =  199854  cl =   2988  lit =  207172  p =    14  d =  4204  f =     0  +  T =     0.70 sec
  [bmc-prof  30] wall= 700.766 p=  4218 | ifo=  3.626(sd=0.254 nx=0.000 tfo=2.935 cnt=0.437) snap= 0.292 srm= 11.301 sat=667.495(set=0.538 slv=665.309 max=0.9259 n=4218) cex=R/T/F=4204/0/0 trsplit=0 sim=17.225(rmp=0.677 run=16.547 n=1 d=208) incr=loc/full/maxdirty/keys=0/0/0/0 chk= 0.013(d=0) stat= 0.149 rest= 0.666
BMC : c =  199827  cl =   2978  lit =  206975  p =    17  d =  4036  f =     0  +  T =     0.88 sec
  [bmc-prof  31] wall= 884.136 p=  4053 | ifo=  3.917(sd=0.241 nx=0.000 tfo=3.249 cnt=0.426) snap= 0.299 srm= 11.801 sat=848.414(set=0.545 slv=843.574 max=2.4880 n=4053) cex=R/T/F=4036/0/0 trsplit=0 sim=18.872(rmp=0.999 run=17.873 n=1 d=197) incr=loc/full/maxdirty/keys=0/0/0/0 chk= 0.012(d=0) stat= 0.149 rest= 0.673
BMC : c =  199801  cl =   2956  lit =  206784  p =    11  d =  3881  f =     0  +  T =     1.06 sec
  [bmc-prof  32] wall=1058.971 p=  3892 | ifo=  3.806(sd=0.194 nx=0.000 tfo=3.198 cnt=0.414) snap= 0.291 srm= 11.804 sat=1019.917(set=0.522 slv=1016.599 max=1.4644 n=3892) cex=R/T/F=3881/0/0 trsplit=0 sim=22.483(rmp=0.519 run=21.963 n=1 d=191) incr=loc/full/maxdirty/keys=0/0/0/0 chk= 0.011(d=0) stat= 0.147 rest= 0.511
BMC : c =  199783  cl =   2941  lit =  206616  p =    13  d =  3725  f =     0  +  T =     1.24 sec
  [bmc-prof  33] wall=1237.622 p=  3738 | ifo=  3.523(sd=0.202 nx=0.000 tfo=2.906 cnt=0.415) snap= 0.288 srm= 14.080 sat=1199.692(set=0.538 slv=1197.307 max=1.7373 n=3738) cex=R/T/F=3725/0/0 trsplit=0 sim=19.337(rmp=0.513 run=18.823 n=1 d=168) incr=loc/full/maxdirty/keys=0/0/0/0 chk= 0.011(d=0) stat= 0.171 rest= 0.518
BMC : c =  199522  cl =   2934  lit =  206467  p =    12  d =  3585  f =     0  +  T =     1.46 sec
  [bmc-prof  34] wall=1458.754 p=  3597 | ifo=  3.543(sd=0.204 nx=0.000 tfo=2.923 cnt=0.416) snap= 0.298 srm= 13.091 sat=1422.568(set=0.924 slv=1418.545 max=2.4226 n=3597) cex=R/T/F=3585/0/0 trsplit=0 sim=18.591(rmp=0.515 run=18.074 n=1 d=149) incr=loc/full/maxdirty/keys=0/0/0/0 chk= 0.011(d=0) stat= 0.147 rest= 0.505
BMC : c =  199494  cl =   2940  lit =  206312  p =    23  d =  3474  f =     0  +  T =     1.63 sec
  [bmc-prof  35] wall=1630.428 p=  3497 | ifo=  3.509(sd=0.193 nx=0.000 tfo=2.891 cnt=0.425) snap= 0.310 srm= 10.690 sat=1594.209(set=0.510 slv=1591.721 max=2.3395 n=3497) cex=R/T/F=3474/0/0 trsplit=0 sim=20.881(rmp=0.502 run=20.378 n=1 d=155) incr=loc/full/maxdirty/keys=0/0/0/0 chk= 0.011(d=0) stat= 0.147 rest= 0.671
BMC : c =  199468  cl =   2942  lit =  206149  p =    15  d =  3366  f =     0  +  T =     1.80 sec
  [bmc-prof  36] wall=1796.584 p=  3381 | ifo=  3.562(sd=0.206 nx=0.000 tfo=2.943 cnt=0.414) snap= 0.287 srm= 11.649 sat=1759.093(set=0.509 slv=1754.778 max=3.0677 n=3381) cex=R/T/F=3366/0/0 trsplit=0 sim=21.126(rmp=0.663 run=20.462 n=1 d=163) incr=loc/full/maxdirty/keys=0/0/0/0 chk= 0.011(d=0) stat= 0.151 rest= 0.704
BMC : c =  199450  cl =   2937  lit =  205986  p =    12  d =  3238  f =     0  +  T =     1.99 sec
  [bmc-prof  37] wall=1988.594 p=  3250 | ifo=  4.219(sd=0.196 nx=0.000 tfo=3.611 cnt=0.412) snap= 0.291 srm= 12.054 sat=1950.516(set=0.521 slv=1943.671 max=3.4384 n=3250) cex=R/T/F=3238/0/0 trsplit=0 sim=20.659(rmp=0.966 run=19.693 n=1 d=163) incr=loc/full/maxdirty/keys=0/0/0/0 chk= 0.010(d=0) stat= 0.147 rest= 0.698
BMC : c =  199197  cl =   2935  lit =  205815  p =    12  d =  3096  f =     0  +  T =     2.20 sec
  [bmc-prof  38] wall=2197.024 p=  3108 | ifo=  3.544(sd=0.193 nx=0.000 tfo=2.936 cnt=0.414) snap= 0.296 srm= 11.633 sat=2161.122(set=0.574 slv=2155.869 max=3.1368 n=3108) cex=R/T/F=3096/0/0 trsplit=0 sim=19.775(rmp=0.509 run=19.265 n=1 d=171) incr=loc/full/maxdirty/keys=0/0/0/0 chk= 0.010(d=0) stat= 0.146 rest= 0.497
BMC : c =  199169  cl =   2924  lit =  205643  p =    13  d =  2961  f =     0  +  T =     2.39 sec
  [bmc-prof  39] wall=2388.836 p=  2974 | ifo=  3.506(sd=0.190 nx=0.000 tfo=2.887 cnt=0.429) snap= 0.291 srm= 10.845 sat=2353.465(set=0.505 slv=2348.769 max=3.1566 n=2974) cex=R/T/F=2961/0/0 trsplit=0 sim=19.867(rmp=0.518 run=19.348 n=1 d=172) incr=loc/full/maxdirty/keys=0/0/0/0 chk= 0.010(d=0) stat= 0.151 rest= 0.701
BMC : c =  199147  cl =   2914  lit =  205476  p =    13  d =  2821  f =     0  +  T =     2.61 sec
  [bmc-prof  40] wall=2610.016 p=  2834 | ifo=  4.200(sd=0.205 nx=0.000 tfo=3.569 cnt=0.427) snap= 0.297 srm= 12.093 sat=2565.740(set=0.527 slv=2559.473 max=4.4227 n=2834) cex=R/T/F=2821/0/0 trsplit=0 sim=26.911(rmp=0.519 run=26.391 n=1 d=167) incr=loc/full/maxdirty/keys=0/0/0/0 chk= 0.009(d=0) stat= 0.147 rest= 0.618
BMC : c =  199117  cl =   2901  lit =  205342  p =    14  d =  2678  f =     0  +  T =     2.72 sec
  [bmc-prof  41] wall=2718.211 p=  2692 | ifo=  3.530(sd=0.194 nx=0.000 tfo=2.922 cnt=0.414) snap= 0.293 srm= 11.530 sat=2682.584(set=0.493 slv=2677.101 max=5.2234 n=2692) cex=R/T/F=2678/0/0 trsplit=0 sim=19.432(rmp=0.526 run=18.906 n=1 d=134) incr=loc/full/maxdirty/keys=0/0/0/0 chk= 0.009(d=0) stat= 0.145 rest= 0.688
BMC : c =  199095  cl =   2896  lit =  205203  p =    14  d =  2579  f =     0  +  T =     2.94 sec
  [bmc-prof  42] wall=2936.614 p=  2593 | ifo=  3.999(sd=0.193 nx=0.000 tfo=3.337 cnt=0.470) snap= 0.307 srm= 12.177 sat=2900.105(set=0.494 slv=2895.161 max=5.3348 n=2593) cex=R/T/F=2579/0/0 trsplit=0 sim=19.258(rmp=0.492 run=18.765 n=1 d=139) incr=loc/full/maxdirty/keys=0/0/0/0 chk= 0.008(d=0) stat= 0.142 rest= 0.617
BMC : c =  199071  cl =   2883  lit =  205065  p =    14  d =  2465  f =     0  +  T =     3.07 sec
  [bmc-prof  43] wall=3073.925 p=  2479 | ifo=  3.701(sd=0.193 nx=0.000 tfo=3.096 cnt=0.412) snap= 0.294 srm= 11.556 sat=3038.464(set=0.500 slv=3033.270 max=5.9629 n=2479) cex=R/T/F=2465/0/0 trsplit=0 sim=19.130(rmp=0.526 run=18.604 n=1 d=138) incr=loc/full/maxdirty/keys=0/0/0/0 chk= 0.008(d=0) stat= 0.144 rest= 0.626
BMC : c =  198820  cl =   2883  lit =  204929  p =    15  d =  2353  f =     0  +  T =     3.22 sec
  [bmc-prof  44] wall=3224.731 p=  2368 | ifo=  3.739(sd=0.192 nx=0.000 tfo=3.133 cnt=0.414) snap= 0.296 srm= 11.968 sat=3185.166(set=0.506 slv=3180.623 max=4.8466 n=2368) cex=R/T/F=2353/0/0 trsplit=0 sim=22.617(rmp=0.617 run=21.999 n=1 d=136) incr=loc/full/maxdirty/keys=0/0/0/0 chk= 0.009(d=0) stat= 0.150 rest= 0.786
BMC : c =  198790  cl =   2880  lit =  204809  p =    19  d =  2250  f =     0  +  T =     3.32 sec
  [bmc-prof  45] wall=3317.207 p=  2269 | ifo=  4.228(sd=0.274 nx=0.000 tfo=3.419 cnt=0.535) snap= 0.431 srm= 12.320 sat=3280.753(set=0.486 slv=3276.341 max=6.4911 n=2269) cex=R/T/F=2250/0/0 trsplit=0 sim=18.643(rmp=0.497 run=18.145 n=1 d=120) incr=loc/full/maxdirty/keys=0/0/0/0 chk= 0.008(d=0) stat= 0.138 rest= 0.686
BMC : c =  198766  cl =   2879  lit =  204677  p =    16  d =  2164  f =     0  +  T =     3.34 sec
  [bmc-prof  46] wall=3338.065 p=  2180 | ifo=  3.471(sd=0.186 nx=0.000 tfo=2.881 cnt=0.404) snap= 0.308 srm= 11.774 sat=3302.588(set=0.500 slv=3297.113 max=6.6913 n=2180) cex=R/T/F=2164/0/0 trsplit=0 sim=19.016(rmp=0.525 run=18.491 n=1 d=132) incr=loc/full/maxdirty/keys=0/0/0/0 chk= 0.007(d=0) stat= 0.140 rest= 0.760
BMC : c =  198733  cl =   2867  lit =  204523  p =    16  d =  2056  f =     0  +  T =     3.49 sec
  [bmc-prof  47] wall=3487.465 p=  2072 | ifo=  3.475(sd=0.189 nx=0.000 tfo=2.885 cnt=0.401) snap= 0.284 srm= 11.406 sat=3452.724(set=0.575 slv=3449.697 max=7.8306 n=2072) cex=R/T/F=2056/0/0 trsplit=0 sim=18.763(rmp=0.497 run=18.265 n=1 d=154) incr=loc/full/maxdirty/keys=0/0/0/0 chk= 0.008(d=0) stat= 0.140 rest= 0.665
BMC : c =  198713  cl =   2854  lit =  204391  p =    13  d =  1941  f =     0  +  T =     3.61 sec
  [bmc-prof  48] wall=3610.606 p=  1954 | ifo=  3.516(sd=0.188 nx=0.000 tfo=2.917 cnt=0.411) snap= 0.296 srm= 11.313 sat=3574.151(set=0.500 slv=3570.466 max=6.5248 n=1954) cex=R/T/F=1941/0/0 trsplit=0 sim=20.387(rmp=0.505 run=19.881 n=1 d=132) incr=loc/full/maxdirty/keys=0/0/0/0 chk= 0.007(d=0) stat= 0.232 rest= 0.703
BMC : c =  198455  cl =   2850  lit =  204272  p =    17  d =  1832  f =     0  +  T =     3.67 sec
  [bmc-prof  49] wall=3672.601 p=  1849 | ifo=  4.504(sd=0.334 nx=0.000 tfo=3.737 cnt=0.432) snap= 0.298 srm= 12.562 sat=3635.923(set=0.487 slv=3632.344 max=7.2430 n=1849) cex=R/T/F=1832/0/0 trsplit=0 sim=18.559(rmp=0.503 run=18.055 n=1 d=119) incr=loc/full/maxdirty/keys=0/0/0/0 chk= 0.007(d=0) stat= 0.143 rest= 0.604
BMC : c =  198433  cl =   2839  lit =  204153  p =    16  d =  1752  f =     1  +  T =     3.67 sec
  [bmc-prof  50] wall=3671.818 p=  1769 | ifo=  3.928(sd=0.191 nx=0.000 tfo=3.236 cnt=0.501) snap= 0.311 srm= 12.457 sat=3635.889(set=0.485 slv=3632.399 max=7.5545 n=1769) cex=R/T/F=1752/0/1 trsplit=0 sim=18.475(rmp=0.491 run=17.984 n=1 d=118) incr=loc/full/maxdirty/keys=0/0/0/0 chk= 0.006(d=1) stat= 0.141 rest= 0.610
BMC : c =  198404  cl =   2844  lit =  204027  p =    21  d =  1654  f =     0  +  T =     3.63 sec
  [bmc-prof  51] wall=3627.120 p=  1675 | ifo=  3.469(sd=0.189 nx=0.000 tfo=2.871 cnt=0.408) snap= 0.287 srm= 11.776 sat=3590.258(set=0.477 slv=3586.704 max=7.2392 n=1675) cex=R/T/F=1654/0/0 trsplit=0 sim=20.404(rmp=0.496 run=19.907 n=1 d=126) incr=loc/full/maxdirty/keys=0/0/0/0 chk= 0.007(d=0) stat= 0.156 rest= 0.763
BMC : c =  198376  cl =   2838  lit =  203888  p =    21  d =  1560  f =     0  +  T =     3.71 sec
  [bmc-prof  52] wall=3707.539 p=  1581 | ifo=  4.582(sd=0.215 nx=0.000 tfo=3.897 cnt=0.470) snap= 0.292 srm= 12.041 sat=3668.126(set=0.520 slv=3664.191 max=8.3583 n=1581) cex=R/T/F=1560/0/0 trsplit=0 sim=21.473(rmp=0.508 run=20.963 n=1 d=139) incr=loc/full/maxdirty/keys=0/0/0/0 chk= 0.006(d=0) stat= 0.143 rest= 0.876
BMC : c =  198344  cl =   2832  lit =  203765  p =    19  d =  1455  f =     0  +  T =     3.70 sec
  [bmc-prof  53] wall=3701.139 p=  1474 | ifo=  3.724(sd=0.200 nx=0.000 tfo=3.106 cnt=0.417) snap= 0.295 srm= 11.285 sat=3666.964(set=0.493 slv=3663.452 max=8.8218 n=1474) cex=R/T/F=1455/0/0 trsplit=0 sim=18.064(rmp=0.494 run=17.569 n=1 d=123) incr=loc/full/maxdirty/keys=0/0/0/0 chk= 0.006(d=0) stat= 0.143 rest= 0.658
BMC : c =  198314  cl =   2828  lit =  203647  p =    29  d =  1357  f =     0  +  T =     3.35 sec
  [bmc-prof  54] wall=3345.557 p=  1386 | ifo=  4.040(sd=0.191 nx=0.000 tfo=3.444 cnt=0.404) snap= 0.286 srm= 11.622 sat=3311.038(set=0.505 slv=3308.244 max=7.8457 n=1386) cex=R/T/F=1357/0/0 trsplit=0 sim=17.795(rmp=0.558 run=17.237 n=1 d=118) incr=loc/full/maxdirty/keys=0/0/0/0 chk= 0.005(d=0) stat= 0.139 rest= 0.631
BMC : c =  198076  cl =   2817  lit =  203539  p =    28  d =  1270  f =     2  +  T =     3.31 sec
  [bmc-prof  55] wall=3309.082 p=  1300 | ifo=  3.480(sd=0.190 nx=0.000 tfo=2.883 cnt=0.407) snap= 0.343 srm= 12.009 sat=3274.171(set=0.537 slv=3271.311 max=9.0351 n=1300) cex=R/T/F=1270/0/2 trsplit=0 sim=18.270(rmp=0.510 run=17.759 n=1 d=106) incr=loc/full/maxdirty/keys=0/0/0/0 chk= 0.006(d=2) stat= 0.142 rest= 0.662
BMC : c =  197997  cl =   2777  lit =  202719  p =    29  d =   470  f =   711  +  T =     0.57 sec
  [bmc-prof  56] wall= 565.957 p=  1210 | ifo=  4.002(sd=0.193 nx=0.000 tfo=3.389 cnt=0.419) snap= 0.300 srm= 11.659 sat=535.963(set=0.499 slv=535.239 max=5.3814 n=1210) cex=R/T/F=470/0/711 trsplit=0 sim=12.895(rmp=0.613 run=12.281 n=1 d=113) incr=loc/full/maxdirty/keys=0/0/0/0 chk= 0.590(d=707) stat= 0.141 rest= 0.408
BMC : c =  197963  cl =   2758  lit =  202613  p =    10  d =   552  f =     4  +  T =     0.09 sec
  [bmc-prof  57] wall=  90.490 p=   566 | ifo=  3.670(sd=0.187 nx=0.000 tfo=3.069 cnt=0.414) snap= 0.291 srm= 11.144 sat= 61.490(set=0.521 slv=60.805 max=4.4126 n=566) cex=R/T/F=552/0/4 trsplit=0 sim=13.428(rmp=0.460 run=12.968 n=1 d=102) incr=loc/full/maxdirty/keys=0/0/0/0 chk= 0.003(d=4) stat= 0.136 rest= 0.329
BMC : c =  197922  cl =   2753  lit =  202532  p =    10  d =   478  f =     3  +  T =     0.23 sec
  [bmc-prof  58] wall= 233.455 p=   491 | ifo=  3.504(sd=0.185 nx=0.000 tfo=2.905 cnt=0.413) snap= 0.292 srm= 10.241 sat=205.270(set=0.480 slv=204.570 max=4.2914 n=491) cex=R/T/F=478/0/3 trsplit=0 sim=13.619(rmp=0.547 run=13.070 n=1 d=78) incr=loc/full/maxdirty/keys=0/0/0/0 chk= 0.003(d=3) stat= 0.145 rest= 0.382
BMC : c =  197896  cl =   2735  lit =  202452  p =     9  d =   484  f =     4  +  T =     0.15 sec
  [bmc-prof  59] wall= 150.409 p=   497 | ifo=  5.276(sd=0.227 nx=0.000 tfo=4.582 cnt=0.468) snap= 0.294 srm= 11.716 sat=119.604(set=0.493 slv=118.950 max=5.3562 n=497) cex=R/T/F=484/0/4 trsplit=0 sim=13.034(rmp=0.566 run=12.468 n=1 d=76) incr=loc/full/maxdirty/keys=0/0/0/0 chk= 0.003(d=4) stat= 0.135 rest= 0.347
BMC : c =  197877  cl =   2718  lit =  202388  p =     9  d =   429  f =     3  +  T =     0.07 sec
  [bmc-prof  60] wall=  73.515 p=   441 | ifo=  3.746(sd=0.182 nx=0.000 tfo=3.146 cnt=0.418) snap= 0.320 srm= 10.253 sat= 46.009(set=0.506 slv=45.412 max=7.4786 n=441) cex=R/T/F=429/0/3 trsplit=0 sim=12.729(rmp=0.455 run=12.273 n=1 d=61) incr=loc/full/maxdirty/keys=0/0/0/0 chk= 0.003(d=3) stat= 0.135 rest= 0.320
BMC : c =  197224  cl =   2758  lit =  202238  p =     9  d =   380  f =     4  +  T =     0.07 sec
  [bmc-prof  61] wall=  74.034 p=   393 | ifo=  3.466(sd=0.184 nx=0.000 tfo=2.878 cnt=0.403) snap= 0.287 srm= 10.969 sat= 46.622(set=0.480 slv=46.056 max=7.2138 n=393) cex=R/T/F=380/0/4 trsplit=0 sim=12.231(rmp=0.456 run=11.774 n=1 d=146) incr=loc/full/maxdirty/keys=0/0/0/0 chk= 0.003(d=4) stat= 0.137 rest= 0.320
BMC : c =  195285  cl =   2861  lit =  201682  p =    65  d =  1184  f =     4  +  T =     0.91 sec
  [bmc-prof  62] wall= 912.234 p=  1253 | ifo=  3.840(sd=0.193 nx=0.000 tfo=3.228 cnt=0.419) snap= 0.666 srm= 11.005 sat=879.717(set=0.747 slv=878.125 max=7.3506 n=1253) cex=R/T/F=1184/0/4 trsplit=0 sim=16.409(rmp=0.979 run=15.429 n=1 d=552) incr=loc/full/maxdirty/keys=0/0/0/0 chk= 0.007(d=4) stat= 0.145 rest= 0.446
BMC : c =  190989  cl =   2987  lit =  200692  p =   219  d =  1704  f =     1  +  T =     0.56 sec
  [bmc-prof  63] wall= 559.358 p=  1924 | ifo=  3.313(sd=0.201 nx=0.000 tfo=2.621 cnt=0.492) snap= 0.300 srm= 10.752 sat=527.871(set=0.438 slv=526.677 max=7.4733 n=1924) cex=R/T/F=1704/0/1 trsplit=0 sim=16.594(rmp=0.491 run=16.102 n=1 d=989) incr=loc/full/maxdirty/keys=0/0/0/0 chk= 0.010(d=1) stat= 0.145 rest= 0.374
BMC : c =  181594  cl =   3140  lit =  199419  p =   474  d =  2274  f =     1  +  T =     1.02 sec
  [bmc-prof  64] wall=1015.760 p=  2749 | ifo=  3.176(sd=0.200 nx=0.000 tfo=2.556 cnt=0.420) snap= 0.305 srm= 13.378 sat=978.909(set=0.446 slv=977.552 max=5.7229 n=2749) cex=R/T/F=2274/0/1 trsplit=0 sim=19.391(rmp=0.500 run=18.890 n=1 d=1272) incr=loc/full/maxdirty/keys=0/0/0/0 chk= 0.014(d=1) stat= 0.148 rest= 0.438
BMC : c =  162256  cl =   3343  lit =  197687  p =  1358  d =  2501  f =     1  +  T =     0.17 sec
  [bmc-prof  65] wall= 171.996 p=  3860 | ifo=  2.595(sd=0.203 nx=0.000 tfo=1.979 cnt=0.413) snap= 0.297 srm= 11.259 sat=123.757(set=0.485 slv=122.710 max=4.5609 n=3860) cex=R/T/F=2501/0/1 trsplit=0 sim=33.475(rmp=0.473 run=33.002 n=1 d=1731) incr=loc/full/maxdirty/keys=0/0/0/0 chk= 0.017(d=1) stat= 0.202 rest= 0.393
BMC : c =  136945  cl =   3713  lit =  195874  p =  5895  d =  2427  f =     4  +  T =     0.37 sec
  [bmc-prof  66] wall= 369.954 p=  8326 | ifo=  2.613(sd=0.226 nx=0.000 tfo=1.975 cnt=0.412) snap= 0.293 srm= 12.881 sat=303.014(set=0.572 slv=301.407 max=4.8016 n=8326) cex=R/T/F=2427/0/4 trsplit=0 sim=50.517(rmp=0.484 run=50.033 n=1 d=1809) incr=loc/full/maxdirty/keys=0/0/0/0 chk= 0.021(d=4) stat= 0.170 rest= 0.446
BMC : c =  108771  cl =   4138  lit =  193595  p = 19128  d =  2803  f =     5  +  T =     0.45 sec
  [bmc-prof  67] wall= 451.652 p= 21936 | ifo=  2.375(sd=0.226 nx=0.000 tfo=1.727 cnt=0.422) snap= 0.291 srm= 15.801 sat=366.687(set=0.821 slv=363.899 max=5.7948 n=21936) cex=R/T/F=2803/0/5 trsplit=0 sim=65.817(rmp=0.505 run=65.311 n=1 d=2274) incr=loc/full/maxdirty/keys=0/0/0/0 chk= 0.031(d=5) stat= 0.174 rest= 0.476
BMC : c =   80943  cl =   4421  lit =  191317  p = 40518  d =  2879  f =     6  +  T =     0.47 sec
  [bmc-prof  68] wall= 467.534 p= 43403 | ifo=  2.274(sd=0.235 nx=0.000 tfo=1.605 cnt=0.434) snap= 0.304 srm= 21.488 sat=373.367(set=1.379 slv=365.891 max=4.8407 n=43403) cex=R/T/F=2879/0/6 trsplit=0 sim=69.308(rmp=0.525 run=68.782 n=1 d=2272) incr=loc/full/maxdirty/keys=0/0/0/0 chk= 0.045(d=6) stat= 0.190 rest= 0.559
BMC : c =   57105  cl =   4597  lit =  189268  p = 68616  d =  2463  f =     3  +  T =     0.41 sec
  [bmc-prof  69] wall= 414.514 p= 71082 | ifo=  2.256(sd=0.247 nx=0.000 tfo=1.555 cnt=0.454) snap= 0.306 srm= 28.885 sat=312.607(set=1.894 slv=306.155 max=6.5636 n=71082) cex=R/T/F=2463/0/3 trsplit=0 sim=69.374(rmp=0.501 run=68.872 n=1 d=2046) incr=loc/full/maxdirty/keys=0/0/0/0 chk= 0.061(d=3) stat= 0.207 rest= 0.819
BMC : c =   37092  cl =   4681  lit =  187317  p = 98544  d =  2611  f =     4  +  T =     0.71 sec
  [bmc-prof  70] wall= 714.556 p=101159 | ifo=  2.355(sd=0.218 nx=0.000 tfo=1.703 cnt=0.433) snap= 0.319 srm= 43.211 sat=591.244(set=2.518 slv=581.315 max=11.4264 n=101159) cex=R/T/F=2611/0/4 trsplit=0 sim=76.121(rmp=0.502 run=75.619 n=1 d=1947) incr=loc/full/maxdirty/keys=0/0/0/0 chk= 0.084(d=4) stat= 0.215 rest= 1.008
BMC : c =   19823  cl =   4722  lit =  185394  p =127426  d =  2019  f =    56  +  T =     1.37 sec
  [bmc-prof  71] wall=1371.229 p=129501 | ifo=  2.811(sd=0.256 nx=0.000 tfo=2.121 cnt=0.433) snap= 0.316 srm= 50.767 sat=1238.692(set=3.013 slv=1227.486 max=22.0891 n=129501) cex=R/T/F=2019/0/56 trsplit=0 sim=77.673(rmp=0.965 run=76.707 n=1 d=1867) incr=loc/full/maxdirty/keys=0/0/0/0 chk= 0.135(d=56) stat= 0.262 rest= 0.573
BMC : c =   10442  cl =   4792  lit =  183501  p =153499  d =  1700  f =   137  +  T =     0.40 sec
  [bmc-prof  72] wall= 402.679 p=155336 | ifo=  3.407(sd=0.259 nx=0.000 tfo=2.298 cnt=0.850) snap= 0.318 srm= 82.085 sat=242.181(set=3.945 slv=229.710 max=4.1441 n=155336) cex=R/T/F=1700/0/137 trsplit=0 sim=73.412(rmp=0.500 run=72.912 n=1 d=1756) incr=loc/full/maxdirty/keys=0/0/0/0 chk= 0.122(d=137) stat= 0.217 rest= 0.937
BMC : c =    5996  cl =   4895  lit =  181836  p =167392  d =  1464  f =    64  +  T =     0.36 sec
  [bmc-prof  73] wall= 358.156 p=168920 | ifo=  2.384(sd=0.209 nx=0.000 tfo=1.737 cnt=0.438) snap= 0.317 srm= 88.698 sat=208.743(set=4.290 slv=195.307 max=11.4704 n=168920) cex=R/T/F=1464/0/64 trsplit=0 sim=56.774(rmp=0.642 run=56.132 n=1 d=1601) incr=loc/full/maxdirty/keys=0/0/0/0 chk= 0.136(d=64) stat= 0.218 rest= 0.886
  [bmc-incr i=74 repr=5444 active=97563/181836 POs=91560]
BMC : c =    4462  cl =   4908  lit =  180445  p = 89814  d =  1727  f =    19  +  T =     0.31 sec
  [bmc-prof  74] wall= 314.942 p= 91560 | ifo=  1.689(sd=0.198 nx=0.000 tfo=1.029 cnt=0.462) snap= 0.299 srm= 36.486 sat=211.258(set=2.319 slv=202.521 max=5.5573 n=91560) cex=R/T/F=1727/0/19 trsplit=0 sim=64.372(rmp=0.521 run=63.850 n=1 d=1372) incr=loc/full/maxdirty/keys=0/0/0/0 chk= 0.096(d=19) stat= 0.225 rest= 0.516
  [bmc-incr i=75 repr=2598 active=24317/180445 POs=19864]
BMC : c =    3627  cl =   4889  lit =  179401  p = 18845  d =  1013  f =     6  +  T =     0.10 sec
  [bmc-prof  75] wall= 100.606 p= 19864 | ifo=  1.227(sd=0.270 nx=0.000 tfo=0.441 cnt=0.516) snap= 0.334 srm= 13.208 sat= 46.583(set=0.761 slv=44.383 max=4.0027 n=19864) cex=R/T/F=1013/0/6 trsplit=0 sim=38.561(rmp=0.786 run=37.774 n=1 d=1038) incr=loc/full/maxdirty/keys=0/0/0/0 chk= 0.014(d=6) stat= 0.179 rest= 0.500
  [bmc-incr i=76 repr=1332 active=5711/179401 POs=2091]
BMC : c =    3010  cl =   4835  lit =  178619  p =  1367  d =   719  f =     5  +  T =     0.07 sec
  [bmc-prof  76] wall=  71.138 p=  2091 | ifo=  0.967(sd=0.185 nx=0.000 tfo=0.286 cnt=0.496) snap= 0.287 srm= 10.597 sat= 25.391(set=0.402 slv=24.609 max=4.0721 n=2091) cex=R/T/F=719/0/5 trsplit=0 sim=33.414(rmp=0.457 run=32.956 n=1 d=777) incr=loc/full/maxdirty/keys=0/0/0/0 chk= 0.002(d=5) stat= 0.166 rest= 0.314
  [bmc-incr i=77 repr=934 active=3808/178619 POs=805]
BMC : c =    2559  cl =   4708  lit =  177961  p =   331  d =   469  f =     5  +  T =     0.05 sec
  [bmc-prof  77] wall=  51.625 p=   805 | ifo=  0.926(sd=0.209 nx=0.000 tfo=0.225 cnt=0.492) snap= 0.296 srm=  8.705 sat= 22.970(set=0.543 slv=22.234 max=4.2879 n=805) cex=R/T/F=469/0/5 trsplit=0 sim=18.001(rmp=0.441 run=17.559 n=1 d=653) incr=loc/full/maxdirty/keys=0/0/0/0 chk= 0.002(d=5) stat= 0.177 rest= 0.547
  [bmc-incr i=78 repr=703 active=2819/177961 POs=267]
BMC : c =    2306  cl =   4584  lit =  177556  p =     0  d =   262  f =     5  +  T =     0.05 sec
  [bmc-prof  78] wall=  48.983 p=   267 | ifo=  0.966(sd=0.212 nx=0.000 tfo=0.208 cnt=0.546) snap= 0.288 srm= 11.675 sat= 19.875(set=0.356 slv=19.405 max=4.3303 n=267) cex=R/T/F=262/0/5 trsplit=0 sim=15.711(rmp=0.446 run=15.265 n=1 d=400) incr=loc/full/maxdirty/keys=0/0/0/0 chk= 0.001(d=5) stat= 0.171 rest= 0.297
  [bmc-incr i=79 repr=427 active=2414/177556 POs=114]
BMC : c =    2213  cl =   4526  lit =  177396  p =     0  d =   109  f =     5  +  T =     0.04 sec
  [bmc-prof  79] wall=  44.616 p=   114 | ifo=  0.872(sd=0.181 nx=0.000 tfo=0.205 cnt=0.486) snap= 0.283 srm=  8.571 sat= 18.811(set=0.338 slv=18.417 max=4.1235 n=114) cex=R/T/F=109/0/5 trsplit=0 sim=15.600(rmp=0.465 run=15.135 n=1 d=155) incr=loc/full/maxdirty/keys=0/0/0/0 chk= 0.001(d=5) stat= 0.164 rest= 0.314
  [bmc-incr i=80 repr=173 active=2254/177396 POs=47]
BMC : c =    2184  cl =   4516  lit =  177354  p =     0  d =    42  f =     5  +  T =     0.04 sec
  [bmc-prof  80] wall=  41.560 p=    47 | ifo=  0.856(sd=0.179 nx=0.000 tfo=0.192 cnt=0.485) snap= 0.282 srm=  8.542 sat= 16.951(set=0.353 slv=16.568 max=4.0733 n=47) cex=R/T/F=42/0/5 trsplit=0 sim=14.471(rmp=0.439 run=14.031 n=1 d=37) incr=loc/full/maxdirty/keys=0/0/0/0 chk= 0.001(d=5) stat= 0.161 rest= 0.297
  [bmc-incr i=81 repr=53 active=2212/177354 POs=34]
BMC : c =    2167  cl =   4510  lit =  177331  p =     1  d =    28  f =     5  +  T =     0.04 sec
  [bmc-prof  81] wall=  41.953 p=    34 | ifo=  0.833(sd=0.178 nx=0.000 tfo=0.154 cnt=0.501) snap= 0.282 srm=  8.439 sat= 17.194(set=0.343 slv=16.824 max=4.0222 n=34) cex=R/T/F=28/0/5 trsplit=0 sim=14.698(rmp=0.462 run=14.235 n=1 d=18) incr=loc/full/maxdirty/keys=0/0/0/0 chk= 0.001(d=5) stat= 0.169 rest= 0.337
  [bmc-incr i=82 repr=32 active=2188/177331 POs=27]
BMC : c =    2152  cl =   4507  lit =  177316  p =     0  d =    22  f =     5  +  T =     0.04 sec
  [bmc-prof  82] wall=  41.181 p=    27 | ifo=  0.877(sd=0.224 nx=0.000 tfo=0.141 cnt=0.511) snap= 0.288 srm=  8.523 sat= 16.005(set=0.325 slv=15.659 max=4.0505 n=27) cex=R/T/F=22/0/5 trsplit=0 sim=14.997(rmp=0.457 run=14.539 n=1 d=10) incr=loc/full/maxdirty/keys=0/0/0/0 chk= 0.000(d=5) stat= 0.167 rest= 0.324
  [bmc-incr i=83 repr=25 active=2173/177316 POs=27]
BMC : c =    2143  cl =   4506  lit =  177305  p =     0  d =    22  f =     5  +  T =     0.04 sec
  [bmc-prof  83] wall=  42.286 p=    27 | ifo=  0.828(sd=0.191 nx=0.000 tfo=0.126 cnt=0.511) snap= 0.282 srm=  8.484 sat= 16.511(set=0.349 slv=16.138 max=4.0931 n=27) cex=R/T/F=22/0/5 trsplit=0 sim=15.643(rmp=0.431 run=15.210 n=1 d=6) incr=loc/full/maxdirty/keys=0/0/0/0 chk= 0.001(d=5) stat= 0.189 rest= 0.349
  [bmc-incr i=84 repr=20 active=2162/177305 POs=25]
BMC : c =    2133  cl =   4507  lit =  177294  p =     0  d =    20  f =     5  +  T =     0.04 sec
  [bmc-prof  84] wall=  42.897 p=    25 | ifo=  0.898(sd=0.244 nx=0.000 tfo=0.110 cnt=0.543) snap= 0.327 srm= 10.139 sat= 16.766(set=0.403 slv=16.338 max=4.0967 n=25) cex=R/T/F=20/0/5 trsplit=0 sim=14.259(rmp=0.523 run=13.735 n=1 d=6) incr=loc/full/maxdirty/keys=0/0/0/0 chk= 0.001(d=5) stat= 0.164 rest= 0.344
  [bmc-incr i=85 repr=19 active=2151/177294 POs=24]
BMC : c =    2123  cl =   4506  lit =  177282  p =     1  d =    18  f =     5  +  T =     0.04 sec
  [bmc-prof  85] wall=  43.709 p=    24 | ifo=  0.797(sd=0.187 nx=0.000 tfo=0.114 cnt=0.496) snap= 0.281 srm= 10.370 sat= 17.368(set=0.335 slv=17.013 max=4.8068 n=24) cex=R/T/F=18/0/5 trsplit=0 sim=14.430(rmp=0.432 run=13.998 n=1 d=7) incr=loc/full/maxdirty/keys=0/0/0/0 chk= 0.001(d=5) stat= 0.160 rest= 0.301
  [bmc-incr i=86 repr=18 active=2138/177282 POs=21]
BMC : c =    2113  cl =   4506  lit =  177273  p =     0  d =    16  f =     5  +  T =     0.05 sec
  [bmc-prof  86] wall=  45.367 p=    21 | ifo=  0.767(sd=0.178 nx=0.000 tfo=0.105 cnt=0.483) snap= 0.283 srm=  8.412 sat= 19.473(set=0.328 slv=19.124 max=6.4102 n=21) cex=R/T/F=16/0/5 trsplit=0 sim=15.938(rmp=0.562 run=15.375 n=1 d=4) incr=loc/full/maxdirty/keys=0/0/0/0 chk= 0.000(d=5) stat= 0.164 rest= 0.331
  [bmc-incr i=87 repr=16 active=2129/177273 POs=22]
BMC : c =    2105  cl =   4506  lit =  177264  p =     0  d =    17  f =     5  +  T =     0.05 sec
  [bmc-prof  87] wall=  45.252 p=    22 | ifo=  0.765(sd=0.180 nx=0.000 tfo=0.098 cnt=0.487) snap= 0.282 srm=  8.576 sat= 17.177(set=0.346 slv=16.810 max=4.0526 n=22) cex=R/T/F=17/0/5 trsplit=0 sim=17.943(rmp=0.451 run=17.491 n=1 d=4) incr=loc/full/maxdirty/keys=0/0/0/0 chk= 0.001(d=5) stat= 0.178 rest= 0.330
  [bmc-incr i=88 repr=15 active=2120/177264 POs=21]
BMC : c =    2096  cl =   4506  lit =  177255  p =     0  d =    16  f =     5  +  T =     0.04 sec
  [bmc-prof  88] wall=  42.008 p=    21 | ifo=  0.822(sd=0.205 nx=0.000 tfo=0.095 cnt=0.522) snap= 0.293 srm=  8.954 sat= 17.063(set=0.338 slv=16.705 max=4.0280 n=21) cex=R/T/F=16/0/5 trsplit=0 sim=14.420(rmp=0.423 run=13.996 n=1 d=4) incr=loc/full/maxdirty/keys=0/0/0/0 chk= 0.000(d=5) stat= 0.162 rest= 0.295
  [bmc-incr i=89 repr=15 active=2111/177255 POs=21]
BMC : c =    2087  cl =   4506  lit =  177246  p =     0  d =    16  f =     5  +  T =     0.04 sec
  [bmc-prof  89] wall=  42.016 p=    21 | ifo=  0.770(sd=0.178 nx=0.000 tfo=0.096 cnt=0.496) snap= 0.280 srm=  8.255 sat= 17.400(set=0.352 slv=17.028 max=4.0655 n=21) cex=R/T/F=16/0/5 trsplit=0 sim=14.827(rmp=0.457 run=14.369 n=1 d=4) incr=loc/full/maxdirty/keys=0/0/0/0 chk= 0.000(d=5) stat= 0.168 rest= 0.315
  [bmc-incr i=90 repr=15 active=2102/177246 POs=21]
BMC : c =    2078  cl =   4506  lit =  177237  p =     0  d =    16  f =     5  +  T =     0.04 sec
  [bmc-prof  90] wall=  44.464 p=    21 | ifo=  0.781(sd=0.203 nx=0.000 tfo=0.094 cnt=0.484) snap= 0.290 srm=  8.393 sat= 18.776(set=0.330 slv=18.425 max=4.2451 n=21) cex=R/T/F=16/0/5 trsplit=0 sim=15.723(rmp=0.491 run=15.232 n=1 d=4) incr=loc/full/maxdirty/keys=0/0/0/0 chk= 0.000(d=5) stat= 0.175 rest= 0.325
  [bmc-incr i=91 repr=15 active=2093/177237 POs=21]
BMC : c =    2069  cl =   4506  lit =  177228  p =     0  d =    16  f =     5  +  T =     0.05 sec
  [bmc-prof  91] wall=  47.683 p=    21 | ifo=  1.538(sd=0.689 nx=0.000 tfo=0.199 cnt=0.650) snap= 0.307 srm=  9.838 sat= 19.362(set=0.372 slv=18.965 max=4.3727 n=21) cex=R/T/F=16/0/5 trsplit=0 sim=16.103(rmp=0.509 run=15.593 n=1 d=4) incr=loc/full/maxdirty/keys=0/0/0/0 chk= 0.001(d=5) stat= 0.181 rest= 0.354
  [bmc-incr i=92 repr=15 active=2084/177228 POs=21]
BMC : c =    2059  cl =   4506  lit =  177219  p =     0  d =    16  f =     5  +  T =     0.05 sec
  [bmc-prof  92] wall=  48.645 p=    21 | ifo=  0.962(sd=0.243 nx=0.000 tfo=0.180 cnt=0.539) snap= 0.361 srm= 10.908 sat= 20.377(set=0.430 slv=19.922 max=4.6224 n=21) cex=R/T/F=16/0/5 trsplit=0 sim=15.398(rmp=0.664 run=14.733 n=1 d=4) incr=loc/full/maxdirty/keys=0/0/0/0 chk= 0.000(d=5) stat= 0.247 rest= 0.391
  [bmc-incr i=93 repr=16 active=2075/177219 POs=22]
BMC : c =    2051  cl =   4506  lit =  177209  p =     0  d =    17  f =     5  +  T =     0.05 sec
  [bmc-prof  93] wall=  48.294 p=    22 | ifo=  0.940(sd=0.250 nx=0.000 tfo=0.113 cnt=0.577) snap= 0.324 srm=  9.922 sat= 20.223(set=0.417 slv=19.782 max=4.4827 n=22) cex=R/T/F=17/0/5 trsplit=0 sim=16.359(rmp=0.519 run=15.839 n=1 d=5) incr=loc/full/maxdirty/keys=0/0/0/0 chk= 0.001(d=5) stat= 0.190 rest= 0.336
  [bmc-incr i=94 repr=15 active=2065/177209 POs=20]
BMC : c =    2038  cl =   4506  lit =  177200  p =     0  d =    15  f =     5  +  T =     0.05 sec
  [bmc-prof  94] wall=  47.181 p=    20 | ifo=  0.854(sd=0.195 nx=0.000 tfo=0.105 cnt=0.555) snap= 0.323 srm=  9.327 sat= 20.357(set=0.380 slv=19.956 max=4.5628 n=20) cex=R/T/F=15/0/5 trsplit=0 sim=15.597(rmp=0.511 run=15.085 n=1 d=4) incr=loc/full/maxdirty/keys=0/0/0/0 chk= 0.001(d=5) stat= 0.264 rest= 0.459
  [bmc-incr i=95 repr=18 active=2056/177200 POs=22]
BMC : c =    2030  cl =   4506  lit =  177191  p =     0  d =    17  f =     5  +  T =     0.05 sec
  [bmc-prof  95] wall=  48.504 p=    22 | ifo=  1.254(sd=0.333 nx=0.000 tfo=0.131 cnt=0.789) snap= 0.355 srm=  9.996 sat= 20.747(set=0.417 slv=20.303 max=4.4116 n=22) cex=R/T/F=17/0/5 trsplit=0 sim=15.653(rmp=0.485 run=15.168 n=1 d=4) incr=loc/full/maxdirty/keys=0/0/0/0 chk= 0.001(d=5) stat= 0.172 rest= 0.326
  [bmc-incr i=96 repr=16 active=2047/177191 POs=21]
BMC : c =    2021  cl =   4508  lit =  177181  p =     0  d =    16  f =     5  +  T =     0.05 sec
  [bmc-prof  96] wall=  46.745 p=    21 | ifo=  0.841(sd=0.201 nx=0.000 tfo=0.105 cnt=0.535) snap= 0.304 srm=  9.015 sat= 20.955(set=0.370 slv=20.561 max=4.5445 n=21) cex=R/T/F=16/0/5 trsplit=0 sim=15.062(rmp=0.592 run=14.469 n=1 d=5) incr=loc/full/maxdirty/keys=0/0/0/0 chk= 0.000(d=5) stat= 0.190 rest= 0.377
  [bmc-incr i=97 repr=16 active=2037/177181 POs=20]
BMC : c =    2012  cl =   4507  lit =  177170  p =     1  d =    14  f =     5  +  T =     0.05 sec
  [bmc-prof  97] wall=  47.664 p=    20 | ifo=  0.924(sd=0.245 nx=0.000 tfo=0.111 cnt=0.568) snap= 0.344 srm=  9.494 sat= 20.461(set=0.395 slv=20.045 max=4.3836 n=20) cex=R/T/F=14/0/5 trsplit=0 sim=15.922(rmp=0.474 run=15.447 n=1 d=6) incr=loc/full/maxdirty/keys=0/0/0/0 chk= 0.000(d=5) stat= 0.198 rest= 0.321
  [bmc-incr i=98 repr=15 active=2025/177170 POs=17]
BMC : c =    2001  cl =   4506  lit =  177161  p =     0  d =    12  f =     5  +  T =     0.05 sec
  [bmc-prof  98] wall=  47.238 p=    17 | ifo=  0.889(sd=0.193 nx=0.000 tfo=0.099 cnt=0.597) snap= 0.306 srm=  9.017 sat= 20.459(set=0.335 slv=20.110 max=4.5205 n=17) cex=R/T/F=12/0/5 trsplit=0 sim=16.070(rmp=0.467 run=15.602 n=1 d=4) incr=loc/full/maxdirty/keys=0/0/0/0 chk= 0.001(d=5) stat= 0.175 rest= 0.322
  [bmc-incr i=99 repr=15 active=2016/177161 POs=19]
BMC : c =    1992  cl =   4507  lit =  177151  p =     0  d =    14  f =     5  +  T =     0.05 sec
  [bmc-prof  99] wall=  49.406 p=    19 | ifo=  0.819(sd=0.192 nx=0.000 tfo=0.091 cnt=0.536) snap= 0.769 srm=  9.341 sat= 22.143(set=0.764 slv=21.361 max=4.4928 n=19) cex=R/T/F=14/0/5 trsplit=0 sim=15.813(rmp=0.508 run=15.304 n=1 d=5) incr=loc/full/maxdirty/keys=0/0/0/0 chk= 0.001(d=5) stat= 0.175 rest= 0.343
  [bmc-incr i=100 repr=15 active=2006/177151 POs=18]
BMC : c =    1983  cl =   4507  lit =  177141  p =     1  d =    12  f =     5  +  T =     0.05 sec
  [bmc-prof 100] wall=  49.093 p=    18 | ifo=  0.885(sd=0.219 nx=0.000 tfo=0.112 cnt=0.554) snap= 0.312 srm=  9.107 sat= 22.319(set=0.347 slv=21.957 max=5.8784 n=18) cex=R/T/F=12/0/5 trsplit=0 sim=15.948(rmp=0.598 run=15.349 n=1 d=5) incr=loc/full/maxdirty/keys=0/0/0/0 chk= 0.000(d=5) stat= 0.177 rest= 0.344
  [bmc-incr i=101 repr=14 active=1995/177141 POs=16]
BMC : c =    1973  cl =   4506  lit =  177132  p =     0  d =    11  f =     5  +  T =     0.05 sec
  [bmc-prof 101] wall=  48.226 p=    16 | ifo=  0.854(sd=0.197 nx=0.000 tfo=0.092 cnt=0.566) snap= 0.313 srm=  9.247 sat= 21.013(set=0.354 slv=20.647 max=4.3834 n=16) cex=R/T/F=11/0/5 trsplit=0 sim=16.153(rmp=0.554 run=15.597 n=1 d=4) incr=loc/full/maxdirty/keys=0/0/0/0 chk= 0.000(d=5) stat= 0.279 rest= 0.366
  [bmc-incr i=102 repr=14 active=1986/177132 POs=17]
BMC : c =    1964  cl =   4507  lit =  177122  p =     0  d =    12  f =     5  +  T =     0.05 sec
  [bmc-prof 102] wall=  48.722 p=    17 | ifo=  1.075(sd=0.310 nx=0.000 tfo=0.175 cnt=0.590) snap= 0.355 srm=  9.629 sat= 21.841(set=0.375 slv=21.448 max=4.4279 n=17) cex=R/T/F=12/0/5 trsplit=0 sim=15.301(rmp=0.470 run=14.831 n=1 d=5) incr=loc/full/maxdirty/keys=0/0/0/0 chk= 0.000(d=5) stat= 0.182 rest= 0.338
  [bmc-incr i=103 repr=14 active=1976/177122 POs=16]
BMC : c =    1955  cl =   4505  lit =  177111  p =     1  d =    10  f =     5  +  T =     0.05 sec
  [bmc-prof 103] wall=  51.217 p=    16 | ifo=  0.815(sd=0.195 nx=0.000 tfo=0.095 cnt=0.525) snap= 0.310 srm=  9.431 sat= 24.495(set=0.356 slv=24.125 max=7.1602 n=16) cex=R/T/F=10/0/5 trsplit=0 sim=15.661(rmp=0.505 run=15.154 n=1 d=6) incr=loc/full/maxdirty/keys=0/0/0/0 chk= 0.000(d=5) stat= 0.173 rest= 0.334
  [bmc-incr i=104 repr=13 active=1964/177111 POs=12]
BMC : c =    1947  cl =   4506  lit =  177105  p =     0  d =     8  f =     4  +  T =     0.05 sec
  [bmc-prof 104] wall=  50.180 p=    12 | ifo=  0.818(sd=0.194 nx=0.000 tfo=0.099 cnt=0.525) snap= 0.323 srm=  9.049 sat= 17.515(set=0.326 slv=17.179 max=4.4252 n=12) cex=R/T/F=8/0/4 trsplit=0 sim=21.953(rmp=0.530 run=21.421 n=1 d=2) incr=loc/full/maxdirty/keys=0/0/0/0 chk= 0.001(d=4) stat= 0.180 rest= 0.341
  [bmc-incr i=105 repr=10 active=1958/177105 POs=14]
BMC : c =    1941  cl =   4506  lit =  177098  p =     0  d =    10  f =     4  +  T =     0.05 sec
  [bmc-prof 105] wall=  46.406 p=    14 | ifo=  0.866(sd=0.214 nx=0.000 tfo=0.095 cnt=0.556) snap= 0.357 srm=  9.864 sat= 18.483(set=0.375 slv=18.087 max=4.4202 n=14) cex=R/T/F=10/0/4 trsplit=0 sim=16.310(rmp=0.534 run=15.775 n=1 d=3) incr=loc/full/maxdirty/keys=0/0/0/0 chk= 0.000(d=4) stat= 0.177 rest= 0.349
  [bmc-incr i=106 repr=10 active=1951/177098 POs=13]
BMC : c =    1934  cl =   4506  lit =  177091  p =     0  d =     9  f =     4  +  T =     0.05 sec
  [bmc-prof 106] wall=  49.681 p=    13 | ifo=  0.833(sd=0.196 nx=0.000 tfo=0.095 cnt=0.541) snap= 0.303 srm=  9.355 sat= 18.740(set=0.348 slv=18.377 max=4.5185 n=13) cex=R/T/F=9/0/4 trsplit=0 sim=19.867(rmp=0.592 run=19.274 n=1 d=3) incr=loc/full/maxdirty/keys=0/0/0/0 chk= 0.000(d=4) stat= 0.192 rest= 0.391
  [bmc-incr i=107 repr=10 active=1944/177091 POs=13]
BMC : c =    1927  cl =   4506  lit =  177084  p =     0  d =     9  f =     4  +  T =     0.05 sec
  [bmc-prof 107] wall=  45.453 p=    13 | ifo=  0.924(sd=0.250 nx=0.000 tfo=0.109 cnt=0.565) snap= 0.366 srm= 10.266 sat= 17.886(set=0.403 slv=17.468 max=4.3928 n=13) cex=R/T/F=9/0/4 trsplit=0 sim=15.507(rmp=0.484 run=15.022 n=1 d=3) incr=loc/full/maxdirty/keys=0/0/0/0 chk= 0.001(d=4) stat= 0.181 rest= 0.324
  [bmc-incr i=108 repr=10 active=1937/177084 POs=13]
BMC : c =    1920  cl =   4506  lit =  177077  p =     0  d =     9  f =     4  +  T =     0.05 sec
  [bmc-prof 108] wall=  46.474 p=    13 | ifo=  0.838(sd=0.193 nx=0.000 tfo=0.095 cnt=0.551) snap= 0.606 srm= 10.236 sat= 18.900(set=0.795 slv=18.092 max=4.7091 n=13) cex=R/T/F=9/0/4 trsplit=0 sim=15.378(rmp=0.483 run=14.894 n=1 d=3) incr=loc/full/maxdirty/keys=0/0/0/0 chk= 0.000(d=4) stat= 0.173 rest= 0.343
  [bmc-incr i=109 repr=10 active=1930/177077 POs=13]
BMC : c =    1911  cl =   4506  lit =  177070  p =     0  d =     9  f =     4  +  T =     0.04 sec
  [bmc-prof 109] wall=  44.970 p=    13 | ifo=  0.804(sd=0.192 nx=0.000 tfo=0.085 cnt=0.527) snap= 0.311 srm=  9.058 sat= 18.949(set=0.334 slv=18.600 max=5.1008 n=13) cex=R/T/F=9/0/4 trsplit=0 sim=15.337(rmp=0.477 run=14.859 n=1 d=3) incr=loc/full/maxdirty/keys=0/0/0/0 chk= 0.001(d=4) stat= 0.175 rest= 0.337
  [bmc-incr i=110 repr=12 active=1923/177070 POs=15]
BMC : c =    1904  cl =   4507  lit =  177061  p =     0  d =    11  f =     4  +  T =     0.05 sec
  [bmc-prof 110] wall=  48.997 p=    15 | ifo=  0.942(sd=0.233 nx=0.000 tfo=0.168 cnt=0.540) snap= 0.303 srm=  9.091 sat= 18.166(set=0.333 slv=17.819 max=4.4578 n=15) cex=R/T/F=11/0/4 trsplit=0 sim=19.984(rmp=0.497 run=19.486 n=1 d=5) incr=loc/full/maxdirty/keys=0/0/0/0 chk= 0.001(d=4) stat= 0.179 rest= 0.331
  [bmc-incr i=111 repr=12 active=1914/177061 POs=13]
BMC : c =    1896  cl =   4506  lit =  177052  p =     1  d =     8  f =     4  +  T =     0.05 sec
  [bmc-prof 111] wall=  46.119 p=    13 | ifo=  0.841(sd=0.195 nx=0.000 tfo=0.090 cnt=0.555) snap= 0.309 srm=  9.158 sat= 18.862(set=0.343 slv=18.504 max=4.8079 n=13) cex=R/T/F=8/0/4 trsplit=0 sim=16.439(rmp=0.481 run=15.957 n=1 d=5) incr=loc/full/maxdirty/keys=0/0/0/0 chk= 0.000(d=4) stat= 0.182 rest= 0.328
  [bmc-incr i=112 repr=11 active=1904/177052 POs=11]
BMC : c =    1889  cl =   4505  lit =  177045  p =     0  d =     7  f =     4  +  T =     0.05 sec
  [bmc-prof 112] wall=  49.523 p=    11 | ifo=  1.258(sd=0.193 nx=0.000 tfo=0.096 cnt=0.970) snap= 0.379 srm= 11.061 sat= 20.056(set=0.385 slv=19.659 max=5.2892 n=11) cex=R/T/F=7/0/4 trsplit=0 sim=16.233(rmp=0.491 run=15.741 n=1 d=3) incr=loc/full/maxdirty/keys=0/0/0/0 chk= 0.001(d=4) stat= 0.175 rest= 0.360
  [bmc-incr i=113 repr=9 active=1897/177045 POs=11]
BMC : c =    1882  cl =   4506  lit =  177039  p =     0  d =     7  f =     4  +  T =     0.04 sec
  [bmc-prof 113] wall=  44.468 p=    11 | ifo=  0.813(sd=0.195 nx=0.000 tfo=0.094 cnt=0.523) snap= 0.308 srm=  9.203 sat= 18.315(set=0.346 slv=17.960 max=4.4951 n=11) cex=R/T/F=7/0/4 trsplit=0 sim=15.321(rmp=0.474 run=14.847 n=1 d=2) incr=loc/full/maxdirty/keys=0/0/0/0 chk= 0.000(d=4) stat= 0.187 rest= 0.320
  [bmc-incr i=114 repr=9 active=1891/177039 POs=12]
BMC : c =    1876  cl =   4506  lit =  177032  p =     0  d =     8  f =     4  +  T =     0.05 sec
  [bmc-prof 114] wall=  45.571 p=    12 | ifo=  0.815(sd=0.192 nx=0.000 tfo=0.094 cnt=0.528) snap= 0.305 srm=  9.357 sat= 18.557(set=0.337 slv=18.205 max=4.6236 n=12) cex=R/T/F=8/0/4 trsplit=0 sim=16.025(rmp=0.542 run=15.482 n=1 d=3) incr=loc/full/maxdirty/keys=0/0/0/0 chk= 0.000(d=4) stat= 0.172 rest= 0.339
  [bmc-incr i=115 repr=9 active=1884/177032 POs=11]
BMC : c =    1869  cl =   4505  lit =  177025  p =     0  d =     7  f =     4  +  T =     0.05 sec
  [bmc-prof 115] wall=  45.874 p=    11 | ifo=  0.828(sd=0.198 nx=0.000 tfo=0.093 cnt=0.537) snap= 0.305 srm=  9.092 sat= 18.315(set=0.341 slv=17.961 max=4.4244 n=11) cex=R/T/F=7/0/4 trsplit=0 sim=16.318(rmp=0.472 run=15.845 n=1 d=3) incr=loc/full/maxdirty/keys=0/0/0/0 chk= 0.001(d=4) stat= 0.265 rest= 0.749
  [bmc-incr i=116 repr=9 active=1877/177025 POs=11]
BMC : c =    1862  cl =   4506  lit =  177019  p =     0  d =     7  f =     4  +  T =     0.05 sec
  [bmc-prof 116] wall=  46.823 p=    11 | ifo=  0.949(sd=0.320 nx=0.000 tfo=0.101 cnt=0.528) snap= 0.329 srm=  9.755 sat= 18.810(set=0.406 slv=18.390 max=4.4450 n=11) cex=R/T/F=7/0/4 trsplit=0 sim=16.434(rmp=0.622 run=15.811 n=1 d=2) incr=loc/full/maxdirty/keys=0/0/0/0 chk= 0.000(d=4) stat= 0.180 rest= 0.364
  [bmc-incr i=117 repr=9 active=1871/177019 POs=12]
BMC : c =    1854  cl =   4506  lit =  177012  p =     0  d =     8  f =     4  +  T =     0.05 sec
  [bmc-prof 117] wall=  46.240 p=    12 | ifo=  0.844(sd=0.198 nx=0.000 tfo=0.095 cnt=0.551) snap= 0.304 srm=  9.214 sat= 19.332(set=0.344 slv=18.973 max=4.8319 n=12) cex=R/T/F=8/0/4 trsplit=0 sim=16.008(rmp=0.522 run=15.484 n=1 d=3) incr=loc/full/maxdirty/keys=0/0/0/0 chk= 0.000(d=4) stat= 0.172 rest= 0.366
  [bmc-incr i=118 repr=11 active=1864/177012 POs=13]
BMC : c =    1847  cl =   4506  lit =  177003  p =     0  d =     9  f =     4  +  T =     0.05 sec
  [bmc-prof 118] wall=  45.886 p=    13 | ifo=  0.805(sd=0.193 nx=0.000 tfo=0.091 cnt=0.522) snap= 0.316 srm=  9.325 sat= 19.131(set=0.354 slv=18.764 max=4.5542 n=13) cex=R/T/F=9/0/4 trsplit=0 sim=15.796(rmp=0.469 run=15.326 n=1 d=5) incr=loc/full/maxdirty/keys=0/0/0/0 chk= 0.000(d=4) stat= 0.175 rest= 0.337
  [bmc-incr i=119 repr=11 active=1855/177003 POs=11]
BMC : c =    1839  cl =   4506  lit =  176995  p =     1  d =     6  f =     4  +  T =     0.05 sec
  [bmc-prof 119] wall=  45.842 p=    11 | ifo=  0.845(sd=0.207 nx=0.000 tfo=0.096 cnt=0.541) snap= 0.312 srm=  9.220 sat= 19.216(set=0.337 slv=18.870 max=4.5052 n=11) cex=R/T/F=6/0/4 trsplit=0 sim=15.725(rmp=0.470 run=15.254 n=1 d=4) incr=loc/full/maxdirty/keys=0/0/0/0 chk= 0.001(d=4) stat= 0.179 rest= 0.345
  [bmc-incr i=120 repr=10 active=1846/176995 POs=10]
BMC : c =    1833  cl =   4505  lit =  176988  p =     0  d =     6  f =     4  +  T =     0.05 sec
  [bmc-prof 120] wall=  45.504 p=    10 | ifo=  0.924(sd=0.244 nx=0.000 tfo=0.153 cnt=0.526) snap= 0.306 srm=  9.348 sat= 19.065(set=0.344 slv=18.712 max=4.5585 n=10) cex=R/T/F=6/0/4 trsplit=0 sim=15.359(rmp=0.462 run=14.896 n=1 d=3) incr=loc/full/maxdirty/keys=0/0/0/0 chk= 0.000(d=4) stat= 0.184 rest= 0.319
  [bmc-incr i=121 repr=8 active=1839/176988 POs=9]
BMC : c =    1826  cl =   4505  lit =  176982  p =     0  d =     5  f =     4  +  T =     0.05 sec
  [bmc-prof 121] wall=  45.891 p=     9 | ifo=  0.811(sd=0.197 nx=0.000 tfo=0.090 cnt=0.524) snap= 0.324 srm=  9.125 sat= 19.039(set=0.335 slv=18.697 max=4.4736 n=9) cex=R/T/F=5/0/4 trsplit=0 sim=16.096(rmp=0.481 run=15.614 n=1 d=2) incr=loc/full/maxdirty/keys=0/0/0/0 chk= 0.001(d=4) stat= 0.173 rest= 0.323
  [bmc-incr i=122 repr=8 active=1833/176982 POs=10]
BMC : c =    1818  cl =   4506  lit =  176976  p =     0  d =     6  f =     4  +  T =     0.05 sec
  [bmc-prof 122] wall=  47.415 p=    10 | ifo=  0.830(sd=0.203 nx=0.000 tfo=0.100 cnt=0.526) snap= 0.357 srm=  9.150 sat= 19.949(set=0.520 slv=19.419 max=4.9548 n=10) cex=R/T/F=6/0/4 trsplit=0 sim=16.605(rmp=0.517 run=16.087 n=1 d=2) incr=loc/full/maxdirty/keys=0/0/0/0 chk= 0.000(d=4) stat= 0.179 rest= 0.345
  [bmc-incr i=123 repr=10 active=1827/176976 POs=12]
BMC : c =    1812  cl =   4505  lit =  176967  p =     0  d =     8  f =     4  +  T =     0.05 sec
  [bmc-prof 123] wall=  48.228 p=    12 | ifo=  0.817(sd=0.198 nx=0.000 tfo=0.089 cnt=0.531) snap= 0.308 srm=  9.089 sat= 19.470(set=0.340 slv=19.113 max=4.5706 n=12) cex=R/T/F=8/0/4 trsplit=0 sim=17.976(rmp=0.639 run=17.336 n=1 d=5) incr=loc/full/maxdirty/keys=0/0/0/0 chk= 0.000(d=4) stat= 0.176 rest= 0.393
  [bmc-incr i=124 repr=10 active=1818/176967 POs=9]
BMC : c =    1804  cl =   4506  lit =  176960  p =     1  d =     4  f =     4  +  T =     0.05 sec
  [bmc-prof 124] wall=  46.214 p=     9 | ifo=  0.807(sd=0.195 nx=0.000 tfo=0.091 cnt=0.522) snap= 0.332 srm=  9.225 sat= 19.643(set=0.344 slv=19.290 max=4.5058 n=9) cex=R/T/F=4/0/4 trsplit=0 sim=15.690(rmp=0.508 run=15.181 n=1 d=3) incr=loc/full/maxdirty/keys=0/0/0/0 chk= 0.001(d=4) stat= 0.172 rest= 0.343
  [bmc-incr i=125 repr=9 active=1810/176960 POs=9]
BMC : c =    1799  cl =   4504  lit =  176953  p =     0  d =     5  f =     4  +  T =     0.05 sec
  [bmc-prof 125] wall=  45.959 p=     9 | ifo=  0.819(sd=0.204 nx=0.000 tfo=0.090 cnt=0.525) snap= 0.319 srm=  9.215 sat= 19.600(set=0.348 slv=19.243 max=4.5611 n=9) cex=R/T/F=5/0/4 trsplit=0 sim=15.502(rmp=0.475 run=15.026 n=1 d=3) incr=loc/full/maxdirty/keys=0/0/0/0 chk= 0.001(d=4) stat= 0.168 rest= 0.335
  [bmc-incr i=126 repr=7 active=1803/176953 POs=7]
BMC : c =    1790  cl =   4505  lit =  176948  p =     0  d =     3  f =     4  +  T =     0.05 sec
  [bmc-prof 126] wall=  47.139 p=     7 | ifo=  0.841(sd=0.194 nx=0.000 tfo=0.105 cnt=0.542) snap= 0.316 srm=  9.199 sat= 19.923(set=0.332 slv=19.584 max=4.7503 n=7) cex=R/T/F=3/0/4 trsplit=0 sim=16.308(rmp=0.507 run=15.800 n=1 d=1) incr=loc/full/maxdirty/keys=0/0/0/0 chk= 0.000(d=4) stat= 0.180 rest= 0.373
  [bmc-incr i=127 repr=9 active=1798/176948 POs=11]
BMC : c =    1785  cl =   4506  lit =  176941  p =     0  d =     7  f =     4  +  T =     0.05 sec
  [bmc-prof 127] wall=  49.091 p=    11 | ifo=  0.809(sd=0.196 nx=0.000 tfo=0.092 cnt=0.521) snap= 0.309 srm=  9.278 sat= 19.895(set=0.345 slv=19.536 max=4.5919 n=11) cex=R/T/F=7/0/4 trsplit=0 sim=18.237(rmp=0.479 run=17.756 n=1 d=3) incr=loc/full/maxdirty/keys=0/0/0/0 chk= 0.000(d=4) stat= 0.204 rest= 0.359
  [bmc-incr i=128 repr=9 active=1791/176941 POs=9]
BMC : c =    1779  cl =   4504  lit =  176933  p =     1  d =     4  f =     4  +  T =     0.05 sec
  [bmc-prof 128] wall=  46.892 p=     9 | ifo=  0.865(sd=0.195 nx=0.000 tfo=0.112 cnt=0.558) snap= 0.309 srm= 10.139 sat= 19.670(set=0.354 slv=19.309 max=4.5479 n=9) cex=R/T/F=4/0/4 trsplit=0 sim=15.402(rmp=0.480 run=14.921 n=1 d=4) incr=loc/full/maxdirty/keys=0/0/0/0 chk= 0.001(d=4) stat= 0.185 rest= 0.322
  [bmc-incr i=129 repr=8 active=1782/176933 POs=6]
BMC : c =    1773  cl =   4504  lit =  176927  p =     0  d =     1  f =     5  +  T =     0.05 sec
  [bmc-prof 129] wall=  48.700 p=     6 | ifo=  0.829(sd=0.192 nx=0.000 tfo=0.095 cnt=0.542) snap= 0.304 srm=  8.953 sat= 22.344(set=0.331 slv=22.007 max=8.6895 n=6) cex=R/T/F=1/0/5 trsplit=0 sim=15.757(rmp=0.498 run=15.258 n=1 d=1) incr=loc/full/maxdirty/keys=0/0/0/0 chk= 0.000(d=5) stat= 0.177 rest= 0.335
  [bmc-incr i=130 repr=6 active=1776/176927 POs=6]
BMC : c =    1767  cl =   4504  lit =  176921  p =     0  d =     1  f =     5  +  T =     0.04 sec
  [bmc-prof 130] wall=  41.868 p=     6 | ifo=  0.815(sd=0.194 nx=0.000 tfo=0.089 cnt=0.533) snap= 0.307 srm=  9.134 sat= 15.719(set=0.332 slv=15.383 max=4.4311 n=6) cex=R/T/F=1/0/5 trsplit=0 sim=15.399(rmp=0.474 run=14.923 n=1 d=1) incr=loc/full/maxdirty/keys=0/0/0/0 chk= 0.000(d=5) stat= 0.174 rest= 0.319
  [bmc-incr i=131 repr=6 active=1770/176921 POs=6]
BMC : c =    1761  cl =   4504  lit =  176915  p =     0  d =     1  f =     5  +  T =     0.04 sec
  [bmc-prof 131] wall=  42.612 p=     6 | ifo=  0.936(sd=0.200 nx=0.000 tfo=0.098 cnt=0.638) snap= 0.305 srm=  9.080 sat= 15.873(set=0.326 slv=15.542 max=4.5616 n=6) cex=R/T/F=1/0/5 trsplit=0 sim=15.723(rmp=0.468 run=15.253 n=1 d=1) incr=loc/full/maxdirty/keys=0/0/0/0 chk= 0.000(d=5) stat= 0.252 rest= 0.443
  [bmc-incr i=132 repr=6 active=1764/176915 POs=6]
BMC : c =    1755  cl =   4504  lit =  176909  p =     0  d =     1  f =     5  +  T =     0.04 sec
  [bmc-prof 132] wall=  43.916 p=     6 | ifo=  0.908(sd=0.235 nx=0.000 tfo=0.097 cnt=0.576) snap= 0.367 srm= 10.762 sat= 16.058(set=0.385 slv=15.669 max=4.4953 n=6) cex=R/T/F=1/0/5 trsplit=0 sim=15.328(rmp=0.468 run=14.860 n=1 d=1) incr=loc/full/maxdirty/keys=0/0/0/0 chk= 0.000(d=5) stat= 0.173 rest= 0.319
  [bmc-incr i=133 repr=6 active=1758/176909 POs=6]
BMC : c =    1747  cl =   4505  lit =  176903  p =     0  d =     1  f =     5  +  T =     0.05 sec
  [bmc-prof 133] wall=  45.209 p=     6 | ifo=  0.914(sd=0.238 nx=0.000 tfo=0.146 cnt=0.531) snap= 0.330 srm=  9.353 sat= 17.817(set=0.399 slv=17.412 max=5.9663 n=6) cex=R/T/F=1/0/5 trsplit=0 sim=16.278(rmp=0.515 run=15.762 n=1 d=1) incr=loc/full/maxdirty/keys=0/0/0/0 chk= 0.000(d=5) stat= 0.175 rest= 0.341
  [bmc-incr i=134 repr=8 active=1752/176903 POs=8]
BMC : c =    1741  cl =   4505  lit =  176896  p =     0  d =     3  f =     5  +  T =     0.04 sec
  [bmc-prof 134] wall=  43.412 p=     8 | ifo=  0.818(sd=0.193 nx=0.000 tfo=0.092 cnt=0.533) snap= 0.306 srm=  9.058 sat= 16.163(set=0.338 slv=15.818 max=4.4711 n=8) cex=R/T/F=3/0/5 trsplit=0 sim=16.532(rmp=0.519 run=16.012 n=1 d=2) incr=loc/full/maxdirty/keys=0/0/0/0 chk= 0.001(d=5) stat= 0.177 rest= 0.357
  [bmc-incr i=135 repr=8 active=1745/176896 POs=7]
BMC : c =    1735  cl =   4504  lit =  176889  p =     1  d =     1  f =     5  +  T =     0.04 sec
  [bmc-prof 135] wall=  43.040 p=     7 | ifo=  0.831(sd=0.198 nx=0.000 tfo=0.084 cnt=0.548) snap= 0.308 srm=  9.073 sat= 16.928(set=0.335 slv=16.588 max=5.0143 n=7) cex=R/T/F=1/0/5 trsplit=0 sim=15.390(rmp=0.533 run=14.856 n=1 d=2) incr=loc/full/maxdirty/keys=0/0/0/0 chk= 0.000(d=5) stat= 0.171 rest= 0.341
  [bmc-incr i=136 repr=7 active=1737/176889 POs=5]
BMC : c =    1730  cl =   4504  lit =  176884  p =     0  d =     0  f =     5  +  T =     0.04 sec
  [bmc-prof 136] wall=  43.536 p=     5 | ifo=  0.835(sd=0.223 nx=0.000 tfo=0.089 cnt=0.523) snap= 0.305 srm=  9.118 sat= 16.363(set=0.325 slv=16.034 max=4.4879 n=5) cex=R/T/F=0/0/5 trsplit=0 sim=16.398(rmp=0.497 run=15.899 n=1 d=0) incr=loc/full/maxdirty/keys=0/0/0/0 chk= 0.000(d=5) stat= 0.180 rest= 0.337
  [bmc-incr i=137 repr=5 active=1732/176884 POs=5]
BMC : c =    1725  cl =   4504  lit =  176879  p =     0  d =     0  f =     5  +  T =     0.04 sec
  [bmc-prof 137] wall=  42.816 p=     5 | ifo=  0.847(sd=0.214 nx=0.000 tfo=0.093 cnt=0.540) snap= 0.321 srm=  9.366 sat= 16.455(set=0.379 slv=16.073 max=4.5002 n=5) cex=R/T/F=0/0/5 trsplit=0 sim=15.316(rmp=0.458 run=14.856 n=1 d=0) incr=loc/full/maxdirty/keys=0/0/0/0 chk= 0.000(d=5) stat= 0.175 rest= 0.336
  [bmc-incr i=138 repr=5 active=1727/176879 POs=5]
BMC : c =    1720  cl =   4504  lit =  176874  p =     0  d =     0  f =     5  +  T =     0.04 sec
  [bmc-prof 138] wall=  42.790 p=     5 | ifo=  0.967(sd=0.235 nx=0.000 tfo=0.148 cnt=0.584) snap= 0.303 srm=  9.019 sat= 16.556(set=0.318 slv=16.235 max=4.5142 n=5) cex=R/T/F=0/0/5 trsplit=0 sim=15.430(rmp=0.467 run=14.962 n=1 d=0) incr=loc/full/maxdirty/keys=0/0/0/0 chk= 0.000(d=5) stat= 0.178 rest= 0.336
  [bmc-incr i=139 repr=5 active=1722/176874 POs=5]
BMC : c =    1715  cl =   4504  lit =  176869  p =     0  d =     0  f =     5  +  T =     0.04 sec
  [bmc-prof 139] wall=  44.005 p=     5 | ifo=  0.813(sd=0.205 nx=0.000 tfo=0.084 cnt=0.524) snap= 0.311 srm=  9.908 sat= 16.627(set=0.340 slv=16.284 max=4.4969 n=5) cex=R/T/F=0/0/5 trsplit=0 sim=15.855(rmp=0.465 run=15.389 n=1 d=0) incr=loc/full/maxdirty/keys=0/0/0/0 chk= 0.000(d=5) stat= 0.172 rest= 0.319
  [bmc-incr i=140 repr=5 active=1717/176869 POs=4]
BMC : c =    1711  cl =   4504  lit =  176865  p =     0  d =     0  f =     4  +  T =     0.04 sec
  [bmc-prof 140] wall=  44.834 p=     4 | ifo=  1.032(sd=0.313 nx=0.000 tfo=0.099 cnt=0.620) snap= 0.393 srm=  9.982 sat= 16.511(set=0.403 slv=16.104 max=5.2564 n=4) cex=R/T/F=0/0/4 trsplit=0 sim=16.399(rmp=0.502 run=15.896 n=1 d=0) incr=loc/full/maxdirty/keys=0/0/0/0 chk= 0.000(d=4) stat= 0.172 rest= 0.347
  [bmc-incr i=141 repr=4 active=1713/176865 POs=4]
BMC : c =    1707  cl =   4504  lit =  176861  p =     0  d =     0  f =     4  +  T =     0.05 sec
  [bmc-prof 141] wall=  45.210 p=     4 | ifo=  0.856(sd=0.223 nx=0.000 tfo=0.094 cnt=0.539) snap= 0.335 srm=  9.322 sat= 15.952(set=0.338 slv=15.611 max=4.5782 n=4) cex=R/T/F=0/0/4 trsplit=0 sim=18.233(rmp=0.472 run=17.759 n=1 d=0) incr=loc/full/maxdirty/keys=0/0/0/0 chk= 0.000(d=4) stat= 0.178 rest= 0.334
  [bmc-incr i=142 repr=4 active=1709/176861 POs=4]
BMC : c =    1703  cl =   4504  lit =  176857  p =     0  d =     0  f =     4  +  T =     0.04 sec
  [bmc-prof 142] wall=  42.785 p=     4 | ifo=  0.826(sd=0.206 nx=0.000 tfo=0.084 cnt=0.536) snap= 0.398 srm=  9.444 sat= 15.769(set=0.371 slv=15.395 max=4.4949 n=4) cex=R/T/F=0/0/4 trsplit=0 sim=15.823(rmp=0.584 run=15.238 n=1 d=0) incr=loc/full/maxdirty/keys=0/0/0/0 chk= 0.000(d=4) stat= 0.174 rest= 0.351
  [bmc-incr i=143 repr=4 active=1705/176857 POs=4]
BMC : c =    1699  cl =   4504  lit =  176853  p =     0  d =     0  f =     4  +  T =     0.04 sec
  [bmc-prof 143] wall=  44.249 p=     4 | ifo=  0.817(sd=0.190 nx=0.000 tfo=0.098 cnt=0.529) snap= 0.304 srm=  9.016 sat= 15.872(set=0.339 slv=15.531 max=4.5488 n=4) cex=R/T/F=0/0/4 trsplit=0 sim=17.698(rmp=0.462 run=17.234 n=1 d=0) incr=loc/full/maxdirty/keys=0/0/0/0 chk= 0.000(d=4) stat= 0.196 rest= 0.346
  [bmc-incr i=144 repr=4 active=1701/176853 POs=4]
BMC : c =    1695  cl =   4504  lit =  176849  p =     0  d =     0  f =     4  +  T =     0.04 sec
  [bmc-prof 144] wall=  43.680 p=     4 | ifo=  1.261(sd=0.254 nx=0.000 tfo=0.093 cnt=0.914) snap= 0.307 srm= 10.450 sat= 15.883(set=0.402 slv=15.479 max=4.4594 n=4) cex=R/T/F=0/0/4 trsplit=0 sim=15.282(rmp=0.522 run=14.760 n=1 d=0) incr=loc/full/maxdirty/keys=0/0/0/0 chk= 0.000(d=4) stat= 0.171 rest= 0.325
  [bmc-incr i=145 repr=4 active=1697/176849 POs=4]
BMC : c =    1691  cl =   4504  lit =  176845  p =     0  d =     0  f =     4  +  T =     0.04 sec
  [bmc-prof 145] wall=  42.449 p=     4 | ifo=  0.868(sd=0.207 nx=0.000 tfo=0.081 cnt=0.580) snap= 0.328 srm=  9.333 sat= 16.171(set=0.335 slv=15.833 max=4.7142 n=4) cex=R/T/F=0/0/4 trsplit=0 sim=15.254(rmp=0.468 run=14.785 n=1 d=0) incr=loc/full/maxdirty/keys=0/0/0/0 chk= 0.000(d=4) stat= 0.169 rest= 0.328
  [bmc-incr i=146 repr=4 active=1693/176845 POs=4]
BMC : c =    1687  cl =   4504  lit =  176841  p =     0  d =     0  f =     4  +  T =     0.04 sec
  [bmc-prof 146] wall=  44.842 p=     4 | ifo=  0.794(sd=0.194 nx=0.000 tfo=0.076 cnt=0.524) snap= 0.308 srm=  9.406 sat= 16.027(set=0.335 slv=15.689 max=4.5211 n=4) cex=R/T/F=0/0/4 trsplit=0 sim=17.757(rmp=0.479 run=17.278 n=1 d=0) incr=loc/full/maxdirty/keys=0/0/0/0 chk= 0.000(d=4) stat= 0.213 rest= 0.336
  [bmc-incr i=147 repr=4 active=1689/176841 POs=4]
BMC : c =    1683  cl =   4504  lit =  176837  p =     0  d =     0  f =     4  +  T =     0.04 sec
  [bmc-prof 147] wall=  44.472 p=     4 | ifo=  1.567(sd=0.230 nx=0.000 tfo=0.125 cnt=1.212) snap= 0.312 srm= 10.435 sat= 16.006(set=0.350 slv=15.653 max=4.4830 n=4) cex=R/T/F=0/0/4 trsplit=0 sim=15.651(rmp=0.491 run=15.159 n=1 d=0) incr=loc/full/maxdirty/keys=0/0/0/0 chk= 0.000(d=4) stat= 0.173 rest= 0.328
  [bmc-incr i=148 repr=4 active=1685/176837 POs=4]
BMC : c =    1679  cl =   4504  lit =  176833  p =     0  d =     0  f =     4  +  T =     0.04 sec
  [bmc-prof 148] wall=  41.925 p=     4 | ifo=  0.811(sd=0.192 nx=0.000 tfo=0.086 cnt=0.532) snap= 0.315 srm=  9.029 sat= 15.962(set=0.340 slv=15.619 max=4.4552 n=4) cex=R/T/F=0/0/4 trsplit=0 sim=15.323(rmp=0.479 run=14.843 n=1 d=0) incr=loc/full/maxdirty/keys=0/0/0/0 chk= 0.000(d=4) stat= 0.170 rest= 0.316
  [bmc-incr i=149 repr=4 active=1681/176833 POs=4]
BMC : c =    1675  cl =   4504  lit =  176829  p =     0  d =     0  f =     4  +  T =     0.05 sec
  [bmc-prof 149] wall=  48.066 p=     4 | ifo=  0.827(sd=0.193 nx=0.000 tfo=0.084 cnt=0.550) snap= 0.450 srm= 11.693 sat= 19.124(set=1.276 slv=17.843 max=4.6389 n=4) cex=R/T/F=0/0/4 trsplit=0 sim=15.469(rmp=0.509 run=14.959 n=1 d=0) incr=loc/full/maxdirty/keys=0/0/0/0 chk= 0.000(d=4) stat= 0.171 rest= 0.331
  [bmc-incr i=150 repr=4 active=1677/176829 POs=4]
BMC : c =    1671  cl =   4504  lit =  176825  p =     0  d =     0  f =     4  +  T =     0.04 sec
  [bmc-prof 150] wall=  42.804 p=     4 | ifo=  0.813(sd=0.193 nx=0.000 tfo=0.085 cnt=0.534) snap= 0.337 srm=  9.241 sat= 16.386(set=0.358 slv=16.025 max=4.7454 n=4) cex=R/T/F=0/0/4 trsplit=0 sim=15.531(rmp=0.482 run=15.048 n=1 d=0) incr=loc/full/maxdirty/keys=0/0/0/0 chk= 0.000(d=4) stat= 0.173 rest= 0.323
  [bmc-incr i=151 repr=4 active=1673/176825 POs=4]
BMC : c =    1667  cl =   4504  lit =  176821  p =     0  d =     0  f =     4  +  T =     0.04 sec
  [bmc-prof 151] wall=  43.293 p=     4 | ifo=  0.833(sd=0.205 nx=0.000 tfo=0.094 cnt=0.534) snap= 0.318 srm=  9.308 sat= 16.577(set=0.353 slv=16.220 max=4.8331 n=4) cex=R/T/F=0/0/4 trsplit=0 sim=15.763(rmp=0.466 run=15.296 n=1 d=0) incr=loc/full/maxdirty/keys=0/0/0/0 chk= 0.000(d=4) stat= 0.173 rest= 0.321
  [bmc-incr i=152 repr=4 active=1669/176821 POs=4]
BMC : c =    1663  cl =   4504  lit =  176817  p =     0  d =     0  f =     4  +  T =     0.04 sec
  [bmc-prof 152] wall=  42.800 p=     4 | ifo=  0.798(sd=0.191 nx=0.000 tfo=0.085 cnt=0.523) snap= 0.306 srm=  9.407 sat= 16.064(set=0.348 slv=15.713 max=4.5260 n=4) cex=R/T/F=0/0/4 trsplit=0 sim=15.729(rmp=0.468 run=15.259 n=1 d=0) incr=loc/full/maxdirty/keys=0/0/0/0 chk= 0.000(d=4) stat= 0.173 rest= 0.323
  [bmc-incr i=153 repr=4 active=1665/176817 POs=4]
BMC : c =    1659  cl =   4504  lit =  176813  p =     0  d =     0  f =     4  +  T =     0.04 sec
  [bmc-prof 153] wall=  42.973 p=     4 | ifo=  0.845(sd=0.228 nx=0.000 tfo=0.081 cnt=0.537) snap= 0.315 srm=  9.640 sat= 16.098(set=0.359 slv=15.737 max=4.4940 n=4) cex=R/T/F=0/0/4 trsplit=0 sim=15.584(rmp=0.526 run=15.057 n=1 d=0) incr=loc/full/maxdirty/keys=0/0/0/0 chk= 0.000(d=4) stat= 0.171 rest= 0.319
  [bmc-incr i=154 repr=4 active=1661/176813 POs=4]
BMC : c =    1655  cl =   4504  lit =  176809  p =     0  d =     0  f =     4  +  T =     0.05 sec
  [bmc-prof 154] wall=  50.134 p=     4 | ifo=  0.811(sd=0.193 nx=0.000 tfo=0.093 cnt=0.525) snap= 0.341 srm= 14.819 sat= 18.023(set=0.384 slv=17.635 max=6.2879 n=4) cex=R/T/F=0/0/4 trsplit=0 sim=15.584(rmp=0.489 run=15.094 n=1 d=0) incr=loc/full/maxdirty/keys=0/0/0/0 chk= 0.000(d=4) stat= 0.179 rest= 0.376
  [bmc-incr i=155 repr=4 active=1657/176809 POs=4]
BMC : c =    1651  cl =   4504  lit =  176805  p =     0  d =     0  f =     4  +  T =     0.04 sec
  [bmc-prof 155] wall=  42.248 p=     4 | ifo=  0.909(sd=0.244 nx=0.000 tfo=0.131 cnt=0.534) snap= 0.317 srm=  9.237 sat= 16.149(set=0.342 slv=15.804 max=4.5362 n=4) cex=R/T/F=0/0/4 trsplit=0 sim=15.150(rmp=0.451 run=14.698 n=1 d=0) incr=loc/full/maxdirty/keys=0/0/0/0 chk= 0.000(d=4) stat= 0.170 rest= 0.316
  [bmc-incr i=156 repr=4 active=1653/176805 POs=4]
BMC : c =    1647  cl =   4504  lit =  176801  p =     0  d =     0  f =     4  +  T =     0.04 sec
  [bmc-prof 156] wall=  42.090 p=     4 | ifo=  0.811(sd=0.203 nx=0.000 tfo=0.083 cnt=0.525) snap= 0.304 srm=  9.177 sat= 16.053(set=0.341 slv=15.710 max=4.4900 n=4) cex=R/T/F=0/0/4 trsplit=0 sim=15.259(rmp=0.466 run=14.792 n=1 d=0) incr=loc/full/maxdirty/keys=0/0/0/0 chk= 0.000(d=4) stat= 0.168 rest= 0.318
  [bmc-incr i=157 repr=4 active=1649/176801 POs=4]
BMC : c =    1643  cl =   4504  lit =  176797  p =     0  d =     0  f =     4  +  T =     0.04 sec
  [bmc-prof 157] wall=  42.013 p=     4 | ifo=  0.803(sd=0.191 nx=0.000 tfo=0.078 cnt=0.534) snap= 0.309 srm=  9.061 sat= 16.117(set=0.342 slv=15.772 max=4.5094 n=4) cex=R/T/F=0/0/4 trsplit=0 sim=15.225(rmp=0.459 run=14.765 n=1 d=0) incr=loc/full/maxdirty/keys=0/0/0/0 chk= 0.000(d=4) stat= 0.176 rest= 0.323
  [bmc-incr i=158 repr=4 active=1645/176797 POs=4]
BMC : c =    1639  cl =   4504  lit =  176793  p =     0  d =     0  f =     4  +  T =     0.05 sec
  [bmc-prof 158] wall=  47.115 p=     4 | ifo=  0.793(sd=0.191 nx=0.000 tfo=0.080 cnt=0.522) snap= 0.310 srm=  9.145 sat= 16.344(set=0.344 slv=15.996 max=4.6742 n=4) cex=R/T/F=0/0/4 trsplit=0 sim=20.011(rmp=0.471 run=19.539 n=1 d=0) incr=loc/full/maxdirty/keys=0/0/0/0 chk= 0.000(d=4) stat= 0.174 rest= 0.339
  [bmc-incr i=159 repr=4 active=1641/176793 POs=4]
BMC : c =    1635  cl =   4504  lit =  176789  p =     0  d =     0  f =     4  +  T =     0.04 sec
  [bmc-prof 159] wall=  42.710 p=     4 | ifo=  0.795(sd=0.192 nx=0.000 tfo=0.080 cnt=0.523) snap= 0.304 srm=  9.226 sat= 16.249(set=0.346 slv=15.900 max=4.5700 n=4) cex=R/T/F=0/0/4 trsplit=0 sim=15.602(rmp=0.464 run=15.136 n=1 d=0) incr=loc/full/maxdirty/keys=0/0/0/0 chk= 0.000(d=4) stat= 0.195 rest= 0.339
  [bmc-incr i=160 repr=4 active=1637/176789 POs=4]
BMC : c =    1631  cl =   4504  lit =  176785  p =     0  d =     0  f =     4  +  T =     0.04 sec
  [bmc-prof 160] wall=  42.453 p=     4 | ifo=  0.835(sd=0.220 nx=0.000 tfo=0.080 cnt=0.535) snap= 0.307 srm=  9.311 sat= 16.248(set=0.352 slv=15.893 max=4.5734 n=4) cex=R/T/F=0/0/4 trsplit=0 sim=15.261(rmp=0.463 run=14.798 n=1 d=0) incr=loc/full/maxdirty/keys=0/0/0/0 chk= 0.000(d=4) stat= 0.171 rest= 0.319
  [bmc-incr i=161 repr=4 active=1633/176785 POs=2]
BMC : c =    1629  cl =   4504  lit =  176783  p =     0  d =     0  f =     2  +  T =     0.03 sec
  [bmc-prof 161] wall=  33.305 p=     2 | ifo=  0.817(sd=0.194 nx=0.000 tfo=0.086 cnt=0.537) snap= 0.313 srm=  8.517 sat=  7.363(set=0.232 slv=7.129 max=4.8499 n=2) cex=R/T/F=0/0/2 trsplit=0 sim=15.781(rmp=0.470 run=15.309 n=1 d=0) incr=loc/full/maxdirty/keys=0/0/0/0 chk= 0.000(d=2) stat= 0.186 rest= 0.327
  [bmc-incr i=162 repr=2 active=1631/176783 POs=2]
BMC : c =    1627  cl =   4504  lit =  176781  p =     0  d =     0  f =     2  +  T =     0.03 sec
  [bmc-prof 162] wall=  32.951 p=     2 | ifo=  0.809(sd=0.202 nx=0.000 tfo=0.085 cnt=0.522) snap= 0.307 srm=  8.996 sat=  7.108(set=0.235 slv=6.870 max=4.5016 n=2) cex=R/T/F=0/0/2 trsplit=0 sim=15.242(rmp=0.476 run=14.765 n=1 d=0) incr=loc/full/maxdirty/keys=0/0/0/0 chk= 0.000(d=2) stat= 0.170 rest= 0.319
  [bmc-incr i=163 repr=2 active=1629/176781 POs=2]
BMC : c =    1625  cl =   4504  lit =  176779  p =     0  d =     0  f =     2  +  T =     0.03 sec
  [bmc-prof 163] wall=  32.374 p=     2 | ifo=  0.814(sd=0.201 nx=0.000 tfo=0.089 cnt=0.524) snap= 0.306 srm=  8.488 sat=  7.121(set=0.248 slv=6.871 max=4.5267 n=2) cex=R/T/F=0/0/2 trsplit=0 sim=15.106(rmp=0.459 run=14.646 n=1 d=0) incr=loc/full/maxdirty/keys=0/0/0/0 chk= 0.000(d=2) stat= 0.224 rest= 0.315
  [bmc-incr i=164 repr=2 active=1627/176779 POs=2]
BMC : c =    1623  cl =   4504  lit =  176777  p =     0  d =     0  f =     2  +  T =     0.04 sec
  [bmc-prof 164] wall=  36.789 p=     2 | ifo=  0.916(sd=0.192 nx=0.000 tfo=0.077 cnt=0.647) snap= 0.382 srm= 10.634 sat=  8.284(set=0.301 slv=7.980 max=5.4158 n=2) cex=R/T/F=0/0/2 trsplit=0 sim=16.043(rmp=0.509 run=15.533 n=1 d=0) incr=loc/full/maxdirty/keys=0/0/0/0 chk= 0.000(d=2) stat= 0.184 rest= 0.346
  [bmc-incr i=165 repr=2 active=1625/176777 POs=2]
BMC : c =    1621  cl =   4504  lit =  176775  p =     0  d =     0  f =     2  +  T =     0.03 sec
  [bmc-prof 165] wall=  32.757 p=     2 | ifo=  0.803(sd=0.195 nx=0.000 tfo=0.084 cnt=0.523) snap= 0.303 srm=  8.627 sat=  7.074(set=0.229 slv=6.843 max=4.5510 n=2) cex=R/T/F=0/0/2 trsplit=0 sim=15.431(rmp=0.450 run=14.980 n=1 d=0) incr=loc/full/maxdirty/keys=0/0/0/0 chk= 0.000(d=2) stat= 0.176 rest= 0.342
  [bmc-incr i=166 repr=2 active=1623/176775 POs=2]
BMC : c =    1619  cl =   4504  lit =  176773  p =     0  d =     0  f =     2  +  T =     0.04 sec
  [bmc-prof 166] wall=  35.694 p=     2 | ifo=  1.046(sd=0.239 nx=0.000 tfo=0.171 cnt=0.637) snap= 0.381 srm= 10.684 sat=  7.294(set=0.264 slv=7.026 max=4.7434 n=2) cex=R/T/F=0/0/2 trsplit=0 sim=15.709(rmp=0.579 run=15.129 n=1 d=0) incr=loc/full/maxdirty/keys=0/0/0/0 chk= 0.000(d=2) stat= 0.199 rest= 0.380
  [bmc-incr i=167 repr=2 active=1621/176773 POs=2]
BMC : c =    1617  cl =   4504  lit =  176771  p =     0  d =     0  f =     2  +  T =     0.03 sec
  [bmc-prof 167] wall=  33.636 p=     2 | ifo=  0.836(sd=0.200 nx=0.000 tfo=0.086 cnt=0.550) snap= 0.329 srm=  9.083 sat=  7.250(set=0.262 slv=6.984 max=4.6197 n=2) cex=R/T/F=0/0/2 trsplit=0 sim=15.630(rmp=0.481 run=15.148 n=1 d=0) incr=loc/full/maxdirty/keys=0/0/0/0 chk= 0.000(d=2) stat= 0.174 rest= 0.334
  [bmc-incr i=168 repr=2 active=1619/176771 POs=2]
BMC : c =    1615  cl =   4504  lit =  176769  p =     0  d =     0  f =     2  +  T =     0.03 sec
  [bmc-prof 168] wall=  32.947 p=     2 | ifo=  0.842(sd=0.232 nx=0.000 tfo=0.084 cnt=0.526) snap= 0.304 srm=  8.554 sat=  7.071(set=0.225 slv=6.843 max=4.5586 n=2) cex=R/T/F=0/0/2 trsplit=0 sim=15.646(rmp=0.537 run=15.107 n=1 d=0) incr=loc/full/maxdirty/keys=0/0/0/0 chk= 0.000(d=2) stat= 0.186 rest= 0.344
  [bmc-incr i=169 repr=2 active=1617/176769 POs=2]
BMC : c =    1613  cl =   4504  lit =  176767  p =     0  d =     0  f =     2  +  T =     0.03 sec
  [bmc-prof 169] wall=  32.658 p=     2 | ifo=  0.801(sd=0.198 nx=0.000 tfo=0.079 cnt=0.524) snap= 0.306 srm=  8.742 sat=  7.097(set=0.236 slv=6.858 max=4.5596 n=2) cex=R/T/F=0/0/2 trsplit=0 sim=15.218(rmp=0.464 run=14.754 n=1 d=0) incr=loc/full/maxdirty/keys=0/0/0/0 chk= 0.000(d=2) stat= 0.167 rest= 0.327
  [bmc-incr i=170 repr=2 active=1615/176767 POs=2]
BMC : c =    1611  cl =   4504  lit =  176765  p =     0  d =     0  f =     2  +  T =     0.03 sec
  [bmc-prof 170] wall=  32.451 p=     2 | ifo=  0.803(sd=0.192 nx=0.000 tfo=0.081 cnt=0.530) snap= 0.335 srm=  8.468 sat=  7.097(set=0.236 slv=6.859 max=4.5737 n=2) cex=R/T/F=0/0/2 trsplit=0 sim=15.250(rmp=0.464 run=14.786 n=1 d=0) incr=loc/full/maxdirty/keys=0/0/0/0 chk= 0.000(d=2) stat= 0.171 rest= 0.325
  [bmc-incr i=171 repr=2 active=1613/176765 POs=2]
BMC : c =    1609  cl =   4504  lit =  176763  p =     0  d =     0  f =     2  +  T =     0.03 sec
  [bmc-prof 171] wall=  32.439 p=     2 | ifo=  0.813(sd=0.196 nx=0.000 tfo=0.083 cnt=0.534) snap= 0.304 srm=  8.608 sat=  7.106(set=0.229 slv=6.875 max=4.5402 n=2) cex=R/T/F=0/0/2 trsplit=0 sim=15.104(rmp=0.454 run=14.650 n=1 d=0) incr=loc/full/maxdirty/keys=0/0/0/0 chk= 0.000(d=2) stat= 0.172 rest= 0.331
  [bmc-incr i=172 repr=2 active=1611/176763 POs=2]
BMC : c =    1607  cl =   4504  lit =  176761  p =     0  d =     0  f =     2  +  T =     0.03 sec
  [bmc-prof 172] wall=  33.675 p=     2 | ifo=  0.817(sd=0.196 nx=0.000 tfo=0.079 cnt=0.542) snap= 0.336 srm=  9.514 sat=  7.287(set=0.291 slv=6.992 max=4.6447 n=2) cex=R/T/F=0/0/2 trsplit=0 sim=15.179(rmp=0.461 run=14.717 n=1 d=0) incr=loc/full/maxdirty/keys=0/0/0/0 chk= 0.000(d=2) stat= 0.226 rest= 0.316
  [bmc-incr i=173 repr=2 active=1609/176761 POs=2]
BMC : c =    1605  cl =   4504  lit =  176759  p =     0  d =     0  f =     2  +  T =     0.03 sec
  [bmc-prof 173] wall=  32.398 p=     2 | ifo=  0.798(sd=0.195 nx=0.000 tfo=0.076 cnt=0.527) snap= 0.314 srm=  8.576 sat=  7.041(set=0.232 slv=6.807 max=4.5066 n=2) cex=R/T/F=0/0/2 trsplit=0 sim=15.185(rmp=0.468 run=14.717 n=1 d=0) incr=loc/full/maxdirty/keys=0/0/0/0 chk= 0.000(d=2) stat= 0.170 rest= 0.315
  [bmc-incr i=174 repr=2 active=1607/176759 POs=2]
BMC : c =    1603  cl =   4504  lit =  176757  p =     0  d =     0  f =     2  +  T =     0.03 sec
  [bmc-prof 174] wall=  32.535 p=     2 | ifo=  1.037(sd=0.197 nx=0.000 tfo=0.084 cnt=0.755) snap= 0.327 srm=  8.526 sat=  7.039(set=0.226 slv=6.812 max=4.5045 n=2) cex=R/T/F=0/0/2 trsplit=0 sim=15.114(rmp=0.457 run=14.656 n=1 d=0) incr=loc/full/maxdirty/keys=0/0/0/0 chk= 0.000(d=2) stat= 0.176 rest= 0.315
  [bmc-incr i=175 repr=2 active=1605/176757 POs=2]
BMC : c =    1601  cl =   4504  lit =  176755  p =     0  d =     0  f =     2  +  T =     0.03 sec
  [bmc-prof 175] wall=  32.363 p=     2 | ifo=  0.791(sd=0.189 nx=0.000 tfo=0.079 cnt=0.522) snap= 0.323 srm=  8.692 sat=  6.870(set=0.231 slv=6.637 max=4.4968 n=2) cex=R/T/F=0/0/2 trsplit=0 sim=15.201(rmp=0.458 run=14.742 n=1 d=0) incr=loc/full/maxdirty/keys=0/0/0/0 chk= 0.000(d=2) stat= 0.166 rest= 0.321
  [bmc-incr i=176 repr=2 active=1603/176755 POs=2]
BMC : c =    1599  cl =   4504  lit =  176753  p =     0  d =     0  f =     2  +  T =     0.04 sec
  [bmc-prof 176] wall=  38.354 p=     2 | ifo=  0.793(sd=0.191 nx=0.000 tfo=0.074 cnt=0.528) snap= 0.317 srm=  9.414 sat= 11.302(set=0.370 slv=10.930 max=8.3652 n=2) cex=R/T/F=0/0/2 trsplit=0 sim=16.018(rmp=0.488 run=15.529 n=1 d=0) incr=loc/full/maxdirty/keys=0/0/0/0 chk= 0.000(d=2) stat= 0.172 rest= 0.337
  [bmc-incr i=177 repr=2 active=1601/176753 POs=2]
BMC : c =    1597  cl =   4504  lit =  176751  p =     0  d =     0  f =     2  +  T =     0.03 sec
  [bmc-prof 177] wall=  32.843 p=     2 | ifo=  0.848(sd=0.207 nx=0.000 tfo=0.094 cnt=0.547) snap= 0.305 srm=  8.643 sat=  6.724(set=0.234 slv=6.487 max=4.6069 n=2) cex=R/T/F=0/0/2 trsplit=0 sim=15.800(rmp=0.511 run=15.287 n=1 d=0) incr=loc/full/maxdirty/keys=0/0/0/0 chk= 0.000(d=2) stat= 0.176 rest= 0.346
  [bmc-incr i=178 repr=2 active=1599/176751 POs=2]
BMC : c =    1595  cl =   4504  lit =  176749  p =     0  d =     0  f =     2  +  T =     0.03 sec
  [bmc-prof 178] wall=  33.681 p=     2 | ifo=  0.845(sd=0.207 nx=0.000 tfo=0.098 cnt=0.540) snap= 0.306 srm=  8.529 sat=  6.562(set=0.240 slv=6.320 max=4.5814 n=2) cex=R/T/F=0/0/2 trsplit=0 sim=16.926(rmp=0.475 run=16.450 n=1 d=0) incr=loc/full/maxdirty/keys=0/0/0/0 chk= 0.000(d=2) stat= 0.183 rest= 0.329
  [bmc-incr i=179 repr=2 active=1597/176749 POs=2]
BMC : c =    1593  cl =   4504  lit =  176747  p =     0  d =     0  f =     2  +  T =     0.03 sec
  [bmc-prof 179] wall=  32.286 p=     2 | ifo=  0.813(sd=0.193 nx=0.000 tfo=0.087 cnt=0.533) snap= 0.333 srm=  9.084 sat=  6.388(set=0.242 slv=6.144 max=4.5205 n=2) cex=R/T/F=0/0/2 trsplit=0 sim=15.178(rmp=0.471 run=14.706 n=1 d=0) incr=loc/full/maxdirty/keys=0/0/0/0 chk= 0.000(d=2) stat= 0.175 rest= 0.315
  [bmc-incr i=180 repr=2 active=1595/176747 POs=2]
BMC : c =    1591  cl =   4504  lit =  176745  p =     0  d =     0  f =     2  +  T =     0.03 sec
  [bmc-prof 180] wall=  33.385 p=     2 | ifo=  0.970(sd=0.193 nx=0.000 tfo=0.082 cnt=0.695) snap= 0.305 srm=  8.563 sat=  6.510(set=0.257 slv=6.250 max=4.6663 n=2) cex=R/T/F=0/0/2 trsplit=0 sim=16.515(rmp=0.453 run=16.060 n=1 d=0) incr=loc/full/maxdirty/keys=0/0/0/0 chk= 0.000(d=2) stat= 0.185 rest= 0.336
  [bmc-incr i=181 repr=2 active=1593/176745 POs=2]
BMC : c =    1589  cl =   4504  lit =  176743  p =     0  d =     0  f =     2  +  T =     0.03 sec
  [bmc-prof 181] wall=  33.325 p=     2 | ifo=  1.212(sd=0.229 nx=0.000 tfo=0.277 cnt=0.705) snap= 0.322 srm=  9.183 sat=  6.297(set=0.266 slv=6.028 max=4.6231 n=2) cex=R/T/F=0/0/2 trsplit=0 sim=15.774(rmp=0.688 run=15.085 n=1 d=0) incr=loc/full/maxdirty/keys=0/0/0/0 chk= 0.000(d=2) stat= 0.220 rest= 0.317
  [bmc-incr i=182 repr=2 active=1591/176743 POs=2]
BMC : c =    1587  cl =   4504  lit =  176741  p =     0  d =     0  f =     2  +  T =     0.03 sec
  [bmc-prof 182] wall=  32.532 p=     2 | ifo=  0.800(sd=0.192 nx=0.000 tfo=0.083 cnt=0.524) snap= 0.311 srm=  9.206 sat=  6.121(set=0.274 slv=5.845 max=4.5614 n=2) cex=R/T/F=0/0/2 trsplit=0 sim=15.605(rmp=0.475 run=15.129 n=1 d=0) incr=loc/full/maxdirty/keys=0/0/0/0 chk= 0.000(d=2) stat= 0.171 rest= 0.318
  [bmc-incr i=183 repr=2 active=1589/176741 POs=2]
BMC : c =    1585  cl =   4504  lit =  176739  p =     0  d =     0  f =     2  +  T =     0.03 sec
  [bmc-prof 183] wall=  33.689 p=     2 | ifo=  0.792(sd=0.191 nx=0.000 tfo=0.078 cnt=0.523) snap= 0.304 srm=  8.520 sat=  5.974(set=0.254 slv=5.718 max=4.5488 n=2) cex=R/T/F=0/0/2 trsplit=0 sim=17.585(rmp=0.451 run=17.132 n=1 d=0) incr=loc/full/maxdirty/keys=0/0/0/0 chk= 0.000(d=2) stat= 0.180 rest= 0.334
  [bmc-incr i=184 repr=2 active=1587/176739 POs=2]
BMC : c =    1583  cl =   4504  lit =  176737  p =     0  d =     0  f =     2  +  T =     0.03 sec
  [bmc-prof 184] wall=  32.568 p=     2 | ifo=  0.811(sd=0.194 nx=0.000 tfo=0.084 cnt=0.533) snap= 0.311 srm=  8.929 sat=  5.892(set=0.253 slv=5.637 max=4.5371 n=2) cex=R/T/F=0/0/2 trsplit=0 sim=16.001(rmp=0.474 run=15.526 n=1 d=0) incr=loc/full/maxdirty/keys=0/0/0/0 chk= 0.000(d=2) stat= 0.174 rest= 0.450
  [bmc-incr i=185 repr=2 active=1585/176737 POs=2]
BMC : c =    1581  cl =   4504  lit =  176735  p =     0  d =     0  f =     2  +  T =     0.03 sec
  [bmc-prof 185] wall=  32.940 p=     2 | ifo=  0.807(sd=0.192 nx=0.000 tfo=0.081 cnt=0.534) snap= 0.318 srm=  8.786 sat=  5.828(set=0.257 slv=5.568 max=4.5281 n=2) cex=R/T/F=0/0/2 trsplit=0 sim=16.664(rmp=0.539 run=16.124 n=1 d=0) incr=loc/full/maxdirty/keys=0/0/0/0 chk= 0.000(d=2) stat= 0.188 rest= 0.349
  [bmc-incr i=186 repr=2 active=1583/176735 POs=2]
BMC : c =    1579  cl =   4504  lit =  176733  p =     0  d =     0  f =     2  +  T =     0.03 sec
  [bmc-prof 186] wall=  34.118 p=     2 | ifo=  0.909(sd=0.238 nx=0.000 tfo=0.095 cnt=0.576) snap= 0.393 srm=  9.484 sat=  5.826(set=0.272 slv=5.552 max=4.6354 n=2) cex=R/T/F=0/0/2 trsplit=0 sim=16.963(rmp=0.571 run=16.391 n=1 d=0) incr=loc/full/maxdirty/keys=0/0/0/0 chk= 0.000(d=2) stat= 0.191 rest= 0.352
  [bmc-incr i=187 repr=2 active=1581/176733 POs=2]
BMC : c =    1577  cl =   4504  lit =  176731  p =     0  d =     0  f =     2  +  T =     0.03 sec
  [bmc-prof 187] wall=  31.691 p=     2 | ifo=  0.804(sd=0.191 nx=0.000 tfo=0.084 cnt=0.529) snap= 0.313 srm=  8.935 sat=  5.638(set=0.245 slv=5.391 max=4.5622 n=2) cex=R/T/F=0/0/2 trsplit=0 sim=15.505(rmp=0.465 run=15.039 n=1 d=0) incr=loc/full/maxdirty/keys=0/0/0/0 chk= 0.000(d=2) stat= 0.175 rest= 0.321
  [bmc-incr i=188 repr=2 active=1579/176731 POs=2]
BMC : c =    1575  cl =   4504  lit =  176729  p =     0  d =     0  f =     2  +  T =     0.05 sec
  [bmc-prof 188] wall=  48.165 p=     2 | ifo=  0.887(sd=0.224 nx=0.000 tfo=0.127 cnt=0.537) snap= 0.330 srm=  8.486 sat= 22.564(set=0.240 slv=22.321 max=17.6694 n=2) cex=R/T/F=0/0/2 trsplit=0 sim=15.403(rmp=0.475 run=14.928 n=1 d=0) incr=loc/full/maxdirty/keys=0/0/0/0 chk= 0.000(d=2) stat= 0.171 rest= 0.325
  [bmc-incr i=189 repr=2 active=1577/176729 POs=2]
BMC : c =    1573  cl =   4504  lit =  176727  p =     0  d =     0  f =     2  +  T =     0.05 sec
  [bmc-prof 189] wall=  48.317 p=     2 | ifo=  0.794(sd=0.192 nx=0.000 tfo=0.081 cnt=0.521) snap= 0.304 srm=  8.691 sat= 22.683(set=0.230 slv=22.450 max=17.7975 n=2) cex=R/T/F=0/0/2 trsplit=0 sim=15.353(rmp=0.479 run=14.873 n=1 d=0) incr=loc/full/maxdirty/keys=0/0/0/0 chk= 0.000(d=2) stat= 0.171 rest= 0.321
  [bmc-incr i=190 repr=2 active=1575/176727 POs=2]
BMC : c =    1571  cl =   4504  lit =  176725  p =     0  d =     0  f =     2  +  T =     0.05 sec
  [bmc-prof 190] wall=  52.013 p=     2 | ifo=  0.809(sd=0.190 nx=0.000 tfo=0.079 cnt=0.540) snap= 0.305 srm=  8.527 sat= 24.713(set=0.236 slv=24.474 max=19.9054 n=2) cex=R/T/F=0/0/2 trsplit=0 sim=17.068(rmp=0.616 run=16.452 n=1 d=0) incr=loc/full/maxdirty/keys=0/0/0/0 chk= 0.000(d=2) stat= 0.177 rest= 0.412
  [bmc-incr i=191 repr=2 active=1573/176725 POs=2]
BMC : c =    1570  cl =   4503  lit =  176723  p =     0  d =     1  f =     1  +  T =     0.07 sec
  [bmc-prof 191] wall=  74.085 p=     2 | ifo=  0.819(sd=0.202 nx=0.000 tfo=0.094 cnt=0.524) snap= 0.312 srm=  8.719 sat= 46.628(set=0.244 slv=46.378 max=41.7148 n=2) cex=R/T/F=1/0/1 trsplit=0 sim=16.781(rmp=0.505 run=16.275 n=1 d=1) incr=loc/full/maxdirty/keys=0/0/0/0 chk= 0.001(d=1) stat= 0.287 rest= 0.538
  [bmc-incr i=192 repr=2 active=1571/176723 POs=1]
BMC : c =    1569  cl =   4503  lit =  176722  p =     0  d =     0  f =     1  +  T =     0.03 sec
  [bmc-prof 192] wall=  32.091 p=     1 | ifo=  1.336(sd=0.367 nx=0.000 tfo=0.103 cnt=0.866) snap= 0.344 srm=  9.065 sat=  4.771(set=0.170 slv=4.599 max=4.5989 n=1) cex=R/T/F=0/0/1 trsplit=0 sim=16.072(rmp=0.454 run=15.616 n=1 d=0) incr=loc/full/maxdirty/keys=0/0/0/0 chk= 0.000(d=1) stat= 0.176 rest= 0.327
  [bmc-incr i=193 repr=1 active=1570/176722 POs=1]
BMC : c =    1568  cl =   4503  lit =  176721  p =     0  d =     0  f =     1  +  T =     0.03 sec
  [bmc-prof 193] wall=  29.862 p=     1 | ifo=  0.819(sd=0.205 nx=0.000 tfo=0.081 cnt=0.533) snap= 0.314 srm=  8.449 sat=  4.793(set=0.181 slv=4.610 max=4.6098 n=1) cex=R/T/F=0/0/1 trsplit=0 sim=15.022(rmp=0.469 run=14.553 n=1 d=0) incr=loc/full/maxdirty/keys=0/0/0/0 chk= 0.000(d=1) stat= 0.157 rest= 0.309
  [bmc-incr i=194 repr=1 active=1569/176721 POs=1]
BMC : c =    1567  cl =   4503  lit =  176720  p =     0  d =     0  f =     1  +  T =     0.03 sec
  [bmc-prof 194] wall=  29.929 p=     1 | ifo=  0.736(sd=0.177 nx=0.000 tfo=0.072 cnt=0.487) snap= 0.281 srm=  7.799 sat=  4.410(set=0.156 slv=4.253 max=4.2525 n=1) cex=R/T/F=0/0/1 trsplit=0 sim=15.682(rmp=0.419 run=15.261 n=1 d=0) incr=loc/full/maxdirty/keys=0/0/0/0 chk= 0.001(d=1) stat= 0.407 rest= 0.613
  [bmc-incr i=195 repr=1 active=1568/176720 POs=1]
BMC : c =    1566  cl =   4503  lit =  176719  p =     0  d =     0  f =     1  +  T =     0.03 sec
  [bmc-prof 195] wall=  28.432 p=     1 | ifo=  0.930(sd=0.227 nx=0.000 tfo=0.071 cnt=0.632) snap= 0.294 srm=  7.997 sat=  4.547(set=0.168 slv=4.377 max=4.3772 n=1) cex=R/T/F=0/0/1 trsplit=0 sim=14.143(rmp=0.445 run=13.698 n=1 d=0) incr=loc/full/maxdirty/keys=0/0/0/0 chk= 0.000(d=1) stat= 0.217 rest= 0.303
  [bmc-incr i=196 repr=1 active=1567/176719 POs=1]
BMC : c =    1565  cl =   4503  lit =  176718  p =     0  d =     0  f =     1  +  T =     0.03 sec
  [bmc-prof 196] wall=  29.004 p=     1 | ifo=  0.741(sd=0.181 nx=0.000 tfo=0.073 cnt=0.487) snap= 0.290 srm=  7.528 sat=  4.441(set=0.155 slv=4.284 max=4.2844 n=1) cex=R/T/F=0/0/1 trsplit=0 sim=15.547(rmp=0.785 run=14.761 n=1 d=0) incr=loc/full/maxdirty/keys=0/0/0/0 chk= 0.000(d=1) stat= 0.160 rest= 0.297
  [bmc-incr i=197 repr=1 active=1566/176718 POs=1]
BMC : c =    1564  cl =   4503  lit =  176717  p =     0  d =     0  f =     1  +  T =     0.03 sec
  [bmc-prof 197] wall=  28.031 p=     1 | ifo=  0.802(sd=0.181 nx=0.000 tfo=0.075 cnt=0.546) snap= 0.291 srm=  7.535 sat=  4.485(set=0.153 slv=4.330 max=4.3301 n=1) cex=R/T/F=0/0/1 trsplit=0 sim=14.465(rmp=0.416 run=14.048 n=1 d=0) incr=loc/full/maxdirty/keys=0/0/0/0 chk= 0.000(d=1) stat= 0.159 rest= 0.294
  [bmc-incr i=198 repr=1 active=1565/176717 POs=1]
BMC : c =    1563  cl =   4503  lit =  176716  p =     0  d =     0  f =     1  +  T =     0.03 sec
  [bmc-prof 198] wall=  29.723 p=     1 | ifo=  1.449(sd=0.568 nx=0.000 tfo=0.147 cnt=0.735) snap= 0.307 srm=  8.350 sat=  4.433(set=0.177 slv=4.254 max=4.2542 n=1) cex=R/T/F=0/0/1 trsplit=0 sim=14.731(rmp=0.429 run=14.301 n=1 d=0) incr=loc/full/maxdirty/keys=0/0/0/0 chk= 0.000(d=1) stat= 0.158 rest= 0.295
  [bmc-incr i=199 repr=1 active=1564/176716 POs=1]
BMC : c =    1562  cl =   4503  lit =  176715  p =     0  d =     0  f =     1  +  T =     0.03 sec
  [bmc-prof 199] wall=  32.106 p=     1 | ifo=  0.781(sd=0.187 nx=0.000 tfo=0.107 cnt=0.487) snap= 0.281 srm=  7.794 sat=  6.028(set=0.160 slv=5.865 max=5.8653 n=1) cex=R/T/F=0/0/1 trsplit=0 sim=16.691(rmp=0.534 run=16.155 n=1 d=0) incr=loc/full/maxdirty/keys=0/0/0/0 chk= 0.000(d=1) stat= 0.198 rest= 0.333
  [bmc-incr i=200 repr=1 active=1563/176715 POs=1]
BMC : c =    1561  cl =   4503  lit =  176714  p =     0  d =     0  f =     1  +  T =     0.03 sec
  [bmc-prof 200] wall=  28.576 p=     1 | ifo=  0.806(sd=0.183 nx=0.000 tfo=0.072 cnt=0.551) snap= 0.284 srm=  8.055 sat=  4.476(set=0.165 slv=4.309 max=4.3089 n=1) cex=R/T/F=0/0/1 trsplit=0 sim=14.508(rmp=0.439 run=14.068 n=1 d=0) incr=loc/full/maxdirty/keys=0/0/0/0 chk= 0.001(d=1) stat= 0.157 rest= 0.290
  [bmc-incr i=201 repr=1 active=1562/176714 POs=1]
BMC : c =    1560  cl =   4503  lit =  176713  p =     0  d =     0  f =     1  +  T =     0.03 sec
  [bmc-prof 201] wall=  28.760 p=     1 | ifo=  0.748(sd=0.189 nx=0.000 tfo=0.073 cnt=0.486) snap= 0.322 srm=  8.586 sat=  4.563(set=0.248 slv=4.312 max=4.3123 n=1) cex=R/T/F=0/0/1 trsplit=0 sim=14.033(rmp=0.459 run=13.573 n=1 d=0) incr=loc/full/maxdirty/keys=0/0/0/0 chk= 0.000(d=1) stat= 0.173 rest= 0.335
  [bmc-incr i=202 repr=1 active=1561/176713 POs=1]
BMC : c =    1559  cl =   4503  lit =  176712  p =     0  d =     0  f =     1  +  T =     0.03 sec
  [bmc-prof 202] wall=  30.801 p=     1 | ifo=  0.854(sd=0.235 nx=0.000 tfo=0.081 cnt=0.537) snap= 0.448 srm=  9.181 sat=  5.113(set=0.354 slv=4.756 max=4.7564 n=1) cex=R/T/F=0/0/1 trsplit=0 sim=14.711(rmp=0.598 run=14.113 n=1 d=0) incr=loc/full/maxdirty/keys=0/0/0/0 chk= 0.000(d=1) stat= 0.157 rest= 0.337
  [bmc-incr i=203 repr=1 active=1560/176712 POs=1]
BMC : c =    1558  cl =   4503  lit =  176711  p =     0  d =     0  f =     1  +  T =     0.03 sec
  [bmc-prof 203] wall=  30.838 p=     1 | ifo=  1.171(sd=0.177 nx=0.000 tfo=0.068 cnt=0.926) snap= 0.372 srm=  8.787 sat=  4.652(set=0.194 slv=4.456 max=4.4559 n=1) cex=R/T/F=0/0/1 trsplit=0 sim=15.390(rmp=0.537 run=14.852 n=1 d=0) incr=loc/full/maxdirty/keys=0/0/0/0 chk= 0.000(d=1) stat= 0.158 rest= 0.309
  [bmc-incr i=204 repr=1 active=1559/176711 POs=1]
BMC : c =    1557  cl =   4503  lit =  176710  p =     0  d =     0  f =     1  +  T =     0.03 sec
  [bmc-prof 204] wall=  28.399 p=     1 | ifo=  0.735(sd=0.176 nx=0.000 tfo=0.066 cnt=0.493) snap= 0.352 srm=  8.214 sat=  4.548(set=0.223 slv=4.323 max=4.3229 n=1) cex=R/T/F=0/0/1 trsplit=0 sim=14.036(rmp=0.507 run=13.528 n=1 d=0) incr=loc/full/maxdirty/keys=0/0/0/0 chk= 0.000(d=1) stat= 0.173 rest= 0.342
  [bmc-incr i=205 repr=1 active=1558/176710 POs=1]
BMC : c =    1556  cl =   4503  lit =  176709  p =     0  d =     0  f =     1  +  T =     0.03 sec
  [bmc-prof 205] wall=  27.936 p=     1 | ifo=  0.807(sd=0.214 nx=0.000 tfo=0.078 cnt=0.515) snap= 0.291 srm=  7.910 sat=  4.397(set=0.159 slv=4.236 max=4.2365 n=1) cex=R/T/F=0/0/1 trsplit=0 sim=14.060(rmp=0.422 run=13.638 n=1 d=0) incr=loc/full/maxdirty/keys=0/0/0/0 chk= 0.000(d=1) stat= 0.158 rest= 0.312
  [bmc-incr i=206 repr=1 active=1557/176709 POs=1]
BMC : c =    1555  cl =   4503  lit =  176708  p =     0  d =     0  f =     1  +  T =     0.03 sec
  [bmc-prof 206] wall=  27.657 p=     1 | ifo=  0.732(sd=0.176 nx=0.000 tfo=0.069 cnt=0.487) snap= 0.281 srm=  7.562 sat=  4.428(set=0.162 slv=4.264 max=4.2644 n=1) cex=R/T/F=0/0/1 trsplit=0 sim=14.187(rmp=0.421 run=13.764 n=1 d=0) incr=loc/full/maxdirty/keys=0/0/0/0 chk= 0.000(d=1) stat= 0.162 rest= 0.305
  [bmc-incr i=207 repr=1 active=1556/176708 POs=1]
BMC : c =    1554  cl =   4503  lit =  176707  p =     0  d =     0  f =     1  +  T =     0.03 sec
  [bmc-prof 207] wall=  29.328 p=     1 | ifo=  0.756(sd=0.185 nx=0.000 tfo=0.085 cnt=0.486) snap= 0.281 srm=  8.834 sat=  4.517(set=0.180 slv=4.335 max=4.3346 n=1) cex=R/T/F=0/0/1 trsplit=0 sim=14.477(rmp=0.455 run=14.021 n=1 d=0) incr=loc/full/maxdirty/keys=0/0/0/0 chk= 0.000(d=1) stat= 0.168 rest= 0.295
  [bmc-incr i=208 repr=1 active=1555/176707 POs=1]
BMC : c =    1553  cl =   4503  lit =  176706  p =     0  d =     0  f =     1  +  T =     0.03 sec
  [bmc-prof 208] wall=  29.936 p=     1 | ifo=  0.760(sd=0.181 nx=0.000 tfo=0.073 cnt=0.507) snap= 0.355 srm=  7.744 sat=  4.490(set=0.154 slv=4.335 max=4.3347 n=1) cex=R/T/F=0/0/1 trsplit=0 sim=16.112(rmp=0.442 run=15.670 n=1 d=0) incr=loc/full/maxdirty/keys=0/0/0/0 chk= 0.000(d=1) stat= 0.169 rest= 0.306
  [bmc-incr i=209 repr=1 active=1554/176706 POs=1]
BMC : c =    1552  cl =   4503  lit =  176705  p =     0  d =     0  f =     1  +  T =     0.03 sec
  [bmc-prof 209] wall=  29.267 p=     1 | ifo=  0.776(sd=0.189 nx=0.000 tfo=0.070 cnt=0.517) snap= 0.338 srm=  7.986 sat=  4.919(set=0.162 slv=4.755 max=4.7548 n=1) cex=R/T/F=0/0/1 trsplit=0 sim=14.765(rmp=0.453 run=14.311 n=1 d=0) incr=loc/full/maxdirty/keys=0/0/0/0 chk= 0.000(d=1) stat= 0.176 rest= 0.307
  [bmc-incr i=210 repr=1 active=1553/176705 POs=1]
BMC : c =    1551  cl =   4503  lit =  176704  p =     0  d =     0  f =     1  +  T =     0.03 sec
  [bmc-prof 210] wall=  28.844 p=     1 | ifo=  0.745(sd=0.185 nx=0.000 tfo=0.075 cnt=0.485) snap= 0.282 srm=  8.555 sat=  4.513(set=0.159 slv=4.352 max=4.3518 n=1) cex=R/T/F=0/0/1 trsplit=0 sim=14.285(rmp=0.430 run=13.854 n=1 d=0) incr=loc/full/maxdirty/keys=0/0/0/0 chk= 0.000(d=1) stat= 0.159 rest= 0.305
  [bmc-incr i=211 repr=1 active=1552/176704 POs=1]
BMC : c =    1550  cl =   4503  lit =  176703  p =     0  d =     0  f =     1  +  T =     0.03 sec
  [bmc-prof 211] wall=  28.797 p=     1 | ifo=  0.828(sd=0.207 nx=0.000 tfo=0.133 cnt=0.488) snap= 0.282 srm=  7.633 sat=  4.483(set=0.166 slv=4.315 max=4.3153 n=1) cex=R/T/F=0/0/1 trsplit=0 sim=15.104(rmp=0.410 run=14.693 n=1 d=0) incr=loc/full/maxdirty/keys=0/0/0/0 chk= 0.000(d=1) stat= 0.164 rest= 0.303
  [bmc-incr i=212 repr=1 active=1551/176703 POs=1]
BMC : c =    1549  cl =   4503  lit =  176702  p =     0  d =     0  f =     1  +  T =     0.03 sec
  [bmc-prof 212] wall=  29.553 p=     1 | ifo=  0.742(sd=0.180 nx=0.000 tfo=0.068 cnt=0.495) snap= 0.358 srm=  8.451 sat=  4.663(set=0.202 slv=4.458 max=4.4584 n=1) cex=R/T/F=0/0/1 trsplit=0 sim=14.737(rmp=1.112 run=13.624 n=1 d=0) incr=loc/full/maxdirty/keys=0/0/0/0 chk= 0.000(d=1) stat= 0.185 rest= 0.416
  [bmc-incr i=213 repr=1 active=1550/176702 POs=1]
BMC : c =    1548  cl =   4503  lit =  176701  p =     0  d =     0  f =     1  +  T =     0.03 sec
  [bmc-prof 213] wall=  27.843 p=     1 | ifo=  0.837(sd=0.230 nx=0.000 tfo=0.083 cnt=0.524) snap= 0.281 srm=  7.859 sat=  4.478(set=0.161 slv=4.316 max=4.3155 n=1) cex=R/T/F=0/0/1 trsplit=0 sim=13.917(rmp=0.418 run=13.498 n=1 d=0) incr=loc/full/maxdirty/keys=0/0/0/0 chk= 0.000(d=1) stat= 0.155 rest= 0.314
  [bmc-incr i=214 repr=1 active=1549/176701 POs=1]
BMC : c =    1547  cl =   4503  lit =  176700  p =     0  d =     0  f =     1  +  T =     0.03 sec
  [bmc-prof 214] wall=  28.080 p=     1 | ifo=  0.739(sd=0.173 nx=0.000 tfo=0.067 cnt=0.499) snap= 0.282 srm=  7.601 sat=  4.413(set=0.159 slv=4.252 max=4.2524 n=1) cex=R/T/F=0/0/1 trsplit=0 sim=14.526(rmp=0.425 run=14.099 n=1 d=0) incr=loc/full/maxdirty/keys=0/0/0/0 chk= 0.000(d=1) stat= 0.189 rest= 0.329
  [bmc-incr i=215 repr=1 active=1548/176700 POs=1]
BMC : c =    1546  cl =   4503  lit =  176699  p =     0  d =     0  f =     1  +  T =     0.03 sec
  [bmc-prof 215] wall=  33.219 p=     1 | ifo=  1.749(sd=0.180 nx=0.000 tfo=0.070 cnt=1.498) snap= 0.306 srm= 11.326 sat=  4.472(set=0.162 slv=4.308 max=4.3083 n=1) cex=R/T/F=0/0/1 trsplit=0 sim=14.788(rmp=0.431 run=14.355 n=1 d=0) incr=loc/full/maxdirty/keys=0/0/0/0 chk= 0.000(d=1) stat= 0.249 rest= 0.329
  [bmc-incr i=216 repr=1 active=1547/176699 POs=1]
BMC : c =    1545  cl =   4503  lit =  176698  p =     0  d =     0  f =     1  +  T =     0.03 sec
  [bmc-prof 216] wall=  28.651 p=     1 | ifo=  1.470(sd=0.564 nx=0.000 tfo=0.130 cnt=0.776) snap= 0.285 srm=  7.784 sat=  4.504(set=0.163 slv=4.340 max=4.3398 n=1) cex=R/T/F=0/0/1 trsplit=0 sim=14.132(rmp=0.432 run=13.698 n=1 d=0) incr=loc/full/maxdirty/keys=0/0/0/0 chk= 0.000(d=1) stat= 0.173 rest= 0.303
  [bmc-incr i=217 repr=1 active=1546/176698 POs=1]
BMC : c =    1544  cl =   4503  lit =  176697  p =     0  d =     0  f =     1  +  T =     0.03 sec
  [bmc-prof 217] wall=  29.475 p=     1 | ifo=  1.301(sd=0.180 nx=0.000 tfo=0.079 cnt=1.041) snap= 0.282 srm=  8.662 sat=  4.452(set=0.172 slv=4.278 max=4.2780 n=1) cex=R/T/F=0/0/1 trsplit=0 sim=14.306(rmp=0.427 run=13.878 n=1 d=0) incr=loc/full/maxdirty/keys=0/0/0/0 chk= 0.000(d=1) stat= 0.161 rest= 0.311
  [bmc-incr i=218 repr=1 active=1545/176697 POs=1]
BMC : c =    1543  cl =   4503  lit =  176696  p =     0  d =     0  f =     1  +  T =     0.03 sec
  [bmc-prof 218] wall=  27.540 p=     1 | ifo=  0.747(sd=0.182 nx=0.000 tfo=0.084 cnt=0.482) snap= 0.286 srm=  7.627 sat=  4.414(set=0.154 slv=4.258 max=4.2580 n=1) cex=R/T/F=0/0/1 trsplit=0 sim=14.019(rmp=0.413 run=13.606 n=1 d=0) incr=loc/full/maxdirty/keys=0/0/0/0 chk= 0.000(d=1) stat= 0.156 rest= 0.290
  [bmc-incr i=219 repr=1 active=1544/176696 POs=1]
BMC : c =    1542  cl =   4503  lit =  176695  p =     0  d =     0  f =     1  +  T =     0.03 sec
  [bmc-prof 219] wall=  28.858 p=     1 | ifo=  0.729(sd=0.175 nx=0.000 tfo=0.068 cnt=0.486) snap= 0.283 srm=  7.950 sat=  4.417(set=0.159 slv=4.257 max=4.2570 n=1) cex=R/T/F=0/0/1 trsplit=0 sim=15.032(rmp=0.428 run=14.604 n=1 d=0) incr=loc/full/maxdirty/keys=0/0/0/0 chk= 0.000(d=1) stat= 0.157 rest= 0.290
  [bmc-incr i=220 repr=1 active=1543/176695 POs=1]
BMC : c =    1541  cl =   4503  lit =  176694  p =     0  d =     0  f =     1  +  T =     0.03 sec
  [bmc-prof 220] wall=  27.808 p=     1 | ifo=  0.720(sd=0.174 nx=0.000 tfo=0.063 cnt=0.482) snap= 0.283 srm=  7.585 sat=  4.427(set=0.159 slv=4.265 max=4.2654 n=1) cex=R/T/F=0/0/1 trsplit=0 sim=14.346(rmp=0.422 run=13.924 n=1 d=0) incr=loc/full/maxdirty/keys=0/0/0/0 chk= 0.000(d=1) stat= 0.155 rest= 0.292
  [bmc-incr i=221 repr=1 active=1542/176694 POs=1]
BMC : c =    1540  cl =   4503  lit =  176693  p =     0  d =     0  f =     1  +  T =     0.03 sec
  [bmc-prof 221] wall=  27.839 p=     1 | ifo=  0.739(sd=0.176 nx=0.000 tfo=0.066 cnt=0.498) snap= 0.282 srm=  7.585 sat=  4.424(set=0.156 slv=4.266 max=4.2658 n=1) cex=R/T/F=0/0/1 trsplit=0 sim=14.348(rmp=0.434 run=13.914 n=1 d=0) incr=loc/full/maxdirty/keys=0/0/0/0 chk= 0.000(d=1) stat= 0.164 rest= 0.296
  [bmc-incr i=222 repr=1 active=1541/176693 POs=1]
BMC : c =    1539  cl =   4503  lit =  176692  p =     0  d =     0  f =     1  +  T =     0.03 sec
  [bmc-prof 222] wall=  27.943 p=     1 | ifo=  0.734(sd=0.178 nx=0.000 tfo=0.063 cnt=0.493) snap= 0.284 srm=  7.613 sat=  4.460(set=0.158 slv=4.301 max=4.3006 n=1) cex=R/T/F=0/0/1 trsplit=0 sim=14.291(rmp=0.443 run=13.847 n=1 d=0) incr=loc/full/maxdirty/keys=0/0/0/0 chk= 0.000(d=1) stat= 0.199 rest= 0.362
  [bmc-incr i=223 repr=1 active=1540/176692 POs=1]
BMC : c =    1538  cl =   4503  lit =  176691  p =     0  d =     0  f =     1  +  T =     0.03 sec
  [bmc-prof 223] wall=  28.250 p=     1 | ifo=  0.894(sd=0.217 nx=0.000 tfo=0.176 cnt=0.501) snap= 0.281 srm=  7.527 sat=  4.482(set=0.156 slv=4.324 max=4.3239 n=1) cex=R/T/F=0/0/1 trsplit=0 sim=14.605(rmp=0.460 run=14.144 n=1 d=0) incr=loc/full/maxdirty/keys=0/0/0/0 chk= 0.000(d=1) stat= 0.160 rest= 0.301
  [bmc-incr i=224 repr=1 active=1539/176691 POs=1]
BMC : c =    1537  cl =   4503  lit =  176690  p =     0  d =     0  f =     1  +  T =     0.03 sec
  [bmc-prof 224] wall=  29.593 p=     1 | ifo=  0.831(sd=0.213 nx=0.000 tfo=0.111 cnt=0.507) snap= 0.338 srm=  8.617 sat=  4.976(set=0.182 slv=4.792 max=4.7919 n=1) cex=R/T/F=0/0/1 trsplit=0 sim=14.368(rmp=0.417 run=13.950 n=1 d=0) incr=loc/full/maxdirty/keys=0/0/0/0 chk= 0.000(d=1) stat= 0.163 rest= 0.301
  [bmc-incr i=225 repr=1 active=1538/176690 POs=1]
BMC : c =    1536  cl =   4503  lit =  176689  p =     0  d =     0  f =     1  +  T =     0.03 sec
  [bmc-prof 225] wall=  27.848 p=     1 | ifo=  0.739(sd=0.178 nx=0.000 tfo=0.068 cnt=0.493) snap= 0.284 srm=  7.607 sat=  4.483(set=0.163 slv=4.318 max=4.3177 n=1) cex=R/T/F=0/0/1 trsplit=0 sim=14.106(rmp=0.419 run=13.686 n=1 d=0) incr=loc/full/maxdirty/keys=0/0/0/0 chk= 0.001(d=1) stat= 0.160 rest= 0.468
  [bmc-incr i=226 repr=1 active=1537/176689 POs=1]
BMC : c =    1535  cl =   4503  lit =  176688  p =     0  d =     0  f =     1  +  T =     0.03 sec
  [bmc-prof 226] wall=  28.759 p=     1 | ifo=  0.738(sd=0.178 nx=0.000 tfo=0.067 cnt=0.493) snap= 0.283 srm=  7.960 sat=  4.484(set=0.160 slv=4.321 max=4.3215 n=1) cex=R/T/F=0/0/1 trsplit=0 sim=14.782(rmp=0.428 run=14.353 n=1 d=0) incr=loc/full/maxdirty/keys=0/0/0/0 chk= 0.000(d=1) stat= 0.218 rest= 0.294
  [bmc-incr i=227 repr=1 active=1536/176688 POs=1]
BMC : c =    1534  cl =   4503  lit =  176687  p =     0  d =     0  f =     1  +  T =     0.03 sec
  [bmc-prof 227] wall=  28.081 p=     1 | ifo=  0.744(sd=0.190 nx=0.000 tfo=0.072 cnt=0.483) snap= 0.311 srm=  7.521 sat=  4.727(set=0.158 slv=4.566 max=4.5661 n=1) cex=R/T/F=0/0/1 trsplit=0 sim=14.277(rmp=0.460 run=13.816 n=1 d=0) incr=loc/full/maxdirty/keys=0/0/0/0 chk= 0.000(d=1) stat= 0.160 rest= 0.341
  [bmc-incr i=228 repr=1 active=1535/176687 POs=1]
BMC : c =    1533  cl =   4503  lit =  176686  p =     0  d =     0  f =     1  +  T =     0.03 sec
  [bmc-prof 228] wall=  27.702 p=     1 | ifo=  0.740(sd=0.177 nx=0.000 tfo=0.071 cnt=0.491) snap= 0.282 srm=  7.608 sat=  4.498(set=0.158 slv=4.338 max=4.3385 n=1) cex=R/T/F=0/0/1 trsplit=0 sim=14.127(rmp=0.439 run=13.688 n=1 d=0) incr=loc/full/maxdirty/keys=0/0/0/0 chk= 0.000(d=1) stat= 0.154 rest= 0.291
  [bmc-incr i=229 repr=1 active=1534/176686 POs=1]
BMC : c =    1532  cl =   4503  lit =  176685  p =     0  d =     0  f =     1  +  T =     0.03 sec
  [bmc-prof 229] wall=  28.407 p=     1 | ifo=  0.735(sd=0.176 nx=0.000 tfo=0.077 cnt=0.482) snap= 0.281 srm=  7.864 sat=  4.440(set=0.161 slv=4.276 max=4.2762 n=1) cex=R/T/F=0/0/1 trsplit=0 sim=14.574(rmp=0.421 run=14.152 n=1 d=0) incr=loc/full/maxdirty/keys=0/0/0/0 chk= 0.000(d=1) stat= 0.203 rest= 0.309
  [bmc-incr i=230 repr=1 active=1533/176685 POs=1]
BMC : c =    1531  cl =   4503  lit =  176684  p =     0  d =     0  f =     1  +  T =     0.03 sec
  [bmc-prof 230] wall=  28.279 p=     1 | ifo=  0.740(sd=0.188 nx=0.000 tfo=0.070 cnt=0.482) snap= 0.290 srm=  7.732 sat=  4.810(set=0.164 slv=4.644 max=4.6443 n=1) cex=R/T/F=0/0/1 trsplit=0 sim=14.224(rmp=0.416 run=13.807 n=1 d=0) incr=loc/full/maxdirty/keys=0/0/0/0 chk= 0.000(d=1) stat= 0.170 rest= 0.312
  [bmc-incr i=231 repr=1 active=1532/176684 POs=1]
BMC : c =    1530  cl =   4503  lit =  176683  p =     0  d =     0  f =     1  +  T =     0.03 sec
  [bmc-prof 231] wall=  31.126 p=     1 | ifo=  0.790(sd=0.237 nx=0.000 tfo=0.069 cnt=0.484) snap= 0.288 srm=  9.286 sat=  4.541(set=0.173 slv=4.366 max=4.3656 n=1) cex=R/T/F=0/0/1 trsplit=0 sim=15.761(rmp=0.441 run=15.318 n=1 d=0) incr=loc/full/maxdirty/keys=0/0/0/0 chk= 0.000(d=1) stat= 0.167 rest= 0.294
  [bmc-incr i=232 repr=1 active=1531/176683 POs=1]
BMC : c =    1529  cl =   4503  lit =  176682  p =     0  d =     0  f =     1  +  T =     0.03 sec
  [bmc-prof 232] wall=  29.798 p=     1 | ifo=  0.746(sd=0.179 nx=0.000 tfo=0.072 cnt=0.494) snap= 0.305 srm=  7.685 sat=  4.463(set=0.159 slv=4.302 max=4.3016 n=1) cex=R/T/F=0/0/1 trsplit=0 sim=15.263(rmp=0.413 run=14.847 n=1 d=0) incr=loc/full/maxdirty/keys=0/0/0/0 chk= 0.001(d=1) stat= 0.530 rest= 0.806
  [bmc-incr i=233 repr=1 active=1530/176682 POs=1]
BMC : c =    1528  cl =   4503  lit =  176681  p =     0  d =     0  f =     1  +  T =     0.03 sec
  [bmc-prof 233] wall=  28.864 p=     1 | ifo=  1.255(sd=0.698 nx=0.000 tfo=0.071 cnt=0.485) snap= 0.296 srm=  7.816 sat=  4.546(set=0.175 slv=4.369 max=4.3694 n=1) cex=R/T/F=0/0/1 trsplit=0 sim=14.457(rmp=0.436 run=14.020 n=1 d=0) incr=loc/full/maxdirty/keys=0/0/0/0 chk= 0.000(d=1) stat= 0.171 rest= 0.324
  [bmc-incr i=234 repr=1 active=1529/176681 POs=1]
BMC : c =    1527  cl =   4503  lit =  176680  p =     0  d =     0  f =     1  +  T =     0.03 sec
  [bmc-prof 234] wall=  30.758 p=     1 | ifo=  0.761(sd=0.184 nx=0.000 tfo=0.074 cnt=0.503) snap= 0.290 srm=  8.057 sat=  4.473(set=0.173 slv=4.299 max=4.2986 n=1) cex=R/T/F=0/0/1 trsplit=0 sim=15.834(rmp=0.440 run=15.391 n=1 d=0) incr=loc/full/maxdirty/keys=0/0/0/0 chk= 0.001(d=1) stat= 0.457 rest= 0.885
  [bmc-incr i=235 repr=1 active=1528/176680 POs=1]
BMC : c =    1526  cl =   4503  lit =  176679  p =     0  d =     0  f =     1  +  T =     0.03 sec
  [bmc-prof 235] wall=  29.160 p=     1 | ifo=  0.840(sd=0.186 nx=0.000 tfo=0.104 cnt=0.551) snap= 0.305 srm=  8.325 sat=  4.591(set=0.181 slv=4.408 max=4.4083 n=1) cex=R/T/F=0/0/1 trsplit=0 sim=14.635(rmp=0.449 run=14.185 n=1 d=0) incr=loc/full/maxdirty/keys=0/0/0/0 chk= 0.000(d=1) stat= 0.157 rest= 0.306
  [bmc-incr i=236 repr=1 active=1527/176679 POs=1]
BMC : c =    1525  cl =   4503  lit =  176678  p =     0  d =     0  f =     1  +  T =     0.03 sec
  [bmc-prof 236] wall=  32.080 p=     1 | ifo=  0.757(sd=0.177 nx=0.000 tfo=0.090 cnt=0.490) snap= 0.284 srm=  7.748 sat=  4.465(set=0.157 slv=4.306 max=4.3058 n=1) cex=R/T/F=0/0/1 trsplit=0 sim=17.094(rmp=0.443 run=16.648 n=1 d=0) incr=loc/full/maxdirty/keys=0/0/0/0 chk= 0.001(d=1) stat= 0.802 rest= 0.931
  [bmc-incr i=237 repr=1 active=1526/176678 POs=1]
BMC : c =    1524  cl =   4503  lit =  176677  p =     0  d =     0  f =     1  +  T =     0.03 sec
  [bmc-prof 237] wall=  31.043 p=     1 | ifo=  1.180(sd=0.582 nx=0.000 tfo=0.077 cnt=0.521) snap= 0.283 srm=  9.679 sat=  4.957(set=0.179 slv=4.776 max=4.7763 n=1) cex=R/T/F=0/0/1 trsplit=0 sim=14.492(rmp=0.438 run=14.053 n=1 d=0) incr=loc/full/maxdirty/keys=0/0/0/0 chk= 0.000(d=1) stat= 0.157 rest= 0.295
  [bmc-incr i=238 repr=1 active=1525/176677 POs=1]
BMC : c =    1523  cl =   4503  lit =  176676  p =     0  d =     0  f =     1  +  T =     0.03 sec
  [bmc-prof 238] wall=  27.716 p=     1 | ifo=  0.744(sd=0.182 nx=0.000 tfo=0.071 cnt=0.491) snap= 0.285 srm=  7.634 sat=  4.474(set=0.165 slv=4.308 max=4.3078 n=1) cex=R/T/F=0/0/1 trsplit=0 sim=14.132(rmp=0.411 run=13.720 n=1 d=0) incr=loc/full/maxdirty/keys=0/0/0/0 chk= 0.000(d=1) stat= 0.154 rest= 0.292
  [bmc-incr i=239 repr=1 active=1524/176676 POs=1]
BMC : c =    1522  cl =   4503  lit =  176675  p =     0  d =     0  f =     1  +  T =     0.03 sec
  [bmc-prof 239] wall=  27.973 p=     1 | ifo=  0.745(sd=0.176 nx=0.000 tfo=0.066 cnt=0.503) snap= 0.284 srm=  7.733 sat=  4.516(set=0.162 slv=4.352 max=4.3522 n=1) cex=R/T/F=0/0/1 trsplit=0 sim=14.236(rmp=0.435 run=13.800 n=1 d=0) incr=loc/full/maxdirty/keys=0/0/0/0 chk= 0.000(d=1) stat= 0.158 rest= 0.300
  [bmc-incr i=240 repr=1 active=1523/176675 POs=1]
BMC : c =    1521  cl =   4503  lit =  176674  p =     0  d =     0  f =     1  +  T =     0.03 sec
  [bmc-prof 240] wall=  27.750 p=     1 | ifo=  0.733(sd=0.179 nx=0.000 tfo=0.068 cnt=0.486) snap= 0.288 srm=  7.663 sat=  4.637(set=0.217 slv=4.418 max=4.4185 n=1) cex=R/T/F=0/0/1 trsplit=0 sim=13.977(rmp=0.416 run=13.560 n=1 d=0) incr=loc/full/maxdirty/keys=0/0/0/0 chk= 0.000(d=1) stat= 0.162 rest= 0.291
  [bmc-incr i=241 repr=1 active=1522/176674 POs=1]
BMC : c =    1520  cl =   4503  lit =  176673  p =     0  d =     0  f =     1  +  T =     0.03 sec
  [bmc-prof 241] wall=  29.288 p=     1 | ifo=  0.730(sd=0.179 nx=0.000 tfo=0.060 cnt=0.490) snap= 0.283 srm=  7.546 sat=  4.549(set=0.167 slv=4.381 max=4.3806 n=1) cex=R/T/F=0/0/1 trsplit=0 sim=15.702(rmp=0.424 run=15.277 n=1 d=0) incr=loc/full/maxdirty/keys=0/0/0/0 chk= 0.000(d=1) stat= 0.166 rest= 0.312
  [bmc-incr i=242 repr=1 active=1521/176673 POs=1]
BMC : c =    1519  cl =   4503  lit =  176672  p =     0  d =     0  f =     1  +  T =     0.03 sec
  [bmc-prof 242] wall=  28.143 p=     1 | ifo=  0.785(sd=0.197 nx=0.000 tfo=0.100 cnt=0.488) snap= 0.300 srm=  7.801 sat=  4.610(set=0.172 slv=4.437 max=4.4366 n=1) cex=R/T/F=0/0/1 trsplit=0 sim=14.194(rmp=0.433 run=13.761 n=1 d=0) incr=loc/full/maxdirty/keys=0/0/0/0 chk= 0.000(d=1) stat= 0.157 rest= 0.296
  [bmc-incr i=243 repr=1 active=1520/176672 POs=1]
BMC : c =    1518  cl =   4503  lit =  176671  p =     0  d =     0  f =     1  +  T =     0.03 sec
  [bmc-prof 243] wall=  27.804 p=     1 | ifo=  0.729(sd=0.179 nx=0.000 tfo=0.066 cnt=0.484) snap= 0.287 srm=  7.587 sat=  4.507(set=0.167 slv=4.338 max=4.3377 n=1) cex=R/T/F=0/0/1 trsplit=0 sim=14.229(rmp=0.496 run=13.732 n=1 d=0) incr=loc/full/maxdirty/keys=0/0/0/0 chk= 0.000(d=1) stat= 0.159 rest= 0.306
  [bmc-incr i=244 repr=1 active=1519/176671 POs=1]
BMC : c =    1517  cl =   4503  lit =  176670  p =     0  d =     0  f =     1  +  T =     0.03 sec
  [bmc-prof 244] wall=  32.655 p=     1 | ifo=  0.825(sd=0.209 nx=0.000 tfo=0.118 cnt=0.497) snap= 0.285 srm=  7.604 sat=  6.519(set=0.156 slv=6.360 max=6.3604 n=1) cex=R/T/F=0/0/1 trsplit=0 sim=16.891(rmp=0.520 run=16.369 n=1 d=0) incr=loc/full/maxdirty/keys=0/0/0/0 chk= 0.000(d=1) stat= 0.168 rest= 0.362
  [bmc-incr i=245 repr=1 active=1518/176670 POs=1]
BMC : c =    1516  cl =   4503  lit =  176669  p =     0  d =     0  f =     1  +  T =     0.03 sec
  [bmc-prof 245] wall=  28.342 p=     1 | ifo=  0.770(sd=0.202 nx=0.000 tfo=0.072 cnt=0.496) snap= 0.291 srm=  8.038 sat=  4.657(set=0.169 slv=4.487 max=4.4866 n=1) cex=R/T/F=0/0/1 trsplit=0 sim=14.127(rmp=0.430 run=13.696 n=1 d=0) incr=loc/full/maxdirty/keys=0/0/0/0 chk= 0.000(d=1) stat= 0.169 rest= 0.291
  [bmc-incr i=246 repr=1 active=1517/176669 POs=1]
BMC : c =    1515  cl =   4503  lit =  176668  p =     0  d =     0  f =     1  +  T =     0.03 sec
  [bmc-prof 246] wall=  28.469 p=     1 | ifo=  0.746(sd=0.180 nx=0.000 tfo=0.071 cnt=0.495) snap= 0.287 srm=  7.658 sat=  4.480(set=0.165 slv=4.314 max=4.3136 n=1) cex=R/T/F=0/0/1 trsplit=0 sim=14.451(rmp=0.419 run=14.030 n=1 d=0) incr=loc/full/maxdirty/keys=0/0/0/0 chk= 0.000(d=1) stat= 0.529 rest= 0.318
  [bmc-incr i=247 repr=1 active=1516/176668 POs=1]
BMC : c =    1514  cl =   4503  lit =  176667  p =     0  d =     0  f =     1  +  T =     0.03 sec
  [bmc-prof 247] wall=  33.092 p=     1 | ifo=  2.194(sd=0.603 nx=0.000 tfo=0.123 cnt=1.467) snap= 0.331 srm= 11.152 sat=  4.877(set=0.210 slv=4.666 max=4.6656 n=1) cex=R/T/F=0/0/1 trsplit=0 sim=14.071(rmp=0.459 run=13.611 n=1 d=0) incr=loc/full/maxdirty/keys=0/0/0/0 chk= 0.000(d=1) stat= 0.157 rest= 0.310
  [bmc-incr i=248 repr=1 active=1515/176667 POs=1]
BMC : c =    1513  cl =   4503  lit =  176666  p =     0  d =     0  f =     1  +  T =     0.03 sec
  [bmc-prof 248] wall=  27.846 p=     1 | ifo=  0.739(sd=0.175 nx=0.000 tfo=0.072 cnt=0.492) snap= 0.290 srm=  7.701 sat=  4.486(set=0.160 slv=4.323 max=4.3235 n=1) cex=R/T/F=0/0/1 trsplit=0 sim=14.162(rmp=0.504 run=13.658 n=1 d=0) incr=loc/full/maxdirty/keys=0/0/0/0 chk= 0.000(d=1) stat= 0.160 rest= 0.309
  [bmc-incr i=249 repr=1 active=1514/176666 POs=1]
BMC : c =    1512  cl =   4503  lit =  176665  p =     0  d =     0  f =     1  +  T =     0.03 sec
  [bmc-prof 249] wall=  27.866 p=     1 | ifo=  0.728(sd=0.178 nx=0.000 tfo=0.067 cnt=0.483) snap= 0.281 srm=  7.527 sat=  4.607(set=0.157 slv=4.447 max=4.4473 n=1) cex=R/T/F=0/0/1 trsplit=0 sim=14.237(rmp=0.418 run=13.818 n=1 d=0) incr=loc/full/maxdirty/keys=0/0/0/0 chk= 0.001(d=1) stat= 0.168 rest= 0.316
  [bmc-incr i=250 repr=1 active=1513/176665 POs=1]
BMC : c =    1511  cl =   4503  lit =  176664  p =     0  d =     0  f =     1  +  T =     0.03 sec
  [bmc-prof 250] wall=  28.770 p=     1 | ifo=  0.888(sd=0.222 nx=0.000 tfo=0.114 cnt=0.552) snap= 0.288 srm=  8.234 sat=  4.618(set=0.192 slv=4.425 max=4.4248 n=1) cex=R/T/F=0/0/1 trsplit=0 sim=14.284(rmp=0.429 run=13.854 n=1 d=0) incr=loc/full/maxdirty/keys=0/0/0/0 chk= 0.000(d=1) stat= 0.165 rest= 0.293
  [bmc-incr i=251 repr=1 active=1512/176664 POs=1]
BMC : c =    1510  cl =   4503  lit =  176663  p =     0  d =     0  f =     1  +  T =     0.03 sec
  [bmc-prof 251] wall=  27.596 p=     1 | ifo=  0.740(sd=0.181 nx=0.000 tfo=0.071 cnt=0.489) snap= 0.281 srm=  7.510 sat=  4.534(set=0.156 slv=4.376 max=4.3765 n=1) cex=R/T/F=0/0/1 trsplit=0 sim=14.075(rmp=0.423 run=13.651 n=1 d=0) incr=loc/full/maxdirty/keys=0/0/0/0 chk= 0.000(d=1) stat= 0.156 rest= 0.299
  [bmc-incr i=252 repr=1 active=1511/176663 POs=1]
BMC : c =    1509  cl =   4503  lit =  176662  p =     0  d =     0  f =     1  +  T =     0.03 sec
  [bmc-prof 252] wall=  28.782 p=     1 | ifo=  0.730(sd=0.179 nx=0.000 tfo=0.069 cnt=0.482) snap= 0.298 srm=  7.657 sat=  4.982(set=0.168 slv=4.811 max=4.8108 n=1) cex=R/T/F=0/0/1 trsplit=0 sim=14.612(rmp=0.557 run=14.054 n=1 d=0) incr=loc/full/maxdirty/keys=0/0/0/0 chk= 0.000(d=1) stat= 0.164 rest= 0.339
  [bmc-incr i=253 repr=1 active=1510/176662 POs=1]
BMC : c =    1508  cl =   4503  lit =  176661  p =     0  d =     0  f =     1  +  T =     0.03 sec
  [bmc-prof 253] wall=  28.638 p=     1 | ifo=  0.839(sd=0.223 nx=0.000 tfo=0.121 cnt=0.495) snap= 0.283 srm=  7.774 sat=  4.680(set=0.163 slv=4.515 max=4.5154 n=1) cex=R/T/F=0/0/1 trsplit=0 sim=14.581(rmp=0.542 run=14.038 n=1 d=0) incr=loc/full/maxdirty/keys=0/0/0/0 chk= 0.000(d=1) stat= 0.160 rest= 0.321
  [bmc-incr i=254 repr=1 active=1509/176661 POs=1]
BMC : c =    1507  cl =   4503  lit =  176660  p =     0  d =     0  f =     1  +  T =     0.03 sec
  [bmc-prof 254] wall=  27.664 p=     1 | ifo=  0.753(sd=0.180 nx=0.000 tfo=0.070 cnt=0.503) snap= 0.291 srm=  7.579 sat=  4.580(set=0.159 slv=4.420 max=4.4197 n=1) cex=R/T/F=0/0/1 trsplit=0 sim=14.004(rmp=0.418 run=13.585 n=1 d=0) incr=loc/full/maxdirty/keys=0/0/0/0 chk= 0.000(d=1) stat= 0.159 rest= 0.298
  [bmc-incr i=255 repr=1 active=1508/176660 POs=1]
BMC : c =    1506  cl =   4503  lit =  176659  p =     0  d =     0  f =     1  +  T =     0.03 sec
  [bmc-prof 255] wall=  27.835 p=     1 | ifo=  0.740(sd=0.190 nx=0.000 tfo=0.068 cnt=0.482) snap= 0.291 srm=  7.495 sat=  4.635(set=0.155 slv=4.478 max=4.4778 n=1) cex=R/T/F=0/0/1 trsplit=0 sim=14.089(rmp=0.414 run=13.675 n=1 d=0) incr=loc/full/maxdirty/keys=0/0/0/0 chk= 0.000(d=1) stat= 0.268 rest= 0.317
  [bmc-incr i=256 repr=1 active=1507/176659 POs=1]
BMC : c =    1505  cl =   4503  lit =  176658  p =     0  d =     0  f =     1  +  T =     0.03 sec
  [bmc-prof 256] wall=  28.372 p=     1 | ifo=  0.968(sd=0.249 nx=0.000 tfo=0.130 cnt=0.589) snap= 0.289 srm=  7.875 sat=  4.557(set=0.162 slv=4.394 max=4.3939 n=1) cex=R/T/F=0/0/1 trsplit=0 sim=14.234(rmp=0.423 run=13.810 n=1 d=0) incr=loc/full/maxdirty/keys=0/0/0/0 chk= 0.000(d=1) stat= 0.157 rest= 0.291
  [bmc-incr i=257 repr=1 active=1506/176658 POs=1]
BMC : c =    1504  cl =   4503  lit =  176657  p =     0  d =     0  f =     1  +  T =     0.03 sec
  [bmc-prof 257] wall=  29.178 p=     1 | ifo=  0.780(sd=0.177 nx=0.000 tfo=0.119 cnt=0.484) snap= 0.307 srm=  8.320 sat=  4.527(set=0.163 slv=4.363 max=4.3630 n=1) cex=R/T/F=0/0/1 trsplit=0 sim=14.772(rmp=0.432 run=14.339 n=1 d=0) incr=loc/full/maxdirty/keys=0/0/0/0 chk= 0.000(d=1) stat= 0.177 rest= 0.295
  [bmc-incr i=258 repr=1 active=1505/176657 POs=1]
BMC : c =    1503  cl =   4503  lit =  176656  p =     0  d =     0  f =     1  +  T =     0.03 sec
  [bmc-prof 258] wall=  28.280 p=     1 | ifo=  0.840(sd=0.238 nx=0.000 tfo=0.116 cnt=0.487) snap= 0.330 srm=  7.721 sat=  4.571(set=0.160 slv=4.409 max=4.4093 n=1) cex=R/T/F=0/0/1 trsplit=0 sim=14.371(rmp=0.425 run=13.945 n=1 d=0) incr=loc/full/maxdirty/keys=0/0/0/0 chk= 0.000(d=1) stat= 0.157 rest= 0.290
  [bmc-incr i=259 repr=1 active=1504/176656 POs=1]
BMC : c =    1502  cl =   4503  lit =  176655  p =     0  d =     0  f =     1  +  T =     0.03 sec
  [bmc-prof 259] wall=  28.084 p=     1 | ifo=  0.751(sd=0.184 nx=0.000 tfo=0.083 cnt=0.483) snap= 0.280 srm=  7.669 sat=  4.547(set=0.162 slv=4.383 max=4.3831 n=1) cex=R/T/F=0/0/1 trsplit=0 sim=14.368(rmp=0.418 run=13.948 n=1 d=0) incr=loc/full/maxdirty/keys=0/0/0/0 chk= 0.000(d=1) stat= 0.164 rest= 0.305
  [bmc-incr i=260 repr=1 active=1503/176655 POs=1]
BMC : c =    1501  cl =   4503  lit =  176654  p =     0  d =     0  f =     1  +  T =     0.03 sec
  [bmc-prof 260] wall=  29.142 p=     1 | ifo=  0.738(sd=0.188 nx=0.000 tfo=0.066 cnt=0.484) snap= 0.283 srm=  7.925 sat=  5.380(set=0.170 slv=5.208 max=5.2080 n=1) cex=R/T/F=0/0/1 trsplit=0 sim=14.364(rmp=0.430 run=13.933 n=1 d=0) incr=loc/full/maxdirty/keys=0/0/0/0 chk= 0.000(d=1) stat= 0.158 rest= 0.294
  [bmc-incr i=261 repr=1 active=1502/176654 POs=1]
BMC : c =    1500  cl =   4503  lit =  176653  p =     0  d =     0  f =     1  +  T =     0.03 sec
  [bmc-prof 261] wall=  27.812 p=     1 | ifo=  0.737(sd=0.177 nx=0.000 tfo=0.069 cnt=0.491) snap= 0.299 srm=  7.600 sat=  4.596(set=0.165 slv=4.429 max=4.4290 n=1) cex=R/T/F=0/0/1 trsplit=0 sim=14.116(rmp=0.422 run=13.693 n=1 d=0) incr=loc/full/maxdirty/keys=0/0/0/0 chk= 0.000(d=1) stat= 0.159 rest= 0.305
  [bmc-incr i=262 repr=1 active=1501/176653 POs=1]
BMC : c =    1499  cl =   4503  lit =  176652  p =     0  d =     0  f =     1  +  T =     0.03 sec
  [bmc-prof 262] wall=  28.666 p=     1 | ifo=  0.732(sd=0.175 nx=0.000 tfo=0.072 cnt=0.485) snap= 0.301 srm=  7.998 sat=  4.590(set=0.178 slv=4.410 max=4.4104 n=1) cex=R/T/F=0/0/1 trsplit=0 sim=14.588(rmp=0.447 run=14.140 n=1 d=0) incr=loc/full/maxdirty/keys=0/0/0/0 chk= 0.000(d=1) stat= 0.158 rest= 0.298
  [bmc-incr i=263 repr=1 active=1500/176652 POs=1]
BMC : c =    1498  cl =   4503  lit =  176651  p =     0  d =     0  f =     1  +  T =     0.03 sec
  [bmc-prof 263] wall=  29.720 p=     1 | ifo=  0.749(sd=0.178 nx=0.000 tfo=0.075 cnt=0.496) snap= 0.280 srm=  7.671 sat=  4.588(set=0.158 slv=4.428 max=4.4280 n=1) cex=R/T/F=0/0/1 trsplit=0 sim=15.903(rmp=0.432 run=15.470 n=1 d=0) incr=loc/full/maxdirty/keys=0/0/0/0 chk= 0.000(d=1) stat= 0.181 rest= 0.347
  [bmc-incr i=264 repr=1 active=1499/176651 POs=1]
BMC : c =    1497  cl =   4503  lit =  176650  p =     0  d =     0  f =     1  +  T =     0.03 sec
  [bmc-prof 264] wall=  30.209 p=     1 | ifo=  0.847(sd=0.231 nx=0.000 tfo=0.074 cnt=0.542) snap= 0.315 srm=  8.577 sat=  4.753(set=0.194 slv=4.557 max=4.5573 n=1) cex=R/T/F=0/0/1 trsplit=0 sim=15.242(rmp=0.468 run=14.774 n=1 d=0) incr=loc/full/maxdirty/keys=0/0/0/0 chk= 0.000(d=1) stat= 0.163 rest= 0.311
  [bmc-incr i=265 repr=1 active=1498/176650 POs=1]
BMC : c =    1496  cl =   4503  lit =  176649  p =     0  d =     0  f =     1  +  T =     0.03 sec
  [bmc-prof 265] wall=  28.468 p=     1 | ifo=  0.771(sd=0.199 nx=0.000 tfo=0.071 cnt=0.501) snap= 0.348 srm=  7.821 sat=  4.569(set=0.179 slv=4.388 max=4.3883 n=1) cex=R/T/F=0/0/1 trsplit=0 sim=14.504(rmp=0.439 run=14.064 n=1 d=0) incr=loc/full/maxdirty/keys=0/0/0/0 chk= 0.000(d=1) stat= 0.159 rest= 0.295
  [bmc-incr i=266 repr=1 active=1497/176649 POs=1]
BMC : c =    1495  cl =   4503  lit =  176648  p =     0  d =     0  f =     1  +  T =     0.03 sec
  [bmc-prof 266] wall=  28.426 p=     1 | ifo=  0.744(sd=0.178 nx=0.000 tfo=0.069 cnt=0.497) snap= 0.281 srm=  7.956 sat=  4.628(set=0.185 slv=4.441 max=4.4412 n=1) cex=R/T/F=0/0/1 trsplit=0 sim=14.352(rmp=0.435 run=13.917 n=1 d=0) incr=loc/full/maxdirty/keys=0/0/0/0 chk= 0.000(d=1) stat= 0.156 rest= 0.308
  [bmc-incr i=267 repr=1 active=1496/176648 POs=1]
BMC : c =    1494  cl =   4503  lit =  176647  p =     0  d =     0  f =     1  +  T =     0.03 sec
  [bmc-prof 267] wall=  28.956 p=     1 | ifo=  0.753(sd=0.179 nx=0.000 tfo=0.083 cnt=0.492) snap= 0.281 srm=  7.810 sat=  4.644(set=0.169 slv=4.474 max=4.4736 n=1) cex=R/T/F=0/0/1 trsplit=0 sim=14.970(rmp=0.480 run=14.488 n=1 d=0) incr=loc/full/maxdirty/keys=0/0/0/0 chk= 0.000(d=1) stat= 0.171 rest= 0.326
  [bmc-incr i=268 repr=1 active=1495/176647 POs=1]
BMC : c =    1493  cl =   4503  lit =  176646  p =     0  d =     0  f =     1  +  T =     0.03 sec
  [bmc-prof 268] wall=  28.382 p=     1 | ifo=  0.890(sd=0.239 nx=0.000 tfo=0.138 cnt=0.513) snap= 0.292 srm=  7.786 sat=  4.681(set=0.163 slv=4.516 max=4.5161 n=1) cex=R/T/F=0/0/1 trsplit=0 sim=14.262(rmp=0.420 run=13.841 n=1 d=0) incr=loc/full/maxdirty/keys=0/0/0/0 chk= 0.000(d=1) stat= 0.164 rest= 0.307
  [bmc-incr i=269 repr=1 active=1494/176646 POs=1]
BMC : c =    1492  cl =   4503  lit =  176645  p =     0  d =     0  f =     1  +  T =     0.03 sec
  [bmc-prof 269] wall=  31.186 p=     1 | ifo=  0.748(sd=0.180 nx=0.000 tfo=0.068 cnt=0.500) snap= 0.291 srm=  7.820 sat=  4.936(set=0.163 slv=4.770 max=4.7701 n=1) cex=R/T/F=0/0/1 trsplit=0 sim=16.890(rmp=0.526 run=16.364 n=1 d=0) incr=loc/full/maxdirty/keys=0/0/0/0 chk= 0.000(d=1) stat= 0.174 rest= 0.326
  [bmc-incr i=270 repr=1 active=1493/176645 POs=1]
BMC : c =    1491  cl =   4503  lit =  176644  p =     0  d =     0  f =     1  +  T =     0.03 sec
  [bmc-prof 270] wall=  29.031 p=     1 | ifo=  0.741(sd=0.179 nx=0.000 tfo=0.075 cnt=0.487) snap= 0.291 srm=  8.658 sat=  4.634(set=0.167 slv=4.464 max=4.4643 n=1) cex=R/T/F=0/0/1 trsplit=0 sim=14.261(rmp=0.420 run=13.840 n=1 d=0) incr=loc/full/maxdirty/keys=0/0/0/0 chk= 0.000(d=1) stat= 0.155 rest= 0.292
  [bmc-incr i=271 repr=1 active=1492/176644 POs=1]
BMC : c =    1490  cl =   4503  lit =  176643  p =     0  d =     0  f =     1  +  T =     0.03 sec
  [bmc-prof 271] wall=  30.079 p=     1 | ifo=  0.744(sd=0.177 nx=0.000 tfo=0.069 cnt=0.498) snap= 0.339 srm=  8.412 sat=  6.126(set=0.192 slv=5.933 max=5.9327 n=1) cex=R/T/F=0/0/1 trsplit=0 sim=13.701(rmp=0.506 run=13.195 n=1 d=0) incr=loc/full/maxdirty/keys=0/0/0/0 chk= 0.000(d=1) stat= 0.290 rest= 0.466
  [bmc-incr i=272 repr=1 active=1491/176643 POs=1]
BMC : c =    1489  cl =   4503  lit =  176642  p =     0  d =     0  f =     1  +  T =     0.03 sec
  [bmc-prof 272] wall=  31.178 p=     1 | ifo=  0.922(sd=0.295 nx=0.000 tfo=0.104 cnt=0.523) snap= 0.347 srm=  8.481 sat=  4.629(set=0.195 slv=4.433 max=4.4328 n=1) cex=R/T/F=0/0/1 trsplit=0 sim=16.296(rmp=0.585 run=15.710 n=1 d=0) incr=loc/full/maxdirty/keys=0/0/0/0 chk= 0.000(d=1) stat= 0.176 rest= 0.326
  [bmc-incr i=273 repr=1 active=1490/176642 POs=1]
BMC : c =    1488  cl =   4503  lit =  176641  p =     0  d =     0  f =     1  +  T =     0.03 sec
  [bmc-prof 273] wall=  27.699 p=     1 | ifo=  0.764(sd=0.198 nx=0.000 tfo=0.082 cnt=0.484) snap= 0.298 srm=  7.566 sat=  4.643(set=0.157 slv=4.485 max=4.4848 n=1) cex=R/T/F=0/0/1 trsplit=0 sim=13.931(rmp=0.446 run=13.485 n=1 d=0) incr=loc/full/maxdirty/keys=0/0/0/0 chk= 0.000(d=1) stat= 0.173 rest= 0.323
  [bmc-incr i=274 repr=1 active=1489/176641 POs=1]
BMC : c =    1487  cl =   4503  lit =  176640  p =     0  d =     0  f =     1  +  T =     0.03 sec
  [bmc-prof 274] wall=  28.885 p=     1 | ifo=  0.798(sd=0.213 nx=0.000 tfo=0.071 cnt=0.514) snap= 0.447 srm=  8.063 sat=  4.733(set=0.185 slv=4.546 max=4.5458 n=1) cex=R/T/F=0/0/1 trsplit=0 sim=14.371(rmp=0.521 run=13.850 n=1 d=0) incr=loc/full/maxdirty/keys=0/0/0/0 chk= 0.000(d=1) stat= 0.160 rest= 0.313
  [bmc-incr i=275 repr=1 active=1488/176640 POs=1]
BMC : c =    1486  cl =   4503  lit =  176639  p =     0  d =     0  f =     1  +  T =     0.03 sec
  [bmc-prof 275] wall=  28.225 p=     1 | ifo=  0.780(sd=0.225 nx=0.000 tfo=0.068 cnt=0.487) snap= 0.282 srm=  7.524 sat=  4.617(set=0.159 slv=4.456 max=4.4563 n=1) cex=R/T/F=0/0/1 trsplit=0 sim=14.555(rmp=0.423 run=14.131 n=1 d=0) incr=loc/full/maxdirty/keys=0/0/0/0 chk= 0.000(d=1) stat= 0.169 rest= 0.298
  [bmc-incr i=276 repr=1 active=1487/176639 POs=1]
BMC : c =    1485  cl =   4503  lit =  176638  p =     0  d =     0  f =     1  +  T =     0.03 sec
  [bmc-prof 276] wall=  28.218 p=     1 | ifo=  0.728(sd=0.179 nx=0.000 tfo=0.066 cnt=0.484) snap= 0.284 srm=  7.936 sat=  4.614(set=0.169 slv=4.444 max=4.4436 n=1) cex=R/T/F=0/0/1 trsplit=0 sim=14.153(rmp=0.436 run=13.716 n=1 d=0) incr=loc/full/maxdirty/keys=0/0/0/0 chk= 0.000(d=1) stat= 0.183 rest= 0.320
  [bmc-incr i=277 repr=1 active=1486/176638 POs=1]
BMC : c =    1484  cl =   4503  lit =  176637  p =     0  d =     0  f =     1  +  T =     0.03 sec
  [bmc-prof 277] wall=  30.825 p=     1 | ifo=  0.871(sd=0.242 nx=0.000 tfo=0.081 cnt=0.548) snap= 0.344 srm=  9.722 sat=  4.811(set=0.185 slv=4.624 max=4.6238 n=1) cex=R/T/F=0/0/1 trsplit=0 sim=14.574(rmp=0.471 run=14.101 n=1 d=0) incr=loc/full/maxdirty/keys=0/0/0/0 chk= 0.000(d=1) stat= 0.160 rest= 0.343
  [bmc-incr i=278 repr=1 active=1485/176637 POs=1]
BMC : c =    1483  cl =   4503  lit =  176636  p =     0  d =     0  f =     1  +  T =     0.03 sec
  [bmc-prof 278] wall=  28.071 p=     1 | ifo=  0.744(sd=0.180 nx=0.000 tfo=0.082 cnt=0.482) snap= 0.321 srm=  7.732 sat=  4.661(set=0.172 slv=4.488 max=4.4878 n=1) cex=R/T/F=0/0/1 trsplit=0 sim=14.141(rmp=0.419 run=13.722 n=1 d=0) incr=loc/full/maxdirty/keys=0/0/0/0 chk= 0.000(d=1) stat= 0.175 rest= 0.296
  [bmc-incr i=279 repr=1 active=1484/176636 POs=1]
BMC : c =    1482  cl =   4503  lit =  176635  p =     0  d =     0  f =     1  +  T =     0.03 sec
  [bmc-prof 279] wall=  27.780 p=     1 | ifo=  0.743(sd=0.187 nx=0.000 tfo=0.070 cnt=0.486) snap= 0.298 srm=  7.593 sat=  4.615(set=0.165 slv=4.448 max=4.4483 n=1) cex=R/T/F=0/0/1 trsplit=0 sim=14.037(rmp=0.426 run=13.610 n=1 d=0) incr=loc/full/maxdirty/keys=0/0/0/0 chk= 0.000(d=1) stat= 0.203 rest= 0.291
  [bmc-incr i=280 repr=1 active=1483/176635 POs=1]
BMC : c =    1481  cl =   4503  lit =  176634  p =     0  d =     0  f =     1  +  T =     0.03 sec
  [bmc-prof 280] wall=  28.378 p=     1 | ifo=  0.721(sd=0.177 nx=0.000 tfo=0.063 cnt=0.481) snap= 0.286 srm=  8.056 sat=  4.604(set=0.169 slv=4.433 max=4.4326 n=1) cex=R/T/F=0/0/1 trsplit=0 sim=14.246(rmp=0.437 run=13.808 n=1 d=0) incr=loc/full/maxdirty/keys=0/0/0/0 chk= 0.000(d=1) stat= 0.156 rest= 0.309
  [bmc-incr i=281 repr=1 active=1482/176634 POs=1]
BMC : c =    1480  cl =   4503  lit =  176633  p =     0  d =     0  f =     1  +  T =     0.03 sec
  [bmc-prof 281] wall=  28.440 p=     1 | ifo=  0.741(sd=0.185 nx=0.000 tfo=0.072 cnt=0.484) snap= 0.286 srm=  7.633 sat=  4.593(set=0.159 slv=4.432 max=4.4323 n=1) cex=R/T/F=0/0/1 trsplit=0 sim=14.736(rmp=0.465 run=14.270 n=1 d=0) incr=loc/full/maxdirty/keys=0/0/0/0 chk= 0.000(d=1) stat= 0.158 rest= 0.293
  [bmc-incr i=282 repr=1 active=1481/176633 POs=1]
BMC : c =    1479  cl =   4503  lit =  176632  p =     0  d =     0  f =     1  +  T =     0.03 sec
  [bmc-prof 282] wall=  31.277 p=     1 | ifo=  0.746(sd=0.184 nx=0.000 tfo=0.065 cnt=0.496) snap= 0.352 srm= 10.548 sat=  4.644(set=0.211 slv=4.430 max=4.4304 n=1) cex=R/T/F=0/0/1 trsplit=0 sim=14.486(rmp=0.577 run=13.907 n=1 d=0) incr=loc/full/maxdirty/keys=0/0/0/0 chk= 0.000(d=1) stat= 0.161 rest= 0.342
  [bmc-incr i=283 repr=1 active=1480/176632 POs=1]
BMC : c =    1478  cl =   4503  lit =  176631  p =     0  d =     0  f =     1  +  T =     0.03 sec
  [bmc-prof 283] wall=  28.297 p=     1 | ifo=  0.733(sd=0.178 nx=0.000 tfo=0.073 cnt=0.483) snap= 0.285 srm=  8.145 sat=  4.597(set=0.162 slv=4.434 max=4.4340 n=1) cex=R/T/F=0/0/1 trsplit=0 sim=14.084(rmp=0.419 run=13.664 n=1 d=0) incr=loc/full/maxdirty/keys=0/0/0/0 chk= 0.000(d=1) stat= 0.156 rest= 0.295
  [bmc-incr i=284 repr=1 active=1479/176631 POs=1]
BMC : c =    1477  cl =   4503  lit =  176630  p =     0  d =     0  f =     1  +  T =     0.03 sec
  [bmc-prof 284] wall=  27.909 p=     1 | ifo=  0.735(sd=0.173 nx=0.000 tfo=0.066 cnt=0.496) snap= 0.281 srm=  7.497 sat=  4.603(set=0.155 slv=4.447 max=4.4465 n=1) cex=R/T/F=0/0/1 trsplit=0 sim=14.323(rmp=0.503 run=13.819 n=1 d=0) incr=loc/full/maxdirty/keys=0/0/0/0 chk= 0.000(d=1) stat= 0.156 rest= 0.314
  [bmc-incr i=285 repr=1 active=1478/176630 POs=1]
BMC : c =    1476  cl =   4503  lit =  176629  p =     0  d =     0  f =     1  +  T =     0.03 sec
  [bmc-prof 285] wall=  33.624 p=     1 | ifo=  0.732(sd=0.186 nx=0.000 tfo=0.063 cnt=0.482) snap= 0.287 srm=  7.627 sat=  5.769(set=0.160 slv=5.606 max=5.6060 n=1) cex=R/T/F=0/0/1 trsplit=0 sim=18.694(rmp=0.630 run=18.064 n=1 d=0) incr=loc/full/maxdirty/keys=0/0/0/0 chk= 0.000(d=1) stat= 0.160 rest= 0.355
  [bmc-incr i=286 repr=1 active=1477/176629 POs=1]
BMC : c =    1475  cl =   4503  lit =  176628  p =     0  d =     0  f =     1  +  T =     0.03 sec
  [bmc-prof 286] wall=  28.180 p=     1 | ifo=  0.743(sd=0.180 nx=0.000 tfo=0.070 cnt=0.494) snap= 0.279 srm=  7.619 sat=  4.776(set=0.166 slv=4.609 max=4.6085 n=1) cex=R/T/F=0/0/1 trsplit=0 sim=14.289(rmp=0.436 run=13.852 n=1 d=0) incr=loc/full/maxdirty/keys=0/0/0/0 chk= 0.000(d=1) stat= 0.181 rest= 0.293
  [bmc-incr i=287 repr=1 active=1476/176628 POs=1]
BMC : c =    1474  cl =   4503  lit =  176627  p =     0  d =     0  f =     1  +  T =     0.03 sec
  [bmc-prof 287] wall=  28.821 p=     1 | ifo=  0.743(sd=0.177 nx=0.000 tfo=0.066 cnt=0.501) snap= 0.296 srm=  7.751 sat=  4.696(set=0.159 slv=4.534 max=4.5341 n=1) cex=R/T/F=0/0/1 trsplit=0 sim=14.826(rmp=0.535 run=14.289 n=1 d=0) incr=loc/full/maxdirty/keys=0/0/0/0 chk= 0.000(d=1) stat= 0.159 rest= 0.349
  [bmc-incr i=288 repr=1 active=1475/176627 POs=1]
BMC : c =    1473  cl =   4503  lit =  176626  p =     0  d =     0  f =     1  +  T =     0.03 sec
  [bmc-prof 288] wall=  28.099 p=     1 | ifo=  0.737(sd=0.179 nx=0.000 tfo=0.067 cnt=0.491) snap= 0.283 srm=  7.761 sat=  4.628(set=0.168 slv=4.457 max=4.4574 n=1) cex=R/T/F=0/0/1 trsplit=0 sim=14.171(rmp=0.410 run=13.760 n=1 d=0) incr=loc/full/maxdirty/keys=0/0/0/0 chk= 0.000(d=1) stat= 0.230 rest= 0.289
  [bmc-incr i=289 repr=1 active=1474/176626 POs=1]
BMC : c =    1472  cl =   4503  lit =  176625  p =     0  d =     0  f =     1  +  T =     0.03 sec
  [bmc-prof 289] wall=  28.055 p=     1 | ifo=  0.744(sd=0.180 nx=0.000 tfo=0.068 cnt=0.496) snap= 0.281 srm=  7.749 sat=  4.603(set=0.163 slv=4.438 max=4.4378 n=1) cex=R/T/F=0/0/1 trsplit=0 sim=14.221(rmp=0.428 run=13.793 n=1 d=0) incr=loc/full/maxdirty/keys=0/0/0/0 chk= 0.000(d=1) stat= 0.157 rest= 0.300
  [bmc-incr i=290 repr=1 active=1473/176625 POs=1]
BMC : c =    1471  cl =   4503  lit =  176624  p =     0  d =     0  f =     1  +  T =     0.03 sec
  [bmc-prof 290] wall=  28.066 p=     1 | ifo=  0.728(sd=0.179 nx=0.000 tfo=0.067 cnt=0.482) snap= 0.293 srm=  7.667 sat=  4.607(set=0.160 slv=4.445 max=4.4452 n=1) cex=R/T/F=0/0/1 trsplit=0 sim=14.303(rmp=0.446 run=13.856 n=1 d=0) incr=loc/full/maxdirty/keys=0/0/0/0 chk= 0.000(d=1) stat= 0.158 rest= 0.311
  [bmc-incr i=291 repr=1 active=1472/176624 POs=1]
BMC : c =    1470  cl =   4503  lit =  176623  p =     0  d =     0  f =     1  +  T =     0.03 sec
  [bmc-prof 291] wall=  28.019 p=     1 | ifo=  0.751(sd=0.188 nx=0.000 tfo=0.069 cnt=0.494) snap= 0.284 srm=  7.819 sat=  4.644(set=0.189 slv=4.453 max=4.4533 n=1) cex=R/T/F=0/0/1 trsplit=0 sim=14.057(rmp=0.412 run=13.644 n=1 d=0) incr=loc/full/maxdirty/keys=0/0/0/0 chk= 0.000(d=1) stat= 0.154 rest= 0.310
  [bmc-incr i=292 repr=1 active=1471/176623 POs=1]
BMC : c =    1469  cl =   4503  lit =  176622  p =     0  d =     0  f =     1  +  T =     0.03 sec
  [bmc-prof 292] wall=  27.902 p=     1 | ifo=  0.742(sd=0.176 nx=0.000 tfo=0.073 cnt=0.493) snap= 0.290 srm=  7.659 sat=  4.639(set=0.171 slv=4.467 max=4.4667 n=1) cex=R/T/F=0/0/1 trsplit=0 sim=14.103(rmp=0.432 run=13.670 n=1 d=0) incr=loc/full/maxdirty/keys=0/0/0/0 chk= 0.000(d=1) stat= 0.172 rest= 0.297
  [bmc-incr i=293 repr=1 active=1470/176622 POs=1]
BMC : c =    1468  cl =   4503  lit =  176621  p =     0  d =     0  f =     1  +  T =     0.03 sec
  [bmc-prof 293] wall=  28.570 p=     1 | ifo=  0.730(sd=0.184 nx=0.000 tfo=0.066 cnt=0.480) snap= 0.281 srm=  7.643 sat=  4.597(set=0.160 slv=4.435 max=4.4351 n=1) cex=R/T/F=0/0/1 trsplit=0 sim=14.866(rmp=0.414 run=14.452 n=1 d=0) incr=loc/full/maxdirty/keys=0/0/0/0 chk= 0.000(d=1) stat= 0.154 rest= 0.298
  [bmc-incr i=294 repr=1 active=1469/176621 POs=1]
BMC : c =    1467  cl =   4503  lit =  176620  p =     0  d =     0  f =     1  +  T =     0.03 sec
  [bmc-prof 294] wall=  28.033 p=     1 | ifo=  0.733(sd=0.177 nx=0.000 tfo=0.065 cnt=0.492) snap= 0.282 srm=  7.843 sat=  4.650(set=0.167 slv=4.481 max=4.4812 n=1) cex=R/T/F=0/0/1 trsplit=0 sim=14.077(rmp=0.426 run=13.650 n=1 d=0) incr=loc/full/maxdirty/keys=0/0/0/0 chk= 0.000(d=1) stat= 0.156 rest= 0.291
  [bmc-incr i=295 repr=1 active=1468/176620 POs=1]
BMC : c =    1466  cl =   4503  lit =  176619  p =     0  d =     0  f =     1  +  T =     0.03 sec
  [bmc-prof 295] wall=  28.816 p=     1 | ifo=  0.731(sd=0.175 nx=0.000 tfo=0.065 cnt=0.491) snap= 0.291 srm=  7.803 sat=  4.656(set=0.177 slv=4.477 max=4.4774 n=1) cex=R/T/F=0/0/1 trsplit=0 sim=14.848(rmp=0.469 run=14.379 n=1 d=0) incr=loc/full/maxdirty/keys=0/0/0/0 chk= 0.000(d=1) stat= 0.165 rest= 0.321
  [bmc-incr i=296 repr=1 active=1467/176619 POs=1]
BMC : c =    1465  cl =   4503  lit =  176618  p =     0  d =     0  f =     1  +  T =     0.03 sec
  [bmc-prof 296] wall=  27.572 p=     1 | ifo=  0.754(sd=0.192 nx=0.000 tfo=0.068 cnt=0.494) snap= 0.282 srm=  7.623 sat=  4.629(set=0.172 slv=4.455 max=4.4553 n=1) cex=R/T/F=0/0/1 trsplit=0 sim=13.822(rmp=0.414 run=13.407 n=1 d=0) incr=loc/full/maxdirty/keys=0/0/0/0 chk= 0.001(d=1) stat= 0.157 rest= 0.304
  [bmc-incr i=297 repr=1 active=1466/176618 POs=1]
BMC : c =    1464  cl =   4503  lit =  176617  p =     0  d =     0  f =     1  +  T =     0.03 sec
  [bmc-prof 297] wall=  27.645 p=     1 | ifo=  0.730(sd=0.181 nx=0.000 tfo=0.066 cnt=0.483) snap= 0.291 srm=  7.634 sat=  4.608(set=0.169 slv=4.438 max=4.4380 n=1) cex=R/T/F=0/0/1 trsplit=0 sim=13.886(rmp=0.421 run=13.464 n=1 d=0) incr=loc/full/maxdirty/keys=0/0/0/0 chk= 0.000(d=1) stat= 0.199 rest= 0.298
  [bmc-incr i=298 repr=1 active=1465/176617 POs=1]
BMC : c =    1463  cl =   4503  lit =  176616  p =     0  d =     0  f =     1  +  T =     0.03 sec
  [bmc-prof 298] wall=  28.166 p=     1 | ifo=  0.744(sd=0.179 nx=0.000 tfo=0.071 cnt=0.494) snap= 0.287 srm=  7.715 sat=  4.662(set=0.176 slv=4.484 max=4.4845 n=1) cex=R/T/F=0/0/1 trsplit=0 sim=14.308(rmp=0.443 run=13.864 n=1 d=0) incr=loc/full/maxdirty/keys=0/0/0/0 chk= 0.000(d=1) stat= 0.155 rest= 0.295
  [bmc-incr i=299 repr=1 active=1464/176616 POs=1]
BMC : c =    1462  cl =   4503  lit =  176615  p =     0  d =     0  f =     1  +  T =     0.03 sec
  [bmc-prof 299] wall=  27.606 p=     1 | ifo=  0.725(sd=0.178 nx=0.000 tfo=0.067 cnt=0.481) snap= 0.291 srm=  7.542 sat=  4.626(set=0.159 slv=4.465 max=4.4653 n=1) cex=R/T/F=0/0/1 trsplit=0 sim=13.978(rmp=0.423 run=13.554 n=1 d=0) incr=loc/full/maxdirty/keys=0/0/0/0 chk= 0.000(d=1) stat= 0.153 rest= 0.289
  [bmc-incr i=300 repr=1 active=1463/176615 POs=1]
BMC : c =    1461  cl =   4503  lit =  176614  p =     0  d =     0  f =     1  +  T =     0.03 sec
  [bmc-prof 300] wall=  28.790 p=     1 | ifo=  0.726(sd=0.183 nx=0.000 tfo=0.064 cnt=0.479) snap= 0.286 srm=  7.646 sat=  4.662(set=0.179 slv=4.481 max=4.4812 n=1) cex=R/T/F=0/0/1 trsplit=0 sim=14.990(rmp=0.467 run=14.523 n=1 d=0) incr=loc/full/maxdirty/keys=0/0/0/0 chk= 0.000(d=1) stat= 0.162 rest= 0.316
  [bmc-incr i=301 repr=1 active=1462/176614 POs=1]
BMC : c =    1460  cl =   4503  lit =  176613  p =     0  d =     0  f =     1  +  T =     0.03 sec
  [bmc-prof 301] wall=  28.334 p=     1 | ifo=  0.751(sd=0.199 nx=0.000 tfo=0.067 cnt=0.485) snap= 0.293 srm=  7.837 sat=  4.644(set=0.170 slv=4.472 max=4.4723 n=1) cex=R/T/F=0/0/1 trsplit=0 sim=14.357(rmp=0.417 run=13.939 n=1 d=0) incr=loc/full/maxdirty/keys=0/0/0/0 chk= 0.000(d=1) stat= 0.155 rest= 0.297
  [bmc-incr i=302 repr=1 active=1461/176613 POs=1]
BMC : c =    1459  cl =   4503  lit =  176612  p =     0  d =     0  f =     1  +  T =     0.03 sec
  [bmc-prof 302] wall=  28.232 p=     1 | ifo=  0.735(sd=0.179 nx=0.000 tfo=0.067 cnt=0.490) snap= 0.283 srm=  7.683 sat=  4.670(set=0.174 slv=4.494 max=4.4937 n=1) cex=R/T/F=0/0/1 trsplit=0 sim=14.391(rmp=0.437 run=13.953 n=1 d=0) incr=loc/full/maxdirty/keys=0/0/0/0 chk= 0.000(d=1) stat= 0.168 rest= 0.301
  [bmc-incr i=303 repr=1 active=1460/176612 POs=1]
BMC : c =    1458  cl =   4503  lit =  176611  p =     0  d =     0  f =     1  +  T =     0.03 sec
  [bmc-prof 303] wall=  28.245 p=     1 | ifo=  0.761(sd=0.190 nx=0.000 tfo=0.071 cnt=0.500) snap= 0.284 srm=  7.684 sat=  4.673(set=0.162 slv=4.509 max=4.5085 n=1) cex=R/T/F=0/0/1 trsplit=0 sim=14.353(rmp=0.440 run=13.912 n=1 d=0) incr=loc/full/maxdirty/keys=0/0/0/0 chk= 0.000(d=1) stat= 0.162 rest= 0.327
  [bmc-incr i=304 repr=1 active=1459/176611 POs=1]
BMC : c =    1457  cl =   4503  lit =  176610  p =     0  d =     0  f =     1  +  T =     0.03 sec
  [bmc-prof 304] wall=  28.327 p=     1 | ifo=  0.759(sd=0.179 nx=0.000 tfo=0.069 cnt=0.511) snap= 0.292 srm=  7.915 sat=  4.675(set=0.175 slv=4.498 max=4.4978 n=1) cex=R/T/F=0/0/1 trsplit=0 sim=14.244(rmp=0.418 run=13.825 n=1 d=0) incr=loc/full/maxdirty/keys=0/0/0/0 chk= 0.001(d=1) stat= 0.155 rest= 0.288
  [bmc-incr i=305 repr=1 active=1458/176610 POs=1]
BMC : c =    1456  cl =   4503  lit =  176609  p =     0  d =     0  f =     1  +  T =     0.03 sec
  [bmc-prof 305] wall=  28.013 p=     1 | ifo=  0.724(sd=0.176 nx=0.000 tfo=0.067 cnt=0.481) snap= 0.289 srm=  7.746 sat=  4.644(set=0.162 slv=4.479 max=4.4790 n=1) cex=R/T/F=0/0/1 trsplit=0 sim=14.140(rmp=0.412 run=13.727 n=1 d=0) incr=loc/full/maxdirty/keys=0/0/0/0 chk= 0.000(d=1) stat= 0.159 rest= 0.310
  [bmc-incr i=306 repr=1 active=1457/176609 POs=1]
BMC : c =    1455  cl =   4503  lit =  176608  p =     0  d =     0  f =     1  +  T =     0.03 sec
  [bmc-prof 306] wall=  28.689 p=     1 | ifo=  0.747(sd=0.180 nx=0.000 tfo=0.078 cnt=0.490) snap= 0.353 srm=  8.518 sat=  4.761(set=0.224 slv=4.535 max=4.5352 n=1) cex=R/T/F=0/0/1 trsplit=0 sim=13.765(rmp=0.575 run=13.188 n=1 d=0) incr=loc/full/maxdirty/keys=0/0/0/0 chk= 0.000(d=1) stat= 0.175 rest= 0.371
  [bmc-incr i=307 repr=1 active=1456/176608 POs=1]
BMC : c =    1454  cl =   4503  lit =  176607  p =     0  d =     0  f =     1  +  T =     0.03 sec
  [bmc-prof 307] wall=  28.849 p=     1 | ifo=  0.980(sd=0.278 nx=0.000 tfo=0.136 cnt=0.567) snap= 0.344 srm=  8.305 sat=  4.829(set=0.189 slv=4.638 max=4.6378 n=1) cex=R/T/F=0/0/1 trsplit=0 sim=13.868(rmp=0.526 run=13.341 n=1 d=0) incr=loc/full/maxdirty/keys=0/0/0/0 chk= 0.000(d=1) stat= 0.176 rest= 0.346
  [bmc-incr i=308 repr=1 active=1455/176607 POs=1]
BMC : c =    1453  cl =   4503  lit =  176606  p =     0  d =     0  f =     1  +  T =     0.03 sec
  [bmc-prof 308] wall=  28.479 p=     1 | ifo=  0.839(sd=0.234 nx=0.000 tfo=0.068 cnt=0.537) snap= 0.326 srm=  8.173 sat=  4.794(set=0.215 slv=4.577 max=4.5774 n=1) cex=R/T/F=0/0/1 trsplit=0 sim=13.841(rmp=0.524 run=13.315 n=1 d=0) incr=loc/full/maxdirty/keys=0/0/0/0 chk= 0.000(d=1) stat= 0.173 rest= 0.334
  [bmc-incr i=309 repr=1 active=1454/176606 POs=1]
BMC : c =    1452  cl =   4503  lit =  176605  p =     0  d =     0  f =     1  +  T =     0.04 sec
  [bmc-prof 309] wall=  35.468 p=     1 | ifo=  0.931(sd=0.254 nx=0.000 tfo=0.119 cnt=0.558) snap= 0.327 srm=  8.847 sat=  5.122(set=0.182 slv=4.938 max=4.9379 n=1) cex=R/T/F=0/0/1 trsplit=0 sim=19.612(rmp=0.651 run=18.959 n=1 d=0) incr=loc/full/maxdirty/keys=0/0/0/0 chk= 0.000(d=1) stat= 0.264 rest= 0.364
  [bmc-incr i=310 repr=1 active=1453/176605 POs=1]
BMC : c =    1451  cl =   4503  lit =  176604  p =     0  d =     0  f =     1  +  T =     0.03 sec
  [bmc-prof 310] wall=  29.414 p=     1 | ifo=  0.835(sd=0.219 nx=0.000 tfo=0.074 cnt=0.541) snap= 0.411 srm=  8.450 sat=  4.914(set=0.203 slv=4.708 max=4.7083 n=1) cex=R/T/F=0/0/1 trsplit=0 sim=14.212(rmp=0.606 run=13.605 n=1 d=0) incr=loc/full/maxdirty/keys=0/0/0/0 chk= 0.000(d=1) stat= 0.235 rest= 0.358
  [bmc-incr i=311 repr=1 active=1452/176604 POs=1]
BMC : c =    1450  cl =   4503  lit =  176603  p =     0  d =     0  f =     1  +  T =     0.03 sec
  [bmc-prof 311] wall=  29.924 p=     1 | ifo=  0.819(sd=0.221 nx=0.000 tfo=0.075 cnt=0.523) snap= 0.282 srm=  8.619 sat=  5.667(set=0.167 slv=5.498 max=5.4978 n=1) cex=R/T/F=0/0/1 trsplit=0 sim=14.083(rmp=0.434 run=13.648 n=1 d=0) incr=loc/full/maxdirty/keys=0/0/0/0 chk= 0.000(d=1) stat= 0.157 rest= 0.298
  [bmc-incr i=312 repr=1 active=1451/176603 POs=1]
BMC : c =    1449  cl =   4503  lit =  176602  p =     0  d =     0  f =     1  +  T =     0.03 sec
  [bmc-prof 312] wall=  28.054 p=     1 | ifo=  0.751(sd=0.175 nx=0.000 tfo=0.087 cnt=0.489) snap= 0.281 srm=  7.606 sat=  4.697(set=0.166 slv=4.529 max=4.5291 n=1) cex=R/T/F=0/0/1 trsplit=0 sim=14.234(rmp=0.411 run=13.822 n=1 d=0) incr=loc/full/maxdirty/keys=0/0/0/0 chk= 0.000(d=1) stat= 0.176 rest= 0.309
  [bmc-incr i=313 repr=1 active=1450/176602 POs=1]
BMC : c =    1448  cl =   4503  lit =  176601  p =     0  d =     0  f =     1  +  T =     0.03 sec
  [bmc-prof 313] wall=  31.810 p=     1 | ifo=  0.743(sd=0.179 nx=0.000 tfo=0.077 cnt=0.487) snap= 0.284 srm=  8.011 sat=  4.650(set=0.176 slv=4.472 max=4.4718 n=1) cex=R/T/F=0/0/1 trsplit=0 sim=17.617(rmp=0.452 run=17.164 n=1 d=0) incr=loc/full/maxdirty/keys=0/0/0/0 chk= 0.000(d=1) stat= 0.185 rest= 0.321
  [bmc-incr i=314 repr=1 active=1449/176601 POs=1]
BMC : c =    1447  cl =   4503  lit =  176600  p =     0  d =     0  f =     1  +  T =     0.03 sec
  [bmc-prof 314] wall=  29.292 p=     1 | ifo=  0.922(sd=0.228 nx=0.000 tfo=0.076 cnt=0.619) snap= 0.358 srm=  8.282 sat=  5.595(set=0.187 slv=5.405 max=5.4054 n=1) cex=R/T/F=0/0/1 trsplit=0 sim=13.607(rmp=0.507 run=13.099 n=1 d=0) incr=loc/full/maxdirty/keys=0/0/0/0 chk= 0.000(d=1) stat= 0.192 rest= 0.335
  [bmc-incr i=315 repr=1 active=1448/176600 POs=1]
BMC : c =    1446  cl =   4503  lit =  176599  p =     0  d =     0  f =     1  +  T =     0.03 sec
  [bmc-prof 315] wall=  29.994 p=     1 | ifo=  0.942(sd=0.260 nx=0.000 tfo=0.123 cnt=0.559) snap= 0.335 srm=  8.266 sat=  4.794(set=0.183 slv=4.610 max=4.6095 n=1) cex=R/T/F=0/0/1 trsplit=0 sim=15.121(rmp=0.450 run=14.670 n=1 d=0) incr=loc/full/maxdirty/keys=0/0/0/0 chk= 0.000(d=1) stat= 0.170 rest= 0.365
  [bmc-incr i=316 repr=1 active=1447/176599 POs=1]
BMC : c =    1445  cl =   4503  lit =  176598  p =     0  d =     0  f =     1  +  T =     0.03 sec
  [bmc-prof 316] wall=  28.208 p=     1 | ifo=  0.752(sd=0.181 nx=0.000 tfo=0.067 cnt=0.503) snap= 0.299 srm=  7.873 sat=  4.719(set=0.162 slv=4.555 max=4.5546 n=1) cex=R/T/F=0/0/1 trsplit=0 sim=14.109(rmp=0.453 run=13.655 n=1 d=0) incr=loc/full/maxdirty/keys=0/0/0/0 chk= 0.000(d=1) stat= 0.157 rest= 0.299
  [bmc-incr i=317 repr=1 active=1446/176598 POs=1]
BMC : c =    1444  cl =   4503  lit =  176597  p =     0  d =     0  f =     1  +  T =     0.03 sec
  [bmc-prof 317] wall=  28.643 p=     1 | ifo=  1.100(sd=0.202 nx=0.000 tfo=0.100 cnt=0.797) snap= 0.282 srm=  7.764 sat=  4.729(set=0.159 slv=4.567 max=4.5675 n=1) cex=R/T/F=0/0/1 trsplit=0 sim=14.303(rmp=0.430 run=13.872 n=1 d=0) incr=loc/full/maxdirty/keys=0/0/0/0 chk= 0.000(d=1) stat= 0.163 rest= 0.302
  [bmc-incr i=318 repr=1 active=1445/176597 POs=1]
BMC : c =    1443  cl =   4503  lit =  176596  p =     0  d =     0  f =     1  +  T =     0.03 sec
  [bmc-prof 318] wall=  30.290 p=     1 | ifo=  0.764(sd=0.202 nx=0.000 tfo=0.066 cnt=0.496) snap= 0.298 srm=  7.977 sat=  4.736(set=0.169 slv=4.565 max=4.5648 n=1) cex=R/T/F=0/0/1 trsplit=0 sim=16.028(rmp=0.435 run=15.592 n=1 d=0) incr=loc/full/maxdirty/keys=0/0/0/0 chk= 0.000(d=1) stat= 0.171 rest= 0.315
  [bmc-incr i=319 repr=1 active=1444/176596 POs=1]
BMC : c =    1442  cl =   4503  lit =  176595  p =     0  d =     0  f =     1  +  T =     0.03 sec
  [bmc-prof 319] wall=  28.944 p=     1 | ifo=  0.817(sd=0.217 nx=0.000 tfo=0.114 cnt=0.486) snap= 0.289 srm=  7.808 sat=  4.744(set=0.157 slv=4.579 max=4.5787 n=1) cex=R/T/F=0/0/1 trsplit=0 sim=14.819(rmp=0.427 run=14.392 n=1 d=0) incr=loc/full/maxdirty/keys=0/0/0/0 chk= 0.000(d=1) stat= 0.174 rest= 0.293
  [bmc-incr i=320 repr=1 active=1443/176595 POs=1]
BMC : c =    1441  cl =   4503  lit =  176594  p =     0  d =     0  f =     1  +  T =     0.03 sec
  [bmc-prof 320] wall=  28.808 p=     1 | ifo=  0.749(sd=0.184 nx=0.000 tfo=0.066 cnt=0.499) snap= 0.309 srm=  7.792 sat=  4.831(set=0.168 slv=4.662 max=4.6617 n=1) cex=R/T/F=0/0/1 trsplit=0 sim=14.654(rmp=0.449 run=14.204 n=1 d=0) incr=loc/full/maxdirty/keys=0/0/0/0 chk= 0.000(d=1) stat= 0.171 rest= 0.301
  [bmc-incr i=321 repr=1 active=1442/176594 POs=1]
BMC : c =    1440  cl =   4503  lit =  176593  p =     0  d =     0  f =     1  +  T =     0.03 sec
  [bmc-prof 321] wall=  30.394 p=     1 | ifo=  0.733(sd=0.178 nx=0.000 tfo=0.063 cnt=0.492) snap= 0.314 srm=  9.829 sat=  4.754(set=0.187 slv=4.565 max=4.5652 n=1) cex=R/T/F=0/0/1 trsplit=0 sim=14.291(rmp=0.455 run=13.835 n=1 d=0) incr=loc/full/maxdirty/keys=0/0/0/0 chk= 0.000(d=1) stat= 0.166 rest= 0.306
  [bmc-incr i=322 repr=1 active=1441/176593 POs=1]
BMC : c =    1439  cl =   4503  lit =  176592  p =     0  d =     0  f =     1  +  T =     0.03 sec
  [bmc-prof 322] wall=  31.105 p=     1 | ifo=  0.756(sd=0.185 nx=0.000 tfo=0.071 cnt=0.501) snap= 0.294 srm=  7.719 sat=  4.744(set=0.161 slv=4.581 max=4.5810 n=1) cex=R/T/F=0/0/1 trsplit=0 sim=17.112(rmp=0.442 run=16.668 n=1 d=0) incr=loc/full/maxdirty/keys=0/0/0/0 chk= 0.000(d=1) stat= 0.171 rest= 0.310
  [bmc-incr i=323 repr=1 active=1440/176592 POs=1]
BMC : c =    1438  cl =   4503  lit =  176591  p =     0  d =     0  f =     1  +  T =     0.03 sec
  [bmc-prof 323] wall=  31.563 p=     1 | ifo=  1.822(sd=0.644 nx=0.000 tfo=0.150 cnt=1.028) snap= 0.283 srm=  9.536 sat=  4.878(set=0.170 slv=4.706 max=4.7061 n=1) cex=R/T/F=0/0/1 trsplit=0 sim=14.564(rmp=0.477 run=14.086 n=1 d=0) incr=loc/full/maxdirty/keys=0/0/0/0 chk= 0.000(d=1) stat= 0.175 rest= 0.305
  [bmc-incr i=324 repr=1 active=1439/176591 POs=1]
BMC : c =    1437  cl =   4503  lit =  176590  p =     0  d =     0  f =     1  +  T =     0.03 sec
  [bmc-prof 324] wall=  29.326 p=     1 | ifo=  0.757(sd=0.180 nx=0.000 tfo=0.071 cnt=0.505) snap= 0.290 srm=  8.358 sat=  4.710(set=0.196 slv=4.512 max=4.5119 n=1) cex=R/T/F=0/0/1 trsplit=0 sim=14.673(rmp=0.474 run=14.197 n=1 d=0) incr=loc/full/maxdirty/keys=0/0/0/0 chk= 0.001(d=1) stat= 0.187 rest= 0.351
  [bmc-incr i=325 repr=1 active=1438/176590 POs=1]
BMC : c =    1436  cl =   4503  lit =  176589  p =     0  d =     0  f =     1  +  T =     0.03 sec
  [bmc-prof 325] wall=  29.053 p=     1 | ifo=  0.846(sd=0.212 nx=0.000 tfo=0.115 cnt=0.519) snap= 0.286 srm=  8.022 sat=  4.730(set=0.185 slv=4.543 max=4.5428 n=1) cex=R/T/F=0/0/1 trsplit=0 sim=14.651(rmp=0.464 run=14.186 n=1 d=0) incr=loc/full/maxdirty/keys=0/0/0/0 chk= 0.000(d=1) stat= 0.208 rest= 0.309
  [bmc-incr i=326 repr=1 active=1437/176589 POs=1]
BMC : c =    1435  cl =   4503  lit =  176588  p =     0  d =     0  f =     1  +  T =     0.03 sec
  [bmc-prof 326] wall=  29.026 p=     1 | ifo=  0.740(sd=0.177 nx=0.000 tfo=0.066 cnt=0.497) snap= 0.294 srm=  8.043 sat=  4.753(set=0.194 slv=4.556 max=4.5565 n=1) cex=R/T/F=0/0/1 trsplit=0 sim=14.689(rmp=0.464 run=14.224 n=1 d=0) incr=loc/full/maxdirty/keys=0/0/0/0 chk= 0.001(d=1) stat= 0.190 rest= 0.316
  [bmc-incr i=327 repr=1 active=1436/176588 POs=1]
BMC : c =    1434  cl =   4503  lit =  176587  p =     0  d =     0  f =     1  +  T =     0.03 sec
  [bmc-prof 327] wall=  28.406 p=     1 | ifo=  0.745(sd=0.182 nx=0.000 tfo=0.068 cnt=0.495) snap= 0.296 srm=  8.045 sat=  4.712(set=0.174 slv=4.536 max=4.5358 n=1) cex=R/T/F=0/0/1 trsplit=0 sim=14.147(rmp=0.430 run=13.717 n=1 d=0) incr=loc/full/maxdirty/keys=0/0/0/0 chk= 0.000(d=1) stat= 0.165 rest= 0.295
  [bmc-incr i=328 repr=1 active=1435/176587 POs=1]
BMC : c =    1433  cl =   4503  lit =  176586  p =     0  d =     0  f =     1  +  T =     0.03 sec
  [bmc-prof 328] wall=  28.979 p=     1 | ifo=  0.917(sd=0.232 nx=0.000 tfo=0.181 cnt=0.504) snap= 0.283 srm=  7.970 sat=  4.765(set=0.170 slv=4.593 max=4.5928 n=1) cex=R/T/F=0/0/1 trsplit=0 sim=14.575(rmp=0.438 run=14.135 n=1 d=0) incr=loc/full/maxdirty/keys=0/0/0/0 chk= 0.000(d=1) stat= 0.173 rest= 0.295
  [bmc-incr i=329 repr=1 active=1434/176586 POs=1]
BMC : c =    1432  cl =   4503  lit =  176585  p =     0  d =     0  f =     1  +  T =     0.03 sec
  [bmc-prof 329] wall=  28.199 p=     1 | ifo=  0.774(sd=0.197 nx=0.000 tfo=0.075 cnt=0.502) snap= 0.318 srm=  7.759 sat=  4.680(set=0.168 slv=4.510 max=4.5096 n=1) cex=R/T/F=0/0/1 trsplit=0 sim=14.218(rmp=0.431 run=13.787 n=1 d=0) incr=loc/full/maxdirty/keys=0/0/0/0 chk= 0.000(d=1) stat= 0.156 rest= 0.293
  [bmc-incr i=330 repr=1 active=1433/176585 POs=1]
BMC : c =    1431  cl =   4503  lit =  176584  p =     0  d =     0  f =     1  +  T =     0.03 sec
  [bmc-prof 330] wall=  28.226 p=     1 | ifo=  0.758(sd=0.179 nx=0.000 tfo=0.067 cnt=0.512) snap= 0.290 srm=  7.669 sat=  4.728(set=0.162 slv=4.564 max=4.5644 n=1) cex=R/T/F=0/0/1 trsplit=0 sim=14.303(rmp=0.441 run=13.861 n=1 d=0) incr=loc/full/maxdirty/keys=0/0/0/0 chk= 0.000(d=1) stat= 0.159 rest= 0.317
  [bmc-incr i=331 repr=1 active=1432/176584 POs=1]
BMC : c =    1430  cl =   4503  lit =  176583  p =     0  d =     0  f =     1  +  T =     0.03 sec
  [bmc-prof 331] wall=  28.850 p=     1 | ifo=  0.747(sd=0.182 nx=0.000 tfo=0.078 cnt=0.486) snap= 0.302 srm=  8.063 sat=  4.846(set=0.178 slv=4.665 max=4.6654 n=1) cex=R/T/F=0/0/1 trsplit=0 sim=14.423(rmp=0.445 run=13.977 n=1 d=0) incr=loc/full/maxdirty/keys=0/0/0/0 chk= 0.000(d=1) stat= 0.157 rest= 0.311
  [bmc-incr i=332 repr=1 active=1431/176583 POs=1]
BMC : c =    1429  cl =   4503  lit =  176582  p =     0  d =     0  f =     1  +  T =     0.03 sec
  [bmc-prof 332] wall=  28.413 p=     1 | ifo=  0.731(sd=0.180 nx=0.000 tfo=0.068 cnt=0.484) snap= 0.280 srm=  7.711 sat=  4.834(set=0.159 slv=4.673 max=4.6734 n=1) cex=R/T/F=0/0/1 trsplit=0 sim=14.375(rmp=0.414 run=13.959 n=1 d=0) incr=loc/full/maxdirty/keys=0/0/0/0 chk= 0.000(d=1) stat= 0.179 rest= 0.303
  [bmc-incr i=333 repr=1 active=1430/176582 POs=1]
BMC : c =    1428  cl =   4503  lit =  176581  p =     0  d =     0  f =     1  +  T =     0.03 sec
  [bmc-prof 333] wall=  28.964 p=     1 | ifo=  0.769(sd=0.188 nx=0.000 tfo=0.072 cnt=0.509) snap= 0.310 srm=  8.174 sat=  4.807(set=0.179 slv=4.626 max=4.6257 n=1) cex=R/T/F=0/0/1 trsplit=0 sim=14.431(rmp=0.442 run=13.988 n=1 d=0) incr=loc/full/maxdirty/keys=0/0/0/0 chk= 0.000(d=1) stat= 0.158 rest= 0.315
  [bmc-incr i=334 repr=1 active=1429/176581 POs=1]
BMC : c =    1427  cl =   4503  lit =  176580  p =     0  d =     0  f =     1  +  T =     0.03 sec
  [bmc-prof 334] wall=  28.016 p=     1 | ifo=  0.745(sd=0.179 nx=0.000 tfo=0.083 cnt=0.483) snap= 0.294 srm=  7.676 sat=  4.700(set=0.157 slv=4.541 max=4.5409 n=1) cex=R/T/F=0/0/1 trsplit=0 sim=14.138(rmp=0.438 run=13.700 n=1 d=0) incr=loc/full/maxdirty/keys=0/0/0/0 chk= 0.000(d=1) stat= 0.156 rest= 0.307
  [bmc-incr i=335 repr=1 active=1428/176580 POs=1]
BMC : c =    1426  cl =   4503  lit =  176579  p =     0  d =     0  f =     1  +  T =     0.03 sec
  [bmc-prof 335] wall=  31.300 p=     1 | ifo=  0.736(sd=0.177 nx=0.000 tfo=0.059 cnt=0.500) snap= 0.292 srm= 10.163 sat=  4.729(set=0.199 slv=4.528 max=4.5283 n=1) cex=R/T/F=0/0/1 trsplit=0 sim=14.895(rmp=0.460 run=14.434 n=1 d=0) incr=loc/full/maxdirty/keys=0/0/0/0 chk= 0.000(d=1) stat= 0.171 rest= 0.313
  [bmc-incr i=336 repr=1 active=1427/176579 POs=1]
BMC : c =    1425  cl =   4503  lit =  176578  p =     0  d =     0  f =     1  +  T =     0.03 sec
  [bmc-prof 336] wall=  28.502 p=     1 | ifo=  0.918(sd=0.249 nx=0.000 tfo=0.130 cnt=0.539) snap= 0.284 srm=  7.876 sat=  4.725(set=0.166 slv=4.557 max=4.5569 n=1) cex=R/T/F=0/0/1 trsplit=0 sim=14.256(rmp=0.418 run=13.837 n=1 d=0) incr=loc/full/maxdirty/keys=0/0/0/0 chk= 0.000(d=1) stat= 0.154 rest= 0.289
  [bmc-incr i=337 repr=1 active=1426/176578 POs=1]
BMC : c =    1424  cl =   4503  lit =  176577  p =     0  d =     0  f =     1  +  T =     0.03 sec
  [bmc-prof 337] wall=  28.142 p=     1 | ifo=  0.724(sd=0.174 nx=0.000 tfo=0.062 cnt=0.487) snap= 0.282 srm=  7.737 sat=  4.755(set=0.179 slv=4.575 max=4.5748 n=1) cex=R/T/F=0/0/1 trsplit=0 sim=14.183(rmp=0.423 run=13.759 n=1 d=0) incr=loc/full/maxdirty/keys=0/0/0/0 chk= 0.000(d=1) stat= 0.166 rest= 0.294
  [bmc-incr i=338 repr=1 active=1425/176577 POs=1]
BMC : c =    1423  cl =   4503  lit =  176576  p =     0  d =     0  f =     1  +  T =     0.03 sec
  [bmc-prof 338] wall=  30.248 p=     1 | ifo=  0.725(sd=0.177 nx=0.000 tfo=0.063 cnt=0.485) snap= 0.302 srm=  7.901 sat=  4.844(set=0.196 slv=4.646 max=4.6456 n=1) cex=R/T/F=0/0/1 trsplit=0 sim=15.823(rmp=0.459 run=15.361 n=1 d=0) incr=loc/full/maxdirty/keys=0/0/0/0 chk= 0.000(d=1) stat= 0.233 rest= 0.421
  [bmc-incr i=339 repr=1 active=1424/176576 POs=1]
BMC : c =    1422  cl =   4503  lit =  176575  p =     0  d =     0  f =     1  +  T =     0.03 sec
  [bmc-prof 339] wall=  28.902 p=     1 | ifo=  1.105(sd=0.261 nx=0.000 tfo=0.117 cnt=0.727) snap= 0.295 srm=  7.967 sat=  4.710(set=0.165 slv=4.543 max=4.5431 n=1) cex=R/T/F=0/0/1 trsplit=0 sim=14.362(rmp=0.424 run=13.938 n=1 d=0) incr=loc/full/maxdirty/keys=0/0/0/0 chk= 0.000(d=1) stat= 0.162 rest= 0.301
  [bmc-incr i=340 repr=1 active=1423/176575 POs=1]
BMC : c =    1421  cl =   4503  lit =  176574  p =     0  d =     0  f =     1  +  T =     0.03 sec
  [bmc-prof 340] wall=  29.249 p=     1 | ifo=  0.744(sd=0.174 nx=0.000 tfo=0.078 cnt=0.491) snap= 0.284 srm=  8.004 sat=  4.884(set=0.213 slv=4.669 max=4.6694 n=1) cex=R/T/F=0/0/1 trsplit=0 sim=14.862(rmp=0.455 run=14.405 n=1 d=0) incr=loc/full/maxdirty/keys=0/0/0/0 chk= 0.000(d=1) stat= 0.162 rest= 0.309
  [bmc-incr i=341 repr=1 active=1422/176574 POs=1]
BMC : c =    1420  cl =   4503  lit =  176573  p =     0  d =     0  f =     1  +  T =     0.03 sec
  [bmc-prof 341] wall=  28.085 p=     1 | ifo=  0.751(sd=0.194 nx=0.000 tfo=0.074 cnt=0.484) snap= 0.290 srm=  7.687 sat=  4.768(set=0.161 slv=4.604 max=4.6045 n=1) cex=R/T/F=0/0/1 trsplit=0 sim=14.126(rmp=0.414 run=13.711 n=1 d=0) incr=loc/full/maxdirty/keys=0/0/0/0 chk= 0.000(d=1) stat= 0.157 rest= 0.305
  [bmc-incr i=342 repr=1 active=1421/176573 POs=1]
BMC : c =    1419  cl =   4503  lit =  176572  p =     0  d =     0  f =     1  +  T =     0.03 sec
  [bmc-prof 342] wall=  28.446 p=     1 | ifo=  0.742(sd=0.175 nx=0.000 tfo=0.066 cnt=0.501) snap= 0.285 srm=  7.844 sat=  5.262(set=0.172 slv=5.087 max=5.0870 n=1) cex=R/T/F=0/0/1 trsplit=0 sim=13.778(rmp=0.491 run=13.287 n=1 d=0) incr=loc/full/maxdirty/keys=0/0/0/0 chk= 0.000(d=1) stat= 0.180 rest= 0.356
  [bmc-incr i=343 repr=1 active=1420/176572 POs=1]
BMC : c =    1418  cl =   4503  lit =  176571  p =     0  d =     0  f =     1  +  T =     0.03 sec
  [bmc-prof 343] wall=  28.982 p=     1 | ifo=  0.823(sd=0.212 nx=0.000 tfo=0.074 cnt=0.537) snap= 0.328 srm=  8.088 sat=  4.757(set=0.188 slv=4.568 max=4.5675 n=1) cex=R/T/F=0/0/1 trsplit=0 sim=14.476(rmp=0.496 run=13.980 n=1 d=0) incr=loc/full/maxdirty/keys=0/0/0/0 chk= 0.000(d=1) stat= 0.177 rest= 0.332
  [bmc-incr i=344 repr=1 active=1419/176571 POs=1]
BMC : c =    1417  cl =   4503  lit =  176570  p =     0  d =     0  f =     1  +  T =     0.03 sec
  [bmc-prof 344] wall=  28.478 p=     1 | ifo=  0.835(sd=0.202 nx=0.000 tfo=0.126 cnt=0.507) snap= 0.281 srm=  7.767 sat=  4.783(set=0.178 slv=4.603 max=4.6032 n=1) cex=R/T/F=0/0/1 trsplit=0 sim=14.365(rmp=0.430 run=13.934 n=1 d=0) incr=loc/full/maxdirty/keys=0/0/0/0 chk= 0.000(d=1) stat= 0.156 rest= 0.290
  [bmc-incr i=345 repr=1 active=1418/176570 POs=1]
BMC : c =    1416  cl =   4503  lit =  176569  p =     0  d =     0  f =     1  +  T =     0.03 sec
  [bmc-prof 345] wall=  28.223 p=     1 | ifo=  0.734(sd=0.187 nx=0.000 tfo=0.058 cnt=0.489) snap= 0.281 srm=  7.714 sat=  4.746(set=0.160 slv=4.584 max=4.5844 n=1) cex=R/T/F=0/0/1 trsplit=0 sim=14.298(rmp=0.410 run=13.888 n=1 d=0) incr=loc/full/maxdirty/keys=0/0/0/0 chk= 0.000(d=1) stat= 0.154 rest= 0.295
  [bmc-incr i=346 repr=1 active=1417/176569 POs=1]
BMC : c =    1415  cl =   4503  lit =  176568  p =     0  d =     0  f =     1  +  T =     0.03 sec
  [bmc-prof 346] wall=  29.138 p=     1 | ifo=  0.743(sd=0.174 nx=0.000 tfo=0.056 cnt=0.513) snap= 0.296 srm=  7.778 sat=  4.777(set=0.160 slv=4.616 max=4.6155 n=1) cex=R/T/F=0/0/1 trsplit=0 sim=15.011(rmp=0.439 run=14.571 n=1 d=0) incr=loc/full/maxdirty/keys=0/0/0/0 chk= 0.000(d=1) stat= 0.200 rest= 0.332
  [bmc-incr i=347 repr=1 active=1416/176568 POs=1]
BMC : c =    1414  cl =   4503  lit =  176567  p =     0  d =     0  f =     1  +  T =     0.03 sec
  [bmc-prof 347] wall=  28.481 p=     1 | ifo=  0.745(sd=0.180 nx=0.000 tfo=0.063 cnt=0.501) snap= 0.304 srm=  8.105 sat=  4.729(set=0.170 slv=4.557 max=4.5575 n=1) cex=R/T/F=0/0/1 trsplit=0 sim=14.149(rmp=0.428 run=13.720 n=1 d=0) incr=loc/full/maxdirty/keys=0/0/0/0 chk= 0.000(d=1) stat= 0.157 rest= 0.292
  [bmc-incr i=348 repr=1 active=1415/176567 POs=1]
BMC : c =    1413  cl =   4503  lit =  176566  p =     0  d =     0  f =     1  +  T =     0.03 sec
  [bmc-prof 348] wall=  29.270 p=     1 | ifo=  0.749(sd=0.187 nx=0.000 tfo=0.068 cnt=0.494) snap= 0.300 srm=  7.893 sat=  5.089(set=0.160 slv=4.927 max=4.9272 n=1) cex=R/T/F=0/0/1 trsplit=0 sim=14.754(rmp=0.469 run=14.283 n=1 d=0) incr=loc/full/maxdirty/keys=0/0/0/0 chk= 0.000(d=1) stat= 0.163 rest= 0.323
  [bmc-incr i=349 repr=1 active=1414/176566 POs=1]
BMC : c =    1412  cl =   4503  lit =  176565  p =     0  d =     0  f =     1  +  T =     0.04 sec
  [bmc-prof 349] wall=  36.986 p=     1 | ifo=  0.756(sd=0.182 nx=0.000 tfo=0.086 cnt=0.489) snap= 0.286 srm=  7.834 sat=  6.893(set=0.159 slv=6.731 max=6.7307 n=1) cex=R/T/F=0/0/1 trsplit=0 sim=20.716(rmp=1.407 run=19.308 n=1 d=0) incr=loc/full/maxdirty/keys=0/0/0/0 chk= 0.000(d=1) stat= 0.165 rest= 0.336
  [bmc-incr i=350 repr=1 active=1413/176565 POs=1]
BMC : c =    1411  cl =   4503  lit =  176564  p =     0  d =     0  f =     1  +  T =     0.03 sec
  [bmc-prof 350] wall=  28.785 p=     1 | ifo=  0.723(sd=0.180 nx=0.000 tfo=0.060 cnt=0.483) snap= 0.301 srm=  7.946 sat=  4.752(set=0.183 slv=4.567 max=4.5668 n=1) cex=R/T/F=0/0/1 trsplit=0 sim=14.599(rmp=0.460 run=14.138 n=1 d=0) incr=loc/full/maxdirty/keys=0/0/0/0 chk= 0.000(d=1) stat= 0.156 rest= 0.309
  [bmc-incr i=351 repr=1 active=1412/176564 POs=1]
BMC : c =    1410  cl =   4503  lit =  176563  p =     0  d =     0  f =     1  +  T =     0.03 sec
  [bmc-prof 351] wall=  31.186 p=     1 | ifo=  0.767(sd=0.182 nx=0.000 tfo=0.065 cnt=0.521) snap= 0.282 srm=  7.777 sat=  4.781(set=0.162 slv=4.616 max=4.6164 n=1) cex=R/T/F=0/0/1 trsplit=0 sim=17.123(rmp=0.423 run=16.699 n=1 d=0) incr=loc/full/maxdirty/keys=0/0/0/0 chk= 0.000(d=1) stat= 0.158 rest= 0.299
  [bmc-incr i=352 repr=1 active=1411/176563 POs=1]
BMC : c =    1409  cl =   4503  lit =  176562  p =     0  d =     0  f =     1  +  T =     0.03 sec
  [bmc-prof 352] wall=  29.806 p=     1 | ifo=  0.775(sd=0.178 nx=0.000 tfo=0.068 cnt=0.529) snap= 0.334 srm=  9.415 sat=  4.868(set=0.186 slv=4.679 max=4.6794 n=1) cex=R/T/F=0/0/1 trsplit=0 sim=13.924(rmp=0.481 run=13.443 n=1 d=0) incr=loc/full/maxdirty/keys=0/0/0/0 chk= 0.000(d=1) stat= 0.175 rest= 0.314
  [bmc-incr i=353 repr=1 active=1410/176562 POs=1]
BMC : c =    1408  cl =   4503  lit =  176561  p =     0  d =     0  f =     1  +  T =     0.03 sec
  [bmc-prof 353] wall=  29.003 p=     1 | ifo=  0.819(sd=0.223 nx=0.000 tfo=0.074 cnt=0.522) snap= 0.326 srm=  7.982 sat=  4.787(set=0.192 slv=4.593 max=4.5934 n=1) cex=R/T/F=0/0/1 trsplit=0 sim=14.219(rmp=0.493 run=13.725 n=1 d=0) incr=loc/full/maxdirty/keys=0/0/0/0 chk= 0.000(d=1) stat= 0.467 rest= 0.402
  [bmc-incr i=354 repr=1 active=1409/176561 POs=1]
BMC : c =    1407  cl =   4503  lit =  176560  p =     0  d =     0  f =     1  +  T =     0.03 sec
  [bmc-prof 354] wall=  31.893 p=     1 | ifo=  1.454(sd=0.573 nx=0.000 tfo=0.080 cnt=0.800) snap= 0.288 srm= 10.294 sat=  4.955(set=0.170 slv=4.783 max=4.7833 n=1) cex=R/T/F=0/0/1 trsplit=0 sim=14.439(rmp=0.423 run=14.015 n=1 d=0) incr=loc/full/maxdirty/keys=0/0/0/0 chk= 0.000(d=1) stat= 0.173 rest= 0.290
  [bmc-incr i=355 repr=1 active=1408/176560 POs=1]
BMC : c =    1406  cl =   4503  lit =  176559  p =     0  d =     0  f =     1  +  T =     0.03 sec
  [bmc-prof 355] wall=  29.874 p=     1 | ifo=  0.736(sd=0.176 nx=0.000 tfo=0.061 cnt=0.499) snap= 0.346 srm=  8.267 sat=  4.793(set=0.188 slv=4.603 max=4.6027 n=1) cex=R/T/F=0/0/1 trsplit=0 sim=15.244(rmp=0.454 run=14.789 n=1 d=0) incr=loc/full/maxdirty/keys=0/0/0/0 chk= 0.000(d=1) stat= 0.163 rest= 0.325
  [bmc-incr i=356 repr=1 active=1407/176559 POs=1]
BMC : c =    1405  cl =   4503  lit =  176558  p =     0  d =     0  f =     1  +  T =     0.03 sec
  [bmc-prof 356] wall=  28.810 p=     1 | ifo=  0.751(sd=0.178 nx=0.000 tfo=0.080 cnt=0.493) snap= 0.293 srm=  8.408 sat=  4.802(set=0.165 slv=4.635 max=4.6348 n=1) cex=R/T/F=0/0/1 trsplit=0 sim=14.095(rmp=0.414 run=13.681 n=1 d=0) incr=loc/full/maxdirty/keys=0/0/0/0 chk= 0.000(d=1) stat= 0.158 rest= 0.304
  [bmc-incr i=357 repr=1 active=1406/176558 POs=1]
BMC : c =    1404  cl =   4503  lit =  176557  p =     0  d =     0  f =     1  +  T =     0.03 sec
  [bmc-prof 357] wall=  28.910 p=     1 | ifo=  0.764(sd=0.194 nx=0.000 tfo=0.073 cnt=0.497) snap= 0.281 srm=  7.659 sat=  4.856(set=0.158 slv=4.696 max=4.6963 n=1) cex=R/T/F=0/0/1 trsplit=0 sim=14.799(rmp=0.436 run=14.362 n=1 d=0) incr=loc/full/maxdirty/keys=0/0/0/0 chk= 0.000(d=1) stat= 0.194 rest= 0.356
  [bmc-incr i=358 repr=1 active=1405/176557 POs=1]
BMC : c =    1403  cl =   4503  lit =  176556  p =     0  d =     0  f =     1  +  T =     0.03 sec
  [bmc-prof 358] wall=  28.793 p=     1 | ifo=  0.820(sd=0.234 nx=0.000 tfo=0.073 cnt=0.513) snap= 0.290 srm=  7.847 sat=  4.764(set=0.183 slv=4.579 max=4.5789 n=1) cex=R/T/F=0/0/1 trsplit=0 sim=14.615(rmp=0.435 run=14.180 n=1 d=0) incr=loc/full/maxdirty/keys=0/0/0/0 chk= 0.000(d=1) stat= 0.155 rest= 0.300
  [bmc-incr i=359 repr=1 active=1404/176556 POs=1]
BMC : c =    1402  cl =   4503  lit =  176555  p =     0  d =     0  f =     1  +  T =     0.03 sec
  [bmc-prof 359] wall=  28.774 p=     1 | ifo=  0.734(sd=0.180 nx=0.000 tfo=0.068 cnt=0.486) snap= 0.282 srm=  7.850 sat=  4.922(set=0.164 slv=4.756 max=4.7561 n=1) cex=R/T/F=0/0/1 trsplit=0 sim=14.496(rmp=0.425 run=14.070 n=1 d=0) incr=loc/full/maxdirty/keys=0/0/0/0 chk= 0.000(d=1) stat= 0.174 rest= 0.314
  [bmc-incr i=360 repr=1 active=1403/176555 POs=1]
BMC : c =    1401  cl =   4503  lit =  176554  p =     0  d =     0  f =     1  +  T =     0.03 sec
  [bmc-prof 360] wall=  27.960 p=     1 | ifo=  0.820(sd=0.216 nx=0.000 tfo=0.072 cnt=0.531) snap= 0.323 srm=  8.038 sat=  4.806(set=0.187 slv=4.617 max=4.6174 n=1) cex=R/T/F=0/0/1 trsplit=0 sim=13.470(rmp=0.501 run=12.968 n=1 d=0) incr=loc/full/maxdirty/keys=0/0/0/0 chk= 0.000(d=1) stat= 0.175 rest= 0.328
  [bmc-incr i=361 repr=1 active=1402/176554 POs=1]
BMC : c =    1400  cl =   4503  lit =  176553  p =     0  d =     0  f =     1  +  T =     0.03 sec
  [bmc-prof 361] wall=  33.167 p=     1 | ifo=  0.947(sd=0.256 nx=0.000 tfo=0.119 cnt=0.573) snap= 0.297 srm=  8.116 sat=  7.316(set=0.181 slv=7.132 max=7.1324 n=1) cex=R/T/F=0/0/1 trsplit=0 sim=16.035(rmp=0.452 run=15.582 n=1 d=0) incr=loc/full/maxdirty/keys=0/0/0/0 chk= 0.000(d=1) stat= 0.162 rest= 0.296
  [bmc-incr i=362 repr=1 active=1401/176553 POs=1]
BMC : c =    1399  cl =   4503  lit =  176552  p =     0  d =     0  f =     1  +  T =     0.03 sec
  [bmc-prof 362] wall=  28.401 p=     1 | ifo=  0.750(sd=0.207 nx=0.000 tfo=0.062 cnt=0.482) snap= 0.281 srm=  7.844 sat=  4.865(set=0.162 slv=4.701 max=4.7006 n=1) cex=R/T/F=0/0/1 trsplit=0 sim=14.159(rmp=0.438 run=13.721 n=1 d=0) incr=loc/full/maxdirty/keys=0/0/0/0 chk= 0.000(d=1) stat= 0.155 rest= 0.346
  [bmc-incr i=363 repr=1 active=1400/176552 POs=1]
BMC : c =    1398  cl =   4503  lit =  176551  p =     0  d =     0  f =     1  +  T =     0.03 sec
  [bmc-prof 363] wall=  29.238 p=     1 | ifo=  0.723(sd=0.175 nx=0.000 tfo=0.056 cnt=0.493) snap= 0.311 srm=  8.037 sat=  4.827(set=0.168 slv=4.657 max=4.6573 n=1) cex=R/T/F=0/0/1 trsplit=0 sim=14.782(rmp=0.429 run=14.352 n=1 d=0) incr=loc/full/maxdirty/keys=0/0/0/0 chk= 0.000(d=1) stat= 0.177 rest= 0.380
  [bmc-incr i=364 repr=1 active=1399/176551 POs=1]
BMC : c =    1397  cl =   4503  lit =  176550  p =     0  d =     0  f =     1  +  T =     0.03 sec
  [bmc-prof 364] wall=  28.430 p=     1 | ifo=  0.754(sd=0.178 nx=0.000 tfo=0.072 cnt=0.504) snap= 0.296 srm=  7.897 sat=  4.853(set=0.181 slv=4.670 max=4.6701 n=1) cex=R/T/F=0/0/1 trsplit=0 sim=13.994(rmp=0.425 run=13.567 n=1 d=0) incr=loc/full/maxdirty/keys=0/0/0/0 chk= 0.000(d=1) stat= 0.240 rest= 0.396
  [bmc-incr i=365 repr=1 active=1398/176550 POs=1]
BMC : c =    1396  cl =   4503  lit =  176549  p =     0  d =     0  f =     1  +  T =     0.03 sec
  [bmc-prof 365] wall=  29.131 p=     1 | ifo=  0.851(sd=0.239 nx=0.000 tfo=0.077 cnt=0.535) snap= 0.295 srm=  8.247 sat=  4.880(set=0.169 slv=4.709 max=4.7089 n=1) cex=R/T/F=0/0/1 trsplit=0 sim=14.402(rmp=0.431 run=13.970 n=1 d=0) incr=loc/full/maxdirty/keys=0/0/0/0 chk= 0.000(d=1) stat= 0.156 rest= 0.299
  [bmc-incr i=366 repr=1 active=1397/176549 POs=1]
BMC : c =    1395  cl =   4503  lit =  176548  p =     0  d =     0  f =     1  +  T =     0.03 sec
  [bmc-prof 366] wall=  27.728 p=     1 | ifo=  0.743(sd=0.189 nx=0.000 tfo=0.063 cnt=0.491) snap= 0.279 srm=  7.599 sat=  4.760(set=0.160 slv=4.598 max=4.5979 n=1) cex=R/T/F=0/0/1 trsplit=0 sim=13.894(rmp=0.409 run=13.484 n=1 d=0) incr=loc/full/maxdirty/keys=0/0/0/0 chk= 0.000(d=1) stat= 0.158 rest= 0.295
  [bmc-incr i=367 repr=1 active=1396/176548 POs=1]
BMC : c =    1394  cl =   4503  lit =  176547  p =     0  d =     0  f =     1  +  T =     0.03 sec
  [bmc-prof 367] wall=  27.418 p=     1 | ifo=  0.734(sd=0.179 nx=0.000 tfo=0.071 cnt=0.484) snap= 0.289 srm=  7.605 sat=  4.767(set=0.173 slv=4.592 max=4.5915 n=1) cex=R/T/F=0/0/1 trsplit=0 sim=13.541(rmp=0.429 run=13.112 n=1 d=0) incr=loc/full/maxdirty/keys=0/0/0/0 chk= 0.000(d=1) stat= 0.173 rest= 0.308
  [bmc-incr i=368 repr=1 active=1395/176547 POs=1]
BMC : c =    1393  cl =   4503  lit =  176546  p =     0  d =     0  f =     1  +  T =     0.03 sec
  [bmc-prof 368] wall=  29.504 p=     1 | ifo=  0.805(sd=0.216 nx=0.000 tfo=0.071 cnt=0.517) snap= 0.405 srm=  8.180 sat=  5.380(set=0.228 slv=5.151 max=5.1509 n=1) cex=R/T/F=0/0/1 trsplit=0 sim=14.247(rmp=0.473 run=13.772 n=1 d=0) incr=loc/full/maxdirty/keys=0/0/0/0 chk= 0.000(d=1) stat= 0.171 rest= 0.316
  [bmc-incr i=369 repr=1 active=1394/176546 POs=1]
BMC : c =    1392  cl =   4503  lit =  176545  p =     0  d =     0  f =     1  +  T =     0.03 sec
  [bmc-prof 369] wall=  29.799 p=     1 | ifo=  0.731(sd=0.183 nx=0.000 tfo=0.064 cnt=0.483) snap= 0.290 srm=  8.245 sat=  4.867(set=0.202 slv=4.663 max=4.6629 n=1) cex=R/T/F=0/0/1 trsplit=0 sim=15.193(rmp=0.456 run=14.736 n=1 d=0) incr=loc/full/maxdirty/keys=0/0/0/0 chk= 0.000(d=1) stat= 0.164 rest= 0.309
  [bmc-incr i=370 repr=1 active=1393/176545 POs=1]
BMC : c =    1391  cl =   4503  lit =  176544  p =     0  d =     0  f =     1  +  T =     0.03 sec
  [bmc-prof 370] wall=  29.397 p=     1 | ifo=  0.747(sd=0.178 nx=0.000 tfo=0.067 cnt=0.502) snap= 0.343 srm=  8.218 sat=  4.937(set=0.208 slv=4.727 max=4.7268 n=1) cex=R/T/F=0/0/1 trsplit=0 sim=14.676(rmp=0.460 run=14.215 n=1 d=0) incr=loc/full/maxdirty/keys=0/0/0/0 chk= 0.000(d=1) stat= 0.174 rest= 0.302
  [bmc-incr i=371 repr=1 active=1392/176544 POs=1]
BMC : c =    1390  cl =   4503  lit =  176543  p =     0  d =     0  f =     1  +  T =     0.03 sec
  [bmc-prof 371] wall=  34.043 p=     1 | ifo=  0.747(sd=0.186 nx=0.000 tfo=0.065 cnt=0.496) snap= 0.437 srm=  7.876 sat=  5.034(set=0.168 slv=4.863 max=4.8632 n=1) cex=R/T/F=0/0/1 trsplit=0 sim=19.395(rmp=0.528 run=18.866 n=1 d=0) incr=loc/full/maxdirty/keys=0/0/0/0 chk= 0.000(d=1) stat= 0.191 rest= 0.364
  [bmc-incr i=372 repr=1 active=1391/176543 POs=1]
BMC : c =    1389  cl =   4503  lit =  176542  p =     0  d =     0  f =     1  +  T =     0.03 sec
  [bmc-prof 372] wall=  30.407 p=     1 | ifo=  0.862(sd=0.231 nx=0.000 tfo=0.072 cnt=0.559) snap= 0.355 srm=  7.952 sat=  4.883(set=0.187 slv=4.695 max=4.6946 n=1) cex=R/T/F=0/0/1 trsplit=0 sim=15.878(rmp=0.499 run=15.377 n=1 d=0) incr=loc/full/maxdirty/keys=0/0/0/0 chk= 0.000(d=1) stat= 0.163 rest= 0.314
  [bmc-incr i=373 repr=1 active=1390/176542 POs=1]
BMC : c =    1388  cl =   4503  lit =  176541  p =     0  d =     0  f =     1  +  T =     0.03 sec
  [bmc-prof 373] wall=  28.826 p=     1 | ifo=  0.761(sd=0.179 nx=0.000 tfo=0.072 cnt=0.510) snap= 0.332 srm=  8.318 sat=  4.811(set=0.201 slv=4.608 max=4.6077 n=1) cex=R/T/F=0/0/1 trsplit=0 sim=14.064(rmp=0.523 run=13.540 n=1 d=0) incr=loc/full/maxdirty/keys=0/0/0/0 chk= 0.000(d=1) stat= 0.193 rest= 0.347
  [bmc-incr i=374 repr=1 active=1389/176541 POs=1]
BMC : c =    1387  cl =   4503  lit =  176540  p =     0  d =     0  f =     1  +  T =     0.03 sec
  [bmc-prof 374] wall=  32.655 p=     1 | ifo=  0.834(sd=0.223 nx=0.000 tfo=0.077 cnt=0.535) snap= 0.295 srm=  8.183 sat=  4.937(set=0.188 slv=4.746 max=4.7463 n=1) cex=R/T/F=0/0/1 trsplit=0 sim=17.940(rmp=0.460 run=17.478 n=1 d=0) incr=loc/full/maxdirty/keys=0/0/0/0 chk= 0.000(d=1) stat= 0.162 rest= 0.302
  [bmc-incr i=375 repr=1 active=1388/176540 POs=1]
BMC : c =    1386  cl =   4503  lit =  176539  p =     0  d =     0  f =     1  +  T =     0.03 sec
  [bmc-prof 375] wall=  29.590 p=     1 | ifo=  0.742(sd=0.178 nx=0.000 tfo=0.065 cnt=0.498) snap= 0.315 srm=  8.091 sat=  4.870(set=0.169 slv=4.699 max=4.6988 n=1) cex=R/T/F=0/0/1 trsplit=0 sim=15.112(rmp=0.422 run=14.689 n=1 d=0) incr=loc/full/maxdirty/keys=0/0/0/0 chk= 0.000(d=1) stat= 0.170 rest= 0.291
  [bmc-incr i=376 repr=1 active=1387/176539 POs=1]
BMC : c =    1385  cl =   4503  lit =  176538  p =     0  d =     0  f =     1  +  T =     0.03 sec
  [bmc-prof 376] wall=  28.632 p=     1 | ifo=  0.729(sd=0.180 nx=0.000 tfo=0.064 cnt=0.486) snap= 0.284 srm=  7.899 sat=  4.873(set=0.184 slv=4.688 max=4.6876 n=1) cex=R/T/F=0/0/1 trsplit=0 sim=14.400(rmp=0.415 run=13.984 n=1 d=0) incr=loc/full/maxdirty/keys=0/0/0/0 chk= 0.000(d=1) stat= 0.157 rest= 0.290
  [bmc-incr i=377 repr=1 active=1386/176538 POs=1]
BMC : c =    1384  cl =   4503  lit =  176537  p =     0  d =     0  f =     1  +  T =     0.03 sec
  [bmc-prof 377] wall=  28.682 p=     1 | ifo=  0.727(sd=0.177 nx=0.000 tfo=0.068 cnt=0.482) snap= 0.291 srm=  7.872 sat=  4.895(set=0.181 slv=4.712 max=4.7122 n=1) cex=R/T/F=0/0/1 trsplit=0 sim=14.450(rmp=0.431 run=14.018 n=1 d=0) incr=loc/full/maxdirty/keys=0/0/0/0 chk= 0.000(d=1) stat= 0.156 rest= 0.290
  [bmc-incr i=378 repr=1 active=1385/176537 POs=1]
BMC : c =    1383  cl =   4503  lit =  176536  p =     0  d =     0  f =     1  +  T =     0.03 sec
  [bmc-prof 378] wall=  29.001 p=     1 | ifo=  1.500(sd=0.285 nx=0.000 tfo=0.113 cnt=1.103) snap= 0.290 srm=  7.905 sat=  4.867(set=0.160 slv=4.705 max=4.7051 n=1) cex=R/T/F=0/0/1 trsplit=0 sim=13.993(rmp=0.417 run=13.576 n=1 d=0) incr=loc/full/maxdirty/keys=0/0/0/0 chk= 0.000(d=1) stat= 0.156 rest= 0.289
  [bmc-incr i=379 repr=1 active=1384/176536 POs=1]
BMC : c =    1382  cl =   4503  lit =  176535  p =     0  d =     0  f =     1  +  T =     0.03 sec
  [bmc-prof 379] wall=  28.731 p=     1 | ifo=  0.747(sd=0.185 nx=0.000 tfo=0.060 cnt=0.502) snap= 0.304 srm=  7.855 sat=  4.845(set=0.168 slv=4.675 max=4.6751 n=1) cex=R/T/F=0/0/1 trsplit=0 sim=14.513(rmp=0.436 run=14.075 n=1 d=0) incr=loc/full/maxdirty/keys=0/0/0/0 chk= 0.000(d=1) stat= 0.171 rest= 0.296
  [bmc-incr i=380 repr=1 active=1383/176535 POs=1]
BMC : c =    1381  cl =   4503  lit =  176534  p =     0  d =     0  f =     1  +  T =     0.03 sec
  [bmc-prof 380] wall=  28.355 p=     1 | ifo=  0.738(sd=0.183 nx=0.000 tfo=0.055 cnt=0.500) snap= 0.292 srm=  7.858 sat=  4.814(set=0.160 slv=4.652 max=4.6517 n=1) cex=R/T/F=0/0/1 trsplit=0 sim=14.209(rmp=0.419 run=13.789 n=1 d=0) incr=loc/full/maxdirty/keys=0/0/0/0 chk= 0.000(d=1) stat= 0.156 rest= 0.288
  [bmc-incr i=381 repr=1 active=1382/176534 POs=1]
BMC : c =    1380  cl =   4503  lit =  176533  p =     0  d =     0  f =     1  +  T =     0.03 sec
  [bmc-prof 381] wall=  29.805 p=     1 | ifo=  0.719(sd=0.175 nx=0.000 tfo=0.056 cnt=0.489) snap= 0.283 srm=  9.136 sat=  4.901(set=0.176 slv=4.723 max=4.7233 n=1) cex=R/T/F=0/0/1 trsplit=0 sim=14.312(rmp=0.450 run=13.862 n=1 d=0) incr=loc/full/maxdirty/keys=0/0/0/0 chk= 0.000(d=1) stat= 0.164 rest= 0.289
  [bmc-incr i=382 repr=1 active=1381/176533 POs=1]
BMC : c =    1379  cl =   4503  lit =  176532  p =     0  d =     0  f =     1  +  T =     0.03 sec
  [bmc-prof 382] wall=  28.551 p=     1 | ifo=  0.720(sd=0.176 nx=0.000 tfo=0.061 cnt=0.483) snap= 0.289 srm=  7.768 sat=  4.923(set=0.171 slv=4.750 max=4.7501 n=1) cex=R/T/F=0/0/1 trsplit=0 sim=14.403(rmp=0.450 run=13.952 n=1 d=0) incr=loc/full/maxdirty/keys=0/0/0/0 chk= 0.000(d=1) stat= 0.155 rest= 0.292
  [bmc-incr i=383 repr=1 active=1380/176532 POs=1]
BMC : c =    1378  cl =   4503  lit =  176531  p =     0  d =     0  f =     1  +  T =     0.03 sec
  [bmc-prof 383] wall=  30.857 p=     1 | ifo=  0.729(sd=0.174 nx=0.000 tfo=0.057 cnt=0.498) snap= 0.349 srm=  8.737 sat=  5.896(set=0.209 slv=5.684 max=5.6845 n=1) cex=R/T/F=0/0/1 trsplit=0 sim=14.655(rmp=0.535 run=14.119 n=1 d=0) incr=loc/full/maxdirty/keys=0/0/0/0 chk= 0.000(d=1) stat= 0.163 rest= 0.327
  [bmc-incr i=384 repr=1 active=1379/176531 POs=1]
BMC : c =    1377  cl =   4503  lit =  176530  p =     0  d =     0  f =     1  +  T =     0.03 sec
  [bmc-prof 384] wall=  28.223 p=     1 | ifo=  0.742(sd=0.190 nx=0.000 tfo=0.061 cnt=0.490) snap= 0.294 srm=  7.797 sat=  4.892(set=0.164 slv=4.726 max=4.7262 n=1) cex=R/T/F=0/0/1 trsplit=0 sim=14.049(rmp=0.414 run=13.634 n=1 d=0) incr=loc/full/maxdirty/keys=0/0/0/0 chk= 0.000(d=1) stat= 0.161 rest= 0.289
  [bmc-incr i=385 repr=1 active=1378/176530 POs=1]
BMC : c =    1376  cl =   4503  lit =  176529  p =     0  d =     0  f =     1  +  T =     0.03 sec
  [bmc-prof 385] wall=  28.581 p=     1 | ifo=  0.722(sd=0.175 nx=0.000 tfo=0.059 cnt=0.488) snap= 0.302 srm=  7.761 sat=  4.943(set=0.174 slv=4.767 max=4.7667 n=1) cex=R/T/F=0/0/1 trsplit=0 sim=14.372(rmp=0.423 run=13.947 n=1 d=0) incr=loc/full/maxdirty/keys=0/0/0/0 chk= 0.000(d=1) stat= 0.174 rest= 0.308
  [bmc-incr i=386 repr=1 active=1377/176529 POs=1]
BMC : c =    1375  cl =   4503  lit =  176528  p =     0  d =     0  f =     1  +  T =     0.03 sec
  [bmc-prof 386] wall=  28.531 p=     1 | ifo=  0.729(sd=0.180 nx=0.000 tfo=0.060 cnt=0.489) snap= 0.301 srm=  7.908 sat=  4.995(set=0.175 slv=4.817 max=4.8172 n=1) cex=R/T/F=0/0/1 trsplit=0 sim=14.149(rmp=0.461 run=13.687 n=1 d=0) incr=loc/full/maxdirty/keys=0/0/0/0 chk= 0.000(d=1) stat= 0.158 rest= 0.291
  [bmc-incr i=387 repr=1 active=1376/176528 POs=1]
BMC : c =    1374  cl =   4503  lit =  176527  p =     0  d =     0  f =     1  +  T =     0.03 sec
  [bmc-prof 387] wall=  27.723 p=     1 | ifo=  0.744(sd=0.192 nx=0.000 tfo=0.069 cnt=0.483) snap= 0.293 srm=  7.633 sat=  4.863(set=0.158 slv=4.703 max=4.7028 n=1) cex=R/T/F=0/0/1 trsplit=0 sim=13.682(rmp=0.485 run=13.195 n=1 d=0) incr=loc/full/maxdirty/keys=0/0/0/0 chk= 0.000(d=1) stat= 0.183 rest= 0.325
  [bmc-incr i=388 repr=1 active=1375/176527 POs=1]
BMC : c =    1373  cl =   4503  lit =  176526  p =     0  d =     0  f =     1  +  T =     0.03 sec
  [bmc-prof 388] wall=  29.111 p=     1 | ifo=  0.825(sd=0.227 nx=0.000 tfo=0.067 cnt=0.530) snap= 0.290 srm=  8.004 sat=  5.086(set=0.187 slv=4.897 max=4.8967 n=1) cex=R/T/F=0/0/1 trsplit=0 sim=14.455(rmp=0.438 run=14.016 n=1 d=0) incr=loc/full/maxdirty/keys=0/0/0/0 chk= 0.000(d=1) stat= 0.155 rest= 0.296
  [bmc-incr i=389 repr=1 active=1374/176526 POs=1]
BMC : c =    1372  cl =   4503  lit =  176525  p =     0  d =     0  f =     1  +  T =     0.03 sec
  [bmc-prof 389] wall=  28.144 p=     1 | ifo=  0.730(sd=0.180 nx=0.000 tfo=0.067 cnt=0.483) snap= 0.304 srm=  7.682 sat=  4.824(set=0.179 slv=4.643 max=4.6435 n=1) cex=R/T/F=0/0/1 trsplit=0 sim=14.151(rmp=0.412 run=13.738 n=1 d=0) incr=loc/full/maxdirty/keys=0/0/0/0 chk= 0.000(d=1) stat= 0.154 rest= 0.298
  [bmc-incr i=390 repr=1 active=1373/176525 POs=1]
BMC : c =    1371  cl =   4503  lit =  176524  p =     0  d =     0  f =     1  +  T =     0.03 sec
  [bmc-prof 390] wall=  31.933 p=     1 | ifo=  0.717(sd=0.174 nx=0.000 tfo=0.062 cnt=0.481) snap= 0.314 srm=  7.928 sat=  7.453(set=0.183 slv=7.268 max=7.2680 n=1) cex=R/T/F=0/0/1 trsplit=0 sim=15.028(rmp=0.471 run=14.556 n=1 d=0) incr=loc/full/maxdirty/keys=0/0/0/0 chk= 0.000(d=1) stat= 0.178 rest= 0.315
  [bmc-incr i=391 repr=1 active=1372/176524 POs=1]
BMC : c =    1370  cl =   4503  lit =  176523  p =     0  d =     0  f =     1  +  T =     0.03 sec
  [bmc-prof 391] wall=  28.845 p=     1 | ifo=  0.759(sd=0.179 nx=0.000 tfo=0.074 cnt=0.507) snap= 0.308 srm=  7.898 sat=  4.956(set=0.165 slv=4.789 max=4.7891 n=1) cex=R/T/F=0/0/1 trsplit=0 sim=14.446(rmp=0.447 run=13.997 n=1 d=0) incr=loc/full/maxdirty/keys=0/0/0/0 chk= 0.000(d=1) stat= 0.167 rest= 0.310
  [bmc-incr i=392 repr=1 active=1371/176523 POs=1]
BMC : c =    1369  cl =   4503  lit =  176522  p =     0  d =     0  f =     1  +  T =     0.03 sec
  [bmc-prof 392] wall=  28.850 p=     1 | ifo=  0.736(sd=0.180 nx=0.000 tfo=0.065 cnt=0.491) snap= 0.292 srm=  8.080 sat=  4.938(set=0.178 slv=4.757 max=4.7574 n=1) cex=R/T/F=0/0/1 trsplit=0 sim=14.356(rmp=0.450 run=13.905 n=1 d=0) incr=loc/full/maxdirty/keys=0/0/0/0 chk= 0.000(d=1) stat= 0.157 rest= 0.291
  [bmc-incr i=393 repr=1 active=1370/176522 POs=1]
BMC : c =    1368  cl =   4503  lit =  176521  p =     0  d =     0  f =     1  +  T =     0.03 sec
  [bmc-prof 393] wall=  28.607 p=     1 | ifo=  0.765(sd=0.200 nx=0.000 tfo=0.066 cnt=0.499) snap= 0.282 srm=  7.765 sat=  4.878(set=0.161 slv=4.714 max=4.7139 n=1) cex=R/T/F=0/0/1 trsplit=0 sim=14.455(rmp=0.448 run=14.006 n=1 d=0) incr=loc/full/maxdirty/keys=0/0/0/0 chk= 0.000(d=1) stat= 0.157 rest= 0.305
  [bmc-incr i=394 repr=1 active=1369/176521 POs=1]
BMC : c =    1367  cl =   4503  lit =  176520  p =     0  d =     0  f =     1  +  T =     0.03 sec
  [bmc-prof 394] wall=  28.724 p=     1 | ifo=  0.748(sd=0.186 nx=0.000 tfo=0.064 cnt=0.498) snap= 0.294 srm=  7.814 sat=  4.909(set=0.160 slv=4.748 max=4.7478 n=1) cex=R/T/F=0/0/1 trsplit=0 sim=14.497(rmp=0.442 run=14.054 n=1 d=0) incr=loc/full/maxdirty/keys=0/0/0/0 chk= 0.000(d=1) stat= 0.168 rest= 0.293
  [bmc-incr i=395 repr=1 active=1368/176520 POs=1]
BMC : c =    1366  cl =   4503  lit =  176519  p =     0  d =     0  f =     1  +  T =     0.03 sec
  [bmc-prof 395] wall=  29.246 p=     1 | ifo=  0.762(sd=0.191 nx=0.000 tfo=0.061 cnt=0.511) snap= 0.307 srm=  7.900 sat=  4.862(set=0.161 slv=4.699 max=4.6992 n=1) cex=R/T/F=0/0/1 trsplit=0 sim=14.920(rmp=0.421 run=14.498 n=1 d=0) incr=loc/full/maxdirty/keys=0/0/0/0 chk= 0.000(d=1) stat= 0.202 rest= 0.293
  [bmc-incr i=396 repr=1 active=1367/176519 POs=1]
BMC : c =    1365  cl =   4503  lit =  176518  p =     0  d =     0  f =     1  +  T =     0.03 sec
  [bmc-prof 396] wall=  29.444 p=     1 | ifo=  0.765(sd=0.215 nx=0.000 tfo=0.056 cnt=0.494) snap= 0.298 srm=  7.823 sat=  4.896(set=0.160 slv=4.734 max=4.7342 n=1) cex=R/T/F=0/0/1 trsplit=0 sim=15.203(rmp=0.431 run=14.771 n=1 d=0) incr=loc/full/maxdirty/keys=0/0/0/0 chk= 0.000(d=1) stat= 0.157 rest= 0.302
  [bmc-incr i=397 repr=1 active=1366/176518 POs=1]
BMC : c =    1364  cl =   4503  lit =  176517  p =     0  d =     0  f =     1  +  T =     0.03 sec
  [bmc-prof 397] wall=  28.108 p=     1 | ifo=  0.735(sd=0.178 nx=0.000 tfo=0.066 cnt=0.491) snap= 0.315 srm=  7.728 sat=  4.848(set=0.160 slv=4.685 max=4.6851 n=1) cex=R/T/F=0/0/1 trsplit=0 sim=14.032(rmp=0.421 run=13.611 n=1 d=0) incr=loc/full/maxdirty/keys=0/0/0/0 chk= 0.000(d=1) stat= 0.156 rest= 0.293
  [bmc-incr i=398 repr=1 active=1365/176517 POs=1]
BMC : c =    1363  cl =   4503  lit =  176516  p =     0  d =     0  f =     1  +  T =     0.03 sec
  [bmc-prof 398] wall=  28.810 p=     1 | ifo=  0.759(sd=0.187 nx=0.000 tfo=0.059 cnt=0.513) snap= 0.282 srm=  7.796 sat=  4.880(set=0.172 slv=4.706 max=4.7061 n=1) cex=R/T/F=0/0/1 trsplit=0 sim=14.616(rmp=0.430 run=14.186 n=1 d=0) incr=loc/full/maxdirty/keys=0/0/0/0 chk= 0.000(d=1) stat= 0.184 rest= 0.292
  [bmc-incr i=399 repr=1 active=1364/176516 POs=1]
BMC : c =    1362  cl =   4503  lit =  176515  p =     0  d =     0  f =     1  +  T =     0.03 sec
  [bmc-prof 399] wall=  30.338 p=     1 | ifo=  0.742(sd=0.185 nx=0.000 tfo=0.060 cnt=0.497) snap= 0.284 srm=  8.101 sat=  4.908(set=0.161 slv=4.744 max=4.7444 n=1) cex=R/T/F=0/0/1 trsplit=0 sim=15.812(rmp=0.426 run=15.385 n=1 d=0) incr=loc/full/maxdirty/keys=0/0/0/0 chk= 0.000(d=1) stat= 0.199 rest= 0.294
  [bmc-incr i=400 repr=1 active=1363/176515 POs=1]
BMC : c =    1361  cl =   4503  lit =  176514  p =     0  d =     0  f =     1  +  T =     0.03 sec
  [bmc-prof 400] wall=  28.683 p=     1 | ifo=  0.738(sd=0.178 nx=0.000 tfo=0.059 cnt=0.501) snap= 0.305 srm=  7.756 sat=  4.948(set=0.162 slv=4.784 max=4.7837 n=1) cex=R/T/F=0/0/1 trsplit=0 sim=14.469(rmp=0.459 run=14.009 n=1 d=0) incr=loc/full/maxdirty/keys=0/0/0/0 chk= 0.000(d=1) stat= 0.164 rest= 0.302
  [bmc-incr i=401 repr=1 active=1362/176514 POs=1]
BMC : c =    1360  cl =   4503  lit =  176513  p =     0  d =     0  f =     1  +  T =     0.03 sec
  [bmc-prof 401] wall=  30.336 p=     1 | ifo=  0.731(sd=0.175 nx=0.000 tfo=0.056 cnt=0.501) snap= 0.287 srm=  8.258 sat=  4.975(set=0.228 slv=4.745 max=4.7454 n=1) cex=R/T/F=0/0/1 trsplit=0 sim=15.626(rmp=0.433 run=15.192 n=1 d=0) incr=loc/full/maxdirty/keys=0/0/0/0 chk= 0.000(d=1) stat= 0.161 rest= 0.297
  [bmc-incr i=402 repr=1 active=1361/176513 POs=1]
BMC : c =    1359  cl =   4503  lit =  176512  p =     0  d =     0  f =     1  +  T =     0.03 sec
  [bmc-prof 402] wall=  29.262 p=     1 | ifo=  0.769(sd=0.189 nx=0.000 tfo=0.090 cnt=0.490) snap= 0.284 srm=  8.090 sat=  5.065(set=0.194 slv=4.869 max=4.8693 n=1) cex=R/T/F=0/0/1 trsplit=0 sim=14.595(rmp=0.419 run=14.175 n=1 d=0) incr=loc/full/maxdirty/keys=0/0/0/0 chk= 0.000(d=1) stat= 0.158 rest= 0.301
  [bmc-incr i=403 repr=1 active=1360/176512 POs=1]
BMC : c =    1358  cl =   4503  lit =  176511  p =     0  d =     0  f =     1  +  T =     0.03 sec
  [bmc-prof 403] wall=  33.600 p=     1 | ifo=  0.722(sd=0.178 nx=0.000 tfo=0.062 cnt=0.482) snap= 0.301 srm=  7.851 sat=  6.278(set=0.163 slv=6.112 max=6.1122 n=1) cex=R/T/F=0/0/1 trsplit=0 sim=17.912(rmp=0.466 run=17.445 n=1 d=0) incr=loc/full/maxdirty/keys=0/0/0/0 chk= 0.001(d=1) stat= 0.192 rest= 0.344
  [bmc-incr i=404 repr=1 active=1359/176511 POs=1]
BMC : c =    1357  cl =   4503  lit =  176510  p =     0  d =     0  f =     1  +  T =     0.03 sec
  [bmc-prof 404] wall=  28.333 p=     1 | ifo=  0.757(sd=0.196 nx=0.000 tfo=0.065 cnt=0.496) snap= 0.291 srm=  7.696 sat=  4.888(set=0.176 slv=4.711 max=4.7105 n=1) cex=R/T/F=0/0/1 trsplit=0 sim=14.180(rmp=0.419 run=13.760 n=1 d=0) incr=loc/full/maxdirty/keys=0/0/0/0 chk= 0.000(d=1) stat= 0.215 rest= 0.305
  [bmc-incr i=405 repr=1 active=1358/176510 POs=1]
BMC : c =    1356  cl =   4503  lit =  176509  p =     0  d =     0  f =     1  +  T =     0.03 sec
  [bmc-prof 405] wall=  29.410 p=     1 | ifo=  0.743(sd=0.187 nx=0.000 tfo=0.073 cnt=0.483) snap= 0.308 srm=  8.082 sat=  5.281(set=0.189 slv=5.089 max=5.0889 n=1) cex=R/T/F=0/0/1 trsplit=0 sim=14.534(rmp=0.446 run=14.087 n=1 d=0) incr=loc/full/maxdirty/keys=0/0/0/0 chk= 0.000(d=1) stat= 0.156 rest= 0.305
  [bmc-incr i=406 repr=1 active=1357/176509 POs=1]
BMC : c =    1355  cl =   4503  lit =  176508  p =     0  d =     0  f =     1  +  T =     0.03 sec
  [bmc-prof 406] wall=  28.732 p=     1 | ifo=  0.843(sd=0.234 nx=0.000 tfo=0.113 cnt=0.496) snap= 0.285 srm=  7.811 sat=  4.882(set=0.171 slv=4.709 max=4.7088 n=1) cex=R/T/F=0/0/1 trsplit=0 sim=14.454(rmp=0.425 run=14.028 n=1 d=0) incr=loc/full/maxdirty/keys=0/0/0/0 chk= 0.000(d=1) stat= 0.162 rest= 0.296
  [bmc-incr i=407 repr=1 active=1356/176508 POs=1]
BMC : c =    1354  cl =   4503  lit =  176507  p =     0  d =     0  f =     1  +  T =     0.03 sec
  [bmc-prof 407] wall=  33.515 p=     1 | ifo=  0.794(sd=0.200 nx=0.000 tfo=0.072 cnt=0.522) snap= 0.758 srm=  9.896 sat=  6.226(set=0.382 slv=5.843 max=5.8430 n=1) cex=R/T/F=0/0/1 trsplit=0 sim=15.122(rmp=0.609 run=14.512 n=1 d=0) incr=loc/full/maxdirty/keys=0/0/0/0 chk= 0.000(d=1) stat= 0.166 rest= 0.552
  [bmc-incr i=408 repr=1 active=1355/176507 POs=1]
BMC : c =    1353  cl =   4503  lit =  176506  p =     0  d =     0  f =     1  +  T =     0.03 sec
  [bmc-prof 408] wall=  28.801 p=     1 | ifo=  0.778(sd=0.183 nx=0.000 tfo=0.062 cnt=0.532) snap= 0.298 srm=  7.857 sat=  4.957(set=0.162 slv=4.793 max=4.7934 n=1) cex=R/T/F=0/0/1 trsplit=0 sim=14.463(rmp=0.421 run=14.040 n=1 d=0) incr=loc/full/maxdirty/keys=0/0/0/0 chk= 0.000(d=1) stat= 0.158 rest= 0.289
  [bmc-incr i=409 repr=1 active=1354/176506 POs=1]
BMC : c =    1352  cl =   4503  lit =  176505  p =     0  d =     0  f =     1  +  T =     0.03 sec
  [bmc-prof 409] wall=  29.178 p=     1 | ifo=  0.741(sd=0.185 nx=0.000 tfo=0.068 cnt=0.488) snap= 0.288 srm=  8.120 sat=  5.135(set=0.187 slv=4.946 max=4.9463 n=1) cex=R/T/F=0/0/1 trsplit=0 sim=14.442(rmp=0.465 run=13.976 n=1 d=0) incr=loc/full/maxdirty/keys=0/0/0/0 chk= 0.000(d=1) stat= 0.156 rest= 0.296
  [bmc-incr i=410 repr=1 active=1353/176505 POs=1]
BMC : c =    1351  cl =   4503  lit =  176504  p =     0  d =     0  f =     1  +  T =     0.03 sec
  [bmc-prof 410] wall=  28.838 p=     1 | ifo=  0.781(sd=0.212 nx=0.000 tfo=0.071 cnt=0.499) snap= 0.300 srm=  7.796 sat=  4.949(set=0.166 slv=4.781 max=4.7806 n=1) cex=R/T/F=0/0/1 trsplit=0 sim=14.541(rmp=0.422 run=14.118 n=1 d=0) incr=loc/full/maxdirty/keys=0/0/0/0 chk= 0.000(d=1) stat= 0.161 rest= 0.308
  [bmc-incr i=411 repr=1 active=1352/176504 POs=1]
BMC : c =    1350  cl =   4503  lit =  176503  p =     0  d =     0  f =     1  +  T =     0.03 sec
  [bmc-prof 411] wall=  29.054 p=     1 | ifo=  0.745(sd=0.178 nx=0.000 tfo=0.075 cnt=0.493) snap= 0.305 srm=  7.987 sat=  4.974(set=0.171 slv=4.801 max=4.8014 n=1) cex=R/T/F=0/0/1 trsplit=0 sim=14.597(rmp=0.449 run=14.147 n=1 d=0) incr=loc/full/maxdirty/keys=0/0/0/0 chk= 0.000(d=1) stat= 0.157 rest= 0.289
  [bmc-incr i=412 repr=1 active=1351/176503 POs=1]
BMC : c =    1349  cl =   4503  lit =  176502  p =     0  d =     0  f =     1  +  T =     0.03 sec
  [bmc-prof 412] wall=  31.609 p=     1 | ifo=  0.749(sd=0.188 nx=0.000 tfo=0.070 cnt=0.490) snap= 0.682 srm=  8.666 sat=  6.446(set=0.644 slv=5.799 max=5.7994 n=1) cex=R/T/F=0/0/1 trsplit=0 sim=14.565(rmp=0.447 run=14.117 n=1 d=0) incr=loc/full/maxdirty/keys=0/0/0/0 chk= 0.001(d=1) stat= 0.188 rest= 0.313
  [bmc-incr i=413 repr=1 active=1350/176502 POs=1]
BMC : c =    1348  cl =   4503  lit =  176501  p =     0  d =     0  f =     1  +  T =     0.03 sec
  [bmc-prof 413] wall=  29.168 p=     1 | ifo=  0.743(sd=0.176 nx=0.000 tfo=0.055 cnt=0.512) snap= 0.280 srm=  8.612 sat=  4.922(set=0.165 slv=4.754 max=4.7545 n=1) cex=R/T/F=0/0/1 trsplit=0 sim=14.104(rmp=0.425 run=13.678 n=1 d=0) incr=loc/full/maxdirty/keys=0/0/0/0 chk= 0.000(d=1) stat= 0.202 rest= 0.306
  [bmc-incr i=414 repr=1 active=1349/176501 POs=1]
BMC : c =    1347  cl =   4503  lit =  176500  p =     0  d =     0  f =     1  +  T =     0.03 sec
  [bmc-prof 414] wall=  29.153 p=     1 | ifo=  0.735(sd=0.176 nx=0.000 tfo=0.058 cnt=0.500) snap= 0.287 srm=  7.799 sat=  4.884(set=0.161 slv=4.720 max=4.7205 n=1) cex=R/T/F=0/0/1 trsplit=0 sim=14.927(rmp=0.418 run=14.509 n=1 d=0) incr=loc/full/maxdirty/keys=0/0/0/0 chk= 0.000(d=1) stat= 0.199 rest= 0.323
  [bmc-incr i=415 repr=1 active=1348/176500 POs=1]
BMC : c =    1346  cl =   4503  lit =  176499  p =     0  d =     0  f =     1  +  T =     0.03 sec
  [bmc-prof 415] wall=  29.136 p=     1 | ifo=  0.798(sd=0.213 nx=0.000 tfo=0.065 cnt=0.520) snap= 0.283 srm=  8.619 sat=  4.911(set=0.164 slv=4.745 max=4.7450 n=1) cex=R/T/F=0/0/1 trsplit=0 sim=14.061(rmp=0.414 run=13.647 n=1 d=0) incr=loc/full/maxdirty/keys=0/0/0/0 chk= 0.000(d=1) stat= 0.159 rest= 0.304
  [bmc-incr i=416 repr=1 active=1347/176499 POs=1]
BMC : c =    1345  cl =   4503  lit =  176498  p =     0  d =     0  f =     1  +  T =     0.03 sec
  [bmc-prof 416] wall=  29.514 p=     1 | ifo=  0.730(sd=0.178 nx=0.000 tfo=0.051 cnt=0.500) snap= 0.289 srm=  7.726 sat=  5.036(set=0.161 slv=4.873 max=4.8728 n=1) cex=R/T/F=0/0/1 trsplit=0 sim=15.261(rmp=0.411 run=14.849 n=1 d=0) incr=loc/full/maxdirty/keys=0/0/0/0 chk= 0.000(d=1) stat= 0.168 rest= 0.305
  [bmc-incr i=417 repr=1 active=1346/176498 POs=1]
BMC : c =    1344  cl =   4503  lit =  176497  p =     0  d =     0  f =     1  +  T =     0.03 sec
  [bmc-prof 417] wall=  28.323 p=     1 | ifo=  0.719(sd=0.176 nx=0.000 tfo=0.056 cnt=0.487) snap= 0.283 srm=  7.921 sat=  4.955(set=0.186 slv=4.767 max=4.7673 n=1) cex=R/T/F=0/0/1 trsplit=0 sim=14.002(rmp=0.426 run=13.576 n=1 d=0) incr=loc/full/maxdirty/keys=0/0/0/0 chk= 0.000(d=1) stat= 0.154 rest= 0.289
  [bmc-incr i=418 repr=1 active=1345/176497 POs=1]
BMC : c =    1343  cl =   4503  lit =  176496  p =     0  d =     0  f =     1  +  T =     0.03 sec
  [bmc-prof 418] wall=  29.053 p=     1 | ifo=  0.720(sd=0.174 nx=0.000 tfo=0.051 cnt=0.495) snap= 0.282 srm=  7.814 sat=  5.002(set=0.173 slv=4.827 max=4.8272 n=1) cex=R/T/F=0/0/1 trsplit=0 sim=14.753(rmp=0.456 run=14.295 n=1 d=0) incr=loc/full/maxdirty/keys=0/0/0/0 chk= 0.000(d=1) stat= 0.166 rest= 0.317
  [bmc-incr i=419 repr=1 active=1344/176496 POs=1]
BMC : c =    1342  cl =   4503  lit =  176495  p =     0  d =     0  f =     1  +  T =     0.03 sec
  [bmc-prof 419] wall=  28.392 p=     1 | ifo=  0.728(sd=0.176 nx=0.000 tfo=0.054 cnt=0.498) snap= 0.284 srm=  7.900 sat=  4.968(set=0.167 slv=4.800 max=4.7995 n=1) cex=R/T/F=0/0/1 trsplit=0 sim=14.059(rmp=0.435 run=13.623 n=1 d=0) incr=loc/full/maxdirty/keys=0/0/0/0 chk= 0.000(d=1) stat= 0.154 rest= 0.299
  [bmc-incr i=420 repr=1 active=1343/176495 POs=1]
BMC : c =    1341  cl =   4503  lit =  176494  p =     0  d =     0  f =     1  +  T =     0.03 sec
  [bmc-prof 420] wall=  30.918 p=     1 | ifo=  0.726(sd=0.187 nx=0.000 tfo=0.056 cnt=0.483) snap= 0.302 srm=  9.392 sat=  4.997(set=0.177 slv=4.818 max=4.8178 n=1) cex=R/T/F=0/0/1 trsplit=0 sim=15.032(rmp=0.455 run=14.576 n=1 d=0) incr=loc/full/maxdirty/keys=0/0/0/0 chk= 0.000(d=1) stat= 0.168 rest= 0.301
  [bmc-incr i=421 repr=1 active=1342/176494 POs=1]
BMC : c =    1340  cl =   4503  lit =  176493  p =     0  d =     0  f =     1  +  T =     0.03 sec
  [bmc-prof 421] wall=  29.962 p=     1 | ifo=  0.752(sd=0.188 nx=0.000 tfo=0.063 cnt=0.501) snap= 0.311 srm=  7.954 sat=  5.177(set=0.187 slv=4.987 max=4.9871 n=1) cex=R/T/F=0/0/1 trsplit=0 sim=15.320(rmp=0.441 run=14.878 n=1 d=0) incr=loc/full/maxdirty/keys=0/0/0/0 chk= 0.000(d=1) stat= 0.158 rest= 0.291
  [bmc-incr i=422 repr=1 active=1341/176493 POs=1]
BMC : c =    1339  cl =   4503  lit =  176492  p =     0  d =     0  f =     1  +  T =     0.03 sec
  [bmc-prof 422] wall=  28.521 p=     1 | ifo=  0.733(sd=0.178 nx=0.000 tfo=0.060 cnt=0.494) snap= 0.301 srm=  7.862 sat=  4.966(set=0.180 slv=4.785 max=4.7846 n=1) cex=R/T/F=0/0/1 trsplit=0 sim=14.046(rmp=0.498 run=13.547 n=1 d=0) incr=loc/full/maxdirty/keys=0/0/0/0 chk= 0.000(d=1) stat= 0.225 rest= 0.389
  [bmc-incr i=423 repr=1 active=1340/176492 POs=1]
BMC : c =    1338  cl =   4503  lit =  176491  p =     0  d =     0  f =     1  +  T =     0.03 sec
  [bmc-prof 423] wall=  28.313 p=     1 | ifo=  0.829(sd=0.227 nx=0.000 tfo=0.070 cnt=0.532) snap= 0.324 srm=  8.158 sat=  4.942(set=0.197 slv=4.744 max=4.7437 n=1) cex=R/T/F=0/0/1 trsplit=0 sim=13.559(rmp=0.507 run=13.051 n=1 d=0) incr=loc/full/maxdirty/keys=0/0/0/0 chk= 0.000(d=1) stat= 0.171 rest= 0.330
  [bmc-incr i=424 repr=1 active=1339/176491 POs=1]
BMC : c =    1337  cl =   4503  lit =  176490  p =     0  d =     0  f =     1  +  T =     0.03 sec
  [bmc-prof 424] wall=  32.441 p=     1 | ifo=  0.848(sd=0.220 nx=0.000 tfo=0.075 cnt=0.553) snap= 0.307 srm=  8.072 sat=  4.961(set=0.173 slv=4.786 max=4.7858 n=1) cex=R/T/F=0/0/1 trsplit=0 sim=17.758(rmp=0.452 run=17.305 n=1 d=0) incr=loc/full/maxdirty/keys=0/0/0/0 chk= 0.000(d=1) stat= 0.186 rest= 0.310
  [bmc-incr i=425 repr=1 active=1338/176490 POs=1]
BMC : c =    1336  cl =   4503  lit =  176489  p =     0  d =     0  f =     1  +  T =     0.03 sec
  [bmc-prof 425] wall=  31.967 p=     1 | ifo=  0.756(sd=0.177 nx=0.000 tfo=0.063 cnt=0.516) snap= 0.359 srm=  8.905 sat=  4.978(set=0.205 slv=4.771 max=4.7714 n=1) cex=R/T/F=0/0/1 trsplit=0 sim=16.486(rmp=0.515 run=15.970 n=1 d=0) incr=loc/full/maxdirty/keys=0/0/0/0 chk= 0.000(d=1) stat= 0.162 rest= 0.321
  [bmc-incr i=426 repr=1 active=1337/176489 POs=1]
BMC : c =    1335  cl =   4503  lit =  176488  p =     0  d =     0  f =     1  +  T =     0.03 sec
  [bmc-prof 426] wall=  29.394 p=     1 | ifo=  0.856(sd=0.190 nx=0.000 tfo=0.070 cnt=0.596) snap= 0.296 srm=  7.786 sat=  4.959(set=0.178 slv=4.779 max=4.7788 n=1) cex=R/T/F=0/0/1 trsplit=0 sim=15.026(rmp=0.451 run=14.574 n=1 d=0) incr=loc/full/maxdirty/keys=0/0/0/0 chk= 0.000(d=1) stat= 0.157 rest= 0.314
  [bmc-incr i=427 repr=1 active=1336/176488 POs=1]
BMC : c =    1334  cl =   4503  lit =  176487  p =     0  d =     0  f =     1  +  T =     0.03 sec
  [bmc-prof 427] wall=  28.819 p=     1 | ifo=  0.765(sd=0.190 nx=0.000 tfo=0.065 cnt=0.510) snap= 0.285 srm=  7.986 sat=  4.966(set=0.168 slv=4.796 max=4.7956 n=1) cex=R/T/F=0/0/1 trsplit=0 sim=14.366(rmp=0.432 run=13.934 n=1 d=0) incr=loc/full/maxdirty/keys=0/0/0/0 chk= 0.000(d=1) stat= 0.160 rest= 0.292
  [bmc-incr i=428 repr=1 active=1335/176487 POs=1]
BMC : c =    1333  cl =   4503  lit =  176486  p =     0  d =     0  f =     1  +  T =     0.03 sec
  [bmc-prof 428] wall=  31.450 p=     1 | ifo=  0.838(sd=0.240 nx=0.000 tfo=0.100 cnt=0.498) snap= 0.337 srm=  8.165 sat=  5.121(set=0.176 slv=4.942 max=4.9421 n=1) cex=R/T/F=0/0/1 trsplit=0 sim=16.506(rmp=0.550 run=15.955 n=1 d=0) incr=loc/full/maxdirty/keys=0/0/0/0 chk= 0.000(d=1) stat= 0.169 rest= 0.314
  [bmc-incr i=429 repr=1 active=1334/176486 POs=1]
BMC : c =    1332  cl =   4503  lit =  176485  p =     0  d =     0  f =     1  +  T =     0.03 sec
  [bmc-prof 429] wall=  28.074 p=     1 | ifo=  0.726(sd=0.177 nx=0.000 tfo=0.057 cnt=0.492) snap= 0.282 srm=  7.638 sat=  4.920(set=0.166 slv=4.752 max=4.7522 n=1) cex=R/T/F=0/0/1 trsplit=0 sim=14.055(rmp=0.417 run=13.638 n=1 d=0) incr=loc/full/maxdirty/keys=0/0/0/0 chk= 0.000(d=1) stat= 0.156 rest= 0.297
  [bmc-incr i=430 repr=1 active=1333/176485 POs=1]
BMC : c =    1331  cl =   4503  lit =  176484  p =     0  d =     0  f =     1  +  T =     0.03 sec
  [bmc-prof 430] wall=  27.984 p=     1 | ifo=  0.712(sd=0.175 nx=0.000 tfo=0.055 cnt=0.482) snap= 0.289 srm=  7.546 sat=  4.879(set=0.162 slv=4.715 max=4.7147 n=1) cex=R/T/F=0/0/1 trsplit=0 sim=14.086(rmp=0.427 run=13.658 n=1 d=0) incr=loc/full/maxdirty/keys=0/0/0/0 chk= 0.000(d=1) stat= 0.155 rest= 0.316
  [bmc-incr i=431 repr=1 active=1332/176484 POs=1]
BMC : c =    1330  cl =   4503  lit =  176483  p =     0  d =     0  f =     1  +  T =     0.03 sec
  [bmc-prof 431] wall=  28.191 p=     1 | ifo=  0.713(sd=0.175 nx=0.000 tfo=0.055 cnt=0.483) snap= 0.309 srm=  7.675 sat=  4.883(set=0.166 slv=4.716 max=4.7159 n=1) cex=R/T/F=0/0/1 trsplit=0 sim=14.112(rmp=0.417 run=13.695 n=1 d=0) incr=loc/full/maxdirty/keys=0/0/0/0 chk= 0.000(d=1) stat= 0.164 rest= 0.334
  [bmc-incr i=432 repr=1 active=1331/176483 POs=1]
BMC : c =    1329  cl =   4503  lit =  176482  p =     0  d =     0  f =     1  +  T =     0.03 sec
  [bmc-prof 432] wall=  28.481 p=     1 | ifo=  0.711(sd=0.176 nx=0.000 tfo=0.054 cnt=0.481) snap= 0.283 srm=  8.177 sat=  4.892(set=0.173 slv=4.718 max=4.7180 n=1) cex=R/T/F=0/0/1 trsplit=0 sim=13.962(rmp=0.439 run=13.522 n=1 d=0) incr=loc/full/maxdirty/keys=0/0/0/0 chk= 0.000(d=1) stat= 0.156 rest= 0.301
  [bmc-incr i=433 repr=1 active=1330/176482 POs=1]
BMC : c =    1328  cl =   4503  lit =  176481  p =     0  d =     0  f =     1  +  T =     0.03 sec
  [bmc-prof 433] wall=  28.505 p=     1 | ifo=  0.711(sd=0.177 nx=0.000 tfo=0.054 cnt=0.480) snap= 0.291 srm=  8.180 sat=  4.888(set=0.167 slv=4.719 max=4.7187 n=1) cex=R/T/F=0/0/1 trsplit=0 sim=13.991(rmp=0.419 run=13.572 n=1 d=0) incr=loc/full/maxdirty/keys=0/0/0/0 chk= 0.000(d=1) stat= 0.155 rest= 0.288
  [bmc-incr i=434 repr=1 active=1329/176481 POs=1]
BMC : c =    1327  cl =   4503  lit =  176480  p =     0  d =     0  f =     1  +  T =     0.03 sec
  [bmc-prof 434] wall=  28.364 p=     1 | ifo=  0.722(sd=0.176 nx=0.000 tfo=0.055 cnt=0.491) snap= 0.280 srm=  7.649 sat=  4.935(set=0.162 slv=4.771 max=4.7709 n=1) cex=R/T/F=0/0/1 trsplit=0 sim=14.333(rmp=0.417 run=13.915 n=1 d=0) incr=loc/full/maxdirty/keys=0/0/0/0 chk= 0.000(d=1) stat= 0.156 rest= 0.289
  [bmc-incr i=435 repr=1 active=1328/176480 POs=1]
BMC : c =    1326  cl =   4503  lit =  176479  p =     0  d =     0  f =     1  +  T =     0.03 sec
  [bmc-prof 435] wall=  31.455 p=     1 | ifo=  0.723(sd=0.177 nx=0.000 tfo=0.055 cnt=0.492) snap= 0.283 srm=  7.670 sat=  6.394(set=0.169 slv=6.223 max=6.2230 n=1) cex=R/T/F=0/0/1 trsplit=0 sim=15.904(rmp=1.109 run=14.794 n=1 d=0) incr=loc/full/maxdirty/keys=0/0/0/0 chk= 0.000(d=1) stat= 0.158 rest= 0.322
  [bmc-incr i=436 repr=1 active=1327/176479 POs=1]
BMC : c =    1325  cl =   4503  lit =  176478  p =     0  d =     0  f =     1  +  T =     0.03 sec
  [bmc-prof 436] wall=  28.306 p=     1 | ifo=  0.728(sd=0.178 nx=0.000 tfo=0.056 cnt=0.495) snap= 0.293 srm=  7.788 sat=  4.977(set=0.176 slv=4.800 max=4.7998 n=1) cex=R/T/F=0/0/1 trsplit=0 sim=14.065(rmp=0.425 run=13.639 n=1 d=0) incr=loc/full/maxdirty/keys=0/0/0/0 chk= 0.000(d=1) stat= 0.156 rest= 0.299
  [bmc-incr i=437 repr=1 active=1326/176478 POs=1]
BMC : c =    1324  cl =   4503  lit =  176477  p =     0  d =     0  f =     1  +  T =     0.03 sec
  [bmc-prof 437] wall=  32.120 p=     1 | ifo=  0.736(sd=0.177 nx=0.000 tfo=0.057 cnt=0.502) snap= 0.320 srm=  7.741 sat=  4.970(set=0.164 slv=4.803 max=4.8032 n=1) cex=R/T/F=0/0/1 trsplit=0 sim=17.888(rmp=0.534 run=17.352 n=1 d=0) incr=loc/full/maxdirty/keys=0/0/0/0 chk= 0.000(d=1) stat= 0.164 rest= 0.301
  [bmc-incr i=438 repr=1 active=1325/176477 POs=1]
BMC : c =    1323  cl =   4503  lit =  176476  p =     0  d =     0  f =     1  +  T =     0.03 sec
  [bmc-prof 438] wall=  28.595 p=     1 | ifo=  0.740(sd=0.192 nx=0.000 tfo=0.062 cnt=0.486) snap= 0.281 srm=  7.700 sat=  5.101(set=0.176 slv=4.923 max=4.9225 n=1) cex=R/T/F=0/0/1 trsplit=0 sim=14.311(rmp=0.437 run=13.873 n=1 d=0) incr=loc/full/maxdirty/keys=0/0/0/0 chk= 0.000(d=1) stat= 0.167 rest= 0.296
  [bmc-incr i=439 repr=1 active=1324/176476 POs=1]
BMC : c =    1322  cl =   4503  lit =  176475  p =     0  d =     0  f =     1  +  T =     0.03 sec
  [bmc-prof 439] wall=  28.756 p=     1 | ifo=  0.718(sd=0.178 nx=0.000 tfo=0.059 cnt=0.482) snap= 0.286 srm=  7.777 sat=  5.022(set=0.170 slv=4.850 max=4.8498 n=1) cex=R/T/F=0/0/1 trsplit=0 sim=14.446(rmp=0.436 run=14.009 n=1 d=0) incr=loc/full/maxdirty/keys=0/0/0/0 chk= 0.001(d=1) stat= 0.183 rest= 0.323
  [bmc-incr i=440 repr=1 active=1323/176475 POs=1]
BMC : c =    1321  cl =   4503  lit =  176474  p =     0  d =     0  f =     1  +  T =     0.03 sec
  [bmc-prof 440] wall=  29.328 p=     1 | ifo=  0.766(sd=0.181 nx=0.000 tfo=0.064 cnt=0.521) snap= 0.299 srm=  8.083 sat=  4.997(set=0.187 slv=4.808 max=4.8084 n=1) cex=R/T/F=0/0/1 trsplit=0 sim=14.712(rmp=0.461 run=14.250 n=1 d=0) incr=loc/full/maxdirty/keys=0/0/0/0 chk= 0.000(d=1) stat= 0.158 rest= 0.312
  [bmc-incr i=441 repr=1 active=1322/176474 POs=1]
BMC : c =    1320  cl =   4503  lit =  176473  p =     0  d =     0  f =     1  +  T =     0.03 sec
  [bmc-prof 441] wall=  32.389 p=     1 | ifo=  0.765(sd=0.183 nx=0.000 tfo=0.063 cnt=0.519) snap= 0.281 srm=  7.850 sat=  5.142(set=0.168 slv=4.972 max=4.9716 n=1) cex=R/T/F=0/0/1 trsplit=0 sim=17.726(rmp=0.419 run=17.306 n=1 d=0) incr=loc/full/maxdirty/keys=0/0/0/0 chk= 0.000(d=1) stat= 0.189 rest= 0.436
  [bmc-incr i=442 repr=1 active=1321/176473 POs=1]
BMC : c =    1319  cl =   4503  lit =  176472  p =     0  d =     0  f =     1  +  T =     0.03 sec
  [bmc-prof 442] wall=  29.132 p=     1 | ifo=  0.858(sd=0.247 nx=0.000 tfo=0.067 cnt=0.544) snap= 0.327 srm=  8.395 sat=  5.085(set=0.200 slv=4.883 max=4.8831 n=1) cex=R/T/F=0/0/1 trsplit=0 sim=13.936(rmp=0.510 run=13.426 n=1 d=0) incr=loc/full/maxdirty/keys=0/0/0/0 chk= 0.000(d=1) stat= 0.192 rest= 0.338
  [bmc-incr i=443 repr=1 active=1320/176472 POs=1]
BMC : c =    1318  cl =   4503  lit =  176471  p =     0  d =     0  f =     1  +  T =     0.03 sec
  [bmc-prof 443] wall=  29.901 p=     1 | ifo=  0.878(sd=0.259 nx=0.000 tfo=0.069 cnt=0.551) snap= 0.348 srm=  8.185 sat=  5.139(set=0.192 slv=4.945 max=4.9453 n=1) cex=R/T/F=0/0/1 trsplit=0 sim=14.833(rmp=0.555 run=14.277 n=1 d=0) incr=loc/full/maxdirty/keys=0/0/0/0 chk= 0.000(d=1) stat= 0.161 rest= 0.357
  [bmc-incr i=444 repr=1 active=1319/176471 POs=1]
BMC : c =    1317  cl =   4503  lit =  176470  p =     0  d =     0  f =     1  +  T =     0.03 sec
  [bmc-prof 444] wall=  29.173 p=     1 | ifo=  0.762(sd=0.184 nx=0.000 tfo=0.080 cnt=0.498) snap= 0.288 srm=  8.071 sat=  5.117(set=0.188 slv=4.926 max=4.9264 n=1) cex=R/T/F=0/0/1 trsplit=0 sim=14.372(rmp=0.439 run=13.932 n=1 d=0) incr=loc/full/maxdirty/keys=0/0/0/0 chk= 0.000(d=1) stat= 0.203 rest= 0.359
  [bmc-incr i=445 repr=1 active=1318/176470 POs=1]
BMC : c =    1316  cl =   4503  lit =  176469  p =     0  d =     0  f =     1  +  T =     0.03 sec
  [bmc-prof 445] wall=  32.126 p=     1 | ifo=  0.874(sd=0.250 nx=0.000 tfo=0.083 cnt=0.542) snap= 0.341 srm=  9.771 sat=  5.550(set=0.195 slv=5.354 max=5.3538 n=1) cex=R/T/F=0/0/1 trsplit=0 sim=15.108(rmp=0.588 run=14.519 n=1 d=0) incr=loc/full/maxdirty/keys=0/0/0/0 chk= 0.000(d=1) stat= 0.161 rest= 0.320
  [bmc-incr i=446 repr=1 active=1317/176469 POs=1]
BMC : c =    1315  cl =   4503  lit =  176468  p =     0  d =     0  f =     1  +  T =     0.03 sec
  [bmc-prof 446] wall=  28.363 p=     1 | ifo=  0.743(sd=0.183 nx=0.000 tfo=0.062 cnt=0.498) snap= 0.291 srm=  7.713 sat=  4.981(set=0.164 slv=4.815 max=4.8151 n=1) cex=R/T/F=0/0/1 trsplit=0 sim=14.184(rmp=0.419 run=13.764 n=1 d=0) incr=loc/full/maxdirty/keys=0/0/0/0 chk= 0.000(d=1) stat= 0.160 rest= 0.292
  [bmc-incr i=447 repr=1 active=1316/176468 POs=1]
BMC : c =    1314  cl =   4503  lit =  176467  p =     0  d =     0  f =     1  +  T =     0.03 sec
  [bmc-prof 447] wall=  29.226 p=     1 | ifo=  0.739(sd=0.183 nx=0.000 tfo=0.054 cnt=0.502) snap= 0.299 srm=  7.804 sat=  5.271(set=0.183 slv=5.086 max=5.0859 n=1) cex=R/T/F=0/0/1 trsplit=0 sim=14.640(rmp=0.458 run=14.182 n=1 d=0) incr=loc/full/maxdirty/keys=0/0/0/0 chk= 0.000(d=1) stat= 0.162 rest= 0.311
  [bmc-incr i=448 repr=1 active=1315/176467 POs=1]
BMC : c =    1313  cl =   4503  lit =  176466  p =     0  d =     0  f =     1  +  T =     0.03 sec
  [bmc-prof 448] wall=  30.196 p=     1 | ifo=  0.754(sd=0.183 nx=0.000 tfo=0.061 cnt=0.511) snap= 0.283 srm=  9.275 sat=  4.983(set=0.164 slv=4.817 max=4.8165 n=1) cex=R/T/F=0/0/1 trsplit=0 sim=14.440(rmp=0.422 run=14.017 n=1 d=0) incr=loc/full/maxdirty/keys=0/0/0/0 chk= 0.000(d=1) stat= 0.157 rest= 0.304
  [bmc-incr i=449 repr=1 active=1314/176466 POs=1]
BMC : c =    1312  cl =   4503  lit =  176465  p =     0  d =     0  f =     1  +  T =     0.03 sec
  [bmc-prof 449] wall=  29.329 p=     1 | ifo=  0.743(sd=0.177 nx=0.000 tfo=0.072 cnt=0.494) snap= 0.294 srm=  7.816 sat=  5.175(set=0.163 slv=5.010 max=5.0099 n=1) cex=R/T/F=0/0/1 trsplit=0 sim=14.838(rmp=0.471 run=14.366 n=1 d=0) incr=loc/full/maxdirty/keys=0/0/0/0 chk= 0.000(d=1) stat= 0.167 rest= 0.296
  [bmc-incr i=450 repr=1 active=1313/176465 POs=1]
BMC : c =    1311  cl =   4503  lit =  176464  p =     0  d =     0  f =     1  +  T =     0.03 sec
  [bmc-prof 450] wall=  30.906 p=     1 | ifo=  0.799(sd=0.185 nx=0.000 tfo=0.063 cnt=0.550) snap= 0.297 srm=  8.915 sat=  4.998(set=0.164 slv=4.832 max=4.8320 n=1) cex=R/T/F=0/0/1 trsplit=0 sim=15.431(rmp=0.416 run=15.015 n=1 d=0) incr=loc/full/maxdirty/keys=0/0/0/0 chk= 0.000(d=1) stat= 0.164 rest= 0.302
  [bmc-incr i=451 repr=1 active=1312/176464 POs=1]
BMC : c =    1310  cl =   4503  lit =  176463  p =     0  d =     0  f =     1  +  T =     0.04 sec
  [bmc-prof 451] wall=  38.118 p=     1 | ifo=  0.730(sd=0.174 nx=0.000 tfo=0.057 cnt=0.499) snap= 0.288 srm=  8.561 sat= 11.269(set=0.171 slv=11.096 max=11.0958 n=1) cex=R/T/F=0/0/1 trsplit=0 sim=16.814(rmp=0.426 run=16.387 n=1 d=0) incr=loc/full/maxdirty/keys=0/0/0/0 chk= 0.000(d=1) stat= 0.157 rest= 0.298
  [bmc-incr i=452 repr=1 active=1311/176463 POs=1]
BMC : c =    1309  cl =   4503  lit =  176462  p =     0  d =     0  f =     1  +  T =     0.03 sec
  [bmc-prof 452] wall=  28.023 p=     1 | ifo=  0.739(sd=0.178 nx=0.000 tfo=0.058 cnt=0.504) snap= 0.281 srm=  7.579 sat=  4.934(set=0.161 slv=4.771 max=4.7706 n=1) cex=R/T/F=0/0/1 trsplit=0 sim=14.009(rmp=0.408 run=13.600 n=1 d=0) incr=loc/full/maxdirty/keys=0/0/0/0 chk= 0.000(d=1) stat= 0.163 rest= 0.318
  [bmc-incr i=453 repr=1 active=1310/176462 POs=1]
BMC : c =    1308  cl =   4503  lit =  176461  p =     0  d =     0  f =     1  +  T =     0.03 sec
  [bmc-prof 453] wall=  28.323 p=     1 | ifo=  0.795(sd=0.202 nx=0.000 tfo=0.094 cnt=0.500) snap= 0.280 srm=  7.849 sat=  4.963(set=0.164 slv=4.797 max=4.7974 n=1) cex=R/T/F=0/0/1 trsplit=0 sim=13.933(rmp=0.491 run=13.442 n=1 d=0) incr=loc/full/maxdirty/keys=0/0/0/0 chk= 0.000(d=1) stat= 0.189 rest= 0.313
  [bmc-incr i=454 repr=1 active=1309/176461 POs=1]
BMC : c =    1307  cl =   4503  lit =  176460  p =     0  d =     0  f =     1  +  T =     0.03 sec
  [bmc-prof 454] wall=  34.723 p=     1 | ifo=  0.793(sd=0.215 nx=0.000 tfo=0.062 cnt=0.517) snap= 1.188 srm=  9.279 sat=  7.256(set=0.702 slv=6.551 max=6.5510 n=1) cex=R/T/F=0/0/1 trsplit=0 sim=15.707(rmp=0.761 run=14.945 n=1 d=0) incr=loc/full/maxdirty/keys=0/0/0/0 chk= 0.000(d=1) stat= 0.174 rest= 0.325
  [bmc-incr i=455 repr=1 active=1308/176460 POs=1]
BMC : c =    1306  cl =   4503  lit =  176459  p =     0  d =     0  f =     1  +  T =     0.03 sec
  [bmc-prof 455] wall=  28.806 p=     1 | ifo=  0.816(sd=0.219 nx=0.000 tfo=0.067 cnt=0.531) snap= 0.287 srm=  7.843 sat=  5.020(set=0.169 slv=4.850 max=4.8496 n=1) cex=R/T/F=0/0/1 trsplit=0 sim=14.394(rmp=0.437 run=13.957 n=1 d=0) incr=loc/full/maxdirty/keys=0/0/0/0 chk= 0.000(d=1) stat= 0.156 rest= 0.289
  [bmc-incr i=456 repr=1 active=1307/176459 POs=1]
BMC : c =    1305  cl =   4503  lit =  176458  p =     0  d =     0  f =     1  +  T =     0.03 sec
  [bmc-prof 456] wall=  30.837 p=     1 | ifo=  0.729(sd=0.175 nx=0.000 tfo=0.055 cnt=0.499) snap= 0.322 srm=  9.385 sat=  5.029(set=0.204 slv=4.822 max=4.8224 n=1) cex=R/T/F=0/0/1 trsplit=0 sim=14.891(rmp=0.466 run=14.424 n=1 d=0) incr=loc/full/maxdirty/keys=0/0/0/0 chk= 0.000(d=1) stat= 0.164 rest= 0.317
  [bmc-incr i=457 repr=1 active=1306/176458 POs=1]
BMC : c =    1304  cl =   4503  lit =  176457  p =     0  d =     0  f =     1  +  T =     0.03 sec
  [bmc-prof 457] wall=  29.082 p=     1 | ifo=  0.734(sd=0.187 nx=0.000 tfo=0.064 cnt=0.484) snap= 0.285 srm=  8.455 sat=  4.991(set=0.190 slv=4.800 max=4.7996 n=1) cex=R/T/F=0/0/1 trsplit=0 sim=14.156(rmp=0.427 run=13.728 n=1 d=0) incr=loc/full/maxdirty/keys=0/0/0/0 chk= 0.000(d=1) stat= 0.166 rest= 0.295
  [bmc-incr i=458 repr=1 active=1305/176457 POs=1]
BMC : c =    1303  cl =   4503  lit =  176456  p =     0  d =     0  f =     1  +  T =     0.03 sec
  [bmc-prof 458] wall=  30.457 p=     1 | ifo=  0.746(sd=0.180 nx=0.000 tfo=0.073 cnt=0.494) snap= 0.300 srm=  7.800 sat=  5.062(set=0.186 slv=4.873 max=4.8731 n=1) cex=R/T/F=0/0/1 trsplit=0 sim=15.982(rmp=0.460 run=15.521 n=1 d=0) incr=loc/full/maxdirty/keys=0/0/0/0 chk= 0.000(d=1) stat= 0.212 rest= 0.354
  [bmc-incr i=459 repr=1 active=1304/176456 POs=1]
BMC : c =    1302  cl =   4503  lit =  176455  p =     0  d =     0  f =     1  +  T =     0.03 sec
  [bmc-prof 459] wall=  29.393 p=     1 | ifo=  0.858(sd=0.244 nx=0.000 tfo=0.071 cnt=0.543) snap= 0.461 srm=  8.753 sat=  5.122(set=0.207 slv=4.913 max=4.9131 n=1) cex=R/T/F=0/0/1 trsplit=0 sim=13.695(rmp=0.515 run=13.179 n=1 d=0) incr=loc/full/maxdirty/keys=0/0/0/0 chk= 0.000(d=1) stat= 0.171 rest= 0.333
  [bmc-incr i=460 repr=1 active=1303/176455 POs=1]
BMC : c =    1301  cl =   4503  lit =  176454  p =     0  d =     0  f =     1  +  T =     0.03 sec
  [bmc-prof 460] wall=  29.544 p=     1 | ifo=  0.816(sd=0.224 nx=0.000 tfo=0.066 cnt=0.526) snap= 0.323 srm=  7.973 sat=  5.190(set=0.189 slv=4.999 max=4.9994 n=1) cex=R/T/F=0/0/1 trsplit=0 sim=14.754(rmp=0.478 run=14.275 n=1 d=0) incr=loc/full/maxdirty/keys=0/0/0/0 chk= 0.000(d=1) stat= 0.159 rest= 0.328
  [bmc-incr i=461 repr=1 active=1302/176454 POs=1]
BMC : c =    1300  cl =   4503  lit =  176453  p =     0  d =     0  f =     1  +  T =     0.03 sec
  [bmc-prof 461] wall=  29.552 p=     1 | ifo=  0.743(sd=0.186 nx=0.000 tfo=0.067 cnt=0.490) snap= 0.296 srm=  7.914 sat=  5.024(set=0.166 slv=4.857 max=4.8566 n=1) cex=R/T/F=0/0/1 trsplit=0 sim=15.065(rmp=0.409 run=14.655 n=1 d=0) incr=loc/full/maxdirty/keys=0/0/0/0 chk= 0.000(d=1) stat= 0.175 rest= 0.335
  [bmc-incr i=462 repr=1 active=1301/176453 POs=1]
BMC : c =    1299  cl =   4503  lit =  176452  p =     0  d =     0  f =     1  +  T =     0.03 sec
  [bmc-prof 462] wall=  33.023 p=     1 | ifo=  0.835(sd=0.227 nx=0.000 tfo=0.064 cnt=0.544) snap= 0.345 srm=  8.081 sat=  6.096(set=0.211 slv=5.837 max=5.8373 n=1) cex=R/T/F=0/0/1 trsplit=0 sim=16.820(rmp=0.785 run=16.034 n=1 d=0) incr=loc/full/maxdirty/keys=0/0/0/0 chk= 0.000(d=1) stat= 0.161 rest= 0.684
  [bmc-incr i=463 repr=1 active=1300/176452 POs=1]
BMC : c =    1298  cl =   4503  lit =  176451  p =     0  d =     0  f =     1  +  T =     0.03 sec
  [bmc-prof 463] wall=  28.502 p=     1 | ifo=  0.713(sd=0.176 nx=0.000 tfo=0.055 cnt=0.483) snap= 0.298 srm=  7.641 sat=  5.033(set=0.173 slv=4.858 max=4.8582 n=1) cex=R/T/F=0/0/1 trsplit=0 sim=14.338(rmp=0.500 run=13.837 n=1 d=0) incr=loc/full/maxdirty/keys=0/0/0/0 chk= 0.000(d=1) stat= 0.178 rest= 0.300
  [bmc-incr i=464 repr=1 active=1299/176451 POs=1]
BMC : c =    1297  cl =   4503  lit =  176450  p =     0  d =     0  f =     1  +  T =     0.03 sec
  [bmc-prof 464] wall=  29.946 p=     1 | ifo=  0.725(sd=0.182 nx=0.000 tfo=0.061 cnt=0.482) snap= 0.290 srm=  7.898 sat=  6.311(set=0.187 slv=6.121 max=6.1210 n=1) cex=R/T/F=0/0/1 trsplit=0 sim=14.235(rmp=0.456 run=13.778 n=1 d=0) incr=loc/full/maxdirty/keys=0/0/0/0 chk= 0.000(d=1) stat= 0.173 rest= 0.313
  [bmc-incr i=465 repr=1 active=1298/176450 POs=1]
BMC : c =    1296  cl =   4503  lit =  176449  p =     0  d =     0  f =     1  +  T =     0.03 sec
  [bmc-prof 465] wall=  28.492 p=     1 | ifo=  0.747(sd=0.201 nx=0.000 tfo=0.063 cnt=0.483) snap= 0.281 srm=  7.708 sat=  4.992(set=0.179 slv=4.812 max=4.8122 n=1) cex=R/T/F=0/0/1 trsplit=0 sim=14.317(rmp=0.427 run=13.889 n=1 d=0) incr=loc/full/maxdirty/keys=0/0/0/0 chk= 0.000(d=1) stat= 0.157 rest= 0.290
  [bmc-incr i=466 repr=1 active=1297/176449 POs=1]
BMC : c =    1295  cl =   4503  lit =  176448  p =     0  d =     0  f =     1  +  T =     0.03 sec
  [bmc-prof 466] wall=  28.297 p=     1 | ifo=  0.718(sd=0.177 nx=0.000 tfo=0.059 cnt=0.481) snap= 0.281 srm=  7.669 sat=  4.975(set=0.164 slv=4.809 max=4.8092 n=1) cex=R/T/F=0/0/1 trsplit=0 sim=14.152(rmp=0.414 run=13.737 n=1 d=0) incr=loc/full/maxdirty/keys=0/0/0/0 chk= 0.000(d=1) stat= 0.181 rest= 0.321
  [bmc-incr i=467 repr=1 active=1296/176448 POs=1]
BMC : c =    1294  cl =   4503  lit =  176447  p =     0  d =     0  f =     1  +  T =     0.03 sec
  [bmc-prof 467] wall=  28.685 p=     1 | ifo=  0.811(sd=0.214 nx=0.000 tfo=0.063 cnt=0.534) snap= 0.325 srm=  8.221 sat=  5.118(set=0.211 slv=4.905 max=4.9053 n=1) cex=R/T/F=0/0/1 trsplit=0 sim=13.698(rmp=0.506 run=13.192 n=1 d=0) incr=loc/full/maxdirty/keys=0/0/0/0 chk= 0.000(d=1) stat= 0.180 rest= 0.332
  [bmc-incr i=468 repr=1 active=1295/176447 POs=1]
BMC : c =    1293  cl =   4503  lit =  176446  p =     0  d =     0  f =     1  +  T =     0.03 sec
  [bmc-prof 468] wall=  33.298 p=     1 | ifo=  0.827(sd=0.222 nx=0.000 tfo=0.058 cnt=0.547) snap= 0.838 srm=  9.442 sat=  7.085(set=0.476 slv=6.607 max=6.6067 n=1) cex=R/T/F=0/0/1 trsplit=0 sim=14.594(rmp=0.512 run=14.081 n=1 d=0) incr=loc/full/maxdirty/keys=0/0/0/0 chk= 0.000(d=1) stat= 0.175 rest= 0.337
  [bmc-incr i=469 repr=1 active=1294/176446 POs=1]
BMC : c =    1292  cl =   4503  lit =  176445  p =     0  d =     0  f =     1  +  T =     0.04 sec
  [bmc-prof 469] wall=  35.312 p=     1 | ifo=  1.268(sd=0.258 nx=0.000 tfo=0.209 cnt=0.801) snap= 0.328 srm=  8.274 sat=  5.145(set=0.192 slv=4.950 max=4.9504 n=1) cex=R/T/F=0/0/1 trsplit=0 sim=19.711(rmp=0.512 run=19.198 n=1 d=0) incr=loc/full/maxdirty/keys=0/0/0/0 chk= 0.000(d=1) stat= 0.203 rest= 0.383
  [bmc-incr i=470 repr=1 active=1293/176445 POs=1]
BMC : c =    1291  cl =   4503  lit =  176444  p =     0  d =     0  f =     1  +  T =     0.03 sec
  [bmc-prof 470] wall=  29.521 p=     1 | ifo=  0.903(sd=0.242 nx=0.000 tfo=0.060 cnt=0.601) snap= 0.332 srm=  8.025 sat=  5.004(set=0.204 slv=4.798 max=4.7982 n=1) cex=R/T/F=0/0/1 trsplit=0 sim=14.750(rmp=0.512 run=14.237 n=1 d=0) incr=loc/full/maxdirty/keys=0/0/0/0 chk= 0.000(d=1) stat= 0.175 rest= 0.332
  [bmc-incr i=471 repr=1 active=1292/176444 POs=1]
BMC : c =    1290  cl =   4503  lit =  176443  p =     0  d =     0  f =     1  +  T =     0.03 sec
  [bmc-prof 471] wall=  30.308 p=     1 | ifo=  0.806(sd=0.220 nx=0.000 tfo=0.066 cnt=0.519) snap= 0.293 srm=  9.892 sat=  5.000(set=0.181 slv=4.817 max=4.8167 n=1) cex=R/T/F=0/0/1 trsplit=0 sim=13.814(rmp=0.456 run=13.357 n=1 d=0) incr=loc/full/maxdirty/keys=0/0/0/0 chk= 0.000(d=1) stat= 0.177 rest= 0.326
  [bmc-incr i=472 repr=1 active=1291/176443 POs=1]
BMC : c =    1289  cl =   4503  lit =  176442  p =     0  d =     0  f =     1  +  T =     0.03 sec
  [bmc-prof 472] wall=  29.335 p=     1 | ifo=  0.815(sd=0.223 nx=0.000 tfo=0.070 cnt=0.522) snap= 0.332 srm=  8.098 sat=  5.028(set=0.206 slv=4.821 max=4.8206 n=1) cex=R/T/F=0/0/1 trsplit=0 sim=14.601(rmp=0.493 run=14.107 n=1 d=0) incr=loc/full/maxdirty/keys=0/0/0/0 chk= 0.000(d=1) stat= 0.155 rest= 0.306
  [bmc-incr i=473 repr=1 active=1290/176442 POs=1]
BMC : c =    1288  cl =   4503  lit =  176441  p =     0  d =     0  f =     1  +  T =     0.03 sec
  [bmc-prof 473] wall=  29.557 p=     1 | ifo=  0.807(sd=0.211 nx=0.000 tfo=0.096 cnt=0.500) snap= 0.298 srm=  7.938 sat=  5.157(set=0.191 slv=4.964 max=4.9641 n=1) cex=R/T/F=0/0/1 trsplit=0 sim=14.795(rmp=0.478 run=14.316 n=1 d=0) incr=loc/full/maxdirty/keys=0/0/0/0 chk= 0.000(d=1) stat= 0.244 rest= 0.317
  [bmc-incr i=474 repr=1 active=1289/176441 POs=1]
BMC : c =    1287  cl =   4503  lit =  176440  p =     0  d =     0  f =     1  +  T =     0.03 sec
  [bmc-prof 474] wall=  29.976 p=     1 | ifo=  0.805(sd=0.212 nx=0.000 tfo=0.103 cnt=0.489) snap= 0.311 srm=  8.106 sat=  5.822(set=0.184 slv=5.636 max=5.6360 n=1) cex=R/T/F=0/0/1 trsplit=0 sim=14.412(rmp=0.437 run=13.974 n=1 d=0) incr=loc/full/maxdirty/keys=0/0/0/0 chk= 0.000(d=1) stat= 0.186 rest= 0.334
  [bmc-incr i=475 repr=1 active=1288/176440 POs=1]
BMC : c =    1286  cl =   4503  lit =  176439  p =     0  d =     0  f =     1  +  T =     0.03 sec
  [bmc-prof 475] wall=  29.475 p=     1 | ifo=  0.875(sd=0.224 nx=0.000 tfo=0.071 cnt=0.580) snap= 0.294 srm=  8.087 sat=  5.075(set=0.187 slv=4.886 max=4.8864 n=1) cex=R/T/F=0/0/1 trsplit=0 sim=14.615(rmp=0.443 run=14.170 n=1 d=0) incr=loc/full/maxdirty/keys=0/0/0/0 chk= 0.000(d=1) stat= 0.186 rest= 0.343
  [bmc-incr i=476 repr=1 active=1287/176439 POs=1]
BMC : c =    1285  cl =   4503  lit =  176438  p =     0  d =     0  f =     1  +  T =     0.03 sec
  [bmc-prof 476] wall=  29.363 p=     1 | ifo=  0.918(sd=0.289 nx=0.000 tfo=0.071 cnt=0.557) snap= 0.355 srm=  8.351 sat=  5.250(set=0.224 slv=5.025 max=5.0247 n=1) cex=R/T/F=0/0/1 trsplit=0 sim=13.965(rmp=0.523 run=13.441 n=1 d=0) incr=loc/full/maxdirty/keys=0/0/0/0 chk= 0.000(d=1) stat= 0.177 rest= 0.347
  [bmc-incr i=477 repr=1 active=1286/176438 POs=1]
BMC : c =    1284  cl =   4503  lit =  176437  p =     0  d =     0  f =     1  +  T =     0.03 sec
  [bmc-prof 477] wall=  33.083 p=     1 | ifo=  0.886(sd=0.228 nx=0.000 tfo=0.109 cnt=0.550) snap= 0.283 srm= 10.710 sat=  5.150(set=0.176 slv=4.971 max=4.9714 n=1) cex=R/T/F=0/0/1 trsplit=0 sim=15.529(rmp=0.774 run=14.754 n=1 d=0) incr=loc/full/maxdirty/keys=0/0/0/0 chk= 0.000(d=1) stat= 0.160 rest= 0.365
  [bmc-incr i=478 repr=1 active=1285/176437 POs=1]
BMC : c =    1283  cl =   4503  lit =  176436  p =     0  d =     0  f =     1  +  T =     0.03 sec
  [bmc-prof 478] wall=  28.789 p=     1 | ifo=  0.742(sd=0.179 nx=0.000 tfo=0.061 cnt=0.502) snap= 0.337 srm=  7.872 sat=  5.138(set=0.188 slv=4.948 max=4.9480 n=1) cex=R/T/F=0/0/1 trsplit=0 sim=14.170(rmp=0.515 run=13.654 n=1 d=0) incr=loc/full/maxdirty/keys=0/0/0/0 chk= 0.000(d=1) stat= 0.188 rest= 0.342
  [bmc-incr i=479 repr=1 active=1284/176436 POs=1]
BMC : c =    1282  cl =   4503  lit =  176435  p =     0  d =     0  f =     1  +  T =     0.03 sec
  [bmc-prof 479] wall=  29.986 p=     1 | ifo=  0.965(sd=0.216 nx=0.000 tfo=0.077 cnt=0.672) snap= 0.323 srm=  8.236 sat=  5.138(set=0.190 slv=4.947 max=4.9472 n=1) cex=R/T/F=0/0/1 trsplit=0 sim=14.795(rmp=0.508 run=14.286 n=1 d=0) incr=loc/full/maxdirty/keys=0/0/0/0 chk= 0.000(d=1) stat= 0.183 rest= 0.344
  [bmc-incr i=480 repr=1 active=1283/176435 POs=1]
BMC : c =    1281  cl =   4503  lit =  176434  p =     0  d =     0  f =     1  +  T =     0.03 sec
  [bmc-prof 480] wall=  28.949 p=     1 | ifo=  0.795(sd=0.218 nx=0.000 tfo=0.059 cnt=0.518) snap= 0.322 srm=  8.033 sat=  5.026(set=0.193 slv=4.832 max=4.8318 n=1) cex=R/T/F=0/0/1 trsplit=0 sim=14.236(rmp=0.511 run=13.725 n=1 d=0) incr=loc/full/maxdirty/keys=0/0/0/0 chk= 0.000(d=1) stat= 0.164 rest= 0.372
  [bmc-incr i=481 repr=1 active=1282/176434 POs=1]
BMC : c =    1280  cl =   4503  lit =  176433  p =     0  d =     0  f =     1  +  T =     0.03 sec
  [bmc-prof 481] wall=  28.028 p=     1 | ifo=  0.725(sd=0.180 nx=0.000 tfo=0.053 cnt=0.492) snap= 0.312 srm=  7.579 sat=  5.014(set=0.166 slv=4.847 max=4.8466 n=1) cex=R/T/F=0/0/1 trsplit=0 sim=13.941(rmp=0.427 run=13.514 n=1 d=0) incr=loc/full/maxdirty/keys=0/0/0/0 chk= 0.000(d=1) stat= 0.157 rest= 0.300
  [bmc-incr i=482 repr=1 active=1281/176433 POs=1]
BMC : c =    1279  cl =   4503  lit =  176432  p =     0  d =     0  f =     1  +  T =     0.03 sec
  [bmc-prof 482] wall=  28.425 p=     1 | ifo=  0.715(sd=0.176 nx=0.000 tfo=0.058 cnt=0.482) snap= 0.280 srm=  7.623 sat=  5.306(set=0.172 slv=5.132 max=5.1316 n=1) cex=R/T/F=0/0/1 trsplit=0 sim=14.046(rmp=0.426 run=13.619 n=1 d=0) incr=loc/full/maxdirty/keys=0/0/0/0 chk= 0.000(d=1) stat= 0.156 rest= 0.298
  [bmc-incr i=483 repr=1 active=1280/176432 POs=1]
BMC : c =    1278  cl =   4503  lit =  176431  p =     0  d =     0  f =     1  +  T =     0.03 sec
  [bmc-prof 483] wall=  30.420 p=     1 | ifo=  0.729(sd=0.187 nx=0.000 tfo=0.055 cnt=0.486) snap= 0.313 srm=  9.745 sat=  5.043(set=0.174 slv=4.868 max=4.8678 n=1) cex=R/T/F=0/0/1 trsplit=0 sim=14.132(rmp=0.495 run=13.635 n=1 d=0) incr=loc/full/maxdirty/keys=0/0/0/0 chk= 0.000(d=1) stat= 0.165 rest= 0.292
  [bmc-incr i=484 repr=1 active=1279/176431 POs=1]
BMC : c =    1277  cl =   4503  lit =  176430  p =     0  d =     0  f =     1  +  T =     0.03 sec
  [bmc-prof 484] wall=  28.128 p=     1 | ifo=  0.726(sd=0.182 nx=0.000 tfo=0.056 cnt=0.489) snap= 0.278 srm=  7.635 sat=  5.037(set=0.163 slv=4.872 max=4.8719 n=1) cex=R/T/F=0/0/1 trsplit=0 sim=13.996(rmp=0.446 run=13.549 n=1 d=0) incr=loc/full/maxdirty/keys=0/0/0/0 chk= 0.000(d=1) stat= 0.155 rest= 0.299
  [bmc-incr i=485 repr=1 active=1278/176430 POs=1]
BMC : c =    1276  cl =   4503  lit =  176429  p =     0  d =     0  f =     1  +  T =     0.04 sec
  [bmc-prof 485] wall=  36.331 p=     1 | ifo=  0.736(sd=0.176 nx=0.000 tfo=0.054 cnt=0.505) snap= 0.958 srm= 12.007 sat=  6.054(set=0.188 slv=5.863 max=5.8626 n=1) cex=R/T/F=0/0/1 trsplit=0 sim=15.989(rmp=0.895 run=15.092 n=1 d=0) incr=loc/full/maxdirty/keys=0/0/0/0 chk= 0.000(d=1) stat= 0.163 rest= 0.426
  [bmc-incr i=486 repr=1 active=1277/176429 POs=1]
BMC : c =    1275  cl =   4503  lit =  176428  p =     0  d =     0  f =     1  +  T =     0.03 sec
  [bmc-prof 486] wall=  28.235 p=     1 | ifo=  0.792(sd=0.206 nx=0.000 tfo=0.085 cnt=0.500) snap= 0.283 srm=  7.762 sat=  5.009(set=0.165 slv=4.842 max=4.8421 n=1) cex=R/T/F=0/0/1 trsplit=0 sim=13.945(rmp=0.430 run=13.515 n=1 d=0) incr=loc/full/maxdirty/keys=0/0/0/0 chk= 0.000(d=1) stat= 0.156 rest= 0.290
  [bmc-incr i=487 repr=1 active=1276/176428 POs=1]
BMC : c =    1274  cl =   4503  lit =  176427  p =     0  d =     0  f =     1  +  T =     0.03 sec
  [bmc-prof 487] wall=  34.133 p=     1 | ifo=  0.778(sd=0.240 nx=0.000 tfo=0.055 cnt=0.483) snap= 0.356 srm= 12.225 sat=  5.647(set=0.191 slv=5.453 max=5.4532 n=1) cex=R/T/F=0/0/1 trsplit=0 sim=14.640(rmp=0.452 run=14.187 n=1 d=0) incr=loc/full/maxdirty/keys=0/0/0/0 chk= 0.000(d=1) stat= 0.176 rest= 0.311
  [bmc-incr i=488 repr=1 active=1275/176427 POs=1]
BMC : c =    1273  cl =   4503  lit =  176426  p =     0  d =     0  f =     1  +  T =     0.03 sec
  [bmc-prof 488] wall=  30.204 p=     1 | ifo=  0.818(sd=0.221 nx=0.000 tfo=0.097 cnt=0.500) snap= 0.386 srm=  8.744 sat=  5.331(set=0.265 slv=5.064 max=5.0640 n=1) cex=R/T/F=0/0/1 trsplit=0 sim=14.460(rmp=0.499 run=13.961 n=1 d=0) incr=loc/full/maxdirty/keys=0/0/0/0 chk= 0.000(d=1) stat= 0.159 rest= 0.306
  [bmc-incr i=489 repr=1 active=1274/176426 POs=1]
BMC : c =    1272  cl =   4503  lit =  176425  p =     0  d =     0  f =     1  +  T =     0.03 sec
  [bmc-prof 489] wall=  29.020 p=     1 | ifo=  0.737(sd=0.180 nx=0.000 tfo=0.060 cnt=0.497) snap= 0.345 srm=  7.861 sat=  5.423(set=0.211 slv=5.209 max=5.2091 n=1) cex=R/T/F=0/0/1 trsplit=0 sim=14.199(rmp=0.432 run=13.767 n=1 d=0) incr=loc/full/maxdirty/keys=0/0/0/0 chk= 0.000(d=1) stat= 0.157 rest= 0.297
  [bmc-incr i=490 repr=1 active=1273/176425 POs=1]
BMC : c =    1271  cl =   4503  lit =  176424  p =     0  d =     0  f =     1  +  T =     0.03 sec
  [bmc-prof 490] wall=  29.210 p=     1 | ifo=  0.719(sd=0.177 nx=0.000 tfo=0.060 cnt=0.482) snap= 0.291 srm=  7.995 sat=  5.070(set=0.181 slv=4.887 max=4.8865 n=1) cex=R/T/F=0/0/1 trsplit=0 sim=14.674(rmp=0.456 run=14.217 n=1 d=0) incr=loc/full/maxdirty/keys=0/0/0/0 chk= 0.000(d=1) stat= 0.158 rest= 0.304
  [bmc-incr i=491 repr=1 active=1272/176424 POs=1]
BMC : c =    1270  cl =   4503  lit =  176423  p =     0  d =     0  f =     1  +  T =     0.03 sec
  [bmc-prof 491] wall=  28.683 p=     1 | ifo=  0.723(sd=0.181 nx=0.000 tfo=0.060 cnt=0.482) snap= 0.284 srm=  8.014 sat=  5.062(set=0.176 slv=4.884 max=4.8839 n=1) cex=R/T/F=0/0/1 trsplit=0 sim=14.132(rmp=0.416 run=13.715 n=1 d=0) incr=loc/full/maxdirty/keys=0/0/0/0 chk= 0.000(d=1) stat= 0.166 rest= 0.302
  [bmc-incr i=492 repr=1 active=1271/176423 POs=1]
BMC : c =    1269  cl =   4503  lit =  176422  p =     0  d =     0  f =     1  +  T =     0.03 sec
  [bmc-prof 492] wall=  29.409 p=     1 | ifo=  0.719(sd=0.179 nx=0.000 tfo=0.057 cnt=0.484) snap= 0.312 srm=  7.834 sat=  5.133(set=0.185 slv=4.946 max=4.9456 n=1) cex=R/T/F=0/0/1 trsplit=0 sim=14.937(rmp=0.468 run=14.468 n=1 d=0) incr=loc/full/maxdirty/keys=0/0/0/0 chk= 0.000(d=1) stat= 0.162 rest= 0.312
  [bmc-incr i=493 repr=1 active=1270/176422 POs=1]
BMC : c =    1268  cl =   4503  lit =  176421  p =     0  d =     0  f =     1  +  T =     0.04 sec
  [bmc-prof 493] wall=  36.900 p=     1 | ifo=  0.753(sd=0.183 nx=0.000 tfo=0.063 cnt=0.507) snap= 0.288 srm=  8.150 sat= 10.355(set=0.185 slv=10.168 max=10.1684 n=1) cex=R/T/F=0/0/1 trsplit=0 sim=16.895(rmp=0.429 run=16.466 n=1 d=0) incr=loc/full/maxdirty/keys=0/0/0/0 chk= 0.000(d=1) stat= 0.158 rest= 0.300
  [bmc-incr i=494 repr=1 active=1269/176421 POs=1]
BMC : c =    1267  cl =   4503  lit =  176420  p =     0  d =     0  f =     1  +  T =     0.03 sec
  [bmc-prof 494] wall=  30.748 p=     1 | ifo=  0.755(sd=0.186 nx=0.000 tfo=0.059 cnt=0.510) snap= 0.288 srm=  7.924 sat=  6.515(set=0.174 slv=6.339 max=6.3389 n=1) cex=R/T/F=0/0/1 trsplit=0 sim=14.588(rmp=0.497 run=14.090 n=1 d=0) incr=loc/full/maxdirty/keys=0/0/0/0 chk= 0.000(d=1) stat= 0.161 rest= 0.517
  [bmc-incr i=495 repr=1 active=1268/176420 POs=1]
BMC : c =    1266  cl =   4503  lit =  176419  p =     0  d =     0  f =     1  +  T =     0.03 sec
  [bmc-prof 495] wall=  28.586 p=     1 | ifo=  0.722(sd=0.179 nx=0.000 tfo=0.061 cnt=0.483) snap= 0.282 srm=  7.612 sat=  5.073(set=0.180 slv=4.891 max=4.8914 n=1) cex=R/T/F=0/0/1 trsplit=0 sim=14.391(rmp=0.429 run=13.961 n=1 d=0) incr=loc/full/maxdirty/keys=0/0/0/0 chk= 0.000(d=1) stat= 0.179 rest= 0.326
  [bmc-incr i=496 repr=1 active=1267/176419 POs=1]
BMC : c =    1265  cl =   4503  lit =  176418  p =     0  d =     0  f =     1  +  T =     0.03 sec
  [bmc-prof 496] wall=  28.953 p=     1 | ifo=  0.888(sd=0.240 nx=0.000 tfo=0.065 cnt=0.583) snap= 0.280 srm=  7.666 sat=  5.045(set=0.175 slv=4.868 max=4.8679 n=1) cex=R/T/F=0/0/1 trsplit=0 sim=14.627(rmp=0.419 run=14.207 n=1 d=0) incr=loc/full/maxdirty/keys=0/0/0/0 chk= 0.000(d=1) stat= 0.157 rest= 0.290
  [bmc-incr i=497 repr=1 active=1266/176418 POs=1]
BMC : c =    1264  cl =   4503  lit =  176417  p =     0  d =     0  f =     1  +  T =     0.03 sec
  [bmc-prof 497] wall=  28.633 p=     1 | ifo=  0.715(sd=0.176 nx=0.000 tfo=0.056 cnt=0.483) snap= 0.284 srm=  8.013 sat=  5.038(set=0.167 slv=4.869 max=4.8691 n=1) cex=R/T/F=0/0/1 trsplit=0 sim=14.136(rmp=0.426 run=13.709 n=1 d=0) incr=loc/full/maxdirty/keys=0/0/0/0 chk= 0.000(d=1) stat= 0.155 rest= 0.292
  [bmc-incr i=498 repr=1 active=1265/176417 POs=1]
BMC : c =    1263  cl =   4503  lit =  176416  p =     0  d =     0  f =     1  +  T =     0.03 sec
  [bmc-prof 498] wall=  29.646 p=     1 | ifo=  0.719(sd=0.175 nx=0.000 tfo=0.053 cnt=0.491) snap= 0.285 srm=  8.685 sat=  5.069(set=0.171 slv=4.896 max=4.8961 n=1) cex=R/T/F=0/0/1 trsplit=0 sim=14.344(rmp=0.433 run=13.911 n=1 d=0) incr=loc/full/maxdirty/keys=0/0/0/0 chk= 0.000(d=1) stat= 0.198 rest= 0.345
  [bmc-incr i=499 repr=1 active=1264/176416 POs=1]
BMC : c =    1262  cl =   4503  lit =  176415  p =     0  d =     0  f =     1  +  T =     0.03 sec
  [bmc-prof 499] wall=  32.030 p=     1 | ifo=  0.820(sd=0.218 nx=0.000 tfo=0.063 cnt=0.540) snap= 0.322 srm= 10.557 sat=  5.185(set=0.190 slv=4.993 max=4.9935 n=1) cex=R/T/F=0/0/1 trsplit=0 sim=14.646(rmp=0.506 run=14.139 n=1 d=0) incr=loc/full/maxdirty/keys=0/0/0/0 chk= 0.000(d=1) stat= 0.175 rest= 0.326
  [bmc-incr i=500 repr=1 active=1263/176415 POs=1]
BMC : c =    1261  cl =   4503  lit =  176414  p =     0  d =     0  f =     1  +  T =     0.03 sec
  [bmc-prof 500] wall=  28.084 p=     1 | ifo=  0.748(sd=0.193 nx=0.000 tfo=0.056 cnt=0.500) snap= 0.291 srm=  7.546 sat=  5.096(set=0.163 slv=4.931 max=4.9311 n=1) cex=R/T/F=0/0/1 trsplit=0 sim=13.955(rmp=0.427 run=13.528 n=1 d=0) incr=loc/full/maxdirty/keys=0/0/0/0 chk= 0.000(d=1) stat= 0.158 rest= 0.289
  [bmc-incr i=501 repr=1 active=1262/176414 POs=1]
BMC : c =    1260  cl =   4503  lit =  176413  p =     0  d =     0  f =     1  +  T =     0.03 sec
  [bmc-prof 501] wall=  28.231 p=     1 | ifo=  0.724(sd=0.174 nx=0.000 tfo=0.050 cnt=0.500) snap= 0.301 srm=  7.557 sat=  5.085(set=0.162 slv=4.921 max=4.9211 n=1) cex=R/T/F=0/0/1 trsplit=0 sim=14.073(rmp=0.417 run=13.654 n=1 d=0) incr=loc/full/maxdirty/keys=0/0/0/0 chk= 0.000(d=1) stat= 0.188 rest= 0.304
  [bmc-incr i=502 repr=1 active=1261/176413 POs=1]
BMC : c =    1259  cl =   4503  lit =  176412  p =     0  d =     0  f =     1  +  T =     0.03 sec
  [bmc-prof 502] wall=  33.790 p=     1 | ifo=  0.785(sd=0.212 nx=0.000 tfo=0.089 cnt=0.484) snap= 0.283 srm=  7.587 sat=  5.068(set=0.164 slv=4.902 max=4.9017 n=1) cex=R/T/F=0/0/1 trsplit=0 sim=19.464(rmp=0.444 run=19.020 n=1 d=0) incr=loc/full/maxdirty/keys=0/0/0/0 chk= 0.000(d=1) stat= 0.224 rest= 0.380
  [bmc-incr i=503 repr=1 active=1260/176412 POs=1]
BMC : c =    1258  cl =   4503  lit =  176411  p =     0  d =     0  f =     1  +  T =     0.03 sec
  [bmc-prof 503] wall=  28.615 p=     1 | ifo=  0.893(sd=0.288 nx=0.000 tfo=0.058 cnt=0.546) snap= 0.283 srm=  7.626 sat=  5.086(set=0.161 slv=4.923 max=4.9234 n=1) cex=R/T/F=0/0/1 trsplit=0 sim=14.262(rmp=0.416 run=13.844 n=1 d=0) incr=loc/full/maxdirty/keys=0/0/0/0 chk= 0.000(d=1) stat= 0.162 rest= 0.303
  [bmc-incr i=504 repr=1 active=1259/176411 POs=1]
BMC : c =    1257  cl =   4503  lit =  176410  p =     0  d =     0  f =     1  +  T =     0.03 sec
  [bmc-prof 504] wall=  33.152 p=     1 | ifo=  0.713(sd=0.179 nx=0.000 tfo=0.051 cnt=0.484) snap= 0.289 srm=  7.728 sat=  5.276(set=0.170 slv=5.103 max=5.1027 n=1) cex=R/T/F=0/0/1 trsplit=0 sim=18.676(rmp=0.515 run=18.160 n=1 d=0) incr=loc/full/maxdirty/keys=0/0/0/0 chk= 0.000(d=1) stat= 0.164 rest= 0.305
  [bmc-incr i=505 repr=1 active=1258/176410 POs=1]
BMC : c =    1256  cl =   4503  lit =  176409  p =     0  d =     0  f =     1  +  T =     0.03 sec
  [bmc-prof 505] wall=  28.958 p=     1 | ifo=  0.810(sd=0.179 nx=0.000 tfo=0.060 cnt=0.571) snap= 0.292 srm=  8.017 sat=  5.083(set=0.170 slv=4.911 max=4.9106 n=1) cex=R/T/F=0/0/1 trsplit=0 sim=14.308(rmp=0.466 run=13.841 n=1 d=0) incr=loc/full/maxdirty/keys=0/0/0/0 chk= 0.000(d=1) stat= 0.157 rest= 0.292
  [bmc-incr i=506 repr=1 active=1257/176409 POs=1]
BMC : c =    1255  cl =   4503  lit =  176408  p =     0  d =     0  f =     1  +  T =     0.03 sec
  [bmc-prof 506] wall=  28.306 p=     1 | ifo=  0.736(sd=0.185 nx=0.000 tfo=0.057 cnt=0.493) snap= 0.294 srm=  7.619 sat=  5.134(set=0.168 slv=4.965 max=4.9651 n=1) cex=R/T/F=0/0/1 trsplit=0 sim=14.055(rmp=0.417 run=13.638 n=1 d=0) incr=loc/full/maxdirty/keys=0/0/0/0 chk= 0.001(d=1) stat= 0.170 rest= 0.296
  [bmc-incr i=507 repr=1 active=1256/176408 POs=1]
BMC : c =    1254  cl =   4503  lit =  176407  p =     0  d =     0  f =     1  +  T =     0.03 sec
  [bmc-prof 507] wall=  31.816 p=     1 | ifo=  1.140(sd=0.491 nx=0.000 tfo=0.144 cnt=0.506) snap= 0.285 srm=  7.806 sat=  5.796(set=0.176 slv=5.618 max=5.6181 n=1) cex=R/T/F=0/0/1 trsplit=0 sim=16.220(rmp=1.028 run=15.191 n=1 d=0) incr=loc/full/maxdirty/keys=0/0/0/0 chk= 0.000(d=1) stat= 0.166 rest= 0.403
  [bmc-incr i=508 repr=1 active=1255/176407 POs=1]
BMC : c =    1253  cl =   4503  lit =  176406  p =     0  d =     0  f =     1  +  T =     0.03 sec
  [bmc-prof 508] wall=  29.582 p=     1 | ifo=  0.733(sd=0.180 nx=0.000 tfo=0.062 cnt=0.492) snap= 0.293 srm=  7.669 sat=  5.339(set=0.274 slv=5.063 max=5.0630 n=1) cex=R/T/F=0/0/1 trsplit=0 sim=15.069(rmp=0.550 run=14.517 n=1 d=0) incr=loc/full/maxdirty/keys=0/0/0/0 chk= 0.000(d=1) stat= 0.158 rest= 0.322
  [bmc-incr i=509 repr=1 active=1254/176406 POs=1]
BMC : c =    1252  cl =   4503  lit =  176405  p =     0  d =     0  f =     1  +  T =     0.03 sec
  [bmc-prof 509] wall=  29.073 p=     1 | ifo=  0.743(sd=0.183 nx=0.000 tfo=0.059 cnt=0.500) snap= 0.290 srm=  7.835 sat=  5.132(set=0.189 slv=4.941 max=4.9411 n=1) cex=R/T/F=0/0/1 trsplit=0 sim=14.600(rmp=0.445 run=14.155 n=1 d=0) incr=loc/full/maxdirty/keys=0/0/0/0 chk= 0.000(d=1) stat= 0.159 rest= 0.313
  [bmc-incr i=510 repr=1 active=1253/176405 POs=1]
BMC : c =    1251  cl =   4503  lit =  176404  p =     0  d =     0  f =     1  +  T =     0.03 sec
  [bmc-prof 510] wall=  29.753 p=     1 | ifo=  0.721(sd=0.179 nx=0.000 tfo=0.061 cnt=0.482) snap= 0.286 srm=  8.754 sat=  5.108(set=0.177 slv=4.930 max=4.9296 n=1) cex=R/T/F=0/0/1 trsplit=0 sim=14.430(rmp=0.466 run=13.963 n=1 d=0) incr=loc/full/maxdirty/keys=0/0/0/0 chk= 0.000(d=1) stat= 0.158 rest= 0.296
  [bmc-incr i=511 repr=1 active=1252/176404 POs=1]
BMC : c =    1250  cl =   4503  lit =  176403  p =     0  d =     0  f =     1  +  T =     0.03 sec
  [bmc-prof 511] wall=  29.645 p=     1 | ifo=  0.725(sd=0.178 nx=0.000 tfo=0.061 cnt=0.486) snap= 0.287 srm=  7.761 sat=  6.068(set=0.181 slv=5.884 max=5.8836 n=1) cex=R/T/F=0/0/1 trsplit=0 sim=14.268(rmp=0.462 run=13.805 n=1 d=0) incr=loc/full/maxdirty/keys=0/0/0/0 chk= 0.000(d=1) stat= 0.232 rest= 0.304
  [bmc-incr i=512 repr=1 active=1251/176403 POs=1]
BMC : c =    1249  cl =   4503  lit =  176402  p =     0  d =     0  f =     1  +  T =     0.03 sec
  [bmc-prof 512] wall=  28.532 p=     1 | ifo=  0.806(sd=0.214 nx=0.000 tfo=0.103 cnt=0.489) snap= 0.280 srm=  7.697 sat=  5.122(set=0.170 slv=4.950 max=4.9504 n=1) cex=R/T/F=0/0/1 trsplit=0 sim=14.178(rmp=0.425 run=13.753 n=1 d=0) incr=loc/full/maxdirty/keys=0/0/0/0 chk= 0.000(d=1) stat= 0.156 rest= 0.293
  [bmc-incr i=513 repr=1 active=1250/176402 POs=1]
BMC : c =    1248  cl =   4503  lit =  176401  p =     0  d =     0  f =     1  +  T =     0.03 sec
  [bmc-prof 513] wall=  28.383 p=     1 | ifo=  0.728(sd=0.186 nx=0.000 tfo=0.058 cnt=0.483) snap= 0.288 srm=  7.571 sat=  5.123(set=0.164 slv=4.958 max=4.9579 n=1) cex=R/T/F=0/0/1 trsplit=0 sim=14.220(rmp=0.429 run=13.789 n=1 d=0) incr=loc/full/maxdirty/keys=0/0/0/0 chk= 0.000(d=1) stat= 0.155 rest= 0.299
  [bmc-incr i=514 repr=1 active=1249/176401 POs=1]
BMC : c =    1247  cl =   4503  lit =  176400  p =     0  d =     0  f =     1  +  T =     0.03 sec
  [bmc-prof 514] wall=  28.436 p=     1 | ifo=  0.722(sd=0.176 nx=0.000 tfo=0.063 cnt=0.482) snap= 0.280 srm=  7.788 sat=  5.145(set=0.163 slv=4.980 max=4.9804 n=1) cex=R/T/F=0/0/1 trsplit=0 sim=14.054(rmp=0.414 run=13.639 n=1 d=0) incr=loc/full/maxdirty/keys=0/0/0/0 chk= 0.000(d=1) stat= 0.155 rest= 0.291
  [bmc-incr i=515 repr=1 active=1248/176400 POs=1]
BMC : c =    1246  cl =   4503  lit =  176399  p =     0  d =     0  f =     1  +  T =     0.03 sec
  [bmc-prof 515] wall=  29.140 p=     1 | ifo=  0.709(sd=0.176 nx=0.000 tfo=0.051 cnt=0.482) snap= 0.287 srm=  7.800 sat=  5.079(set=0.167 slv=4.910 max=4.9102 n=1) cex=R/T/F=0/0/1 trsplit=0 sim=14.810(rmp=0.442 run=14.367 n=1 d=0) incr=loc/full/maxdirty/keys=0/0/0/0 chk= 0.000(d=1) stat= 0.160 rest= 0.295
  [bmc-incr i=516 repr=1 active=1247/176399 POs=1]
BMC : c =    1245  cl =   4503  lit =  176398  p =     0  d =     0  f =     1  +  T =     0.03 sec
  [bmc-prof 516] wall=  29.387 p=     1 | ifo=  0.718(sd=0.176 nx=0.000 tfo=0.051 cnt=0.492) snap= 0.299 srm=  7.659 sat=  5.218(set=0.174 slv=5.042 max=5.0418 n=1) cex=R/T/F=0/0/1 trsplit=0 sim=14.832(rmp=0.471 run=14.360 n=1 d=0) incr=loc/full/maxdirty/keys=0/0/0/0 chk= 0.000(d=1) stat= 0.327 rest= 0.334
  [bmc-incr i=517 repr=1 active=1246/176398 POs=1]
BMC : c =    1244  cl =   4503  lit =  176397  p =     0  d =     0  f =     1  +  T =     0.03 sec
  [bmc-prof 517] wall=  28.575 p=     1 | ifo=  0.795(sd=0.242 nx=0.000 tfo=0.069 cnt=0.484) snap= 0.280 srm=  7.695 sat=  5.123(set=0.167 slv=4.954 max=4.9536 n=1) cex=R/T/F=0/0/1 trsplit=0 sim=14.217(rmp=0.417 run=13.799 n=1 d=0) incr=loc/full/maxdirty/keys=0/0/0/0 chk= 0.000(d=1) stat= 0.171 rest= 0.294
  [bmc-incr i=518 repr=1 active=1245/176397 POs=1]
BMC : c =    1243  cl =   4503  lit =  176396  p =     0  d =     0  f =     1  +  T =     0.03 sec
  [bmc-prof 518] wall=  28.222 p=     1 | ifo=  0.721(sd=0.176 nx=0.000 tfo=0.056 cnt=0.489) snap= 0.284 srm=  7.676 sat=  5.107(set=0.164 slv=4.941 max=4.9405 n=1) cex=R/T/F=0/0/1 trsplit=0 sim=13.982(rmp=0.413 run=13.568 n=1 d=0) incr=loc/full/maxdirty/keys=0/0/0/0 chk= 0.000(d=1) stat= 0.157 rest= 0.295
  [bmc-incr i=519 repr=1 active=1244/176396 POs=1]
BMC : c =    1242  cl =   4503  lit =  176395  p =     0  d =     0  f =     1  +  T =     0.03 sec
  [bmc-prof 519] wall=  28.373 p=     1 | ifo=  0.738(sd=0.179 nx=0.000 tfo=0.069 cnt=0.490) snap= 0.281 srm=  7.813 sat=  5.104(set=0.170 slv=4.932 max=4.9318 n=1) cex=R/T/F=0/0/1 trsplit=0 sim=13.985(rmp=0.415 run=13.568 n=1 d=0) incr=loc/full/maxdirty/keys=0/0/0/0 chk= 0.000(d=1) stat= 0.160 rest= 0.292
  [bmc-incr i=520 repr=1 active=1243/176395 POs=1]
BMC : c =    1241  cl =   4503  lit =  176394  p =     0  d =     0  f =     1  +  T =     0.03 sec
  [bmc-prof 520] wall=  28.666 p=     1 | ifo=  0.786(sd=0.211 nx=0.000 tfo=0.087 cnt=0.487) snap= 0.282 srm=  7.893 sat=  5.113(set=0.178 slv=4.933 max=4.9332 n=1) cex=R/T/F=0/0/1 trsplit=0 sim=14.101(rmp=0.430 run=13.670 n=1 d=0) incr=loc/full/maxdirty/keys=0/0/0/0 chk= 0.000(d=1) stat= 0.203 rest= 0.288
  [bmc-incr i=521 repr=1 active=1242/176394 POs=1]
BMC : c =    1240  cl =   4503  lit =  176393  p =     0  d =     0  f =     1  +  T =     0.03 sec
  [bmc-prof 521] wall=  31.465 p=     1 | ifo=  0.723(sd=0.179 nx=0.000 tfo=0.055 cnt=0.489) snap= 0.281 srm=  7.757 sat=  5.120(set=0.166 slv=4.952 max=4.9518 n=1) cex=R/T/F=0/0/1 trsplit=0 sim=17.109(rmp=0.420 run=16.688 n=1 d=0) incr=loc/full/maxdirty/keys=0/0/0/0 chk= 0.000(d=1) stat= 0.165 rest= 0.309
  [bmc-incr i=522 repr=1 active=1241/176393 POs=1]
BMC : c =    1239  cl =   4503  lit =  176392  p =     0  d =     0  f =     1  +  T =     0.03 sec
  [bmc-prof 522] wall=  29.197 p=     1 | ifo=  0.727(sd=0.180 nx=0.000 tfo=0.053 cnt=0.493) snap= 0.305 srm=  8.156 sat=  5.622(set=0.174 slv=5.445 max=5.4451 n=1) cex=R/T/F=0/0/1 trsplit=0 sim=13.938(rmp=0.426 run=13.512 n=1 d=0) incr=loc/full/maxdirty/keys=0/0/0/0 chk= 0.000(d=1) stat= 0.158 rest= 0.291
  [bmc-incr i=523 repr=1 active=1240/176392 POs=1]
BMC : c =    1238  cl =   4503  lit =  176391  p =     0  d =     0  f =     1  +  T =     0.03 sec
  [bmc-prof 523] wall=  28.211 p=     1 | ifo=  0.723(sd=0.177 nx=0.000 tfo=0.056 cnt=0.490) snap= 0.282 srm=  7.707 sat=  5.095(set=0.167 slv=4.927 max=4.9268 n=1) cex=R/T/F=0/0/1 trsplit=0 sim=13.936(rmp=0.423 run=13.512 n=1 d=0) incr=loc/full/maxdirty/keys=0/0/0/0 chk= 0.000(d=1) stat= 0.176 rest= 0.292
  [bmc-incr i=524 repr=1 active=1239/176391 POs=1]
BMC : c =    1237  cl =   4503  lit =  176390  p =     0  d =     0  f =     1  +  T =     0.03 sec
  [bmc-prof 524] wall=  33.566 p=     1 | ifo=  0.773(sd=0.203 nx=0.000 tfo=0.086 cnt=0.484) snap= 0.282 srm=  7.694 sat=  5.152(set=0.198 slv=4.952 max=4.9516 n=1) cex=R/T/F=0/0/1 trsplit=0 sim=19.188(rmp=0.457 run=18.730 n=1 d=0) incr=loc/full/maxdirty/keys=0/0/0/0 chk= 0.000(d=1) stat= 0.169 rest= 0.309
  [bmc-incr i=525 repr=1 active=1238/176390 POs=1]
BMC : c =    1236  cl =   4503  lit =  176389  p =     0  d =     0  f =     1  +  T =     0.03 sec
  [bmc-prof 525] wall=  28.780 p=     1 | ifo=  0.723(sd=0.181 nx=0.000 tfo=0.057 cnt=0.485) snap= 0.288 srm=  7.939 sat=  5.154(set=0.186 slv=4.966 max=4.9656 n=1) cex=R/T/F=0/0/1 trsplit=0 sim=14.215(rmp=0.433 run=13.782 n=1 d=0) incr=loc/full/maxdirty/keys=0/0/0/0 chk= 0.000(d=1) stat= 0.165 rest= 0.296
  [bmc-incr i=526 repr=1 active=1237/176389 POs=1]
BMC : c =    1235  cl =   4503  lit =  176388  p =     0  d =     0  f =     1  +  T =     0.03 sec
  [bmc-prof 526] wall=  28.870 p=     1 | ifo=  0.731(sd=0.189 nx=0.000 tfo=0.059 cnt=0.482) snap= 0.284 srm=  7.776 sat=  5.191(set=0.169 slv=5.019 max=5.0191 n=1) cex=R/T/F=0/0/1 trsplit=0 sim=14.398(rmp=0.456 run=13.941 n=1 d=0) incr=loc/full/maxdirty/keys=0/0/0/0 chk= 0.000(d=1) stat= 0.174 rest= 0.318
  [bmc-incr i=527 repr=1 active=1236/176388 POs=1]
BMC : c =    1234  cl =   4503  lit =  176387  p =     0  d =     0  f =     1  +  T =     0.03 sec
  [bmc-prof 527] wall=  28.804 p=     1 | ifo=  0.824(sd=0.223 nx=0.000 tfo=0.102 cnt=0.499) snap= 0.287 srm=  7.831 sat=  5.227(set=0.166 slv=5.059 max=5.0594 n=1) cex=R/T/F=0/0/1 trsplit=0 sim=14.181(rmp=0.435 run=13.745 n=1 d=0) incr=loc/full/maxdirty/keys=0/0/0/0 chk= 0.000(d=1) stat= 0.158 rest= 0.296
  [bmc-incr i=528 repr=1 active=1235/176387 POs=1]
BMC : c =    1233  cl =   4503  lit =  176386  p =     0  d =     0  f =     1  +  T =     0.03 sec
  [bmc-prof 528] wall=  28.916 p=     1 | ifo=  0.732(sd=0.177 nx=0.000 tfo=0.054 cnt=0.501) snap= 0.283 srm=  7.764 sat=  5.324(set=0.183 slv=5.139 max=5.1390 n=1) cex=R/T/F=0/0/1 trsplit=0 sim=14.261(rmp=0.498 run=13.761 n=1 d=0) incr=loc/full/maxdirty/keys=0/0/0/0 chk= 0.000(d=1) stat= 0.197 rest= 0.355
  [bmc-incr i=529 repr=1 active=1234/176386 POs=1]
BMC : c =    1232  cl =   4503  lit =  176385  p =     0  d =     0  f =     1  +  T =     0.03 sec
  [bmc-prof 529] wall=  30.106 p=     1 | ifo=  0.823(sd=0.221 nx=0.000 tfo=0.068 cnt=0.534) snap= 0.329 srm=  8.928 sat=  5.319(set=0.232 slv=5.085 max=5.0848 n=1) cex=R/T/F=0/0/1 trsplit=0 sim=14.186(rmp=0.524 run=13.661 n=1 d=0) incr=loc/full/maxdirty/keys=0/0/0/0 chk= 0.000(d=1) stat= 0.206 rest= 0.315
  [bmc-incr i=530 repr=1 active=1233/176385 POs=1]
BMC : c =    1231  cl =   4503  lit =  176384  p =     0  d =     0  f =     1  +  T =     0.03 sec
  [bmc-prof 530] wall=  28.480 p=     1 | ifo=  0.725(sd=0.181 nx=0.000 tfo=0.056 cnt=0.489) snap= 0.295 srm=  7.680 sat=  5.174(set=0.164 slv=5.007 max=5.0070 n=1) cex=R/T/F=0/0/1 trsplit=0 sim=14.152(rmp=0.449 run=13.702 n=1 d=0) incr=loc/full/maxdirty/keys=0/0/0/0 chk= 0.000(d=1) stat= 0.157 rest= 0.297
  [bmc-incr i=531 repr=1 active=1232/176384 POs=1]
BMC : c =    1230  cl =   4503  lit =  176383  p =     0  d =     0  f =     1  +  T =     0.03 sec
  [bmc-prof 531] wall=  31.290 p=     1 | ifo=  0.799(sd=0.214 nx=0.000 tfo=0.098 cnt=0.488) snap= 0.280 srm=  7.632 sat=  5.336(set=0.171 slv=5.161 max=5.1608 n=1) cex=R/T/F=0/0/1 trsplit=0 sim=16.737(rmp=0.557 run=16.179 n=1 d=0) incr=loc/full/maxdirty/keys=0/0/0/0 chk= 0.000(d=1) stat= 0.164 rest= 0.343
  [bmc-incr i=532 repr=1 active=1231/176383 POs=1]
BMC : c =    1229  cl =   4503  lit =  176382  p =     0  d =     0  f =     1  +  T =     0.03 sec
  [bmc-prof 532] wall=  30.122 p=     1 | ifo=  0.803(sd=0.204 nx=0.000 tfo=0.056 cnt=0.543) snap= 0.282 srm=  8.296 sat=  5.693(set=0.246 slv=5.444 max=5.4445 n=1) cex=R/T/F=0/0/1 trsplit=0 sim=14.564(rmp=0.576 run=13.987 n=1 d=0) incr=loc/full/maxdirty/keys=0/0/0/0 chk= 0.000(d=1) stat= 0.157 rest= 0.327
  [bmc-incr i=533 repr=1 active=1230/176382 POs=1]
BMC : c =    1228  cl =   4503  lit =  176381  p =     0  d =     0  f =     1  +  T =     0.03 sec
  [bmc-prof 533] wall=  28.261 p=     1 | ifo=  0.720(sd=0.175 nx=0.000 tfo=0.054 cnt=0.492) snap= 0.334 srm=  7.550 sat=  5.170(set=0.164 slv=5.004 max=5.0037 n=1) cex=R/T/F=0/0/1 trsplit=0 sim=14.032(rmp=0.419 run=13.613 n=1 d=0) incr=loc/full/maxdirty/keys=0/0/0/0 chk= 0.000(d=1) stat= 0.163 rest= 0.292
  [bmc-incr i=534 repr=1 active=1229/176381 POs=1]
BMC : c =    1227  cl =   4503  lit =  176380  p =     0  d =     0  f =     1  +  T =     0.03 sec
  [bmc-prof 534] wall=  28.306 p=     1 | ifo=  0.718(sd=0.184 nx=0.000 tfo=0.053 cnt=0.481) snap= 0.290 srm=  7.576 sat=  5.226(set=0.173 slv=5.051 max=5.0507 n=1) cex=R/T/F=0/0/1 trsplit=0 sim=14.043(rmp=0.420 run=13.622 n=1 d=0) incr=loc/full/maxdirty/keys=0/0/0/0 chk= 0.000(d=1) stat= 0.161 rest= 0.292
  [bmc-incr i=535 repr=1 active=1228/176380 POs=1]
BMC : c =    1226  cl =   4503  lit =  176379  p =     0  d =     0  f =     1  +  T =     0.03 sec
  [bmc-prof 535] wall=  29.853 p=     1 | ifo=  0.754(sd=0.224 nx=0.000 tfo=0.049 cnt=0.481) snap= 0.292 srm=  7.730 sat=  5.276(set=0.173 slv=5.102 max=5.1017 n=1) cex=R/T/F=0/0/1 trsplit=0 sim=14.859(rmp=0.422 run=14.436 n=1 d=0) incr=loc/full/maxdirty/keys=0/0/0/0 chk= 0.001(d=1) stat= 0.198 rest= 0.744
  [bmc-incr i=536 repr=1 active=1227/176379 POs=1]
BMC : c =    1225  cl =   4503  lit =  176378  p =     0  d =     0  f =     1  +  T =     0.03 sec
  [bmc-prof 536] wall=  31.259 p=     1 | ifo=  1.488(sd=0.216 nx=0.000 tfo=0.062 cnt=1.211) snap= 0.281 srm=  7.613 sat=  5.199(set=0.167 slv=5.030 max=5.0299 n=1) cex=R/T/F=0/0/1 trsplit=0 sim=16.188(rmp=0.452 run=15.734 n=1 d=0) incr=loc/full/maxdirty/keys=0/0/0/0 chk= 0.000(d=1) stat= 0.175 rest= 0.315
  [bmc-incr i=537 repr=1 active=1226/176378 POs=1]
BMC : c =    1224  cl =   4503  lit =  176377  p =     0  d =     0  f =     1  +  T =     0.03 sec
  [bmc-prof 537] wall=  30.397 p=     1 | ifo=  0.807(sd=0.214 nx=0.000 tfo=0.059 cnt=0.534) snap= 0.318 srm=  8.352 sat=  5.749(set=0.235 slv=5.511 max=5.5110 n=1) cex=R/T/F=0/0/1 trsplit=0 sim=14.651(rmp=0.583 run=14.067 n=1 d=0) incr=loc/full/maxdirty/keys=0/0/0/0 chk= 0.000(d=1) stat= 0.161 rest= 0.359
  [bmc-incr i=538 repr=1 active=1225/176377 POs=1]
BMC : c =    1223  cl =   4503  lit =  176376  p =     0  d =     0  f =     1  +  T =     0.03 sec
  [bmc-prof 538] wall=  30.774 p=     1 | ifo=  0.826(sd=0.233 nx=0.000 tfo=0.058 cnt=0.535) snap= 0.284 srm=  7.851 sat=  5.881(set=0.184 slv=5.695 max=5.6945 n=1) cex=R/T/F=0/0/1 trsplit=0 sim=15.404(rmp=0.443 run=14.960 n=1 d=0) incr=loc/full/maxdirty/keys=0/0/0/0 chk= 0.000(d=1) stat= 0.166 rest= 0.361
  [bmc-incr i=539 repr=1 active=1224/176376 POs=1]
BMC : c =    1222  cl =   4503  lit =  176375  p =     0  d =     0  f =     1  +  T =     0.03 sec
  [bmc-prof 539] wall=  32.027 p=     1 | ifo=  0.926(sd=0.249 nx=0.000 tfo=0.062 cnt=0.615) snap= 0.283 srm= 10.781 sat=  5.347(set=0.176 slv=5.169 max=5.1690 n=1) cex=R/T/F=0/0/1 trsplit=0 sim=14.234(rmp=0.461 run=13.772 n=1 d=0) incr=loc/full/maxdirty/keys=0/0/0/0 chk= 0.000(d=1) stat= 0.157 rest= 0.299
  [bmc-incr i=540 repr=1 active=1223/176375 POs=1]
BMC : c =    1221  cl =   4503  lit =  176374  p =     0  d =     0  f =     1  +  T =     0.03 sec
  [bmc-prof 540] wall=  28.427 p=     1 | ifo=  0.716(sd=0.177 nx=0.000 tfo=0.054 cnt=0.484) snap= 0.282 srm=  7.649 sat=  5.156(set=0.167 slv=4.988 max=4.9880 n=1) cex=R/T/F=0/0/1 trsplit=0 sim=14.132(rmp=0.418 run=13.713 n=1 d=0) incr=loc/full/maxdirty/keys=0/0/0/0 chk= 0.000(d=1) stat= 0.164 rest= 0.328
  [bmc-incr i=541 repr=1 active=1222/176374 POs=1]
BMC : c =    1220  cl =   4503  lit =  176373  p =     0  d =     0  f =     1  +  T =     0.03 sec
  [bmc-prof 541] wall=  29.007 p=     1 | ifo=  0.856(sd=0.220 nx=0.000 tfo=0.139 cnt=0.498) snap= 0.296 srm=  7.936 sat=  5.170(set=0.180 slv=4.988 max=4.9882 n=1) cex=R/T/F=0/0/1 trsplit=0 sim=14.277(rmp=0.438 run=13.838 n=1 d=0) incr=loc/full/maxdirty/keys=0/0/0/0 chk= 0.000(d=1) stat= 0.161 rest= 0.311
  [bmc-incr i=542 repr=1 active=1221/176373 POs=1]
BMC : c =    1219  cl =   4503  lit =  176372  p =     0  d =     0  f =     1  +  T =     0.03 sec
  [bmc-prof 542] wall=  28.846 p=     1 | ifo=  0.745(sd=0.183 nx=0.000 tfo=0.061 cnt=0.501) snap= 0.302 srm=  7.685 sat=  5.230(set=0.176 slv=5.052 max=5.0524 n=1) cex=R/T/F=0/0/1 trsplit=0 sim=14.208(rmp=0.427 run=13.779 n=1 d=0) incr=loc/full/maxdirty/keys=0/0/0/0 chk= 0.001(d=1) stat= 0.237 rest= 0.438
  [bmc-incr i=543 repr=1 active=1220/176372 POs=1]
BMC : c =    1218  cl =   4503  lit =  176371  p =     0  d =     0  f =     1  +  T =     0.03 sec
  [bmc-prof 543] wall=  30.677 p=     1 | ifo=  1.095(sd=0.343 nx=0.000 tfo=0.117 cnt=0.635) snap= 0.373 srm=  8.661 sat=  5.335(set=0.278 slv=5.055 max=5.0553 n=1) cex=R/T/F=0/0/1 trsplit=0 sim=14.721(rmp=0.529 run=14.191 n=1 d=0) incr=loc/full/maxdirty/keys=0/0/0/0 chk= 0.000(d=1) stat= 0.163 rest= 0.328
  [bmc-incr i=544 repr=1 active=1219/176371 POs=1]
BMC : c =    1217  cl =   4503  lit =  176370  p =     0  d =     0  f =     1  +  T =     0.03 sec
  [bmc-prof 544] wall=  30.444 p=     1 | ifo=  0.774(sd=0.201 nx=0.000 tfo=0.059 cnt=0.514) snap= 0.284 srm=  8.807 sat=  5.200(set=0.178 slv=5.021 max=5.0208 n=1) cex=R/T/F=0/0/1 trsplit=0 sim=14.818(rmp=0.428 run=14.389 n=1 d=0) incr=loc/full/maxdirty/keys=0/0/0/0 chk= 0.000(d=1) stat= 0.190 rest= 0.370
  [bmc-incr i=545 repr=1 active=1218/176370 POs=1]
BMC : c =    1216  cl =   4503  lit =  176369  p =     0  d =     0  f =     1  +  T =     0.03 sec
  [bmc-prof 545] wall=  28.949 p=     1 | ifo=  0.853(sd=0.239 nx=0.000 tfo=0.074 cnt=0.540) snap= 0.321 srm=  8.281 sat=  5.293(set=0.265 slv=5.026 max=5.0260 n=1) cex=R/T/F=0/0/1 trsplit=0 sim=13.700(rmp=0.485 run=13.214 n=1 d=0) incr=loc/full/maxdirty/keys=0/0/0/0 chk= 0.000(d=1) stat= 0.174 rest= 0.327
  [bmc-incr i=546 repr=1 active=1217/176369 POs=1]
BMC : c =    1215  cl =   4503  lit =  176368  p =     0  d =     0  f =     1  +  T =     0.03 sec
  [bmc-prof 546] wall=  29.978 p=     1 | ifo=  0.834(sd=0.240 nx=0.000 tfo=0.060 cnt=0.535) snap= 0.321 srm=  8.079 sat=  5.581(set=0.189 slv=5.389 max=5.3892 n=1) cex=R/T/F=0/0/1 trsplit=0 sim=14.680(rmp=0.462 run=14.217 n=1 d=0) incr=loc/full/maxdirty/keys=0/0/0/0 chk= 0.000(d=1) stat= 0.162 rest= 0.320
  [bmc-incr i=547 repr=1 active=1216/176368 POs=1]
BMC : c =    1214  cl =   4503  lit =  176367  p =     0  d =     0  f =     1  +  T =     0.03 sec
  [bmc-prof 547] wall=  28.935 p=     1 | ifo=  0.743(sd=0.195 nx=0.000 tfo=0.060 cnt=0.488) snap= 0.289 srm=  7.934 sat=  5.261(set=0.176 slv=5.083 max=5.0833 n=1) cex=R/T/F=0/0/1 trsplit=0 sim=14.199(rmp=0.423 run=13.776 n=1 d=0) incr=loc/full/maxdirty/keys=0/0/0/0 chk= 0.000(d=1) stat= 0.165 rest= 0.344
  [bmc-incr i=548 repr=1 active=1215/176367 POs=1]
BMC : c =    1213  cl =   4503  lit =  176366  p =     0  d =     0  f =     1  +  T =     0.03 sec
  [bmc-prof 548] wall=  28.783 p=     1 | ifo=  0.756(sd=0.189 nx=0.000 tfo=0.057 cnt=0.510) snap= 0.279 srm=  7.779 sat=  5.383(set=0.166 slv=5.215 max=5.2145 n=1) cex=R/T/F=0/0/1 trsplit=0 sim=14.089(rmp=0.433 run=13.655 n=1 d=0) incr=loc/full/maxdirty/keys=0/0/0/0 chk= 0.000(d=1) stat= 0.180 rest= 0.316
  [bmc-incr i=549 repr=1 active=1214/176366 POs=1]
BMC : c =    1212  cl =   4503  lit =  176365  p =     0  d =     0  f =     1  +  T =     0.03 sec
  [bmc-prof 549] wall=  33.552 p=     1 | ifo=  1.063(sd=0.215 nx=0.000 tfo=0.061 cnt=0.788) snap= 0.280 srm=  8.507 sat=  5.524(set=0.166 slv=5.354 max=5.3543 n=1) cex=R/T/F=0/0/1 trsplit=0 sim=17.580(rmp=0.991 run=16.587 n=1 d=0) incr=loc/full/maxdirty/keys=0/0/0/0 chk= 0.000(d=1) stat= 0.156 rest= 0.443
  [bmc-incr i=550 repr=1 active=1213/176365 POs=1]
BMC : c =    1211  cl =   4503  lit =  176364  p =     0  d =     0  f =     1  +  T =     0.03 sec
  [bmc-prof 550] wall=  28.470 p=     1 | ifo=  0.709(sd=0.177 nx=0.000 tfo=0.051 cnt=0.481) snap= 0.350 srm=  7.640 sat=  5.165(set=0.179 slv=4.984 max=4.9839 n=1) cex=R/T/F=0/0/1 trsplit=0 sim=14.155(rmp=0.419 run=13.736 n=1 d=0) incr=loc/full/maxdirty/keys=0/0/0/0 chk= 0.000(d=1) stat= 0.155 rest= 0.297
  [bmc-incr i=551 repr=1 active=1212/176364 POs=1]
BMC : c =    1210  cl =   4503  lit =  176363  p =     0  d =     0  f =     1  +  T =     0.03 sec
  [bmc-prof 551] wall=  28.360 p=     1 | ifo=  0.707(sd=0.175 nx=0.000 tfo=0.050 cnt=0.482) snap= 0.282 srm=  7.579 sat=  5.217(set=0.166 slv=5.049 max=5.0489 n=1) cex=R/T/F=0/0/1 trsplit=0 sim=14.132(rmp=0.419 run=13.712 n=1 d=0) incr=loc/full/maxdirty/keys=0/0/0/0 chk= 0.000(d=1) stat= 0.154 rest= 0.289
  [bmc-incr i=552 repr=1 active=1211/176363 POs=1]
BMC : c =    1209  cl =   4503  lit =  176362  p =     0  d =     0  f =     1  +  T =     0.03 sec
  [bmc-prof 552] wall=  28.508 p=     1 | ifo=  0.719(sd=0.189 nx=0.000 tfo=0.049 cnt=0.482) snap= 0.281 srm=  7.696 sat=  5.432(set=0.168 slv=5.262 max=5.2623 n=1) cex=R/T/F=0/0/1 trsplit=0 sim=13.934(rmp=0.426 run=13.507 n=1 d=0) incr=loc/full/maxdirty/keys=0/0/0/0 chk= 0.000(d=1) stat= 0.156 rest= 0.290
  [bmc-incr i=553 repr=1 active=1210/176362 POs=1]
BMC : c =    1208  cl =   4503  lit =  176361  p =     0  d =     0  f =     1  +  T =     0.03 sec
  [bmc-prof 553] wall=  28.258 p=     1 | ifo=  0.707(sd=0.173 nx=0.000 tfo=0.052 cnt=0.482) snap= 0.290 srm=  7.693 sat=  5.170(set=0.165 slv=5.003 max=5.0034 n=1) cex=R/T/F=0/0/1 trsplit=0 sim=13.896(rmp=0.416 run=13.479 n=1 d=0) incr=loc/full/maxdirty/keys=0/0/0/0 chk= 0.000(d=1) stat= 0.162 rest= 0.340
  [bmc-incr i=554 repr=1 active=1209/176361 POs=1]
BMC : c =    1207  cl =   4503  lit =  176360  p =     0  d =     0  f =     1  +  T =     0.03 sec
  [bmc-prof 554] wall=  29.714 p=     1 | ifo=  0.717(sd=0.178 nx=0.000 tfo=0.050 cnt=0.489) snap= 0.282 srm=  7.647 sat=  5.171(set=0.169 slv=5.000 max=4.9997 n=1) cex=R/T/F=0/0/1 trsplit=0 sim=15.441(rmp=0.422 run=15.018 n=1 d=0) incr=loc/full/maxdirty/keys=0/0/0/0 chk= 0.000(d=1) stat= 0.156 rest= 0.299
  [bmc-incr i=555 repr=1 active=1208/176360 POs=1]
BMC : c =    1206  cl =   4503  lit =  176359  p =     0  d =     0  f =     1  +  T =     0.03 sec
  [bmc-prof 555] wall=  30.642 p=     1 | ifo=  0.738(sd=0.178 nx=0.000 tfo=0.059 cnt=0.501) snap= 0.326 srm=  9.008 sat=  5.309(set=0.194 slv=5.113 max=5.1134 n=1) cex=R/T/F=0/0/1 trsplit=0 sim=14.776(rmp=0.541 run=14.233 n=1 d=0) incr=loc/full/maxdirty/keys=0/0/0/0 chk= 0.000(d=1) stat= 0.157 rest= 0.328
  [bmc-incr i=556 repr=1 active=1207/176359 POs=1]
BMC : c =    1205  cl =   4503  lit =  176358  p =     0  d =     0  f =     1  +  T =     0.03 sec
  [bmc-prof 556] wall=  29.069 p=     1 | ifo=  0.732(sd=0.180 nx=0.000 tfo=0.059 cnt=0.492) snap= 0.287 srm=  7.798 sat=  5.491(set=0.184 slv=5.304 max=5.3045 n=1) cex=R/T/F=0/0/1 trsplit=0 sim=14.306(rmp=0.454 run=13.851 n=1 d=0) incr=loc/full/maxdirty/keys=0/0/0/0 chk= 0.000(d=1) stat= 0.157 rest= 0.299
  [bmc-incr i=557 repr=1 active=1206/176358 POs=1]
BMC : c =    1204  cl =   4503  lit =  176357  p =     0  d =     0  f =     1  +  T =     0.03 sec
  [bmc-prof 557] wall=  28.520 p=     1 | ifo=  0.723(sd=0.177 nx=0.000 tfo=0.057 cnt=0.489) snap= 0.282 srm=  7.555 sat=  5.192(set=0.175 slv=5.015 max=5.0151 n=1) cex=R/T/F=0/0/1 trsplit=0 sim=14.293(rmp=0.420 run=13.872 n=1 d=0) incr=loc/full/maxdirty/keys=0/0/0/0 chk= 0.000(d=1) stat= 0.179 rest= 0.295
  [bmc-incr i=558 repr=1 active=1205/176357 POs=1]
BMC : c =    1203  cl =   4503  lit =  176356  p =     0  d =     0  f =     1  +  T =     0.03 sec
  [bmc-prof 558] wall=  29.231 p=     1 | ifo=  0.776(sd=0.201 nx=0.000 tfo=0.083 cnt=0.492) snap= 0.289 srm=  7.659 sat=  5.289(set=0.165 slv=5.122 max=5.1220 n=1) cex=R/T/F=0/0/1 trsplit=0 sim=14.723(rmp=0.458 run=14.264 n=1 d=0) incr=loc/full/maxdirty/keys=0/0/0/0 chk= 0.000(d=1) stat= 0.164 rest= 0.331
  [bmc-incr i=559 repr=1 active=1204/176356 POs=1]
BMC : c =    1202  cl =   4503  lit =  176355  p =     0  d =     0  f =     1  +  T =     0.03 sec
  [bmc-prof 559] wall=  28.556 p=     1 | ifo=  0.728(sd=0.189 nx=0.000 tfo=0.054 cnt=0.485) snap= 0.281 srm=  7.814 sat=  5.196(set=0.176 slv=5.019 max=5.0186 n=1) cex=R/T/F=0/0/1 trsplit=0 sim=14.074(rmp=0.412 run=13.662 n=1 d=0) incr=loc/full/maxdirty/keys=0/0/0/0 chk= 0.000(d=1) stat= 0.166 rest= 0.297
  [bmc-incr i=560 repr=1 active=1203/176355 POs=1]
BMC : c =    1201  cl =   4503  lit =  176354  p =     0  d =     0  f =     1  +  T =     0.03 sec
  [bmc-prof 560] wall=  29.089 p=     1 | ifo=  0.778(sd=0.200 nx=0.000 tfo=0.093 cnt=0.485) snap= 0.296 srm=  7.823 sat=  5.223(set=0.171 slv=5.050 max=5.0499 n=1) cex=R/T/F=0/0/1 trsplit=0 sim=14.426(rmp=0.433 run=13.992 n=1 d=0) incr=loc/full/maxdirty/keys=0/0/0/0 chk= 0.000(d=1) stat= 0.186 rest= 0.357
  [bmc-incr i=561 repr=1 active=1202/176354 POs=1]
BMC : c =    1200  cl =   4503  lit =  176353  p =     0  d =     0  f =     1  +  T =     0.03 sec
  [bmc-prof 561] wall=  33.498 p=     1 | ifo=  0.842(sd=0.239 nx=0.000 tfo=0.061 cnt=0.542) snap= 0.286 srm= 11.624 sat=  5.570(set=0.189 slv=5.378 max=5.3777 n=1) cex=R/T/F=0/0/1 trsplit=0 sim=14.712(rmp=0.442 run=14.269 n=1 d=0) incr=loc/full/maxdirty/keys=0/0/0/0 chk= 0.000(d=1) stat= 0.163 rest= 0.302
  [bmc-incr i=562 repr=1 active=1201/176353 POs=1]
BMC : c =    1199  cl =   4503  lit =  176352  p =     0  d =     0  f =     1  +  T =     0.03 sec
  [bmc-prof 562] wall=  29.125 p=     1 | ifo=  0.759(sd=0.185 nx=0.000 tfo=0.065 cnt=0.508) snap= 0.287 srm=  7.729 sat=  5.371(set=0.175 slv=5.195 max=5.1947 n=1) cex=R/T/F=0/0/1 trsplit=0 sim=14.530(rmp=0.428 run=14.101 n=1 d=0) incr=loc/full/maxdirty/keys=0/0/0/0 chk= 0.000(d=1) stat= 0.158 rest= 0.290
  [bmc-incr i=563 repr=1 active=1200/176352 POs=1]
BMC : c =    1198  cl =   4503  lit =  176351  p =     0  d =     0  f =     1  +  T =     0.03 sec
  [bmc-prof 563] wall=  29.346 p=     1 | ifo=  0.708(sd=0.176 nx=0.000 tfo=0.050 cnt=0.482) snap= 0.281 srm=  7.658 sat=  5.204(set=0.165 slv=5.036 max=5.0364 n=1) cex=R/T/F=0/0/1 trsplit=0 sim=15.026(rmp=0.458 run=14.567 n=1 d=0) incr=loc/full/maxdirty/keys=0/0/0/0 chk= 0.000(d=1) stat= 0.168 rest= 0.301
  [bmc-incr i=564 repr=1 active=1199/176351 POs=1]
BMC : c =    1197  cl =   4503  lit =  176350  p =     0  d =     0  f =     1  +  T =     0.03 sec
  [bmc-prof 564] wall=  28.639 p=     1 | ifo=  0.733(sd=0.181 nx=0.000 tfo=0.058 cnt=0.494) snap= 0.285 srm=  7.660 sat=  5.226(set=0.169 slv=5.055 max=5.0548 n=1) cex=R/T/F=0/0/1 trsplit=0 sim=14.228(rmp=0.440 run=13.787 n=1 d=0) incr=loc/full/maxdirty/keys=0/0/0/0 chk= 0.000(d=1) stat= 0.185 rest= 0.322
  [bmc-incr i=565 repr=1 active=1198/176350 POs=1]
BMC : c =    1196  cl =   4503  lit =  176349  p =     0  d =     0  f =     1  +  T =     0.03 sec
  [bmc-prof 565] wall=  29.618 p=     1 | ifo=  0.863(sd=0.258 nx=0.000 tfo=0.058 cnt=0.547) snap= 0.313 srm=  8.527 sat=  5.251(set=0.177 slv=5.072 max=5.0722 n=1) cex=R/T/F=0/0/1 trsplit=0 sim=14.185(rmp=0.440 run=13.745 n=1 d=0) incr=loc/full/maxdirty/keys=0/0/0/0 chk= 0.000(d=1) stat= 0.182 rest= 0.296
  [bmc-incr i=566 repr=1 active=1197/176349 POs=1]
BMC : c =    1195  cl =   4503  lit =  176348  p =     0  d =     0  f =     1  +  T =     0.03 sec
  [bmc-prof 566] wall=  28.551 p=     1 | ifo=  0.728(sd=0.177 nx=0.000 tfo=0.057 cnt=0.494) snap= 0.282 srm=  7.628 sat=  5.280(set=0.166 slv=5.112 max=5.1118 n=1) cex=R/T/F=0/0/1 trsplit=0 sim=14.184(rmp=0.417 run=13.766 n=1 d=0) incr=loc/full/maxdirty/keys=0/0/0/0 chk= 0.000(d=1) stat= 0.155 rest= 0.293
  [bmc-incr i=567 repr=1 active=1196/176348 POs=1]
BMC : c =    1194  cl =   4503  lit =  176347  p =     0  d =     0  f =     1  +  T =     0.03 sec
  [bmc-prof 567] wall=  28.391 p=     1 | ifo=  0.729(sd=0.175 nx=0.000 tfo=0.052 cnt=0.503) snap= 0.288 srm=  7.704 sat=  5.203(set=0.166 slv=5.035 max=5.0347 n=1) cex=R/T/F=0/0/1 trsplit=0 sim=14.024(rmp=0.413 run=13.610 n=1 d=0) incr=loc/full/maxdirty/keys=0/0/0/0 chk= 0.000(d=1) stat= 0.153 rest= 0.290
  [bmc-incr i=568 repr=1 active=1195/176347 POs=1]
BMC : c =    1193  cl =   4503  lit =  176346  p =     0  d =     0  f =     1  +  T =     0.03 sec
  [bmc-prof 568] wall=  28.499 p=     1 | ifo=  0.870(sd=0.325 nx=0.000 tfo=0.052 cnt=0.492) snap= 0.282 srm=  7.597 sat=  5.201(set=0.166 slv=5.033 max=5.0331 n=1) cex=R/T/F=0/0/1 trsplit=0 sim=14.058(rmp=0.437 run=13.620 n=1 d=0) incr=loc/full/maxdirty/keys=0/0/0/0 chk= 0.000(d=1) stat= 0.166 rest= 0.325
  [bmc-incr i=569 repr=1 active=1194/176346 POs=1]
BMC : c =    1192  cl =   4503  lit =  176345  p =     0  d =     0  f =     1  +  T =     0.03 sec
  [bmc-prof 569] wall=  29.509 p=     1 | ifo=  0.776(sd=0.205 nx=0.000 tfo=0.083 cnt=0.487) snap= 0.287 srm=  8.291 sat=  5.501(set=0.166 slv=5.333 max=5.3328 n=1) cex=R/T/F=0/0/1 trsplit=0 sim=14.139(rmp=0.427 run=13.711 n=1 d=0) incr=loc/full/maxdirty/keys=0/0/0/0 chk= 0.000(d=1) stat= 0.222 rest= 0.293
  [bmc-incr i=570 repr=1 active=1193/176345 POs=1]
BMC : c =    1191  cl =   4503  lit =  176344  p =     0  d =     0  f =     1  +  T =     0.03 sec
  [bmc-prof 570] wall=  28.622 p=     1 | ifo=  0.733(sd=0.181 nx=0.000 tfo=0.055 cnt=0.497) snap= 0.290 srm=  7.782 sat=  5.206(set=0.170 slv=5.035 max=5.0347 n=1) cex=R/T/F=0/0/1 trsplit=0 sim=14.158(rmp=0.450 run=13.708 n=1 d=0) incr=loc/full/maxdirty/keys=0/0/0/0 chk= 0.000(d=1) stat= 0.160 rest= 0.292
  [bmc-incr i=571 repr=1 active=1192/176344 POs=1]
BMC : c =    1190  cl =   4503  lit =  176343  p =     0  d =     0  f =     1  +  T =     0.03 sec
  [bmc-prof 571] wall=  28.468 p=     1 | ifo=  0.711(sd=0.176 nx=0.000 tfo=0.053 cnt=0.482) snap= 0.288 srm=  7.786 sat=  5.253(set=0.172 slv=5.079 max=5.0795 n=1) cex=R/T/F=0/0/1 trsplit=0 sim=13.984(rmp=0.426 run=13.557 n=1 d=0) incr=loc/full/maxdirty/keys=0/0/0/0 chk= 0.000(d=1) stat= 0.156 rest= 0.290
  [bmc-incr i=572 repr=1 active=1191/176343 POs=1]
BMC : c =    1189  cl =   4503  lit =  176342  p =     0  d =     0  f =     1  +  T =     0.03 sec
  [bmc-prof 572] wall=  30.361 p=     1 | ifo=  0.718(sd=0.179 nx=0.000 tfo=0.052 cnt=0.487) snap= 0.349 srm=  8.785 sat=  5.284(set=0.202 slv=5.080 max=5.0797 n=1) cex=R/T/F=0/0/1 trsplit=0 sim=14.762(rmp=0.441 run=14.320 n=1 d=0) incr=loc/full/maxdirty/keys=0/0/0/0 chk= 0.000(d=1) stat= 0.168 rest= 0.296
  [bmc-incr i=573 repr=1 active=1190/176342 POs=1]
BMC : c =    1188  cl =   4503  lit =  176341  p =     0  d =     0  f =     1  +  T =     0.03 sec
  [bmc-prof 573] wall=  29.492 p=     1 | ifo=  0.737(sd=0.177 nx=0.000 tfo=0.055 cnt=0.505) snap= 0.291 srm=  7.905 sat=  5.350(set=0.173 slv=5.175 max=5.1750 n=1) cex=R/T/F=0/0/1 trsplit=0 sim=14.739(rmp=0.432 run=14.306 n=1 d=0) incr=loc/full/maxdirty/keys=0/0/0/0 chk= 0.000(d=1) stat= 0.163 rest= 0.307
  [bmc-incr i=574 repr=1 active=1189/176341 POs=1]
BMC : c =    1187  cl =   4503  lit =  176340  p =     0  d =     0  f =     1  +  T =     0.03 sec
  [bmc-prof 574] wall=  29.018 p=     1 | ifo=  0.745(sd=0.191 nx=0.000 tfo=0.056 cnt=0.498) snap= 0.293 srm=  7.855 sat=  5.251(set=0.178 slv=5.070 max=5.0702 n=1) cex=R/T/F=0/0/1 trsplit=0 sim=14.428(rmp=0.417 run=14.009 n=1 d=0) incr=loc/full/maxdirty/keys=0/0/0/0 chk= 0.000(d=1) stat= 0.157 rest= 0.290
  [bmc-incr i=575 repr=1 active=1188/176340 POs=1]
BMC : c =    1186  cl =   4503  lit =  176339  p =     0  d =     0  f =     1  +  T =     0.03 sec
  [bmc-prof 575] wall=  31.999 p=     1 | ifo=  0.738(sd=0.184 nx=0.000 tfo=0.058 cnt=0.496) snap= 0.300 srm=  7.807 sat=  5.302(set=0.170 slv=5.131 max=5.1306 n=1) cex=R/T/F=0/0/1 trsplit=0 sim=17.022(rmp=0.440 run=16.581 n=1 d=0) incr=loc/full/maxdirty/keys=0/0/0/0 chk= 0.001(d=1) stat= 0.162 rest= 0.667
  [bmc-incr i=576 repr=1 active=1187/176339 POs=1]
BMC : c =    1185  cl =   4503  lit =  176338  p =     0  d =     0  f =     1  +  T =     0.03 sec
  [bmc-prof 576] wall=  33.577 p=     1 | ifo=  1.018(sd=0.179 nx=0.000 tfo=0.055 cnt=0.784) snap= 0.410 srm=  9.388 sat=  6.219(set=0.248 slv=5.967 max=5.9672 n=1) cex=R/T/F=0/0/1 trsplit=0 sim=15.870(rmp=0.569 run=15.300 n=1 d=0) incr=loc/full/maxdirty/keys=0/0/0/0 chk= 0.000(d=1) stat= 0.244 rest= 0.428
  [bmc-incr i=577 repr=1 active=1186/176338 POs=1]
BMC : c =    1184  cl =   4503  lit =  176337  p =     0  d =     0  f =     1  +  T =     0.03 sec
  [bmc-prof 577] wall=  30.626 p=     1 | ifo=  1.072(sd=0.288 nx=0.000 tfo=0.071 cnt=0.713) snap= 0.297 srm=  8.352 sat=  5.363(set=0.187 slv=5.174 max=5.1737 n=1) cex=R/T/F=0/0/1 trsplit=0 sim=15.023(rmp=0.455 run=14.567 n=1 d=0) incr=loc/full/maxdirty/keys=0/0/0/0 chk= 0.000(d=1) stat= 0.180 rest= 0.338
  [bmc-incr i=578 repr=1 active=1185/176337 POs=1]
BMC : c =    1183  cl =   4503  lit =  176336  p =     0  d =     0  f =     1  +  T =     0.03 sec
  [bmc-prof 578] wall=  30.545 p=     1 | ifo=  0.829(sd=0.218 nx=0.000 tfo=0.062 cnt=0.549) snap= 0.302 srm=  8.601 sat=  5.398(set=0.204 slv=5.192 max=5.1915 n=1) cex=R/T/F=0/0/1 trsplit=0 sim=14.925(rmp=0.442 run=14.482 n=1 d=0) incr=loc/full/maxdirty/keys=0/0/0/0 chk= 0.000(d=1) stat= 0.174 rest= 0.316
  [bmc-incr i=579 repr=1 active=1184/176336 POs=1]
BMC : c =    1182  cl =   4503  lit =  176335  p =     0  d =     0  f =     1  +  T =     0.03 sec
  [bmc-prof 579] wall=  28.598 p=     1 | ifo=  0.826(sd=0.231 nx=0.000 tfo=0.063 cnt=0.532) snap= 0.324 srm=  8.217 sat=  5.289(set=0.197 slv=5.090 max=5.0900 n=1) cex=R/T/F=0/0/1 trsplit=0 sim=13.445(rmp=0.509 run=12.934 n=1 d=0) incr=loc/full/maxdirty/keys=0/0/0/0 chk= 0.000(d=1) stat= 0.172 rest= 0.326
  [bmc-incr i=580 repr=1 active=1183/176335 POs=1]
BMC : c =    1181  cl =   4503  lit =  176334  p =     0  d =     0  f =     1  +  T =     0.03 sec
  [bmc-prof 580] wall=  30.456 p=     1 | ifo=  0.793(sd=0.216 nx=0.000 tfo=0.060 cnt=0.517) snap= 0.312 srm=  9.544 sat=  5.294(set=0.174 slv=5.119 max=5.1185 n=1) cex=R/T/F=0/0/1 trsplit=0 sim=14.030(rmp=0.424 run=13.605 n=1 d=0) incr=loc/full/maxdirty/keys=0/0/0/0 chk= 0.000(d=1) stat= 0.174 rest= 0.308
  [bmc-incr i=581 repr=1 active=1182/176334 POs=1]
BMC : c =    1180  cl =   4503  lit =  176333  p =     0  d =     0  f =     1  +  T =     0.03 sec
  [bmc-prof 581] wall=  28.494 p=     1 | ifo=  0.713(sd=0.178 nx=0.000 tfo=0.053 cnt=0.482) snap= 0.296 srm=  7.691 sat=  5.276(set=0.187 slv=5.086 max=5.0859 n=1) cex=R/T/F=0/0/1 trsplit=0 sim=14.074(rmp=0.428 run=13.645 n=1 d=0) incr=loc/full/maxdirty/keys=0/0/0/0 chk= 0.000(d=1) stat= 0.156 rest= 0.289
  [bmc-incr i=582 repr=1 active=1181/176333 POs=1]
BMC : c =    1179  cl =   4503  lit =  176332  p =     0  d =     0  f =     1  +  T =     0.03 sec
  [bmc-prof 582] wall=  28.546 p=     1 | ifo=  0.781(sd=0.203 nx=0.000 tfo=0.091 cnt=0.487) snap= 0.281 srm=  7.644 sat=  5.234(set=0.167 slv=5.065 max=5.0653 n=1) cex=R/T/F=0/0/1 trsplit=0 sim=14.152(rmp=0.428 run=13.724 n=1 d=0) incr=loc/full/maxdirty/keys=0/0/0/0 chk= 0.000(d=1) stat= 0.155 rest= 0.298
  [bmc-incr i=583 repr=1 active=1180/176332 POs=1]
BMC : c =    1178  cl =   4503  lit =  176331  p =     0  d =     0  f =     1  +  T =     0.03 sec
  [bmc-prof 583] wall=  30.763 p=     1 | ifo=  0.715(sd=0.184 nx=0.000 tfo=0.050 cnt=0.481) snap= 0.281 srm=  7.586 sat=  5.654(set=0.164 slv=5.486 max=5.4862 n=1) cex=R/T/F=0/0/1 trsplit=0 sim=16.043(rmp=0.438 run=15.604 n=1 d=0) incr=loc/full/maxdirty/keys=0/0/0/0 chk= 0.000(d=1) stat= 0.159 rest= 0.326
  [bmc-incr i=584 repr=1 active=1179/176331 POs=1]
BMC : c =    1177  cl =   4503  lit =  176330  p =     0  d =     0  f =     1  +  T =     0.03 sec
  [bmc-prof 584] wall=  28.494 p=     1 | ifo=  0.727(sd=0.188 nx=0.000 tfo=0.052 cnt=0.487) snap= 0.281 srm=  7.582 sat=  5.264(set=0.166 slv=5.096 max=5.0961 n=1) cex=R/T/F=0/0/1 trsplit=0 sim=14.178(rmp=0.409 run=13.769 n=1 d=0) incr=loc/full/maxdirty/keys=0/0/0/0 chk= 0.000(d=1) stat= 0.163 rest= 0.298
  [bmc-incr i=585 repr=1 active=1178/176330 POs=1]
BMC : c =    1176  cl =   4503  lit =  176329  p =     0  d =     0  f =     1  +  T =     0.03 sec
  [bmc-prof 585] wall=  28.382 p=     1 | ifo=  0.710(sd=0.176 nx=0.000 tfo=0.053 cnt=0.480) snap= 0.280 srm=  7.592 sat=  5.238(set=0.169 slv=5.067 max=5.0671 n=1) cex=R/T/F=0/0/1 trsplit=0 sim=14.119(rmp=0.413 run=13.706 n=1 d=0) incr=loc/full/maxdirty/keys=0/0/0/0 chk= 0.000(d=1) stat= 0.153 rest= 0.290
  [bmc-incr i=586 repr=1 active=1177/176329 POs=1]
BMC : c =    1175  cl =   4503  lit =  176328  p =     0  d =     0  f =     1  +  T =     0.03 sec
  [bmc-prof 586] wall=  29.099 p=     1 | ifo=  0.717(sd=0.186 nx=0.000 tfo=0.052 cnt=0.480) snap= 0.284 srm=  8.338 sat=  5.263(set=0.169 slv=5.092 max=5.0918 n=1) cex=R/T/F=0/0/1 trsplit=0 sim=14.040(rmp=0.431 run=13.608 n=1 d=0) incr=loc/full/maxdirty/keys=0/0/0/0 chk= 0.000(d=1) stat= 0.157 rest= 0.299
  [bmc-incr i=587 repr=1 active=1176/176328 POs=1]
BMC : c =    1174  cl =   4503  lit =  176327  p =     0  d =     0  f =     1  +  T =     0.03 sec
  [bmc-prof 587] wall=  28.546 p=     1 | ifo=  0.712(sd=0.178 nx=0.000 tfo=0.051 cnt=0.483) snap= 0.280 srm=  7.594 sat=  5.361(set=0.211 slv=5.148 max=5.1478 n=1) cex=R/T/F=0/0/1 trsplit=0 sim=14.099(rmp=0.418 run=13.680 n=1 d=0) incr=loc/full/maxdirty/keys=0/0/0/0 chk= 0.000(d=1) stat= 0.156 rest= 0.345
  [bmc-incr i=588 repr=1 active=1175/176327 POs=1]
BMC : c =    1173  cl =   4503  lit =  176326  p =     0  d =     0  f =     1  +  T =     0.03 sec
  [bmc-prof 588] wall=  28.481 p=     1 | ifo=  0.717(sd=0.185 nx=0.000 tfo=0.050 cnt=0.482) snap= 0.298 srm=  7.689 sat=  5.305(set=0.192 slv=5.111 max=5.1107 n=1) cex=R/T/F=0/0/1 trsplit=0 sim=14.019(rmp=0.437 run=13.582 n=1 d=0) incr=loc/full/maxdirty/keys=0/0/0/0 chk= 0.000(d=1) stat= 0.155 rest= 0.296
  [bmc-incr i=589 repr=1 active=1174/176326 POs=1]
BMC : c =    1172  cl =   4503  lit =  176325  p =     0  d =     0  f =     1  +  T =     0.03 sec
  [bmc-prof 589] wall=  29.181 p=     1 | ifo=  0.710(sd=0.178 nx=0.000 tfo=0.050 cnt=0.482) snap= 0.289 srm=  7.687 sat=  5.654(set=0.166 slv=5.487 max=5.4866 n=1) cex=R/T/F=0/0/1 trsplit=0 sim=14.385(rmp=0.442 run=13.942 n=1 d=0) incr=loc/full/maxdirty/keys=0/0/0/0 chk= 0.000(d=1) stat= 0.157 rest= 0.298
  [bmc-incr i=590 repr=1 active=1173/176325 POs=1]
BMC : c =    1171  cl =   4503  lit =  176324  p =     0  d =     0  f =     1  +  T =     0.03 sec
  [bmc-prof 590] wall=  28.943 p=     1 | ifo=  0.716(sd=0.175 nx=0.000 tfo=0.050 cnt=0.491) snap= 0.337 srm=  7.664 sat=  5.693(set=0.167 slv=5.523 max=5.5234 n=1) cex=R/T/F=0/0/1 trsplit=0 sim=14.026(rmp=0.427 run=13.598 n=1 d=0) incr=loc/full/maxdirty/keys=0/0/0/0 chk= 0.000(d=1) stat= 0.175 rest= 0.332
  [bmc-incr i=591 repr=1 active=1172/176324 POs=1]
BMC : c =    1170  cl =   4503  lit =  176323  p =     0  d =     0  f =     1  +  T =     0.03 sec
  [bmc-prof 591] wall=  34.053 p=     1 | ifo=  0.988(sd=0.200 nx=0.000 tfo=0.055 cnt=0.733) snap= 0.290 srm= 11.436 sat=  5.488(set=0.210 slv=5.275 max=5.2752 n=1) cex=R/T/F=0/0/1 trsplit=0 sim=15.342(rmp=1.062 run=14.279 n=1 d=0) incr=loc/full/maxdirty/keys=0/0/0/0 chk= 0.000(d=1) stat= 0.167 rest= 0.342
  [bmc-incr i=592 repr=1 active=1171/176323 POs=1]
BMC : c =    1169  cl =   4503  lit =  176322  p =     0  d =     0  f =     1  +  T =     0.03 sec
  [bmc-prof 592] wall=  29.338 p=     1 | ifo=  0.829(sd=0.227 nx=0.000 tfo=0.092 cnt=0.511) snap= 0.284 srm=  7.797 sat=  5.261(set=0.167 slv=5.093 max=5.0929 n=1) cex=R/T/F=0/0/1 trsplit=0 sim=14.693(rmp=0.415 run=14.278 n=1 d=0) incr=loc/full/maxdirty/keys=0/0/0/0 chk= 0.000(d=1) stat= 0.165 rest= 0.307
  [bmc-incr i=593 repr=1 active=1170/176322 POs=1]
BMC : c =    1168  cl =   4503  lit =  176321  p =     0  d =     0  f =     1  +  T =     0.03 sec
  [bmc-prof 593] wall=  29.339 p=     1 | ifo=  0.735(sd=0.192 nx=0.000 tfo=0.060 cnt=0.483) snap= 0.300 srm=  8.219 sat=  5.370(set=0.203 slv=5.165 max=5.1654 n=1) cex=R/T/F=0/0/1 trsplit=0 sim=14.252(rmp=0.452 run=13.799 n=1 d=0) incr=loc/full/maxdirty/keys=0/0/0/0 chk= 0.000(d=1) stat= 0.159 rest= 0.303
  [bmc-incr i=594 repr=1 active=1169/176321 POs=1]
BMC : c =    1167  cl =   4503  lit =  176320  p =     0  d =     0  f =     1  +  T =     0.03 sec
  [bmc-prof 594] wall=  33.322 p=     1 | ifo=  0.791(sd=0.231 nx=0.000 tfo=0.064 cnt=0.496) snap= 0.292 srm=  7.646 sat=  5.384(set=0.179 slv=5.202 max=5.2017 n=1) cex=R/T/F=0/0/1 trsplit=0 sim=18.446(rmp=0.737 run=17.708 n=1 d=0) incr=loc/full/maxdirty/keys=0/0/0/0 chk= 0.000(d=1) stat= 0.176 rest= 0.587
  [bmc-incr i=595 repr=1 active=1168/176320 POs=1]
BMC : c =    1166  cl =   4503  lit =  176319  p =     0  d =     0  f =     1  +  T =     0.03 sec
  [bmc-prof 595] wall=  29.990 p=     1 | ifo=  0.846(sd=0.234 nx=0.000 tfo=0.070 cnt=0.543) snap= 0.351 srm=  8.274 sat=  5.486(set=0.203 slv=5.281 max=5.2809 n=1) cex=R/T/F=0/0/1 trsplit=0 sim=14.560(rmp=0.481 run=14.078 n=1 d=0) incr=loc/full/maxdirty/keys=0/0/0/0 chk= 0.000(d=1) stat= 0.160 rest= 0.313
  [bmc-incr i=596 repr=1 active=1167/176319 POs=1]
BMC : c =    1165  cl =   4503  lit =  176318  p =     0  d =     0  f =     1  +  T =     0.03 sec
  [bmc-prof 596] wall=  32.715 p=     1 | ifo=  0.761(sd=0.202 nx=0.000 tfo=0.057 cnt=0.502) snap= 0.310 srm=  8.016 sat=  5.802(set=0.180 slv=5.619 max=5.6194 n=1) cex=R/T/F=0/0/1 trsplit=0 sim=17.272(rmp=1.123 run=16.148 n=1 d=0) incr=loc/full/maxdirty/keys=0/0/0/0 chk= 0.000(d=1) stat= 0.208 rest= 0.345
  [bmc-incr i=597 repr=1 active=1166/176318 POs=1]
BMC : c =    1164  cl =   4503  lit =  176317  p =     0  d =     0  f =     1  +  T =     0.03 sec
  [bmc-prof 597] wall=  29.932 p=     1 | ifo=  0.831(sd=0.226 nx=0.000 tfo=0.064 cnt=0.541) snap= 0.319 srm=  8.211 sat=  5.471(set=0.212 slv=5.257 max=5.2569 n=1) cex=R/T/F=0/0/1 trsplit=0 sim=14.620(rmp=0.454 run=14.165 n=1 d=0) incr=loc/full/maxdirty/keys=0/0/0/0 chk= 0.000(d=1) stat= 0.164 rest= 0.316
  [bmc-incr i=598 repr=1 active=1165/176317 POs=1]
BMC : c =    1163  cl =   4503  lit =  176316  p =     0  d =     0  f =     1  +  T =     0.03 sec
  [bmc-prof 598] wall=  29.159 p=     1 | ifo=  1.178(sd=0.184 nx=0.000 tfo=0.061 cnt=0.933) snap= 0.295 srm=  7.721 sat=  5.309(set=0.172 slv=5.136 max=5.1356 n=1) cex=R/T/F=0/0/1 trsplit=0 sim=14.190(rmp=0.428 run=13.761 n=1 d=0) incr=loc/full/maxdirty/keys=0/0/0/0 chk= 0.000(d=1) stat= 0.158 rest= 0.308
  [bmc-incr i=599 repr=1 active=1164/176316 POs=1]
BMC : c =    1162  cl =   4503  lit =  176315  p =     0  d =     0  f =     1  +  T =     0.03 sec
  [bmc-prof 599] wall=  28.367 p=     1 | ifo=  0.812(sd=0.212 nx=0.000 tfo=0.095 cnt=0.505) snap= 0.281 srm=  7.624 sat=  5.258(set=0.172 slv=5.084 max=5.0841 n=1) cex=R/T/F=0/0/1 trsplit=0 sim=13.934(rmp=0.471 run=13.463 n=1 d=0) incr=loc/full/maxdirty/keys=0/0/0/0 chk= 0.000(d=1) stat= 0.158 rest= 0.300
  [bmc-incr i=600 repr=1 active=1163/176315 POs=1]
BMC : c =    1161  cl =   4503  lit =  176314  p =     0  d =     0  f =     1  +  T =     0.03 sec
  [bmc-prof 600] wall=  28.499 p=     1 | ifo=  0.729(sd=0.174 nx=0.000 tfo=0.051 cnt=0.504) snap= 0.278 srm=  7.575 sat=  5.283(set=0.164 slv=5.117 max=5.1173 n=1) cex=R/T/F=0/0/1 trsplit=0 sim=14.190(rmp=0.413 run=13.777 n=1 d=0) incr=loc/full/maxdirty/keys=0/0/0/0 chk= 0.000(d=1) stat= 0.155 rest= 0.288
  [bmc-incr i=601 repr=1 active=1162/176314 POs=1]
BMC : c =    1160  cl =   4503  lit =  176313  p =     0  d =     0  f =     1  +  T =     0.03 sec
  [bmc-prof 601] wall=  30.155 p=     1 | ifo=  0.714(sd=0.185 nx=0.000 tfo=0.049 cnt=0.480) snap= 0.281 srm=  8.136 sat=  5.283(set=0.177 slv=5.104 max=5.1044 n=1) cex=R/T/F=0/0/1 trsplit=0 sim=15.283(rmp=0.422 run=14.860 n=1 d=0) incr=loc/full/maxdirty/keys=0/0/0/0 chk= 0.000(d=1) stat= 0.162 rest= 0.295
  [bmc-incr i=602 repr=1 active=1161/176313 POs=1]
BMC : c =    1159  cl =   4503  lit =  176312  p =     0  d =     0  f =     1  +  T =     0.03 sec
  [bmc-prof 602] wall=  28.376 p=     1 | ifo=  0.709(sd=0.176 nx=0.000 tfo=0.054 cnt=0.479) snap= 0.288 srm=  7.726 sat=  5.634(set=0.174 slv=5.458 max=5.4579 n=1) cex=R/T/F=0/0/1 trsplit=0 sim=13.532(rmp=0.414 run=13.117 n=1 d=0) incr=loc/full/maxdirty/keys=0/0/0/0 chk= 0.000(d=1) stat= 0.173 rest= 0.314
  [bmc-incr i=603 repr=1 active=1160/176312 POs=1]
BMC : c =    1158  cl =   4503  lit =  176311  p =     0  d =     0  f =     1  +  T =     0.03 sec
  [bmc-prof 603] wall=  30.089 p=     1 | ifo=  0.845(sd=0.249 nx=0.000 tfo=0.061 cnt=0.535) snap= 0.310 srm=  9.061 sat=  5.282(set=0.169 slv=5.111 max=5.1112 n=1) cex=R/T/F=0/0/1 trsplit=0 sim=14.141(rmp=0.457 run=13.683 n=1 d=0) incr=loc/full/maxdirty/keys=0/0/0/0 chk= 0.000(d=1) stat= 0.156 rest= 0.295
  [bmc-incr i=604 repr=1 active=1159/176311 POs=1]
BMC : c =    1157  cl =   4503  lit =  176310  p =     0  d =     0  f =     1  +  T =     0.03 sec
  [bmc-prof 604] wall=  28.230 p=     1 | ifo=  0.716(sd=0.185 nx=0.000 tfo=0.051 cnt=0.480) snap= 0.317 srm=  7.552 sat=  5.289(set=0.173 slv=5.114 max=5.1145 n=1) cex=R/T/F=0/0/1 trsplit=0 sim=13.912(rmp=0.421 run=13.490 n=1 d=0) incr=loc/full/maxdirty/keys=0/0/0/0 chk= 0.000(d=1) stat= 0.157 rest= 0.287
  [bmc-incr i=605 repr=1 active=1158/176310 POs=1]
BMC : c =    1156  cl =   4503  lit =  176309  p =     0  d =     0  f =     1  +  T =     0.03 sec
  [bmc-prof 605] wall=  29.774 p=     1 | ifo=  0.761(sd=0.183 nx=0.000 tfo=0.048 cnt=0.531) snap= 0.544 srm=  7.612 sat=  5.507(set=0.252 slv=5.253 max=5.2530 n=1) cex=R/T/F=0/0/1 trsplit=0 sim=14.888(rmp=0.427 run=14.460 n=1 d=0) incr=loc/full/maxdirty/keys=0/0/0/0 chk= 0.000(d=1) stat= 0.163 rest= 0.299
  [bmc-incr i=606 repr=1 active=1157/176309 POs=1]
BMC : c =    1155  cl =   4503  lit =  176308  p =     0  d =     0  f =     1  +  T =     0.03 sec
  [bmc-prof 606] wall=  28.944 p=     1 | ifo=  0.787(sd=0.180 nx=0.000 tfo=0.054 cnt=0.553) snap= 0.293 srm=  7.800 sat=  5.517(set=0.201 slv=5.313 max=5.3127 n=1) cex=R/T/F=0/0/1 trsplit=0 sim=14.099(rmp=0.424 run=13.675 n=1 d=0) incr=loc/full/maxdirty/keys=0/0/0/0 chk= 0.000(d=1) stat= 0.157 rest= 0.290
  [bmc-incr i=607 repr=1 active=1156/176308 POs=1]
BMC : c =    1154  cl =   4503  lit =  176307  p =     0  d =     0  f =     1  +  T =     0.03 sec
  [bmc-prof 607] wall=  29.440 p=     1 | ifo=  0.719(sd=0.178 nx=0.000 tfo=0.055 cnt=0.486) snap= 0.280 srm=  8.139 sat=  5.341(set=0.175 slv=5.165 max=5.1649 n=1) cex=R/T/F=0/0/1 trsplit=0 sim=14.502(rmp=0.458 run=14.043 n=1 d=0) incr=loc/full/maxdirty/keys=0/0/0/0 chk= 0.000(d=1) stat= 0.157 rest= 0.302
  [bmc-incr i=608 repr=1 active=1155/176307 POs=1]
BMC : c =    1153  cl =   4503  lit =  176306  p =     0  d =     0  f =     1  +  T =     0.03 sec
  [bmc-prof 608] wall=  28.369 p=     1 | ifo=  0.715(sd=0.179 nx=0.000 tfo=0.057 cnt=0.479) snap= 0.281 srm=  7.745 sat=  5.295(set=0.172 slv=5.120 max=5.1202 n=1) cex=R/T/F=0/0/1 trsplit=0 sim=13.880(rmp=0.412 run=13.467 n=1 d=0) incr=loc/full/maxdirty/keys=0/0/0/0 chk= 0.000(d=1) stat= 0.165 rest= 0.288
  [bmc-incr i=609 repr=1 active=1154/176306 POs=1]
BMC : c =    1152  cl =   4503  lit =  176305  p =     0  d =     0  f =     1  +  T =     0.03 sec
  [bmc-prof 609] wall=  29.243 p=     1 | ifo=  0.876(sd=0.175 nx=0.000 tfo=0.054 cnt=0.647) snap= 0.281 srm=  7.818 sat=  5.286(set=0.171 slv=5.113 max=5.1134 n=1) cex=R/T/F=0/0/1 trsplit=0 sim=14.516(rmp=0.423 run=14.092 n=1 d=0) incr=loc/full/maxdirty/keys=0/0/0/0 chk= 0.000(d=1) stat= 0.165 rest= 0.301
  [bmc-incr i=610 repr=1 active=1153/176305 POs=1]
BMC : c =    1151  cl =   4503  lit =  176304  p =     0  d =     0  f =     1  +  T =     0.03 sec
  [bmc-prof 610] wall=  29.386 p=     1 | ifo=  0.724(sd=0.179 nx=0.000 tfo=0.055 cnt=0.491) snap= 0.296 srm=  8.351 sat=  5.342(set=0.194 slv=5.146 max=5.1460 n=1) cex=R/T/F=0/0/1 trsplit=0 sim=14.221(rmp=0.438 run=13.781 n=1 d=0) incr=loc/full/maxdirty/keys=0/0/0/0 chk= 0.000(d=1) stat= 0.157 rest= 0.295
  [bmc-incr i=611 repr=1 active=1152/176304 POs=1]
BMC : c =    1150  cl =   4503  lit =  176303  p =     0  d =     0  f =     1  +  T =     0.03 sec
  [bmc-prof 611] wall=  28.519 p=     1 | ifo=  0.724(sd=0.181 nx=0.000 tfo=0.055 cnt=0.488) snap= 0.292 srm=  7.783 sat=  5.341(set=0.180 slv=5.159 max=5.1590 n=1) cex=R/T/F=0/0/1 trsplit=0 sim=13.935(rmp=0.430 run=13.504 n=1 d=0) incr=loc/full/maxdirty/keys=0/0/0/0 chk= 0.000(d=1) stat= 0.154 rest= 0.291
  [bmc-incr i=612 repr=1 active=1151/176303 POs=1]
BMC : c =    1149  cl =   4503  lit =  176302  p =     0  d =     0  f =     1  +  T =     0.03 sec
  [bmc-prof 612] wall=  28.546 p=     1 | ifo=  0.703(sd=0.176 nx=0.000 tfo=0.051 cnt=0.477) snap= 0.281 srm=  7.649 sat=  5.390(set=0.174 slv=5.214 max=5.2143 n=1) cex=R/T/F=0/0/1 trsplit=0 sim=14.016(rmp=0.431 run=13.585 n=1 d=0) incr=loc/full/maxdirty/keys=0/0/0/0 chk= 0.000(d=1) stat= 0.184 rest= 0.322
  [bmc-incr i=613 repr=1 active=1150/176302 POs=1]
BMC : c =    1148  cl =   4503  lit =  176301  p =     0  d =     0  f =     1  +  T =     0.03 sec
  [bmc-prof 613] wall=  31.960 p=     1 | ifo=  0.837(sd=0.240 nx=0.000 tfo=0.060 cnt=0.537) snap= 0.329 srm= 10.593 sat=  5.398(set=0.220 slv=5.176 max=5.1763 n=1) cex=R/T/F=0/0/1 trsplit=0 sim=14.266(rmp=0.454 run=13.811 n=1 d=0) incr=loc/full/maxdirty/keys=0/0/0/0 chk= 0.000(d=1) stat= 0.194 rest= 0.341
  [bmc-incr i=614 repr=1 active=1149/176301 POs=1]
BMC : c =    1147  cl =   4503  lit =  176300  p =     0  d =     0  f =     1  +  T =     0.03 sec
  [bmc-prof 614] wall=  32.159 p=     1 | ifo=  0.813(sd=0.221 nx=0.000 tfo=0.062 cnt=0.529) snap= 0.336 srm=  8.817 sat=  5.459(set=0.216 slv=5.241 max=5.2412 n=1) cex=R/T/F=0/0/1 trsplit=0 sim=16.225(rmp=0.516 run=15.707 n=1 d=0) incr=loc/full/maxdirty/keys=0/0/0/0 chk= 0.000(d=1) stat= 0.175 rest= 0.334
  [bmc-incr i=615 repr=1 active=1148/176300 POs=1]
BMC : c =    1146  cl =   4503  lit =  176299  p =     0  d =     0  f =     1  +  T =     0.03 sec
  [bmc-prof 615] wall=  28.806 p=     1 | ifo=  0.714(sd=0.183 nx=0.000 tfo=0.050 cnt=0.480) snap= 0.284 srm=  7.982 sat=  5.348(set=0.181 slv=5.165 max=5.1654 n=1) cex=R/T/F=0/0/1 trsplit=0 sim=14.036(rmp=0.426 run=13.609 n=1 d=0) incr=loc/full/maxdirty/keys=0/0/0/0 chk= 0.000(d=1) stat= 0.153 rest= 0.288
  [bmc-incr i=616 repr=1 active=1147/176299 POs=1]
BMC : c =    1145  cl =   4503  lit =  176298  p =     0  d =     0  f =     1  +  T =     0.03 sec
  [bmc-prof 616] wall=  29.138 p=     1 | ifo=  0.709(sd=0.175 nx=0.000 tfo=0.055 cnt=0.479) snap= 0.282 srm=  7.671 sat=  5.450(set=0.184 slv=5.264 max=5.2639 n=1) cex=R/T/F=0/0/1 trsplit=0 sim=14.550(rmp=0.549 run=14.000 n=1 d=0) incr=loc/full/maxdirty/keys=0/0/0/0 chk= 0.000(d=1) stat= 0.158 rest= 0.318
  [bmc-incr i=617 repr=1 active=1146/176298 POs=1]
BMC : c =    1144  cl =   4503  lit =  176297  p =     0  d =     0  f =     1  +  T =     0.03 sec
  [bmc-prof 617] wall=  29.456 p=     1 | ifo=  0.726(sd=0.183 nx=0.000 tfo=0.053 cnt=0.489) snap= 0.279 srm=  7.725 sat=  5.553(set=0.167 slv=5.385 max=5.3849 n=1) cex=R/T/F=0/0/1 trsplit=0 sim=14.669(rmp=0.422 run=14.245 n=1 d=0) incr=loc/full/maxdirty/keys=0/0/0/0 chk= 0.000(d=1) stat= 0.183 rest= 0.320
  [bmc-incr i=618 repr=1 active=1145/176297 POs=1]
BMC : c =    1143  cl =   4503  lit =  176296  p =     0  d =     0  f =     1  +  T =     0.03 sec
  [bmc-prof 618] wall=  31.098 p=     1 | ifo=  0.793(sd=0.216 nx=0.000 tfo=0.060 cnt=0.517) snap= 0.342 srm=  9.194 sat=  6.274(set=0.207 slv=6.065 max=6.0646 n=1) cex=R/T/F=0/0/1 trsplit=0 sim=14.045(rmp=0.426 run=13.618 n=1 d=0) incr=loc/full/maxdirty/keys=0/0/0/0 chk= 0.000(d=1) stat= 0.156 rest= 0.294
  [bmc-incr i=619 repr=1 active=1144/176296 POs=1]
BMC : c =    1142  cl =   4503  lit =  176295  p =     0  d =     0  f =     1  +  T =     0.03 sec
  [bmc-prof 619] wall=  29.265 p=     1 | ifo=  0.712(sd=0.175 nx=0.000 tfo=0.047 cnt=0.491) snap= 0.283 srm=  7.695 sat=  5.305(set=0.172 slv=5.132 max=5.1318 n=1) cex=R/T/F=0/0/1 trsplit=0 sim=14.785(rmp=0.412 run=14.371 n=1 d=0) incr=loc/full/maxdirty/keys=0/0/0/0 chk= 0.000(d=1) stat= 0.172 rest= 0.312
  [bmc-incr i=620 repr=1 active=1143/176295 POs=1]
BMC : c =    1141  cl =   4503  lit =  176294  p =     0  d =     0  f =     1  +  T =     0.03 sec
  [bmc-prof 620] wall=  28.761 p=     1 | ifo=  0.787(sd=0.202 nx=0.000 tfo=0.076 cnt=0.509) snap= 0.288 srm=  7.912 sat=  5.332(set=0.175 slv=5.155 max=5.1553 n=1) cex=R/T/F=0/0/1 trsplit=0 sim=13.989(rmp=0.423 run=13.565 n=1 d=0) incr=loc/full/maxdirty/keys=0/0/0/0 chk= 0.000(d=1) stat= 0.164 rest= 0.289
  [bmc-incr i=621 repr=1 active=1142/176294 POs=1]
BMC : c =    1140  cl =   4503  lit =  176293  p =     0  d =     0  f =     1  +  T =     0.03 sec
  [bmc-prof 621] wall=  28.517 p=     1 | ifo=  0.704(sd=0.176 nx=0.000 tfo=0.051 cnt=0.477) snap= 0.285 srm=  7.714 sat=  5.335(set=0.186 slv=5.147 max=5.1466 n=1) cex=R/T/F=0/0/1 trsplit=0 sim=14.034(rmp=0.459 run=13.574 n=1 d=0) incr=loc/full/maxdirty/keys=0/0/0/0 chk= 0.000(d=1) stat= 0.156 rest= 0.289
  [bmc-incr i=622 repr=1 active=1141/176293 POs=1]
BMC : c =    1139  cl =   4503  lit =  176292  p =     0  d =     0  f =     1  +  T =     0.03 sec
  [bmc-prof 622] wall=  28.562 p=     1 | ifo=  0.722(sd=0.176 nx=0.000 tfo=0.054 cnt=0.492) snap= 0.280 srm=  7.764 sat=  5.322(set=0.166 slv=5.154 max=5.1538 n=1) cex=R/T/F=0/0/1 trsplit=0 sim=14.020(rmp=0.424 run=13.595 n=1 d=0) incr=loc/full/maxdirty/keys=0/0/0/0 chk= 0.000(d=1) stat= 0.157 rest= 0.297
  [bmc-incr i=623 repr=1 active=1140/176292 POs=1]
BMC : c =    1138  cl =   4503  lit =  176291  p =     0  d =     0  f =     1  +  T =     0.03 sec
  [bmc-prof 623] wall=  28.890 p=     1 | ifo=  0.701(sd=0.175 nx=0.000 tfo=0.047 cnt=0.479) snap= 0.279 srm=  7.765 sat=  5.361(set=0.174 slv=5.185 max=5.1846 n=1) cex=R/T/F=0/0/1 trsplit=0 sim=14.309(rmp=0.434 run=13.873 n=1 d=0) incr=loc/full/maxdirty/keys=0/0/0/0 chk= 0.000(d=1) stat= 0.179 rest= 0.296
  [bmc-incr i=624 repr=1 active=1139/176291 POs=1]
BMC : c =    1137  cl =   4503  lit =  176290  p =     0  d =     0  f =     1  +  T =     0.03 sec
  [bmc-prof 624] wall=  31.449 p=     1 | ifo=  0.705(sd=0.177 nx=0.000 tfo=0.046 cnt=0.482) snap= 0.283 srm=  9.073 sat=  5.420(set=0.186 slv=5.232 max=5.2323 n=1) cex=R/T/F=0/0/1 trsplit=0 sim=15.205(rmp=0.422 run=14.782 n=1 d=0) incr=loc/full/maxdirty/keys=0/0/0/0 chk= 0.000(d=1) stat= 0.403 rest= 0.360
  [bmc-incr i=625 repr=1 active=1138/176290 POs=1]
BMC : c =    1136  cl =   4503  lit =  176289  p =     0  d =     0  f =     1  +  T =     0.03 sec
  [bmc-prof 625] wall=  30.555 p=     1 | ifo=  1.734(sd=0.469 nx=0.000 tfo=0.074 cnt=1.191) snap= 0.349 srm=  8.691 sat=  5.420(set=0.181 slv=5.237 max=5.2366 n=1) cex=R/T/F=0/0/1 trsplit=0 sim=13.910(rmp=0.419 run=13.491 n=1 d=0) incr=loc/full/maxdirty/keys=0/0/0/0 chk= 0.000(d=1) stat= 0.158 rest= 0.294
  [bmc-incr i=626 repr=1 active=1137/176289 POs=1]
BMC : c =    1135  cl =   4503  lit =  176288  p =     0  d =     0  f =     1  +  T =     0.03 sec
  [bmc-prof 626] wall=  28.732 p=     1 | ifo=  0.707(sd=0.177 nx=0.000 tfo=0.052 cnt=0.478) snap= 0.284 srm=  7.802 sat=  5.352(set=0.185 slv=5.165 max=5.1651 n=1) cex=R/T/F=0/0/1 trsplit=0 sim=14.101(rmp=0.423 run=13.677 n=1 d=0) incr=loc/full/maxdirty/keys=0/0/0/0 chk= 0.000(d=1) stat= 0.169 rest= 0.317
  [bmc-incr i=627 repr=1 active=1136/176288 POs=1]
BMC : c =    1134  cl =   4503  lit =  176287  p =     0  d =     0  f =     1  +  T =     0.03 sec
  [bmc-prof 627] wall=  29.641 p=     1 | ifo=  0.716(sd=0.182 nx=0.000 tfo=0.054 cnt=0.481) snap= 0.285 srm=  8.507 sat=  5.399(set=0.190 slv=5.207 max=5.2074 n=1) cex=R/T/F=0/0/1 trsplit=0 sim=14.240(rmp=0.437 run=13.802 n=1 d=0) incr=loc/full/maxdirty/keys=0/0/0/0 chk= 0.000(d=1) stat= 0.200 rest= 0.293
  [bmc-incr i=628 repr=1 active=1135/176287 POs=1]
BMC : c =    1133  cl =   4503  lit =  176286  p =     0  d =     0  f =     1  +  T =     0.03 sec
  [bmc-prof 628] wall=  30.258 p=     1 | ifo=  0.717(sd=0.182 nx=0.000 tfo=0.052 cnt=0.484) snap= 0.279 srm=  7.720 sat=  5.574(set=0.170 slv=5.403 max=5.4026 n=1) cex=R/T/F=0/0/1 trsplit=0 sim=15.438(rmp=0.562 run=14.875 n=1 d=0) incr=loc/full/maxdirty/keys=0/0/0/0 chk= 0.000(d=1) stat= 0.175 rest= 0.354
  [bmc-incr i=629 repr=1 active=1134/176286 POs=1]
BMC : c =    1132  cl =   4503  lit =  176285  p =     0  d =     0  f =     1  +  T =     0.03 sec
  [bmc-prof 629] wall=  29.292 p=     1 | ifo=  0.832(sd=0.233 nx=0.000 tfo=0.057 cnt=0.542) snap= 0.344 srm=  8.519 sat=  5.395(set=0.196 slv=5.197 max=5.1975 n=1) cex=R/T/F=0/0/1 trsplit=0 sim=13.681(rmp=0.503 run=13.177 n=1 d=0) incr=loc/full/maxdirty/keys=0/0/0/0 chk= 0.000(d=1) stat= 0.184 rest= 0.336
  [bmc-incr i=630 repr=1 active=1133/176285 POs=1]
BMC : c =    1131  cl =   4503  lit =  176284  p =     0  d =     0  f =     1  +  T =     0.03 sec
  [bmc-prof 630] wall=  34.345 p=     1 | ifo=  0.800(sd=0.212 nx=0.000 tfo=0.056 cnt=0.532) snap= 0.325 srm=  8.335 sat=  9.424(set=0.740 slv=8.681 max=8.6805 n=1) cex=R/T/F=0/0/1 trsplit=0 sim=14.842(rmp=1.056 run=13.784 n=1 d=0) incr=loc/full/maxdirty/keys=0/0/0/0 chk= 0.000(d=1) stat= 0.158 rest= 0.462
  [bmc-incr i=631 repr=1 active=1132/176284 POs=1]
BMC : c =    1130  cl =   4503  lit =  176283  p =     0  d =     0  f =     1  +  T =     0.03 sec
  [bmc-prof 631] wall=  28.403 p=     1 | ifo=  0.708(sd=0.178 nx=0.000 tfo=0.050 cnt=0.480) snap= 0.286 srm=  7.787 sat=  5.334(set=0.169 slv=5.163 max=5.1629 n=1) cex=R/T/F=0/0/1 trsplit=0 sim=13.814(rmp=0.417 run=13.396 n=1 d=0) incr=loc/full/maxdirty/keys=0/0/0/0 chk= 0.000(d=1) stat= 0.163 rest= 0.310
  [bmc-incr i=632 repr=1 active=1131/176283 POs=1]
BMC : c =    1129  cl =   4503  lit =  176282  p =     0  d =     0  f =     1  +  T =     0.03 sec
  [bmc-prof 632] wall=  29.457 p=     1 | ifo=  0.736(sd=0.190 nx=0.000 tfo=0.052 cnt=0.495) snap= 0.298 srm=  8.071 sat=  5.425(set=0.196 slv=5.227 max=5.2274 n=1) cex=R/T/F=0/0/1 trsplit=0 sim=14.466(rmp=0.454 run=14.011 n=1 d=0) incr=loc/full/maxdirty/keys=0/0/0/0 chk= 0.000(d=1) stat= 0.157 rest= 0.303
  [bmc-incr i=633 repr=1 active=1130/176282 POs=1]
BMC : c =    1128  cl =   4503  lit =  176281  p =     0  d =     0  f =     1  +  T =     0.03 sec
  [bmc-prof 633] wall=  28.887 p=     1 | ifo=  0.751(sd=0.182 nx=0.000 tfo=0.057 cnt=0.511) snap= 0.289 srm=  7.791 sat=  5.498(set=0.178 slv=5.319 max=5.3186 n=1) cex=R/T/F=0/0/1 trsplit=0 sim=14.114(rmp=0.433 run=13.680 n=1 d=0) incr=loc/full/maxdirty/keys=0/0/0/0 chk= 0.000(d=1) stat= 0.155 rest= 0.290
  [bmc-incr i=634 repr=1 active=1129/176281 POs=1]
BMC : c =    1127  cl =   4503  lit =  176280  p =     0  d =     0  f =     1  +  T =     0.03 sec
  [bmc-prof 634] wall=  28.468 p=     1 | ifo=  0.707(sd=0.174 nx=0.000 tfo=0.052 cnt=0.481) snap= 0.296 srm=  7.586 sat=  5.426(set=0.165 slv=5.259 max=5.2592 n=1) cex=R/T/F=0/0/1 trsplit=0 sim=13.994(rmp=0.422 run=13.571 n=1 d=0) incr=loc/full/maxdirty/keys=0/0/0/0 chk= 0.000(d=1) stat= 0.159 rest= 0.301
  [bmc-incr i=635 repr=1 active=1128/176280 POs=1]
BMC : c =    1126  cl =   4503  lit =  176279  p =     0  d =     0  f =     1  +  T =     0.03 sec
  [bmc-prof 635] wall=  28.619 p=     1 | ifo=  0.728(sd=0.181 nx=0.000 tfo=0.055 cnt=0.492) snap= 0.290 srm=  7.816 sat=  5.432(set=0.177 slv=5.254 max=5.2535 n=1) cex=R/T/F=0/0/1 trsplit=0 sim=13.908(rmp=0.421 run=13.486 n=1 d=0) incr=loc/full/maxdirty/keys=0/0/0/0 chk= 0.000(d=1) stat= 0.156 rest= 0.289
  [bmc-incr i=636 repr=1 active=1127/176279 POs=1]
BMC : c =    1125  cl =   4503  lit =  176278  p =     0  d =     0  f =     1  +  T =     0.03 sec
  [bmc-prof 636] wall=  32.535 p=     1 | ifo=  0.789(sd=0.206 nx=0.000 tfo=0.082 cnt=0.501) snap= 0.279 srm=  7.846 sat=  5.532(set=0.165 slv=5.364 max=5.3637 n=1) cex=R/T/F=0/0/1 trsplit=0 sim=17.582(rmp=0.617 run=16.964 n=1 d=0) incr=loc/full/maxdirty/keys=0/0/0/0 chk= 0.000(d=1) stat= 0.200 rest= 0.308
  [bmc-incr i=637 repr=1 active=1126/176278 POs=1]
BMC : c =    1124  cl =   4503  lit =  176277  p =     0  d =     0  f =     1  +  T =     0.03 sec
  [bmc-prof 637] wall=  28.418 p=     1 | ifo=  0.718(sd=0.177 nx=0.000 tfo=0.050 cnt=0.491) snap= 0.279 srm=  7.649 sat=  5.396(set=0.174 slv=5.221 max=5.2206 n=1) cex=R/T/F=0/0/1 trsplit=0 sim=13.927(rmp=0.418 run=13.509 n=1 d=0) incr=loc/full/maxdirty/keys=0/0/0/0 chk= 0.000(d=1) stat= 0.161 rest= 0.288
  [bmc-incr i=638 repr=1 active=1125/176277 POs=1]
BMC : c =    1123  cl =   4503  lit =  176276  p =     0  d =     0  f =     1  +  T =     0.03 sec
  [bmc-prof 638] wall=  29.521 p=     1 | ifo=  0.698(sd=0.173 nx=0.000 tfo=0.047 cnt=0.478) snap= 0.283 srm=  8.367 sat=  5.392(set=0.190 slv=5.200 max=5.2003 n=1) cex=R/T/F=0/0/1 trsplit=0 sim=14.332(rmp=0.451 run=13.880 n=1 d=0) incr=loc/full/maxdirty/keys=0/0/0/0 chk= 0.000(d=1) stat= 0.157 rest= 0.292
  [bmc-incr i=639 repr=1 active=1124/176276 POs=1]
BMC : c =    1122  cl =   4503  lit =  176275  p =     0  d =     0  f =     1  +  T =     0.03 sec
  [bmc-prof 639] wall=  29.326 p=     1 | ifo=  0.741(sd=0.188 nx=0.000 tfo=0.052 cnt=0.501) snap= 0.289 srm=  7.806 sat=  5.415(set=0.170 slv=5.243 max=5.2429 n=1) cex=R/T/F=0/0/1 trsplit=0 sim=14.625(rmp=0.407 run=14.217 n=1 d=0) incr=loc/full/maxdirty/keys=0/0/0/0 chk= 0.000(d=1) stat= 0.159 rest= 0.291
  [bmc-incr i=640 repr=1 active=1123/176275 POs=1]
BMC : c =    1121  cl =   4503  lit =  176274  p =     0  d =     0  f =     1  +  T =     0.03 sec
  [bmc-prof 640] wall=  29.249 p=     1 | ifo=  0.706(sd=0.177 nx=0.000 tfo=0.049 cnt=0.479) snap= 0.281 srm=  8.209 sat=  5.356(set=0.176 slv=5.179 max=5.1788 n=1) cex=R/T/F=0/0/1 trsplit=0 sim=14.249(rmp=0.422 run=13.826 n=1 d=0) incr=loc/full/maxdirty/keys=0/0/0/0 chk= 0.000(d=1) stat= 0.158 rest= 0.290
  [bmc-incr i=641 repr=1 active=1122/176274 POs=1]
BMC : c =    1120  cl =   4503  lit =  176273  p =     0  d =     0  f =     1  +  T =     0.03 sec
  [bmc-prof 641] wall=  28.854 p=     1 | ifo=  0.709(sd=0.176 nx=0.000 tfo=0.052 cnt=0.481) snap= 0.292 srm=  7.731 sat=  5.436(set=0.235 slv=5.199 max=5.1987 n=1) cex=R/T/F=0/0/1 trsplit=0 sim=14.207(rmp=0.421 run=13.785 n=1 d=0) incr=loc/full/maxdirty/keys=0/0/0/0 chk= 0.000(d=1) stat= 0.166 rest= 0.313
  [bmc-incr i=642 repr=1 active=1121/176273 POs=1]
BMC : c =    1119  cl =   4503  lit =  176272  p =     0  d =     0  f =     1  +  T =     0.03 sec
  [bmc-prof 642] wall=  29.708 p=     1 | ifo=  0.718(sd=0.176 nx=0.000 tfo=0.052 cnt=0.491) snap= 0.287 srm=  8.262 sat=  5.439(set=0.184 slv=5.252 max=5.2520 n=1) cex=R/T/F=0/0/1 trsplit=0 sim=14.495(rmp=0.440 run=14.053 n=1 d=0) incr=loc/full/maxdirty/keys=0/0/0/0 chk= 0.000(d=1) stat= 0.183 rest= 0.324
  [bmc-incr i=643 repr=1 active=1120/176272 POs=1]
BMC : c =    1118  cl =   4503  lit =  176271  p =     0  d =     0  f =     1  +  T =     0.03 sec
  [bmc-prof 643] wall=  33.857 p=     1 | ifo=  1.704(sd=0.383 nx=0.000 tfo=0.126 cnt=1.194) snap= 0.345 srm= 10.303 sat=  6.172(set=0.200 slv=5.969 max=5.9687 n=1) cex=R/T/F=0/0/1 trsplit=0 sim=14.804(rmp=0.518 run=14.285 n=1 d=0) incr=loc/full/maxdirty/keys=0/0/0/0 chk= 0.000(d=1) stat= 0.213 rest= 0.317
  [bmc-incr i=644 repr=1 active=1119/176271 POs=1]
BMC : c =    1117  cl =   4503  lit =  176270  p =     0  d =     0  f =     1  +  T =     0.03 sec
  [bmc-prof 644] wall=  30.158 p=     1 | ifo=  0.739(sd=0.200 nx=0.000 tfo=0.052 cnt=0.487) snap= 0.285 srm=  8.163 sat=  5.509(set=0.193 slv=5.314 max=5.3140 n=1) cex=R/T/F=0/0/1 trsplit=0 sim=14.995(rmp=0.447 run=14.548 n=1 d=0) incr=loc/full/maxdirty/keys=0/0/0/0 chk= 0.000(d=1) stat= 0.168 rest= 0.299
  [bmc-incr i=645 repr=1 active=1118/176270 POs=1]
BMC : c =    1116  cl =   4503  lit =  176269  p =     0  d =     0  f =     1  +  T =     0.03 sec
  [bmc-prof 645] wall=  37.748 p=     1 | ifo=  0.721(sd=0.180 nx=0.000 tfo=0.052 cnt=0.489) snap= 0.280 srm=  7.655 sat=  5.455(set=0.172 slv=5.281 max=5.2809 n=1) cex=R/T/F=0/0/1 trsplit=0 sim=14.110(rmp=0.419 run=13.691 n=1 d=0) incr=loc/full/maxdirty/keys=0/0/0/0 chk= 0.000(d=1) stat= 9.233 rest= 0.294
  [bmc-incr i=646 repr=1 active=1117/176269 POs=1]
BMC : c =    1115  cl =   4503  lit =  176268  p =     0  d =     0  f =     1  +  T =     0.03 sec
  [bmc-prof 646] wall=  34.214 p=     1 | ifo=  0.900(sd=0.299 nx=0.000 tfo=0.060 cnt=0.541) snap= 0.482 srm=  9.146 sat=  8.810(set=0.287 slv=8.521 max=8.5207 n=1) cex=R/T/F=0/0/1 trsplit=0 sim=14.349(rmp=0.625 run=13.723 n=1 d=0) incr=loc/full/maxdirty/keys=0/0/0/0 chk= 0.000(d=1) stat= 0.168 rest= 0.359
  [bmc-incr i=647 repr=1 active=1116/176268 POs=1]
BMC : c =    1114  cl =   4503  lit =  176267  p =     0  d =     0  f =     1  +  T =     0.03 sec
  [bmc-prof 647] wall=  31.636 p=     1 | ifo=  0.940(sd=0.194 nx=0.000 tfo=0.051 cnt=0.695) snap= 0.972 srm=  8.832 sat=  5.813(set=0.184 slv=5.627 max=5.6270 n=1) cex=R/T/F=0/0/1 trsplit=0 sim=14.626(rmp=0.433 run=14.193 n=1 d=0) incr=loc/full/maxdirty/keys=0/0/0/0 chk= 0.000(d=1) stat= 0.155 rest= 0.298
  [bmc-incr i=648 repr=1 active=1115/176267 POs=1]
BMC : c =    1113  cl =   4503  lit =  176266  p =     0  d =     0  f =     1  +  T =     0.03 sec
  [bmc-prof 648] wall=  29.776 p=     1 | ifo=  0.724(sd=0.192 nx=0.000 tfo=0.051 cnt=0.480) snap= 0.287 srm=  7.773 sat=  5.836(set=0.171 slv=5.663 max=5.6628 n=1) cex=R/T/F=0/0/1 trsplit=0 sim=14.680(rmp=0.446 run=14.233 n=1 d=0) incr=loc/full/maxdirty/keys=0/0/0/0 chk= 0.000(d=1) stat= 0.157 rest= 0.318
  [bmc-incr i=649 repr=1 active=1114/176266 POs=1]
BMC : c =    1112  cl =   4503  lit =  176265  p =     0  d =     0  f =     1  +  T =     0.03 sec
  [bmc-prof 649] wall=  29.150 p=     1 | ifo=  0.712(sd=0.177 nx=0.000 tfo=0.050 cnt=0.485) snap= 0.279 srm=  7.835 sat=  5.516(set=0.186 slv=5.328 max=5.3279 n=1) cex=R/T/F=0/0/1 trsplit=0 sim=14.364(rmp=0.413 run=13.949 n=1 d=0) incr=loc/full/maxdirty/keys=0/0/0/0 chk= 0.000(d=1) stat= 0.156 rest= 0.289
  [bmc-incr i=650 repr=1 active=1113/176265 POs=1]
BMC : c =    1111  cl =   4503  lit =  176264  p =     0  d =     0  f =     1  +  T =     0.03 sec
  [bmc-prof 650] wall=  29.402 p=     1 | ifo=  0.724(sd=0.185 nx=0.000 tfo=0.052 cnt=0.487) snap= 0.296 srm=  7.949 sat=  5.492(set=0.180 slv=5.310 max=5.3096 n=1) cex=R/T/F=0/0/1 trsplit=0 sim=14.465(rmp=0.453 run=14.012 n=1 d=0) incr=loc/full/maxdirty/keys=0/0/0/0 chk= 0.000(d=1) stat= 0.179 rest= 0.296
  [bmc-incr i=651 repr=1 active=1112/176264 POs=1]
BMC : c =    1110  cl =   4503  lit =  176263  p =     0  d =     0  f =     1  +  T =     0.03 sec
  [bmc-prof 651] wall=  28.858 p=     1 | ifo=  0.721(sd=0.175 nx=0.000 tfo=0.049 cnt=0.497) snap= 0.301 srm=  7.883 sat=  5.477(set=0.173 slv=5.302 max=5.3024 n=1) cex=R/T/F=0/0/1 trsplit=0 sim=14.027(rmp=0.422 run=13.604 n=1 d=0) incr=loc/full/maxdirty/keys=0/0/0/0 chk= 0.000(d=1) stat= 0.156 rest= 0.293
  [bmc-incr i=652 repr=1 active=1111/176263 POs=1]
BMC : c =    1109  cl =   4503  lit =  176262  p =     0  d =     0  f =     1  +  T =     0.03 sec
  [bmc-prof 652] wall=  29.996 p=     1 | ifo=  0.711(sd=0.177 nx=0.000 tfo=0.054 cnt=0.480) snap= 0.292 srm=  7.667 sat=  5.475(set=0.172 slv=5.302 max=5.3017 n=1) cex=R/T/F=0/0/1 trsplit=0 sim=15.380(rmp=0.425 run=14.954 n=1 d=0) incr=loc/full/maxdirty/keys=0/0/0/0 chk= 0.000(d=1) stat= 0.159 rest= 0.311
  [bmc-incr i=653 repr=1 active=1110/176262 POs=1]
BMC : c =    1108  cl =   4503  lit =  176261  p =     0  d =     0  f =     1  +  T =     0.03 sec
  [bmc-prof 653] wall=  28.841 p=     1 | ifo=  0.718(sd=0.174 nx=0.000 tfo=0.047 cnt=0.497) snap= 0.298 srm=  7.713 sat=  5.495(set=0.198 slv=5.296 max=5.2960 n=1) cex=R/T/F=0/0/1 trsplit=0 sim=14.149(rmp=0.419 run=13.729 n=1 d=0) incr=loc/full/maxdirty/keys=0/0/0/0 chk= 0.000(d=1) stat= 0.169 rest= 0.298
  [bmc-incr i=654 repr=1 active=1109/176261 POs=1]
BMC : c =    1107  cl =   4503  lit =  176260  p =     0  d =     0  f =     1  +  T =     0.03 sec
  [bmc-prof 654] wall=  29.540 p=     1 | ifo=  0.728(sd=0.179 nx=0.000 tfo=0.051 cnt=0.498) snap= 0.279 srm=  7.626 sat=  5.502(set=0.170 slv=5.330 max=5.3299 n=1) cex=R/T/F=0/0/1 trsplit=0 sim=14.878(rmp=0.438 run=14.439 n=1 d=0) incr=loc/full/maxdirty/keys=0/0/0/0 chk= 0.000(d=1) stat= 0.170 rest= 0.357
  [bmc-incr i=655 repr=1 active=1108/176260 POs=1]
BMC : c =    1106  cl =   4503  lit =  176259  p =     0  d =     0  f =     1  +  T =     0.03 sec
  [bmc-prof 655] wall=  32.730 p=     1 | ifo=  0.775(sd=0.200 nx=0.000 tfo=0.071 cnt=0.504) snap= 0.291 srm= 10.852 sat=  5.499(set=0.175 slv=5.321 max=5.3212 n=1) cex=R/T/F=0/0/1 trsplit=0 sim=14.854(rmp=0.489 run=14.364 n=1 d=0) incr=loc/full/maxdirty/keys=0/0/0/0 chk= 0.000(d=1) stat= 0.164 rest= 0.294
  [bmc-incr i=656 repr=1 active=1107/176259 POs=1]
BMC : c =    1105  cl =   4503  lit =  176258  p =     0  d =     0  f =     1  +  T =     0.03 sec
  [bmc-prof 656] wall=  29.255 p=     1 | ifo=  0.704(sd=0.177 nx=0.000 tfo=0.049 cnt=0.478) snap= 0.309 srm=  7.884 sat=  5.580(set=0.179 slv=5.400 max=5.3998 n=1) cex=R/T/F=0/0/1 trsplit=0 sim=14.332(rmp=0.435 run=13.896 n=1 d=0) incr=loc/full/maxdirty/keys=0/0/0/0 chk= 0.000(d=1) stat= 0.156 rest= 0.290
  [bmc-incr i=657 repr=1 active=1106/176258 POs=1]
BMC : c =    1104  cl =   4503  lit =  176257  p =     0  d =     0  f =     1  +  T =     0.03 sec
  [bmc-prof 657] wall=  32.761 p=     1 | ifo=  0.726(sd=0.188 nx=0.000 tfo=0.049 cnt=0.489) snap= 0.279 srm=  7.862 sat=  5.502(set=0.183 slv=5.317 max=5.3169 n=1) cex=R/T/F=0/0/1 trsplit=0 sim=17.948(rmp=0.430 run=17.518 n=1 d=0) incr=loc/full/maxdirty/keys=0/0/0/0 chk= 0.000(d=1) stat= 0.156 rest= 0.288
  [bmc-incr i=658 repr=1 active=1105/176257 POs=1]
BMC : c =    1103  cl =   4503  lit =  176256  p =     0  d =     0  f =     1  +  T =     0.03 sec
  [bmc-prof 658] wall=  29.946 p=     1 | ifo=  0.710(sd=0.175 nx=0.000 tfo=0.048 cnt=0.487) snap= 0.292 srm=  7.988 sat=  5.494(set=0.194 slv=5.297 max=5.2970 n=1) cex=R/T/F=0/0/1 trsplit=0 sim=14.964(rmp=0.467 run=14.496 n=1 d=0) incr=loc/full/maxdirty/keys=0/0/0/0 chk= 0.000(d=1) stat= 0.168 rest= 0.330
  [bmc-incr i=659 repr=1 active=1104/176256 POs=1]
BMC : c =    1102  cl =   4503  lit =  176255  p =     0  d =     0  f =     1  +  T =     0.03 sec
  [bmc-prof 659] wall=  29.888 p=     1 | ifo=  0.759(sd=0.200 nx=0.000 tfo=0.071 cnt=0.489) snap= 0.280 srm=  8.714 sat=  5.483(set=0.192 slv=5.289 max=5.2889 n=1) cex=R/T/F=0/0/1 trsplit=0 sim=14.166(rmp=0.421 run=13.744 n=1 d=0) incr=loc/full/maxdirty/keys=0/0/0/0 chk= 0.000(d=1) stat= 0.167 rest= 0.319
  [bmc-incr i=660 repr=1 active=1103/176255 POs=1]
BMC : c =    1101  cl =   4503  lit =  176254  p =     0  d =     0  f =     1  +  T =     0.03 sec
  [bmc-prof 660] wall=  29.703 p=     1 | ifo=  0.710(sd=0.178 nx=0.000 tfo=0.051 cnt=0.481) snap= 0.292 srm=  8.148 sat=  5.495(set=0.205 slv=5.287 max=5.2872 n=1) cex=R/T/F=0/0/1 trsplit=0 sim=14.605(rmp=0.444 run=14.160 n=1 d=0) incr=loc/full/maxdirty/keys=0/0/0/0 chk= 0.000(d=1) stat= 0.155 rest= 0.298
  [bmc-incr i=661 repr=1 active=1102/176254 POs=1]
BMC : c =    1100  cl =   4503  lit =  176253  p =     0  d =     0  f =     1  +  T =     0.03 sec
  [bmc-prof 661] wall=  33.451 p=     1 | ifo=  0.741(sd=0.180 nx=0.000 tfo=0.052 cnt=0.509) snap= 0.298 srm=  7.928 sat=  5.521(set=0.179 slv=5.339 max=5.3394 n=1) cex=R/T/F=0/0/1 trsplit=0 sim=18.456(rmp=0.433 run=18.022 n=1 d=0) incr=loc/full/maxdirty/keys=0/0/0/0 chk= 0.000(d=1) stat= 0.190 rest= 0.317
  [bmc-incr i=662 repr=1 active=1101/176253 POs=1]
BMC : c =    1099  cl =   4503  lit =  176252  p =     0  d =     0  f =     1  +  T =     0.03 sec
  [bmc-prof 662] wall=  32.046 p=     1 | ifo=  0.952(sd=0.301 nx=0.000 tfo=0.107 cnt=0.544) snap= 0.379 srm= 10.732 sat=  5.681(set=0.236 slv=5.444 max=5.4439 n=1) cex=R/T/F=0/0/1 trsplit=0 sim=13.794(rmp=0.521 run=13.272 n=1 d=0) incr=loc/full/maxdirty/keys=0/0/0/0 chk= 0.000(d=1) stat= 0.176 rest= 0.331
  [bmc-incr i=663 repr=1 active=1100/176252 POs=1]
BMC : c =    1098  cl =   4503  lit =  176251  p =     0  d =     0  f =     1  +  T =     0.03 sec
  [bmc-prof 663] wall=  33.239 p=     1 | ifo=  0.792(sd=0.223 nx=0.000 tfo=0.053 cnt=0.516) snap= 0.457 srm= 11.322 sat=  5.722(set=0.265 slv=5.455 max=5.4547 n=1) cex=R/T/F=0/0/1 trsplit=0 sim=14.427(rmp=0.439 run=13.987 n=1 d=0) incr=loc/full/maxdirty/keys=0/0/0/0 chk= 0.000(d=1) stat= 0.158 rest= 0.360
  [bmc-incr i=664 repr=1 active=1099/176251 POs=1]
BMC : c =    1097  cl =   4503  lit =  176250  p =     0  d =     0  f =     1  +  T =     0.03 sec
  [bmc-prof 664] wall=  29.700 p=     1 | ifo=  0.732(sd=0.189 nx=0.000 tfo=0.056 cnt=0.488) snap= 0.277 srm=  7.789 sat=  5.614(set=0.169 slv=5.443 max=5.4429 n=1) cex=R/T/F=0/0/1 trsplit=0 sim=14.830(rmp=0.436 run=14.393 n=1 d=0) incr=loc/full/maxdirty/keys=0/0/0/0 chk= 0.000(d=1) stat= 0.165 rest= 0.292
  [bmc-incr i=665 repr=1 active=1098/176250 POs=1]
BMC : c =    1096  cl =   4503  lit =  176249  p =     0  d =     0  f =     1  +  T =     0.03 sec
  [bmc-prof 665] wall=  29.511 p=     1 | ifo=  0.745(sd=0.188 nx=0.000 tfo=0.052 cnt=0.505) snap= 0.289 srm=  7.960 sat=  5.508(set=0.198 slv=5.309 max=5.3085 n=1) cex=R/T/F=0/0/1 trsplit=0 sim=14.545(rmp=0.438 run=14.107 n=1 d=0) incr=loc/full/maxdirty/keys=0/0/0/0 chk= 0.000(d=1) stat= 0.160 rest= 0.304
  [bmc-incr i=666 repr=1 active=1097/176249 POs=1]
BMC : c =    1095  cl =   4503  lit =  176248  p =     0  d =     0  f =     1  +  T =     0.03 sec
  [bmc-prof 666] wall=  29.797 p=     1 | ifo=  0.729(sd=0.179 nx=0.000 tfo=0.050 cnt=0.500) snap= 0.304 srm=  7.903 sat=  5.546(set=0.200 slv=5.344 max=5.3438 n=1) cex=R/T/F=0/0/1 trsplit=0 sim=14.813(rmp=0.489 run=14.323 n=1 d=0) incr=loc/full/maxdirty/keys=0/0/0/0 chk= 0.000(d=1) stat= 0.171 rest= 0.331
  [bmc-incr i=667 repr=1 active=1096/176248 POs=1]
BMC : c =    1094  cl =   4503  lit =  176247  p =     0  d =     0  f =     1  +  T =     0.03 sec
  [bmc-prof 667] wall=  30.919 p=     1 | ifo=  0.750(sd=0.186 nx=0.000 tfo=0.054 cnt=0.509) snap= 0.309 srm=  8.479 sat=  5.738(set=0.211 slv=5.524 max=5.5243 n=1) cex=R/T/F=0/0/1 trsplit=0 sim=15.163(rmp=0.479 run=14.683 n=1 d=0) incr=loc/full/maxdirty/keys=0/0/0/0 chk= 0.000(d=1) stat= 0.165 rest= 0.317
  [bmc-incr i=668 repr=1 active=1095/176247 POs=1]
BMC : c =    1093  cl =   4503  lit =  176246  p =     0  d =     0  f =     1  +  T =     0.03 sec
  [bmc-prof 668] wall=  29.534 p=     1 | ifo=  0.744(sd=0.191 nx=0.000 tfo=0.050 cnt=0.503) snap= 0.294 srm=  8.142 sat=  5.532(set=0.193 slv=5.337 max=5.3375 n=1) cex=R/T/F=0/0/1 trsplit=0 sim=14.374(rmp=0.439 run=13.934 n=1 d=0) incr=loc/full/maxdirty/keys=0/0/0/0 chk= 0.000(d=1) stat= 0.156 rest= 0.292
  [bmc-incr i=669 repr=1 active=1094/176246 POs=1]
BMC : c =    1092  cl =   4503  lit =  176245  p =     0  d =     0  f =     1  +  T =     0.03 sec
  [bmc-prof 669] wall=  28.950 p=     1 | ifo=  0.714(sd=0.178 nx=0.000 tfo=0.049 cnt=0.487) snap= 0.286 srm=  7.925 sat=  5.497(set=0.193 slv=5.302 max=5.3020 n=1) cex=R/T/F=0/0/1 trsplit=0 sim=14.082(rmp=0.424 run=13.657 n=1 d=0) incr=loc/full/maxdirty/keys=0/0/0/0 chk= 0.000(d=1) stat= 0.155 rest= 0.290
  [bmc-incr i=670 repr=1 active=1093/176245 POs=1]
BMC : c =    1091  cl =   4503  lit =  176244  p =     0  d =     0  f =     1  +  T =     0.03 sec
  [bmc-prof 670] wall=  29.263 p=     1 | ifo=  0.718(sd=0.176 nx=0.000 tfo=0.048 cnt=0.494) snap= 0.280 srm=  7.990 sat=  5.588(set=0.177 slv=5.409 max=5.4091 n=1) cex=R/T/F=0/0/1 trsplit=0 sim=14.240(rmp=0.431 run=13.809 n=1 d=0) incr=loc/full/maxdirty/keys=0/0/0/0 chk= 0.000(d=1) stat= 0.156 rest= 0.290
  [bmc-incr i=671 repr=1 active=1092/176244 POs=1]
BMC : c =    1090  cl =   4503  lit =  176243  p =     0  d =     0  f =     1  +  T =     0.03 sec
  [bmc-prof 671] wall=  29.086 p=     1 | ifo=  0.721(sd=0.187 nx=0.000 tfo=0.050 cnt=0.485) snap= 0.294 srm=  7.890 sat=  5.541(set=0.203 slv=5.337 max=5.3365 n=1) cex=R/T/F=0/0/1 trsplit=0 sim=14.182(rmp=0.430 run=13.751 n=1 d=0) incr=loc/full/maxdirty/keys=0/0/0/0 chk= 0.000(d=1) stat= 0.167 rest= 0.291
  [bmc-incr i=672 repr=1 active=1091/176243 POs=1]
BMC : c =    1089  cl =   4503  lit =  176242  p =     0  d =     0  f =     1  +  T =     0.03 sec
  [bmc-prof 672] wall=  30.031 p=     1 | ifo=  0.728(sd=0.176 nx=0.000 tfo=0.051 cnt=0.501) snap= 0.278 srm=  7.864 sat=  5.931(set=0.178 slv=5.750 max=5.7497 n=1) cex=R/T/F=0/0/1 trsplit=0 sim=14.714(rmp=0.481 run=14.232 n=1 d=0) incr=loc/full/maxdirty/keys=0/0/0/0 chk= 0.000(d=1) stat= 0.177 rest= 0.339
  [bmc-incr i=673 repr=1 active=1090/176242 POs=1]
BMC : c =    1088  cl =   4503  lit =  176241  p =     0  d =     0  f =     1  +  T =     0.03 sec
  [bmc-prof 673] wall=  29.378 p=     1 | ifo=  0.733(sd=0.181 nx=0.000 tfo=0.054 cnt=0.499) snap= 0.293 srm=  7.832 sat=  5.645(set=0.172 slv=5.471 max=5.4709 n=1) cex=R/T/F=0/0/1 trsplit=0 sim=14.392(rmp=0.452 run=13.940 n=1 d=0) incr=loc/full/maxdirty/keys=0/0/0/0 chk= 0.000(d=1) stat= 0.158 rest= 0.324
  [bmc-incr i=674 repr=1 active=1089/176241 POs=1]
BMC : c =    1087  cl =   4503  lit =  176240  p =     0  d =     0  f =     1  +  T =     0.03 sec
  [bmc-prof 674] wall=  29.407 p=     1 | ifo=  0.734(sd=0.176 nx=0.000 tfo=0.055 cnt=0.502) snap= 0.300 srm=  7.833 sat=  5.680(set=0.171 slv=5.506 max=5.5065 n=1) cex=R/T/F=0/0/1 trsplit=0 sim=14.402(rmp=0.481 run=13.919 n=1 d=0) incr=loc/full/maxdirty/keys=0/0/0/0 chk= 0.000(d=1) stat= 0.159 rest= 0.300
  [bmc-incr i=675 repr=1 active=1088/176240 POs=1]
BMC : c =    1086  cl =   4503  lit =  176239  p =     0  d =     0  f =     1  +  T =     0.04 sec
  [bmc-prof 675] wall=  35.442 p=     1 | ifo=  0.745(sd=0.201 nx=0.000 tfo=0.064 cnt=0.480) snap= 1.373 srm= 12.341 sat=  5.796(set=0.417 slv=5.376 max=5.3765 n=1) cex=R/T/F=0/0/1 trsplit=0 sim=14.623(rmp=0.435 run=14.187 n=1 d=0) incr=loc/full/maxdirty/keys=0/0/0/0 chk= 0.000(d=1) stat= 0.171 rest= 0.391
  [bmc-incr i=676 repr=1 active=1087/176239 POs=1]
BMC : c =    1085  cl =   4503  lit =  176238  p =     0  d =     0  f =     1  +  T =     0.03 sec
  [bmc-prof 676] wall=  30.477 p=     1 | ifo=  0.739(sd=0.177 nx=0.000 tfo=0.061 cnt=0.501) snap= 0.292 srm=  8.103 sat=  5.657(set=0.178 slv=5.478 max=5.4776 n=1) cex=R/T/F=0/0/1 trsplit=0 sim=15.194(rmp=0.469 run=14.724 n=1 d=0) incr=loc/full/maxdirty/keys=0/0/0/0 chk= 0.000(d=1) stat= 0.173 rest= 0.317
  [bmc-incr i=677 repr=1 active=1086/176238 POs=1]
BMC : c =    1084  cl =   4503  lit =  176237  p =     0  d =     0  f =     1  +  T =     0.03 sec
  [bmc-prof 677] wall=  33.147 p=     1 | ifo=  0.724(sd=0.178 nx=0.000 tfo=0.053 cnt=0.492) snap= 0.286 srm=  8.030 sat=  5.624(set=0.199 slv=5.422 max=5.4223 n=1) cex=R/T/F=0/0/1 trsplit=0 sim=17.964(rmp=1.690 run=16.273 n=1 d=0) incr=loc/full/maxdirty/keys=0/0/0/0 chk= 0.000(d=1) stat= 0.173 rest= 0.346
  [bmc-incr i=678 repr=1 active=1085/176237 POs=1]
BMC : c =    1083  cl =   4503  lit =  176236  p =     0  d =     0  f =     1  +  T =     0.03 sec
  [bmc-prof 678] wall=  31.617 p=     1 | ifo=  0.924(sd=0.274 nx=0.000 tfo=0.103 cnt=0.547) snap= 0.326 srm=  8.070 sat=  5.493(set=0.203 slv=5.289 max=5.2885 n=1) cex=R/T/F=0/0/1 trsplit=0 sim=15.834(rmp=0.500 run=15.332 n=1 d=0) incr=loc/full/maxdirty/keys=0/0/0/0 chk= 0.000(d=1) stat= 0.390 rest= 0.579
  [bmc-incr i=679 repr=1 active=1084/176236 POs=1]
BMC : c =    1082  cl =   4503  lit =  176235  p =     0  d =     0  f =     1  +  T =     0.03 sec
  [bmc-prof 679] wall=  30.727 p=     1 | ifo=  1.502(sd=0.388 nx=0.000 tfo=0.065 cnt=1.049) snap= 0.319 srm=  8.588 sat=  5.573(set=0.182 slv=5.390 max=5.3897 n=1) cex=R/T/F=0/0/1 trsplit=0 sim=14.283(rmp=0.437 run=13.846 n=1 d=0) incr=loc/full/maxdirty/keys=0/0/0/0 chk= 0.000(d=1) stat= 0.160 rest= 0.301
  [bmc-incr i=680 repr=1 active=1083/176235 POs=1]
BMC : c =    1081  cl =   4503  lit =  176234  p =     0  d =     0  f =     1  +  T =     0.03 sec
  [bmc-prof 680] wall=  30.402 p=     1 | ifo=  0.713(sd=0.176 nx=0.000 tfo=0.048 cnt=0.489) snap= 0.293 srm=  9.159 sat=  5.534(set=0.197 slv=5.335 max=5.3351 n=1) cex=R/T/F=0/0/1 trsplit=0 sim=14.255(rmp=0.437 run=13.817 n=1 d=0) incr=loc/full/maxdirty/keys=0/0/0/0 chk= 0.000(d=1) stat= 0.158 rest= 0.290
  [bmc-incr i=681 repr=1 active=1082/176234 POs=1]
BMC : c =    1080  cl =   4503  lit =  176233  p =     0  d =     0  f =     1  +  T =     0.03 sec
  [bmc-prof 681] wall=  34.680 p=     1 | ifo=  0.795(sd=0.220 nx=0.000 tfo=0.087 cnt=0.487) snap= 0.961 srm=  7.941 sat=  7.284(set=0.196 slv=7.086 max=7.0856 n=1) cex=R/T/F=0/0/1 trsplit=0 sim=17.217(rmp=0.600 run=16.615 n=1 d=0) incr=loc/full/maxdirty/keys=0/0/0/0 chk= 0.000(d=1) stat= 0.163 rest= 0.320
  [bmc-incr i=682 repr=1 active=1081/176233 POs=1]
BMC : c =    1079  cl =   4503  lit =  176232  p =     0  d =     0  f =     1  +  T =     0.03 sec
  [bmc-prof 682] wall=  30.337 p=     1 | ifo=  0.786(sd=0.238 nx=0.000 tfo=0.049 cnt=0.499) snap= 0.306 srm=  8.761 sat=  5.503(set=0.180 slv=5.321 max=5.3207 n=1) cex=R/T/F=0/0/1 trsplit=0 sim=14.505(rmp=0.440 run=14.064 n=1 d=0) incr=loc/full/maxdirty/keys=0/0/0/0 chk= 0.000(d=1) stat= 0.168 rest= 0.308
  [bmc-incr i=683 repr=1 active=1080/176232 POs=1]
BMC : c =    1078  cl =   4503  lit =  176231  p =     0  d =     0  f =     1  +  T =     0.03 sec
  [bmc-prof 683] wall=  28.838 p=     1 | ifo=  0.743(sd=0.176 nx=0.000 tfo=0.051 cnt=0.516) snap= 0.292 srm=  7.773 sat=  5.568(set=0.178 slv=5.389 max=5.3889 n=1) cex=R/T/F=0/0/1 trsplit=0 sim=13.991(rmp=0.413 run=13.577 n=1 d=0) incr=loc/full/maxdirty/keys=0/0/0/0 chk= 0.000(d=1) stat= 0.158 rest= 0.312
  [bmc-incr i=684 repr=1 active=1079/176231 POs=1]
BMC : c =    1077  cl =   4503  lit =  176230  p =     0  d =     0  f =     1  +  T =     0.03 sec
  [bmc-prof 684] wall=  28.987 p=     1 | ifo=  0.730(sd=0.186 nx=0.000 tfo=0.054 cnt=0.489) snap= 0.301 srm=  7.755 sat=  5.558(set=0.171 slv=5.386 max=5.3856 n=1) cex=R/T/F=0/0/1 trsplit=0 sim=14.191(rmp=0.416 run=13.774 n=1 d=0) incr=loc/full/maxdirty/keys=0/0/0/0 chk= 0.000(d=1) stat= 0.154 rest= 0.297
  [bmc-incr i=685 repr=1 active=1078/176230 POs=1]
BMC : c =    1076  cl =   4503  lit =  176229  p =     0  d =     0  f =     1  +  T =     0.03 sec
  [bmc-prof 685] wall=  29.652 p=     1 | ifo=  0.731(sd=0.189 nx=0.000 tfo=0.049 cnt=0.494) snap= 0.281 srm=  8.100 sat=  5.576(set=0.188 slv=5.385 max=5.3851 n=1) cex=R/T/F=0/0/1 trsplit=0 sim=14.492(rmp=0.446 run=14.044 n=1 d=0) incr=loc/full/maxdirty/keys=0/0/0/0 chk= 0.000(d=1) stat= 0.160 rest= 0.312
  [bmc-incr i=686 repr=1 active=1077/176229 POs=1]
BMC : c =    1075  cl =   4503  lit =  176228  p =     0  d =     0  f =     1  +  T =     0.03 sec
  [bmc-prof 686] wall=  29.508 p=     1 | ifo=  0.731(sd=0.180 nx=0.000 tfo=0.048 cnt=0.503) snap= 0.311 srm=  7.789 sat=  5.718(set=0.198 slv=5.518 max=5.5185 n=1) cex=R/T/F=0/0/1 trsplit=0 sim=14.379(rmp=0.437 run=13.930 n=1 d=0) incr=loc/full/maxdirty/keys=0/0/0/0 chk= 0.000(d=1) stat= 0.201 rest= 0.379
  [bmc-incr i=687 repr=1 active=1076/176228 POs=1]
BMC : c =    1074  cl =   4503  lit =  176227  p =     0  d =     0  f =     1  +  T =     0.03 sec
  [bmc-prof 687] wall=  29.168 p=     1 | ifo=  0.783(sd=0.213 nx=0.000 tfo=0.055 cnt=0.515) snap= 0.281 srm=  8.049 sat=  5.513(set=0.168 slv=5.343 max=5.3428 n=1) cex=R/T/F=0/0/1 trsplit=0 sim=14.087(rmp=0.415 run=13.671 n=1 d=0) incr=loc/full/maxdirty/keys=0/0/0/0 chk= 0.000(d=1) stat= 0.156 rest= 0.298
  [bmc-incr i=688 repr=1 active=1075/176227 POs=1]
BMC : c =    1073  cl =   4503  lit =  176226  p =     0  d =     0  f =     1  +  T =     0.03 sec
  [bmc-prof 688] wall=  29.629 p=     1 | ifo=  0.729(sd=0.192 nx=0.000 tfo=0.049 cnt=0.488) snap= 0.288 srm=  7.870 sat=  5.579(set=0.174 slv=5.403 max=5.4027 n=1) cex=R/T/F=0/0/1 trsplit=0 sim=14.715(rmp=0.425 run=14.289 n=1 d=0) incr=loc/full/maxdirty/keys=0/0/0/0 chk= 0.000(d=1) stat= 0.158 rest= 0.290
  [bmc-incr i=689 repr=1 active=1074/176226 POs=1]
BMC : c =    1072  cl =   4503  lit =  176225  p =     0  d =     0  f =     1  +  T =     0.03 sec
  [bmc-prof 689] wall=  30.796 p=     1 | ifo=  0.745(sd=0.193 nx=0.000 tfo=0.057 cnt=0.495) snap= 0.293 srm=  7.911 sat=  6.324(set=0.186 slv=6.133 max=6.1328 n=1) cex=R/T/F=0/0/1 trsplit=0 sim=14.856(rmp=0.473 run=14.383 n=1 d=0) incr=loc/full/maxdirty/keys=0/0/0/0 chk= 0.000(d=1) stat= 0.176 rest= 0.491
  [bmc-incr i=690 repr=1 active=1073/176225 POs=1]
BMC : c =    1071  cl =   4503  lit =  176224  p =     0  d =     0  f =     1  +  T =     0.03 sec
  [bmc-prof 690] wall=  32.726 p=     1 | ifo=  1.004(sd=0.179 nx=0.000 tfo=0.053 cnt=0.772) snap= 0.334 srm= 11.348 sat=  5.791(set=0.201 slv=5.588 max=5.5880 n=1) cex=R/T/F=0/0/1 trsplit=0 sim=13.772(rmp=0.514 run=13.257 n=1 d=0) incr=loc/full/maxdirty/keys=0/0/0/0 chk= 0.000(d=1) stat= 0.162 rest= 0.315
  [bmc-incr i=691 repr=1 active=1072/176224 POs=1]
BMC : c =    1070  cl =   4503  lit =  176223  p =     0  d =     0  f =     1  +  T =     0.03 sec
  [bmc-prof 691] wall=  29.174 p=     1 | ifo=  0.728(sd=0.179 nx=0.000 tfo=0.057 cnt=0.492) snap= 0.302 srm=  7.927 sat=  5.542(set=0.184 slv=5.355 max=5.3555 n=1) cex=R/T/F=0/0/1 trsplit=0 sim=14.221(rmp=0.431 run=13.789 n=1 d=0) incr=loc/full/maxdirty/keys=0/0/0/0 chk= 0.000(d=1) stat= 0.158 rest= 0.294
  [bmc-incr i=692 repr=1 active=1071/176223 POs=1]
BMC : c =    1069  cl =   4503  lit =  176222  p =     0  d =     0  f =     1  +  T =     0.03 sec
  [bmc-prof 692] wall=  28.979 p=     1 | ifo=  0.710(sd=0.178 nx=0.000 tfo=0.052 cnt=0.481) snap= 0.278 srm=  7.634 sat=  5.539(set=0.180 slv=5.358 max=5.3576 n=1) cex=R/T/F=0/0/1 trsplit=0 sim=14.347(rmp=0.420 run=13.926 n=1 d=0) incr=loc/full/maxdirty/keys=0/0/0/0 chk= 0.000(d=1) stat= 0.158 rest= 0.311
  [bmc-incr i=693 repr=1 active=1070/176222 POs=1]
BMC : c =    1068  cl =   4503  lit =  176221  p =     0  d =     0  f =     1  +  T =     0.03 sec
  [bmc-prof 693] wall=  29.474 p=     1 | ifo=  0.780(sd=0.201 nx=0.000 tfo=0.084 cnt=0.495) snap= 0.291 srm=  7.795 sat=  5.539(set=0.210 slv=5.327 max=5.3270 n=1) cex=R/T/F=0/0/1 trsplit=0 sim=14.574(rmp=0.464 run=14.109 n=1 d=0) incr=loc/full/maxdirty/keys=0/0/0/0 chk= 0.000(d=1) stat= 0.166 rest= 0.328
  [bmc-incr i=694 repr=1 active=1069/176221 POs=1]
BMC : c =    1067  cl =   4503  lit =  176220  p =     0  d =     0  f =     1  +  T =     0.03 sec
  [bmc-prof 694] wall=  30.000 p=     1 | ifo=  0.715(sd=0.181 nx=0.000 tfo=0.051 cnt=0.484) snap= 0.316 srm=  8.423 sat=  5.723(set=0.201 slv=5.521 max=5.5207 n=1) cex=R/T/F=0/0/1 trsplit=0 sim=14.284(rmp=0.451 run=13.832 n=1 d=0) incr=loc/full/maxdirty/keys=0/0/0/0 chk= 0.000(d=1) stat= 0.189 rest= 0.349
  [bmc-incr i=695 repr=1 active=1068/176220 POs=1]
BMC : c =    1066  cl =   4503  lit =  176219  p =     0  d =     0  f =     1  +  T =     0.03 sec
  [bmc-prof 695] wall=  29.092 p=     1 | ifo=  0.841(sd=0.248 nx=0.000 tfo=0.062 cnt=0.532) snap= 0.332 srm=  8.190 sat=  5.565(set=0.217 slv=5.346 max=5.3460 n=1) cex=R/T/F=0/0/1 trsplit=0 sim=13.658(rmp=0.512 run=13.146 n=1 d=0) incr=loc/full/maxdirty/keys=0/0/0/0 chk= 0.000(d=1) stat= 0.174 rest= 0.332
  [bmc-incr i=696 repr=1 active=1067/176219 POs=1]
BMC : c =    1065  cl =   4503  lit =  176218  p =     0  d =     0  f =     1  +  T =     0.03 sec
  [bmc-prof 696] wall=  32.562 p=     1 | ifo=  0.796(sd=0.216 nx=0.000 tfo=0.058 cnt=0.523) snap= 0.323 srm=  8.061 sat=  5.732(set=0.214 slv=5.515 max=5.5154 n=1) cex=R/T/F=0/0/1 trsplit=0 sim=17.169(rmp=0.446 run=16.721 n=1 d=0) incr=loc/full/maxdirty/keys=0/0/0/0 chk= 0.000(d=1) stat= 0.166 rest= 0.315
  [bmc-incr i=697 repr=1 active=1066/176218 POs=1]
BMC : c =    1064  cl =   4503  lit =  176217  p =     0  d =     0  f =     1  +  T =     0.03 sec
  [bmc-prof 697] wall=  29.068 p=     1 | ifo=  0.729(sd=0.197 nx=0.000 tfo=0.049 cnt=0.483) snap= 0.286 srm=  7.834 sat=  5.553(set=0.186 slv=5.365 max=5.3648 n=1) cex=R/T/F=0/0/1 trsplit=0 sim=14.194(rmp=0.433 run=13.761 n=1 d=0) incr=loc/full/maxdirty/keys=0/0/0/0 chk= 0.000(d=1) stat= 0.176 rest= 0.295
  [bmc-incr i=698 repr=1 active=1065/176217 POs=1]
BMC : c =    1063  cl =   4503  lit =  176216  p =     0  d =     0  f =     1  +  T =     0.03 sec
  [bmc-prof 698] wall=  33.867 p=     1 | ifo=  0.744(sd=0.180 nx=0.000 tfo=0.053 cnt=0.511) snap= 0.342 srm=  8.575 sat=  7.349(set=0.198 slv=7.148 max=7.1484 n=1) cex=R/T/F=0/0/1 trsplit=0 sim=16.287(rmp=0.869 run=15.416 n=1 d=0) incr=loc/full/maxdirty/keys=0/0/0/0 chk= 0.000(d=1) stat= 0.162 rest= 0.407
  [bmc-incr i=699 repr=1 active=1064/176216 POs=1]
BMC : c =    1062  cl =   4503  lit =  176215  p =     0  d =     0  f =     1  +  T =     0.03 sec
  [bmc-prof 699] wall=  29.286 p=     1 | ifo=  0.727(sd=0.180 nx=0.000 tfo=0.051 cnt=0.496) snap= 0.283 srm=  7.774 sat=  5.534(set=0.184 slv=5.349 max=5.3487 n=1) cex=R/T/F=0/0/1 trsplit=0 sim=14.447(rmp=0.427 run=14.018 n=1 d=0) incr=loc/full/maxdirty/keys=0/0/0/0 chk= 0.000(d=1) stat= 0.198 rest= 0.322
  [bmc-incr i=700 repr=1 active=1063/176215 POs=1]
BMC : c =    1061  cl =   4503  lit =  176214  p =     0  d =     0  f =     1  +  T =     0.03 sec
  [bmc-prof 700] wall=  33.163 p=     1 | ifo=  1.623(sd=0.219 nx=0.000 tfo=0.059 cnt=1.345) snap= 0.360 srm= 10.550 sat=  5.810(set=0.199 slv=5.609 max=5.6093 n=1) cex=R/T/F=0/0/1 trsplit=0 sim=14.358(rmp=0.418 run=13.939 n=1 d=0) incr=loc/full/maxdirty/keys=0/0/0/0 chk= 0.000(d=1) stat= 0.158 rest= 0.303
  [bmc-incr i=701 repr=1 active=1062/176214 POs=1]
BMC : c =    1060  cl =   4503  lit =  176213  p =     0  d =     0  f =     1  +  T =     0.03 sec
  [bmc-prof 701] wall=  29.043 p=     1 | ifo=  0.779(sd=0.199 nx=0.000 tfo=0.080 cnt=0.500) snap= 0.279 srm=  7.707 sat=  5.547(set=0.176 slv=5.369 max=5.3691 n=1) cex=R/T/F=0/0/1 trsplit=0 sim=14.227(rmp=0.407 run=13.819 n=1 d=0) incr=loc/full/maxdirty/keys=0/0/0/0 chk= 0.000(d=1) stat= 0.180 rest= 0.324
  [bmc-incr i=702 repr=1 active=1061/176213 POs=1]
BMC : c =    1059  cl =   4503  lit =  176212  p =     0  d =     0  f =     1  +  T =     0.03 sec
  [bmc-prof 702] wall=  32.797 p=     1 | ifo=  0.792(sd=0.212 nx=0.000 tfo=0.051 cnt=0.529) snap= 0.283 srm=  8.065 sat=  6.144(set=0.196 slv=5.946 max=5.9465 n=1) cex=R/T/F=0/0/1 trsplit=0 sim=16.996(rmp=0.452 run=16.544 n=1 d=0) incr=loc/full/maxdirty/keys=0/0/0/0 chk= 0.000(d=1) stat= 0.184 rest= 0.331
  [bmc-incr i=703 repr=1 active=1060/176212 POs=1]
BMC : c =    1058  cl =   4503  lit =  176211  p =     0  d =     0  f =     1  +  T =     0.03 sec
  [bmc-prof 703] wall=  31.263 p=     1 | ifo=  0.795(sd=0.215 nx=0.000 tfo=0.053 cnt=0.528) snap= 0.309 srm=  8.604 sat=  5.647(set=0.185 slv=5.460 max=5.4596 n=1) cex=R/T/F=0/0/1 trsplit=0 sim=15.446(rmp=0.433 run=15.012 n=1 d=0) incr=loc/full/maxdirty/keys=0/0/0/0 chk= 0.000(d=1) stat= 0.157 rest= 0.305
  [bmc-incr i=704 repr=1 active=1059/176211 POs=1]
BMC : c =    1057  cl =   4503  lit =  176210  p =     0  d =     0  f =     1  +  T =     0.03 sec
  [bmc-prof 704] wall=  29.771 p=     1 | ifo=  0.803(sd=0.179 nx=0.000 tfo=0.050 cnt=0.575) snap= 0.295 srm=  8.309 sat=  5.594(set=0.181 slv=5.411 max=5.4106 n=1) cex=R/T/F=0/0/1 trsplit=0 sim=14.322(rmp=0.422 run=13.900 n=1 d=0) incr=loc/full/maxdirty/keys=0/0/0/0 chk= 0.000(d=1) stat= 0.156 rest= 0.291
  [bmc-incr i=705 repr=1 active=1058/176210 POs=1]
BMC : c =    1056  cl =   4503  lit =  176209  p =     0  d =     0  f =     1  +  T =     0.03 sec
  [bmc-prof 705] wall=  30.025 p=     1 | ifo=  0.885(sd=0.175 nx=0.000 tfo=0.047 cnt=0.663) snap= 0.344 srm=  8.258 sat=  5.572(set=0.208 slv=5.361 max=5.3615 n=1) cex=R/T/F=0/0/1 trsplit=0 sim=14.505(rmp=0.536 run=13.969 n=1 d=0) incr=loc/full/maxdirty/keys=0/0/0/0 chk= 0.000(d=1) stat= 0.156 rest= 0.305
  [bmc-incr i=706 repr=1 active=1057/176209 POs=1]
BMC : c =    1055  cl =   4503  lit =  176208  p =     0  d =     0  f =     1  +  T =     0.03 sec
  [bmc-prof 706] wall=  29.850 p=     1 | ifo=  0.737(sd=0.195 nx=0.000 tfo=0.050 cnt=0.492) snap= 0.283 srm=  8.057 sat=  5.554(set=0.171 slv=5.380 max=5.3803 n=1) cex=R/T/F=0/0/1 trsplit=0 sim=14.762(rmp=0.438 run=14.324 n=1 d=0) incr=loc/full/maxdirty/keys=0/0/0/0 chk= 0.000(d=1) stat= 0.159 rest= 0.298
  [bmc-incr i=707 repr=1 active=1056/176208 POs=1]
BMC : c =    1054  cl =   4503  lit =  176207  p =     0  d =     0  f =     1  +  T =     0.03 sec
  [bmc-prof 707] wall=  29.434 p=     1 | ifo=  0.733(sd=0.184 nx=0.000 tfo=0.049 cnt=0.500) snap= 0.282 srm=  7.788 sat=  5.640(set=0.178 slv=5.460 max=5.4605 n=1) cex=R/T/F=0/0/1 trsplit=0 sim=14.416(rmp=0.421 run=13.994 n=1 d=0) incr=loc/full/maxdirty/keys=0/0/0/0 chk= 0.000(d=1) stat= 0.199 rest= 0.376
  [bmc-incr i=708 repr=1 active=1055/176207 POs=1]
BMC : c =    1053  cl =   4503  lit =  176206  p =     0  d =     0  f =     1  +  T =     0.03 sec
  [bmc-prof 708] wall=  30.408 p=     1 | ifo=  0.722(sd=0.179 nx=0.000 tfo=0.062 cnt=0.481) snap= 0.284 srm=  7.848 sat=  5.665(set=0.175 slv=5.488 max=5.4885 n=1) cex=R/T/F=0/0/1 trsplit=0 sim=15.410(rmp=0.655 run=14.754 n=1 d=0) incr=loc/full/maxdirty/keys=0/0/0/0 chk= 0.000(d=1) stat= 0.176 rest= 0.301
  [bmc-incr i=709 repr=1 active=1054/176206 POs=1]
BMC : c =    1052  cl =   4503  lit =  176205  p =     0  d =     0  f =     1  +  T =     0.03 sec
  [bmc-prof 709] wall=  30.202 p=     1 | ifo=  0.736(sd=0.187 nx=0.000 tfo=0.051 cnt=0.498) snap= 0.297 srm=  7.991 sat=  5.702(set=0.184 slv=5.516 max=5.5157 n=1) cex=R/T/F=0/0/1 trsplit=0 sim=14.997(rmp=0.432 run=14.564 n=1 d=0) incr=loc/full/maxdirty/keys=0/0/0/0 chk= 0.001(d=1) stat= 0.175 rest= 0.304
  [bmc-incr i=710 repr=1 active=1053/176205 POs=1]
BMC : c =    1051  cl =   4503  lit =  176204  p =     0  d =     0  f =     1  +  T =     0.03 sec
  [bmc-prof 710] wall=  30.223 p=     1 | ifo=  0.718(sd=0.180 nx=0.000 tfo=0.049 cnt=0.489) snap= 0.298 srm=  8.390 sat=  5.771(set=0.199 slv=5.569 max=5.5685 n=1) cex=R/T/F=0/0/1 trsplit=0 sim=14.576(rmp=0.474 run=14.101 n=1 d=0) incr=loc/full/maxdirty/keys=0/0/0/0 chk= 0.000(d=1) stat= 0.161 rest= 0.310
  [bmc-incr i=711 repr=1 active=1052/176204 POs=1]
BMC : c =    1050  cl =   4503  lit =  176203  p =     0  d =     0  f =     1  +  T =     0.03 sec
  [bmc-prof 711] wall=  28.911 p=     1 | ifo=  0.733(sd=0.187 nx=0.000 tfo=0.053 cnt=0.493) snap= 0.281 srm=  7.755 sat=  5.578(set=0.179 slv=5.398 max=5.3976 n=1) cex=R/T/F=0/0/1 trsplit=0 sim=14.120(rmp=0.416 run=13.703 n=1 d=0) incr=loc/full/maxdirty/keys=0/0/0/0 chk= 0.000(d=1) stat= 0.155 rest= 0.289
  [bmc-incr i=712 repr=1 active=1051/176203 POs=1]
BMC : c =    1049  cl =   4503  lit =  176202  p =     0  d =     0  f =     1  +  T =     0.03 sec
  [bmc-prof 712] wall=  29.208 p=     1 | ifo=  0.708(sd=0.177 nx=0.000 tfo=0.050 cnt=0.480) snap= 0.288 srm=  7.728 sat=  5.590(set=0.175 slv=5.413 max=5.4135 n=1) cex=R/T/F=0/0/1 trsplit=0 sim=14.356(rmp=0.424 run=13.930 n=1 d=0) incr=loc/full/maxdirty/keys=0/0/0/0 chk= 0.000(d=1) stat= 0.197 rest= 0.341
  [bmc-incr i=713 repr=1 active=1050/176202 POs=1]
BMC : c =    1048  cl =   4503  lit =  176201  p =     0  d =     0  f =     1  +  T =     0.03 sec
  [bmc-prof 713] wall=  30.007 p=     1 | ifo=  0.822(sd=0.224 nx=0.000 tfo=0.057 cnt=0.542) snap= 0.335 srm=  8.206 sat=  5.682(set=0.216 slv=5.464 max=5.4638 n=1) cex=R/T/F=0/0/1 trsplit=0 sim=14.504(rmp=0.459 run=14.045 n=1 d=0) incr=loc/full/maxdirty/keys=0/0/0/0 chk= 0.000(d=1) stat= 0.156 rest= 0.300
  [bmc-incr i=714 repr=1 active=1049/176201 POs=1]
BMC : c =    1047  cl =   4503  lit =  176200  p =     0  d =     0  f =     1  +  T =     0.03 sec
  [bmc-prof 714] wall=  29.677 p=     1 | ifo=  0.724(sd=0.180 nx=0.000 tfo=0.049 cnt=0.495) snap= 0.282 srm=  7.977 sat=  5.657(set=0.182 slv=5.472 max=5.4720 n=1) cex=R/T/F=0/0/1 trsplit=0 sim=14.560(rmp=0.519 run=14.040 n=1 d=0) incr=loc/full/maxdirty/keys=0/0/0/0 chk= 0.000(d=1) stat= 0.158 rest= 0.319
  [bmc-incr i=715 repr=1 active=1048/176200 POs=1]
BMC : c =    1046  cl =   4503  lit =  176199  p =     0  d =     0  f =     1  +  T =     0.04 sec
  [bmc-prof 715] wall=  42.236 p=     1 | ifo=  0.718(sd=0.179 nx=0.000 tfo=0.050 cnt=0.489) snap= 0.381 srm=  7.675 sat=  5.578(set=0.182 slv=5.394 max=5.3944 n=1) cex=R/T/F=0/0/1 trsplit=0 sim=27.309(rmp=0.633 run=26.674 n=1 d=0) incr=loc/full/maxdirty/keys=0/0/0/0 chk= 0.000(d=1) stat= 0.204 rest= 0.369
  [bmc-incr i=716 repr=1 active=1047/176199 POs=1]
BMC : c =    1045  cl =   4503  lit =  176198  p =     0  d =     0  f =     1  +  T =     0.03 sec
  [bmc-prof 716] wall=  29.710 p=     1 | ifo=  0.845(sd=0.209 nx=0.000 tfo=0.053 cnt=0.583) snap= 0.300 srm=  8.060 sat=  5.689(set=0.179 slv=5.508 max=5.5083 n=1) cex=R/T/F=0/0/1 trsplit=0 sim=14.357(rmp=0.441 run=13.915 n=1 d=0) incr=loc/full/maxdirty/keys=0/0/0/0 chk= 0.000(d=1) stat= 0.154 rest= 0.304
  [bmc-incr i=717 repr=1 active=1046/176198 POs=1]
BMC : c =    1044  cl =   4503  lit =  176197  p =     0  d =     0  f =     1  +  T =     0.03 sec
  [bmc-prof 717] wall=  29.050 p=     1 | ifo=  0.721(sd=0.178 nx=0.000 tfo=0.051 cnt=0.492) snap= 0.288 srm=  7.700 sat=  5.653(set=0.170 slv=5.481 max=5.4812 n=1) cex=R/T/F=0/0/1 trsplit=0 sim=14.228(rmp=0.418 run=13.810 n=1 d=0) incr=loc/full/maxdirty/keys=0/0/0/0 chk= 0.000(d=1) stat= 0.156 rest= 0.305
  [bmc-incr i=718 repr=1 active=1045/176197 POs=1]
BMC : c =    1043  cl =   4503  lit =  176196  p =     0  d =     0  f =     1  +  T =     0.03 sec
  [bmc-prof 718] wall=  33.882 p=     1 | ifo=  0.722(sd=0.187 nx=0.000 tfo=0.045 cnt=0.490) snap= 0.291 srm=  8.620 sat=  7.233(set=0.173 slv=7.053 max=7.0530 n=1) cex=R/T/F=0/0/1 trsplit=0 sim=16.436(rmp=1.256 run=15.180 n=1 d=0) incr=loc/full/maxdirty/keys=0/0/0/0 chk= 0.000(d=1) stat= 0.184 rest= 0.396
  [bmc-incr i=719 repr=1 active=1044/176196 POs=1]
BMC : c =    1042  cl =   4503  lit =  176195  p =     0  d =     0  f =     1  +  T =     0.03 sec
  [bmc-prof 719] wall=  29.504 p=     1 | ifo=  0.791(sd=0.215 nx=0.000 tfo=0.050 cnt=0.527) snap= 0.284 srm=  8.031 sat=  5.661(set=0.178 slv=5.482 max=5.4816 n=1) cex=R/T/F=0/0/1 trsplit=0 sim=14.262(rmp=0.430 run=13.832 n=1 d=0) incr=loc/full/maxdirty/keys=0/0/0/0 chk= 0.000(d=1) stat= 0.163 rest= 0.312
  [bmc-incr i=720 repr=1 active=1043/176195 POs=1]
BMC : c =    1041  cl =   4503  lit =  176194  p =     0  d =     0  f =     1  +  T =     0.03 sec
  [bmc-prof 720] wall=  29.318 p=     1 | ifo=  0.720(sd=0.174 nx=0.000 tfo=0.047 cnt=0.499) snap= 0.301 srm=  8.001 sat=  5.665(set=0.177 slv=5.486 max=5.4863 n=1) cex=R/T/F=0/0/1 trsplit=0 sim=14.178(rmp=0.439 run=13.739 n=1 d=0) incr=loc/full/maxdirty/keys=0/0/0/0 chk= 0.000(d=1) stat= 0.154 rest= 0.299
  [bmc-incr i=721 repr=1 active=1042/176194 POs=1]
BMC : c =    1040  cl =   4503  lit =  176193  p =     0  d =     0  f =     1  +  T =     0.03 sec
  [bmc-prof 721] wall=  30.681 p=     1 | ifo=  0.701(sd=0.175 nx=0.000 tfo=0.043 cnt=0.483) snap= 0.282 srm=  8.120 sat=  5.673(set=0.202 slv=5.469 max=5.4694 n=1) cex=R/T/F=0/0/1 trsplit=0 sim=15.437(rmp=0.446 run=14.990 n=1 d=0) incr=loc/full/maxdirty/keys=0/0/0/0 chk= 0.000(d=1) stat= 0.166 rest= 0.303
  [bmc-incr i=722 repr=1 active=1041/176193 POs=1]
BMC : c =    1039  cl =   4503  lit =  176192  p =     0  d =     0  f =     1  +  T =     0.03 sec
  [bmc-prof 722] wall=  29.746 p=     1 | ifo=  0.716(sd=0.176 nx=0.000 tfo=0.046 cnt=0.494) snap= 0.301 srm=  8.355 sat=  5.673(set=0.191 slv=5.480 max=5.4804 n=1) cex=R/T/F=0/0/1 trsplit=0 sim=14.244(rmp=0.416 run=13.828 n=1 d=0) incr=loc/full/maxdirty/keys=0/0/0/0 chk= 0.000(d=1) stat= 0.155 rest= 0.302
  [bmc-incr i=723 repr=1 active=1040/176192 POs=1]
BMC : c =    1038  cl =   4503  lit =  176191  p =     0  d =     0  f =     1  +  T =     0.03 sec
  [bmc-prof 723] wall=  29.646 p=     1 | ifo=  0.722(sd=0.174 nx=0.000 tfo=0.065 cnt=0.483) snap= 0.318 srm=  8.020 sat=  5.685(set=0.172 slv=5.512 max=5.5116 n=1) cex=R/T/F=0/0/1 trsplit=0 sim=14.422(rmp=0.440 run=13.981 n=1 d=0) incr=loc/full/maxdirty/keys=0/0/0/0 chk= 0.000(d=1) stat= 0.168 rest= 0.311
  [bmc-incr i=724 repr=1 active=1039/176191 POs=1]
BMC : c =    1037  cl =   4503  lit =  176190  p =     0  d =     0  f =     1  +  T =     0.03 sec
  [bmc-prof 724] wall=  34.548 p=     1 | ifo=  0.741(sd=0.181 nx=0.000 tfo=0.046 cnt=0.513) snap= 0.299 srm=  7.893 sat=  5.716(set=0.180 slv=5.534 max=5.5338 n=1) cex=R/T/F=0/0/1 trsplit=0 sim=19.328(rmp=0.443 run=18.883 n=1 d=0) incr=loc/full/maxdirty/keys=0/0/0/0 chk= 0.000(d=1) stat= 0.201 rest= 0.370
  [bmc-incr i=725 repr=1 active=1038/176190 POs=1]
BMC : c =    1036  cl =   4503  lit =  176189  p =     0  d =     0  f =     1  +  T =     0.03 sec
  [bmc-prof 725] wall=  30.125 p=     1 | ifo=  1.014(sd=0.377 nx=0.000 tfo=0.051 cnt=0.586) snap= 0.286 srm=  8.285 sat=  5.690(set=0.197 slv=5.491 max=5.4914 n=1) cex=R/T/F=0/0/1 trsplit=0 sim=14.362(rmp=0.415 run=13.945 n=1 d=0) incr=loc/full/maxdirty/keys=0/0/0/0 chk= 0.000(d=1) stat= 0.162 rest= 0.325
  [bmc-incr i=726 repr=1 active=1037/176189 POs=1]
BMC : c =    1035  cl =   4503  lit =  176188  p =     0  d =     0  f =     1  +  T =     0.03 sec
  [bmc-prof 726] wall=  30.991 p=     1 | ifo=  0.756(sd=0.223 nx=0.000 tfo=0.049 cnt=0.484) snap= 0.290 srm=  9.117 sat=  5.699(set=0.191 slv=5.506 max=5.5058 n=1) cex=R/T/F=0/0/1 trsplit=0 sim=14.623(rmp=0.446 run=14.176 n=1 d=0) incr=loc/full/maxdirty/keys=0/0/0/0 chk= 0.000(d=1) stat= 0.166 rest= 0.340
  [bmc-incr i=727 repr=1 active=1036/176188 POs=1]
BMC : c =    1034  cl =   4503  lit =  176187  p =     0  d =     0  f =     1  +  T =     0.03 sec
  [bmc-prof 727] wall=  29.802 p=     1 | ifo=  0.754(sd=0.177 nx=0.000 tfo=0.050 cnt=0.527) snap= 0.305 srm=  8.149 sat=  5.679(set=0.184 slv=5.494 max=5.4938 n=1) cex=R/T/F=0/0/1 trsplit=0 sim=14.458(rmp=0.428 run=14.029 n=1 d=0) incr=loc/full/maxdirty/keys=0/0/0/0 chk= 0.000(d=1) stat= 0.158 rest= 0.299
  [bmc-incr i=728 repr=1 active=1035/176187 POs=1]
BMC : c =    1033  cl =   4503  lit =  176186  p =     0  d =     0  f =     1  +  T =     0.03 sec
  [bmc-prof 728] wall=  29.001 p=     1 | ifo=  0.722(sd=0.180 nx=0.000 tfo=0.050 cnt=0.492) snap= 0.293 srm=  7.769 sat=  5.604(set=0.173 slv=5.429 max=5.4294 n=1) cex=R/T/F=0/0/1 trsplit=0 sim=14.139(rmp=0.415 run=13.723 n=1 d=0) incr=loc/full/maxdirty/keys=0/0/0/0 chk= 0.001(d=1) stat= 0.157 rest= 0.316
  [bmc-incr i=729 repr=1 active=1034/176186 POs=1]
BMC : c =    1032  cl =   4503  lit =  176185  p =     0  d =     0  f =     1  +  T =     0.03 sec
  [bmc-prof 729] wall=  30.907 p=     1 | ifo=  0.778(sd=0.175 nx=0.000 tfo=0.048 cnt=0.555) snap= 0.460 srm=  8.213 sat=  5.930(set=0.298 slv=5.630 max=5.6303 n=1) cex=R/T/F=0/0/1 trsplit=0 sim=15.019(rmp=0.451 run=14.567 n=1 d=0) incr=loc/full/maxdirty/keys=0/0/0/0 chk= 0.000(d=1) stat= 0.166 rest= 0.340
  [bmc-incr i=730 repr=1 active=1033/176185 POs=1]
BMC : c =    1031  cl =   4503  lit =  176184  p =     0  d =     0  f =     1  +  T =     0.03 sec
  [bmc-prof 730] wall=  31.587 p=     1 | ifo=  0.731(sd=0.191 nx=0.000 tfo=0.051 cnt=0.490) snap= 0.317 srm=  7.976 sat=  7.323(set=0.295 slv=7.026 max=7.0262 n=1) cex=R/T/F=0/0/1 trsplit=0 sim=14.723(rmp=0.540 run=14.182 n=1 d=0) incr=loc/full/maxdirty/keys=0/0/0/0 chk= 0.000(d=1) stat= 0.176 rest= 0.340
  [bmc-incr i=731 repr=1 active=1032/176184 POs=1]
BMC : c =    1030  cl =   4503  lit =  176183  p =     0  d =     0  f =     1  +  T =     0.03 sec
  [bmc-prof 731] wall=  29.906 p=     1 | ifo=  0.817(sd=0.224 nx=0.000 tfo=0.058 cnt=0.535) snap= 0.297 srm=  8.113 sat=  5.710(set=0.197 slv=5.511 max=5.5111 n=1) cex=R/T/F=0/0/1 trsplit=0 sim=14.498(rmp=0.464 run=14.033 n=1 d=0) incr=loc/full/maxdirty/keys=0/0/0/0 chk= 0.000(d=1) stat= 0.161 rest= 0.309
  [bmc-incr i=732 repr=1 active=1031/176183 POs=1]
BMC : c =    1029  cl =   4503  lit =  176182  p =     0  d =     0  f =     1  +  T =     0.03 sec
  [bmc-prof 732] wall=  28.906 p=     1 | ifo=  0.712(sd=0.181 nx=0.000 tfo=0.051 cnt=0.480) snap= 0.292 srm=  7.781 sat=  5.613(set=0.175 slv=5.437 max=5.4365 n=1) cex=R/T/F=0/0/1 trsplit=0 sim=14.050(rmp=0.416 run=13.633 n=1 d=0) incr=loc/full/maxdirty/keys=0/0/0/0 chk= 0.000(d=1) stat= 0.158 rest= 0.301
  [bmc-incr i=733 repr=1 active=1030/176182 POs=1]
BMC : c =    1028  cl =   4503  lit =  176181  p =     0  d =     0  f =     1  +  T =     0.04 sec
  [bmc-prof 733] wall=  37.621 p=     1 | ifo=  0.712(sd=0.183 nx=0.000 tfo=0.047 cnt=0.481) snap= 0.283 srm=  7.621 sat=  5.852(set=0.167 slv=5.683 max=5.6827 n=1) cex=R/T/F=0/0/1 trsplit=0 sim=22.598(rmp=0.442 run=22.155 n=1 d=0) incr=loc/full/maxdirty/keys=0/0/0/0 chk= 0.000(d=1) stat= 0.178 rest= 0.378
  [bmc-incr i=734 repr=1 active=1029/176181 POs=1]
BMC : c =    1027  cl =   4503  lit =  176180  p =     0  d =     0  f =     1  +  T =     0.03 sec
  [bmc-prof 734] wall=  30.181 p=     1 | ifo=  0.795(sd=0.210 nx=0.000 tfo=0.051 cnt=0.535) snap= 0.282 srm=  7.785 sat=  5.613(set=0.174 slv=5.437 max=5.4365 n=1) cex=R/T/F=0/0/1 trsplit=0 sim=15.257(rmp=0.417 run=14.839 n=1 d=0) incr=loc/full/maxdirty/keys=0/0/0/0 chk= 0.000(d=1) stat= 0.158 rest= 0.291
  [bmc-incr i=735 repr=1 active=1028/176180 POs=1]
BMC : c =    1026  cl =   4503  lit =  176179  p =     0  d =     0  f =     1  +  T =     0.03 sec
  [bmc-prof 735] wall=  29.843 p=     1 | ifo=  0.814(sd=0.227 nx=0.000 tfo=0.087 cnt=0.499) snap= 0.295 srm=  8.295 sat=  5.666(set=0.175 slv=5.489 max=5.4893 n=1) cex=R/T/F=0/0/1 trsplit=0 sim=14.318(rmp=0.447 run=13.870 n=1 d=0) incr=loc/full/maxdirty/keys=0/0/0/0 chk= 0.000(d=1) stat= 0.156 rest= 0.300
  [bmc-incr i=736 repr=1 active=1027/176179 POs=1]
BMC : c =    1025  cl =   4503  lit =  176178  p =     0  d =     0  f =     1  +  T =     0.03 sec
  [bmc-prof 736] wall=  29.299 p=     1 | ifo=  0.714(sd=0.176 nx=0.000 tfo=0.045 cnt=0.492) snap= 0.287 srm=  7.691 sat=  5.629(set=0.170 slv=5.457 max=5.4574 n=1) cex=R/T/F=0/0/1 trsplit=0 sim=14.414(rmp=0.462 run=13.951 n=1 d=0) incr=loc/full/maxdirty/keys=0/0/0/0 chk= 0.000(d=1) stat= 0.204 rest= 0.359
  [bmc-incr i=737 repr=1 active=1026/176178 POs=1]
BMC : c =    1024  cl =   4503  lit =  176177  p =     0  d =     0  f =     1  +  T =     0.03 sec
  [bmc-prof 737] wall=  30.408 p=     1 | ifo=  0.789(sd=0.215 nx=0.000 tfo=0.054 cnt=0.520) snap= 0.289 srm=  8.008 sat=  5.720(set=0.184 slv=5.534 max=5.5341 n=1) cex=R/T/F=0/0/1 trsplit=0 sim=15.083(rmp=0.434 run=14.647 n=1 d=0) incr=loc/full/maxdirty/keys=0/0/0/0 chk= 0.000(d=1) stat= 0.194 rest= 0.324
  [bmc-incr i=738 repr=1 active=1025/176177 POs=1]
BMC : c =    1023  cl =   4503  lit =  176176  p =     0  d =     0  f =     1  +  T =     0.03 sec
  [bmc-prof 738] wall=  30.605 p=     1 | ifo=  0.796(sd=0.220 nx=0.000 tfo=0.054 cnt=0.521) snap= 0.302 srm=  8.608 sat=  5.767(set=0.202 slv=5.563 max=5.5631 n=1) cex=R/T/F=0/0/1 trsplit=0 sim=14.620(rmp=0.453 run=14.165 n=1 d=0) incr=loc/full/maxdirty/keys=0/0/0/0 chk= 0.000(d=1) stat= 0.184 rest= 0.328
  [bmc-incr i=739 repr=1 active=1024/176176 POs=1]
BMC : c =    1022  cl =   4503  lit =  176175  p =     0  d =     0  f =     1  +  T =     0.03 sec
  [bmc-prof 739] wall=  31.894 p=     1 | ifo=  1.173(sd=0.218 nx=0.000 tfo=0.049 cnt=0.907) snap= 0.327 srm=  9.546 sat=  5.833(set=0.208 slv=5.624 max=5.6240 n=1) cex=R/T/F=0/0/1 trsplit=0 sim=14.528(rmp=0.514 run=14.013 n=1 d=0) incr=loc/full/maxdirty/keys=0/0/0/0 chk= 0.000(d=1) stat= 0.172 rest= 0.313
  [bmc-incr i=740 repr=1 active=1023/176175 POs=1]
BMC : c =    1021  cl =   4503  lit =  176174  p =     0  d =     0  f =     1  +  T =     0.03 sec
  [bmc-prof 740] wall=  29.677 p=     1 | ifo=  0.743(sd=0.192 nx=0.000 tfo=0.051 cnt=0.500) snap= 0.284 srm=  7.932 sat=  5.735(set=0.181 slv=5.552 max=5.5522 n=1) cex=R/T/F=0/0/1 trsplit=0 sim=14.507(rmp=0.434 run=14.071 n=1 d=0) incr=loc/full/maxdirty/keys=0/0/0/0 chk= 0.000(d=1) stat= 0.165 rest= 0.311
  [bmc-incr i=741 repr=1 active=1022/176174 POs=1]
BMC : c =    1020  cl =   4503  lit =  176173  p =     0  d =     0  f =     1  +  T =     0.03 sec
  [bmc-prof 741] wall=  31.607 p=     1 | ifo=  0.723(sd=0.179 nx=0.000 tfo=0.046 cnt=0.498) snap= 0.286 srm=  8.559 sat=  5.761(set=0.221 slv=5.539 max=5.5386 n=1) cex=R/T/F=0/0/1 trsplit=0 sim=15.706(rmp=0.445 run=15.261 n=1 d=0) incr=loc/full/maxdirty/keys=0/0/0/0 chk= 0.000(d=1) stat= 0.250 rest= 0.321
  [bmc-incr i=742 repr=1 active=1021/176173 POs=1]
BMC : c =    1019  cl =   4503  lit =  176172  p =     0  d =     0  f =     1  +  T =     0.03 sec
  [bmc-prof 742] wall=  32.472 p=     1 | ifo=  1.768(sd=0.607 nx=0.000 tfo=0.119 cnt=1.042) snap= 0.303 srm=  9.069 sat=  5.664(set=0.179 slv=5.483 max=5.4833 n=1) cex=R/T/F=0/0/1 trsplit=0 sim=15.188(rmp=0.455 run=14.732 n=1 d=0) incr=loc/full/maxdirty/keys=0/0/0/0 chk= 0.000(d=1) stat= 0.163 rest= 0.316
  [bmc-incr i=743 repr=1 active=1020/176172 POs=1]
BMC : c =    1018  cl =   4503  lit =  176171  p =     0  d =     0  f =     1  +  T =     0.03 sec
  [bmc-prof 743] wall=  29.370 p=     1 | ifo=  0.725(sd=0.181 nx=0.000 tfo=0.052 cnt=0.493) snap= 0.283 srm=  7.747 sat=  5.785(set=0.183 slv=5.599 max=5.5990 n=1) cex=R/T/F=0/0/1 trsplit=0 sim=14.244(rmp=0.589 run=13.654 n=1 d=0) incr=loc/full/maxdirty/keys=0/0/0/0 chk= 0.001(d=1) stat= 0.197 rest= 0.388
  [bmc-incr i=744 repr=1 active=1019/176171 POs=1]
BMC : c =    1017  cl =   4503  lit =  176170  p =     0  d =     0  f =     1  +  T =     0.03 sec
  [bmc-prof 744] wall=  29.821 p=     1 | ifo=  0.836(sd=0.244 nx=0.000 tfo=0.057 cnt=0.536) snap= 0.346 srm=  8.302 sat=  5.796(set=0.208 slv=5.586 max=5.5856 n=1) cex=R/T/F=0/0/1 trsplit=0 sim=14.026(rmp=0.595 run=13.431 n=1 d=0) incr=loc/full/maxdirty/keys=0/0/0/0 chk= 0.000(d=1) stat= 0.180 rest= 0.334
  [bmc-incr i=745 repr=1 active=1018/176170 POs=1]
BMC : c =    1016  cl =   4503  lit =  176169  p =     0  d =     0  f =     1  +  T =     0.03 sec
  [bmc-prof 745] wall=  30.603 p=     1 | ifo=  0.951(sd=0.303 nx=0.000 tfo=0.105 cnt=0.542) snap= 0.290 srm=  8.057 sat=  5.757(set=0.180 slv=5.576 max=5.5757 n=1) cex=R/T/F=0/0/1 trsplit=0 sim=15.066(rmp=0.433 run=14.632 n=1 d=0) incr=loc/full/maxdirty/keys=0/0/0/0 chk= 0.000(d=1) stat= 0.168 rest= 0.314
  [bmc-incr i=746 repr=1 active=1017/176169 POs=1]
BMC : c =    1015  cl =   4503  lit =  176168  p =     0  d =     0  f =     1  +  T =     0.03 sec
  [bmc-prof 746] wall=  29.459 p=     1 | ifo=  0.726(sd=0.179 nx=0.000 tfo=0.047 cnt=0.499) snap= 0.285 srm=  7.986 sat=  6.061(set=0.186 slv=5.873 max=5.8726 n=1) cex=R/T/F=0/0/1 trsplit=0 sim=13.862(rmp=0.598 run=13.264 n=1 d=0) incr=loc/full/maxdirty/keys=0/0/0/0 chk= 0.000(d=1) stat= 0.191 rest= 0.348
  [bmc-incr i=747 repr=1 active=1016/176168 POs=1]
BMC : c =    1014  cl =   4503  lit =  176167  p =     0  d =     0  f =     1  +  T =     0.03 sec
  [bmc-prof 747] wall=  31.068 p=     1 | ifo=  0.854(sd=0.244 nx=0.000 tfo=0.065 cnt=0.545) snap= 0.319 srm=  8.232 sat=  5.957(set=0.216 slv=5.738 max=5.7375 n=1) cex=R/T/F=0/0/1 trsplit=0 sim=15.196(rmp=0.431 run=14.764 n=1 d=0) incr=loc/full/maxdirty/keys=0/0/0/0 chk= 0.000(d=1) stat= 0.182 rest= 0.330
  [bmc-incr i=748 repr=1 active=1015/176167 POs=1]
BMC : c =    1013  cl =   4503  lit =  176166  p =     0  d =     0  f =     1  +  T =     0.03 sec
  [bmc-prof 748] wall=  30.143 p=     1 | ifo=  0.733(sd=0.187 nx=0.000 tfo=0.046 cnt=0.500) snap= 0.319 srm=  8.093 sat=  5.770(set=0.212 slv=5.556 max=5.5560 n=1) cex=R/T/F=0/0/1 trsplit=0 sim=14.758(rmp=0.465 run=14.293 n=1 d=0) incr=loc/full/maxdirty/keys=0/0/0/0 chk= 0.000(d=1) stat= 0.168 rest= 0.301
  [bmc-incr i=749 repr=1 active=1014/176166 POs=1]
BMC : c =    1012  cl =   4503  lit =  176165  p =     0  d =     0  f =     1  +  T =     0.03 sec
  [bmc-prof 749] wall=  29.116 p=     1 | ifo=  0.736(sd=0.190 nx=0.000 tfo=0.050 cnt=0.495) snap= 0.301 srm=  7.867 sat=  5.680(set=0.179 slv=5.499 max=5.4990 n=1) cex=R/T/F=0/0/1 trsplit=0 sim=13.994(rmp=0.424 run=13.569 n=1 d=0) incr=loc/full/maxdirty/keys=0/0/0/0 chk= 0.000(d=1) stat= 0.162 rest= 0.376
  [bmc-incr i=750 repr=1 active=1013/176165 POs=1]
BMC : c =    1011  cl =   4503  lit =  176164  p =     0  d =     0  f =     1  +  T =     0.03 sec
  [bmc-prof 750] wall=  30.275 p=     1 | ifo=  0.722(sd=0.187 nx=0.000 tfo=0.051 cnt=0.484) snap= 0.280 srm=  7.731 sat=  5.661(set=0.172 slv=5.487 max=5.4871 n=1) cex=R/T/F=0/0/1 trsplit=0 sim=15.428(rmp=0.416 run=15.011 n=1 d=0) incr=loc/full/maxdirty/keys=0/0/0/0 chk= 0.000(d=1) stat= 0.156 rest= 0.298
  [bmc-incr i=751 repr=1 active=1012/176164 POs=1]
BMC : c =    1010  cl =   4503  lit =  176163  p =     0  d =     0  f =     1  +  T =     0.03 sec
  [bmc-prof 751] wall=  33.723 p=     1 | ifo=  0.918(sd=0.178 nx=0.000 tfo=0.142 cnt=0.598) snap= 0.287 srm=  8.193 sat=  7.772(set=0.190 slv=7.580 max=7.5804 n=1) cex=R/T/F=0/0/1 trsplit=0 sim=16.072(rmp=0.440 run=15.630 n=1 d=0) incr=loc/full/maxdirty/keys=0/0/0/0 chk= 0.000(d=1) stat= 0.176 rest= 0.305
  [bmc-incr i=752 repr=1 active=1011/176163 POs=1]
BMC : c =    1009  cl =   4503  lit =  176162  p =     0  d =     0  f =     1  +  T =     0.03 sec
  [bmc-prof 752] wall=  29.887 p=     1 | ifo=  0.784(sd=0.200 nx=0.000 tfo=0.067 cnt=0.518) snap= 0.282 srm=  7.737 sat=  5.715(set=0.172 slv=5.542 max=5.5424 n=1) cex=R/T/F=0/0/1 trsplit=0 sim=14.731(rmp=0.435 run=14.295 n=1 d=0) incr=loc/full/maxdirty/keys=0/0/0/0 chk= 0.000(d=1) stat= 0.247 rest= 0.390
  [bmc-incr i=753 repr=1 active=1010/176162 POs=1]
BMC : c =    1008  cl =   4503  lit =  176161  p =     0  d =     0  f =     1  +  T =     0.03 sec
  [bmc-prof 753] wall=  28.981 p=     1 | ifo=  0.816(sd=0.292 nx=0.000 tfo=0.042 cnt=0.482) snap= 0.283 srm=  7.791 sat=  5.676(set=0.183 slv=5.491 max=5.4907 n=1) cex=R/T/F=0/0/1 trsplit=0 sim=13.959(rmp=0.416 run=13.542 n=1 d=0) incr=loc/full/maxdirty/keys=0/0/0/0 chk= 0.000(d=1) stat= 0.159 rest= 0.297
  [bmc-incr i=754 repr=1 active=1009/176161 POs=1]
BMC : c =    1007  cl =   4503  lit =  176160  p =     0  d =     0  f =     1  +  T =     0.03 sec
  [bmc-prof 754] wall=  29.785 p=     1 | ifo=  0.709(sd=0.181 nx=0.000 tfo=0.045 cnt=0.484) snap= 0.285 srm=  8.294 sat=  5.748(set=0.182 slv=5.564 max=5.5641 n=1) cex=R/T/F=0/0/1 trsplit=0 sim=14.301(rmp=0.432 run=13.868 n=1 d=0) incr=loc/full/maxdirty/keys=0/0/0/0 chk= 0.000(d=1) stat= 0.156 rest= 0.292
  [bmc-incr i=755 repr=1 active=1008/176160 POs=1]
BMC : c =    1006  cl =   4503  lit =  176159  p =     0  d =     0  f =     1  +  T =     0.03 sec
  [bmc-prof 755] wall=  28.897 p=     1 | ifo=  0.711(sd=0.177 nx=0.000 tfo=0.045 cnt=0.489) snap= 0.292 srm=  7.684 sat=  5.704(set=0.174 slv=5.528 max=5.5281 n=1) cex=R/T/F=0/0/1 trsplit=0 sim=14.054(rmp=0.423 run=13.630 n=1 d=0) incr=loc/full/maxdirty/keys=0/0/0/0 chk= 0.000(d=1) stat= 0.156 rest= 0.296
  [bmc-incr i=756 repr=1 active=1007/176159 POs=1]
BMC : c =    1005  cl =   4503  lit =  176158  p =     0  d =     0  f =     1  +  T =     0.03 sec
  [bmc-prof 756] wall=  32.134 p=     1 | ifo=  0.708(sd=0.182 nx=0.000 tfo=0.045 cnt=0.482) snap= 0.355 srm=  9.761 sat=  6.159(set=0.201 slv=5.955 max=5.9547 n=1) cex=R/T/F=0/0/1 trsplit=0 sim=14.692(rmp=0.449 run=14.243 n=1 d=0) incr=loc/full/maxdirty/keys=0/0/0/0 chk= 0.000(d=1) stat= 0.156 rest= 0.303
  [bmc-incr i=757 repr=1 active=1006/176158 POs=1]
BMC : c =    1004  cl =   4503  lit =  176157  p =     0  d =     0  f =     1  +  T =     0.03 sec
  [bmc-prof 757] wall=  34.366 p=     1 | ifo=  0.712(sd=0.176 nx=0.000 tfo=0.053 cnt=0.483) snap= 0.308 srm=  7.771 sat=  7.118(set=0.178 slv=6.936 max=6.9361 n=1) cex=R/T/F=0/0/1 trsplit=0 sim=17.781(rmp=1.203 run=16.577 n=1 d=0) incr=loc/full/maxdirty/keys=0/0/0/0 chk= 0.000(d=1) stat= 0.164 rest= 0.512
  [bmc-incr i=758 repr=1 active=1005/176157 POs=1]
BMC : c =    1003  cl =   4503  lit =  176156  p =     0  d =     0  f =     1  +  T =     0.03 sec
  [bmc-prof 758] wall=  29.222 p=     1 | ifo=  0.714(sd=0.180 nx=0.000 tfo=0.046 cnt=0.488) snap= 0.284 srm=  8.075 sat=  5.674(set=0.191 slv=5.481 max=5.4812 n=1) cex=R/T/F=0/0/1 trsplit=0 sim=14.022(rmp=0.436 run=13.585 n=1 d=0) incr=loc/full/maxdirty/keys=0/0/0/0 chk= 0.000(d=1) stat= 0.164 rest= 0.290
  [bmc-incr i=759 repr=1 active=1004/176156 POs=1]
BMC : c =    1002  cl =   4503  lit =  176155  p =     0  d =     0  f =     1  +  T =     0.03 sec
  [bmc-prof 759] wall=  29.551 p=     1 | ifo=  0.703(sd=0.176 nx=0.000 tfo=0.045 cnt=0.481) snap= 0.308 srm=  7.821 sat=  5.692(set=0.197 slv=5.492 max=5.4924 n=1) cex=R/T/F=0/0/1 trsplit=0 sim=14.555(rmp=0.450 run=14.104 n=1 d=0) incr=loc/full/maxdirty/keys=0/0/0/0 chk= 0.000(d=1) stat= 0.164 rest= 0.307
  [bmc-incr i=760 repr=1 active=1003/176155 POs=1]
BMC : c =    1001  cl =   4503  lit =  176154  p =     0  d =     0  f =     1  +  T =     0.03 sec
  [bmc-prof 760] wall=  29.727 p=     1 | ifo=  0.723(sd=0.179 nx=0.000 tfo=0.050 cnt=0.494) snap= 0.294 srm=  7.953 sat=  5.699(set=0.201 slv=5.496 max=5.4962 n=1) cex=R/T/F=0/0/1 trsplit=0 sim=14.595(rmp=0.456 run=14.138 n=1 d=0) incr=loc/full/maxdirty/keys=0/0/0/0 chk= 0.000(d=1) stat= 0.160 rest= 0.304
  [bmc-incr i=761 repr=1 active=1002/176154 POs=1]
BMC : c =    1000  cl =   4503  lit =  176153  p =     0  d =     0  f =     1  +  T =     0.03 sec
  [bmc-prof 761] wall=  29.400 p=     1 | ifo=  0.722(sd=0.182 nx=0.000 tfo=0.049 cnt=0.491) snap= 0.282 srm=  7.810 sat=  5.762(set=0.180 slv=5.581 max=5.5809 n=1) cex=R/T/F=0/0/1 trsplit=0 sim=14.301(rmp=0.413 run=13.886 n=1 d=0) incr=loc/full/maxdirty/keys=0/0/0/0 chk= 0.001(d=1) stat= 0.224 rest= 0.299
  [bmc-incr i=762 repr=1 active=1001/176153 POs=1]
BMC : c =     999  cl =   4503  lit =  176152  p =     0  d =     0  f =     1  +  T =     0.03 sec
  [bmc-prof 762] wall=  31.099 p=     1 | ifo=  0.743(sd=0.183 nx=0.000 tfo=0.050 cnt=0.510) snap= 0.293 srm=  8.022 sat=  5.916(set=0.183 slv=5.732 max=5.7320 n=1) cex=R/T/F=0/0/1 trsplit=0 sim=15.626(rmp=0.426 run=15.199 n=1 d=0) incr=loc/full/maxdirty/keys=0/0/0/0 chk= 0.000(d=1) stat= 0.171 rest= 0.328
  [bmc-incr i=763 repr=1 active=1000/176152 POs=1]
BMC : c =     998  cl =   4503  lit =  176151  p =     0  d =     0  f =     1  +  T =     0.03 sec
  [bmc-prof 763] wall=  29.541 p=     1 | ifo=  0.742(sd=0.202 nx=0.000 tfo=0.046 cnt=0.495) snap= 0.289 srm=  8.062 sat=  5.716(set=0.185 slv=5.529 max=5.5292 n=1) cex=R/T/F=0/0/1 trsplit=0 sim=14.276(rmp=0.418 run=13.857 n=1 d=0) incr=loc/full/maxdirty/keys=0/0/0/0 chk= 0.000(d=1) stat= 0.157 rest= 0.299
  [bmc-incr i=764 repr=1 active=999/176151 POs=1]
BMC : c =     997  cl =   4503  lit =  176150  p =     0  d =     0  f =     1  +  T =     0.03 sec
  [bmc-prof 764] wall=  29.642 p=     1 | ifo=  0.744(sd=0.199 nx=0.000 tfo=0.051 cnt=0.494) snap= 0.303 srm=  7.840 sat=  5.828(set=0.177 slv=5.648 max=5.6483 n=1) cex=R/T/F=0/0/1 trsplit=0 sim=14.450(rmp=0.443 run=14.005 n=1 d=0) incr=loc/full/maxdirty/keys=0/0/0/0 chk= 0.000(d=1) stat= 0.160 rest= 0.316
  [bmc-incr i=765 repr=1 active=998/176150 POs=1]
BMC : c =     996  cl =   4503  lit =  176149  p =     0  d =     0  f =     1  +  T =     0.03 sec
  [bmc-prof 765] wall=  35.179 p=     1 | ifo=  0.726(sd=0.191 nx=0.000 tfo=0.043 cnt=0.492) snap= 0.283 srm=  8.045 sat=  8.259(set=0.184 slv=8.072 max=8.0719 n=1) cex=R/T/F=0/0/1 trsplit=0 sim=17.355(rmp=0.524 run=16.831 n=1 d=0) incr=loc/full/maxdirty/keys=0/0/0/0 chk= 0.000(d=1) stat= 0.177 rest= 0.334
  [bmc-incr i=766 repr=1 active=997/176149 POs=1]
BMC : c =     995  cl =   4503  lit =  176148  p =     0  d =     0  f =     1  +  T =     0.03 sec
  [bmc-prof 766] wall=  29.405 p=     1 | ifo=  0.813(sd=0.225 nx=0.000 tfo=0.062 cnt=0.526) snap= 0.286 srm=  8.129 sat=  5.719(set=0.183 slv=5.535 max=5.5351 n=1) cex=R/T/F=0/0/1 trsplit=0 sim=13.939(rmp=0.433 run=13.505 n=1 d=0) incr=loc/full/maxdirty/keys=0/0/0/0 chk= 0.000(d=1) stat= 0.185 rest= 0.333
  [bmc-incr i=767 repr=1 active=996/176148 POs=1]
BMC : c =     994  cl =   4503  lit =  176147  p =     0  d =     0  f =     1  +  T =     0.03 sec
  [bmc-prof 767] wall=  29.542 p=     1 | ifo=  0.850(sd=0.255 nx=0.000 tfo=0.056 cnt=0.538) snap= 0.340 srm=  8.291 sat=  5.799(set=0.219 slv=5.578 max=5.5780 n=1) cex=R/T/F=0/0/1 trsplit=0 sim=13.759(rmp=0.498 run=13.260 n=1 d=0) incr=loc/full/maxdirty/keys=0/0/0/0 chk= 0.000(d=1) stat= 0.172 rest= 0.331
  [bmc-incr i=768 repr=1 active=995/176147 POs=1]
BMC : c =     993  cl =   4503  lit =  176146  p =     0  d =     0  f =     1  +  T =     0.04 sec
  [bmc-prof 768] wall=  35.978 p=     1 | ifo=  0.795(sd=0.212 nx=0.000 tfo=0.049 cnt=0.533) snap= 0.416 srm=  8.723 sat=  7.239(set=0.203 slv=7.033 max=7.0334 n=1) cex=R/T/F=0/0/1 trsplit=0 sim=18.175(rmp=0.539 run=17.635 n=1 d=0) incr=loc/full/maxdirty/keys=0/0/0/0 chk= 0.000(d=1) stat= 0.201 rest= 0.428
  [bmc-incr i=769 repr=1 active=994/176146 POs=1]
BMC : c =     992  cl =   4503  lit =  176145  p =     0  d =     0  f =     1  +  T =     0.03 sec
  [bmc-prof 769] wall=  30.260 p=     1 | ifo=  0.926(sd=0.266 nx=0.000 tfo=0.053 cnt=0.606) snap= 0.325 srm=  8.103 sat=  5.874(set=0.201 slv=5.671 max=5.6712 n=1) cex=R/T/F=0/0/1 trsplit=0 sim=14.532(rmp=0.522 run=14.010 n=1 d=0) incr=loc/full/maxdirty/keys=0/0/0/0 chk= 0.000(d=1) stat= 0.157 rest= 0.343
  [bmc-incr i=770 repr=1 active=993/176145 POs=1]
BMC : c =     991  cl =   4503  lit =  176144  p =     0  d =     0  f =     1  +  T =     0.03 sec
  [bmc-prof 770] wall=  30.439 p=     1 | ifo=  0.727(sd=0.179 nx=0.000 tfo=0.059 cnt=0.489) snap= 0.295 srm=  7.812 sat=  5.996(set=0.174 slv=5.819 max=5.8195 n=1) cex=R/T/F=0/0/1 trsplit=0 sim=15.025(rmp=0.562 run=14.462 n=1 d=0) incr=loc/full/maxdirty/keys=0/0/0/0 chk= 0.000(d=1) stat= 0.231 rest= 0.353
  [bmc-incr i=771 repr=1 active=992/176144 POs=1]
BMC : c =     990  cl =   4503  lit =  176143  p =     0  d =     0  f =     1  +  T =     0.03 sec
  [bmc-prof 771] wall=  31.434 p=     1 | ifo=  0.816(sd=0.225 nx=0.000 tfo=0.051 cnt=0.541) snap= 0.351 srm=  8.621 sat=  5.882(set=0.237 slv=5.643 max=5.6433 n=1) cex=R/T/F=0/0/1 trsplit=0 sim=15.298(rmp=0.526 run=14.771 n=1 d=0) incr=loc/full/maxdirty/keys=0/0/0/0 chk= 0.000(d=1) stat= 0.157 rest= 0.308
  [bmc-incr i=772 repr=1 active=991/176143 POs=1]
BMC : c =     989  cl =   4503  lit =  176142  p =     0  d =     0  f =     1  +  T =     0.03 sec
  [bmc-prof 772] wall=  29.547 p=     1 | ifo=  0.738(sd=0.199 nx=0.000 tfo=0.048 cnt=0.490) snap= 0.284 srm=  7.971 sat=  5.826(set=0.197 slv=5.627 max=5.6271 n=1) cex=R/T/F=0/0/1 trsplit=0 sim=14.268(rmp=0.422 run=13.846 n=1 d=0) incr=loc/full/maxdirty/keys=0/0/0/0 chk= 0.000(d=1) stat= 0.168 rest= 0.291
  [bmc-incr i=773 repr=1 active=990/176142 POs=1]
BMC : c =     988  cl =   4503  lit =  176141  p =     0  d =     0  f =     1  +  T =     0.03 sec
  [bmc-prof 773] wall=  30.893 p=     1 | ifo=  0.708(sd=0.177 nx=0.000 tfo=0.043 cnt=0.488) snap= 0.317 srm=  8.275 sat=  5.849(set=0.188 slv=5.659 max=5.6594 n=1) cex=R/T/F=0/0/1 trsplit=0 sim=15.282(rmp=0.442 run=14.839 n=1 d=0) incr=loc/full/maxdirty/keys=0/0/0/0 chk= 0.000(d=1) stat= 0.167 rest= 0.295
  [bmc-incr i=774 repr=1 active=989/176141 POs=1]
BMC : c =     987  cl =   4503  lit =  176140  p =     0  d =     0  f =     1  +  T =     0.03 sec
  [bmc-prof 774] wall=  30.006 p=     1 | ifo=  0.737(sd=0.183 nx=0.000 tfo=0.043 cnt=0.511) snap= 0.290 srm=  7.920 sat=  5.920(set=0.224 slv=5.695 max=5.6946 n=1) cex=R/T/F=0/0/1 trsplit=0 sim=14.668(rmp=0.463 run=14.204 n=1 d=0) incr=loc/full/maxdirty/keys=0/0/0/0 chk= 0.000(d=1) stat= 0.171 rest= 0.299
  [bmc-incr i=775 repr=1 active=988/176140 POs=1]
BMC : c =     986  cl =   4503  lit =  176139  p =     0  d =     0  f =     1  +  T =     0.03 sec
  [bmc-prof 775] wall=  30.267 p=     1 | ifo=  0.708(sd=0.182 nx=0.000 tfo=0.045 cnt=0.481) snap= 0.285 srm=  8.337 sat=  5.831(set=0.193 slv=5.636 max=5.6364 n=1) cex=R/T/F=0/0/1 trsplit=0 sim=14.611(rmp=0.441 run=14.169 n=1 d=0) incr=loc/full/maxdirty/keys=0/0/0/0 chk= 0.000(d=1) stat= 0.187 rest= 0.308
  [bmc-incr i=776 repr=1 active=987/176139 POs=1]
BMC : c =     985  cl =   4503  lit =  176138  p =     0  d =     0  f =     1  +  T =     0.03 sec
  [bmc-prof 776] wall=  31.667 p=     1 | ifo=  0.752(sd=0.192 nx=0.000 tfo=0.045 cnt=0.515) snap= 0.341 srm=  8.220 sat=  7.549(set=0.231 slv=7.315 max=7.3151 n=1) cex=R/T/F=0/0/1 trsplit=0 sim=14.326(rmp=0.462 run=13.863 n=1 d=0) incr=loc/full/maxdirty/keys=0/0/0/0 chk= 0.000(d=1) stat= 0.166 rest= 0.313
  [bmc-incr i=777 repr=1 active=986/176138 POs=1]
BMC : c =     984  cl =   4503  lit =  176137  p =     0  d =     0  f =     1  +  T =     0.03 sec
  [bmc-prof 777] wall=  30.664 p=     1 | ifo=  0.734(sd=0.178 nx=0.000 tfo=0.045 cnt=0.511) snap= 0.290 srm=  8.792 sat=  5.820(set=0.187 slv=5.631 max=5.6308 n=1) cex=R/T/F=0/0/1 trsplit=0 sim=14.568(rmp=0.435 run=14.132 n=1 d=0) incr=loc/full/maxdirty/keys=0/0/0/0 chk= 0.000(d=1) stat= 0.157 rest= 0.303
  [bmc-incr i=778 repr=1 active=985/176137 POs=1]
BMC : c =     983  cl =   4503  lit =  176136  p =     0  d =     0  f =     1  +  T =     0.03 sec
  [bmc-prof 778] wall=  29.347 p=     1 | ifo=  0.731(sd=0.191 nx=0.000 tfo=0.053 cnt=0.487) snap= 0.283 srm=  7.958 sat=  5.825(set=0.191 slv=5.632 max=5.6321 n=1) cex=R/T/F=0/0/1 trsplit=0 sim=14.085(rmp=0.419 run=13.666 n=1 d=0) incr=loc/full/maxdirty/keys=0/0/0/0 chk= 0.000(d=1) stat= 0.170 rest= 0.295
  [bmc-incr i=779 repr=1 active=984/176136 POs=1]
BMC : c =     982  cl =   4503  lit =  176135  p =     0  d =     0  f =     1  +  T =     0.03 sec
  [bmc-prof 779] wall=  30.379 p=     1 | ifo=  0.724(sd=0.179 nx=0.000 tfo=0.053 cnt=0.492) snap= 0.297 srm=  7.917 sat=  5.883(set=0.201 slv=5.679 max=5.6793 n=1) cex=R/T/F=0/0/1 trsplit=0 sim=15.032(rmp=0.495 run=14.537 n=1 d=0) incr=loc/full/maxdirty/keys=0/0/0/0 chk= 0.000(d=1) stat= 0.161 rest= 0.365
  [bmc-incr i=780 repr=1 active=983/176135 POs=1]
BMC : c =     981  cl =   4503  lit =  176134  p =     0  d =     0  f =     1  +  T =     0.03 sec
  [bmc-prof 780] wall=  30.293 p=     1 | ifo=  0.742(sd=0.195 nx=0.000 tfo=0.057 cnt=0.489) snap= 0.744 srm=  8.156 sat=  5.914(set=0.205 slv=5.707 max=5.7069 n=1) cex=R/T/F=0/0/1 trsplit=0 sim=14.283(rmp=0.440 run=13.841 n=1 d=0) incr=loc/full/maxdirty/keys=0/0/0/0 chk= 0.000(d=1) stat= 0.157 rest= 0.298
  [bmc-incr i=781 repr=1 active=982/176134 POs=1]
BMC : c =     980  cl =   4503  lit =  176133  p =     0  d =     0  f =     1  +  T =     0.03 sec
  [bmc-prof 781] wall=  30.136 p=     1 | ifo=  0.719(sd=0.178 nx=0.000 tfo=0.050 cnt=0.491) snap= 0.283 srm=  7.860 sat=  5.994(set=0.188 slv=5.805 max=5.8048 n=1) cex=R/T/F=0/0/1 trsplit=0 sim=14.772(rmp=0.472 run=14.299 n=1 d=0) incr=loc/full/maxdirty/keys=0/0/0/0 chk= 0.000(d=1) stat= 0.171 rest= 0.336
  [bmc-incr i=782 repr=1 active=981/176133 POs=1]
BMC : c =     979  cl =   4503  lit =  176132  p =     0  d =     0  f =     1  +  T =     0.03 sec
  [bmc-prof 782] wall=  29.666 p=     1 | ifo=  0.726(sd=0.179 nx=0.000 tfo=0.046 cnt=0.501) snap= 0.314 srm=  7.930 sat=  5.828(set=0.180 slv=5.646 max=5.6463 n=1) cex=R/T/F=0/0/1 trsplit=0 sim=14.422(rmp=0.423 run=13.997 n=1 d=0) incr=loc/full/maxdirty/keys=0/0/0/0 chk= 0.000(d=1) stat= 0.155 rest= 0.291
  [bmc-incr i=783 repr=1 active=980/176132 POs=1]
BMC : c =     978  cl =   4503  lit =  176131  p =     0  d =     0  f =     1  +  T =     0.03 sec
  [bmc-prof 783] wall=  30.181 p=     1 | ifo=  0.709(sd=0.176 nx=0.000 tfo=0.043 cnt=0.490) snap= 0.280 srm=  7.940 sat=  5.916(set=0.188 slv=5.727 max=5.7265 n=1) cex=R/T/F=0/0/1 trsplit=0 sim=14.887(rmp=0.439 run=14.446 n=1 d=0) incr=loc/full/maxdirty/keys=0/0/0/0 chk= 0.000(d=1) stat= 0.156 rest= 0.293
  [bmc-incr i=784 repr=1 active=979/176131 POs=1]
BMC : c =     977  cl =   4503  lit =  176130  p =     0  d =     0  f =     1  +  T =     0.03 sec
  [bmc-prof 784] wall=  29.293 p=     1 | ifo=  0.716(sd=0.179 nx=0.000 tfo=0.043 cnt=0.494) snap= 0.285 srm=  7.885 sat=  5.823(set=0.183 slv=5.639 max=5.6393 n=1) cex=R/T/F=0/0/1 trsplit=0 sim=14.123(rmp=0.430 run=13.691 n=1 d=0) incr=loc/full/maxdirty/keys=0/0/0/0 chk= 0.000(d=1) stat= 0.157 rest= 0.304
  [bmc-incr i=785 repr=1 active=978/176130 POs=1]
BMC : c =     976  cl =   4503  lit =  176129  p =     0  d =     0  f =     1  +  T =     0.03 sec
  [bmc-prof 785] wall=  29.575 p=     1 | ifo=  0.721(sd=0.192 nx=0.000 tfo=0.046 cnt=0.483) snap= 0.283 srm=  7.789 sat=  5.983(set=0.193 slv=5.788 max=5.7881 n=1) cex=R/T/F=0/0/1 trsplit=0 sim=14.331(rmp=0.439 run=13.891 n=1 d=0) incr=loc/full/maxdirty/keys=0/0/0/0 chk= 0.000(d=1) stat= 0.174 rest= 0.292
  [bmc-incr i=786 repr=1 active=977/176129 POs=1]
BMC : c =     975  cl =   4503  lit =  176128  p =     0  d =     0  f =     1  +  T =     0.03 sec
  [bmc-prof 786] wall=  29.363 p=     1 | ifo=  0.722(sd=0.177 nx=0.000 tfo=0.043 cnt=0.502) snap= 0.305 srm=  7.834 sat=  5.825(set=0.177 slv=5.646 max=5.6461 n=1) cex=R/T/F=0/0/1 trsplit=0 sim=14.224(rmp=0.436 run=13.788 n=1 d=0) incr=loc/full/maxdirty/keys=0/0/0/0 chk= 0.000(d=1) stat= 0.159 rest= 0.293
  [bmc-incr i=787 repr=1 active=976/176128 POs=1]
BMC : c =     974  cl =   4503  lit =  176127  p =     0  d =     0  f =     1  +  T =     0.03 sec
  [bmc-prof 787] wall=  30.145 p=     1 | ifo=  0.724(sd=0.184 nx=0.000 tfo=0.047 cnt=0.493) snap= 0.299 srm=  7.905 sat=  5.822(set=0.187 slv=5.633 max=5.6334 n=1) cex=R/T/F=0/0/1 trsplit=0 sim=14.925(rmp=0.432 run=14.491 n=1 d=0) incr=loc/full/maxdirty/keys=0/0/0/0 chk= 0.000(d=1) stat= 0.168 rest= 0.302
  [bmc-incr i=788 repr=1 active=975/176127 POs=1]
BMC : c =     973  cl =   4503  lit =  176126  p =     0  d =     0  f =     1  +  T =     0.03 sec
  [bmc-prof 788] wall=  29.661 p=     1 | ifo=  0.803(sd=0.208 nx=0.000 tfo=0.069 cnt=0.526) snap= 0.300 srm=  8.015 sat=  5.823(set=0.180 slv=5.642 max=5.6416 n=1) cex=R/T/F=0/0/1 trsplit=0 sim=14.229(rmp=0.426 run=13.802 n=1 d=0) incr=loc/full/maxdirty/keys=0/0/0/0 chk= 0.000(d=1) stat= 0.157 rest= 0.334
  [bmc-incr i=789 repr=1 active=974/176126 POs=1]
BMC : c =     972  cl =   4503  lit =  176125  p =     0  d =     0  f =     1  +  T =     0.03 sec
  [bmc-prof 789] wall=  30.182 p=     1 | ifo=  0.745(sd=0.175 nx=0.000 tfo=0.043 cnt=0.526) snap= 0.288 srm=  7.890 sat=  5.824(set=0.171 slv=5.650 max=5.6503 n=1) cex=R/T/F=0/0/1 trsplit=0 sim=14.962(rmp=0.473 run=14.488 n=1 d=0) incr=loc/full/maxdirty/keys=0/0/0/0 chk= 0.000(d=1) stat= 0.157 rest= 0.316
  [bmc-incr i=790 repr=1 active=973/176125 POs=1]
BMC : c =     971  cl =   4503  lit =  176124  p =     0  d =     0  f =     1  +  T =     0.03 sec
  [bmc-prof 790] wall=  29.916 p=     1 | ifo=  0.749(sd=0.185 nx=0.000 tfo=0.043 cnt=0.521) snap= 0.285 srm=  7.910 sat=  5.793(set=0.175 slv=5.616 max=5.6163 n=1) cex=R/T/F=0/0/1 trsplit=0 sim=14.712(rmp=0.427 run=14.283 n=1 d=0) incr=loc/full/maxdirty/keys=0/0/0/0 chk= 0.000(d=1) stat= 0.163 rest= 0.305
  [bmc-incr i=791 repr=1 active=972/176124 POs=1]
BMC : c =     970  cl =   4503  lit =  176123  p =     0  d =     0  f =     1  +  T =     0.03 sec
  [bmc-prof 791] wall=  29.821 p=     1 | ifo=  0.733(sd=0.201 nx=0.000 tfo=0.044 cnt=0.488) snap= 0.295 srm=  8.163 sat=  5.933(set=0.185 slv=5.746 max=5.7464 n=1) cex=R/T/F=0/0/1 trsplit=0 sim=14.248(rmp=0.445 run=13.802 n=1 d=0) incr=loc/full/maxdirty/keys=0/0/0/0 chk= 0.000(d=1) stat= 0.156 rest= 0.292
  [bmc-incr i=792 repr=1 active=971/176123 POs=1]
BMC : c =     969  cl =   4503  lit =  176122  p =     0  d =     0  f =     1  +  T =     0.03 sec
  [bmc-prof 792] wall=  30.680 p=     1 | ifo=  0.747(sd=0.198 nx=0.000 tfo=0.046 cnt=0.503) snap= 0.303 srm=  7.996 sat=  5.796(set=0.187 slv=5.607 max=5.6066 n=1) cex=R/T/F=0/0/1 trsplit=0 sim=15.336(rmp=0.823 run=14.511 n=1 d=0) incr=loc/full/maxdirty/keys=0/0/0/0 chk= 0.000(d=1) stat= 0.174 rest= 0.329
  [bmc-incr i=793 repr=1 active=970/176122 POs=1]
BMC : c =     968  cl =   4503  lit =  176121  p =     0  d =     0  f =     1  +  T =     0.03 sec
  [bmc-prof 793] wall=  32.675 p=     1 | ifo=  0.731(sd=0.190 nx=0.000 tfo=0.043 cnt=0.497) snap= 0.295 srm=  7.999 sat=  5.850(set=0.183 slv=5.665 max=5.6653 n=1) cex=R/T/F=0/0/1 trsplit=0 sim=17.325(rmp=0.453 run=16.871 n=1 d=0) incr=loc/full/maxdirty/keys=0/0/0/0 chk= 0.000(d=1) stat= 0.165 rest= 0.310
  [bmc-incr i=794 repr=1 active=969/176121 POs=1]
BMC : c =     967  cl =   4503  lit =  176120  p =     0  d =     0  f =     1  +  T =     0.03 sec
  [bmc-prof 794] wall=  29.656 p=     1 | ifo=  0.736(sd=0.181 nx=0.000 tfo=0.045 cnt=0.511) snap= 0.300 srm=  8.035 sat=  5.802(set=0.186 slv=5.614 max=5.6139 n=1) cex=R/T/F=0/0/1 trsplit=0 sim=14.319(rmp=0.421 run=13.897 n=1 d=0) incr=loc/full/maxdirty/keys=0/0/0/0 chk= 0.000(d=1) stat= 0.170 rest= 0.294
  [bmc-incr i=795 repr=1 active=968/176120 POs=1]
BMC : c =     966  cl =   4503  lit =  176119  p =     0  d =     0  f =     1  +  T =     0.03 sec
  [bmc-prof 795] wall=  29.805 p=     1 | ifo=  0.734(sd=0.187 nx=0.000 tfo=0.046 cnt=0.501) snap= 0.299 srm=  7.842 sat=  5.915(set=0.174 slv=5.740 max=5.7399 n=1) cex=R/T/F=0/0/1 trsplit=0 sim=14.555(rmp=0.422 run=14.132 n=1 d=0) incr=loc/full/maxdirty/keys=0/0/0/0 chk= 0.000(d=1) stat= 0.156 rest= 0.304
  [bmc-incr i=796 repr=1 active=967/176119 POs=1]
BMC : c =     965  cl =   4503  lit =  176118  p =     0  d =     0  f =     1  +  T =     0.03 sec
  [bmc-prof 796] wall=  34.165 p=     1 | ifo=  0.741(sd=0.198 nx=0.000 tfo=0.044 cnt=0.499) snap= 0.310 srm=  8.921 sat=  8.820(set=0.203 slv=8.615 max=8.6153 n=1) cex=R/T/F=0/0/1 trsplit=0 sim=14.766(rmp=0.457 run=14.308 n=1 d=0) incr=loc/full/maxdirty/keys=0/0/0/0 chk= 0.000(d=1) stat= 0.209 rest= 0.397
  [bmc-incr i=797 repr=1 active=966/176118 POs=1]
BMC : c =     964  cl =   4503  lit =  176117  p =     0  d =     0  f =     1  +  T =     0.03 sec
  [bmc-prof 797] wall=  30.270 p=     1 | ifo=  0.804(sd=0.224 nx=0.000 tfo=0.057 cnt=0.523) snap= 0.333 srm=  8.286 sat=  5.842(set=0.227 slv=5.614 max=5.6139 n=1) cex=R/T/F=0/0/1 trsplit=0 sim=14.507(rmp=0.508 run=13.997 n=1 d=0) incr=loc/full/maxdirty/keys=0/0/0/0 chk= 0.000(d=1) stat= 0.169 rest= 0.328
  [bmc-incr i=798 repr=1 active=965/176117 POs=1]
BMC : c =     963  cl =   4503  lit =  176116  p =     0  d =     0  f =     1  +  T =     0.03 sec
  [bmc-prof 798] wall=  29.317 p=     1 | ifo=  0.718(sd=0.185 nx=0.000 tfo=0.048 cnt=0.485) snap= 0.283 srm=  7.835 sat=  5.794(set=0.187 slv=5.605 max=5.6047 n=1) cex=R/T/F=0/0/1 trsplit=0 sim=14.231(rmp=0.418 run=13.813 n=1 d=0) incr=loc/full/maxdirty/keys=0/0/0/0 chk= 0.000(d=1) stat= 0.157 rest= 0.298
  [bmc-incr i=799 repr=1 active=964/176116 POs=1]
BMC : c =     962  cl =   4503  lit =  176115  p =     0  d =     0  f =     1  +  T =     0.03 sec
  [bmc-prof 799] wall=  33.551 p=     1 | ifo=  0.705(sd=0.176 nx=0.000 tfo=0.046 cnt=0.483) snap= 0.316 srm=  7.727 sat=  5.923(set=0.192 slv=5.729 max=5.7293 n=1) cex=R/T/F=0/0/1 trsplit=0 sim=18.398(rmp=0.467 run=17.929 n=1 d=0) incr=loc/full/maxdirty/keys=0/0/0/0 chk= 0.000(d=1) stat= 0.165 rest= 0.315
  [bmc-incr i=800 repr=1 active=963/176115 POs=1]
BMC : c =     961  cl =   4503  lit =  176114  p =     0  d =     0  f =     1  +  T =     0.03 sec
  [bmc-prof 800] wall=  30.736 p=     1 | ifo=  0.769(sd=0.214 nx=0.000 tfo=0.049 cnt=0.506) snap= 0.325 srm=  8.562 sat=  6.234(set=0.217 slv=6.015 max=6.0146 n=1) cex=R/T/F=0/0/1 trsplit=0 sim=14.377(rmp=0.433 run=13.944 n=1 d=0) incr=loc/full/maxdirty/keys=0/0/0/0 chk= 0.000(d=1) stat= 0.169 rest= 0.300
  [bmc-incr i=801 repr=1 active=962/176114 POs=1]
BMC : c =     960  cl =   4503  lit =  176113  p =     0  d =     0  f =     1  +  T =     0.03 sec
  [bmc-prof 801] wall=  30.443 p=     1 | ifo=  0.747(sd=0.186 nx=0.000 tfo=0.042 cnt=0.518) snap= 0.286 srm=  8.286 sat=  6.026(set=0.196 slv=5.829 max=5.8290 n=1) cex=R/T/F=0/0/1 trsplit=0 sim=14.590(rmp=0.469 run=14.120 n=1 d=0) incr=loc/full/maxdirty/keys=0/0/0/0 chk= 0.000(d=1) stat= 0.215 rest= 0.293
  [bmc-incr i=802 repr=1 active=961/176113 POs=1]
BMC : c =     959  cl =   4503  lit =  176112  p =     0  d =     0  f =     1  +  T =     0.03 sec
  [bmc-prof 802] wall=  29.824 p=     1 | ifo=  0.701(sd=0.177 nx=0.000 tfo=0.043 cnt=0.481) snap= 0.294 srm=  7.847 sat=  5.917(set=0.182 slv=5.733 max=5.7333 n=1) cex=R/T/F=0/0/1 trsplit=0 sim=14.563(rmp=0.442 run=14.120 n=1 d=0) incr=loc/full/maxdirty/keys=0/0/0/0 chk= 0.000(d=1) stat= 0.173 rest= 0.330
  [bmc-incr i=803 repr=1 active=960/176112 POs=1]
BMC : c =     958  cl =   4503  lit =  176111  p =     0  d =     0  f =     1  +  T =     0.03 sec
  [bmc-prof 803] wall=  30.493 p=     1 | ifo=  0.736(sd=0.192 nx=0.000 tfo=0.045 cnt=0.499) snap= 0.281 srm=  7.854 sat=  6.522(set=0.199 slv=6.320 max=6.3202 n=1) cex=R/T/F=0/0/1 trsplit=0 sim=14.625(rmp=0.442 run=14.182 n=1 d=0) incr=loc/full/maxdirty/keys=0/0/0/0 chk= 0.000(d=1) stat= 0.165 rest= 0.310
  [bmc-incr i=804 repr=1 active=959/176111 POs=1]
BMC : c =     957  cl =   4503  lit =  176110  p =     0  d =     0  f =     1  +  T =     0.03 sec
  [bmc-prof 804] wall=  29.744 p=     1 | ifo=  0.737(sd=0.178 nx=0.000 tfo=0.047 cnt=0.511) snap= 0.306 srm=  7.838 sat=  5.997(set=0.202 slv=5.792 max=5.7924 n=1) cex=R/T/F=0/0/1 trsplit=0 sim=14.370(rmp=0.441 run=13.929 n=1 d=0) incr=loc/full/maxdirty/keys=0/0/0/0 chk= 0.000(d=1) stat= 0.180 rest= 0.316
  [bmc-incr i=805 repr=1 active=958/176110 POs=1]
BMC : c =     956  cl =   4503  lit =  176109  p =     0  d =     0  f =     1  +  T =     0.04 sec
  [bmc-prof 805] wall=  36.387 p=     1 | ifo=  0.786(sd=0.217 nx=0.000 tfo=0.051 cnt=0.518) snap= 0.327 srm= 12.322 sat=  6.469(set=0.209 slv=6.258 max=6.2579 n=1) cex=R/T/F=0/0/1 trsplit=0 sim=16.015(rmp=0.519 run=15.494 n=1 d=0) incr=loc/full/maxdirty/keys=0/0/0/0 chk= 0.000(d=1) stat= 0.161 rest= 0.307
  [bmc-incr i=806 repr=1 active=957/176109 POs=1]
BMC : c =     955  cl =   4503  lit =  176108  p =     0  d =     0  f =     1  +  T =     0.03 sec
  [bmc-prof 806] wall=  32.883 p=     1 | ifo=  0.804(sd=0.209 nx=0.000 tfo=0.111 cnt=0.484) snap= 0.283 srm=  9.239 sat=  6.271(set=0.195 slv=6.075 max=6.0746 n=1) cex=R/T/F=0/0/1 trsplit=0 sim=15.788(rmp=0.516 run=15.272 n=1 d=0) incr=loc/full/maxdirty/keys=0/0/0/0 chk= 0.000(d=1) stat= 0.164 rest= 0.333
  [bmc-incr i=807 repr=1 active=956/176108 POs=1]
BMC : c =     954  cl =   4503  lit =  176107  p =     0  d =     0  f =     1  +  T =     0.03 sec
  [bmc-prof 807] wall=  30.304 p=     1 | ifo=  0.802(sd=0.230 nx=0.000 tfo=0.076 cnt=0.496) snap= 0.292 srm=  8.177 sat=  5.876(set=0.190 slv=5.683 max=5.6835 n=1) cex=R/T/F=0/0/1 trsplit=0 sim=14.684(rmp=0.435 run=14.248 n=1 d=0) incr=loc/full/maxdirty/keys=0/0/0/0 chk= 0.000(d=1) stat= 0.179 rest= 0.295
  [bmc-incr i=808 repr=1 active=955/176107 POs=1]
BMC : c =     953  cl =   4503  lit =  176106  p =     0  d =     0  f =     1  +  T =     0.03 sec
  [bmc-prof 808] wall=  31.063 p=     1 | ifo=  0.729(sd=0.179 nx=0.000 tfo=0.047 cnt=0.503) snap= 0.284 srm=  8.748 sat=  5.954(set=0.197 slv=5.755 max=5.7552 n=1) cex=R/T/F=0/0/1 trsplit=0 sim=14.859(rmp=0.440 run=14.418 n=1 d=0) incr=loc/full/maxdirty/keys=0/0/0/0 chk= 0.000(d=1) stat= 0.183 rest= 0.303
  [bmc-incr i=809 repr=1 active=954/176106 POs=1]
BMC : c =     952  cl =   4503  lit =  176105  p =     0  d =     0  f =     1  +  T =     0.03 sec
  [bmc-prof 809] wall=  29.981 p=     1 | ifo=  0.742(sd=0.181 nx=0.000 tfo=0.047 cnt=0.515) snap= 0.284 srm=  8.262 sat=  5.811(set=0.185 slv=5.624 max=5.6243 n=1) cex=R/T/F=0/0/1 trsplit=0 sim=14.416(rmp=0.427 run=13.989 n=1 d=0) incr=loc/full/maxdirty/keys=0/0/0/0 chk= 0.000(d=1) stat= 0.160 rest= 0.305
  [bmc-incr i=810 repr=1 active=953/176105 POs=1]
BMC : c =     951  cl =   4503  lit =  176104  p =     0  d =     0  f =     1  +  T =     0.03 sec
  [bmc-prof 810] wall=  30.735 p=     1 | ifo=  0.739(sd=0.180 nx=0.000 tfo=0.047 cnt=0.513) snap= 0.304 srm=  8.152 sat=  6.026(set=0.203 slv=5.821 max=5.8207 n=1) cex=R/T/F=0/0/1 trsplit=0 sim=15.040(rmp=0.471 run=14.568 n=1 d=0) incr=loc/full/maxdirty/keys=0/0/0/0 chk= 0.000(d=1) stat= 0.155 rest= 0.319
  [bmc-incr i=811 repr=1 active=952/176104 POs=1]
BMC : c =     950  cl =   4503  lit =  176103  p =     0  d =     0  f =     1  +  T =     0.03 sec
  [bmc-prof 811] wall=  29.887 p=     1 | ifo=  0.730(sd=0.186 nx=0.000 tfo=0.044 cnt=0.499) snap= 0.297 srm=  7.937 sat=  5.818(set=0.180 slv=5.636 max=5.6357 n=1) cex=R/T/F=0/0/1 trsplit=0 sim=14.647(rmp=0.415 run=14.231 n=1 d=0) incr=loc/full/maxdirty/keys=0/0/0/0 chk= 0.000(d=1) stat= 0.161 rest= 0.298
  [bmc-incr i=812 repr=1 active=951/176103 POs=1]
BMC : c =     949  cl =   4503  lit =  176102  p =     0  d =     0  f =     1  +  T =     0.03 sec
  [bmc-prof 812] wall=  30.303 p=     1 | ifo=  0.780(sd=0.211 nx=0.000 tfo=0.073 cnt=0.495) snap= 0.297 srm=  8.072 sat=  5.866(set=0.181 slv=5.684 max=5.6837 n=1) cex=R/T/F=0/0/1 trsplit=0 sim=14.798(rmp=0.420 run=14.377 n=1 d=0) incr=loc/full/maxdirty/keys=0/0/0/0 chk= 0.000(d=1) stat= 0.185 rest= 0.305
  [bmc-incr i=813 repr=1 active=950/176102 POs=1]
BMC : c =     948  cl =   4503  lit =  176101  p =     0  d =     0  f =     1  +  T =     0.03 sec
  [bmc-prof 813] wall=  30.308 p=     1 | ifo=  0.727(sd=0.188 nx=0.000 tfo=0.045 cnt=0.494) snap= 0.283 srm=  8.104 sat=  5.874(set=0.191 slv=5.681 max=5.6810 n=1) cex=R/T/F=0/0/1 trsplit=0 sim=14.818(rmp=0.468 run=14.349 n=1 d=0) incr=loc/full/maxdirty/keys=0/0/0/0 chk= 0.000(d=1) stat= 0.184 rest= 0.318
  [bmc-incr i=814 repr=1 active=949/176101 POs=1]
BMC : c =     947  cl =   4503  lit =  176100  p =     0  d =     0  f =     1  +  T =     0.03 sec
  [bmc-prof 814] wall=  30.865 p=     1 | ifo=  0.809(sd=0.223 nx=0.000 tfo=0.080 cnt=0.506) snap= 0.297 srm=  8.262 sat=  5.858(set=0.193 slv=5.663 max=5.6631 n=1) cex=R/T/F=0/0/1 trsplit=0 sim=15.144(rmp=0.468 run=14.675 n=1 d=0) incr=loc/full/maxdirty/keys=0/0/0/0 chk= 0.000(d=1) stat= 0.162 rest= 0.332
  [bmc-incr i=815 repr=1 active=948/176100 POs=1]
BMC : c =     946  cl =   4503  lit =  176099  p =     0  d =     0  f =     1  +  T =     0.03 sec
  [bmc-prof 815] wall=  32.630 p=     1 | ifo=  0.716(sd=0.177 nx=0.000 tfo=0.049 cnt=0.489) snap= 0.280 srm=  7.904 sat=  5.860(set=0.191 slv=5.667 max=5.6667 n=1) cex=R/T/F=0/0/1 trsplit=0 sim=17.346(rmp=0.450 run=16.895 n=1 d=0) incr=loc/full/maxdirty/keys=0/0/0/0 chk= 0.000(d=1) stat= 0.190 rest= 0.334
  [bmc-incr i=816 repr=1 active=947/176099 POs=1]
BMC : c =     945  cl =   4503  lit =  176098  p =     0  d =     0  f =     1  +  T =     0.03 sec
  [bmc-prof 816] wall=  30.826 p=     1 | ifo=  0.877(sd=0.267 nx=0.000 tfo=0.075 cnt=0.535) snap= 0.402 srm=  9.402 sat=  5.992(set=0.228 slv=5.762 max=5.7618 n=1) cex=R/T/F=0/0/1 trsplit=0 sim=13.649(rmp=0.508 run=13.138 n=1 d=0) incr=loc/full/maxdirty/keys=0/0/0/0 chk= 0.000(d=1) stat= 0.171 rest= 0.333
  [bmc-incr i=817 repr=1 active=946/176098 POs=1]
BMC : c =     944  cl =   4503  lit =  176097  p =     0  d =     0  f =     1  +  T =     0.03 sec
  [bmc-prof 817] wall=  32.419 p=     1 | ifo=  0.817(sd=0.212 nx=0.000 tfo=0.051 cnt=0.554) snap= 0.330 srm=  8.128 sat=  5.860(set=0.203 slv=5.655 max=5.6550 n=1) cex=R/T/F=0/0/1 trsplit=0 sim=16.569(rmp=0.514 run=16.053 n=1 d=0) incr=loc/full/maxdirty/keys=0/0/0/0 chk= 0.001(d=1) stat= 0.279 rest= 0.435
  [bmc-incr i=818 repr=1 active=945/176097 POs=1]
BMC : c =     943  cl =   4503  lit =  176096  p =     0  d =     0  f =     1  +  T =     0.03 sec
  [bmc-prof 818] wall=  30.450 p=     1 | ifo=  1.088(sd=0.289 nx=0.000 tfo=0.050 cnt=0.750) snap= 0.282 srm=  8.422 sat=  5.901(set=0.198 slv=5.701 max=5.7014 n=1) cex=R/T/F=0/0/1 trsplit=0 sim=14.303(rmp=0.451 run=13.851 n=1 d=0) incr=loc/full/maxdirty/keys=0/0/0/0 chk= 0.000(d=1) stat= 0.156 rest= 0.298
  [bmc-incr i=819 repr=1 active=944/176096 POs=1]
BMC : c =     942  cl =   4503  lit =  176095  p =     0  d =     0  f =     1  +  T =     0.03 sec
  [bmc-prof 819] wall=  30.208 p=     1 | ifo=  0.712(sd=0.176 nx=0.000 tfo=0.046 cnt=0.490) snap= 0.281 srm=  8.035 sat=  5.949(set=0.192 slv=5.755 max=5.7549 n=1) cex=R/T/F=0/0/1 trsplit=0 sim=14.779(rmp=0.450 run=14.328 n=1 d=0) incr=loc/full/maxdirty/keys=0/0/0/0 chk= 0.000(d=1) stat= 0.158 rest= 0.296
  [bmc-incr i=820 repr=1 active=943/176095 POs=1]
BMC : c =     941  cl =   4503  lit =  176094  p =     0  d =     0  f =     1  +  T =     0.03 sec
  [bmc-prof 820] wall=  30.704 p=     1 | ifo=  0.713(sd=0.178 nx=0.000 tfo=0.042 cnt=0.493) snap= 0.299 srm=  7.797 sat=  5.902(set=0.179 slv=5.721 max=5.7214 n=1) cex=R/T/F=0/0/1 trsplit=0 sim=15.544(rmp=0.436 run=15.107 n=1 d=0) incr=loc/full/maxdirty/keys=0/0/0/0 chk= 0.000(d=1) stat= 0.159 rest= 0.290
  [bmc-incr i=821 repr=1 active=942/176094 POs=1]
BMC : c =     940  cl =   4503  lit =  176093  p =     0  d =     0  f =     1  +  T =     0.03 sec
  [bmc-prof 821] wall=  29.731 p=     1 | ifo=  0.704(sd=0.184 nx=0.000 tfo=0.039 cnt=0.482) snap= 0.303 srm=  7.855 sat=  5.891(set=0.177 slv=5.711 max=5.7115 n=1) cex=R/T/F=0/0/1 trsplit=0 sim=14.475(rmp=0.458 run=14.017 n=1 d=0) incr=loc/full/maxdirty/keys=0/0/0/0 chk= 0.000(d=1) stat= 0.194 rest= 0.309
  [bmc-incr i=822 repr=1 active=941/176093 POs=1]
BMC : c =     939  cl =   4503  lit =  176092  p =     0  d =     0  f =     1  +  T =     0.03 sec
  [bmc-prof 822] wall=  29.576 p=     1 | ifo=  0.796(sd=0.211 nx=0.000 tfo=0.072 cnt=0.513) snap= 0.279 srm=  7.880 sat=  5.892(set=0.200 slv=5.690 max=5.6902 n=1) cex=R/T/F=0/0/1 trsplit=0 sim=14.267(rmp=0.425 run=13.841 n=1 d=0) incr=loc/full/maxdirty/keys=0/0/0/0 chk= 0.000(d=1) stat= 0.168 rest= 0.293
  [bmc-incr i=823 repr=1 active=940/176092 POs=1]
BMC : c =     938  cl =   4503  lit =  176091  p =     0  d =     0  f =     1  +  T =     0.03 sec
  [bmc-prof 823] wall=  31.191 p=     1 | ifo=  0.747(sd=0.186 nx=0.000 tfo=0.042 cnt=0.520) snap= 0.299 srm=  7.831 sat=  5.872(set=0.177 slv=5.693 max=5.6930 n=1) cex=R/T/F=0/0/1 trsplit=0 sim=15.967(rmp=0.576 run=15.389 n=1 d=0) incr=loc/full/maxdirty/keys=0/0/0/0 chk= 0.000(d=1) stat= 0.166 rest= 0.309
  [bmc-incr i=824 repr=1 active=939/176091 POs=1]
BMC : c =     937  cl =   4503  lit =  176090  p =     0  d =     0  f =     1  +  T =     0.03 sec
  [bmc-prof 824] wall=  29.491 p=     1 | ifo=  0.730(sd=0.194 nx=0.000 tfo=0.044 cnt=0.493) snap= 0.295 srm=  7.993 sat=  5.862(set=0.192 slv=5.669 max=5.6686 n=1) cex=R/T/F=0/0/1 trsplit=0 sim=14.140(rmp=0.419 run=13.720 n=1 d=0) incr=loc/full/maxdirty/keys=0/0/0/0 chk= 0.000(d=1) stat= 0.165 rest= 0.306
  [bmc-incr i=825 repr=1 active=938/176090 POs=1]
BMC : c =     936  cl =   4503  lit =  176089  p =     0  d =     0  f =     1  +  T =     0.03 sec
  [bmc-prof 825] wall=  29.987 p=     1 | ifo=  0.832(sd=0.239 nx=0.000 tfo=0.074 cnt=0.518) snap= 0.282 srm=  7.838 sat=  5.928(set=0.199 slv=5.727 max=5.7273 n=1) cex=R/T/F=0/0/1 trsplit=0 sim=14.601(rmp=0.472 run=14.128 n=1 d=0) incr=loc/full/maxdirty/keys=0/0/0/0 chk= 0.000(d=1) stat= 0.174 rest= 0.332
  [bmc-incr i=826 repr=1 active=937/176089 POs=1]
BMC : c =     935  cl =   4503  lit =  176088  p =     0  d =     0  f =     1  +  T =     0.03 sec
  [bmc-prof 826] wall=  29.995 p=     1 | ifo=  0.725(sd=0.179 nx=0.000 tfo=0.042 cnt=0.503) snap= 0.361 srm=  7.773 sat=  5.982(set=0.180 slv=5.800 max=5.7996 n=1) cex=R/T/F=0/0/1 trsplit=0 sim=14.663(rmp=0.415 run=14.247 n=1 d=0) incr=loc/full/maxdirty/keys=0/0/0/0 chk= 0.000(d=1) stat= 0.176 rest= 0.315
  [bmc-incr i=827 repr=1 active=936/176088 POs=1]
BMC : c =     934  cl =   4503  lit =  176087  p =     0  d =     0  f =     1  +  T =     0.03 sec
  [bmc-prof 827] wall=  34.951 p=     1 | ifo=  0.732(sd=0.181 nx=0.000 tfo=0.047 cnt=0.504) snap= 0.299 srm=  7.895 sat=  6.198(set=0.187 slv=6.008 max=6.0078 n=1) cex=R/T/F=0/0/1 trsplit=0 sim=19.262(rmp=0.627 run=18.635 n=1 d=0) incr=loc/full/maxdirty/keys=0/0/0/0 chk= 0.000(d=1) stat= 0.189 rest= 0.376
  [bmc-incr i=828 repr=1 active=935/176087 POs=1]
BMC : c =     933  cl =   4503  lit =  176086  p =     0  d =     0  f =     1  +  T =     0.03 sec
  [bmc-prof 828] wall=  30.989 p=     1 | ifo=  0.845(sd=0.234 nx=0.000 tfo=0.052 cnt=0.559) snap= 0.341 srm=  8.092 sat=  5.861(set=0.210 slv=5.649 max=5.6493 n=1) cex=R/T/F=0/0/1 trsplit=0 sim=15.238(rmp=0.505 run=14.732 n=1 d=0) incr=loc/full/maxdirty/keys=0/0/0/0 chk= 0.000(d=1) stat= 0.223 rest= 0.389
  [bmc-incr i=829 repr=1 active=934/176086 POs=1]
BMC : c =     932  cl =   4503  lit =  176085  p =     0  d =     0  f =     1  +  T =     0.03 sec
  [bmc-prof 829] wall=  31.090 p=     1 | ifo=  0.792(sd=0.197 nx=0.000 tfo=0.046 cnt=0.550) snap= 0.324 srm=  8.794 sat=  5.887(set=0.196 slv=5.690 max=5.6897 n=1) cex=R/T/F=0/0/1 trsplit=0 sim=14.836(rmp=0.445 run=14.390 n=1 d=0) incr=loc/full/maxdirty/keys=0/0/0/0 chk= 0.000(d=1) stat= 0.159 rest= 0.298
  [bmc-incr i=830 repr=1 active=933/176085 POs=1]
BMC : c =     931  cl =   4503  lit =  176084  p =     0  d =     0  f =     1  +  T =     0.03 sec
  [bmc-prof 830] wall=  30.712 p=     1 | ifo=  0.740(sd=0.197 nx=0.000 tfo=0.049 cnt=0.493) snap= 0.282 srm=  7.969 sat=  5.941(set=0.194 slv=5.744 max=5.7441 n=1) cex=R/T/F=0/0/1 trsplit=0 sim=15.307(rmp=0.473 run=14.832 n=1 d=0) incr=loc/full/maxdirty/keys=0/0/0/0 chk= 0.000(d=1) stat= 0.166 rest= 0.308
  [bmc-incr i=831 repr=1 active=932/176084 POs=1]
BMC : c =     930  cl =   4503  lit =  176083  p =     0  d =     0  f =     1  +  T =     0.03 sec
  [bmc-prof 831] wall=  29.999 p=     1 | ifo=  0.730(sd=0.198 nx=0.000 tfo=0.050 cnt=0.483) snap= 0.295 srm=  8.188 sat=  5.925(set=0.203 slv=5.720 max=5.7203 n=1) cex=R/T/F=0/0/1 trsplit=0 sim=14.395(rmp=0.440 run=13.954 n=1 d=0) incr=loc/full/maxdirty/keys=0/0/0/0 chk= 0.000(d=1) stat= 0.161 rest= 0.305
  [bmc-incr i=832 repr=1 active=931/176083 POs=1]
BMC : c =     929  cl =   4503  lit =  176082  p =     0  d =     0  f =     1  +  T =     0.03 sec
  [bmc-prof 832] wall=  30.841 p=     1 | ifo=  0.758(sd=0.212 nx=0.000 tfo=0.051 cnt=0.495) snap= 0.321 srm=  7.904 sat=  6.088(set=0.181 slv=5.906 max=5.9060 n=1) cex=R/T/F=0/0/1 trsplit=0 sim=15.294(rmp=0.455 run=14.839 n=1 d=0) incr=loc/full/maxdirty/keys=0/0/0/0 chk= 0.000(d=1) stat= 0.176 rest= 0.300
  [bmc-incr i=833 repr=1 active=930/176082 POs=1]
BMC : c =     928  cl =   4503  lit =  176081  p =     0  d =     0  f =     1  +  T =     0.03 sec
  [bmc-prof 833] wall=  29.984 p=     1 | ifo=  0.763(sd=0.190 nx=0.000 tfo=0.048 cnt=0.525) snap= 0.289 srm=  7.936 sat=  5.914(set=0.201 slv=5.711 max=5.7112 n=1) cex=R/T/F=0/0/1 trsplit=0 sim=14.634(rmp=0.419 run=14.214 n=1 d=0) incr=loc/full/maxdirty/keys=0/0/0/0 chk= 0.000(d=1) stat= 0.156 rest= 0.291
  [bmc-incr i=834 repr=1 active=929/176081 POs=1]
BMC : c =     927  cl =   4503  lit =  176080  p =     0  d =     0  f =     1  +  T =     0.03 sec
  [bmc-prof 834] wall=  29.618 p=     1 | ifo=  0.756(sd=0.218 nx=0.000 tfo=0.045 cnt=0.493) snap= 0.291 srm=  7.946 sat=  5.966(set=0.193 slv=5.771 max=5.7709 n=1) cex=R/T/F=0/0/1 trsplit=0 sim=14.213(rmp=0.424 run=13.788 n=1 d=0) incr=loc/full/maxdirty/keys=0/0/0/0 chk= 0.000(d=1) stat= 0.157 rest= 0.289
  [bmc-incr i=835 repr=1 active=928/176080 POs=1]
BMC : c =     926  cl =   4503  lit =  176079  p =     0  d =     0  f =     1  +  T =     0.03 sec
  [bmc-prof 835] wall=  31.924 p=     1 | ifo=  0.714(sd=0.183 nx=0.000 tfo=0.043 cnt=0.488) snap= 0.301 srm=  7.810 sat=  5.931(set=0.174 slv=5.755 max=5.7548 n=1) cex=R/T/F=0/0/1 trsplit=0 sim=16.698(rmp=0.442 run=16.255 n=1 d=0) incr=loc/full/maxdirty/keys=0/0/0/0 chk= 0.000(d=1) stat= 0.171 rest= 0.298
  [bmc-incr i=836 repr=1 active=927/176079 POs=1]
BMC : c =     925  cl =   4503  lit =  176078  p =     0  d =     0  f =     1  +  T =     0.03 sec
  [bmc-prof 836] wall=  31.598 p=     1 | ifo=  0.701(sd=0.176 nx=0.000 tfo=0.041 cnt=0.484) snap= 0.355 srm=  8.178 sat=  7.008(set=0.227 slv=6.779 max=6.7793 n=1) cex=R/T/F=0/0/1 trsplit=0 sim=14.868(rmp=0.450 run=14.417 n=1 d=0) incr=loc/full/maxdirty/keys=0/0/0/0 chk= 0.000(d=1) stat= 0.171 rest= 0.315
  [bmc-incr i=837 repr=1 active=926/176078 POs=1]
BMC : c =     924  cl =   4503  lit =  176077  p =     0  d =     0  f =     1  +  T =     0.03 sec
  [bmc-prof 837] wall=  30.995 p=     1 | ifo=  0.744(sd=0.178 nx=0.000 tfo=0.044 cnt=0.522) snap= 0.303 srm=  7.937 sat=  6.120(set=0.181 slv=5.938 max=5.9377 n=1) cex=R/T/F=0/0/1 trsplit=0 sim=15.401(rmp=0.446 run=14.954 n=1 d=0) incr=loc/full/maxdirty/keys=0/0/0/0 chk= 0.000(d=1) stat= 0.188 rest= 0.301
  [bmc-incr i=838 repr=1 active=925/176077 POs=1]
BMC : c =     923  cl =   4503  lit =  176076  p =     0  d =     0  f =     1  +  T =     0.03 sec
  [bmc-prof 838] wall=  33.276 p=     1 | ifo=  0.725(sd=0.179 nx=0.000 tfo=0.044 cnt=0.502) snap= 0.297 srm=  7.807 sat=  5.959(set=0.176 slv=5.782 max=5.7816 n=1) cex=R/T/F=0/0/1 trsplit=0 sim=17.134(rmp=0.413 run=16.718 n=1 d=0) incr=loc/full/maxdirty/keys=0/0/0/0 chk= 0.001(d=1) stat= 0.567 rest= 0.788
  [bmc-incr i=839 repr=1 active=924/176076 POs=1]
BMC : c =     922  cl =   4503  lit =  176075  p =     0  d =     0  f =     1  +  T =     0.03 sec
  [bmc-prof 839] wall=  33.264 p=     1 | ifo=  2.151(sd=0.588 nx=0.000 tfo=0.085 cnt=1.478) snap= 0.331 srm= 10.236 sat=  5.938(set=0.182 slv=5.754 max=5.7542 n=1) cex=R/T/F=0/0/1 trsplit=0 sim=14.141(rmp=0.436 run=13.704 n=1 d=0) incr=loc/full/maxdirty/keys=0/0/0/0 chk= 0.000(d=1) stat= 0.163 rest= 0.304
  [bmc-incr i=840 repr=1 active=923/176075 POs=1]
BMC : c =     921  cl =   4503  lit =  176074  p =     0  d =     0  f =     1  +  T =     0.03 sec
  [bmc-prof 840] wall=  29.893 p=     1 | ifo=  0.733(sd=0.176 nx=0.000 tfo=0.042 cnt=0.516) snap= 0.306 srm=  7.974 sat=  5.914(set=0.192 slv=5.720 max=5.7204 n=1) cex=R/T/F=0/0/1 trsplit=0 sim=14.500(rmp=0.460 run=14.040 n=1 d=0) incr=loc/full/maxdirty/keys=0/0/0/0 chk= 0.000(d=1) stat= 0.160 rest= 0.305
  [bmc-incr i=841 repr=1 active=922/176074 POs=1]
BMC : c =     920  cl =   4503  lit =  176073  p =     0  d =     0  f =     1  +  T =     0.03 sec
  [bmc-prof 841] wall=  30.397 p=     1 | ifo=  0.718(sd=0.180 nx=0.000 tfo=0.045 cnt=0.493) snap= 0.293 srm=  8.364 sat=  5.940(set=0.198 slv=5.740 max=5.7398 n=1) cex=R/T/F=0/0/1 trsplit=0 sim=14.613(rmp=0.431 run=14.181 n=1 d=0) incr=loc/full/maxdirty/keys=0/0/0/0 chk= 0.000(d=1) stat= 0.164 rest= 0.305
  [bmc-incr i=842 repr=1 active=921/176073 POs=1]
BMC : c =     919  cl =   4503  lit =  176072  p =     0  d =     0  f =     1  +  T =     0.03 sec
  [bmc-prof 842] wall=  29.757 p=     1 | ifo=  0.706(sd=0.181 nx=0.000 tfo=0.043 cnt=0.482) snap= 0.302 srm=  7.993 sat=  6.147(set=0.221 slv=5.924 max=5.9239 n=1) cex=R/T/F=0/0/1 trsplit=0 sim=14.160(rmp=0.447 run=13.713 n=1 d=0) incr=loc/full/maxdirty/keys=0/0/0/0 chk= 0.000(d=1) stat= 0.157 rest= 0.291
  [bmc-incr i=843 repr=1 active=920/176072 POs=1]
BMC : c =     918  cl =   4503  lit =  176071  p =     0  d =     0  f =     1  +  T =     0.03 sec
  [bmc-prof 843] wall=  29.607 p=     1 | ifo=  0.726(sd=0.179 nx=0.000 tfo=0.046 cnt=0.501) snap= 0.307 srm=  7.703 sat=  6.051(set=0.188 slv=5.861 max=5.8612 n=1) cex=R/T/F=0/0/1 trsplit=0 sim=14.359(rmp=0.451 run=13.907 n=1 d=0) incr=loc/full/maxdirty/keys=0/0/0/0 chk= 0.000(d=1) stat= 0.159 rest= 0.300
  [bmc-incr i=844 repr=1 active=919/176071 POs=1]
BMC : c =     917  cl =   4503  lit =  176070  p =     0  d =     0  f =     1  +  T =     0.04 sec
  [bmc-prof 844] wall=  36.509 p=     1 | ifo=  0.708(sd=0.182 nx=0.000 tfo=0.044 cnt=0.483) snap= 0.283 srm=  7.733 sat=  6.956(set=0.177 slv=6.776 max=6.7758 n=1) cex=R/T/F=0/0/1 trsplit=0 sim=20.298(rmp=0.426 run=19.871 n=1 d=0) incr=loc/full/maxdirty/keys=0/0/0/0 chk= 0.000(d=1) stat= 0.191 rest= 0.340
  [bmc-incr i=845 repr=1 active=918/176070 POs=1]
BMC : c =     916  cl =   4503  lit =  176069  p =     0  d =     0  f =     1  +  T =     0.03 sec
  [bmc-prof 845] wall=  32.141 p=     1 | ifo=  0.799(sd=0.218 nx=0.000 tfo=0.060 cnt=0.522) snap= 0.333 srm=  8.359 sat=  6.260(set=0.230 slv=6.027 max=6.0272 n=1) cex=R/T/F=0/0/1 trsplit=0 sim=15.865(rmp=0.575 run=15.288 n=1 d=0) incr=loc/full/maxdirty/keys=0/0/0/0 chk= 0.000(d=1) stat= 0.167 rest= 0.359
  [bmc-incr i=846 repr=1 active=917/176069 POs=1]
BMC : c =     915  cl =   4503  lit =  176068  p =     0  d =     0  f =     1  +  T =     0.03 sec
  [bmc-prof 846] wall=  31.508 p=     1 | ifo=  0.727(sd=0.181 nx=0.000 tfo=0.044 cnt=0.502) snap= 0.313 srm=  8.268 sat=  6.112(set=0.196 slv=5.915 max=5.9146 n=1) cex=R/T/F=0/0/1 trsplit=0 sim=15.629(rmp=0.436 run=15.193 n=1 d=0) incr=loc/full/maxdirty/keys=0/0/0/0 chk= 0.000(d=1) stat= 0.156 rest= 0.302
  [bmc-incr i=847 repr=1 active=916/176068 POs=1]
BMC : c =     914  cl =   4503  lit =  176067  p =     0  d =     0  f =     1  +  T =     0.03 sec
  [bmc-prof 847] wall=  29.777 p=     1 | ifo=  0.711(sd=0.178 nx=0.000 tfo=0.044 cnt=0.489) snap= 0.297 srm=  7.830 sat=  5.982(set=0.188 slv=5.792 max=5.7922 n=1) cex=R/T/F=0/0/1 trsplit=0 sim=14.498(rmp=0.457 run=14.039 n=1 d=0) incr=loc/full/maxdirty/keys=0/0/0/0 chk= 0.000(d=1) stat= 0.158 rest= 0.301
  [bmc-incr i=848 repr=1 active=915/176067 POs=1]
BMC : c =     913  cl =   4503  lit =  176066  p =     0  d =     0  f =     1  +  T =     0.03 sec
  [bmc-prof 848] wall=  29.630 p=     1 | ifo=  0.734(sd=0.191 nx=0.000 tfo=0.054 cnt=0.488) snap= 0.279 srm=  7.882 sat=  6.014(set=0.178 slv=5.835 max=5.8348 n=1) cex=R/T/F=0/0/1 trsplit=0 sim=14.261(rmp=0.440 run=13.821 n=1 d=0) incr=loc/full/maxdirty/keys=0/0/0/0 chk= 0.000(d=1) stat= 0.168 rest= 0.292
  [bmc-incr i=849 repr=1 active=914/176066 POs=1]
BMC : c =     912  cl =   4503  lit =  176065  p =     0  d =     0  f =     1  +  T =     0.03 sec
  [bmc-prof 849] wall=  30.258 p=     1 | ifo=  0.723(sd=0.184 nx=0.000 tfo=0.043 cnt=0.496) snap= 0.279 srm=  7.790 sat=  6.002(set=0.175 slv=5.826 max=5.8261 n=1) cex=R/T/F=0/0/1 trsplit=0 sim=14.950(rmp=0.435 run=14.514 n=1 d=0) incr=loc/full/maxdirty/keys=0/0/0/0 chk= 0.000(d=1) stat= 0.180 rest= 0.332
  [bmc-incr i=850 repr=1 active=913/176065 POs=1]
BMC : c =     911  cl =   4503  lit =  176064  p =     0  d =     0  f =     1  +  T =     0.03 sec
  [bmc-prof 850] wall=  29.655 p=     1 | ifo=  0.721(sd=0.177 nx=0.000 tfo=0.042 cnt=0.501) snap= 0.300 srm=  7.995 sat=  6.048(set=0.187 slv=5.859 max=5.8589 n=1) cex=R/T/F=0/0/1 trsplit=0 sim=14.138(rmp=0.437 run=13.699 n=1 d=0) incr=loc/full/maxdirty/keys=0/0/0/0 chk= 0.000(d=1) stat= 0.156 rest= 0.298
  [bmc-incr i=851 repr=1 active=912/176064 POs=1]
BMC : c =     910  cl =   4503  lit =  176063  p =     0  d =     0  f =     1  +  T =     0.03 sec
  [bmc-prof 851] wall=  29.747 p=     1 | ifo=  0.721(sd=0.190 nx=0.000 tfo=0.043 cnt=0.488) snap= 0.295 srm=  7.915 sat=  5.990(set=0.185 slv=5.804 max=5.8037 n=1) cex=R/T/F=0/0/1 trsplit=0 sim=14.369(rmp=0.437 run=13.931 n=1 d=0) incr=loc/full/maxdirty/keys=0/0/0/0 chk= 0.000(d=1) stat= 0.156 rest= 0.300
  [bmc-incr i=852 repr=1 active=911/176063 POs=1]
BMC : c =     909  cl =   4503  lit =  176062  p =     0  d =     0  f =     1  +  T =     0.03 sec
  [bmc-prof 852] wall=  31.504 p=     1 | ifo=  1.356(sd=0.175 nx=0.000 tfo=0.039 cnt=1.141) snap= 0.290 srm=  8.467 sat=  6.041(set=0.181 slv=5.858 max=5.8584 n=1) cex=R/T/F=0/0/1 trsplit=0 sim=14.904(rmp=0.432 run=14.471 n=1 d=0) incr=loc/full/maxdirty/keys=0/0/0/0 chk= 0.000(d=1) stat= 0.156 rest= 0.290
  [bmc-incr i=853 repr=1 active=910/176062 POs=1]
BMC : c =     908  cl =   4503  lit =  176061  p =     0  d =     0  f =     1  +  T =     0.03 sec
  [bmc-prof 853] wall=  30.219 p=     1 | ifo=  0.709(sd=0.177 nx=0.000 tfo=0.040 cnt=0.491) snap= 0.281 srm=  8.329 sat=  5.993(set=0.199 slv=5.792 max=5.7922 n=1) cex=R/T/F=0/0/1 trsplit=0 sim=14.442(rmp=0.437 run=14.005 n=1 d=0) incr=loc/full/maxdirty/keys=0/0/0/0 chk= 0.000(d=1) stat= 0.158 rest= 0.307
  [bmc-incr i=854 repr=1 active=909/176061 POs=1]
BMC : c =     907  cl =   4503  lit =  176060  p =     0  d =     0  f =     1  +  T =     0.03 sec
  [bmc-prof 854] wall=  29.507 p=     1 | ifo=  0.723(sd=0.178 nx=0.000 tfo=0.052 cnt=0.493) snap= 0.280 srm=  7.967 sat=  5.979(set=0.195 slv=5.782 max=5.7822 n=1) cex=R/T/F=0/0/1 trsplit=0 sim=14.110(rmp=0.416 run=13.693 n=1 d=0) incr=loc/full/maxdirty/keys=0/0/0/0 chk= 0.000(d=1) stat= 0.155 rest= 0.292
  [bmc-incr i=855 repr=1 active=908/176060 POs=1]
BMC : c =     906  cl =   4503  lit =  176059  p =     0  d =     0  f =     1  +  T =     0.03 sec
  [bmc-prof 855] wall=  31.426 p=     1 | ifo=  0.704(sd=0.174 nx=0.000 tfo=0.040 cnt=0.491) snap= 0.308 srm=  8.289 sat=  6.006(set=0.187 slv=5.818 max=5.8175 n=1) cex=R/T/F=0/0/1 trsplit=0 sim=15.663(rmp=0.442 run=15.219 n=1 d=0) incr=loc/full/maxdirty/keys=0/0/0/0 chk= 0.000(d=1) stat= 0.157 rest= 0.298
  [bmc-incr i=856 repr=1 active=907/176059 POs=1]
BMC : c =     905  cl =   4503  lit =  176058  p =     0  d =     0  f =     1  +  T =     0.03 sec
  [bmc-prof 856] wall=  29.460 p=     1 | ifo=  0.723(sd=0.183 nx=0.000 tfo=0.052 cnt=0.488) snap= 0.304 srm=  7.909 sat=  5.950(set=0.178 slv=5.770 max=5.7698 n=1) cex=R/T/F=0/0/1 trsplit=0 sim=14.119(rmp=0.413 run=13.705 n=1 d=0) incr=loc/full/maxdirty/keys=0/0/0/0 chk= 0.000(d=1) stat= 0.157 rest= 0.298
  [bmc-incr i=857 repr=1 active=906/176058 POs=1]
BMC : c =     904  cl =   4503  lit =  176057  p =     0  d =     0  f =     1  +  T =     0.03 sec
  [bmc-prof 857] wall=  30.648 p=     1 | ifo=  0.751(sd=0.176 nx=0.000 tfo=0.061 cnt=0.513) snap= 0.288 srm=  7.956 sat=  6.124(set=0.269 slv=5.853 max=5.8527 n=1) cex=R/T/F=0/0/1 trsplit=0 sim=15.046(rmp=0.453 run=14.592 n=1 d=0) incr=loc/full/maxdirty/keys=0/0/0/0 chk= 0.000(d=1) stat= 0.166 rest= 0.316
  [bmc-incr i=858 repr=1 active=905/176057 POs=1]
BMC : c =     903  cl =   4503  lit =  176056  p =     0  d =     0  f =     1  +  T =     0.03 sec
  [bmc-prof 858] wall=  29.718 p=     1 | ifo=  0.737(sd=0.184 nx=0.000 tfo=0.040 cnt=0.514) snap= 0.283 srm=  7.879 sat=  5.966(set=0.196 slv=5.769 max=5.7686 n=1) cex=R/T/F=0/0/1 trsplit=0 sim=14.390(rmp=0.414 run=13.975 n=1 d=0) incr=loc/full/maxdirty/keys=0/0/0/0 chk= 0.000(d=1) stat= 0.161 rest= 0.302
  [bmc-incr i=859 repr=1 active=904/176056 POs=1]
BMC : c =     902  cl =   4503  lit =  176055  p =     0  d =     0  f =     1  +  T =     0.03 sec
  [bmc-prof 859] wall=  30.959 p=     1 | ifo=  0.713(sd=0.176 nx=0.000 tfo=0.042 cnt=0.496) snap= 0.297 srm=  8.150 sat=  6.356(set=0.195 slv=6.159 max=6.1592 n=1) cex=R/T/F=0/0/1 trsplit=0 sim=14.954(rmp=0.432 run=14.522 n=1 d=0) incr=loc/full/maxdirty/keys=0/0/0/0 chk= 0.000(d=1) stat= 0.177 rest= 0.311
  [bmc-incr i=860 repr=1 active=903/176055 POs=1]
BMC : c =     901  cl =   4503  lit =  176054  p =     0  d =     0  f =     1  +  T =     0.03 sec
  [bmc-prof 860] wall=  30.189 p=     1 | ifo=  0.723(sd=0.185 nx=0.000 tfo=0.044 cnt=0.493) snap= 0.296 srm=  8.187 sat=  6.097(set=0.198 slv=5.898 max=5.8976 n=1) cex=R/T/F=0/0/1 trsplit=0 sim=14.439(rmp=0.432 run=14.007 n=1 d=0) incr=loc/full/maxdirty/keys=0/0/0/0 chk= 0.000(d=1) stat= 0.156 rest= 0.290
  [bmc-incr i=861 repr=1 active=902/176054 POs=1]
BMC : c =     900  cl =   4503  lit =  176053  p =     0  d =     0  f =     1  +  T =     0.03 sec
  [bmc-prof 861] wall=  29.908 p=     1 | ifo=  0.730(sd=0.181 nx=0.000 tfo=0.044 cnt=0.505) snap= 0.283 srm=  8.009 sat=  6.029(set=0.194 slv=5.833 max=5.8328 n=1) cex=R/T/F=0/0/1 trsplit=0 sim=14.396(rmp=0.441 run=13.954 n=1 d=0) incr=loc/full/maxdirty/keys=0/0/0/0 chk= 0.000(d=1) stat= 0.163 rest= 0.298
  [bmc-incr i=862 repr=1 active=901/176053 POs=1]
BMC : c =     899  cl =   4503  lit =  176052  p =     0  d =     0  f =     1  +  T =     0.03 sec
  [bmc-prof 862] wall=  30.633 p=     1 | ifo=  0.722(sd=0.180 nx=0.000 tfo=0.043 cnt=0.499) snap= 0.302 srm=  8.079 sat=  6.188(set=0.177 slv=6.009 max=6.0090 n=1) cex=R/T/F=0/0/1 trsplit=0 sim=14.784(rmp=0.445 run=14.338 n=1 d=0) incr=loc/full/maxdirty/keys=0/0/0/0 chk= 0.000(d=1) stat= 0.204 rest= 0.352
  [bmc-incr i=863 repr=1 active=900/176052 POs=1]
BMC : c =     898  cl =   4503  lit =  176051  p =     0  d =     0  f =     1  +  T =     0.03 sec
  [bmc-prof 863] wall=  30.961 p=     1 | ifo=  0.807(sd=0.222 nx=0.000 tfo=0.049 cnt=0.536) snap= 0.330 srm=  9.496 sat=  6.005(set=0.216 slv=5.787 max=5.7868 n=1) cex=R/T/F=0/0/1 trsplit=0 sim=13.841(rmp=0.510 run=13.329 n=1 d=0) incr=loc/full/maxdirty/keys=0/0/0/0 chk= 0.001(d=1) stat= 0.162 rest= 0.320
  [bmc-incr i=864 repr=1 active=899/176051 POs=1]
BMC : c =     897  cl =   4503  lit =  176050  p =     0  d =     0  f =     1  +  T =     0.03 sec
  [bmc-prof 864] wall=  31.137 p=     1 | ifo=  0.706(sd=0.179 nx=0.000 tfo=0.043 cnt=0.484) snap= 0.383 srm=  8.995 sat=  6.110(set=0.204 slv=5.904 max=5.9040 n=1) cex=R/T/F=0/0/1 trsplit=0 sim=14.488(rmp=0.454 run=14.033 n=1 d=0) incr=loc/full/maxdirty/keys=0/0/0/0 chk= 0.000(d=1) stat= 0.159 rest= 0.297
  [bmc-incr i=865 repr=1 active=898/176050 POs=1]
BMC : c =     896  cl =   4503  lit =  176049  p =     0  d =     0  f =     1  +  T =     0.03 sec
  [bmc-prof 865] wall=  31.015 p=     1 | ifo=  0.733(sd=0.197 nx=0.000 tfo=0.044 cnt=0.493) snap= 0.291 srm=  7.845 sat=  6.438(set=0.181 slv=6.254 max=6.2540 n=1) cex=R/T/F=0/0/1 trsplit=0 sim=15.224(rmp=0.537 run=14.686 n=1 d=0) incr=loc/full/maxdirty/keys=0/0/0/0 chk= 0.000(d=1) stat= 0.156 rest= 0.328
  [bmc-incr i=866 repr=1 active=897/176049 POs=1]
BMC : c =     895  cl =   4503  lit =  176048  p =     0  d =     0  f =     1  +  T =     0.03 sec
  [bmc-prof 866] wall=  29.503 p=     1 | ifo=  0.736(sd=0.197 nx=0.000 tfo=0.043 cnt=0.497) snap= 0.287 srm=  7.821 sat=  6.020(set=0.178 slv=5.841 max=5.8408 n=1) cex=R/T/F=0/0/1 trsplit=0 sim=14.170(rmp=0.418 run=13.751 n=1 d=0) incr=loc/full/maxdirty/keys=0/0/0/0 chk= 0.000(d=1) stat= 0.165 rest= 0.302
  [bmc-incr i=867 repr=1 active=896/176048 POs=1]
BMC : c =     894  cl =   4503  lit =  176047  p =     0  d =     0  f =     1  +  T =     0.03 sec
  [bmc-prof 867] wall=  31.118 p=     1 | ifo=  0.718(sd=0.177 nx=0.000 tfo=0.042 cnt=0.499) snap= 0.305 srm=  7.840 sat=  6.507(set=0.178 slv=6.325 max=6.3255 n=1) cex=R/T/F=0/0/1 trsplit=0 sim=15.220(rmp=0.450 run=14.769 n=1 d=0) incr=loc/full/maxdirty/keys=0/0/0/0 chk= 0.000(d=1) stat= 0.194 rest= 0.335
  [bmc-incr i=868 repr=1 active=895/176047 POs=1]
BMC : c =     893  cl =   4503  lit =  176046  p =     0  d =     0  f =     1  +  T =     0.03 sec
  [bmc-prof 868] wall=  33.561 p=     1 | ifo=  0.801(sd=0.221 nx=0.000 tfo=0.047 cnt=0.533) snap= 0.500 srm= 10.224 sat=  6.672(set=0.212 slv=6.457 max=6.4569 n=1) cex=R/T/F=0/0/1 trsplit=0 sim=14.777(rmp=0.464 run=14.311 n=1 d=0) incr=loc/full/maxdirty/keys=0/0/0/0 chk= 0.000(d=1) stat= 0.220 rest= 0.368
  [bmc-incr i=869 repr=1 active=894/176046 POs=1]
BMC : c =     892  cl =   4503  lit =  176045  p =     0  d =     0  f =     1  +  T =     0.03 sec
  [bmc-prof 869] wall=  29.998 p=     1 | ifo=  0.726(sd=0.191 nx=0.000 tfo=0.042 cnt=0.493) snap= 0.282 srm=  8.007 sat=  6.159(set=0.184 slv=5.973 max=5.9728 n=1) cex=R/T/F=0/0/1 trsplit=0 sim=14.363(rmp=0.454 run=13.908 n=1 d=0) incr=loc/full/maxdirty/keys=0/0/0/0 chk= 0.000(d=1) stat= 0.157 rest= 0.305
  [bmc-incr i=870 repr=1 active=893/176045 POs=1]
BMC : c =     891  cl =   4503  lit =  176044  p =     0  d =     0  f =     1  +  T =     0.03 sec
  [bmc-prof 870] wall=  30.074 p=     1 | ifo=  0.697(sd=0.178 nx=0.000 tfo=0.040 cnt=0.480) snap= 0.299 srm=  7.767 sat=  6.604(set=0.175 slv=6.426 max=6.4264 n=1) cex=R/T/F=0/0/1 trsplit=0 sim=14.250(rmp=0.438 run=13.811 n=1 d=0) incr=loc/full/maxdirty/keys=0/0/0/0 chk= 0.000(d=1) stat= 0.158 rest= 0.298
  [bmc-incr i=871 repr=1 active=892/176044 POs=1]
BMC : c =     890  cl =   4503  lit =  176043  p =     0  d =     0  f =     1  +  T =     0.03 sec
  [bmc-prof 871] wall=  30.967 p=     1 | ifo=  0.717(sd=0.177 nx=0.000 tfo=0.040 cnt=0.500) snap= 0.303 srm=  8.873 sat=  6.142(set=0.187 slv=5.953 max=5.9529 n=1) cex=R/T/F=0/0/1 trsplit=0 sim=14.476(rmp=0.427 run=14.048 n=1 d=0) incr=loc/full/maxdirty/keys=0/0/0/0 chk= 0.000(d=1) stat= 0.157 rest= 0.300
  [bmc-incr i=872 repr=1 active=891/176043 POs=1]
BMC : c =     889  cl =   4503  lit =  176042  p =     0  d =     0  f =     1  +  T =     0.03 sec
  [bmc-prof 872] wall=  30.423 p=     1 | ifo=  0.715(sd=0.176 nx=0.000 tfo=0.042 cnt=0.497) snap= 0.300 srm=  7.949 sat=  6.180(set=0.180 slv=5.998 max=5.9980 n=1) cex=R/T/F=0/0/1 trsplit=0 sim=14.813(rmp=0.429 run=14.383 n=1 d=0) incr=loc/full/maxdirty/keys=0/0/0/0 chk= 0.000(d=1) stat= 0.170 rest= 0.296
  [bmc-incr i=873 repr=1 active=890/176042 POs=1]
BMC : c =     888  cl =   4503  lit =  176041  p =     0  d =     0  f =     1  +  T =     0.03 sec
  [bmc-prof 873] wall=  32.906 p=     1 | ifo=  0.708(sd=0.178 nx=0.000 tfo=0.039 cnt=0.491) snap= 0.303 srm=  7.864 sat=  7.552(set=0.185 slv=7.359 max=7.3593 n=1) cex=R/T/F=0/0/1 trsplit=0 sim=15.668(rmp=1.840 run=13.826 n=1 d=0) incr=loc/full/maxdirty/keys=0/0/0/0 chk= 0.000(d=1) stat= 0.164 rest= 0.646
  [bmc-incr i=874 repr=1 active=889/176041 POs=1]
BMC : c =     887  cl =   4503  lit =  176040  p =     0  d =     0  f =     1  +  T =     0.04 sec
  [bmc-prof 874] wall=  35.588 p=     1 | ifo=  0.719(sd=0.179 nx=0.000 tfo=0.043 cnt=0.498) snap= 0.319 srm=  8.116 sat=  6.180(set=0.301 slv=5.877 max=5.8768 n=1) cex=R/T/F=0/0/1 trsplit=0 sim=19.748(rmp=0.454 run=19.292 n=1 d=0) incr=loc/full/maxdirty/keys=0/0/0/0 chk= 0.000(d=1) stat= 0.180 rest= 0.326
  [bmc-incr i=875 repr=1 active=888/176040 POs=1]
BMC : c =     886  cl =   4503  lit =  176039  p =     0  d =     0  f =     1  +  T =     0.03 sec
  [bmc-prof 875] wall=  30.931 p=     1 | ifo=  0.872(sd=0.291 nx=0.000 tfo=0.050 cnt=0.531) snap= 0.293 srm=  8.757 sat=  6.219(set=0.212 slv=6.005 max=6.0048 n=1) cex=R/T/F=0/0/1 trsplit=0 sim=14.331(rmp=0.449 run=13.881 n=1 d=0) incr=loc/full/maxdirty/keys=0/0/0/0 chk= 0.000(d=1) stat= 0.154 rest= 0.304
  [bmc-incr i=876 repr=1 active=887/176039 POs=1]
BMC : c =     885  cl =   4503  lit =  176038  p =     0  d =     0  f =     1  +  T =     0.03 sec
  [bmc-prof 876] wall=  30.194 p=     1 | ifo=  0.717(sd=0.180 nx=0.000 tfo=0.042 cnt=0.495) snap= 0.303 srm=  8.196 sat=  6.069(set=0.199 slv=5.867 max=5.8674 n=1) cex=R/T/F=0/0/1 trsplit=0 sim=14.451(rmp=0.464 run=13.986 n=1 d=0) incr=loc/full/maxdirty/keys=0/0/0/0 chk= 0.000(d=1) stat= 0.156 rest= 0.302
  [bmc-incr i=877 repr=1 active=886/176038 POs=1]
BMC : c =     884  cl =   4503  lit =  176037  p =     0  d =     0  f =     1  +  T =     0.03 sec
  [bmc-prof 877] wall=  31.388 p=     1 | ifo=  0.712(sd=0.179 nx=0.000 tfo=0.043 cnt=0.491) snap= 0.316 srm=  8.000 sat=  7.263(set=0.188 slv=7.073 max=7.0731 n=1) cex=R/T/F=0/0/1 trsplit=0 sim=14.605(rmp=0.471 run=14.133 n=1 d=0) incr=loc/full/maxdirty/keys=0/0/0/0 chk= 0.000(d=1) stat= 0.159 rest= 0.331
  [bmc-incr i=878 repr=1 active=885/176037 POs=1]
BMC : c =     883  cl =   4503  lit =  176036  p =     0  d =     0  f =     1  +  T =     0.03 sec
  [bmc-prof 878] wall=  30.132 p=     1 | ifo=  0.773(sd=0.195 nx=0.000 tfo=0.071 cnt=0.506) snap= 0.301 srm=  8.008 sat=  6.085(set=0.179 slv=5.904 max=5.9041 n=1) cex=R/T/F=0/0/1 trsplit=0 sim=14.481(rmp=0.440 run=14.040 n=1 d=0) incr=loc/full/maxdirty/keys=0/0/0/0 chk= 0.000(d=1) stat= 0.165 rest= 0.319
  [bmc-incr i=879 repr=1 active=884/176036 POs=1]
BMC : c =     882  cl =   4503  lit =  176035  p =     0  d =     0  f =     1  +  T =     0.03 sec
  [bmc-prof 879] wall=  29.962 p=     1 | ifo=  0.718(sd=0.191 nx=0.000 tfo=0.041 cnt=0.486) snap= 0.286 srm=  8.217 sat=  6.028(set=0.192 slv=5.834 max=5.8335 n=1) cex=R/T/F=0/0/1 trsplit=0 sim=14.247(rmp=0.432 run=13.815 n=1 d=0) incr=loc/full/maxdirty/keys=0/0/0/0 chk= 0.000(d=1) stat= 0.168 rest= 0.298
  [bmc-incr i=880 repr=1 active=883/176035 POs=1]
BMC : c =     881  cl =   4503  lit =  176034  p =     0  d =     0  f =     1  +  T =     0.03 sec
  [bmc-prof 880] wall=  30.267 p=     1 | ifo=  0.731(sd=0.192 nx=0.000 tfo=0.042 cnt=0.498) snap= 0.306 srm=  8.128 sat=  6.057(set=0.183 slv=5.872 max=5.8723 n=1) cex=R/T/F=0/0/1 trsplit=0 sim=14.580(rmp=0.463 run=14.116 n=1 d=0) incr=loc/full/maxdirty/keys=0/0/0/0 chk= 0.000(d=1) stat= 0.164 rest= 0.300
  [bmc-incr i=881 repr=1 active=882/176034 POs=1]
BMC : c =     880  cl =   4503  lit =  176033  p =     0  d =     0  f =     1  +  T =     0.03 sec
  [bmc-prof 881] wall=  29.486 p=     1 | ifo=  0.712(sd=0.181 nx=0.000 tfo=0.042 cnt=0.489) snap= 0.291 srm=  7.987 sat=  6.046(set=0.196 slv=5.842 max=5.8420 n=1) cex=R/T/F=0/0/1 trsplit=0 sim=13.996(rmp=0.423 run=13.573 n=1 d=0) incr=loc/full/maxdirty/keys=0/0/0/0 chk= 0.000(d=1) stat= 0.154 rest= 0.299
  [bmc-incr i=882 repr=1 active=881/176033 POs=1]
BMC : c =     879  cl =   4503  lit =  176032  p =     0  d =     0  f =     1  +  T =     0.03 sec
  [bmc-prof 882] wall=  30.049 p=     1 | ifo=  0.712(sd=0.176 nx=0.000 tfo=0.042 cnt=0.494) snap= 0.303 srm=  7.828 sat=  6.072(set=0.203 slv=5.867 max=5.8674 n=1) cex=R/T/F=0/0/1 trsplit=0 sim=14.678(rmp=0.444 run=14.233 n=1 d=0) incr=loc/full/maxdirty/keys=0/0/0/0 chk= 0.000(d=1) stat= 0.159 rest= 0.296
  [bmc-incr i=883 repr=1 active=880/176032 POs=1]
BMC : c =     878  cl =   4503  lit =  176031  p =     0  d =     0  f =     1  +  T =     0.03 sec
  [bmc-prof 883] wall=  30.044 p=     1 | ifo=  0.729(sd=0.197 nx=0.000 tfo=0.041 cnt=0.492) snap= 0.281 srm=  7.975 sat=  6.314(set=0.201 slv=6.112 max=6.1115 n=1) cex=R/T/F=0/0/1 trsplit=0 sim=14.283(rmp=0.455 run=13.827 n=1 d=0) incr=loc/full/maxdirty/keys=0/0/0/0 chk= 0.000(d=1) stat= 0.172 rest= 0.291
  [bmc-incr i=884 repr=1 active=879/176031 POs=1]
BMC : c =     877  cl =   4503  lit =  176030  p =     0  d =     0  f =     1  +  T =     0.03 sec
  [bmc-prof 884] wall=  29.811 p=     1 | ifo=  0.698(sd=0.178 nx=0.000 tfo=0.038 cnt=0.482) snap= 0.282 srm=  7.843 sat=  6.090(set=0.212 slv=5.877 max=5.8768 n=1) cex=R/T/F=0/0/1 trsplit=0 sim=14.277(rmp=0.423 run=13.853 n=1 d=0) incr=loc/full/maxdirty/keys=0/0/0/0 chk= 0.000(d=1) stat= 0.230 rest= 0.390
  [bmc-incr i=885 repr=1 active=878/176030 POs=1]
BMC : c =     876  cl =   4503  lit =  176029  p =     0  d =     0  f =     1  +  T =     0.03 sec
  [bmc-prof 885] wall=  30.438 p=     1 | ifo=  0.953(sd=0.341 nx=0.000 tfo=0.089 cnt=0.523) snap= 0.283 srm=  8.323 sat=  6.114(set=0.183 slv=5.929 max=5.9294 n=1) cex=R/T/F=0/0/1 trsplit=0 sim=14.298(rmp=0.439 run=13.858 n=1 d=0) incr=loc/full/maxdirty/keys=0/0/0/0 chk= 0.000(d=1) stat= 0.162 rest= 0.304
  [bmc-incr i=886 repr=1 active=877/176029 POs=1]
BMC : c =     875  cl =   4503  lit =  176028  p =     0  d =     0  f =     1  +  T =     0.04 sec
  [bmc-prof 886] wall=  35.478 p=     1 | ifo=  0.764(sd=0.230 nx=0.000 tfo=0.041 cnt=0.493) snap= 0.281 srm=  7.748 sat=  6.276(set=0.174 slv=6.098 max=6.0982 n=1) cex=R/T/F=0/0/1 trsplit=0 sim=19.912(rmp=0.601 run=19.311 n=1 d=0) incr=loc/full/maxdirty/keys=0/0/0/0 chk= 0.000(d=1) stat= 0.158 rest= 0.339
  [bmc-incr i=887 repr=1 active=876/176028 POs=1]
BMC : c =     874  cl =   4503  lit =  176027  p =     0  d =     0  f =     1  +  T =     0.03 sec
  [bmc-prof 887] wall=  30.204 p=     1 | ifo=  0.759(sd=0.192 nx=0.000 tfo=0.041 cnt=0.526) snap= 0.293 srm=  8.023 sat=  6.603(set=0.180 slv=6.421 max=6.4214 n=1) cex=R/T/F=0/0/1 trsplit=0 sim=14.080(rmp=0.430 run=13.649 n=1 d=0) incr=loc/full/maxdirty/keys=0/0/0/0 chk= 0.000(d=1) stat= 0.157 rest= 0.289
  [bmc-incr i=888 repr=1 active=875/176027 POs=1]
BMC : c =     873  cl =   4503  lit =  176026  p =     0  d =     0  f =     1  +  T =     0.03 sec
  [bmc-prof 888] wall=  30.785 p=     1 | ifo=  0.742(sd=0.191 nx=0.000 tfo=0.045 cnt=0.506) snap= 0.292 srm=  7.871 sat=  6.703(set=0.179 slv=6.521 max=6.5214 n=1) cex=R/T/F=0/0/1 trsplit=0 sim=14.715(rmp=0.445 run=14.269 n=1 d=0) incr=loc/full/maxdirty/keys=0/0/0/0 chk= 0.000(d=1) stat= 0.170 rest= 0.293
  [bmc-incr i=889 repr=1 active=874/176026 POs=1]
BMC : c =     872  cl =   4503  lit =  176025  p =     0  d =     0  f =     1  +  T =     0.03 sec
  [bmc-prof 889] wall=  29.585 p=     1 | ifo=  0.718(sd=0.184 nx=0.000 tfo=0.040 cnt=0.494) snap= 0.295 srm=  7.875 sat=  6.177(set=0.189 slv=5.986 max=5.9859 n=1) cex=R/T/F=0/0/1 trsplit=0 sim=14.064(rmp=0.415 run=13.648 n=1 d=0) incr=loc/full/maxdirty/keys=0/0/0/0 chk= 0.000(d=1) stat= 0.155 rest= 0.301
  [bmc-incr i=890 repr=1 active=873/176025 POs=1]
BMC : c =     871  cl =   4503  lit =  176024  p =     0  d =     0  f =     1  +  T =     0.03 sec
  [bmc-prof 890] wall=  31.608 p=     1 | ifo=  0.712(sd=0.177 nx=0.000 tfo=0.039 cnt=0.496) snap= 0.292 srm=  7.840 sat=  6.065(set=0.178 slv=5.885 max=5.8849 n=1) cex=R/T/F=0/0/1 trsplit=0 sim=16.094(rmp=0.475 run=15.618 n=1 d=0) incr=loc/full/maxdirty/keys=0/0/0/0 chk= 0.000(d=1) stat= 0.163 rest= 0.441
  [bmc-incr i=891 repr=1 active=872/176024 POs=1]
BMC : c =     870  cl =   4503  lit =  176023  p =     0  d =     0  f =     1  +  T =     0.03 sec
  [bmc-prof 891] wall=  30.457 p=     1 | ifo=  0.719(sd=0.178 nx=0.000 tfo=0.051 cnt=0.490) snap= 0.301 srm=  8.106 sat=  6.097(set=0.189 slv=5.906 max=5.9059 n=1) cex=R/T/F=0/0/1 trsplit=0 sim=14.769(rmp=0.437 run=14.330 n=1 d=0) incr=loc/full/maxdirty/keys=0/0/0/0 chk= 0.000(d=1) stat= 0.163 rest= 0.303
  [bmc-incr i=892 repr=1 active=871/176023 POs=1]
BMC : c =     869  cl =   4503  lit =  176022  p =     0  d =     0  f =     1  +  T =     0.03 sec
  [bmc-prof 892] wall=  30.319 p=     1 | ifo=  0.710(sd=0.178 nx=0.000 tfo=0.040 cnt=0.492) snap= 0.301 srm=  8.119 sat=  6.271(set=0.199 slv=6.070 max=6.0702 n=1) cex=R/T/F=0/0/1 trsplit=0 sim=14.414(rmp=0.426 run=13.987 n=1 d=0) incr=loc/full/maxdirty/keys=0/0/0/0 chk= 0.000(d=1) stat= 0.170 rest= 0.332
  [bmc-incr i=893 repr=1 active=870/176022 POs=1]
BMC : c =     868  cl =   4503  lit =  176021  p =     0  d =     0  f =     1  +  T =     0.03 sec
  [bmc-prof 893] wall=  30.401 p=     1 | ifo=  0.726(sd=0.180 nx=0.000 tfo=0.040 cnt=0.505) snap= 0.295 srm=  8.191 sat=  6.145(set=0.210 slv=5.933 max=5.9335 n=1) cex=R/T/F=0/0/1 trsplit=0 sim=14.598(rmp=0.447 run=14.150 n=1 d=0) incr=loc/full/maxdirty/keys=0/0/0/0 chk= 0.000(d=1) stat= 0.155 rest= 0.291
  [bmc-incr i=894 repr=1 active=869/176021 POs=1]
BMC : c =     867  cl =   4503  lit =  176020  p =     0  d =     0  f =     1  +  T =     0.03 sec
  [bmc-prof 894] wall=  31.455 p=     1 | ifo=  0.719(sd=0.176 nx=0.000 tfo=0.045 cnt=0.499) snap= 0.283 srm=  8.290 sat=  6.112(set=0.189 slv=5.921 max=5.9215 n=1) cex=R/T/F=0/0/1 trsplit=0 sim=15.549(rmp=0.433 run=15.115 n=1 d=0) incr=loc/full/maxdirty/keys=0/0/0/0 chk= 0.000(d=1) stat= 0.176 rest= 0.325
  [bmc-incr i=895 repr=1 active=868/176020 POs=1]
BMC : c =     866  cl =   4503  lit =  176019  p =     0  d =     0  f =     1  +  T =     0.03 sec
  [bmc-prof 895] wall=  32.786 p=     1 | ifo=  0.719(sd=0.176 nx=0.000 tfo=0.040 cnt=0.503) snap= 0.283 srm=  9.505 sat=  7.066(set=0.195 slv=6.869 max=6.8691 n=1) cex=R/T/F=0/0/1 trsplit=0 sim=14.709(rmp=0.428 run=14.280 n=1 d=0) incr=loc/full/maxdirty/keys=0/0/0/0 chk= 0.000(d=1) stat= 0.211 rest= 0.292
  [bmc-incr i=896 repr=1 active=867/176019 POs=1]
BMC : c =     865  cl =   4503  lit =  176018  p =     0  d =     0  f =     1  +  T =     0.03 sec
  [bmc-prof 896] wall=  30.560 p=     1 | ifo=  0.706(sd=0.180 nx=0.000 tfo=0.043 cnt=0.483) snap= 0.285 srm=  7.711 sat=  6.197(set=0.189 slv=6.005 max=6.0046 n=1) cex=R/T/F=0/0/1 trsplit=0 sim=15.083(rmp=0.481 run=14.601 n=1 d=0) incr=loc/full/maxdirty/keys=0/0/0/0 chk= 0.000(d=1) stat= 0.160 rest= 0.417
  [bmc-incr i=897 repr=1 active=866/176018 POs=1]
BMC : c =     864  cl =   4503  lit =  176017  p =     0  d =     0  f =     1  +  T =     0.03 sec
  [bmc-prof 897] wall=  30.051 p=     1 | ifo=  0.706(sd=0.181 nx=0.000 tfo=0.043 cnt=0.482) snap= 0.289 srm=  7.967 sat=  6.146(set=0.187 slv=5.958 max=5.9580 n=1) cex=R/T/F=0/0/1 trsplit=0 sim=14.474(rmp=0.436 run=14.037 n=1 d=0) incr=loc/full/maxdirty/keys=0/0/0/0 chk= 0.000(d=1) stat= 0.167 rest= 0.301
  [bmc-incr i=898 repr=1 active=865/176017 POs=1]
BMC : c =     863  cl =   4503  lit =  176016  p =     0  d =     0  f =     1  +  T =     0.03 sec
  [bmc-prof 898] wall=  29.426 p=     1 | ifo=  0.725(sd=0.184 nx=0.000 tfo=0.044 cnt=0.497) snap= 0.281 srm=  7.816 sat=  6.029(set=0.186 slv=5.841 max=5.8412 n=1) cex=R/T/F=0/0/1 trsplit=0 sim=14.104(rmp=0.414 run=13.689 n=1 d=0) incr=loc/full/maxdirty/keys=0/0/0/0 chk= 0.000(d=1) stat= 0.167 rest= 0.303
  [bmc-incr i=899 repr=1 active=864/176016 POs=1]
BMC : c =     862  cl =   4503  lit =  176015  p =     0  d =     0  f =     1  +  T =     0.03 sec
  [bmc-prof 899] wall=  29.980 p=     1 | ifo=  0.739(sd=0.180 nx=0.000 tfo=0.039 cnt=0.520) snap= 0.285 srm=  7.947 sat=  6.106(set=0.175 slv=5.928 max=5.9283 n=1) cex=R/T/F=0/0/1 trsplit=0 sim=14.443(rmp=0.437 run=14.005 n=1 d=0) incr=loc/full/maxdirty/keys=0/0/0/0 chk= 0.000(d=1) stat= 0.158 rest= 0.302
  [bmc-incr i=900 repr=1 active=863/176015 POs=1]
BMC : c =     861  cl =   4503  lit =  176014  p =     0  d =     0  f =     1  +  T =     0.03 sec
  [bmc-prof 900] wall=  30.851 p=     1 | ifo=  0.717(sd=0.188 nx=0.000 tfo=0.046 cnt=0.483) snap= 0.317 srm=  7.865 sat=  6.953(set=0.177 slv=6.773 max=6.7727 n=1) cex=R/T/F=0/0/1 trsplit=0 sim=14.534(rmp=0.444 run=14.089 n=1 d=0) incr=loc/full/maxdirty/keys=0/0/0/0 chk= 0.000(d=1) stat= 0.171 rest= 0.294
  [bmc-incr i=901 repr=1 active=862/176014 POs=1]
BMC : c =     860  cl =   4503  lit =  176013  p =     0  d =     0  f =     1  +  T =     0.03 sec
  [bmc-prof 901] wall=  30.849 p=     1 | ifo=  0.718(sd=0.181 nx=0.000 tfo=0.038 cnt=0.499) snap= 0.280 srm=  7.852 sat=  6.753(set=0.176 slv=6.573 max=6.5735 n=1) cex=R/T/F=0/0/1 trsplit=0 sim=14.764(rmp=0.512 run=14.251 n=1 d=0) incr=loc/full/maxdirty/keys=0/0/0/0 chk= 0.000(d=1) stat= 0.176 rest= 0.306
  [bmc-incr i=902 repr=1 active=861/176013 POs=1]
BMC : c =     859  cl =   4503  lit =  176012  p =     0  d =     0  f =     1  +  T =     0.03 sec
  [bmc-prof 902] wall=  30.338 p=     1 | ifo=  0.725(sd=0.179 nx=0.000 tfo=0.042 cnt=0.504) snap= 0.282 srm=  7.826 sat=  6.441(set=0.190 slv=6.248 max=6.2484 n=1) cex=R/T/F=0/0/1 trsplit=0 sim=14.596(rmp=0.495 run=14.100 n=1 d=0) incr=loc/full/maxdirty/keys=0/0/0/0 chk= 0.000(d=1) stat= 0.165 rest= 0.303
  [bmc-incr i=903 repr=1 active=860/176012 POs=1]
BMC : c =     858  cl =   4503  lit =  176011  p =     0  d =     0  f =     1  +  T =     0.03 sec
  [bmc-prof 903] wall=  35.217 p=     1 | ifo=  0.739(sd=0.194 nx=0.000 tfo=0.040 cnt=0.505) snap= 0.320 srm=  8.198 sat=  6.571(set=0.194 slv=6.374 max=6.3741 n=1) cex=R/T/F=0/0/1 trsplit=0 sim=18.301(rmp=0.553 run=17.747 n=1 d=0) incr=loc/full/maxdirty/keys=0/0/0/0 chk= 0.000(d=1) stat= 0.637 rest= 0.451
  [bmc-incr i=904 repr=1 active=859/176011 POs=1]
BMC : c =     857  cl =   4503  lit =  176010  p =     0  d =     0  f =     1  +  T =     0.03 sec
  [bmc-prof 904] wall=  34.117 p=     1 | ifo=  2.206(sd=0.657 nx=0.000 tfo=0.086 cnt=1.463) snap= 0.433 srm=  9.259 sat=  6.683(set=0.245 slv=6.436 max=6.4360 n=1) cex=R/T/F=0/0/1 trsplit=0 sim=15.023(rmp=0.450 run=14.573 n=1 d=0) incr=loc/full/maxdirty/keys=0/0/0/0 chk= 0.000(d=1) stat= 0.209 rest= 0.304
  [bmc-incr i=905 repr=1 active=858/176010 POs=1]
BMC : c =     856  cl =   4503  lit =  176009  p =     0  d =     0  f =     1  +  T =     0.03 sec
  [bmc-prof 905] wall=  29.844 p=     1 | ifo=  0.720(sd=0.177 nx=0.000 tfo=0.042 cnt=0.500) snap= 0.281 srm=  7.942 sat=  6.148(set=0.177 slv=5.969 max=5.9688 n=1) cex=R/T/F=0/0/1 trsplit=0 sim=14.307(rmp=0.438 run=13.868 n=1 d=0) incr=loc/full/maxdirty/keys=0/0/0/0 chk= 0.000(d=1) stat= 0.155 rest= 0.291
  [bmc-incr i=906 repr=1 active=857/176009 POs=1]
BMC : c =     855  cl =   4503  lit =  176008  p =     0  d =     0  f =     1  +  T =     0.03 sec
  [bmc-prof 906] wall=  31.772 p=     1 | ifo=  0.710(sd=0.178 nx=0.000 tfo=0.040 cnt=0.493) snap= 0.290 srm=  8.949 sat=  6.160(set=0.179 slv=5.980 max=5.9798 n=1) cex=R/T/F=0/0/1 trsplit=0 sim=15.151(rmp=0.431 run=14.718 n=1 d=0) incr=loc/full/maxdirty/keys=0/0/0/0 chk= 0.000(d=1) stat= 0.168 rest= 0.343
  [bmc-incr i=907 repr=1 active=856/176008 POs=1]
BMC : c =     854  cl =   4503  lit =  176007  p =     0  d =     0  f =     1  +  T =     0.03 sec
  [bmc-prof 907] wall=  30.932 p=     1 | ifo=  0.721(sd=0.178 nx=0.000 tfo=0.041 cnt=0.501) snap= 0.294 srm=  8.991 sat=  6.181(set=0.189 slv=5.989 max=5.9891 n=1) cex=R/T/F=0/0/1 trsplit=0 sim=14.288(rmp=0.448 run=13.839 n=1 d=0) incr=loc/full/maxdirty/keys=0/0/0/0 chk= 0.000(d=1) stat= 0.165 rest= 0.292
  [bmc-incr i=908 repr=1 active=855/176007 POs=1]
BMC : c =     853  cl =   4503  lit =  176006  p =     0  d =     0  f =     1  +  T =     0.03 sec
  [bmc-prof 908] wall=  30.921 p=     1 | ifo=  0.704(sd=0.178 nx=0.000 tfo=0.043 cnt=0.482) snap= 0.306 srm=  8.172 sat=  6.324(set=0.218 slv=6.103 max=6.1033 n=1) cex=R/T/F=0/0/1 trsplit=0 sim=14.922(rmp=0.488 run=14.433 n=1 d=0) incr=loc/full/maxdirty/keys=0/0/0/0 chk= 0.000(d=1) stat= 0.163 rest= 0.329
  [bmc-incr i=909 repr=1 active=854/176006 POs=1]
BMC : c =     852  cl =   4503  lit =  176005  p =     0  d =     0  f =     1  +  T =     0.03 sec
  [bmc-prof 909] wall=  30.953 p=     1 | ifo=  0.731(sd=0.194 nx=0.000 tfo=0.043 cnt=0.494) snap= 0.320 srm=  8.353 sat=  6.248(set=0.221 slv=6.026 max=6.0256 n=1) cex=R/T/F=0/0/1 trsplit=0 sim=14.525(rmp=0.470 run=14.054 n=1 d=0) incr=loc/full/maxdirty/keys=0/0/0/0 chk= 0.000(d=1) stat= 0.331 rest= 0.444
  [bmc-incr i=910 repr=1 active=853/176005 POs=1]
BMC : c =     851  cl =   4503  lit =  176004  p =     0  d =     0  f =     1  +  T =     0.03 sec
  [bmc-prof 910] wall=  31.904 p=     1 | ifo=  1.291(sd=0.427 nx=0.000 tfo=0.093 cnt=0.770) snap= 0.304 srm=  9.197 sat=  6.169(set=0.188 slv=5.979 max=5.9788 n=1) cex=R/T/F=0/0/1 trsplit=0 sim=14.490(rmp=0.441 run=14.048 n=1 d=0) incr=loc/full/maxdirty/keys=0/0/0/0 chk= 0.000(d=1) stat= 0.157 rest= 0.296
  [bmc-incr i=911 repr=1 active=852/176004 POs=1]
BMC : c =     850  cl =   4503  lit =  176003  p =     0  d =     0  f =     1  +  T =     0.03 sec
  [bmc-prof 911] wall=  30.916 p=     1 | ifo=  0.774(sd=0.180 nx=0.000 tfo=0.043 cnt=0.551) snap= 0.292 srm=  7.935 sat=  6.283(set=0.199 slv=6.082 max=6.0822 n=1) cex=R/T/F=0/0/1 trsplit=0 sim=15.150(rmp=0.461 run=14.688 n=1 d=0) incr=loc/full/maxdirty/keys=0/0/0/0 chk= 0.000(d=1) stat= 0.166 rest= 0.315
  [bmc-incr i=912 repr=1 active=851/176003 POs=1]
BMC : c =     849  cl =   4503  lit =  176002  p =     0  d =     0  f =     1  +  T =     0.03 sec
  [bmc-prof 912] wall=  30.098 p=     1 | ifo=  0.725(sd=0.185 nx=0.000 tfo=0.041 cnt=0.498) snap= 0.294 srm=  7.967 sat=  6.214(set=0.198 slv=6.014 max=6.0143 n=1) cex=R/T/F=0/0/1 trsplit=0 sim=14.418(rmp=0.440 run=13.976 n=1 d=0) incr=loc/full/maxdirty/keys=0/0/0/0 chk= 0.000(d=1) stat= 0.175 rest= 0.305
  [bmc-incr i=913 repr=1 active=850/176002 POs=1]
BMC : c =     848  cl =   4503  lit =  176001  p =     0  d =     0  f =     1  +  T =     0.03 sec
  [bmc-prof 913] wall=  30.213 p=     1 | ifo=  0.699(sd=0.175 nx=0.000 tfo=0.039 cnt=0.485) snap= 0.284 srm=  8.205 sat=  6.200(set=0.205 slv=5.992 max=5.9918 n=1) cex=R/T/F=0/0/1 trsplit=0 sim=14.311(rmp=0.437 run=13.873 n=1 d=0) incr=loc/full/maxdirty/keys=0/0/0/0 chk= 0.000(d=1) stat= 0.203 rest= 0.311
  [bmc-incr i=914 repr=1 active=849/176001 POs=1]
BMC : c =     847  cl =   4503  lit =  176000  p =     0  d =     0  f =     1  +  T =     0.03 sec
  [bmc-prof 914] wall=  30.366 p=     1 | ifo=  0.721(sd=0.179 nx=0.000 tfo=0.043 cnt=0.499) snap= 0.297 srm=  8.608 sat=  6.168(set=0.178 slv=5.988 max=5.9885 n=1) cex=R/T/F=0/0/1 trsplit=0 sim=14.122(rmp=0.437 run=13.684 n=1 d=0) incr=loc/full/maxdirty/keys=0/0/0/0 chk= 0.000(d=1) stat= 0.157 rest= 0.292
  [bmc-incr i=915 repr=1 active=848/176000 POs=1]
BMC : c =     846  cl =   4503  lit =  175999  p =     0  d =     0  f =     1  +  T =     0.03 sec
  [bmc-prof 915] wall=  31.443 p=     1 | ifo=  0.707(sd=0.177 nx=0.000 tfo=0.043 cnt=0.488) snap= 0.298 srm=  7.756 sat=  6.044(set=0.176 slv=5.866 max=5.8662 n=1) cex=R/T/F=0/0/1 trsplit=0 sim=15.544(rmp=0.420 run=15.123 n=1 d=0) incr=loc/full/maxdirty/keys=0/0/0/0 chk= 0.000(d=1) stat= 0.634 rest= 0.459
  [bmc-incr i=916 repr=1 active=847/175999 POs=1]
BMC : c =     845  cl =   4503  lit =  175998  p =     0  d =     0  f =     1  +  T =     0.03 sec
  [bmc-prof 916] wall=  33.589 p=     1 | ifo=  0.800(sd=0.212 nx=0.000 tfo=0.043 cnt=0.546) snap= 0.293 srm=  9.280 sat=  6.149(set=0.188 slv=5.960 max=5.9596 n=1) cex=R/T/F=0/0/1 trsplit=0 sim=16.619(rmp=0.441 run=16.177 n=1 d=0) incr=loc/full/maxdirty/keys=0/0/0/0 chk= 0.000(d=1) stat= 0.156 rest= 0.292
  [bmc-incr i=917 repr=1 active=846/175998 POs=1]
BMC : c =     844  cl =   4503  lit =  175997  p =     0  d =     0  f =     1  +  T =     0.03 sec
  [bmc-prof 917] wall=  29.670 p=     1 | ifo=  0.708(sd=0.177 nx=0.000 tfo=0.039 cnt=0.492) snap= 0.301 srm=  7.702 sat=  6.102(set=0.177 slv=5.923 max=5.9232 n=1) cex=R/T/F=0/0/1 trsplit=0 sim=14.378(rmp=0.436 run=13.941 n=1 d=0) incr=loc/full/maxdirty/keys=0/0/0/0 chk= 0.000(d=1) stat= 0.182 rest= 0.296
  [bmc-incr i=918 repr=1 active=845/175997 POs=1]
BMC : c =     843  cl =   4503  lit =  175996  p =     0  d =     0  f =     1  +  T =     0.03 sec
  [bmc-prof 918] wall=  30.598 p=     1 | ifo=  0.764(sd=0.201 nx=0.000 tfo=0.059 cnt=0.504) snap= 0.282 srm=  7.979 sat=  6.149(set=0.190 slv=5.957 max=5.9570 n=1) cex=R/T/F=0/0/1 trsplit=0 sim=14.956(rmp=0.419 run=14.536 n=1 d=0) incr=loc/full/maxdirty/keys=0/0/0/0 chk= 0.000(d=1) stat= 0.158 rest= 0.310
  [bmc-incr i=919 repr=1 active=844/175996 POs=1]
BMC : c =     842  cl =   4503  lit =  175995  p =     0  d =     0  f =     1  +  T =     0.03 sec
  [bmc-prof 919] wall=  30.760 p=     1 | ifo=  0.725(sd=0.193 nx=0.000 tfo=0.040 cnt=0.491) snap= 0.295 srm=  7.753 sat=  6.060(set=0.178 slv=5.880 max=5.8804 n=1) cex=R/T/F=0/0/1 trsplit=0 sim=15.448(rmp=0.422 run=15.024 n=1 d=0) incr=loc/full/maxdirty/keys=0/0/0/0 chk= 0.000(d=1) stat= 0.161 rest= 0.317
  [bmc-incr i=920 repr=1 active=843/175995 POs=1]
BMC : c =     841  cl =   4503  lit =  175994  p =     0  d =     0  f =     1  +  T =     0.03 sec
  [bmc-prof 920] wall=  29.951 p=     1 | ifo=  0.724(sd=0.178 nx=0.000 tfo=0.056 cnt=0.490) snap= 0.290 srm=  8.117 sat=  6.092(set=0.185 slv=5.905 max=5.9047 n=1) cex=R/T/F=0/0/1 trsplit=0 sim=14.259(rmp=0.418 run=13.840 n=1 d=0) incr=loc/full/maxdirty/keys=0/0/0/0 chk= 0.000(d=1) stat= 0.163 rest= 0.306
  [bmc-incr i=921 repr=1 active=842/175994 POs=1]
BMC : c =     840  cl =   4503  lit =  175993  p =     0  d =     0  f =     1  +  T =     0.03 sec
  [bmc-prof 921] wall=  33.714 p=     1 | ifo=  0.717(sd=0.178 nx=0.000 tfo=0.040 cnt=0.499) snap= 0.295 srm=  7.800 sat=  6.159(set=0.181 slv=5.975 max=5.9753 n=1) cex=R/T/F=0/0/1 trsplit=0 sim=17.602(rmp=0.437 run=17.158 n=1 d=0) incr=loc/full/maxdirty/keys=0/0/0/0 chk= 0.000(d=1) stat= 0.459 rest= 0.682
  [bmc-incr i=922 repr=1 active=841/175993 POs=1]
BMC : c =     839  cl =   4503  lit =  175992  p =     0  d =     0  f =     1  +  T =     0.03 sec
  [bmc-prof 922] wall=  34.116 p=     1 | ifo=  1.859(sd=0.496 nx=0.000 tfo=0.095 cnt=1.267) snap= 0.358 srm=  9.719 sat=  6.124(set=0.227 slv=5.895 max=5.8953 n=1) cex=R/T/F=0/0/1 trsplit=0 sim=15.532(rmp=0.886 run=14.646 n=1 d=0) incr=loc/full/maxdirty/keys=0/0/0/0 chk= 0.000(d=1) stat= 0.214 rest= 0.311
  [bmc-incr i=923 repr=1 active=840/175992 POs=1]
BMC : c =     838  cl =   4503  lit =  175991  p =     0  d =     0  f =     1  +  T =     0.03 sec
  [bmc-prof 923] wall=  30.988 p=     1 | ifo=  0.727(sd=0.189 nx=0.000 tfo=0.045 cnt=0.493) snap= 0.286 srm=  8.308 sat=  6.191(set=0.209 slv=5.980 max=5.9800 n=1) cex=R/T/F=0/0/1 trsplit=0 sim=14.963(rmp=0.433 run=14.529 n=1 d=0) incr=loc/full/maxdirty/keys=0/0/0/0 chk= 0.000(d=1) stat= 0.191 rest= 0.323
  [bmc-incr i=924 repr=1 active=839/175991 POs=1]
BMC : c =     837  cl =   4503  lit =  175990  p =     0  d =     0  f =     1  +  T =     0.03 sec
  [bmc-prof 924] wall=  32.114 p=     1 | ifo=  0.781(sd=0.219 nx=0.000 tfo=0.045 cnt=0.517) snap= 0.359 srm=  8.638 sat=  6.534(set=0.222 slv=6.309 max=6.3095 n=1) cex=R/T/F=0/0/1 trsplit=0 sim=15.318(rmp=0.447 run=14.870 n=1 d=0) incr=loc/full/maxdirty/keys=0/0/0/0 chk= 0.000(d=1) stat= 0.171 rest= 0.312
  [bmc-incr i=925 repr=1 active=838/175990 POs=1]
BMC : c =     836  cl =   4503  lit =  175989  p =     0  d =     0  f =     1  +  T =     0.03 sec
  [bmc-prof 925] wall=  30.417 p=     1 | ifo=  0.700(sd=0.180 nx=0.000 tfo=0.038 cnt=0.482) snap= 0.282 srm=  7.784 sat=  6.536(set=0.213 slv=6.320 max=6.3201 n=1) cex=R/T/F=0/0/1 trsplit=0 sim=14.610(rmp=0.445 run=14.164 n=1 d=0) incr=loc/full/maxdirty/keys=0/0/0/0 chk= 0.001(d=1) stat= 0.175 rest= 0.330
  [bmc-incr i=926 repr=1 active=837/175989 POs=1]
BMC : c =     835  cl =   4503  lit =  175988  p =     0  d =     0  f =     1  +  T =     0.03 sec
  [bmc-prof 926] wall=  30.058 p=     1 | ifo=  0.777(sd=0.206 nx=0.000 tfo=0.063 cnt=0.508) snap= 0.283 srm=  7.951 sat=  6.388(set=0.199 slv=6.186 max=6.1863 n=1) cex=R/T/F=0/0/1 trsplit=0 sim=14.183(rmp=0.426 run=13.756 n=1 d=0) incr=loc/full/maxdirty/keys=0/0/0/0 chk= 0.000(d=1) stat= 0.180 rest= 0.296
  [bmc-incr i=927 repr=1 active=836/175988 POs=1]
BMC : c =     834  cl =   4503  lit =  175987  p =     0  d =     0  f =     1  +  T =     0.03 sec
  [bmc-prof 927] wall=  30.664 p=     1 | ifo=  0.750(sd=0.189 nx=0.000 tfo=0.042 cnt=0.519) snap= 0.286 srm=  8.045 sat=  6.256(set=0.202 slv=6.052 max=6.0515 n=1) cex=R/T/F=0/0/1 trsplit=0 sim=14.864(rmp=0.476 run=14.387 n=1 d=0) incr=loc/full/maxdirty/keys=0/0/0/0 chk= 0.000(d=1) stat= 0.162 rest= 0.301
  [bmc-incr i=928 repr=1 active=835/175987 POs=1]
BMC : c =     833  cl =   4503  lit =  175986  p =     0  d =     0  f =     1  +  T =     0.03 sec
  [bmc-prof 928] wall=  29.662 p=     1 | ifo=  0.755(sd=0.201 nx=0.000 tfo=0.044 cnt=0.510) snap= 0.294 srm=  7.989 sat=  6.293(set=0.182 slv=6.109 max=6.1091 n=1) cex=R/T/F=0/0/1 trsplit=0 sim=13.621(rmp=0.440 run=13.180 n=1 d=0) incr=loc/full/maxdirty/keys=0/0/0/0 chk= 0.000(d=1) stat= 0.305 rest= 0.405
  [bmc-incr i=929 repr=1 active=834/175986 POs=1]
BMC : c =     832  cl =   4503  lit =  175985  p =     0  d =     0  f =     1  +  T =     0.03 sec
  [bmc-prof 929] wall=  34.482 p=     1 | ifo=  1.325(sd=0.408 nx=0.000 tfo=0.084 cnt=0.833) snap= 0.298 srm=  8.248 sat=  6.136(set=0.201 slv=5.933 max=5.9334 n=1) cex=R/T/F=0/0/1 trsplit=0 sim=17.802(rmp=0.446 run=17.355 n=1 d=0) incr=loc/full/maxdirty/keys=0/0/0/0 chk= 0.001(d=1) stat= 0.256 rest= 0.417
  [bmc-incr i=930 repr=1 active=833/175985 POs=1]
BMC : c =     831  cl =   4503  lit =  175984  p =     0  d =     0  f =     1  +  T =     0.03 sec
  [bmc-prof 930] wall=  31.162 p=     1 | ifo=  1.046(sd=0.263 nx=0.000 tfo=0.042 cnt=0.741) snap= 0.283 srm=  8.720 sat=  6.197(set=0.196 slv=6.000 max=6.0000 n=1) cex=R/T/F=0/0/1 trsplit=0 sim=14.462(rmp=0.416 run=14.045 n=1 d=0) incr=loc/full/maxdirty/keys=0/0/0/0 chk= 0.000(d=1) stat= 0.156 rest= 0.298
  [bmc-incr i=931 repr=1 active=832/175984 POs=1]
BMC : c =     830  cl =   4503  lit =  175983  p =     0  d =     0  f =     1  +  T =     0.03 sec
  [bmc-prof 931] wall=  30.526 p=     1 | ifo=  0.781(sd=0.215 nx=0.000 tfo=0.069 cnt=0.497) snap= 0.280 srm=  7.983 sat=  6.697(set=0.203 slv=6.492 max=6.4917 n=1) cex=R/T/F=0/0/1 trsplit=0 sim=14.279(rmp=0.414 run=13.864 n=1 d=0) incr=loc/full/maxdirty/keys=0/0/0/0 chk= 0.000(d=1) stat= 0.161 rest= 0.345
  [bmc-incr i=932 repr=1 active=831/175983 POs=1]
BMC : c =     829  cl =   4503  lit =  175982  p =     0  d =     0  f =     1  +  T =     0.03 sec
  [bmc-prof 932] wall=  30.121 p=     1 | ifo=  0.785(sd=0.203 nx=0.000 tfo=0.064 cnt=0.518) snap= 0.282 srm=  7.919 sat=  6.190(set=0.200 slv=5.988 max=5.9884 n=1) cex=R/T/F=0/0/1 trsplit=0 sim=14.478(rmp=0.430 run=14.047 n=1 d=0) incr=loc/full/maxdirty/keys=0/0/0/0 chk= 0.000(d=1) stat= 0.165 rest= 0.302
  [bmc-incr i=933 repr=1 active=830/175982 POs=1]
BMC : c =     828  cl =   4503  lit =  175981  p =     0  d =     0  f =     1  +  T =     0.03 sec
  [bmc-prof 933] wall=  31.326 p=     1 | ifo=  0.706(sd=0.176 nx=0.000 tfo=0.038 cnt=0.492) snap= 0.283 srm=  7.865 sat=  6.917(set=0.181 slv=6.734 max=6.7337 n=1) cex=R/T/F=0/0/1 trsplit=0 sim=15.065(rmp=0.432 run=14.631 n=1 d=0) incr=loc/full/maxdirty/keys=0/0/0/0 chk= 0.000(d=1) stat= 0.168 rest= 0.321
  [bmc-incr i=934 repr=1 active=829/175981 POs=1]
BMC : c =     827  cl =   4503  lit =  175980  p =     0  d =     0  f =     1  +  T =     0.03 sec
  [bmc-prof 934] wall=  31.286 p=     1 | ifo=  0.791(sd=0.212 nx=0.000 tfo=0.071 cnt=0.508) snap= 0.291 srm=  8.151 sat=  6.262(set=0.185 slv=6.075 max=6.0750 n=1) cex=R/T/F=0/0/1 trsplit=0 sim=15.011(rmp=0.467 run=14.544 n=1 d=0) incr=loc/full/maxdirty/keys=0/0/0/0 chk= 0.000(d=1) stat= 0.432 rest= 0.349
  [bmc-incr i=935 repr=1 active=828/175980 POs=1]
BMC : c =     826  cl =   4503  lit =  175979  p =     0  d =     0  f =     1  +  T =     0.03 sec
  [bmc-prof 935] wall=  32.000 p=     1 | ifo=  0.851(sd=0.218 nx=0.000 tfo=0.049 cnt=0.585) snap= 0.322 srm=  9.387 sat=  6.310(set=0.211 slv=6.097 max=6.0974 n=1) cex=R/T/F=0/0/1 trsplit=0 sim=14.594(rmp=0.588 run=14.006 n=1 d=0) incr=loc/full/maxdirty/keys=0/0/0/0 chk= 0.000(d=1) stat= 0.194 rest= 0.342
  [bmc-incr i=936 repr=1 active=827/175979 POs=1]
BMC : c =     825  cl =   4503  lit =  175978  p =     0  d =     0  f =     1  +  T =     0.03 sec
  [bmc-prof 936] wall=  30.691 p=     1 | ifo=  0.801(sd=0.220 nx=0.000 tfo=0.044 cnt=0.537) snap= 0.341 srm=  8.314 sat=  6.320(set=0.206 slv=6.112 max=6.1120 n=1) cex=R/T/F=0/0/1 trsplit=0 sim=14.376(rmp=0.522 run=13.852 n=1 d=0) incr=loc/full/maxdirty/keys=0/0/0/0 chk= 0.000(d=1) stat= 0.222 rest= 0.319
  [bmc-incr i=937 repr=1 active=826/175978 POs=1]
BMC : c =     824  cl =   4503  lit =  175977  p =     0  d =     0  f =     1  +  T =     0.03 sec
  [bmc-prof 937] wall=  31.733 p=     1 | ifo=  0.733(sd=0.181 nx=0.000 tfo=0.041 cnt=0.510) snap= 0.284 srm=  9.642 sat=  6.548(set=0.184 slv=6.362 max=6.3617 n=1) cex=R/T/F=0/0/1 trsplit=0 sim=14.013(rmp=0.556 run=13.456 n=1 d=0) incr=loc/full/maxdirty/keys=0/0/0/0 chk= 0.000(d=1) stat= 0.177 rest= 0.335
  [bmc-incr i=938 repr=1 active=825/175977 POs=1]
BMC : c =     823  cl =   4503  lit =  175976  p =     0  d =     0  f =     1  +  T =     0.03 sec
  [bmc-prof 938] wall=  32.309 p=     1 | ifo=  0.842(sd=0.255 nx=0.000 tfo=0.046 cnt=0.542) snap= 0.293 srm= 10.270 sat=  6.367(set=0.182 slv=6.183 max=6.1834 n=1) cex=R/T/F=0/0/1 trsplit=0 sim=14.035(rmp=0.428 run=13.606 n=1 d=0) incr=loc/full/maxdirty/keys=0/0/0/0 chk= 0.000(d=1) stat= 0.192 rest= 0.310
  [bmc-incr i=939 repr=1 active=824/175976 POs=1]
BMC : c =     822  cl =   4503  lit =  175975  p =     0  d =     0  f =     1  +  T =     0.03 sec
  [bmc-prof 939] wall=  30.718 p=     1 | ifo=  0.715(sd=0.181 nx=0.000 tfo=0.043 cnt=0.491) snap= 0.282 srm=  7.654 sat=  6.167(set=0.176 slv=5.989 max=5.9887 n=1) cex=R/T/F=0/0/1 trsplit=0 sim=15.267(rmp=0.441 run=14.825 n=1 d=0) incr=loc/full/maxdirty/keys=0/0/0/0 chk= 0.000(d=1) stat= 0.289 rest= 0.342
  [bmc-incr i=940 repr=1 active=823/175975 POs=1]
BMC : c =     821  cl =   4503  lit =  175974  p =     0  d =     0  f =     1  +  T =     0.03 sec
  [bmc-prof 940] wall=  31.766 p=     1 | ifo=  1.352(sd=0.313 nx=0.000 tfo=0.055 cnt=0.984) snap= 0.292 srm=  8.595 sat=  6.264(set=0.185 slv=6.077 max=6.0773 n=1) cex=R/T/F=0/0/1 trsplit=0 sim=14.685(rmp=0.425 run=14.259 n=1 d=0) incr=loc/full/maxdirty/keys=0/0/0/0 chk= 0.000(d=1) stat= 0.225 rest= 0.352
  [bmc-incr i=941 repr=1 active=822/175974 POs=1]
BMC : c =     820  cl =   4503  lit =  175973  p =     0  d =     0  f =     1  +  T =     0.03 sec
  [bmc-prof 941] wall=  30.323 p=     1 | ifo=  0.758(sd=0.180 nx=0.000 tfo=0.041 cnt=0.537) snap= 0.358 srm=  8.326 sat=  6.274(set=0.314 slv=5.957 max=5.9572 n=1) cex=R/T/F=0/0/1 trsplit=0 sim=14.143(rmp=0.431 run=13.711 n=1 d=0) incr=loc/full/maxdirty/keys=0/0/0/0 chk= 0.000(d=1) stat= 0.162 rest= 0.302
  [bmc-incr i=942 repr=1 active=821/175973 POs=1]
BMC : c =     819  cl =   4503  lit =  175972  p =     0  d =     0  f =     1  +  T =     0.03 sec
  [bmc-prof 942] wall=  29.613 p=     1 | ifo=  0.739(sd=0.179 nx=0.000 tfo=0.042 cnt=0.519) snap= 0.294 srm=  7.858 sat=  6.114(set=0.187 slv=5.925 max=5.9246 n=1) cex=R/T/F=0/0/1 trsplit=0 sim=14.130(rmp=0.428 run=13.701 n=1 d=0) incr=loc/full/maxdirty/keys=0/0/0/0 chk= 0.000(d=1) stat= 0.169 rest= 0.309
  [bmc-incr i=943 repr=1 active=820/175972 POs=1]
BMC : c =     818  cl =   4503  lit =  175971  p =     0  d =     0  f =     1  +  T =     0.03 sec
  [bmc-prof 943] wall=  30.141 p=     1 | ifo=  0.770(sd=0.219 nx=0.000 tfo=0.062 cnt=0.489) snap= 0.284 srm=  7.864 sat=  6.316(set=0.183 slv=6.131 max=6.1314 n=1) cex=R/T/F=0/0/1 trsplit=0 sim=14.423(rmp=0.429 run=13.993 n=1 d=0) incr=loc/full/maxdirty/keys=0/0/0/0 chk= 0.000(d=1) stat= 0.164 rest= 0.319
  [bmc-incr i=944 repr=1 active=819/175971 POs=1]
BMC : c =     817  cl =   4503  lit =  175970  p =     0  d =     0  f =     1  +  T =     0.03 sec
  [bmc-prof 944] wall=  30.031 p=     1 | ifo=  0.705(sd=0.180 nx=0.000 tfo=0.041 cnt=0.484) snap= 0.289 srm=  8.056 sat=  6.178(set=0.190 slv=5.985 max=5.9854 n=1) cex=R/T/F=0/0/1 trsplit=0 sim=14.338(rmp=0.430 run=13.908 n=1 d=0) incr=loc/full/maxdirty/keys=0/0/0/0 chk= 0.000(d=1) stat= 0.159 rest= 0.307
  [bmc-incr i=945 repr=1 active=818/175970 POs=1]
BMC : c =     816  cl =   4503  lit =  175969  p =     0  d =     0  f =     1  +  T =     0.04 sec
  [bmc-prof 945] wall=  35.912 p=     1 | ifo=  0.725(sd=0.182 nx=0.000 tfo=0.041 cnt=0.501) snap= 0.287 srm=  7.952 sat=  6.240(set=0.197 slv=6.041 max=6.0409 n=1) cex=R/T/F=0/0/1 trsplit=0 sim=20.175(rmp=0.578 run=19.596 n=1 d=0) incr=loc/full/maxdirty/keys=0/0/0/0 chk= 0.000(d=1) stat= 0.204 rest= 0.327
  [bmc-incr i=946 repr=1 active=817/175969 POs=1]
BMC : c =     815  cl =   4503  lit =  175968  p =     0  d =     0  f =     1  +  T =     0.03 sec
  [bmc-prof 946] wall=  33.253 p=     1 | ifo=  0.933(sd=0.240 nx=0.000 tfo=0.043 cnt=0.650) snap= 0.374 srm=  8.476 sat=  6.428(set=0.244 slv=6.183 max=6.1831 n=1) cex=R/T/F=0/0/1 trsplit=0 sim=16.566(rmp=0.532 run=16.033 n=1 d=0) incr=loc/full/maxdirty/keys=0/0/0/0 chk= 0.000(d=1) stat= 0.166 rest= 0.309
  [bmc-incr i=947 repr=1 active=816/175968 POs=1]
BMC : c =     814  cl =   4503  lit =  175967  p =     0  d =     0  f =     1  +  T =     0.03 sec
  [bmc-prof 947] wall=  29.601 p=     1 | ifo=  0.719(sd=0.199 nx=0.000 tfo=0.039 cnt=0.481) snap= 0.283 srm=  8.096 sat=  6.163(set=0.178 slv=5.983 max=5.9833 n=1) cex=R/T/F=0/0/1 trsplit=0 sim=13.892(rmp=0.412 run=13.480 n=1 d=0) incr=loc/full/maxdirty/keys=0/0/0/0 chk= 0.000(d=1) stat= 0.153 rest= 0.296
  [bmc-incr i=948 repr=1 active=815/175967 POs=1]
BMC : c =     813  cl =   4503  lit =  175966  p =     0  d =     0  f =     1  +  T =     0.03 sec
  [bmc-prof 948] wall=  29.995 p=     1 | ifo=  0.703(sd=0.173 nx=0.000 tfo=0.036 cnt=0.494) snap= 0.283 srm=  7.711 sat=  6.191(set=0.187 slv=6.002 max=6.0021 n=1) cex=R/T/F=0/0/1 trsplit=0 sim=14.652(rmp=0.420 run=14.231 n=1 d=0) incr=loc/full/maxdirty/keys=0/0/0/0 chk= 0.000(d=1) stat= 0.156 rest= 0.299
  [bmc-incr i=949 repr=1 active=814/175966 POs=1]
BMC : c =     812  cl =   4503  lit =  175965  p =     0  d =     0  f =     1  +  T =     0.03 sec
  [bmc-prof 949] wall=  29.599 p=     1 | ifo=  0.696(sd=0.177 nx=0.000 tfo=0.038 cnt=0.481) snap= 0.322 srm=  7.651 sat=  6.169(set=0.180 slv=5.987 max=5.9873 n=1) cex=R/T/F=0/0/1 trsplit=0 sim=14.313(rmp=0.418 run=13.894 n=1 d=0) incr=loc/full/maxdirty/keys=0/0/0/0 chk= 0.000(d=1) stat= 0.156 rest= 0.291
  [bmc-incr i=950 repr=1 active=813/175965 POs=1]
BMC : c =     811  cl =   4503  lit =  175964  p =     0  d =     0  f =     1  +  T =     0.03 sec
  [bmc-prof 950] wall=  29.419 p=     1 | ifo=  0.696(sd=0.177 nx=0.000 tfo=0.036 cnt=0.483) snap= 0.299 srm=  7.779 sat=  6.294(set=0.308 slv=5.984 max=5.9843 n=1) cex=R/T/F=0/0/1 trsplit=0 sim=13.900(rmp=0.425 run=13.475 n=1 d=0) incr=loc/full/maxdirty/keys=0/0/0/0 chk= 0.000(d=1) stat= 0.159 rest= 0.292
  [bmc-incr i=951 repr=1 active=812/175964 POs=1]
BMC : c =     810  cl =   4503  lit =  175963  p =     0  d =     0  f =     1  +  T =     0.03 sec
  [bmc-prof 951] wall=  29.378 p=     1 | ifo=  0.707(sd=0.178 nx=0.000 tfo=0.038 cnt=0.490) snap= 0.282 srm=  7.750 sat=  6.219(set=0.177 slv=6.041 max=6.0408 n=1) cex=R/T/F=0/0/1 trsplit=0 sim=13.955(rmp=0.420 run=13.534 n=1 d=0) incr=loc/full/maxdirty/keys=0/0/0/0 chk= 0.000(d=1) stat= 0.176 rest= 0.289
  [bmc-incr i=952 repr=1 active=811/175963 POs=1]
BMC : c =     809  cl =   4503  lit =  175962  p =     0  d =     0  f =     1  +  T =     0.03 sec
  [bmc-prof 952] wall=  29.635 p=     1 | ifo=  0.726(sd=0.175 nx=0.000 tfo=0.036 cnt=0.516) snap= 0.282 srm=  7.729 sat=  6.231(set=0.177 slv=6.051 max=6.0515 n=1) cex=R/T/F=0/0/1 trsplit=0 sim=14.199(rmp=0.485 run=13.714 n=1 d=0) incr=loc/full/maxdirty/keys=0/0/0/0 chk= 0.000(d=1) stat= 0.158 rest= 0.308
  [bmc-incr i=953 repr=1 active=810/175962 POs=1]
BMC : c =     808  cl =   4503  lit =  175961  p =     0  d =     0  f =     1  +  T =     0.03 sec
  [bmc-prof 953] wall=  29.993 p=     1 | ifo=  0.703(sd=0.176 nx=0.000 tfo=0.035 cnt=0.492) snap= 0.283 srm=  7.630 sat=  6.615(set=0.187 slv=6.426 max=6.4260 n=1) cex=R/T/F=0/0/1 trsplit=0 sim=14.310(rmp=0.426 run=13.883 n=1 d=0) incr=loc/full/maxdirty/keys=0/0/0/0 chk= 0.000(d=1) stat= 0.157 rest= 0.294
  [bmc-incr i=954 repr=1 active=809/175961 POs=1]
BMC : c =     807  cl =   4503  lit =  175960  p =     0  d =     0  f =     1  +  T =     0.03 sec
  [bmc-prof 954] wall=  31.211 p=     1 | ifo=  0.713(sd=0.187 nx=0.000 tfo=0.036 cnt=0.490) snap= 0.290 srm=  7.678 sat=  6.340(set=0.180 slv=6.158 max=6.1581 n=1) cex=R/T/F=0/0/1 trsplit=0 sim=15.687(rmp=0.556 run=15.129 n=1 d=0) incr=loc/full/maxdirty/keys=0/0/0/0 chk= 0.000(d=1) stat= 0.169 rest= 0.332
  [bmc-incr i=955 repr=1 active=808/175960 POs=1]
BMC : c =     806  cl =   4503  lit =  175959  p =     0  d =     0  f =     1  +  T =     0.03 sec
  [bmc-prof 955] wall=  31.667 p=     1 | ifo=  0.707(sd=0.180 nx=0.000 tfo=0.035 cnt=0.492) snap= 0.289 srm=  7.771 sat=  7.270(set=0.190 slv=7.078 max=7.0776 n=1) cex=R/T/F=0/0/1 trsplit=0 sim=15.063(rmp=0.544 run=14.517 n=1 d=0) incr=loc/full/maxdirty/keys=0/0/0/0 chk= 0.000(d=1) stat= 0.167 rest= 0.400
  [bmc-incr i=956 repr=1 active=807/175959 POs=1]
BMC : c =     805  cl =   4503  lit =  175958  p =     0  d =     0  f =     1  +  T =     0.03 sec
  [bmc-prof 956] wall=  30.392 p=     1 | ifo=  0.730(sd=0.178 nx=0.000 tfo=0.040 cnt=0.512) snap= 0.287 srm=  8.100 sat=  6.610(set=0.195 slv=6.412 max=6.4120 n=1) cex=R/T/F=0/0/1 trsplit=0 sim=14.209(rmp=0.429 run=13.779 n=1 d=0) incr=loc/full/maxdirty/keys=0/0/0/0 chk= 0.000(d=1) stat= 0.158 rest= 0.297
  [bmc-incr i=957 repr=1 active=806/175958 POs=1]
BMC : c =     804  cl =   4503  lit =  175957  p =     0  d =     0  f =     1  +  T =     0.03 sec
  [bmc-prof 957] wall=  29.874 p=     1 | ifo=  0.717(sd=0.179 nx=0.000 tfo=0.039 cnt=0.499) snap= 0.289 srm=  7.807 sat=  6.232(set=0.178 slv=6.051 max=6.0515 n=1) cex=R/T/F=0/0/1 trsplit=0 sim=14.360(rmp=0.436 run=13.923 n=1 d=0) incr=loc/full/maxdirty/keys=0/0/0/0 chk= 0.000(d=1) stat= 0.162 rest= 0.306
  [bmc-incr i=958 repr=1 active=805/175957 POs=1]
BMC : c =     803  cl =   4503  lit =  175956  p =     0  d =     0  f =     1  +  T =     0.03 sec
  [bmc-prof 958] wall=  30.346 p=     1 | ifo=  0.704(sd=0.181 nx=0.000 tfo=0.042 cnt=0.481) snap= 0.290 srm=  7.731 sat=  6.794(set=0.185 slv=6.605 max=6.6055 n=1) cex=R/T/F=0/0/1 trsplit=0 sim=14.365(rmp=0.461 run=13.904 n=1 d=0) incr=loc/full/maxdirty/keys=0/0/0/0 chk= 0.000(d=1) stat= 0.159 rest= 0.303
  [bmc-incr i=959 repr=1 active=804/175956 POs=1]
BMC : c =     802  cl =   4503  lit =  175955  p =     0  d =     0  f =     1  +  T =     0.03 sec
  [bmc-prof 959] wall=  29.525 p=     1 | ifo=  0.707(sd=0.177 nx=0.000 tfo=0.039 cnt=0.491) snap= 0.284 srm=  7.871 sat=  6.224(set=0.187 slv=6.035 max=6.0349 n=1) cex=R/T/F=0/0/1 trsplit=0 sim=13.974(rmp=0.426 run=13.548 n=1 d=0) incr=loc/full/maxdirty/keys=0/0/0/0 chk= 0.000(d=1) stat= 0.161 rest= 0.304
  [bmc-incr i=960 repr=1 active=803/175955 POs=1]
BMC : c =     801  cl =   4503  lit =  175954  p =     0  d =     0  f =     1  +  T =     0.03 sec
  [bmc-prof 960] wall=  32.348 p=     1 | ifo=  0.834(sd=0.242 nx=0.000 tfo=0.051 cnt=0.541) snap= 0.334 srm=  9.433 sat=  6.319(set=0.219 slv=6.098 max=6.0979 n=1) cex=R/T/F=0/0/1 trsplit=0 sim=14.938(rmp=0.474 run=14.463 n=1 d=0) incr=loc/full/maxdirty/keys=0/0/0/0 chk= 0.000(d=1) stat= 0.173 rest= 0.317
  [bmc-incr i=961 repr=1 active=802/175954 POs=1]
BMC : c =     800  cl =   4503  lit =  175953  p =     0  d =     0  f =     1  +  T =     0.03 sec
  [bmc-prof 961] wall=  32.264 p=     1 | ifo=  0.738(sd=0.187 nx=0.000 tfo=0.047 cnt=0.503) snap= 0.296 srm=  8.055 sat=  6.707(set=0.182 slv=6.522 max=6.5217 n=1) cex=R/T/F=0/0/1 trsplit=0 sim=15.961(rmp=0.478 run=15.482 n=1 d=0) incr=loc/full/maxdirty/keys=0/0/0/0 chk= 0.001(d=1) stat= 0.173 rest= 0.334
  [bmc-incr i=962 repr=1 active=801/175953 POs=1]
BMC : c =     799  cl =   4503  lit =  175952  p =     0  d =     0  f =     1  +  T =     0.03 sec
  [bmc-prof 962] wall=  30.938 p=     1 | ifo=  0.730(sd=0.180 nx=0.000 tfo=0.042 cnt=0.508) snap= 0.306 srm=  8.445 sat=  6.433(set=0.204 slv=6.227 max=6.2268 n=1) cex=R/T/F=0/0/1 trsplit=0 sim=14.552(rmp=0.452 run=14.099 n=1 d=0) incr=loc/full/maxdirty/keys=0/0/0/0 chk= 0.000(d=1) stat= 0.158 rest= 0.313
  [bmc-incr i=963 repr=1 active=800/175952 POs=1]
BMC : c =     798  cl =   4503  lit =  175951  p =     0  d =     0  f =     1  +  T =     0.04 sec
  [bmc-prof 963] wall=  35.976 p=     1 | ifo=  0.720(sd=0.177 nx=0.000 tfo=0.039 cnt=0.504) snap= 0.340 srm=  8.768 sat=  6.334(set=0.206 slv=6.125 max=6.1255 n=1) cex=R/T/F=0/0/1 trsplit=0 sim=19.299(rmp=0.460 run=18.838 n=1 d=0) incr=loc/full/maxdirty/keys=0/0/0/0 chk= 0.000(d=1) stat= 0.158 rest= 0.357
  [bmc-incr i=964 repr=1 active=799/175951 POs=1]
BMC : c =     797  cl =   4503  lit =  175950  p =     0  d =     0  f =     1  +  T =     0.03 sec
  [bmc-prof 964] wall=  31.801 p=     1 | ifo=  0.706(sd=0.177 nx=0.000 tfo=0.040 cnt=0.489) snap= 0.290 srm=  7.674 sat=  6.174(set=0.181 slv=5.990 max=5.9903 n=1) cex=R/T/F=0/0/1 trsplit=0 sim=16.452(rmp=0.438 run=16.012 n=1 d=0) incr=loc/full/maxdirty/keys=0/0/0/0 chk= 0.000(d=1) stat= 0.175 rest= 0.331
  [bmc-incr i=965 repr=1 active=798/175950 POs=1]
BMC : c =     796  cl =   4503  lit =  175949  p =     0  d =     0  f =     1  +  T =     0.03 sec
  [bmc-prof 965] wall=  32.697 p=     1 | ifo=  0.801(sd=0.212 nx=0.000 tfo=0.053 cnt=0.537) snap= 0.355 srm= 10.001 sat=  6.620(set=0.220 slv=6.398 max=6.3985 n=1) cex=R/T/F=0/0/1 trsplit=0 sim=14.462(rmp=0.424 run=14.037 n=1 d=0) incr=loc/full/maxdirty/keys=0/0/0/0 chk= 0.000(d=1) stat= 0.160 rest= 0.297
  [bmc-incr i=966 repr=1 active=797/175949 POs=1]
BMC : c =     795  cl =   4503  lit =  175948  p =     0  d =     0  f =     1  +  T =     0.03 sec
  [bmc-prof 966] wall=  29.900 p=     1 | ifo=  0.711(sd=0.175 nx=0.000 tfo=0.036 cnt=0.500) snap= 0.318 srm=  7.808 sat=  6.200(set=0.184 slv=6.014 max=6.0144 n=1) cex=R/T/F=0/0/1 trsplit=0 sim=14.389(rmp=0.415 run=13.973 n=1 d=0) incr=loc/full/maxdirty/keys=0/0/0/0 chk= 0.000(d=1) stat= 0.182 rest= 0.292
  [bmc-incr i=967 repr=1 active=796/175948 POs=1]
BMC : c =     794  cl =   4503  lit =  175947  p =     0  d =     0  f =     1  +  T =     0.03 sec
  [bmc-prof 967] wall=  29.465 p=     1 | ifo=  0.710(sd=0.178 nx=0.000 tfo=0.039 cnt=0.493) snap= 0.292 srm=  7.672 sat=  6.312(set=0.179 slv=6.131 max=6.1307 n=1) cex=R/T/F=0/0/1 trsplit=0 sim=14.020(rmp=0.435 run=13.585 n=1 d=0) incr=loc/full/maxdirty/keys=0/0/0/0 chk= 0.000(d=1) stat= 0.158 rest= 0.301
  [bmc-incr i=968 repr=1 active=795/175947 POs=1]
BMC : c =     793  cl =   4503  lit =  175946  p =     0  d =     0  f =     1  +  T =     0.03 sec
  [bmc-prof 968] wall=  30.877 p=     1 | ifo=  0.741(sd=0.180 nx=0.000 tfo=0.038 cnt=0.523) snap= 0.286 srm=  9.167 sat=  6.206(set=0.177 slv=6.027 max=6.0268 n=1) cex=R/T/F=0/0/1 trsplit=0 sim=14.031(rmp=0.426 run=13.604 n=1 d=0) incr=loc/full/maxdirty/keys=0/0/0/0 chk= 0.000(d=1) stat= 0.157 rest= 0.289
  [bmc-incr i=969 repr=1 active=794/175946 POs=1]
BMC : c =     792  cl =   4503  lit =  175945  p =     0  d =     0  f =     1  +  T =     0.03 sec
  [bmc-prof 969] wall=  29.682 p=     1 | ifo=  0.705(sd=0.177 nx=0.000 tfo=0.046 cnt=0.482) snap= 0.280 srm=  7.740 sat=  6.165(set=0.180 slv=5.983 max=5.9831 n=1) cex=R/T/F=0/0/1 trsplit=0 sim=14.344(rmp=0.465 run=13.878 n=1 d=0) incr=loc/full/maxdirty/keys=0/0/0/0 chk= 0.000(d=1) stat= 0.156 rest= 0.293
  [bmc-incr i=970 repr=1 active=793/175945 POs=1]
BMC : c =     791  cl =   4503  lit =  175944  p =     0  d =     0  f =     1  +  T =     0.03 sec
  [bmc-prof 970] wall=  30.269 p=     1 | ifo=  0.693(sd=0.178 nx=0.000 tfo=0.036 cnt=0.479) snap= 0.284 srm=  7.813 sat=  6.168(set=0.180 slv=5.987 max=5.9868 n=1) cex=R/T/F=0/0/1 trsplit=0 sim=14.825(rmp=0.423 run=14.400 n=1 d=0) incr=loc/full/maxdirty/keys=0/0/0/0 chk= 0.000(d=1) stat= 0.172 rest= 0.314
  [bmc-incr i=971 repr=1 active=792/175944 POs=1]
BMC : c =     790  cl =   4503  lit =  175943  p =     0  d =     0  f =     1  +  T =     0.03 sec
  [bmc-prof 971] wall=  30.823 p=     1 | ifo=  0.782(sd=0.215 nx=0.000 tfo=0.042 cnt=0.525) snap= 0.285 srm=  8.126 sat=  6.176(set=0.180 slv=5.994 max=5.9945 n=1) cex=R/T/F=0/0/1 trsplit=0 sim=14.892(rmp=0.429 run=14.462 n=1 d=0) incr=loc/full/maxdirty/keys=0/0/0/0 chk= 0.001(d=1) stat= 0.199 rest= 0.363
  [bmc-incr i=972 repr=1 active=791/175943 POs=1]
BMC : c =     789  cl =   4503  lit =  175942  p =     0  d =     0  f =     1  +  T =     0.03 sec
  [bmc-prof 972] wall=  30.767 p=     1 | ifo=  0.792(sd=0.265 nx=0.000 tfo=0.045 cnt=0.482) snap= 0.282 srm=  7.935 sat=  6.222(set=0.186 slv=6.035 max=6.0346 n=1) cex=R/T/F=0/0/1 trsplit=0 sim=15.052(rmp=0.451 run=14.599 n=1 d=0) incr=loc/full/maxdirty/keys=0/0/0/0 chk= 0.000(d=1) stat= 0.163 rest= 0.320
  [bmc-incr i=973 repr=1 active=790/175942 POs=1]
BMC : c =     788  cl =   4503  lit =  175941  p =     0  d =     0  f =     1  +  T =     0.03 sec
  [bmc-prof 973] wall=  30.451 p=     1 | ifo=  0.702(sd=0.180 nx=0.000 tfo=0.039 cnt=0.483) snap= 0.301 srm=  7.962 sat=  6.373(set=0.190 slv=6.181 max=6.1815 n=1) cex=R/T/F=0/0/1 trsplit=0 sim=14.624(rmp=0.414 run=14.208 n=1 d=0) incr=loc/full/maxdirty/keys=0/0/0/0 chk= 0.000(d=1) stat= 0.164 rest= 0.325
  [bmc-incr i=974 repr=1 active=789/175941 POs=1]
BMC : c =     787  cl =   4503  lit =  175940  p =     0  d =     0  f =     1  +  T =     0.03 sec
  [bmc-prof 974] wall=  30.485 p=     1 | ifo=  0.720(sd=0.194 nx=0.000 tfo=0.043 cnt=0.483) snap= 0.305 srm=  8.214 sat=  6.355(set=0.201 slv=6.152 max=6.1517 n=1) cex=R/T/F=0/0/1 trsplit=0 sim=14.429(rmp=0.452 run=13.976 n=1 d=0) incr=loc/full/maxdirty/keys=0/0/0/0 chk= 0.000(d=1) stat= 0.159 rest= 0.302
  [bmc-incr i=975 repr=1 active=788/175940 POs=1]
BMC : c =     786  cl =   4503  lit =  175939  p =     0  d =     0  f =     1  +  T =     0.03 sec
  [bmc-prof 975] wall=  30.378 p=     1 | ifo=  0.722(sd=0.180 nx=0.000 tfo=0.042 cnt=0.500) snap= 0.299 srm=  8.047 sat=  6.325(set=0.212 slv=6.110 max=6.1105 n=1) cex=R/T/F=0/0/1 trsplit=0 sim=14.524(rmp=0.444 run=14.079 n=1 d=0) incr=loc/full/maxdirty/keys=0/0/0/0 chk= 0.000(d=1) stat= 0.157 rest= 0.303
  [bmc-incr i=976 repr=1 active=787/175939 POs=1]
BMC : c =     785  cl =   4503  lit =  175938  p =     0  d =     0  f =     1  +  T =     0.03 sec
  [bmc-prof 976] wall=  30.306 p=     1 | ifo=  0.727(sd=0.197 nx=0.000 tfo=0.039 cnt=0.490) snap= 0.297 srm=  7.841 sat=  6.337(set=0.196 slv=6.139 max=6.1390 n=1) cex=R/T/F=0/0/1 trsplit=0 sim=14.634(rmp=0.420 run=14.212 n=1 d=0) incr=loc/full/maxdirty/keys=0/0/0/0 chk= 0.000(d=1) stat= 0.165 rest= 0.306
  [bmc-incr i=977 repr=1 active=786/175938 POs=1]
BMC : c =     784  cl =   4503  lit =  175937  p =     0  d =     0  f =     1  +  T =     0.04 sec
  [bmc-prof 977] wall=  36.402 p=     1 | ifo=  0.735(sd=0.180 nx=0.000 tfo=0.041 cnt=0.514) snap= 0.580 srm= 13.750 sat=  6.448(set=0.188 slv=6.258 max=6.2576 n=1) cex=R/T/F=0/0/1 trsplit=0 sim=14.419(rmp=0.503 run=13.915 n=1 d=0) incr=loc/full/maxdirty/keys=0/0/0/0 chk= 0.000(d=1) stat= 0.176 rest= 0.295
  [bmc-incr i=978 repr=1 active=785/175937 POs=1]
BMC : c =     783  cl =   4503  lit =  175936  p =     0  d =     0  f =     1  +  T =     0.03 sec
  [bmc-prof 978] wall=  30.561 p=     1 | ifo=  0.719(sd=0.198 nx=0.000 tfo=0.042 cnt=0.480) snap= 0.280 srm=  7.835 sat=  6.296(set=0.184 slv=6.110 max=6.1103 n=1) cex=R/T/F=0/0/1 trsplit=0 sim=14.931(rmp=0.485 run=14.444 n=1 d=0) incr=loc/full/maxdirty/keys=0/0/0/0 chk= 0.000(d=1) stat= 0.164 rest= 0.336
  [bmc-incr i=979 repr=1 active=784/175936 POs=1]
BMC : c =     782  cl =   4503  lit =  175935  p =     0  d =     0  f =     1  +  T =     0.03 sec
  [bmc-prof 979] wall=  29.746 p=     1 | ifo=  0.726(sd=0.180 nx=0.000 tfo=0.038 cnt=0.508) snap= 0.280 srm=  7.711 sat=  6.387(set=0.179 slv=6.206 max=6.2058 n=1) cex=R/T/F=0/0/1 trsplit=0 sim=14.174(rmp=0.460 run=13.713 n=1 d=0) incr=loc/full/maxdirty/keys=0/0/0/0 chk= 0.000(d=1) stat= 0.160 rest= 0.308
  [bmc-incr i=980 repr=1 active=783/175935 POs=1]
BMC : c =     781  cl =   4503  lit =  175934  p =     0  d =     0  f =     1  +  T =     0.03 sec
  [bmc-prof 980] wall=  29.957 p=     1 | ifo=  0.874(sd=0.213 nx=0.000 tfo=0.065 cnt=0.595) snap= 0.287 srm=  7.738 sat=  6.298(set=0.182 slv=6.114 max=6.1141 n=1) cex=R/T/F=0/0/1 trsplit=0 sim=14.308(rmp=0.496 run=13.811 n=1 d=0) incr=loc/full/maxdirty/keys=0/0/0/0 chk= 0.000(d=1) stat= 0.159 rest= 0.294
  [bmc-incr i=981 repr=1 active=782/175934 POs=1]
BMC : c =     780  cl =   4503  lit =  175933  p =     0  d =     0  f =     1  +  T =     0.03 sec
  [bmc-prof 981] wall=  33.875 p=     1 | ifo=  0.716(sd=0.179 nx=0.000 tfo=0.039 cnt=0.498) snap= 0.281 srm=  7.671 sat=  7.018(set=0.179 slv=6.836 max=6.8365 n=1) cex=R/T/F=0/0/1 trsplit=0 sim=17.660(rmp=0.532 run=17.127 n=1 d=0) incr=loc/full/maxdirty/keys=0/0/0/0 chk= 0.000(d=1) stat= 0.181 rest= 0.349
  [bmc-incr i=982 repr=1 active=781/175933 POs=1]
BMC : c =     779  cl =   4503  lit =  175932  p =     0  d =     0  f =     1  +  T =     0.03 sec
  [bmc-prof 982] wall=  29.927 p=     1 | ifo=  0.775(sd=0.218 nx=0.000 tfo=0.040 cnt=0.516) snap= 0.304 srm=  8.184 sat=  6.258(set=0.189 slv=6.068 max=6.0679 n=1) cex=R/T/F=0/0/1 trsplit=0 sim=13.958(rmp=0.421 run=13.537 n=1 d=0) incr=loc/full/maxdirty/keys=0/0/0/0 chk= 0.000(d=1) stat= 0.157 rest= 0.291
  [bmc-incr i=983 repr=1 active=780/175932 POs=1]
BMC : c =     778  cl =   4503  lit =  175931  p =     0  d =     0  f =     1  +  T =     0.03 sec
  [bmc-prof 983] wall=  29.393 p=     1 | ifo=  0.703(sd=0.177 nx=0.000 tfo=0.036 cnt=0.491) snap= 0.291 srm=  7.761 sat=  6.251(set=0.182 slv=6.067 max=6.0673 n=1) cex=R/T/F=0/0/1 trsplit=0 sim=13.932(rmp=0.422 run=13.509 n=1 d=0) incr=loc/full/maxdirty/keys=0/0/0/0 chk= 0.000(d=1) stat= 0.156 rest= 0.299
  [bmc-incr i=984 repr=1 active=779/175931 POs=1]
BMC : c =     777  cl =   4503  lit =  175930  p =     0  d =     0  f =     1  +  T =     0.03 sec
  [bmc-prof 984] wall=  29.533 p=     1 | ifo=  0.689(sd=0.176 nx=0.000 tfo=0.035 cnt=0.479) snap= 0.281 srm=  7.742 sat=  6.274(set=0.180 slv=6.092 max=6.0919 n=1) cex=R/T/F=0/0/1 trsplit=0 sim=14.101(rmp=0.414 run=13.687 n=1 d=0) incr=loc/full/maxdirty/keys=0/0/0/0 chk= 0.000(d=1) stat= 0.156 rest= 0.289
  [bmc-incr i=985 repr=1 active=778/175930 POs=1]
BMC : c =     776  cl =   4503  lit =  175929  p =     0  d =     0  f =     1  +  T =     0.03 sec
  [bmc-prof 985] wall=  30.957 p=     1 | ifo=  0.711(sd=0.174 nx=0.000 tfo=0.035 cnt=0.502) snap= 0.281 srm=  7.908 sat=  6.945(set=0.182 slv=6.761 max=6.7610 n=1) cex=R/T/F=0/0/1 trsplit=0 sim=14.650(rmp=0.418 run=14.231 n=1 d=0) incr=loc/full/maxdirty/keys=0/0/0/0 chk= 0.000(d=1) stat= 0.160 rest= 0.301
  [bmc-incr i=986 repr=1 active=777/175929 POs=1]
BMC : c =     775  cl =   4503  lit =  175928  p =     0  d =     0  f =     1  +  T =     0.03 sec
  [bmc-prof 986] wall=  29.317 p=     1 | ifo=  0.707(sd=0.179 nx=0.000 tfo=0.034 cnt=0.494) snap= 0.284 srm=  7.689 sat=  6.272(set=0.180 slv=6.090 max=6.0899 n=1) cex=R/T/F=0/0/1 trsplit=0 sim=13.917(rmp=0.428 run=13.488 n=1 d=0) incr=loc/full/maxdirty/keys=0/0/0/0 chk= 0.000(d=1) stat= 0.157 rest= 0.292
  [bmc-incr i=987 repr=1 active=776/175928 POs=1]
BMC : c =     774  cl =   4503  lit =  175927  p =     0  d =     0  f =     1  +  T =     0.03 sec
  [bmc-prof 987] wall=  29.669 p=     1 | ifo=  0.696(sd=0.179 nx=0.000 tfo=0.034 cnt=0.483) snap= 0.286 srm=  7.755 sat=  6.259(set=0.184 slv=6.074 max=6.0737 n=1) cex=R/T/F=0/0/1 trsplit=0 sim=14.227(rmp=0.416 run=13.811 n=1 d=0) incr=loc/full/maxdirty/keys=0/0/0/0 chk= 0.000(d=1) stat= 0.155 rest= 0.290
  [bmc-incr i=988 repr=1 active=775/175927 POs=1]
BMC : c =     773  cl =   4503  lit =  175926  p =     0  d =     0  f =     1  +  T =     0.03 sec
  [bmc-prof 988] wall=  32.916 p=     1 | ifo=  0.992(sd=0.358 nx=0.000 tfo=0.061 cnt=0.572) snap= 0.325 srm=  8.982 sat=  6.568(set=0.208 slv=6.358 max=6.3576 n=1) cex=R/T/F=0/0/1 trsplit=0 sim=15.528(rmp=0.502 run=15.024 n=1 d=0) incr=loc/full/maxdirty/keys=0/0/0/0 chk= 0.001(d=1) stat= 0.171 rest= 0.350
  [bmc-incr i=989 repr=1 active=774/175926 POs=1]
BMC : c =     772  cl =   4503  lit =  175925  p =     0  d =     0  f =     1  +  T =     0.03 sec
  [bmc-prof 989] wall=  33.179 p=     1 | ifo=  0.787(sd=0.213 nx=0.000 tfo=0.069 cnt=0.504) snap= 0.299 srm=  9.588 sat=  6.409(set=0.201 slv=6.206 max=6.2061 n=1) cex=R/T/F=0/0/1 trsplit=0 sim=15.629(rmp=0.445 run=15.183 n=1 d=0) incr=loc/full/maxdirty/keys=0/0/0/0 chk= 0.000(d=1) stat= 0.159 rest= 0.307
  [bmc-incr i=990 repr=1 active=773/175925 POs=1]
BMC : c =     771  cl =   4503  lit =  175924  p =     0  d =     0  f =     1  +  T =     0.03 sec
  [bmc-prof 990] wall=  30.222 p=     1 | ifo=  0.708(sd=0.179 nx=0.000 tfo=0.037 cnt=0.492) snap= 0.283 srm=  7.863 sat=  6.307(set=0.185 slv=6.120 max=6.1197 n=1) cex=R/T/F=0/0/1 trsplit=0 sim=14.545(rmp=0.438 run=14.105 n=1 d=0) incr=loc/full/maxdirty/keys=0/0/0/0 chk= 0.000(d=1) stat= 0.182 rest= 0.334
  [bmc-incr i=991 repr=1 active=772/175924 POs=1]
BMC : c =     770  cl =   4503  lit =  175923  p =     0  d =     0  f =     1  +  T =     0.03 sec
  [bmc-prof 991] wall=  31.010 p=     1 | ifo=  0.786(sd=0.221 nx=0.000 tfo=0.044 cnt=0.521) snap= 0.325 srm=  8.252 sat=  6.326(set=0.217 slv=6.107 max=6.1069 n=1) cex=R/T/F=0/0/1 trsplit=0 sim=14.846(rmp=0.469 run=14.375 n=1 d=0) incr=loc/full/maxdirty/keys=0/0/0/0 chk= 0.000(d=1) stat= 0.165 rest= 0.310
  [bmc-incr i=992 repr=1 active=771/175923 POs=1]
BMC : c =     769  cl =   4503  lit =  175922  p =     0  d =     0  f =     1  +  T =     0.03 sec
  [bmc-prof 992] wall=  30.893 p=     1 | ifo=  0.739(sd=0.198 nx=0.000 tfo=0.038 cnt=0.503) snap= 0.293 srm=  9.020 sat=  6.350(set=0.196 slv=6.152 max=6.1523 n=1) cex=R/T/F=0/0/1 trsplit=0 sim=14.019(rmp=0.410 run=13.608 n=1 d=0) incr=loc/full/maxdirty/keys=0/0/0/0 chk= 0.000(d=1) stat= 0.170 rest= 0.302
  [bmc-incr i=993 repr=1 active=770/175922 POs=1]
BMC : c =     768  cl =   4503  lit =  175921  p =     0  d =     0  f =     1  +  T =     0.03 sec
  [bmc-prof 993] wall=  32.200 p=     1 | ifo=  0.749(sd=0.210 nx=0.000 tfo=0.040 cnt=0.499) snap= 0.335 srm=  9.825 sat=  6.408(set=0.267 slv=6.139 max=6.1391 n=1) cex=R/T/F=0/0/1 trsplit=0 sim=14.339(rmp=0.463 run=13.875 n=1 d=0) incr=loc/full/maxdirty/keys=0/0/0/0 chk= 0.000(d=1) stat= 0.199 rest= 0.344
  [bmc-incr i=994 repr=1 active=769/175921 POs=1]
BMC : c =     767  cl =   4503  lit =  175920  p =     0  d =     0  f =     1  +  T =     0.03 sec
  [bmc-prof 994] wall=  30.557 p=     1 | ifo=  0.797(sd=0.231 nx=0.000 tfo=0.043 cnt=0.523) snap= 0.335 srm=  8.950 sat=  6.370(set=0.218 slv=6.151 max=6.1506 n=1) cex=R/T/F=0/0/1 trsplit=0 sim=13.600(rmp=0.526 run=13.073 n=1 d=0) incr=loc/full/maxdirty/keys=0/0/0/0 chk= 0.000(d=1) stat= 0.170 rest= 0.334
  [bmc-incr i=995 repr=1 active=768/175920 POs=1]
BMC : c =     766  cl =   4503  lit =  175919  p =     0  d =     0  f =     1  +  T =     0.03 sec
  [bmc-prof 995] wall=  31.070 p=     1 | ifo=  0.770(sd=0.195 nx=0.000 tfo=0.042 cnt=0.532) snap= 0.301 srm=  8.500 sat=  6.292(set=0.209 slv=6.080 max=6.0800 n=1) cex=R/T/F=0/0/1 trsplit=0 sim=14.704(rmp=0.459 run=14.243 n=1 d=0) incr=loc/full/maxdirty/keys=0/0/0/0 chk= 0.000(d=1) stat= 0.168 rest= 0.336
  [bmc-incr i=996 repr=1 active=767/175919 POs=1]
BMC : c =     765  cl =   4503  lit =  175918  p =     0  d =     0  f =     1  +  T =     0.03 sec
  [bmc-prof 996] wall=  30.687 p=     1 | ifo=  0.696(sd=0.177 nx=0.000 tfo=0.037 cnt=0.482) snap= 0.293 srm=  8.282 sat=  6.315(set=0.216 slv=6.096 max=6.0955 n=1) cex=R/T/F=0/0/1 trsplit=0 sim=14.582(rmp=0.494 run=14.088 n=1 d=0) incr=loc/full/maxdirty/keys=0/0/0/0 chk= 0.000(d=1) stat= 0.188 rest= 0.331
  [bmc-incr i=997 repr=1 active=766/175918 POs=1]
BMC : c =     764  cl =   4503  lit =  175917  p =     0  d =     0  f =     1  +  T =     0.03 sec
  [bmc-prof 997] wall=  29.910 p=     1 | ifo=  0.708(sd=0.182 nx=0.000 tfo=0.038 cnt=0.488) snap= 0.288 srm=  8.065 sat=  6.252(set=0.198 slv=6.052 max=6.0516 n=1) cex=R/T/F=0/0/1 trsplit=0 sim=14.135(rmp=0.437 run=13.697 n=1 d=0) incr=loc/full/maxdirty/keys=0/0/0/0 chk= 0.000(d=1) stat= 0.156 rest= 0.306
  [bmc-incr i=998 repr=1 active=765/175917 POs=1]
BMC : c =     763  cl =   4503  lit =  175916  p =     0  d =     0  f =     1  +  T =     0.03 sec
  [bmc-prof 998] wall=  30.271 p=     1 | ifo=  0.710(sd=0.177 nx=0.000 tfo=0.039 cnt=0.494) snap= 0.283 srm=  7.790 sat=  6.258(set=0.186 slv=6.071 max=6.0706 n=1) cex=R/T/F=0/0/1 trsplit=0 sim=14.770(rmp=0.448 run=14.320 n=1 d=0) incr=loc/full/maxdirty/keys=0/0/0/0 chk= 0.000(d=1) stat= 0.159 rest= 0.300
  [bmc-incr i=999 repr=1 active=764/175916 POs=1]
BMC : c =     762  cl =   4503  lit =  175915  p =     0  d =     0  f =     1  +  T =     0.03 sec
  [bmc-prof 999] wall=  30.403 p=     1 | ifo=  0.734(sd=0.195 nx=0.000 tfo=0.039 cnt=0.500) snap= 0.291 srm=  8.076 sat=  6.273(set=0.191 slv=6.080 max=6.0803 n=1) cex=R/T/F=0/0/1 trsplit=0 sim=14.543(rmp=0.439 run=14.103 n=1 d=0) incr=loc/full/maxdirty/keys=0/0/0/0 chk= 0.001(d=1) stat= 0.173 rest= 0.313
  [bmc-incr i=1000 repr=1 active=763/175915 POs=1]
BMC : c =     761  cl =   4503  lit =  175914  p =     0  d =     0  f =     1  +  T =     0.03 sec
  [bmc-prof 1000] wall=  31.585 p=     1 | ifo=  0.812(sd=0.232 nx=0.000 tfo=0.066 cnt=0.514) snap= 0.304 srm=  8.592 sat=  6.766(set=0.190 slv=6.574 max=6.5736 n=1) cex=R/T/F=0/0/1 trsplit=0 sim=14.637(rmp=0.472 run=14.165 n=1 d=0) incr=loc/full/maxdirty/keys=0/0/0/0 chk= 0.000(d=1) stat= 0.162 rest= 0.312
  [bmc-incr i=1001 repr=1 active=762/175914 POs=1]
BMC : c =     760  cl =   4503  lit =  175913  p =     0  d =     0  f =     1  +  T =     0.03 sec
  [bmc-prof 1001] wall=  30.479 p=     1 | ifo=  0.813(sd=0.185 nx=0.000 tfo=0.039 cnt=0.589) snap= 0.300 srm=  8.005 sat=  6.418(set=0.183 slv=6.233 max=6.2328 n=1) cex=R/T/F=0/0/1 trsplit=0 sim=14.475(rmp=0.431 run=14.044 n=1 d=0) incr=loc/full/maxdirty/keys=0/0/0/0 chk= 0.000(d=1) stat= 0.172 rest= 0.296
  [bmc-incr i=1002 repr=1 active=761/175913 POs=1]
BMC : c =     759  cl =   4503  lit =  175912  p =     0  d =     0  f =     1  +  T =     0.03 sec
  [bmc-prof 1002] wall=  30.000 p=     1 | ifo=  0.709(sd=0.176 nx=0.000 tfo=0.035 cnt=0.497) snap= 0.301 srm=  7.959 sat=  6.407(set=0.180 slv=6.225 max=6.2252 n=1) cex=R/T/F=0/0/1 trsplit=0 sim=14.172(rmp=0.433 run=13.738 n=1 d=0) incr=loc/full/maxdirty/keys=0/0/0/0 chk= 0.000(d=1) stat= 0.162 rest= 0.290
  [bmc-incr i=1003 repr=1 active=760/175912 POs=1]
BMC : c =     758  cl =   4503  lit =  175911  p =     0  d =     0  f =     1  +  T =     0.03 sec
  [bmc-prof 1003] wall=  29.901 p=     1 | ifo=  0.692(sd=0.177 nx=0.000 tfo=0.035 cnt=0.480) snap= 0.318 srm=  8.006 sat=  6.301(set=0.189 slv=6.111 max=6.1106 n=1) cex=R/T/F=0/0/1 trsplit=0 sim=14.073(rmp=0.434 run=13.638 n=1 d=0) incr=loc/full/maxdirty/keys=0/0/0/0 chk= 0.000(d=1) stat= 0.183 rest= 0.329
  [bmc-incr i=1004 repr=1 active=759/175911 POs=1]
BMC : c =     757  cl =   4503  lit =  175910  p =     0  d =     0  f =     1  +  T =     0.04 sec
  [bmc-prof 1004] wall=  37.412 p=     1 | ifo=  2.184(sd=0.212 nx=0.000 tfo=0.039 cnt=1.933) snap= 0.603 srm= 11.648 sat=  7.494(set=0.218 slv=7.274 max=7.2742 n=1) cex=R/T/F=0/0/1 trsplit=0 sim=15.002(rmp=0.441 run=14.560 n=1 d=0) incr=loc/full/maxdirty/keys=0/0/0/0 chk= 0.000(d=1) stat= 0.165 rest= 0.315
  [bmc-incr i=1005 repr=1 active=758/175910 POs=1]
BMC : c =     756  cl =   4503  lit =  175909  p =     0  d =     0  f =     1  +  T =     0.03 sec
  [bmc-prof 1005] wall=  30.539 p=     1 | ifo=  0.698(sd=0.178 nx=0.000 tfo=0.039 cnt=0.481) snap= 0.283 srm=  8.390 sat=  6.302(set=0.197 slv=6.103 max=6.1034 n=1) cex=R/T/F=0/0/1 trsplit=0 sim=14.334(rmp=0.441 run=13.893 n=1 d=0) incr=loc/full/maxdirty/keys=0/0/0/0 chk= 0.000(d=1) stat= 0.182 rest= 0.348
  [bmc-incr i=1006 repr=1 active=757/175909 POs=1]
BMC : c =     755  cl =   4503  lit =  175908  p =     0  d =     0  f =     1  +  T =     0.03 sec
  [bmc-prof 1006] wall=  32.117 p=     1 | ifo=  0.833(sd=0.258 nx=0.000 tfo=0.039 cnt=0.536) snap= 0.322 srm=  9.713 sat=  6.569(set=0.215 slv=6.351 max=6.3510 n=1) cex=R/T/F=0/0/1 trsplit=0 sim=14.114(rmp=0.451 run=13.662 n=1 d=0) incr=loc/full/maxdirty/keys=0/0/0/0 chk= 0.000(d=1) stat= 0.188 rest= 0.379
  [bmc-incr i=1007 repr=1 active=756/175908 POs=1]
BMC : c =     754  cl =   4503  lit =  175907  p =     0  d =     0  f =     1  +  T =     0.03 sec
  [bmc-prof 1007] wall=  30.915 p=     1 | ifo=  0.792(sd=0.229 nx=0.000 tfo=0.040 cnt=0.524) snap= 0.331 srm=  8.532 sat=  6.367(set=0.234 slv=6.131 max=6.1310 n=1) cex=R/T/F=0/0/1 trsplit=0 sim=14.415(rmp=0.524 run=13.890 n=1 d=0) incr=loc/full/maxdirty/keys=0/0/0/0 chk= 0.000(d=1) stat= 0.171 rest= 0.307
  [bmc-incr i=1008 repr=1 active=755/175907 POs=1]
BMC : c =     753  cl =   4503  lit =  175906  p =     0  d =     0  f =     1  +  T =     0.03 sec
  [bmc-prof 1008] wall=  30.103 p=     1 | ifo=  0.729(sd=0.190 nx=0.000 tfo=0.046 cnt=0.493) snap= 0.283 srm=  7.961 sat=  6.319(set=0.197 slv=6.119 max=6.1192 n=1) cex=R/T/F=0/0/1 trsplit=0 sim=14.354(rmp=0.524 run=13.829 n=1 d=0) incr=loc/full/maxdirty/keys=0/0/0/0 chk= 0.000(d=1) stat= 0.158 rest= 0.300
  [bmc-incr i=1009 repr=1 active=754/175906 POs=1]
BMC : c =     752  cl =   4503  lit =  175905  p =     0  d =     0  f =     1  +  T =     0.03 sec
  [bmc-prof 1009] wall=  29.779 p=     1 | ifo=  0.713(sd=0.181 nx=0.000 tfo=0.040 cnt=0.492) snap= 0.281 srm=  7.659 sat=  6.318(set=0.179 slv=6.137 max=6.1368 n=1) cex=R/T/F=0/0/1 trsplit=0 sim=14.293(rmp=0.429 run=13.864 n=1 d=0) incr=loc/full/maxdirty/keys=0/0/0/0 chk= 0.000(d=1) stat= 0.160 rest= 0.355
  [bmc-incr i=1010 repr=1 active=753/175905 POs=1]
BMC : c =     751  cl =   4503  lit =  175904  p =     0  d =     0  f =     1  +  T =     0.03 sec
  [bmc-prof 1010] wall=  31.177 p=     1 | ifo=  1.023(sd=0.180 nx=0.000 tfo=0.035 cnt=0.809) snap= 0.358 srm=  8.762 sat=  6.508(set=0.245 slv=6.261 max=6.2607 n=1) cex=R/T/F=0/0/1 trsplit=0 sim=14.014(rmp=0.556 run=13.458 n=1 d=0) incr=loc/full/maxdirty/keys=0/0/0/0 chk= 0.000(d=1) stat= 0.175 rest= 0.337
  [bmc-incr i=1011 repr=1 active=752/175904 POs=1]
BMC : c =     750  cl =   4503  lit =  175903  p =     0  d =     0  f =     1  +  T =     0.03 sec
  [bmc-prof 1011] wall=  34.819 p=     1 | ifo=  0.813(sd=0.243 nx=0.000 tfo=0.050 cnt=0.520) snap= 0.288 srm=  7.846 sat=  6.479(set=0.193 slv=6.284 max=6.2837 n=1) cex=R/T/F=0/0/1 trsplit=0 sim=18.896(rmp=1.231 run=17.665 n=1 d=0) incr=loc/full/maxdirty/keys=0/0/0/0 chk= 0.000(d=1) stat= 0.181 rest= 0.315
  [bmc-incr i=1012 repr=1 active=751/175903 POs=1]
BMC : c =     749  cl =   4503  lit =  175902  p =     0  d =     0  f =     1  +  T =     0.03 sec
  [bmc-prof 1012] wall=  29.791 p=     1 | ifo=  0.815(sd=0.250 nx=0.000 tfo=0.042 cnt=0.523) snap= 0.331 srm=  8.002 sat=  6.369(set=0.205 slv=6.162 max=6.1617 n=1) cex=R/T/F=0/0/1 trsplit=0 sim=13.764(rmp=0.510 run=13.253 n=1 d=0) incr=loc/full/maxdirty/keys=0/0/0/0 chk= 0.000(d=1) stat= 0.177 rest= 0.333
  [bmc-incr i=1013 repr=1 active=750/175902 POs=1]
BMC : c =     748  cl =   4503  lit =  175901  p =     0  d =     0  f =     1  +  T =     0.03 sec
  [bmc-prof 1013] wall=  29.601 p=     1 | ifo=  0.808(sd=0.227 nx=0.000 tfo=0.039 cnt=0.542) snap= 0.320 srm=  7.997 sat=  6.338(set=0.256 slv=6.080 max=6.0795 n=1) cex=R/T/F=0/0/1 trsplit=0 sim=13.653(rmp=0.497 run=13.155 n=1 d=0) incr=loc/full/maxdirty/keys=0/0/0/0 chk= 0.000(d=1) stat= 0.154 rest= 0.330
  [bmc-incr i=1014 repr=1 active=749/175901 POs=1]
BMC : c =     747  cl =   4503  lit =  175900  p =     0  d =     0  f =     1  +  T =     0.03 sec
  [bmc-prof 1014] wall=  29.879 p=     1 | ifo=  0.703(sd=0.184 nx=0.000 tfo=0.037 cnt=0.483) snap= 0.283 srm=  7.855 sat=  6.286(set=0.190 slv=6.094 max=6.0940 n=1) cex=R/T/F=0/0/1 trsplit=0 sim=14.305(rmp=0.437 run=13.867 n=1 d=0) incr=loc/full/maxdirty/keys=0/0/0/0 chk= 0.000(d=1) stat= 0.156 rest= 0.291
  [bmc-incr i=1015 repr=1 active=748/175900 POs=1]
BMC : c =     746  cl =   4503  lit =  175899  p =     0  d =     0  f =     1  +  T =     0.03 sec
  [bmc-prof 1015] wall=  29.627 p=     1 | ifo=  0.692(sd=0.175 nx=0.000 tfo=0.036 cnt=0.481) snap= 0.287 srm=  7.728 sat=  6.294(set=0.182 slv=6.109 max=6.1094 n=1) cex=R/T/F=0/0/1 trsplit=0 sim=14.159(rmp=0.423 run=13.735 n=1 d=0) incr=loc/full/maxdirty/keys=0/0/0/0 chk= 0.000(d=1) stat= 0.171 rest= 0.296
  [bmc-incr i=1016 repr=1 active=747/175899 POs=1]
BMC : c =     745  cl =   4503  lit =  175898  p =     0  d =     0  f =     1  +  T =     0.03 sec
  [bmc-prof 1016] wall=  32.567 p=     1 | ifo=  0.763(sd=0.203 nx=0.000 tfo=0.058 cnt=0.501) snap= 0.285 srm=  8.072 sat=  6.305(set=0.203 slv=6.100 max=6.1000 n=1) cex=R/T/F=0/0/1 trsplit=0 sim=16.127(rmp=0.427 run=15.698 n=1 d=0) incr=loc/full/maxdirty/keys=0/0/0/0 chk= 0.000(d=1) stat= 0.406 rest= 0.609
  [bmc-incr i=1017 repr=1 active=746/175898 POs=1]
BMC : c =     744  cl =   4503  lit =  175897  p =     0  d =     0  f =     1  +  T =     0.03 sec
  [bmc-prof 1017] wall=  33.109 p=     1 | ifo=  1.655(sd=0.416 nx=0.000 tfo=0.056 cnt=1.183) snap= 0.315 srm=  9.336 sat=  6.741(set=0.215 slv=6.523 max=6.5230 n=1) cex=R/T/F=0/0/1 trsplit=0 sim=14.587(rmp=0.453 run=14.132 n=1 d=0) incr=loc/full/maxdirty/keys=0/0/0/0 chk= 0.000(d=1) stat= 0.162 rest= 0.312
  [bmc-incr i=1018 repr=1 active=745/175897 POs=1]
BMC : c =     743  cl =   4503  lit =  175896  p =     0  d =     0  f =     1  +  T =     0.03 sec
  [bmc-prof 1018] wall=  29.791 p=     1 | ifo=  0.721(sd=0.180 nx=0.000 tfo=0.047 cnt=0.495) snap= 0.284 srm=  7.835 sat=  6.310(set=0.184 slv=6.124 max=6.1245 n=1) cex=R/T/F=0/0/1 trsplit=0 sim=14.190(rmp=0.430 run=13.758 n=1 d=0) incr=loc/full/maxdirty/keys=0/0/0/0 chk= 0.000(d=1) stat= 0.156 rest= 0.295
  [bmc-incr i=1019 repr=1 active=744/175896 POs=1]
BMC : c =     742  cl =   4503  lit =  175895  p =     0  d =     0  f =     1  +  T =     0.03 sec
  [bmc-prof 1019] wall=  29.525 p=     1 | ifo=  0.705(sd=0.179 nx=0.000 tfo=0.037 cnt=0.490) snap= 0.283 srm=  7.743 sat=  6.310(set=0.184 slv=6.124 max=6.1235 n=1) cex=R/T/F=0/0/1 trsplit=0 sim=14.032(rmp=0.424 run=13.607 n=1 d=0) incr=loc/full/maxdirty/keys=0/0/0/0 chk= 0.000(d=1) stat= 0.155 rest= 0.296
  [bmc-incr i=1020 repr=1 active=743/175895 POs=1]
BMC : c =     741  cl =   4503  lit =  175894  p =     0  d =     0  f =     1  +  T =     0.03 sec
  [bmc-prof 1020] wall=  34.171 p=     1 | ifo=  0.694(sd=0.180 nx=0.000 tfo=0.034 cnt=0.480) snap= 0.292 srm=  7.756 sat=  6.407(set=0.199 slv=6.205 max=6.2050 n=1) cex=R/T/F=0/0/1 trsplit=0 sim=18.436(rmp=0.426 run=18.009 n=1 d=0) incr=loc/full/maxdirty/keys=0/0/0/0 chk= 0.000(d=1) stat= 0.251 rest= 0.335
  [bmc-incr i=1021 repr=1 active=742/175894 POs=1]
BMC : c =     740  cl =   4503  lit =  175893  p =     0  d =     0  f =     1  +  T =     0.03 sec
  [bmc-prof 1021] wall=  30.655 p=     1 | ifo=  0.734(sd=0.196 nx=0.000 tfo=0.032 cnt=0.506) snap= 0.300 srm=  8.153 sat=  6.326(set=0.203 slv=6.121 max=6.1209 n=1) cex=R/T/F=0/0/1 trsplit=0 sim=14.676(rmp=0.440 run=14.235 n=1 d=0) incr=loc/full/maxdirty/keys=0/0/0/0 chk= 0.000(d=1) stat= 0.164 rest= 0.301
  [bmc-incr i=1022 repr=1 active=741/175893 POs=1]
BMC : c =     739  cl =   4503  lit =  175892  p =     0  d =     0  f =     1  +  T =     0.04 sec
  [bmc-prof 1022] wall=  35.320 p=     1 | ifo=  0.714(sd=0.178 nx=0.000 tfo=0.038 cnt=0.498) snap= 0.287 srm= 12.006 sat=  7.083(set=0.189 slv=6.892 max=6.8919 n=1) cex=R/T/F=0/0/1 trsplit=0 sim=14.764(rmp=0.454 run=14.309 n=1 d=0) incr=loc/full/maxdirty/keys=0/0/0/0 chk= 0.000(d=1) stat= 0.158 rest= 0.307
  [bmc-incr i=1023 repr=1 active=740/175892 POs=1]
BMC : c =     738  cl =   4503  lit =  175891  p =     0  d =     0  f =     1  +  T =     0.03 sec
  [bmc-prof 1023] wall=  29.658 p=     1 | ifo=  0.699(sd=0.182 nx=0.000 tfo=0.036 cnt=0.481) snap= 0.290 srm=  7.756 sat=  6.315(set=0.185 slv=6.128 max=6.1279 n=1) cex=R/T/F=0/0/1 trsplit=0 sim=14.127(rmp=0.416 run=13.710 n=1 d=0) incr=loc/full/maxdirty/keys=0/0/0/0 chk= 0.000(d=1) stat= 0.159 rest= 0.313
  [bmc-incr i=1024 repr=1 active=739/175891 POs=1]
BMC : c =     737  cl =   4503  lit =  175890  p =     0  d =     0  f =     1  +  T =     0.03 sec
  [bmc-prof 1024] wall=  30.071 p=     1 | ifo=  0.694(sd=0.178 nx=0.000 tfo=0.035 cnt=0.481) snap= 0.289 srm=  7.848 sat=  6.353(set=0.187 slv=6.164 max=6.1644 n=1) cex=R/T/F=0/0/1 trsplit=0 sim=14.406(rmp=0.463 run=13.941 n=1 d=0) incr=loc/full/maxdirty/keys=0/0/0/0 chk= 0.000(d=1) stat= 0.167 rest= 0.314
  [bmc-incr i=1025 repr=1 active=738/175890 POs=1]
BMC : c =     736  cl =   4503  lit =  175889  p =     0  d =     0  f =     1  +  T =     0.03 sec
  [bmc-prof 1025] wall=  30.115 p=     1 | ifo=  0.711(sd=0.186 nx=0.000 tfo=0.044 cnt=0.481) snap= 0.284 srm=  7.933 sat=  6.375(set=0.190 slv=6.183 max=6.1828 n=1) cex=R/T/F=0/0/1 trsplit=0 sim=14.332(rmp=0.426 run=13.905 n=1 d=0) incr=loc/full/maxdirty/keys=0/0/0/0 chk= 0.000(d=1) stat= 0.163 rest= 0.316
  [bmc-incr i=1026 repr=1 active=737/175889 POs=1]
BMC : c =     735  cl =   4503  lit =  175888  p =     0  d =     0  f =     1  +  T =     0.03 sec
  [bmc-prof 1026] wall=  30.221 p=     1 | ifo=  0.725(sd=0.193 nx=0.000 tfo=0.040 cnt=0.492) snap= 0.288 srm=  8.093 sat=  6.373(set=0.198 slv=6.172 max=6.1720 n=1) cex=R/T/F=0/0/1 trsplit=0 sim=14.263(rmp=0.434 run=13.828 n=1 d=0) incr=loc/full/maxdirty/keys=0/0/0/0 chk= 0.000(d=1) stat= 0.165 rest= 0.314
  [bmc-incr i=1027 repr=1 active=736/175888 POs=1]
BMC : c =     734  cl =   4503  lit =  175887  p =     0  d =     0  f =     1  +  T =     0.03 sec
  [bmc-prof 1027] wall=  30.395 p=     1 | ifo=  0.722(sd=0.193 nx=0.000 tfo=0.040 cnt=0.489) snap= 0.286 srm=  8.073 sat=  6.403(set=0.197 slv=6.204 max=6.2038 n=1) cex=R/T/F=0/0/1 trsplit=0 sim=14.446(rmp=0.456 run=13.989 n=1 d=0) incr=loc/full/maxdirty/keys=0/0/0/0 chk= 0.000(d=1) stat= 0.157 rest= 0.308
  [bmc-incr i=1028 repr=1 active=735/175887 POs=1]
BMC : c =     733  cl =   4503  lit =  175886  p =     0  d =     0  f =     1  +  T =     0.03 sec
  [bmc-prof 1028] wall=  31.245 p=     1 | ifo=  0.705(sd=0.178 nx=0.000 tfo=0.047 cnt=0.481) snap= 0.286 srm=  7.841 sat=  6.546(set=0.181 slv=6.362 max=6.3623 n=1) cex=R/T/F=0/0/1 trsplit=0 sim=15.379(rmp=0.454 run=14.925 n=1 d=0) incr=loc/full/maxdirty/keys=0/0/0/0 chk= 0.000(d=1) stat= 0.173 rest= 0.314
  [bmc-incr i=1029 repr=1 active=734/175886 POs=1]
BMC : c =     732  cl =   4503  lit =  175885  p =     0  d =     0  f =     1  +  T =     0.03 sec
  [bmc-prof 1029] wall=  33.789 p=     1 | ifo=  0.703(sd=0.182 nx=0.000 tfo=0.037 cnt=0.484) snap= 0.296 srm=  7.817 sat=  6.523(set=0.182 slv=6.338 max=6.3380 n=1) cex=R/T/F=0/0/1 trsplit=0 sim=17.944(rmp=0.537 run=17.407 n=1 d=0) incr=loc/full/maxdirty/keys=0/0/0/0 chk= 0.000(d=1) stat= 0.177 rest= 0.328
  [bmc-incr i=1030 repr=1 active=733/175885 POs=1]
BMC : c =     731  cl =   4503  lit =  175884  p =     0  d =     0  f =     1  +  T =     0.03 sec
  [bmc-prof 1030] wall=  29.829 p=     1 | ifo=  0.714(sd=0.196 nx=0.000 tfo=0.036 cnt=0.482) snap= 0.286 srm=  7.801 sat=  6.322(set=0.184 slv=6.136 max=6.1363 n=1) cex=R/T/F=0/0/1 trsplit=0 sim=14.227(rmp=0.423 run=13.803 n=1 d=0) incr=loc/full/maxdirty/keys=0/0/0/0 chk= 0.000(d=1) stat= 0.169 rest= 0.310
  [bmc-incr i=1031 repr=1 active=732/175884 POs=1]
BMC : c =     730  cl =   4503  lit =  175883  p =     0  d =     0  f =     1  +  T =     0.03 sec
  [bmc-prof 1031] wall=  29.891 p=     1 | ifo=  0.721(sd=0.200 nx=0.000 tfo=0.034 cnt=0.486) snap= 0.286 srm=  7.924 sat=  6.348(set=0.193 slv=6.153 max=6.1530 n=1) cex=R/T/F=0/0/1 trsplit=0 sim=14.148(rmp=0.422 run=13.725 n=1 d=0) incr=loc/full/maxdirty/keys=0/0/0/0 chk= 0.000(d=1) stat= 0.157 rest= 0.307
  [bmc-incr i=1032 repr=1 active=731/175883 POs=1]
BMC : c =     729  cl =   4503  lit =  175882  p =     0  d =     0  f =     1  +  T =     0.03 sec
  [bmc-prof 1032] wall=  29.779 p=     1 | ifo=  0.694(sd=0.179 nx=0.000 tfo=0.033 cnt=0.482) snap= 0.293 srm=  7.827 sat=  6.333(set=0.185 slv=6.146 max=6.1458 n=1) cex=R/T/F=0/0/1 trsplit=0 sim=14.178(rmp=0.417 run=13.760 n=1 d=0) incr=loc/full/maxdirty/keys=0/0/0/0 chk= 0.000(d=1) stat= 0.153 rest= 0.301
  [bmc-incr i=1033 repr=1 active=730/175882 POs=1]
BMC : c =     728  cl =   4503  lit =  175881  p =     0  d =     0  f =     1  +  T =     0.03 sec
  [bmc-prof 1033] wall=  31.611 p=     1 | ifo=  0.732(sd=0.183 nx=0.000 tfo=0.043 cnt=0.506) snap= 0.281 srm=  7.838 sat=  6.375(set=0.183 slv=6.190 max=6.1903 n=1) cex=R/T/F=0/0/1 trsplit=0 sim=15.901(rmp=0.431 run=15.469 n=1 d=0) incr=loc/full/maxdirty/keys=0/0/0/0 chk= 0.000(d=1) stat= 0.171 rest= 0.312
  [bmc-incr i=1034 repr=1 active=729/175881 POs=1]
BMC : c =     727  cl =   4503  lit =  175880  p =     0  d =     0  f =     1  +  T =     0.03 sec
  [bmc-prof 1034] wall=  33.290 p=     1 | ifo=  0.773(sd=0.212 nx=0.000 tfo=0.063 cnt=0.497) snap= 0.290 srm=  7.766 sat=  6.745(set=0.180 slv=6.562 max=6.5623 n=1) cex=R/T/F=0/0/1 trsplit=0 sim=17.161(rmp=0.427 run=16.732 n=1 d=0) incr=loc/full/maxdirty/keys=0/0/0/0 chk= 0.000(d=1) stat= 0.178 rest= 0.377
  [bmc-incr i=1035 repr=1 active=728/175880 POs=1]
BMC : c =     726  cl =   4503  lit =  175879  p =     0  d =     0  f =     1  +  T =     0.03 sec
  [bmc-prof 1035] wall=  29.709 p=     1 | ifo=  0.829(sd=0.265 nx=0.000 tfo=0.069 cnt=0.496) snap= 0.281 srm=  7.777 sat=  6.415(set=0.185 slv=6.228 max=6.2281 n=1) cex=R/T/F=0/0/1 trsplit=0 sim=13.957(rmp=0.424 run=13.533 n=1 d=0) incr=loc/full/maxdirty/keys=0/0/0/0 chk= 0.000(d=1) stat= 0.159 rest= 0.291
  [bmc-incr i=1036 repr=1 active=727/175879 POs=1]
BMC : c =     725  cl =   4503  lit =  175878  p =     0  d =     0  f =     1  +  T =     0.03 sec
  [bmc-prof 1036] wall=  30.744 p=     1 | ifo=  0.690(sd=0.176 nx=0.000 tfo=0.034 cnt=0.481) snap= 0.279 srm=  7.710 sat=  7.208(set=0.180 slv=7.026 max=7.0256 n=1) cex=R/T/F=0/0/1 trsplit=0 sim=14.380(rmp=0.420 run=13.959 n=1 d=0) incr=loc/full/maxdirty/keys=0/0/0/0 chk= 0.000(d=1) stat= 0.163 rest= 0.312
  [bmc-incr i=1037 repr=1 active=726/175878 POs=1]
BMC : c =     724  cl =   4503  lit =  175877  p =     0  d =     0  f =     1  +  T =     0.03 sec
  [bmc-prof 1037] wall=  31.888 p=     1 | ifo=  0.703(sd=0.177 nx=0.000 tfo=0.036 cnt=0.490) snap= 0.284 srm=  8.659 sat=  6.596(set=0.188 slv=6.406 max=6.4062 n=1) cex=R/T/F=0/0/1 trsplit=0 sim=15.174(rmp=0.564 run=14.610 n=1 d=0) incr=loc/full/maxdirty/keys=0/0/0/0 chk= 0.000(d=1) stat= 0.159 rest= 0.312
  [bmc-incr i=1038 repr=1 active=725/175877 POs=1]
BMC : c =     723  cl =   4503  lit =  175876  p =     0  d =     0  f =     1  +  T =     0.03 sec
  [bmc-prof 1038] wall=  31.119 p=     1 | ifo=  0.699(sd=0.179 nx=0.000 tfo=0.035 cnt=0.485) snap= 0.296 srm=  7.808 sat=  6.408(set=0.187 slv=6.219 max=6.2186 n=1) cex=R/T/F=0/0/1 trsplit=0 sim=15.366(rmp=0.440 run=14.925 n=1 d=0) incr=loc/full/maxdirty/keys=0/0/0/0 chk= 0.000(d=1) stat= 0.218 rest= 0.323
  [bmc-incr i=1039 repr=1 active=724/175876 POs=1]
BMC : c =     722  cl =   4503  lit =  175875  p =     0  d =     0  f =     1  +  T =     0.03 sec
  [bmc-prof 1039] wall=  31.482 p=     1 | ifo=  0.699(sd=0.180 nx=0.000 tfo=0.033 cnt=0.486) snap= 0.285 srm=  7.966 sat=  6.570(set=0.194 slv=6.373 max=6.3727 n=1) cex=R/T/F=0/0/1 trsplit=0 sim=15.315(rmp=0.456 run=14.858 n=1 d=0) incr=loc/full/maxdirty/keys=0/0/0/0 chk= 0.000(d=1) stat= 0.294 rest= 0.353
  [bmc-incr i=1040 repr=1 active=723/175875 POs=1]
BMC : c =     721  cl =   4503  lit =  175874  p =     0  d =     0  f =     1  +  T =     0.03 sec
  [bmc-prof 1040] wall=  32.004 p=     1 | ifo=  1.057(sd=0.319 nx=0.000 tfo=0.049 cnt=0.689) snap= 0.295 srm=  9.342 sat=  6.433(set=0.207 slv=6.224 max=6.2237 n=1) cex=R/T/F=0/0/1 trsplit=0 sim=14.412(rmp=0.442 run=13.969 n=1 d=0) incr=loc/full/maxdirty/keys=0/0/0/0 chk= 0.000(d=1) stat= 0.161 rest= 0.304
  [bmc-incr i=1041 repr=1 active=722/175874 POs=1]
BMC : c =     720  cl =   4503  lit =  175873  p =     0  d =     0  f =     1  +  T =     0.03 sec
  [bmc-prof 1041] wall=  30.638 p=     1 | ifo=  0.710(sd=0.180 nx=0.000 tfo=0.035 cnt=0.495) snap= 0.282 srm=  7.780 sat=  6.570(set=0.184 slv=6.383 max=6.3826 n=1) cex=R/T/F=0/0/1 trsplit=0 sim=14.791(rmp=0.486 run=14.303 n=1 d=0) incr=loc/full/maxdirty/keys=0/0/0/0 chk= 0.000(d=1) stat= 0.170 rest= 0.336
  [bmc-incr i=1042 repr=1 active=721/175873 POs=1]
BMC : c =     719  cl =   4503  lit =  175872  p =     0  d =     0  f =     1  +  T =     0.03 sec
  [bmc-prof 1042] wall=  30.517 p=     1 | ifo=  0.787(sd=0.223 nx=0.000 tfo=0.059 cnt=0.505) snap= 0.293 srm=  7.894 sat=  6.501(set=0.185 slv=6.313 max=6.3134 n=1) cex=R/T/F=0/0/1 trsplit=0 sim=14.566(rmp=0.460 run=14.105 n=1 d=0) incr=loc/full/maxdirty/keys=0/0/0/0 chk= 0.000(d=1) stat= 0.160 rest= 0.316
  [bmc-incr i=1043 repr=1 active=720/175872 POs=1]
BMC : c =     718  cl =   4503  lit =  175871  p =     0  d =     0  f =     1  +  T =     0.03 sec
  [bmc-prof 1043] wall=  30.557 p=     1 | ifo=  0.699(sd=0.180 nx=0.000 tfo=0.035 cnt=0.484) snap= 0.283 srm=  7.958 sat=  6.486(set=0.198 slv=6.286 max=6.2857 n=1) cex=R/T/F=0/0/1 trsplit=0 sim=14.656(rmp=0.471 run=14.183 n=1 d=0) incr=loc/full/maxdirty/keys=0/0/0/0 chk= 0.000(d=1) stat= 0.163 rest= 0.312
  [bmc-incr i=1044 repr=1 active=719/175871 POs=1]
BMC : c =     717  cl =   4503  lit =  175870  p =     0  d =     0  f =     1  +  T =     0.03 sec
  [bmc-prof 1044] wall=  30.010 p=     1 | ifo=  0.795(sd=0.240 nx=0.000 tfo=0.064 cnt=0.491) snap= 0.287 srm=  8.000 sat=  6.388(set=0.188 slv=6.199 max=6.1985 n=1) cex=R/T/F=0/0/1 trsplit=0 sim=14.091(rmp=0.419 run=13.671 n=1 d=0) incr=loc/full/maxdirty/keys=0/0/0/0 chk= 0.000(d=1) stat= 0.158 rest= 0.291
  [bmc-incr i=1045 repr=1 active=718/175870 POs=1]
BMC : c =     716  cl =   4503  lit =  175869  p =     0  d =     0  f =     1  +  T =     0.03 sec
  [bmc-prof 1045] wall=  29.843 p=     1 | ifo=  0.693(sd=0.179 nx=0.000 tfo=0.035 cnt=0.480) snap= 0.282 srm=  7.837 sat=  6.390(set=0.184 slv=6.205 max=6.2046 n=1) cex=R/T/F=0/0/1 trsplit=0 sim=14.197(rmp=0.438 run=13.759 n=1 d=0) incr=loc/full/maxdirty/keys=0/0/0/0 chk= 0.000(d=1) stat= 0.153 rest= 0.290
  [bmc-incr i=1046 repr=1 active=717/175869 POs=1]
BMC : c =     715  cl =   4503  lit =  175868  p =     0  d =     0  f =     1  +  T =     0.04 sec
  [bmc-prof 1046] wall=  36.939 p=     1 | ifo=  0.691(sd=0.173 nx=0.000 tfo=0.030 cnt=0.488) snap= 0.280 srm=  7.949 sat=  7.428(set=0.184 slv=7.241 max=7.2406 n=1) cex=R/T/F=0/0/1 trsplit=0 sim=20.006(rmp=0.441 run=19.564 n=1 d=0) incr=loc/full/maxdirty/keys=0/0/0/0 chk= 0.000(d=1) stat= 0.219 rest= 0.367
  [bmc-incr i=1047 repr=1 active=716/175868 POs=1]
BMC : c =     714  cl =   4503  lit =  175867  p =     0  d =     0  f =     1  +  T =     0.03 sec
  [bmc-prof 1047] wall=  32.522 p=     1 | ifo=  0.864(sd=0.226 nx=0.000 tfo=0.037 cnt=0.601) snap= 0.325 srm=  8.056 sat=  6.507(set=0.184 slv=6.322 max=6.3215 n=1) cex=R/T/F=0/0/1 trsplit=0 sim=16.154(rmp=0.434 run=15.719 n=1 d=0) incr=loc/full/maxdirty/keys=0/0/0/0 chk= 0.000(d=1) stat= 0.266 rest= 0.350
  [bmc-incr i=1048 repr=1 active=715/175867 POs=1]
BMC : c =     713  cl =   4503  lit =  175866  p =     0  d =     0  f =     1  +  T =     0.03 sec
  [bmc-prof 1048] wall=  32.369 p=     1 | ifo=  0.868(sd=0.239 nx=0.000 tfo=0.039 cnt=0.590) snap= 0.314 srm=  8.610 sat=  6.459(set=0.200 slv=6.256 max=6.2565 n=1) cex=R/T/F=0/0/1 trsplit=0 sim=15.643(rmp=0.425 run=15.216 n=1 d=0) incr=loc/full/maxdirty/keys=0/0/0/0 chk= 0.000(d=1) stat= 0.164 rest= 0.311
  [bmc-incr i=1049 repr=1 active=714/175866 POs=1]
BMC : c =     712  cl =   4503  lit =  175865  p =     0  d =     0  f =     1  +  T =     0.03 sec
  [bmc-prof 1049] wall=  29.626 p=     1 | ifo=  0.702(sd=0.181 nx=0.000 tfo=0.032 cnt=0.490) snap= 0.281 srm=  7.795 sat=  6.373(set=0.183 slv=6.189 max=6.1885 n=1) cex=R/T/F=0/0/1 trsplit=0 sim=14.029(rmp=0.411 run=13.617 n=1 d=0) incr=loc/full/maxdirty/keys=0/0/0/0 chk= 0.000(d=1) stat= 0.154 rest= 0.291
  [bmc-incr i=1050 repr=1 active=713/175865 POs=1]
BMC : c =     711  cl =   4503  lit =  175864  p =     0  d =     0  f =     1  +  T =     0.03 sec
  [bmc-prof 1050] wall=  30.335 p=     1 | ifo=  0.701(sd=0.187 nx=0.000 tfo=0.033 cnt=0.481) snap= 0.288 srm=  8.640 sat=  6.382(set=0.190 slv=6.189 max=6.1892 n=1) cex=R/T/F=0/0/1 trsplit=0 sim=13.874(rmp=0.424 run=13.449 n=1 d=0) incr=loc/full/maxdirty/keys=0/0/0/0 chk= 0.000(d=1) stat= 0.157 rest= 0.292
  [bmc-incr i=1051 repr=1 active=712/175864 POs=1]
BMC : c =     710  cl =   4503  lit =  175863  p =     0  d =     0  f =     1  +  T =     0.03 sec
  [bmc-prof 1051] wall=  30.158 p=     1 | ifo=  0.697(sd=0.176 nx=0.000 tfo=0.032 cnt=0.489) snap= 0.288 srm=  7.670 sat=  6.378(set=0.188 slv=6.189 max=6.1887 n=1) cex=R/T/F=0/0/1 trsplit=0 sim=14.677(rmp=0.415 run=14.261 n=1 d=0) incr=loc/full/maxdirty/keys=0/0/0/0 chk= 0.000(d=1) stat= 0.154 rest= 0.292
  [bmc-incr i=1052 repr=1 active=711/175863 POs=1]
BMC : c =     709  cl =   4503  lit =  175862  p =     0  d =     0  f =     1  +  T =     0.03 sec
  [bmc-prof 1052] wall=  30.936 p=     1 | ifo=  0.730(sd=0.193 nx=0.000 tfo=0.045 cnt=0.492) snap= 0.285 srm=  8.056 sat=  6.390(set=0.203 slv=6.184 max=6.1843 n=1) cex=R/T/F=0/0/1 trsplit=0 sim=15.028(rmp=0.443 run=14.584 n=1 d=0) incr=loc/full/maxdirty/keys=0/0/0/0 chk= 0.000(d=1) stat= 0.157 rest= 0.290
  [bmc-incr i=1053 repr=1 active=710/175862 POs=1]
BMC : c =     708  cl =   4503  lit =  175861  p =     0  d =     0  f =     1  +  T =     0.03 sec
  [bmc-prof 1053] wall=  30.941 p=     1 | ifo=  0.713(sd=0.180 nx=0.000 tfo=0.043 cnt=0.491) snap= 0.287 srm=  7.747 sat=  6.501(set=0.190 slv=6.308 max=6.3078 n=1) cex=R/T/F=0/0/1 trsplit=0 sim=15.030(rmp=0.579 run=14.448 n=1 d=0) incr=loc/full/maxdirty/keys=0/0/0/0 chk= 0.000(d=1) stat= 0.169 rest= 0.493
  [bmc-incr i=1054 repr=1 active=709/175861 POs=1]
BMC : c =     707  cl =   4503  lit =  175860  p =     0  d =     0  f =     1  +  T =     0.03 sec
  [bmc-prof 1054] wall=  30.192 p=     1 | ifo=  0.707(sd=0.180 nx=0.000 tfo=0.035 cnt=0.492) snap= 0.284 srm=  7.875 sat=  6.418(set=0.192 slv=6.224 max=6.2243 n=1) cex=R/T/F=0/0/1 trsplit=0 sim=14.431(rmp=0.431 run=13.999 n=1 d=0) incr=loc/full/maxdirty/keys=0/0/0/0 chk= 0.000(d=1) stat= 0.176 rest= 0.301
  [bmc-incr i=1055 repr=1 active=708/175860 POs=1]
BMC : c =     706  cl =   4503  lit =  175859  p =     0  d =     0  f =     1  +  T =     0.03 sec
  [bmc-prof 1055] wall=  29.802 p=     1 | ifo=  0.701(sd=0.181 nx=0.000 tfo=0.032 cnt=0.488) snap= 0.291 srm=  7.935 sat=  6.429(set=0.200 slv=6.227 max=6.2266 n=1) cex=R/T/F=0/0/1 trsplit=0 sim=13.993(rmp=0.428 run=13.564 n=1 d=0) incr=loc/full/maxdirty/keys=0/0/0/0 chk= 0.000(d=1) stat= 0.158 rest= 0.294
  [bmc-incr i=1056 repr=1 active=707/175859 POs=1]
BMC : c =     705  cl =   4503  lit =  175858  p =     0  d =     0  f =     1  +  T =     0.03 sec
  [bmc-prof 1056] wall=  29.875 p=     1 | ifo=  0.700(sd=0.177 nx=0.000 tfo=0.037 cnt=0.485) snap= 0.280 srm=  7.705 sat=  6.422(set=0.204 slv=6.216 max=6.2159 n=1) cex=R/T/F=0/0/1 trsplit=0 sim=14.273(rmp=0.426 run=13.847 n=1 d=0) incr=loc/full/maxdirty/keys=0/0/0/0 chk= 0.000(d=1) stat= 0.155 rest= 0.340
  [bmc-incr i=1057 repr=1 active=706/175858 POs=1]
BMC : c =     704  cl =   4503  lit =  175857  p =     0  d =     0  f =     1  +  T =     0.03 sec
  [bmc-prof 1057] wall=  29.669 p=     1 | ifo=  0.700(sd=0.176 nx=0.000 tfo=0.034 cnt=0.490) snap= 0.292 srm=  7.706 sat=  6.486(set=0.186 slv=6.298 max=6.2983 n=1) cex=R/T/F=0/0/1 trsplit=0 sim=13.992(rmp=0.419 run=13.572 n=1 d=0) incr=loc/full/maxdirty/keys=0/0/0/0 chk= 0.000(d=1) stat= 0.170 rest= 0.322
  [bmc-incr i=1058 repr=1 active=705/175857 POs=1]
BMC : c =     703  cl =   4503  lit =  175856  p =     0  d =     0  f =     1  +  T =     0.03 sec
  [bmc-prof 1058] wall=  31.281 p=     1 | ifo=  0.698(sd=0.180 nx=0.000 tfo=0.036 cnt=0.482) snap= 0.282 srm=  9.280 sat=  6.422(set=0.203 slv=6.216 max=6.2163 n=1) cex=R/T/F=0/0/1 trsplit=0 sim=14.123(rmp=0.429 run=13.693 n=1 d=0) incr=loc/full/maxdirty/keys=0/0/0/0 chk= 0.000(d=1) stat= 0.169 rest= 0.308
  [bmc-incr i=1059 repr=1 active=704/175856 POs=1]
BMC : c =     702  cl =   4503  lit =  175855  p =     0  d =     0  f =     1  +  T =     0.03 sec
  [bmc-prof 1059] wall=  30.755 p=     1 | ifo=  0.723(sd=0.188 nx=0.000 tfo=0.038 cnt=0.497) snap= 0.291 srm=  8.125 sat=  6.771(set=0.212 slv=6.556 max=6.5562 n=1) cex=R/T/F=0/0/1 trsplit=0 sim=14.368(rmp=0.439 run=13.927 n=1 d=0) incr=loc/full/maxdirty/keys=0/0/0/0 chk= 0.000(d=1) stat= 0.169 rest= 0.308
  [bmc-incr i=1060 repr=1 active=703/175855 POs=1]
BMC : c =     701  cl =   4503  lit =  175854  p =     0  d =     0  f =     1  +  T =     0.03 sec
  [bmc-prof 1060] wall=  31.104 p=     1 | ifo=  0.715(sd=0.182 nx=0.000 tfo=0.036 cnt=0.496) snap= 0.288 srm=  8.137 sat=  6.519(set=0.201 slv=6.314 max=6.3139 n=1) cex=R/T/F=0/0/1 trsplit=0 sim=14.953(rmp=0.442 run=14.510 n=1 d=0) incr=loc/full/maxdirty/keys=0/0/0/0 chk= 0.000(d=1) stat= 0.164 rest= 0.329
  [bmc-incr i=1061 repr=1 active=702/175854 POs=1]
BMC : c =     700  cl =   4503  lit =  175853  p =     0  d =     0  f =     1  +  T =     0.03 sec
  [bmc-prof 1061] wall=  31.031 p=     1 | ifo=  0.726(sd=0.190 nx=0.000 tfo=0.038 cnt=0.497) snap= 0.284 srm=  8.016 sat=  6.492(set=0.192 slv=6.298 max=6.2979 n=1) cex=R/T/F=0/0/1 trsplit=0 sim=15.053(rmp=0.457 run=14.595 n=1 d=0) incr=loc/full/maxdirty/keys=0/0/0/0 chk= 0.000(d=1) stat= 0.159 rest= 0.302
  [bmc-incr i=1062 repr=1 active=701/175853 POs=1]
BMC : c =     699  cl =   4503  lit =  175852  p =     0  d =     0  f =     1  +  T =     0.03 sec
  [bmc-prof 1062] wall=  32.562 p=     1 | ifo=  0.894(sd=0.179 nx=0.000 tfo=0.035 cnt=0.680) snap= 0.389 srm=  9.190 sat=  6.851(set=0.185 slv=6.663 max=6.6629 n=1) cex=R/T/F=0/0/1 trsplit=0 sim=14.778(rmp=0.422 run=14.356 n=1 d=0) incr=loc/full/maxdirty/keys=0/0/0/0 chk= 0.000(d=1) stat= 0.157 rest= 0.302
  [bmc-incr i=1063 repr=1 active=700/175852 POs=1]
BMC : c =     698  cl =   4503  lit =  175851  p =     0  d =     0  f =     1  +  T =     0.03 sec
  [bmc-prof 1063] wall=  32.807 p=     1 | ifo=  0.700(sd=0.175 nx=0.000 tfo=0.033 cnt=0.492) snap= 0.299 srm= 10.325 sat=  6.570(set=0.192 slv=6.376 max=6.3761 n=1) cex=R/T/F=0/0/1 trsplit=0 sim=14.252(rmp=0.446 run=13.806 n=1 d=0) incr=loc/full/maxdirty/keys=0/0/0/0 chk= 0.000(d=1) stat= 0.361 rest= 0.300
  [bmc-incr i=1064 repr=1 active=699/175851 POs=1]
BMC : c =     697  cl =   4503  lit =  175850  p =     0  d =     0  f =     1  +  T =     0.03 sec
  [bmc-prof 1064] wall=  30.158 p=     1 | ifo=  0.701(sd=0.184 nx=0.000 tfo=0.034 cnt=0.483) snap= 0.285 srm=  8.325 sat=  6.432(set=0.200 slv=6.229 max=6.2287 n=1) cex=R/T/F=0/0/1 trsplit=0 sim=13.961(rmp=0.423 run=13.537 n=1 d=0) incr=loc/full/maxdirty/keys=0/0/0/0 chk= 0.000(d=1) stat= 0.162 rest= 0.292
  [bmc-incr i=1065 repr=1 active=698/175850 POs=1]
BMC : c =     696  cl =   4503  lit =  175849  p =     0  d =     0  f =     1  +  T =     0.03 sec
  [bmc-prof 1065] wall=  32.317 p=     1 | ifo=  0.712(sd=0.188 nx=0.000 tfo=0.035 cnt=0.489) snap= 0.317 srm=  8.092 sat=  7.563(set=0.186 slv=7.374 max=7.3741 n=1) cex=R/T/F=0/0/1 trsplit=0 sim=15.147(rmp=0.542 run=14.604 n=1 d=0) incr=loc/full/maxdirty/keys=0/0/0/0 chk= 0.000(d=1) stat= 0.160 rest= 0.326
  [bmc-incr i=1066 repr=1 active=697/175849 POs=1]
BMC : c =     695  cl =   4503  lit =  175848  p =     0  d =     0  f =     1  +  T =     0.03 sec
  [bmc-prof 1066] wall=  31.491 p=     1 | ifo=  0.953(sd=0.173 nx=0.000 tfo=0.031 cnt=0.748) snap= 0.289 srm=  8.941 sat=  6.416(set=0.183 slv=6.232 max=6.2323 n=1) cex=R/T/F=0/0/1 trsplit=0 sim=14.439(rmp=0.429 run=14.010 n=1 d=0) incr=loc/full/maxdirty/keys=0/0/0/0 chk= 0.000(d=1) stat= 0.159 rest= 0.292
  [bmc-incr i=1067 repr=1 active=696/175848 POs=1]
BMC : c =     694  cl =   4503  lit =  175847  p =     0  d =     0  f =     1  +  T =     0.03 sec
  [bmc-prof 1067] wall=  29.960 p=     1 | ifo=  0.693(sd=0.177 nx=0.000 tfo=0.034 cnt=0.482) snap= 0.288 srm=  7.687 sat=  6.448(set=0.185 slv=6.261 max=6.2614 n=1) cex=R/T/F=0/0/1 trsplit=0 sim=14.391(rmp=0.429 run=13.962 n=1 d=0) incr=loc/full/maxdirty/keys=0/0/0/0 chk= 0.000(d=1) stat= 0.156 rest= 0.296
  [bmc-incr i=1068 repr=1 active=695/175847 POs=1]
BMC : c =     693  cl =   4503  lit =  175846  p =     0  d =     0  f =     1  +  T =     0.03 sec
  [bmc-prof 1068] wall=  32.850 p=     1 | ifo=  0.686(sd=0.175 nx=0.000 tfo=0.031 cnt=0.480) snap= 0.314 srm=  8.294 sat=  6.737(set=0.198 slv=6.536 max=6.5361 n=1) cex=R/T/F=0/0/1 trsplit=0 sim=16.322(rmp=0.459 run=15.862 n=1 d=0) incr=loc/full/maxdirty/keys=0/0/0/0 chk= 0.000(d=1) stat= 0.183 rest= 0.315
  [bmc-incr i=1069 repr=1 active=694/175846 POs=1]
BMC : c =     692  cl =   4503  lit =  175845  p =     0  d =     0  f =     1  +  T =     0.03 sec
  [bmc-prof 1069] wall=  31.159 p=     1 | ifo=  0.718(sd=0.185 nx=0.000 tfo=0.033 cnt=0.501) snap= 0.281 srm=  8.077 sat=  6.529(set=0.193 slv=6.334 max=6.3340 n=1) cex=R/T/F=0/0/1 trsplit=0 sim=15.077(rmp=0.416 run=14.660 n=1 d=0) incr=loc/full/maxdirty/keys=0/0/0/0 chk= 0.000(d=1) stat= 0.169 rest= 0.307
  [bmc-incr i=1070 repr=1 active=693/175845 POs=1]
BMC : c =     691  cl =   4503  lit =  175844  p =     0  d =     0  f =     1  +  T =     0.03 sec
  [bmc-prof 1070] wall=  31.262 p=     1 | ifo=  0.697(sd=0.181 nx=0.000 tfo=0.033 cnt=0.483) snap= 0.297 srm=  8.317 sat=  6.560(set=0.229 slv=6.329 max=6.3286 n=1) cex=R/T/F=0/0/1 trsplit=0 sim=14.907(rmp=0.480 run=14.426 n=1 d=0) incr=loc/full/maxdirty/keys=0/0/0/0 chk= 0.000(d=1) stat= 0.166 rest= 0.317
  [bmc-incr i=1071 repr=1 active=692/175844 POs=1]
BMC : c =     690  cl =   4503  lit =  175843  p =     0  d =     0  f =     1  +  T =     0.03 sec
  [bmc-prof 1071] wall=  30.939 p=     1 | ifo=  0.699(sd=0.184 nx=0.000 tfo=0.036 cnt=0.479) snap= 0.294 srm=  8.130 sat=  6.508(set=0.220 slv=6.286 max=6.2862 n=1) cex=R/T/F=0/0/1 trsplit=0 sim=14.822(rmp=0.447 run=14.374 n=1 d=0) incr=loc/full/maxdirty/keys=0/0/0/0 chk= 0.000(d=1) stat= 0.184 rest= 0.302
  [bmc-incr i=1072 repr=1 active=691/175843 POs=1]
BMC : c =     689  cl =   4503  lit =  175842  p =     0  d =     0  f =     1  +  T =     0.03 sec
  [bmc-prof 1072] wall=  30.579 p=     1 | ifo=  0.734(sd=0.189 nx=0.000 tfo=0.035 cnt=0.510) snap= 0.309 srm=  8.271 sat=  6.469(set=0.194 slv=6.273 max=6.2734 n=1) cex=R/T/F=0/0/1 trsplit=0 sim=14.310(rmp=0.425 run=13.884 n=1 d=0) incr=loc/full/maxdirty/keys=0/0/0/0 chk= 0.000(d=1) stat= 0.161 rest= 0.324
  [bmc-incr i=1073 repr=1 active=690/175842 POs=1]
BMC : c =     688  cl =   4503  lit =  175841  p =     0  d =     0  f =     1  +  T =     0.04 sec
  [bmc-prof 1073] wall=  39.559 p=     1 | ifo=  0.714(sd=0.179 nx=0.000 tfo=0.036 cnt=0.498) snap= 0.293 srm=  8.353 sat=  6.569(set=0.184 slv=6.383 max=6.3832 n=1) cex=R/T/F=0/0/1 trsplit=0 sim=23.139(rmp=0.423 run=22.715 n=1 d=0) incr=loc/full/maxdirty/keys=0/0/0/0 chk= 0.000(d=1) stat= 0.167 rest= 0.323
  [bmc-incr i=1074 repr=1 active=689/175841 POs=1]
BMC : c =     687  cl =   4503  lit =  175840  p =     0  d =     0  f =     1  +  T =     0.03 sec
  [bmc-prof 1074] wall=  30.542 p=     1 | ifo=  0.708(sd=0.191 nx=0.000 tfo=0.033 cnt=0.483) snap= 0.284 srm=  8.314 sat=  6.456(set=0.213 slv=6.242 max=6.2416 n=1) cex=R/T/F=0/0/1 trsplit=0 sim=14.313(rmp=0.448 run=13.864 n=1 d=0) incr=loc/full/maxdirty/keys=0/0/0/0 chk= 0.000(d=1) stat= 0.163 rest= 0.303
  [bmc-incr i=1075 repr=1 active=688/175840 POs=1]
BMC : c =     686  cl =   4503  lit =  175839  p =     0  d =     0  f =     1  +  T =     0.03 sec
  [bmc-prof 1075] wall=  30.563 p=     1 | ifo=  0.708(sd=0.180 nx=0.000 tfo=0.036 cnt=0.492) snap= 0.283 srm=  8.011 sat=  6.486(set=0.206 slv=6.278 max=6.2775 n=1) cex=R/T/F=0/0/1 trsplit=0 sim=14.592(rmp=0.432 run=14.159 n=1 d=0) incr=loc/full/maxdirty/keys=0/0/0/0 chk= 0.000(d=1) stat= 0.171 rest= 0.311
  [bmc-incr i=1076 repr=1 active=687/175839 POs=1]
BMC : c =     685  cl =   4503  lit =  175838  p =     0  d =     0  f =     1  +  T =     0.03 sec
  [bmc-prof 1076] wall=  30.539 p=     1 | ifo=  0.703(sd=0.183 nx=0.000 tfo=0.037 cnt=0.483) snap= 0.288 srm=  8.121 sat=  6.528(set=0.203 slv=6.322 max=6.3221 n=1) cex=R/T/F=0/0/1 trsplit=0 sim=14.449(rmp=0.445 run=14.003 n=1 d=0) incr=loc/full/maxdirty/keys=0/0/0/0 chk= 0.000(d=1) stat= 0.158 rest= 0.292
  [bmc-incr i=1077 repr=1 active=686/175838 POs=1]
BMC : c =     684  cl =   4503  lit =  175837  p =     0  d =     0  f =     1  +  T =     0.03 sec
  [bmc-prof 1077] wall=  30.855 p=     1 | ifo=  0.715(sd=0.179 nx=0.000 tfo=0.035 cnt=0.500) snap= 0.313 srm=  8.295 sat=  6.580(set=0.194 slv=6.384 max=6.3839 n=1) cex=R/T/F=0/0/1 trsplit=0 sim=14.498(rmp=0.421 run=14.076 n=1 d=0) incr=loc/full/maxdirty/keys=0/0/0/0 chk= 0.000(d=1) stat= 0.156 rest= 0.297
  [bmc-incr i=1078 repr=1 active=685/175837 POs=1]
BMC : c =     683  cl =   4503  lit =  175836  p =     0  d =     0  f =     1  +  T =     0.03 sec
  [bmc-prof 1078] wall=  30.176 p=     1 | ifo=  0.699(sd=0.176 nx=0.000 tfo=0.032 cnt=0.490) snap= 0.283 srm=  7.857 sat=  6.515(set=0.196 slv=6.317 max=6.3173 n=1) cex=R/T/F=0/0/1 trsplit=0 sim=14.359(rmp=0.438 run=13.921 n=1 d=0) incr=loc/full/maxdirty/keys=0/0/0/0 chk= 0.000(d=1) stat= 0.162 rest= 0.301
  [bmc-incr i=1079 repr=1 active=684/175836 POs=1]
BMC : c =     682  cl =   4503  lit =  175835  p =     0  d =     0  f =     1  +  T =     0.03 sec
  [bmc-prof 1079] wall=  29.723 p=     1 | ifo=  0.704(sd=0.180 nx=0.000 tfo=0.034 cnt=0.490) snap= 0.283 srm=  7.745 sat=  6.495(set=0.186 slv=6.307 max=6.3068 n=1) cex=R/T/F=0/0/1 trsplit=0 sim=14.041(rmp=0.421 run=13.619 n=1 d=0) incr=loc/full/maxdirty/keys=0/0/0/0 chk= 0.000(d=1) stat= 0.157 rest= 0.298
  [bmc-incr i=1080 repr=1 active=683/175835 POs=1]
BMC : c =     681  cl =   4503  lit =  175834  p =     0  d =     0  f =     1  +  T =     0.03 sec
  [bmc-prof 1080] wall=  30.013 p=     1 | ifo=  0.706(sd=0.177 nx=0.000 tfo=0.035 cnt=0.494) snap= 0.293 srm=  7.729 sat=  6.529(set=0.191 slv=6.335 max=6.3354 n=1) cex=R/T/F=0/0/1 trsplit=0 sim=14.297(rmp=0.431 run=13.866 n=1 d=0) incr=loc/full/maxdirty/keys=0/0/0/0 chk= 0.000(d=1) stat= 0.164 rest= 0.293
  [bmc-incr i=1081 repr=1 active=682/175834 POs=1]
BMC : c =     680  cl =   4503  lit =  175833  p =     0  d =     0  f =     1  +  T =     0.03 sec
  [bmc-prof 1081] wall=  29.900 p=     1 | ifo=  0.700(sd=0.175 nx=0.000 tfo=0.034 cnt=0.491) snap= 0.281 srm=  7.771 sat=  6.464(set=0.176 slv=6.286 max=6.2859 n=1) cex=R/T/F=0/0/1 trsplit=0 sim=14.233(rmp=0.418 run=13.814 n=1 d=0) incr=loc/full/maxdirty/keys=0/0/0/0 chk= 0.000(d=1) stat= 0.154 rest= 0.297
  [bmc-incr i=1082 repr=1 active=681/175833 POs=1]
BMC : c =     679  cl =   4503  lit =  175832  p =     0  d =     0  f =     1  +  T =     0.03 sec
  [bmc-prof 1082] wall=  30.473 p=     1 | ifo=  0.683(sd=0.175 nx=0.000 tfo=0.030 cnt=0.478) snap= 0.284 srm=  8.612 sat=  6.446(set=0.189 slv=6.255 max=6.2547 n=1) cex=R/T/F=0/0/1 trsplit=0 sim=14.005(rmp=0.428 run=13.576 n=1 d=0) incr=loc/full/maxdirty/keys=0/0/0/0 chk= 0.000(d=1) stat= 0.154 rest= 0.289
  [bmc-incr i=1083 repr=1 active=680/175832 POs=1]
BMC : c =     678  cl =   4503  lit =  175831  p =     0  d =     0  f =     1  +  T =     0.03 sec
  [bmc-prof 1083] wall=  29.635 p=     1 | ifo=  0.699(sd=0.179 nx=0.000 tfo=0.031 cnt=0.489) snap= 0.292 srm=  7.691 sat=  6.441(set=0.179 slv=6.260 max=6.2601 n=1) cex=R/T/F=0/0/1 trsplit=0 sim=14.064(rmp=0.415 run=13.648 n=1 d=0) incr=loc/full/maxdirty/keys=0/0/0/0 chk= 0.000(d=1) stat= 0.156 rest= 0.292
  [bmc-incr i=1084 repr=1 active=679/175831 POs=1]
BMC : c =     677  cl =   4503  lit =  175830  p =     0  d =     0  f =     1  +  T =     0.03 sec
  [bmc-prof 1084] wall=  29.729 p=     1 | ifo=  0.688(sd=0.176 nx=0.000 tfo=0.032 cnt=0.481) snap= 0.284 srm=  7.813 sat=  6.449(set=0.187 slv=6.260 max=6.2601 n=1) cex=R/T/F=0/0/1 trsplit=0 sim=14.050(rmp=0.426 run=13.624 n=1 d=0) incr=loc/full/maxdirty/keys=0/0/0/0 chk= 0.000(d=1) stat= 0.156 rest= 0.289
  [bmc-incr i=1085 repr=1 active=678/175830 POs=1]
BMC : c =     676  cl =   4503  lit =  175829  p =     0  d =     0  f =     1  +  T =     0.03 sec
  [bmc-prof 1085] wall=  29.897 p=     1 | ifo=  0.687(sd=0.178 nx=0.000 tfo=0.030 cnt=0.479) snap= 0.281 srm=  7.879 sat=  6.457(set=0.190 slv=6.265 max=6.2651 n=1) cex=R/T/F=0/0/1 trsplit=0 sim=14.142(rmp=0.423 run=13.719 n=1 d=0) incr=loc/full/maxdirty/keys=0/0/0/0 chk= 0.000(d=1) stat= 0.155 rest= 0.296
  [bmc-incr i=1086 repr=1 active=677/175829 POs=1]
BMC : c =     675  cl =   4503  lit =  175828  p =     0  d =     0  f =     1  +  T =     0.03 sec
  [bmc-prof 1086] wall=  30.428 p=     1 | ifo=  0.692(sd=0.175 nx=0.000 tfo=0.029 cnt=0.487) snap= 0.283 srm=  7.974 sat=  6.476(set=0.186 slv=6.288 max=6.2883 n=1) cex=R/T/F=0/0/1 trsplit=0 sim=14.556(rmp=0.418 run=14.137 n=1 d=0) incr=loc/full/maxdirty/keys=0/0/0/0 chk= 0.000(d=1) stat= 0.157 rest= 0.290
  [bmc-incr i=1087 repr=1 active=676/175828 POs=1]
BMC : c =     674  cl =   4503  lit =  175827  p =     0  d =     0  f =     1  +  T =     0.03 sec
  [bmc-prof 1087] wall=  32.479 p=     1 | ifo=  0.710(sd=0.177 nx=0.000 tfo=0.035 cnt=0.498) snap= 0.297 srm=  9.986 sat=  6.505(set=0.223 slv=6.279 max=6.2792 n=1) cex=R/T/F=0/0/1 trsplit=0 sim=14.513(rmp=0.456 run=14.056 n=1 d=0) incr=loc/full/maxdirty/keys=0/0/0/0 chk= 0.000(d=1) stat= 0.157 rest= 0.311
  [bmc-incr i=1088 repr=1 active=675/175827 POs=1]
BMC : c =     673  cl =   4503  lit =  175826  p =     0  d =     0  f =     1  +  T =     0.03 sec
  [bmc-prof 1088] wall=  30.231 p=     1 | ifo=  0.701(sd=0.182 nx=0.000 tfo=0.030 cnt=0.488) snap= 0.294 srm=  8.034 sat=  6.529(set=0.207 slv=6.320 max=6.3198 n=1) cex=R/T/F=0/0/1 trsplit=0 sim=14.209(rmp=0.454 run=13.754 n=1 d=0) incr=loc/full/maxdirty/keys=0/0/0/0 chk= 0.000(d=1) stat= 0.160 rest= 0.304
  [bmc-incr i=1089 repr=1 active=674/175826 POs=1]
BMC : c =     672  cl =   4503  lit =  175825  p =     0  d =     0  f =     1  +  T =     0.03 sec
  [bmc-prof 1089] wall=  29.975 p=     1 | ifo=  0.786(sd=0.230 nx=0.000 tfo=0.073 cnt=0.483) snap= 0.291 srm=  7.858 sat=  6.491(set=0.185 slv=6.304 max=6.3039 n=1) cex=R/T/F=0/0/1 trsplit=0 sim=14.100(rmp=0.447 run=13.652 n=1 d=0) incr=loc/full/maxdirty/keys=0/0/0/0 chk= 0.000(d=1) stat= 0.160 rest= 0.291
  [bmc-incr i=1090 repr=1 active=673/175825 POs=1]
BMC : c =     671  cl =   4503  lit =  175824  p =     0  d =     0  f =     1  +  T =     0.03 sec
  [bmc-prof 1090] wall=  30.800 p=     1 | ifo=  0.689(sd=0.177 nx=0.000 tfo=0.033 cnt=0.479) snap= 0.281 srm=  7.802 sat=  6.560(set=0.186 slv=6.372 max=6.3720 n=1) cex=R/T/F=0/0/1 trsplit=0 sim=15.015(rmp=0.440 run=14.574 n=1 d=0) incr=loc/full/maxdirty/keys=0/0/0/0 chk= 0.000(d=1) stat= 0.156 rest= 0.296
  [bmc-incr i=1091 repr=1 active=672/175824 POs=1]
BMC : c =     670  cl =   4503  lit =  175823  p =     0  d =     0  f =     1  +  T =     0.03 sec
  [bmc-prof 1091] wall=  34.454 p=     1 | ifo=  0.723(sd=0.186 nx=0.000 tfo=0.035 cnt=0.502) snap= 0.392 srm=  9.740 sat=  7.698(set=0.282 slv=7.413 max=7.4131 n=1) cex=R/T/F=0/0/1 trsplit=0 sim=15.439(rmp=0.465 run=14.973 n=1 d=0) incr=loc/full/maxdirty/keys=0/0/0/0 chk= 0.000(d=1) stat= 0.160 rest= 0.303
  [bmc-incr i=1092 repr=1 active=671/175823 POs=1]
BMC : c =     669  cl =   4503  lit =  175822  p =     0  d =     0  f =     1  +  T =     0.03 sec
  [bmc-prof 1092] wall=  32.074 p=     1 | ifo=  0.768(sd=0.224 nx=0.000 tfo=0.041 cnt=0.502) snap= 0.295 srm=  9.639 sat=  6.506(set=0.203 slv=6.301 max=6.3014 n=1) cex=R/T/F=0/0/1 trsplit=0 sim=14.404(rmp=0.460 run=13.943 n=1 d=0) incr=loc/full/maxdirty/keys=0/0/0/0 chk= 0.000(d=1) stat= 0.159 rest= 0.303
  [bmc-incr i=1093 repr=1 active=670/175822 POs=1]
BMC : c =     668  cl =   4503  lit =  175821  p =     0  d =     0  f =     1  +  T =     0.03 sec
  [bmc-prof 1093] wall=  31.092 p=     1 | ifo=  0.699(sd=0.179 nx=0.000 tfo=0.035 cnt=0.486) snap= 0.297 srm=  8.621 sat=  6.720(set=0.326 slv=6.392 max=6.3924 n=1) cex=R/T/F=0/0/1 trsplit=0 sim=14.288(rmp=0.455 run=13.832 n=1 d=0) incr=loc/full/maxdirty/keys=0/0/0/0 chk= 0.000(d=1) stat= 0.157 rest= 0.309
  [bmc-incr i=1094 repr=1 active=669/175821 POs=1]
BMC : c =     667  cl =   4503  lit =  175820  p =     0  d =     0  f =     1  +  T =     0.03 sec
  [bmc-prof 1094] wall=  30.803 p=     1 | ifo=  0.702(sd=0.178 nx=0.000 tfo=0.032 cnt=0.492) snap= 0.285 srm=  7.765 sat=  6.578(set=0.189 slv=6.387 max=6.3869 n=1) cex=R/T/F=0/0/1 trsplit=0 sim=15.017(rmp=0.430 run=14.586 n=1 d=0) incr=loc/full/maxdirty/keys=0/0/0/0 chk= 0.000(d=1) stat= 0.155 rest= 0.300
  [bmc-incr i=1095 repr=1 active=668/175820 POs=1]
BMC : c =     666  cl =   4503  lit =  175819  p =     0  d =     0  f =     1  +  T =     0.03 sec
  [bmc-prof 1095] wall=  30.759 p=     1 | ifo=  0.777(sd=0.210 nx=0.000 tfo=0.058 cnt=0.509) snap= 0.289 srm=  7.843 sat=  6.471(set=0.182 slv=6.286 max=6.2864 n=1) cex=R/T/F=0/0/1 trsplit=0 sim=14.921(rmp=0.423 run=14.498 n=1 d=0) incr=loc/full/maxdirty/keys=0/0/0/0 chk= 0.000(d=1) stat= 0.158 rest= 0.299
  [bmc-incr i=1096 repr=1 active=667/175819 POs=1]
BMC : c =     665  cl =   4503  lit =  175818  p =     0  d =     0  f =     1  +  T =     0.03 sec
  [bmc-prof 1096] wall=  30.793 p=     1 | ifo=  0.697(sd=0.177 nx=0.000 tfo=0.030 cnt=0.490) snap= 0.292 srm=  8.534 sat=  6.507(set=0.198 slv=6.308 max=6.3078 n=1) cex=R/T/F=0/0/1 trsplit=0 sim=14.300(rmp=0.450 run=13.849 n=1 d=0) incr=loc/full/maxdirty/keys=0/0/0/0 chk= 0.000(d=1) stat= 0.158 rest= 0.303
  [bmc-incr i=1097 repr=1 active=666/175818 POs=1]
BMC : c =     664  cl =   4503  lit =  175817  p =     0  d =     0  f =     1  +  T =     0.03 sec
  [bmc-prof 1097] wall=  29.974 p=     1 | ifo=  0.702(sd=0.177 nx=0.000 tfo=0.033 cnt=0.491) snap= 0.281 srm=  7.808 sat=  6.498(set=0.189 slv=6.307 max=6.3071 n=1) cex=R/T/F=0/0/1 trsplit=0 sim=14.238(rmp=0.436 run=13.801 n=1 d=0) incr=loc/full/maxdirty/keys=0/0/0/0 chk= 0.000(d=1) stat= 0.157 rest= 0.290
  [bmc-incr i=1098 repr=1 active=665/175817 POs=1]
BMC : c =     663  cl =   4503  lit =  175816  p =     0  d =     0  f =     1  +  T =     0.03 sec
  [bmc-prof 1098] wall=  31.275 p=     1 | ifo=  0.698(sd=0.177 nx=0.000 tfo=0.032 cnt=0.489) snap= 0.281 srm=  7.834 sat=  6.482(set=0.187 slv=6.294 max=6.2939 n=1) cex=R/T/F=0/0/1 trsplit=0 sim=15.533(rmp=0.421 run=15.111 n=1 d=0) incr=loc/full/maxdirty/keys=0/0/0/0 chk= 0.000(d=1) stat= 0.157 rest= 0.289
  [bmc-incr i=1099 repr=1 active=664/175816 POs=1]
BMC : c =     662  cl =   4503  lit =  175815  p =     0  d =     0  f =     1  +  T =     0.04 sec
  [bmc-prof 1099] wall=  36.701 p=     1 | ifo=  0.697(sd=0.182 nx=0.000 tfo=0.032 cnt=0.483) snap= 0.283 srm= 14.557 sat=  6.483(set=0.186 slv=6.295 max=6.2951 n=1) cex=R/T/F=0/0/1 trsplit=0 sim=14.233(rmp=0.636 run=13.597 n=1 d=0) incr=loc/full/maxdirty/keys=0/0/0/0 chk= 0.000(d=1) stat= 0.156 rest= 0.291
  [bmc-incr i=1100 repr=1 active=663/175815 POs=1]
BMC : c =     661  cl =   4503  lit =  175814  p =     0  d =     0  f =     1  +  T =     0.03 sec
  [bmc-prof 1100] wall=  29.550 p=     1 | ifo=  0.695(sd=0.175 nx=0.000 tfo=0.031 cnt=0.489) snap= 0.282 srm=  7.665 sat=  6.475(set=0.183 slv=6.290 max=6.2900 n=1) cex=R/T/F=0/0/1 trsplit=0 sim=13.985(rmp=0.427 run=13.558 n=1 d=0) incr=loc/full/maxdirty/keys=0/0/0/0 chk= 0.001(d=1) stat= 0.156 rest= 0.291
  [bmc-incr i=1101 repr=1 active=662/175814 POs=1]
BMC : c =     660  cl =   4503  lit =  175813  p =     0  d =     0  f =     1  +  T =     0.03 sec
  [bmc-prof 1101] wall=  29.553 p=     1 | ifo=  0.687(sd=0.177 nx=0.000 tfo=0.030 cnt=0.480) snap= 0.294 srm=  7.697 sat=  6.483(set=0.185 slv=6.296 max=6.2956 n=1) cex=R/T/F=0/0/1 trsplit=0 sim=13.891(rmp=0.428 run=13.462 n=1 d=0) incr=loc/full/maxdirty/keys=0/0/0/0 chk= 0.000(d=1) stat= 0.153 rest= 0.348
  [bmc-incr i=1102 repr=1 active=661/175813 POs=1]
BMC : c =     659  cl =   4503  lit =  175812  p =     0  d =     0  f =     1  +  T =     0.03 sec
  [bmc-prof 1102] wall=  32.778 p=     1 | ifo=  0.685(sd=0.176 nx=0.000 tfo=0.029 cnt=0.480) snap= 0.289 srm=  7.650 sat=  7.249(set=0.178 slv=7.068 max=7.0680 n=1) cex=R/T/F=0/0/1 trsplit=0 sim=16.439(rmp=0.438 run=16.000 n=1 d=0) incr=loc/full/maxdirty/keys=0/0/0/0 chk= 0.000(d=1) stat= 0.161 rest= 0.305
  [bmc-incr i=1103 repr=1 active=660/175812 POs=1]
BMC : c =     658  cl =   4503  lit =  175811  p =     0  d =     0  f =     1  +  T =     0.03 sec
  [bmc-prof 1103] wall=  33.053 p=     1 | ifo=  0.732(sd=0.203 nx=0.000 tfo=0.049 cnt=0.480) snap= 0.292 srm=  7.684 sat=  7.601(set=0.186 slv=7.411 max=7.4113 n=1) cex=R/T/F=0/0/1 trsplit=0 sim=16.268(rmp=0.460 run=15.807 n=1 d=0) incr=loc/full/maxdirty/keys=0/0/0/0 chk= 0.000(d=1) stat= 0.158 rest= 0.317
  [bmc-incr i=1104 repr=1 active=659/175811 POs=1]
BMC : c =     657  cl =   4503  lit =  175810  p =     0  d =     0  f =     1  +  T =     0.03 sec
  [bmc-prof 1104] wall=  33.254 p=     1 | ifo=  0.709(sd=0.179 nx=0.000 tfo=0.031 cnt=0.498) snap= 0.399 srm=  9.674 sat=  7.244(set=0.275 slv=6.967 max=6.9668 n=1) cex=R/T/F=0/0/1 trsplit=0 sim=14.754(rmp=0.458 run=14.295 n=1 d=0) incr=loc/full/maxdirty/keys=0/0/0/0 chk= 0.000(d=1) stat= 0.160 rest= 0.314
  [bmc-incr i=1105 repr=1 active=658/175810 POs=1]
BMC : c =     656  cl =   4503  lit =  175809  p =     0  d =     0  f =     1  +  T =     0.03 sec
  [bmc-prof 1105] wall=  30.271 p=     1 | ifo=  0.701(sd=0.182 nx=0.000 tfo=0.033 cnt=0.487) snap= 0.290 srm=  7.766 sat=  6.905(set=0.460 slv=6.443 max=6.4427 n=1) cex=R/T/F=0/0/1 trsplit=0 sim=14.159(rmp=0.428 run=13.731 n=1 d=0) incr=loc/full/maxdirty/keys=0/0/0/0 chk= 0.000(d=1) stat= 0.157 rest= 0.292
  [bmc-incr i=1106 repr=1 active=657/175809 POs=1]
BMC : c =     655  cl =   4503  lit =  175808  p =     0  d =     0  f =     1  +  T =     0.03 sec
  [bmc-prof 1106] wall=  29.792 p=     1 | ifo=  0.692(sd=0.180 nx=0.000 tfo=0.031 cnt=0.481) snap= 0.296 srm=  7.707 sat=  6.496(set=0.185 slv=6.309 max=6.3094 n=1) cex=R/T/F=0/0/1 trsplit=0 sim=14.149(rmp=0.415 run=13.733 n=1 d=0) incr=loc/full/maxdirty/keys=0/0/0/0 chk= 0.000(d=1) stat= 0.159 rest= 0.294
  [bmc-incr i=1107 repr=1 active=656/175808 POs=1]
BMC : c =     654  cl =   4503  lit =  175807  p =     0  d =     0  f =     1  +  T =     0.03 sec
  [bmc-prof 1107] wall=  31.857 p=     1 | ifo=  0.686(sd=0.175 nx=0.000 tfo=0.029 cnt=0.481) snap= 0.285 srm=  7.725 sat=  7.428(set=0.183 slv=7.242 max=7.2419 n=1) cex=R/T/F=0/0/1 trsplit=0 sim=15.254(rmp=0.466 run=14.787 n=1 d=0) incr=loc/full/maxdirty/keys=0/0/0/0 chk= 0.000(d=1) stat= 0.160 rest= 0.318
  [bmc-incr i=1108 repr=1 active=655/175807 POs=1]
BMC : c =     653  cl =   4503  lit =  175806  p =     0  d =     0  f =     1  +  T =     0.04 sec
  [bmc-prof 1108] wall=  36.088 p=     1 | ifo=  0.737(sd=0.200 nx=0.000 tfo=0.048 cnt=0.488) snap= 0.290 srm=  7.946 sat=  9.667(set=0.186 slv=9.477 max=9.4767 n=1) cex=R/T/F=0/0/1 trsplit=0 sim=16.947(rmp=1.342 run=15.604 n=1 d=0) incr=loc/full/maxdirty/keys=0/0/0/0 chk= 0.000(d=1) stat= 0.163 rest= 0.339
  [bmc-incr i=1109 repr=1 active=654/175806 POs=1]
BMC : c =     652  cl =   4503  lit =  175805  p =     0  d =     0  f =     1  +  T =     0.03 sec
  [bmc-prof 1109] wall=  30.521 p=     1 | ifo=  0.706(sd=0.186 nx=0.000 tfo=0.033 cnt=0.487) snap= 0.286 srm=  7.752 sat=  6.545(set=0.189 slv=6.354 max=6.3539 n=1) cex=R/T/F=0/0/1 trsplit=0 sim=14.746(rmp=0.489 run=14.255 n=1 d=0) incr=loc/full/maxdirty/keys=0/0/0/0 chk= 0.001(d=1) stat= 0.171 rest= 0.315
  [bmc-incr i=1110 repr=1 active=653/175805 POs=1]
BMC : c =     651  cl =   4503  lit =  175804  p =     0  d =     0  f =     1  +  T =     0.03 sec
  [bmc-prof 1110] wall=  31.298 p=     1 | ifo=  0.703(sd=0.183 nx=0.000 tfo=0.030 cnt=0.489) snap= 0.324 srm=  8.401 sat=  6.627(set=0.206 slv=6.419 max=6.4186 n=1) cex=R/T/F=0/0/1 trsplit=0 sim=14.774(rmp=0.464 run=14.310 n=1 d=0) incr=loc/full/maxdirty/keys=0/0/0/0 chk= 0.000(d=1) stat= 0.157 rest= 0.312
  [bmc-incr i=1111 repr=1 active=652/175804 POs=1]
BMC : c =     650  cl =   4503  lit =  175803  p =     0  d =     0  f =     1  +  T =     0.03 sec
  [bmc-prof 1111] wall=  30.796 p=     1 | ifo=  0.717(sd=0.180 nx=0.000 tfo=0.034 cnt=0.503) snap= 0.285 srm=  8.045 sat=  6.713(set=0.190 slv=6.521 max=6.5212 n=1) cex=R/T/F=0/0/1 trsplit=0 sim=14.561(rmp=0.436 run=14.125 n=1 d=0) incr=loc/full/maxdirty/keys=0/0/0/0 chk= 0.000(d=1) stat= 0.161 rest= 0.313
  [bmc-incr i=1112 repr=1 active=651/175803 POs=1]
BMC : c =     649  cl =   4503  lit =  175802  p =     0  d =     0  f =     1  +  T =     0.04 sec
  [bmc-prof 1112] wall=  35.260 p=     1 | ifo=  0.754(sd=0.203 nx=0.000 tfo=0.047 cnt=0.504) snap= 0.282 srm=  7.929 sat=  6.592(set=0.183 slv=6.406 max=6.4063 n=1) cex=R/T/F=0/0/1 trsplit=0 sim=19.256(rmp=0.489 run=18.766 n=1 d=0) incr=loc/full/maxdirty/keys=0/0/0/0 chk= 0.000(d=1) stat= 0.156 rest= 0.291
  [bmc-incr i=1113 repr=1 active=650/175802 POs=1]
BMC : c =     648  cl =   4503  lit =  175801  p =     0  d =     0  f =     1  +  T =     0.03 sec
  [bmc-prof 1113] wall=  30.345 p=     1 | ifo=  0.701(sd=0.187 nx=0.000 tfo=0.032 cnt=0.481) snap= 0.289 srm=  8.315 sat=  6.513(set=0.184 slv=6.328 max=6.3275 n=1) cex=R/T/F=0/0/1 trsplit=0 sim=14.070(rmp=0.419 run=13.650 n=1 d=0) incr=loc/full/maxdirty/keys=0/0/0/0 chk= 0.000(d=1) stat= 0.156 rest= 0.300
  [bmc-incr i=1114 repr=1 active=649/175801 POs=1]
BMC : c =     647  cl =   4503  lit =  175800  p =     0  d =     0  f =     1  +  T =     0.03 sec
  [bmc-prof 1114] wall=  30.489 p=     1 | ifo=  0.687(sd=0.178 nx=0.000 tfo=0.030 cnt=0.480) snap= 0.279 srm=  7.757 sat=  7.295(set=0.184 slv=7.109 max=7.1088 n=1) cex=R/T/F=0/0/1 trsplit=0 sim=14.017(rmp=0.426 run=13.591 n=1 d=0) incr=loc/full/maxdirty/keys=0/0/0/0 chk= 0.000(d=1) stat= 0.157 rest= 0.297
  [bmc-incr i=1115 repr=1 active=648/175800 POs=1]
BMC : c =     646  cl =   4503  lit =  175799  p =     0  d =     0  f =     1  +  T =     0.03 sec
  [bmc-prof 1115] wall=  29.972 p=     1 | ifo=  0.695(sd=0.177 nx=0.000 tfo=0.029 cnt=0.489) snap= 0.291 srm=  7.761 sat=  6.523(set=0.186 slv=6.335 max=6.3346 n=1) cex=R/T/F=0/0/1 trsplit=0 sim=14.258(rmp=0.432 run=13.826 n=1 d=0) incr=loc/full/maxdirty/keys=0/0/0/0 chk= 0.000(d=1) stat= 0.154 rest= 0.290
  [bmc-incr i=1116 repr=1 active=647/175799 POs=1]
BMC : c =     645  cl =   4503  lit =  175798  p =     0  d =     0  f =     1  +  T =     0.03 sec
  [bmc-prof 1116] wall=  31.280 p=     1 | ifo=  0.707(sd=0.178 nx=0.000 tfo=0.040 cnt=0.489) snap= 0.297 srm=  8.373 sat=  6.974(set=0.216 slv=6.755 max=6.7549 n=1) cex=R/T/F=0/0/1 trsplit=0 sim=14.439(rmp=0.468 run=13.970 n=1 d=0) incr=loc/full/maxdirty/keys=0/0/0/0 chk= 0.000(d=1) stat= 0.164 rest= 0.327
  [bmc-incr i=1117 repr=1 active=646/175798 POs=1]
BMC : c =     644  cl =   4503  lit =  175797  p =     0  d =     0  f =     1  +  T =     0.03 sec
  [bmc-prof 1117] wall=  29.821 p=     1 | ifo=  0.744(sd=0.209 nx=0.000 tfo=0.048 cnt=0.487) snap= 0.283 srm=  7.836 sat=  6.515(set=0.184 slv=6.330 max=6.3297 n=1) cex=R/T/F=0/0/1 trsplit=0 sim=13.997(rmp=0.428 run=13.568 n=1 d=0) incr=loc/full/maxdirty/keys=0/0/0/0 chk= 0.000(d=1) stat= 0.155 rest= 0.290
  [bmc-incr i=1118 repr=1 active=645/175797 POs=1]
BMC : c =     643  cl =   4503  lit =  175796  p =     0  d =     0  f =     1  +  T =     0.03 sec
  [bmc-prof 1118] wall=  29.984 p=     1 | ifo=  0.689(sd=0.176 nx=0.000 tfo=0.032 cnt=0.481) snap= 0.289 srm=  7.917 sat=  6.534(set=0.181 slv=6.351 max=6.3510 n=1) cex=R/T/F=0/0/1 trsplit=0 sim=14.108(rmp=0.422 run=13.685 n=1 d=0) incr=loc/full/maxdirty/keys=0/0/0/0 chk= 0.000(d=1) stat= 0.155 rest= 0.292
  [bmc-incr i=1119 repr=1 active=644/175796 POs=1]
BMC : c =     642  cl =   4503  lit =  175795  p =     0  d =     0  f =     1  +  T =     0.03 sec
  [bmc-prof 1119] wall=  29.991 p=     1 | ifo=  0.686(sd=0.175 nx=0.000 tfo=0.031 cnt=0.481) snap= 0.297 srm=  7.819 sat=  6.558(set=0.183 slv=6.373 max=6.3732 n=1) cex=R/T/F=0/0/1 trsplit=0 sim=14.169(rmp=0.428 run=13.740 n=1 d=0) incr=loc/full/maxdirty/keys=0/0/0/0 chk= 0.000(d=1) stat= 0.160 rest= 0.300
  [bmc-incr i=1120 repr=1 active=643/175795 POs=1]
BMC : c =     641  cl =   4503  lit =  175794  p =     0  d =     0  f =     1  +  T =     0.03 sec
  [bmc-prof 1120] wall=  30.167 p=     1 | ifo=  0.700(sd=0.179 nx=0.000 tfo=0.031 cnt=0.490) snap= 0.284 srm=  7.906 sat=  6.543(set=0.189 slv=6.351 max=6.3514 n=1) cex=R/T/F=0/0/1 trsplit=0 sim=14.269(rmp=0.424 run=13.844 n=1 d=0) incr=loc/full/maxdirty/keys=0/0/0/0 chk= 0.000(d=1) stat= 0.160 rest= 0.306
  [bmc-incr i=1121 repr=1 active=642/175794 POs=1]
BMC : c =     640  cl =   4503  lit =  175793  p =     0  d =     0  f =     1  +  T =     0.03 sec
  [bmc-prof 1121] wall=  30.432 p=     1 | ifo=  0.701(sd=0.179 nx=0.000 tfo=0.033 cnt=0.489) snap= 0.283 srm=  8.048 sat=  6.587(set=0.201 slv=6.384 max=6.3836 n=1) cex=R/T/F=0/0/1 trsplit=0 sim=14.354(rmp=0.440 run=13.913 n=1 d=0) incr=loc/full/maxdirty/keys=0/0/0/0 chk= 0.000(d=1) stat= 0.154 rest= 0.304
  [bmc-incr i=1122 repr=1 active=641/175793 POs=1]
BMC : c =     639  cl =   4503  lit =  175792  p =     0  d =     0  f =     1  +  T =     0.03 sec
  [bmc-prof 1122] wall=  31.974 p=     1 | ifo=  0.696(sd=0.180 nx=0.000 tfo=0.034 cnt=0.482) snap= 0.308 srm=  8.412 sat=  7.248(set=0.185 slv=7.060 max=7.0599 n=1) cex=R/T/F=0/0/1 trsplit=0 sim=14.691(rmp=0.459 run=14.232 n=1 d=0) incr=loc/full/maxdirty/keys=0/0/0/0 chk= 0.000(d=1) stat= 0.200 rest= 0.419
  [bmc-incr i=1123 repr=1 active=640/175792 POs=1]
BMC : c =     638  cl =   4503  lit =  175791  p =     0  d =     0  f =     1  +  T =     0.03 sec
  [bmc-prof 1123] wall=  33.372 p=     1 | ifo=  0.715(sd=0.180 nx=0.000 tfo=0.033 cnt=0.502) snap= 0.301 srm=  8.133 sat=  6.689(set=0.190 slv=6.497 max=6.4971 n=1) cex=R/T/F=0/0/1 trsplit=0 sim=16.697(rmp=0.430 run=16.266 n=1 d=0) incr=loc/full/maxdirty/keys=0/0/0/0 chk= 0.001(d=1) stat= 0.334 rest= 0.502
  [bmc-incr i=1124 repr=1 active=639/175791 POs=1]
BMC : c =     637  cl =   4503  lit =  175790  p =     0  d =     0  f =     1  +  T =     0.03 sec
  [bmc-prof 1124] wall=  31.592 p=     1 | ifo=  1.326(sd=0.339 nx=0.000 tfo=0.041 cnt=0.945) snap= 0.288 srm=  8.671 sat=  6.564(set=0.206 slv=6.356 max=6.3559 n=1) cex=R/T/F=0/0/1 trsplit=0 sim=14.278(rmp=0.430 run=13.846 n=1 d=0) incr=loc/full/maxdirty/keys=0/0/0/0 chk= 0.000(d=1) stat= 0.163 rest= 0.303
  [bmc-incr i=1125 repr=1 active=638/175790 POs=1]
BMC : c =     636  cl =   4503  lit =  175789  p =     0  d =     0  f =     1  +  T =     0.03 sec
  [bmc-prof 1125] wall=  31.426 p=     1 | ifo=  0.696(sd=0.184 nx=0.000 tfo=0.031 cnt=0.482) snap= 0.291 srm=  8.724 sat=  6.633(set=0.211 slv=6.420 max=6.4203 n=1) cex=R/T/F=0/0/1 trsplit=0 sim=14.608(rmp=0.469 run=14.138 n=1 d=0) incr=loc/full/maxdirty/keys=0/0/0/0 chk= 0.000(d=1) stat= 0.162 rest= 0.311
  [bmc-incr i=1126 repr=1 active=637/175789 POs=1]
BMC : c =     635  cl =   4503  lit =  175788  p =     0  d =     0  f =     1  +  T =     0.03 sec
  [bmc-prof 1126] wall=  31.038 p=     1 | ifo=  0.712(sd=0.182 nx=0.000 tfo=0.032 cnt=0.497) snap= 0.295 srm=  8.666 sat=  6.598(set=0.204 slv=6.392 max=6.3917 n=1) cex=R/T/F=0/0/1 trsplit=0 sim=14.313(rmp=0.430 run=13.882 n=1 d=0) incr=loc/full/maxdirty/keys=0/0/0/0 chk= 0.000(d=1) stat= 0.158 rest= 0.294
  [bmc-incr i=1127 repr=1 active=636/175788 POs=1]
BMC : c =     634  cl =   4503  lit =  175787  p =     0  d =     0  f =     1  +  T =     0.03 sec
  [bmc-prof 1127] wall=  30.175 p=     1 | ifo=  0.707(sd=0.183 nx=0.000 tfo=0.034 cnt=0.490) snap= 0.293 srm=  7.679 sat=  6.605(set=0.195 slv=6.408 max=6.4077 n=1) cex=R/T/F=0/0/1 trsplit=0 sim=14.371(rmp=0.424 run=13.947 n=1 d=0) incr=loc/full/maxdirty/keys=0/0/0/0 chk= 0.000(d=1) stat= 0.217 rest= 0.301
  [bmc-incr i=1128 repr=1 active=635/175787 POs=1]
BMC : c =     633  cl =   4503  lit =  175786  p =     0  d =     0  f =     1  +  T =     0.03 sec
  [bmc-prof 1128] wall=  33.179 p=     1 | ifo=  0.821(sd=0.245 nx=0.000 tfo=0.033 cnt=0.543) snap= 0.303 srm=  9.036 sat=  7.779(set=0.225 slv=7.552 max=7.5517 n=1) cex=R/T/F=0/0/1 trsplit=0 sim=14.766(rmp=0.646 run=14.118 n=1 d=0) incr=loc/full/maxdirty/keys=0/0/0/0 chk= 0.000(d=1) stat= 0.154 rest= 0.319
  [bmc-incr i=1129 repr=1 active=634/175786 POs=1]
BMC : c =     632  cl =   4503  lit =  175785  p =     0  d =     0  f =     1  +  T =     0.03 sec
  [bmc-prof 1129] wall=  29.839 p=     1 | ifo=  0.705(sd=0.177 nx=0.000 tfo=0.032 cnt=0.495) snap= 0.282 srm=  7.749 sat=  6.574(set=0.187 slv=6.385 max=6.3848 n=1) cex=R/T/F=0/0/1 trsplit=0 sim=14.080(rmp=0.426 run=13.654 n=1 d=0) incr=loc/full/maxdirty/keys=0/0/0/0 chk= 0.000(d=1) stat= 0.156 rest= 0.292
  [bmc-incr i=1130 repr=1 active=633/175785 POs=1]
BMC : c =     631  cl =   4503  lit =  175784  p =     0  d =     0  f =     1  +  T =     0.03 sec
  [bmc-prof 1130] wall=  29.797 p=     1 | ifo=  0.699(sd=0.177 nx=0.000 tfo=0.033 cnt=0.489) snap= 0.280 srm=  7.735 sat=  6.555(set=0.187 slv=6.366 max=6.3665 n=1) cex=R/T/F=0/0/1 trsplit=0 sim=14.059(rmp=0.417 run=13.641 n=1 d=0) incr=loc/full/maxdirty/keys=0/0/0/0 chk= 0.000(d=1) stat= 0.178 rest= 0.291
  [bmc-incr i=1131 repr=1 active=632/175784 POs=1]
BMC : c =     630  cl =   4503  lit =  175783  p =     0  d =     0  f =     1  +  T =     0.03 sec
  [bmc-prof 1131] wall=  30.603 p=     1 | ifo=  0.708(sd=0.178 nx=0.000 tfo=0.030 cnt=0.500) snap= 0.309 srm=  8.189 sat=  6.559(set=0.188 slv=6.369 max=6.3693 n=1) cex=R/T/F=0/0/1 trsplit=0 sim=14.384(rmp=0.489 run=13.894 n=1 d=0) incr=loc/full/maxdirty/keys=0/0/0/0 chk= 0.000(d=1) stat= 0.158 rest= 0.297
  [bmc-incr i=1132 repr=1 active=631/175783 POs=1]
BMC : c =     629  cl =   4503  lit =  175782  p =     0  d =     0  f =     1  +  T =     0.03 sec
  [bmc-prof 1132] wall=  30.126 p=     1 | ifo=  0.699(sd=0.177 nx=0.000 tfo=0.030 cnt=0.492) snap= 0.280 srm=  7.940 sat=  6.571(set=0.189 slv=6.381 max=6.3808 n=1) cex=R/T/F=0/0/1 trsplit=0 sim=14.186(rmp=0.440 run=13.745 n=1 d=0) incr=loc/full/maxdirty/keys=0/0/0/0 chk= 0.000(d=1) stat= 0.158 rest= 0.292
  [bmc-incr i=1133 repr=1 active=630/175782 POs=1]
BMC : c =     628  cl =   4503  lit =  175781  p =     0  d =     0  f =     1  +  T =     0.03 sec
  [bmc-prof 1133] wall=  29.780 p=     1 | ifo=  0.699(sd=0.178 nx=0.000 tfo=0.031 cnt=0.489) snap= 0.282 srm=  7.871 sat=  6.552(set=0.180 slv=6.371 max=6.3707 n=1) cex=R/T/F=0/0/1 trsplit=0 sim=13.918(rmp=0.416 run=13.501 n=1 d=0) incr=loc/full/maxdirty/keys=0/0/0/0 chk= 0.000(d=1) stat= 0.163 rest= 0.294
  [bmc-incr i=1134 repr=1 active=629/175781 POs=1]
BMC : c =     627  cl =   4503  lit =  175780  p =     0  d =     0  f =     1  +  T =     0.03 sec
  [bmc-prof 1134] wall=  30.287 p=     1 | ifo=  0.704(sd=0.180 nx=0.000 tfo=0.035 cnt=0.489) snap= 0.289 srm=  7.953 sat=  6.568(set=0.184 slv=6.382 max=6.3816 n=1) cex=R/T/F=0/0/1 trsplit=0 sim=14.323(rmp=0.446 run=13.876 n=1 d=0) incr=loc/full/maxdirty/keys=0/0/0/0 chk= 0.000(d=1) stat= 0.157 rest= 0.293
  [bmc-incr i=1135 repr=1 active=628/175780 POs=1]
BMC : c =     626  cl =   4503  lit =  175779  p =     0  d =     0  f =     1  +  T =     0.03 sec
  [bmc-prof 1135] wall=  34.327 p=     1 | ifo=  1.040(sd=0.191 nx=0.000 tfo=0.032 cnt=0.817) snap= 0.292 srm=  9.238 sat=  6.591(set=0.183 slv=6.407 max=6.4069 n=1) cex=R/T/F=0/0/1 trsplit=0 sim=16.674(rmp=0.429 run=16.244 n=1 d=0) incr=loc/full/maxdirty/keys=0/0/0/0 chk= 0.000(d=1) stat= 0.180 rest= 0.312
  [bmc-incr i=1136 repr=1 active=627/175779 POs=1]
BMC : c =     625  cl =   4503  lit =  175778  p =     0  d =     0  f =     1  +  T =     0.03 sec
  [bmc-prof 1136] wall=  31.574 p=     1 | ifo=  0.696(sd=0.180 nx=0.000 tfo=0.032 cnt=0.483) snap= 0.286 srm=  8.521 sat=  7.230(set=0.197 slv=7.031 max=7.0306 n=1) cex=R/T/F=0/0/1 trsplit=0 sim=14.311(rmp=0.458 run=13.852 n=1 d=0) incr=loc/full/maxdirty/keys=0/0/0/0 chk= 0.000(d=1) stat= 0.206 rest= 0.325
  [bmc-incr i=1137 repr=1 active=626/175778 POs=1]
BMC : c =     624  cl =   4503  lit =  175777  p =     0  d =     0  f =     1  +  T =     0.03 sec
  [bmc-prof 1137] wall=  31.023 p=     1 | ifo=  0.712(sd=0.185 nx=0.000 tfo=0.038 cnt=0.489) snap= 0.301 srm=  8.131 sat=  6.825(set=0.225 slv=6.597 max=6.5972 n=1) cex=R/T/F=0/0/1 trsplit=0 sim=14.576(rmp=0.446 run=14.129 n=1 d=0) incr=loc/full/maxdirty/keys=0/0/0/0 chk= 0.000(d=1) stat= 0.157 rest= 0.321
  [bmc-incr i=1138 repr=1 active=625/175777 POs=1]
BMC : c =     623  cl =   4503  lit =  175776  p =     0  d =     0  f =     1  +  T =     0.03 sec
  [bmc-prof 1138] wall=  30.724 p=     1 | ifo=  0.711(sd=0.179 nx=0.000 tfo=0.046 cnt=0.486) snap= 0.285 srm=  8.303 sat=  6.660(set=0.188 slv=6.470 max=6.4700 n=1) cex=R/T/F=0/0/1 trsplit=0 sim=14.309(rmp=0.471 run=13.838 n=1 d=0) incr=loc/full/maxdirty/keys=0/0/0/0 chk= 0.000(d=1) stat= 0.159 rest= 0.297
  [bmc-incr i=1139 repr=1 active=624/175776 POs=1]
BMC : c =     622  cl =   4503  lit =  175775  p =     0  d =     0  f =     1  +  T =     0.03 sec
  [bmc-prof 1139] wall=  30.314 p=     1 | ifo=  0.693(sd=0.180 nx=0.000 tfo=0.031 cnt=0.482) snap= 0.283 srm=  7.768 sat=  6.642(set=0.189 slv=6.451 max=6.4506 n=1) cex=R/T/F=0/0/1 trsplit=0 sim=14.437(rmp=0.419 run=14.017 n=1 d=0) incr=loc/full/maxdirty/keys=0/0/0/0 chk= 0.012(d=1) stat= 0.163 rest= 0.315
  [bmc-incr i=1140 repr=1 active=623/175775 POs=1]
BMC : c =     621  cl =   4503  lit =  175774  p =     0  d =     0  f =     1  +  T =     0.03 sec
  [bmc-prof 1140] wall=  31.126 p=     1 | ifo=  0.720(sd=0.186 nx=0.000 tfo=0.030 cnt=0.504) snap= 0.292 srm=  8.787 sat=  6.665(set=0.202 slv=6.461 max=6.4607 n=1) cex=R/T/F=0/0/1 trsplit=0 sim=14.203(rmp=0.427 run=13.774 n=1 d=0) incr=loc/full/maxdirty/keys=0/0/0/0 chk= 0.000(d=1) stat= 0.160 rest= 0.299
  [bmc-incr i=1141 repr=1 active=622/175774 POs=1]
BMC : c =     620  cl =   4503  lit =  175773  p =     0  d =     0  f =     1  +  T =     0.03 sec
  [bmc-prof 1141] wall=  31.109 p=     1 | ifo=  0.700(sd=0.179 nx=0.000 tfo=0.029 cnt=0.492) snap= 0.286 srm=  8.075 sat=  7.049(set=0.268 slv=6.779 max=6.7793 n=1) cex=R/T/F=0/0/1 trsplit=0 sim=14.543(rmp=0.444 run=14.098 n=1 d=0) incr=loc/full/maxdirty/keys=0/0/0/0 chk= 0.000(d=1) stat= 0.159 rest= 0.297
  [bmc-incr i=1142 repr=1 active=621/175773 POs=1]
BMC : c =     619  cl =   4503  lit =  175772  p =     0  d =     0  f =     1  +  T =     0.03 sec
  [bmc-prof 1142] wall=  31.402 p=     1 | ifo=  0.702(sd=0.188 nx=0.000 tfo=0.034 cnt=0.480) snap= 0.288 srm=  7.833 sat=  6.615(set=0.199 slv=6.413 max=6.4134 n=1) cex=R/T/F=0/0/1 trsplit=0 sim=15.423(rmp=0.595 run=14.827 n=1 d=0) incr=loc/full/maxdirty/keys=0/0/0/0 chk= 0.000(d=1) stat= 0.166 rest= 0.375
  [bmc-incr i=1143 repr=1 active=620/175772 POs=1]
BMC : c =     618  cl =   4503  lit =  175771  p =     0  d =     0  f =     1  +  T =     0.03 sec
  [bmc-prof 1143] wall=  30.351 p=     1 | ifo=  0.758(sd=0.190 nx=0.000 tfo=0.039 cnt=0.530) snap= 0.303 srm=  8.301 sat=  6.600(set=0.188 slv=6.410 max=6.4104 n=1) cex=R/T/F=0/0/1 trsplit=0 sim=13.938(rmp=0.417 run=13.521 n=1 d=0) incr=loc/full/maxdirty/keys=0/0/0/0 chk= 0.000(d=1) stat= 0.158 rest= 0.293
  [bmc-incr i=1144 repr=1 active=619/175771 POs=1]
BMC : c =     617  cl =   4503  lit =  175770  p =     0  d =     0  f =     1  +  T =     0.03 sec
  [bmc-prof 1144] wall=  29.752 p=     1 | ifo=  0.688(sd=0.178 nx=0.000 tfo=0.029 cnt=0.481) snap= 0.280 srm=  7.770 sat=  6.595(set=0.184 slv=6.409 max=6.4090 n=1) cex=R/T/F=0/0/1 trsplit=0 sim=13.968(rmp=0.415 run=13.552 n=1 d=0) incr=loc/full/maxdirty/keys=0/0/0/0 chk= 0.000(d=1) stat= 0.155 rest= 0.296
  [bmc-incr i=1145 repr=1 active=618/175770 POs=1]
BMC : c =     616  cl =   4503  lit =  175769  p =     0  d =     0  f =     1  +  T =     0.03 sec
  [bmc-prof 1145] wall=  30.983 p=     1 | ifo=  0.700(sd=0.187 nx=0.000 tfo=0.032 cnt=0.481) snap= 0.301 srm=  8.434 sat=  6.647(set=0.190 slv=6.455 max=6.4546 n=1) cex=R/T/F=0/0/1 trsplit=0 sim=14.383(rmp=0.441 run=13.941 n=1 d=0) incr=loc/full/maxdirty/keys=0/0/0/0 chk= 0.000(d=1) stat= 0.159 rest= 0.358
  [bmc-incr i=1146 repr=1 active=617/175769 POs=1]
BMC : c =     615  cl =   4503  lit =  175768  p =     0  d =     0  f =     1  +  T =     0.03 sec
  [bmc-prof 1146] wall=  31.287 p=     1 | ifo=  0.698(sd=0.180 nx=0.000 tfo=0.029 cnt=0.489) snap= 0.290 srm=  8.108 sat=  6.615(set=0.186 slv=6.427 max=6.4273 n=1) cex=R/T/F=0/0/1 trsplit=0 sim=15.126(rmp=0.419 run=14.706 n=1 d=0) incr=loc/full/maxdirty/keys=0/0/0/0 chk= 0.000(d=1) stat= 0.158 rest= 0.293
  [bmc-incr i=1147 repr=1 active=616/175768 POs=1]
BMC : c =     614  cl =   4503  lit =  175767  p =     0  d =     0  f =     1  +  T =     0.03 sec
  [bmc-prof 1147] wall=  29.941 p=     1 | ifo=  0.689(sd=0.177 nx=0.000 tfo=0.031 cnt=0.480) snap= 0.281 srm=  8.018 sat=  6.601(set=0.183 slv=6.415 max=6.4154 n=1) cex=R/T/F=0/0/1 trsplit=0 sim=13.905(rmp=0.419 run=13.485 n=1 d=0) incr=loc/full/maxdirty/keys=0/0/0/0 chk= 0.000(d=1) stat= 0.155 rest= 0.292
  [bmc-incr i=1148 repr=1 active=615/175767 POs=1]
BMC : c =     613  cl =   4503  lit =  175766  p =     0  d =     0  f =     1  +  T =     0.03 sec
  [bmc-prof 1148] wall=  30.063 p=     1 | ifo=  0.702(sd=0.179 nx=0.000 tfo=0.027 cnt=0.496) snap= 0.292 srm=  7.745 sat=  6.656(set=0.186 slv=6.467 max=6.4674 n=1) cex=R/T/F=0/0/1 trsplit=0 sim=14.208(rmp=0.502 run=13.706 n=1 d=0) incr=loc/full/maxdirty/keys=0/0/0/0 chk= 0.000(d=1) stat= 0.156 rest= 0.303
  [bmc-incr i=1149 repr=1 active=614/175766 POs=1]
BMC : c =     612  cl =   4503  lit =  175765  p =     0  d =     0  f =     1  +  T =     0.03 sec
  [bmc-prof 1149] wall=  30.718 p=     1 | ifo=  0.685(sd=0.178 nx=0.000 tfo=0.027 cnt=0.479) snap= 0.282 srm=  7.735 sat=  6.964(set=0.182 slv=6.780 max=6.7800 n=1) cex=R/T/F=0/0/1 trsplit=0 sim=14.529(rmp=0.446 run=14.083 n=1 d=0) incr=loc/full/maxdirty/keys=0/0/0/0 chk= 0.000(d=1) stat= 0.194 rest= 0.329
  [bmc-incr i=1150 repr=1 active=613/175765 POs=1]
BMC : c =     611  cl =   4503  lit =  175764  p =     0  d =     0  f =     1  +  T =     0.03 sec
  [bmc-prof 1150] wall=  29.934 p=     1 | ifo=  0.706(sd=0.180 nx=0.000 tfo=0.030 cnt=0.497) snap= 0.280 srm=  7.811 sat=  6.634(set=0.188 slv=6.444 max=6.4444 n=1) cex=R/T/F=0/0/1 trsplit=0 sim=14.055(rmp=0.423 run=13.632 n=1 d=0) incr=loc/full/maxdirty/keys=0/0/0/0 chk= 0.000(d=1) stat= 0.155 rest= 0.293
  [bmc-incr i=1151 repr=1 active=612/175764 POs=1]
BMC : c =     610  cl =   4503  lit =  175763  p =     0  d =     0  f =     1  +  T =     0.03 sec
  [bmc-prof 1151] wall=  29.920 p=     1 | ifo=  0.702(sd=0.179 nx=0.000 tfo=0.032 cnt=0.491) snap= 0.280 srm=  7.817 sat=  6.646(set=0.188 slv=6.456 max=6.4560 n=1) cex=R/T/F=0/0/1 trsplit=0 sim=14.008(rmp=0.442 run=13.565 n=1 d=0) incr=loc/full/maxdirty/keys=0/0/0/0 chk= 0.000(d=1) stat= 0.162 rest= 0.306
  [bmc-incr i=1152 repr=1 active=611/175763 POs=1]
BMC : c =     609  cl =   4503  lit =  175762  p =     0  d =     0  f =     1  +  T =     0.03 sec
  [bmc-prof 1152] wall=  30.554 p=     1 | ifo=  0.690(sd=0.180 nx=0.000 tfo=0.031 cnt=0.479) snap= 0.292 srm=  7.786 sat=  6.763(set=0.185 slv=6.576 max=6.5759 n=1) cex=R/T/F=0/0/1 trsplit=0 sim=14.547(rmp=0.452 run=14.094 n=1 d=0) incr=loc/full/maxdirty/keys=0/0/0/0 chk= 0.000(d=1) stat= 0.164 rest= 0.312
  [bmc-incr i=1153 repr=1 active=610/175762 POs=1]
BMC : c =     608  cl =   4503  lit =  175761  p =     0  d =     0  f =     1  +  T =     0.03 sec
  [bmc-prof 1153] wall=  30.032 p=     1 | ifo=  0.698(sd=0.181 nx=0.000 tfo=0.029 cnt=0.488) snap= 0.287 srm=  7.834 sat=  6.651(set=0.189 slv=6.459 max=6.4595 n=1) cex=R/T/F=0/0/1 trsplit=0 sim=14.081(rmp=0.436 run=13.644 n=1 d=0) incr=loc/full/maxdirty/keys=0/0/0/0 chk= 0.000(d=1) stat= 0.167 rest= 0.314
  [bmc-incr i=1154 repr=1 active=609/175761 POs=1]
BMC : c =     607  cl =   4503  lit =  175760  p =     0  d =     0  f =     1  +  T =     0.03 sec
  [bmc-prof 1154] wall=  30.376 p=     1 | ifo=  0.713(sd=0.187 nx=0.000 tfo=0.031 cnt=0.496) snap= 0.285 srm=  8.146 sat=  6.663(set=0.202 slv=6.459 max=6.4591 n=1) cex=R/T/F=0/0/1 trsplit=0 sim=14.056(rmp=0.424 run=13.631 n=1 d=0) incr=loc/full/maxdirty/keys=0/0/0/0 chk= 0.000(d=1) stat= 0.167 rest= 0.345
  [bmc-incr i=1155 repr=1 active=608/175760 POs=1]
BMC : c =     606  cl =   4503  lit =  175759  p =     0  d =     0  f =     1  +  T =     0.03 sec
  [bmc-prof 1155] wall=  29.987 p=     1 | ifo=  0.714(sd=0.189 nx=0.000 tfo=0.034 cnt=0.491) snap= 0.280 srm=  7.829 sat=  6.619(set=0.186 slv=6.431 max=6.4312 n=1) cex=R/T/F=0/0/1 trsplit=0 sim=14.095(rmp=0.418 run=13.676 n=1 d=0) incr=loc/full/maxdirty/keys=0/0/0/0 chk= 0.000(d=1) stat= 0.155 rest= 0.294
  [bmc-incr i=1156 repr=1 active=607/175759 POs=1]
BMC : c =     605  cl =   4503  lit =  175758  p =     0  d =     0  f =     1  +  T =     0.04 sec
  [bmc-prof 1156] wall=  35.758 p=     1 | ifo=  0.715(sd=0.194 nx=0.000 tfo=0.033 cnt=0.487) snap= 0.282 srm=  7.968 sat= 11.098(set=0.183 slv=10.913 max=10.9131 n=1) cex=R/T/F=0/0/1 trsplit=0 sim=15.200(rmp=0.451 run=14.747 n=1 d=0) incr=loc/full/maxdirty/keys=0/0/0/0 chk= 0.000(d=1) stat= 0.165 rest= 0.330
  [bmc-incr i=1157 repr=1 active=606/175758 POs=1]
BMC : c =     604  cl =   4503  lit =  175757  p =     0  d =     0  f =     1  +  T =     0.03 sec
  [bmc-prof 1157] wall=  31.114 p=     1 | ifo=  0.706(sd=0.179 nx=0.000 tfo=0.033 cnt=0.494) snap= 0.287 srm=  7.940 sat=  6.747(set=0.204 slv=6.540 max=6.5397 n=1) cex=R/T/F=0/0/1 trsplit=0 sim=14.953(rmp=0.565 run=14.388 n=1 d=0) incr=loc/full/maxdirty/keys=0/0/0/0 chk= 0.000(d=1) stat= 0.165 rest= 0.316
  [bmc-incr i=1158 repr=1 active=605/175757 POs=1]
BMC : c =     603  cl =   4503  lit =  175756  p =     0  d =     0  f =     1  +  T =     0.03 sec
  [bmc-prof 1158] wall=  30.318 p=     1 | ifo=  0.698(sd=0.181 nx=0.000 tfo=0.031 cnt=0.487) snap= 0.319 srm=  7.754 sat=  6.878(set=0.189 slv=6.686 max=6.6862 n=1) cex=R/T/F=0/0/1 trsplit=0 sim=14.207(rmp=0.432 run=13.774 n=1 d=0) incr=loc/full/maxdirty/keys=0/0/0/0 chk= 0.000(d=1) stat= 0.156 rest= 0.306
  [bmc-incr i=1159 repr=1 active=604/175756 POs=1]
BMC : c =     602  cl =   4503  lit =  175755  p =     0  d =     0  f =     1  +  T =     0.03 sec
  [bmc-prof 1159] wall=  32.997 p=     1 | ifo=  0.699(sd=0.177 nx=0.000 tfo=0.029 cnt=0.492) snap= 0.289 srm=  7.874 sat=  6.718(set=0.199 slv=6.516 max=6.5164 n=1) cex=R/T/F=0/0/1 trsplit=0 sim=16.799(rmp=0.465 run=16.332 n=1 d=0) incr=loc/full/maxdirty/keys=0/0/0/0 chk= 0.000(d=1) stat= 0.218 rest= 0.401
  [bmc-incr i=1160 repr=1 active=603/175755 POs=1]
BMC : c =     601  cl =   4503  lit =  175754  p =     0  d =     0  f =     1  +  T =     0.03 sec
  [bmc-prof 1160] wall=  32.638 p=     1 | ifo=  0.797(sd=0.248 nx=0.000 tfo=0.033 cnt=0.515) snap= 0.293 srm=  8.610 sat=  6.741(set=0.235 slv=6.504 max=6.5036 n=1) cex=R/T/F=0/0/1 trsplit=0 sim=15.710(rmp=0.443 run=15.267 n=1 d=0) incr=loc/full/maxdirty/keys=0/0/0/0 chk= 0.000(d=1) stat= 0.195 rest= 0.293
  [bmc-incr i=1161 repr=1 active=602/175754 POs=1]
BMC : c =     600  cl =   4503  lit =  175753  p =     0  d =     0  f =     1  +  T =     0.03 sec
  [bmc-prof 1161] wall=  30.651 p=     1 | ifo=  0.940(sd=0.249 nx=0.000 tfo=0.035 cnt=0.656) snap= 0.293 srm=  8.182 sat=  6.643(set=0.191 slv=6.451 max=6.4505 n=1) cex=R/T/F=0/0/1 trsplit=0 sim=14.140(rmp=0.427 run=13.713 n=1 d=0) incr=loc/full/maxdirty/keys=0/0/0/0 chk= 0.000(d=1) stat= 0.154 rest= 0.299
  [bmc-incr i=1162 repr=1 active=601/175753 POs=1]
BMC : c =     599  cl =   4503  lit =  175752  p =     0  d =     0  f =     1  +  T =     0.03 sec
  [bmc-prof 1162] wall=  29.892 p=     1 | ifo=  0.685(sd=0.174 nx=0.000 tfo=0.032 cnt=0.480) snap= 0.291 srm=  7.685 sat=  6.639(set=0.186 slv=6.452 max=6.4516 n=1) cex=R/T/F=0/0/1 trsplit=0 sim=14.139(rmp=0.410 run=13.727 n=1 d=0) incr=loc/full/maxdirty/keys=0/0/0/0 chk= 0.000(d=1) stat= 0.158 rest= 0.294
  [bmc-incr i=1163 repr=1 active=600/175752 POs=1]
BMC : c =     598  cl =   4503  lit =  175751  p =     0  d =     0  f =     1  +  T =     0.03 sec
  [bmc-prof 1163] wall=  30.788 p=     1 | ifo=  0.690(sd=0.180 nx=0.000 tfo=0.030 cnt=0.479) snap= 0.285 srm=  8.564 sat=  6.665(set=0.210 slv=6.453 max=6.4534 n=1) cex=R/T/F=0/0/1 trsplit=0 sim=14.131(rmp=0.433 run=13.698 n=1 d=0) incr=loc/full/maxdirty/keys=0/0/0/0 chk= 0.000(d=1) stat= 0.161 rest= 0.292
  [bmc-incr i=1164 repr=1 active=599/175751 POs=1]
BMC : c =     597  cl =   4503  lit =  175750  p =     0  d =     0  f =     1  +  T =     0.03 sec
  [bmc-prof 1164] wall=  29.997 p=     1 | ifo=  0.765(sd=0.206 nx=0.000 tfo=0.050 cnt=0.509) snap= 0.281 srm=  7.729 sat=  6.702(set=0.182 slv=6.518 max=6.5175 n=1) cex=R/T/F=0/0/1 trsplit=0 sim=14.068(rmp=0.432 run=13.636 n=1 d=0) incr=loc/full/maxdirty/keys=0/0/0/0 chk= 0.000(d=1) stat= 0.155 rest= 0.297
  [bmc-incr i=1165 repr=1 active=598/175750 POs=1]
BMC : c =     596  cl =   4503  lit =  175749  p =     0  d =     0  f =     1  +  T =     0.03 sec
  [bmc-prof 1165] wall=  29.969 p=     1 | ifo=  0.693(sd=0.178 nx=0.000 tfo=0.026 cnt=0.489) snap= 0.282 srm=  7.893 sat=  6.658(set=0.185 slv=6.471 max=6.4706 n=1) cex=R/T/F=0/0/1 trsplit=0 sim=13.989(rmp=0.425 run=13.564 n=1 d=0) incr=loc/full/maxdirty/keys=0/0/0/0 chk= 0.000(d=1) stat= 0.164 rest= 0.290
  [bmc-incr i=1166 repr=1 active=597/175749 POs=1]
BMC : c =     595  cl =   4503  lit =  175748  p =     0  d =     0  f =     1  +  T =     0.03 sec
  [bmc-prof 1166] wall=  29.727 p=     1 | ifo=  0.681(sd=0.176 nx=0.000 tfo=0.028 cnt=0.478) snap= 0.282 srm=  7.704 sat=  6.661(set=0.186 slv=6.473 max=6.4733 n=1) cex=R/T/F=0/0/1 trsplit=0 sim=13.907(rmp=0.418 run=13.489 n=1 d=0) incr=loc/full/maxdirty/keys=0/0/0/0 chk= 0.000(d=1) stat= 0.173 rest= 0.318
  [bmc-incr i=1167 repr=1 active=596/175748 POs=1]
BMC : c =     594  cl =   4503  lit =  175747  p =     0  d =     0  f =     1  +  T =     0.03 sec
  [bmc-prof 1167] wall=  31.276 p=     1 | ifo=  0.802(sd=0.211 nx=0.000 tfo=0.032 cnt=0.558) snap= 0.290 srm=  8.271 sat=  7.196(set=0.213 slv=6.981 max=6.9811 n=1) cex=R/T/F=0/0/1 trsplit=0 sim=14.235(rmp=0.423 run=13.812 n=1 d=0) incr=loc/full/maxdirty/keys=0/0/0/0 chk= 0.000(d=1) stat= 0.158 rest= 0.322
  [bmc-incr i=1168 repr=1 active=595/175747 POs=1]
BMC : c =     593  cl =   4503  lit =  175746  p =     0  d =     0  f =     1  +  T =     0.03 sec
  [bmc-prof 1168] wall=  30.629 p=     1 | ifo=  0.739(sd=0.188 nx=0.000 tfo=0.047 cnt=0.504) snap= 0.307 srm=  7.974 sat=  6.744(set=0.194 slv=6.548 max=6.5482 n=1) cex=R/T/F=0/0/1 trsplit=0 sim=14.400(rmp=0.424 run=13.975 n=1 d=0) incr=loc/full/maxdirty/keys=0/0/0/0 chk= 0.000(d=1) stat= 0.162 rest= 0.303
  [bmc-incr i=1169 repr=1 active=594/175746 POs=1]
BMC : c =     592  cl =   4503  lit =  175745  p =     0  d =     0  f =     1  +  T =     0.03 sec
  [bmc-prof 1169] wall=  30.568 p=     1 | ifo=  0.712(sd=0.197 nx=0.000 tfo=0.029 cnt=0.487) snap= 0.300 srm=  8.128 sat=  6.714(set=0.211 slv=6.501 max=6.5007 n=1) cex=R/T/F=0/0/1 trsplit=0 sim=14.259(rmp=0.427 run=13.832 n=1 d=0) incr=loc/full/maxdirty/keys=0/0/0/0 chk= 0.000(d=1) stat= 0.163 rest= 0.292
  [bmc-incr i=1170 repr=1 active=593/175745 POs=1]
BMC : c =     591  cl =   4503  lit =  175744  p =     0  d =     0  f =     1  +  T =     0.03 sec
  [bmc-prof 1170] wall=  30.614 p=     1 | ifo=  0.685(sd=0.177 nx=0.000 tfo=0.029 cnt=0.478) snap= 0.282 srm=  7.819 sat=  6.833(set=0.216 slv=6.615 max=6.6148 n=1) cex=R/T/F=0/0/1 trsplit=0 sim=14.528(rmp=0.478 run=14.049 n=1 d=0) incr=loc/full/maxdirty/keys=0/0/0/0 chk= 0.000(d=1) stat= 0.155 rest= 0.312
  [bmc-incr i=1171 repr=1 active=592/175744 POs=1]
BMC : c =     590  cl =   4503  lit =  175743  p =     0  d =     0  f =     1  +  T =     0.03 sec
  [bmc-prof 1171] wall=  30.198 p=     1 | ifo=  0.697(sd=0.178 nx=0.000 tfo=0.030 cnt=0.488) snap= 0.295 srm=  7.908 sat=  6.775(set=0.193 slv=6.580 max=6.5797 n=1) cex=R/T/F=0/0/1 trsplit=0 sim=14.072(rmp=0.418 run=13.654 n=1 d=0) incr=loc/full/maxdirty/keys=0/0/0/0 chk= 0.000(d=1) stat= 0.161 rest= 0.289
  [bmc-incr i=1172 repr=1 active=591/175743 POs=1]
BMC : c =     589  cl =   4503  lit =  175742  p =     0  d =     0  f =     1  +  T =     0.03 sec
  [bmc-prof 1172] wall=  30.191 p=     1 | ifo=  0.686(sd=0.179 nx=0.000 tfo=0.028 cnt=0.479) snap= 0.279 srm=  7.791 sat=  6.738(set=0.186 slv=6.550 max=6.5503 n=1) cex=R/T/F=0/0/1 trsplit=0 sim=14.222(rmp=0.416 run=13.805 n=1 d=0) incr=loc/full/maxdirty/keys=0/0/0/0 chk= 0.001(d=1) stat= 0.171 rest= 0.303
  [bmc-incr i=1173 repr=1 active=590/175742 POs=1]
BMC : c =     588  cl =   4503  lit =  175741  p =     0  d =     0  f =     1  +  T =     0.03 sec
  [bmc-prof 1173] wall=  30.961 p=     1 | ifo=  0.782(sd=0.211 nx=0.000 tfo=0.050 cnt=0.520) snap= 0.286 srm=  8.032 sat=  6.809(set=0.201 slv=6.605 max=6.6048 n=1) cex=R/T/F=0/0/1 trsplit=0 sim=14.576(rmp=0.442 run=14.133 n=1 d=0) incr=loc/full/maxdirty/keys=0/0/0/0 chk= 0.000(d=1) stat= 0.162 rest= 0.314
  [bmc-incr i=1174 repr=1 active=589/175741 POs=1]
BMC : c =     587  cl =   4503  lit =  175740  p =     0  d =     0  f =     1  +  T =     0.03 sec
  [bmc-prof 1174] wall=  30.891 p=     1 | ifo=  0.713(sd=0.180 nx=0.000 tfo=0.030 cnt=0.503) snap= 0.298 srm=  8.321 sat=  6.883(set=0.217 slv=6.664 max=6.6639 n=1) cex=R/T/F=0/0/1 trsplit=0 sim=14.229(rmp=0.444 run=13.784 n=1 d=0) incr=loc/full/maxdirty/keys=0/0/0/0 chk= 0.000(d=1) stat= 0.157 rest= 0.290
  [bmc-incr i=1175 repr=1 active=588/175740 POs=1]
BMC : c =     586  cl =   4503  lit =  175739  p =     0  d =     0  f =     1  +  T =     0.03 sec
  [bmc-prof 1175] wall=  30.216 p=     1 | ifo=  0.707(sd=0.181 nx=0.000 tfo=0.038 cnt=0.489) snap= 0.282 srm=  7.849 sat=  6.783(set=0.204 slv=6.577 max=6.5769 n=1) cex=R/T/F=0/0/1 trsplit=0 sim=14.135(rmp=0.417 run=13.718 n=1 d=0) incr=loc/full/maxdirty/keys=0/0/0/0 chk= 0.000(d=1) stat= 0.167 rest= 0.293
  [bmc-incr i=1176 repr=1 active=587/175739 POs=1]
BMC : c =     585  cl =   4503  lit =  175738  p =     0  d =     0  f =     1  +  T =     0.03 sec
  [bmc-prof 1176] wall=  31.146 p=     1 | ifo=  0.724(sd=0.180 nx=0.000 tfo=0.032 cnt=0.512) snap= 0.290 srm=  8.153 sat=  6.843(set=0.210 slv=6.631 max=6.6310 n=1) cex=R/T/F=0/0/1 trsplit=0 sim=14.684(rmp=0.465 run=14.218 n=1 d=0) incr=loc/full/maxdirty/keys=0/0/0/0 chk= 0.000(d=1) stat= 0.158 rest= 0.295
  [bmc-incr i=1177 repr=1 active=586/175738 POs=1]
BMC : c =     584  cl =   4503  lit =  175737  p =     0  d =     0  f =     1  +  T =     0.03 sec
  [bmc-prof 1177] wall=  30.169 p=     1 | ifo=  0.701(sd=0.182 nx=0.000 tfo=0.029 cnt=0.491) snap= 0.303 srm=  7.920 sat=  6.782(set=0.194 slv=6.585 max=6.5855 n=1) cex=R/T/F=0/0/1 trsplit=0 sim=14.020(rmp=0.413 run=13.606 n=1 d=0) incr=loc/full/maxdirty/keys=0/0/0/0 chk= 0.000(d=1) stat= 0.153 rest= 0.289
  [bmc-incr i=1178 repr=1 active=585/175737 POs=1]
BMC : c =     583  cl =   4503  lit =  175736  p =     0  d =     0  f =     1  +  T =     0.03 sec
  [bmc-prof 1178] wall=  30.226 p=     1 | ifo=  0.697(sd=0.178 nx=0.000 tfo=0.030 cnt=0.489) snap= 0.279 srm=  7.857 sat=  6.753(set=0.186 slv=6.565 max=6.5651 n=1) cex=R/T/F=0/0/1 trsplit=0 sim=14.189(rmp=0.418 run=13.770 n=1 d=0) incr=loc/full/maxdirty/keys=0/0/0/0 chk= 0.000(d=1) stat= 0.155 rest= 0.297
  [bmc-incr i=1179 repr=1 active=584/175736 POs=1]
BMC : c =     582  cl =   4503  lit =  175735  p =     0  d =     0  f =     1  +  T =     0.03 sec
  [bmc-prof 1179] wall=  30.143 p=     1 | ifo=  0.701(sd=0.183 nx=0.000 tfo=0.037 cnt=0.481) snap= 0.280 srm=  7.827 sat=  6.757(set=0.192 slv=6.563 max=6.5633 n=1) cex=R/T/F=0/0/1 trsplit=0 sim=14.135(rmp=0.428 run=13.706 n=1 d=0) incr=loc/full/maxdirty/keys=0/0/0/0 chk= 0.000(d=1) stat= 0.154 rest= 0.289
  [bmc-incr i=1180 repr=1 active=583/175735 POs=1]
BMC : c =     581  cl =   4503  lit =  175734  p =     0  d =     0  f =     1  +  T =     0.03 sec
  [bmc-prof 1180] wall=  29.816 p=     1 | ifo=  0.695(sd=0.185 nx=0.000 tfo=0.028 cnt=0.482) snap= 0.290 srm=  7.759 sat=  6.806(set=0.188 slv=6.615 max=6.6154 n=1) cex=R/T/F=0/0/1 trsplit=0 sim=13.732(rmp=0.594 run=13.137 n=1 d=0) incr=loc/full/maxdirty/keys=0/0/0/0 chk= 0.000(d=1) stat= 0.173 rest= 0.362
  [bmc-incr i=1181 repr=1 active=582/175734 POs=1]
BMC : c =     580  cl =   4503  lit =  175733  p =     0  d =     0  f =     1  +  T =     0.03 sec
  [bmc-prof 1181] wall=  30.644 p=     1 | ifo=  0.776(sd=0.224 nx=0.000 tfo=0.032 cnt=0.520) snap= 0.365 srm=  8.145 sat=  7.070(set=0.251 slv=6.817 max=6.8169 n=1) cex=R/T/F=0/0/1 trsplit=0 sim=13.779(rmp=0.512 run=13.265 n=1 d=0) incr=loc/full/maxdirty/keys=0/0/0/0 chk= 0.000(d=1) stat= 0.177 rest= 0.332
  [bmc-incr i=1182 repr=1 active=581/175733 POs=1]
BMC : c =     579  cl =   4503  lit =  175732  p =     0  d =     0  f =     1  +  T =     0.03 sec
  [bmc-prof 1182] wall=  35.077 p=     1 | ifo=  1.344(sd=0.226 nx=0.000 tfo=0.035 cnt=1.082) snap= 0.307 srm= 10.781 sat=  7.189(set=0.188 slv=6.999 max=6.9995 n=1) cex=R/T/F=0/0/1 trsplit=0 sim=14.961(rmp=0.436 run=14.524 n=1 d=0) incr=loc/full/maxdirty/keys=0/0/0/0 chk= 0.000(d=1) stat= 0.179 rest= 0.317
  [bmc-incr i=1183 repr=1 active=580/175732 POs=1]
BMC : c =     578  cl =   4503  lit =  175731  p =     0  d =     0  f =     1  +  T =     0.03 sec
  [bmc-prof 1183] wall=  32.523 p=     1 | ifo=  1.558(sd=0.407 nx=0.000 tfo=0.047 cnt=1.104) snap= 0.348 srm=  9.433 sat=  6.753(set=0.229 slv=6.522 max=6.5223 n=1) cex=R/T/F=0/0/1 trsplit=0 sim=13.978(rmp=0.418 run=13.559 n=1 d=0) incr=loc/full/maxdirty/keys=0/0/0/0 chk= 0.000(d=1) stat= 0.155 rest= 0.299
  [bmc-incr i=1184 repr=1 active=579/175731 POs=1]
BMC : c =     577  cl =   4503  lit =  175730  p =     0  d =     0  f =     1  +  T =     0.03 sec
  [bmc-prof 1184] wall=  29.778 p=     1 | ifo=  0.694(sd=0.178 nx=0.000 tfo=0.030 cnt=0.486) snap= 0.280 srm=  7.775 sat=  6.715(set=0.185 slv=6.528 max=6.5282 n=1) cex=R/T/F=0/0/1 trsplit=0 sim=13.862(rmp=0.412 run=13.449 n=1 d=0) incr=loc/full/maxdirty/keys=0/0/0/0 chk= 0.000(d=1) stat= 0.156 rest= 0.295
  [bmc-incr i=1185 repr=1 active=578/175730 POs=1]
BMC : c =     576  cl =   4503  lit =  175729  p =     0  d =     0  f =     1  +  T =     0.03 sec
  [bmc-prof 1185] wall=  33.009 p=     1 | ifo=  0.682(sd=0.176 nx=0.000 tfo=0.026 cnt=0.480) snap= 0.283 srm=  7.804 sat=  7.404(set=0.192 slv=7.209 max=7.2085 n=1) cex=R/T/F=0/0/1 trsplit=0 sim=16.314(rmp=0.588 run=15.725 n=1 d=0) incr=loc/full/maxdirty/keys=0/0/0/0 chk= 0.000(d=1) stat= 0.160 rest= 0.361
  [bmc-incr i=1186 repr=1 active=577/175729 POs=1]
BMC : c =     575  cl =   4503  lit =  175728  p =     0  d =     0  f =     1  +  T =     0.03 sec
  [bmc-prof 1186] wall=  30.408 p=     1 | ifo=  0.761(sd=0.181 nx=0.000 tfo=0.038 cnt=0.541) snap= 0.287 srm=  7.951 sat=  6.727(set=0.203 slv=6.522 max=6.5221 n=1) cex=R/T/F=0/0/1 trsplit=0 sim=14.198(rmp=0.420 run=13.777 n=1 d=0) incr=loc/full/maxdirty/keys=0/0/0/0 chk= 0.000(d=1) stat= 0.164 rest= 0.320
  [bmc-incr i=1187 repr=1 active=576/175728 POs=1]
BMC : c =     574  cl =   4503  lit =  175727  p =     0  d =     0  f =     1  +  T =     0.03 sec
  [bmc-prof 1187] wall=  32.705 p=     1 | ifo=  0.704(sd=0.182 nx=0.000 tfo=0.028 cnt=0.493) snap= 0.289 srm=  7.957 sat=  7.422(set=0.402 slv=7.018 max=7.0180 n=1) cex=R/T/F=0/0/1 trsplit=0 sim=15.831(rmp=0.452 run=15.378 n=1 d=0) incr=loc/full/maxdirty/keys=0/0/0/0 chk= 0.000(d=1) stat= 0.178 rest= 0.323
  [bmc-incr i=1188 repr=1 active=575/175727 POs=1]
BMC : c =     573  cl =   4503  lit =  175726  p =     0  d =     0  f =     1  +  T =     0.03 sec
  [bmc-prof 1188] wall=  31.031 p=     1 | ifo=  0.744(sd=0.188 nx=0.000 tfo=0.031 cnt=0.525) snap= 0.283 srm=  7.994 sat=  6.765(set=0.204 slv=6.559 max=6.5591 n=1) cex=R/T/F=0/0/1 trsplit=0 sim=14.783(rmp=0.423 run=14.360 n=1 d=0) incr=loc/full/maxdirty/keys=0/0/0/0 chk= 0.000(d=1) stat= 0.159 rest= 0.302
  [bmc-incr i=1189 repr=1 active=574/175726 POs=1]
BMC : c =     572  cl =   4503  lit =  175725  p =     0  d =     0  f =     1  +  T =     0.04 sec
  [bmc-prof 1189] wall=  36.367 p=     1 | ifo=  1.496(sd=0.178 nx=0.000 tfo=0.027 cnt=1.292) snap= 0.288 srm= 12.265 sat=  7.885(set=0.202 slv=7.681 max=7.6809 n=1) cex=R/T/F=0/0/1 trsplit=0 sim=13.911(rmp=0.571 run=13.339 n=1 d=0) incr=loc/full/maxdirty/keys=0/0/0/0 chk= 0.000(d=1) stat= 0.176 rest= 0.346
  [bmc-incr i=1190 repr=1 active=573/175725 POs=1]
BMC : c =     571  cl =   4503  lit =  175724  p =     0  d =     0  f =     1  +  T =     0.03 sec
  [bmc-prof 1190] wall=  31.041 p=     1 | ifo=  0.786(sd=0.222 nx=0.000 tfo=0.034 cnt=0.530) snap= 0.314 srm=  8.445 sat=  6.757(set=0.211 slv=6.544 max=6.5442 n=1) cex=R/T/F=0/0/1 trsplit=0 sim=14.246(rmp=0.523 run=13.722 n=1 d=0) incr=loc/full/maxdirty/keys=0/0/0/0 chk= 0.000(d=1) stat= 0.173 rest= 0.321
  [bmc-incr i=1191 repr=1 active=572/175724 POs=1]
BMC : c =     570  cl =   4503  lit =  175723  p =     0  d =     0  f =     1  +  T =     0.03 sec
  [bmc-prof 1191] wall=  30.297 p=     1 | ifo=  0.786(sd=0.224 nx=0.000 tfo=0.034 cnt=0.529) snap= 0.293 srm=  7.923 sat=  6.736(set=0.199 slv=6.535 max=6.5354 n=1) cex=R/T/F=0/0/1 trsplit=0 sim=14.109(rmp=0.419 run=13.689 n=1 d=0) incr=loc/full/maxdirty/keys=0/0/0/0 chk= 0.000(d=1) stat= 0.157 rest= 0.293
  [bmc-incr i=1192 repr=1 active=571/175723 POs=1]
BMC : c =     569  cl =   4503  lit =  175722  p =     0  d =     0  f =     1  +  T =     0.03 sec
  [bmc-prof 1192] wall=  30.686 p=     1 | ifo=  0.711(sd=0.185 nx=0.000 tfo=0.036 cnt=0.491) snap= 0.289 srm=  7.954 sat=  6.750(set=0.196 slv=6.552 max=6.5519 n=1) cex=R/T/F=0/0/1 trsplit=0 sim=14.512(rmp=0.466 run=14.045 n=1 d=0) incr=loc/full/maxdirty/keys=0/0/0/0 chk= 0.000(d=1) stat= 0.164 rest= 0.306
  [bmc-incr i=1193 repr=1 active=570/175722 POs=1]
BMC : c =     568  cl =   4503  lit =  175721  p =     0  d =     0  f =     1  +  T =     0.03 sec
  [bmc-prof 1193] wall=  30.240 p=     1 | ifo=  0.696(sd=0.182 nx=0.000 tfo=0.030 cnt=0.483) snap= 0.296 srm=  7.984 sat=  6.762(set=0.201 slv=6.560 max=6.5595 n=1) cex=R/T/F=0/0/1 trsplit=0 sim=14.047(rmp=0.427 run=13.619 n=1 d=0) incr=loc/full/maxdirty/keys=0/0/0/0 chk= 0.000(d=1) stat= 0.156 rest= 0.300
  [bmc-incr i=1194 repr=1 active=569/175721 POs=1]
BMC : c =     567  cl =   4503  lit =  175720  p =     0  d =     0  f =     1  +  T =     0.03 sec
  [bmc-prof 1194] wall=  33.572 p=     1 | ifo=  0.701(sd=0.187 nx=0.000 tfo=0.031 cnt=0.484) snap= 0.284 srm=  8.197 sat=  6.779(set=0.196 slv=6.581 max=6.5811 n=1) cex=R/T/F=0/0/1 trsplit=0 sim=17.156(rmp=0.422 run=16.732 n=1 d=0) incr=loc/full/maxdirty/keys=0/0/0/0 chk= 0.000(d=1) stat= 0.159 rest= 0.295
  [bmc-incr i=1195 repr=1 active=568/175720 POs=1]
BMC : c =     566  cl =   4503  lit =  175719  p =     0  d =     0  f =     1  +  T =     0.03 sec
  [bmc-prof 1195] wall=  31.201 p=     1 | ifo=  1.382(sd=0.324 nx=0.000 tfo=0.036 cnt=1.022) snap= 0.292 srm=  8.135 sat=  6.813(set=0.190 slv=6.622 max=6.6217 n=1) cex=R/T/F=0/0/1 trsplit=0 sim=14.122(rmp=0.438 run=13.684 n=1 d=0) incr=loc/full/maxdirty/keys=0/0/0/0 chk= 0.000(d=1) stat= 0.158 rest= 0.297
  [bmc-incr i=1196 repr=1 active=567/175719 POs=1]
BMC : c =     565  cl =   4503  lit =  175718  p =     0  d =     0  f =     1  +  T =     0.03 sec
  [bmc-prof 1196] wall=  30.204 p=     1 | ifo=  0.714(sd=0.188 nx=0.000 tfo=0.030 cnt=0.497) snap= 0.289 srm=  7.712 sat=  6.807(set=0.184 slv=6.621 max=6.6210 n=1) cex=R/T/F=0/0/1 trsplit=0 sim=14.216(rmp=0.433 run=13.783 n=1 d=0) incr=loc/full/maxdirty/keys=0/0/0/0 chk= 0.000(d=1) stat= 0.170 rest= 0.294
  [bmc-incr i=1197 repr=1 active=566/175718 POs=1]
BMC : c =     564  cl =   4503  lit =  175717  p =     0  d =     0  f =     1  +  T =     0.03 sec
  [bmc-prof 1197] wall=  33.751 p=     1 | ifo=  0.792(sd=0.256 nx=0.000 tfo=0.042 cnt=0.493) snap= 0.289 srm= 10.759 sat=  7.219(set=0.195 slv=7.021 max=7.0210 n=1) cex=R/T/F=0/0/1 trsplit=0 sim=14.229(rmp=0.435 run=13.793 n=1 d=0) incr=loc/full/maxdirty/keys=0/0/0/0 chk= 0.000(d=1) stat= 0.159 rest= 0.303
  [bmc-incr i=1198 repr=1 active=565/175717 POs=1]
BMC : c =     563  cl =   4503  lit =  175716  p =     0  d =     0  f =     1  +  T =     0.03 sec
  [bmc-prof 1198] wall=  29.987 p=     1 | ifo=  0.687(sd=0.178 nx=0.000 tfo=0.028 cnt=0.481) snap= 0.280 srm=  7.704 sat=  6.785(set=0.185 slv=6.599 max=6.5990 n=1) cex=R/T/F=0/0/1 trsplit=0 sim=14.074(rmp=0.415 run=13.658 n=1 d=0) incr=loc/full/maxdirty/keys=0/0/0/0 chk= 0.000(d=1) stat= 0.158 rest= 0.298
  [bmc-incr i=1199 repr=1 active=564/175716 POs=1]
BMC : c =     562  cl =   4503  lit =  175715  p =     0  d =     0  f =     1  +  T =     0.03 sec
  [bmc-prof 1199] wall=  30.324 p=     1 | ifo=  0.699(sd=0.180 nx=0.000 tfo=0.030 cnt=0.490) snap= 0.281 srm=  7.689 sat=  6.782(set=0.186 slv=6.595 max=6.5950 n=1) cex=R/T/F=0/0/1 trsplit=0 sim=14.410(rmp=0.429 run=13.980 n=1 d=0) incr=loc/full/maxdirty/keys=0/0/0/0 chk= 0.000(d=1) stat= 0.168 rest= 0.295
  [bmc-incr i=1200 repr=1 active=563/175715 POs=1]
BMC : c =     561  cl =   4503  lit =  175714  p =     0  d =     0  f =     1  +  T =     0.03 sec
  [bmc-prof 1200] wall=  33.344 p=     1 | ifo=  1.424(sd=0.175 nx=0.000 tfo=0.030 cnt=1.219) snap= 0.290 srm=  9.283 sat=  7.301(set=0.184 slv=7.115 max=7.1149 n=1) cex=R/T/F=0/0/1 trsplit=0 sim=14.541(rmp=0.558 run=13.983 n=1 d=0) incr=loc/full/maxdirty/keys=0/0/0/0 chk= 0.000(d=1) stat= 0.165 rest= 0.340
  [bmc-incr i=1201 repr=1 active=562/175714 POs=1]
BMC : c =     560  cl =   4503  lit =  175713  p =     0  d =     0  f =     1  +  T =     0.03 sec
  [bmc-prof 1201] wall=  30.964 p=     1 | ifo=  0.732(sd=0.204 nx=0.000 tfo=0.041 cnt=0.487) snap= 0.282 srm=  7.841 sat=  6.840(set=0.185 slv=6.654 max=6.6537 n=1) cex=R/T/F=0/0/1 trsplit=0 sim=14.802(rmp=0.464 run=14.337 n=1 d=0) incr=loc/full/maxdirty/keys=0/0/0/0 chk= 0.000(d=1) stat= 0.159 rest= 0.308
  [bmc-incr i=1202 repr=1 active=561/175713 POs=1]
BMC : c =     559  cl =   4503  lit =  175712  p =     0  d =     0  f =     1  +  T =     0.03 sec
  [bmc-prof 1202] wall=  30.367 p=     1 | ifo=  0.701(sd=0.180 nx=0.000 tfo=0.030 cnt=0.491) snap= 0.290 srm=  7.800 sat=  6.755(set=0.185 slv=6.567 max=6.5675 n=1) cex=R/T/F=0/0/1 trsplit=0 sim=14.317(rmp=0.418 run=13.898 n=1 d=0) incr=loc/full/maxdirty/keys=0/0/0/0 chk= 0.000(d=1) stat= 0.194 rest= 0.310
  [bmc-incr i=1203 repr=1 active=560/175712 POs=1]
BMC : c =     558  cl =   4503  lit =  175711  p =     0  d =     0  f =     1  +  T =     0.03 sec
  [bmc-prof 1203] wall=  33.405 p=     1 | ifo=  0.713(sd=0.189 nx=0.000 tfo=0.028 cnt=0.496) snap= 0.296 srm=  8.159 sat=  6.959(set=0.207 slv=6.750 max=6.7495 n=1) cex=R/T/F=0/0/1 trsplit=0 sim=16.813(rmp=0.485 run=16.328 n=1 d=0) incr=loc/full/maxdirty/keys=0/0/0/0 chk= 0.000(d=1) stat= 0.164 rest= 0.300
  [bmc-incr i=1204 repr=1 active=559/175711 POs=1]
BMC : c =     557  cl =   4503  lit =  175710  p =     0  d =     0  f =     1  +  T =     0.03 sec
  [bmc-prof 1204] wall=  30.794 p=     1 | ifo=  0.691(sd=0.180 nx=0.000 tfo=0.029 cnt=0.482) snap= 0.306 srm=  7.876 sat=  6.942(set=0.194 slv=6.746 max=6.7461 n=1) cex=R/T/F=0/0/1 trsplit=0 sim=14.514(rmp=0.436 run=14.078 n=1 d=0) incr=loc/full/maxdirty/keys=0/0/0/0 chk= 0.000(d=1) stat= 0.174 rest= 0.291
  [bmc-incr i=1205 repr=1 active=558/175710 POs=1]
BMC : c =     556  cl =   4503  lit =  175709  p =     0  d =     0  f =     1  +  T =     0.03 sec
  [bmc-prof 1205] wall=  32.214 p=     1 | ifo=  0.704(sd=0.177 nx=0.000 tfo=0.029 cnt=0.498) snap= 0.303 srm=  8.008 sat=  8.106(set=0.202 slv=7.902 max=7.9016 n=1) cex=R/T/F=0/0/1 trsplit=0 sim=14.619(rmp=0.476 run=14.142 n=1 d=0) incr=loc/full/maxdirty/keys=0/0/0/0 chk= 0.000(d=1) stat= 0.161 rest= 0.312
  [bmc-incr i=1206 repr=1 active=557/175709 POs=1]
BMC : c =     555  cl =   4503  lit =  175708  p =     0  d =     0  f =     1  +  T =     0.03 sec
  [bmc-prof 1206] wall=  30.785 p=     1 | ifo=  0.705(sd=0.178 nx=0.000 tfo=0.028 cnt=0.499) snap= 0.282 srm=  7.857 sat=  7.007(set=0.198 slv=6.806 max=6.8064 n=1) cex=R/T/F=0/0/1 trsplit=0 sim=14.440(rmp=0.424 run=14.015 n=1 d=0) incr=loc/full/maxdirty/keys=0/0/0/0 chk= 0.000(d=1) stat= 0.167 rest= 0.328
  [bmc-incr i=1207 repr=1 active=556/175708 POs=1]
BMC : c =     554  cl =   4503  lit =  175707  p =     0  d =     0  f =     1  +  T =     0.03 sec
  [bmc-prof 1207] wall=  34.090 p=     1 | ifo=  1.154(sd=0.180 nx=0.000 tfo=0.424 cnt=0.551) snap= 0.283 srm=  9.661 sat=  6.913(set=0.198 slv=6.713 max=6.7134 n=1) cex=R/T/F=0/0/1 trsplit=0 sim=15.611(rmp=0.450 run=15.160 n=1 d=0) incr=loc/full/maxdirty/keys=0/0/0/0 chk= 0.000(d=1) stat= 0.174 rest= 0.293
  [bmc-incr i=1208 repr=1 active=555/175707 POs=1]
BMC : c =     553  cl =   4503  lit =  175706  p =     0  d =     0  f =     1  +  T =     0.03 sec
  [bmc-prof 1208] wall=  32.078 p=     1 | ifo=  0.754(sd=0.223 nx=0.000 tfo=0.050 cnt=0.480) snap= 0.291 srm=  7.949 sat=  7.013(set=0.206 slv=6.805 max=6.8047 n=1) cex=R/T/F=0/0/1 trsplit=0 sim=15.595(rmp=0.462 run=15.131 n=1 d=0) incr=loc/full/maxdirty/keys=0/0/0/0 chk= 0.000(d=1) stat= 0.163 rest= 0.314
  [bmc-incr i=1209 repr=1 active=554/175706 POs=1]
BMC : c =     552  cl =   4503  lit =  175705  p =     0  d =     0  f =     1  +  T =     0.03 sec
  [bmc-prof 1209] wall=  30.813 p=     1 | ifo=  0.712(sd=0.191 nx=0.000 tfo=0.028 cnt=0.493) snap= 0.285 srm=  8.170 sat=  6.926(set=0.219 slv=6.706 max=6.7060 n=1) cex=R/T/F=0/0/1 trsplit=0 sim=14.263(rmp=0.436 run=13.826 n=1 d=0) incr=loc/full/maxdirty/keys=0/0/0/0 chk= 0.000(d=1) stat= 0.157 rest= 0.298
  [bmc-incr i=1210 repr=1 active=553/175705 POs=1]
BMC : c =     551  cl =   4503  lit =  175704  p =     0  d =     0  f =     1  +  T =     0.03 sec
  [bmc-prof 1210] wall=  32.494 p=     1 | ifo=  0.704(sd=0.188 nx=0.000 tfo=0.029 cnt=0.488) snap= 0.295 srm=  8.312 sat=  6.898(set=0.199 slv=6.697 max=6.6974 n=1) cex=R/T/F=0/0/1 trsplit=0 sim=15.468(rmp=0.431 run=15.035 n=1 d=0) incr=loc/full/maxdirty/keys=0/0/0/0 chk= 0.000(d=1) stat= 0.214 rest= 0.604
  [bmc-incr i=1211 repr=1 active=552/175704 POs=1]
BMC : c =     550  cl =   4503  lit =  175703  p =     0  d =     0  f =     1  +  T =     0.03 sec
  [bmc-prof 1211] wall=  30.716 p=     1 | ifo=  0.723(sd=0.176 nx=0.000 tfo=0.040 cnt=0.507) snap= 0.322 srm=  8.297 sat=  6.939(set=0.223 slv=6.715 max=6.7147 n=1) cex=R/T/F=0/0/1 trsplit=0 sim=13.982(rmp=0.415 run=13.566 n=1 d=0) incr=loc/full/maxdirty/keys=0/0/0/0 chk= 0.000(d=1) stat= 0.157 rest= 0.296
  [bmc-incr i=1212 repr=1 active=551/175703 POs=1]
BMC : c =     549  cl =   4503  lit =  175702  p =     0  d =     0  f =     1  +  T =     0.03 sec
  [bmc-prof 1212] wall=  30.702 p=     1 | ifo=  0.685(sd=0.178 nx=0.000 tfo=0.027 cnt=0.480) snap= 0.281 srm=  7.770 sat=  7.413(set=0.188 slv=7.223 max=7.2230 n=1) cex=R/T/F=0/0/1 trsplit=0 sim=14.034(rmp=0.526 run=13.508 n=1 d=0) incr=loc/full/maxdirty/keys=0/0/0/0 chk= 0.000(d=1) stat= 0.180 rest= 0.340
  [bmc-incr i=1213 repr=1 active=550/175702 POs=1]
BMC : c =     548  cl =   4503  lit =  175701  p =     0  d =     0  f =     1  +  T =     0.03 sec
  [bmc-prof 1213] wall=  30.958 p=     1 | ifo=  0.778(sd=0.219 nx=0.000 tfo=0.030 cnt=0.529) snap= 0.321 srm=  8.074 sat=  6.830(set=0.212 slv=6.616 max=6.6161 n=1) cex=R/T/F=0/0/1 trsplit=0 sim=14.433(rmp=0.509 run=13.923 n=1 d=0) incr=loc/full/maxdirty/keys=0/0/0/0 chk= 0.000(d=1) stat= 0.156 rest= 0.366
  [bmc-incr i=1214 repr=1 active=549/175701 POs=1]
BMC : c =     547  cl =   4503  lit =  175700  p =     0  d =     0  f =     1  +  T =     0.03 sec
  [bmc-prof 1214] wall=  32.209 p=     1 | ifo=  0.682(sd=0.176 nx=0.000 tfo=0.025 cnt=0.481) snap= 0.282 srm=  7.959 sat=  6.847(set=0.190 slv=6.654 max=6.6540 n=1) cex=R/T/F=0/0/1 trsplit=0 sim=15.513(rmp=0.429 run=15.083 n=1 d=0) incr=loc/full/maxdirty/keys=0/0/0/0 chk= 0.000(d=1) stat= 0.606 rest= 0.320
  [bmc-incr i=1215 repr=1 active=548/175700 POs=1]
BMC : c =     546  cl =   4503  lit =  175699  p =     0  d =     0  f =     1  +  T =     0.03 sec
  [bmc-prof 1215] wall=  31.280 p=     1 | ifo=  1.514(sd=0.719 nx=0.000 tfo=0.059 cnt=0.737) snap= 0.296 srm=  8.221 sat=  6.847(set=0.208 slv=6.637 max=6.6367 n=1) cex=R/T/F=0/0/1 trsplit=0 sim=13.953(rmp=0.418 run=13.534 n=1 d=0) incr=loc/full/maxdirty/keys=0/0/0/0 chk= 0.000(d=1) stat= 0.157 rest= 0.292
  [bmc-incr i=1216 repr=1 active=547/175699 POs=1]
BMC : c =     545  cl =   4503  lit =  175698  p =     0  d =     0  f =     1  +  T =     0.03 sec
  [bmc-prof 1216] wall=  30.612 p=     1 | ifo=  0.762(sd=0.226 nx=0.000 tfo=0.045 cnt=0.490) snap= 0.282 srm=  7.893 sat=  6.833(set=0.187 slv=6.645 max=6.6451 n=1) cex=R/T/F=0/0/1 trsplit=0 sim=14.366(rmp=0.420 run=13.945 n=1 d=0) incr=loc/full/maxdirty/keys=0/0/0/0 chk= 0.000(d=1) stat= 0.179 rest= 0.297
  [bmc-incr i=1217 repr=1 active=546/175698 POs=1]
BMC : c =     544  cl =   4503  lit =  175697  p =     0  d =     0  f =     1  +  T =     0.04 sec
  [bmc-prof 1217] wall=  37.234 p=     1 | ifo=  0.772(sd=0.239 nx=0.000 tfo=0.041 cnt=0.492) snap= 0.281 srm=  7.784 sat=  9.656(set=0.193 slv=9.460 max=9.4604 n=1) cex=R/T/F=0/0/1 trsplit=0 sim=18.285(rmp=0.420 run=17.864 n=1 d=0) incr=loc/full/maxdirty/keys=0/0/0/0 chk= 0.000(d=1) stat= 0.160 rest= 0.296
  [bmc-incr i=1218 repr=1 active=545/175697 POs=1]
BMC : c =     543  cl =   4503  lit =  175696  p =     0  d =     0  f =     1  +  T =     0.03 sec
  [bmc-prof 1218] wall=  30.565 p=     1 | ifo=  0.685(sd=0.177 nx=0.000 tfo=0.027 cnt=0.480) snap= 0.282 srm=  7.966 sat=  6.848(set=0.190 slv=6.656 max=6.6560 n=1) cex=R/T/F=0/0/1 trsplit=0 sim=14.312(rmp=0.416 run=13.895 n=1 d=0) incr=loc/full/maxdirty/keys=0/0/0/0 chk= 0.000(d=1) stat= 0.162 rest= 0.310
  [bmc-incr i=1219 repr=1 active=544/175696 POs=1]
BMC : c =     542  cl =   4503  lit =  175695  p =     0  d =     0  f =     1  +  T =     0.03 sec
  [bmc-prof 1219] wall=  32.950 p=     1 | ifo=  0.748(sd=0.225 nx=0.000 tfo=0.030 cnt=0.493) snap= 0.286 srm= 10.259 sat=  6.823(set=0.217 slv=6.603 max=6.6034 n=1) cex=R/T/F=0/0/1 trsplit=0 sim=14.320(rmp=0.455 run=13.864 n=1 d=0) incr=loc/full/maxdirty/keys=0/0/0/0 chk= 0.000(d=1) stat= 0.167 rest= 0.346
  [bmc-incr i=1220 repr=1 active=543/175695 POs=1]
BMC : c =     541  cl =   4503  lit =  175694  p =     0  d =     0  f =     1  +  T =     0.03 sec
  [bmc-prof 1220] wall=  30.344 p=     1 | ifo=  0.691(sd=0.178 nx=0.000 tfo=0.028 cnt=0.485) snap= 0.284 srm=  7.767 sat=  7.089(set=0.189 slv=6.898 max=6.8985 n=1) cex=R/T/F=0/0/1 trsplit=0 sim=14.060(rmp=0.418 run=13.641 n=1 d=0) incr=loc/full/maxdirty/keys=0/0/0/0 chk= 0.000(d=1) stat= 0.160 rest= 0.293
  [bmc-incr i=1221 repr=1 active=542/175694 POs=1]
BMC : c =     540  cl =   4503  lit =  175693  p =     0  d =     0  f =     1  +  T =     0.04 sec
  [bmc-prof 1221] wall=  37.300 p=     1 | ifo=  0.684(sd=0.175 nx=0.000 tfo=0.025 cnt=0.483) snap= 0.283 srm=  7.895 sat=  8.839(set=0.190 slv=8.642 max=8.6420 n=1) cex=R/T/F=0/0/1 trsplit=0 sim=18.833(rmp=1.630 run=17.202 n=1 d=0) incr=loc/full/maxdirty/keys=0/0/0/0 chk= 0.000(d=1) stat= 0.191 rest= 0.575
  [bmc-incr i=1222 repr=1 active=541/175693 POs=1]
BMC : c =     539  cl =   4503  lit =  175692  p =     0  d =     0  f =     1  +  T =     0.03 sec
  [bmc-prof 1222] wall=  31.376 p=     1 | ifo=  0.700(sd=0.191 nx=0.000 tfo=0.027 cnt=0.481) snap= 0.297 srm=  8.211 sat=  7.048(set=0.209 slv=6.837 max=6.8366 n=1) cex=R/T/F=0/0/1 trsplit=0 sim=14.633(rmp=0.451 run=14.181 n=1 d=0) incr=loc/full/maxdirty/keys=0/0/0/0 chk= 0.000(d=1) stat= 0.171 rest= 0.315
  [bmc-incr i=1223 repr=1 active=540/175692 POs=1]
BMC : c =     538  cl =   4503  lit =  175691  p =     0  d =     0  f =     1  +  T =     0.03 sec
  [bmc-prof 1223] wall=  32.945 p=     1 | ifo=  0.709(sd=0.182 nx=0.000 tfo=0.028 cnt=0.499) snap= 0.298 srm=  8.477 sat=  6.832(set=0.200 slv=6.630 max=6.6302 n=1) cex=R/T/F=0/0/1 trsplit=0 sim=15.836(rmp=0.420 run=15.414 n=1 d=0) incr=loc/full/maxdirty/keys=0/0/0/0 chk= 0.000(d=1) stat= 0.302 rest= 0.490
  [bmc-incr i=1224 repr=1 active=539/175691 POs=1]
BMC : c =     537  cl =   4503  lit =  175690  p =     0  d =     0  f =     1  +  T =     0.03 sec
  [bmc-prof 1224] wall=  32.997 p=     1 | ifo=  1.271(sd=0.344 nx=0.000 tfo=0.036 cnt=0.892) snap= 0.297 srm=  9.379 sat=  7.023(set=0.217 slv=6.804 max=6.8036 n=1) cex=R/T/F=0/0/1 trsplit=0 sim=14.557(rmp=0.477 run=14.079 n=1 d=0) incr=loc/full/maxdirty/keys=0/0/0/0 chk= 0.000(d=1) stat= 0.166 rest= 0.303
  [bmc-incr i=1225 repr=1 active=538/175690 POs=1]
BMC : c =     536  cl =   4503  lit =  175689  p =     0  d =     0  f =     1  +  T =     0.03 sec
  [bmc-prof 1225] wall=  41.245 p=     1 | ifo=  0.687(sd=0.178 nx=0.000 tfo=0.030 cnt=0.479) snap= 0.284 srm=  7.835 sat=  6.867(set=0.192 slv=6.672 max=6.6724 n=1) cex=R/T/F=0/0/1 trsplit=0 sim=16.725(rmp=0.417 run=16.306 n=1 d=0) incr=loc/full/maxdirty/keys=0/0/0/0 chk= 0.000(d=1) stat= 8.502 rest= 0.345
  [bmc-incr i=1226 repr=1 active=537/175689 POs=1]
BMC : c =     535  cl =   4503  lit =  175688  p =     0  d =     0  f =     1  +  T =     0.03 sec
  [bmc-prof 1226] wall=  33.526 p=     1 | ifo=  0.756(sd=0.190 nx=0.000 tfo=0.047 cnt=0.520) snap= 0.314 srm=  8.602 sat=  7.443(set=0.214 slv=7.225 max=7.2248 n=1) cex=R/T/F=0/0/1 trsplit=0 sim=15.848(rmp=0.648 run=15.199 n=1 d=0) incr=loc/full/maxdirty/keys=0/0/0/0 chk= 0.001(d=1) stat= 0.179 rest= 0.384
  [bmc-incr i=1227 repr=1 active=536/175688 POs=1]
BMC : c =     534  cl =   4503  lit =  175687  p =     0  d =     0  f =     1  +  T =     0.03 sec
  [bmc-prof 1227] wall=  31.397 p=     1 | ifo=  1.060(sd=0.200 nx=0.000 tfo=0.033 cnt=0.826) snap= 0.287 srm=  8.309 sat=  6.866(set=0.210 slv=6.655 max=6.6546 n=1) cex=R/T/F=0/0/1 trsplit=0 sim=14.422(rmp=0.443 run=13.978 n=1 d=0) incr=loc/full/maxdirty/keys=0/0/0/0 chk= 0.000(d=1) stat= 0.157 rest= 0.297
  [bmc-incr i=1228 repr=1 active=535/175687 POs=1]
BMC : c =     533  cl =   4503  lit =  175686  p =     0  d =     0  f =     1  +  T =     0.03 sec
  [bmc-prof 1228] wall=  33.323 p=     1 | ifo=  0.697(sd=0.181 nx=0.000 tfo=0.028 cnt=0.488) snap= 0.283 srm=  7.897 sat=  7.477(set=0.188 slv=7.287 max=7.2872 n=1) cex=R/T/F=0/0/1 trsplit=0 sim=16.511(rmp=0.428 run=16.082 n=1 d=0) incr=loc/full/maxdirty/keys=0/0/0/0 chk= 0.000(d=1) stat= 0.155 rest= 0.304
  [bmc-incr i=1229 repr=1 active=534/175686 POs=1]
BMC : c =     532  cl =   4503  lit =  175685  p =     0  d =     0  f =     1  +  T =     0.03 sec
  [bmc-prof 1229] wall=  30.166 p=     1 | ifo=  0.693(sd=0.179 nx=0.000 tfo=0.026 cnt=0.488) snap= 0.282 srm=  7.771 sat=  6.858(set=0.187 slv=6.670 max=6.6700 n=1) cex=R/T/F=0/0/1 trsplit=0 sim=14.107(rmp=0.417 run=13.689 n=1 d=0) incr=loc/full/maxdirty/keys=0/0/0/0 chk= 0.000(d=1) stat= 0.157 rest= 0.298
  [bmc-incr i=1230 repr=1 active=533/175685 POs=1]
BMC : c =     531  cl =   4503  lit =  175684  p =     0  d =     0  f =     1  +  T =     0.03 sec
  [bmc-prof 1230] wall=  30.628 p=     1 | ifo=  0.716(sd=0.186 nx=0.000 tfo=0.025 cnt=0.505) snap= 0.280 srm=  7.744 sat=  6.830(set=0.196 slv=6.632 max=6.6315 n=1) cex=R/T/F=0/0/1 trsplit=0 sim=14.601(rmp=0.450 run=14.150 n=1 d=0) incr=loc/full/maxdirty/keys=0/0/0/0 chk= 0.000(d=1) stat= 0.156 rest= 0.302
  [bmc-incr i=1231 repr=1 active=532/175684 POs=1]
BMC : c =     530  cl =   4503  lit =  175683  p =     0  d =     0  f =     1  +  T =     0.03 sec
  [bmc-prof 1231] wall=  30.922 p=     1 | ifo=  0.694(sd=0.184 nx=0.000 tfo=0.031 cnt=0.479) snap= 0.329 srm=  8.196 sat=  6.954(set=0.199 slv=6.753 max=6.7529 n=1) cex=R/T/F=0/0/1 trsplit=0 sim=14.300(rmp=0.434 run=13.866 n=1 d=0) incr=loc/full/maxdirty/keys=0/0/0/0 chk= 0.000(d=1) stat= 0.157 rest= 0.293
  [bmc-incr i=1232 repr=1 active=531/175683 POs=1]
BMC : c =     529  cl =   4503  lit =  175682  p =     0  d =     0  f =     1  +  T =     0.03 sec
  [bmc-prof 1232] wall=  33.229 p=     1 | ifo=  0.696(sd=0.176 nx=0.000 tfo=0.025 cnt=0.496) snap= 0.621 srm=  8.599 sat=  8.683(set=0.403 slv=8.277 max=8.2771 n=1) cex=R/T/F=0/0/1 trsplit=0 sim=14.177(rmp=0.429 run=13.747 n=1 d=0) incr=loc/full/maxdirty/keys=0/0/0/0 chk= 0.000(d=1) stat= 0.158 rest= 0.296
  [bmc-incr i=1233 repr=1 active=530/175682 POs=1]
BMC : c =     528  cl =   4503  lit =  175681  p =     0  d =     0  f =     1  +  T =     0.03 sec
  [bmc-prof 1233] wall=  33.857 p=     1 | ifo=  0.697(sd=0.177 nx=0.000 tfo=0.027 cnt=0.493) snap= 0.304 srm=  9.315 sat=  7.282(set=0.220 slv=7.058 max=7.0583 n=1) cex=R/T/F=0/0/1 trsplit=0 sim=15.695(rmp=0.614 run=15.080 n=1 d=0) incr=loc/full/maxdirty/keys=0/0/0/0 chk= 0.000(d=1) stat= 0.171 rest= 0.393
  [bmc-incr i=1234 repr=1 active=529/175681 POs=1]
BMC : c =     527  cl =   4503  lit =  175680  p =     0  d =     0  f =     1  +  T =     0.03 sec
  [bmc-prof 1234] wall=  31.339 p=     1 | ifo=  0.709(sd=0.185 nx=0.000 tfo=0.028 cnt=0.496) snap= 0.295 srm=  8.098 sat=  7.087(set=0.196 slv=6.889 max=6.8893 n=1) cex=R/T/F=0/0/1 trsplit=0 sim=14.615(rmp=0.460 run=14.154 n=1 d=0) incr=loc/full/maxdirty/keys=0/0/0/0 chk= 0.001(d=1) stat= 0.217 rest= 0.317
  [bmc-incr i=1235 repr=1 active=528/175680 POs=1]
BMC : c =     526  cl =   4503  lit =  175679  p =     0  d =     0  f =     1  +  T =     0.03 sec
  [bmc-prof 1235] wall=  30.381 p=     1 | ifo=  0.729(sd=0.182 nx=0.000 tfo=0.028 cnt=0.519) snap= 0.290 srm=  7.835 sat=  6.924(set=0.187 slv=6.735 max=6.7355 n=1) cex=R/T/F=0/0/1 trsplit=0 sim=14.129(rmp=0.411 run=13.717 n=1 d=0) incr=loc/full/maxdirty/keys=0/0/0/0 chk= 0.000(d=1) stat= 0.179 rest= 0.295
  [bmc-incr i=1236 repr=1 active=527/175679 POs=1]
BMC : c =     525  cl =   4503  lit =  175678  p =     0  d =     0  f =     1  +  T =     0.03 sec
  [bmc-prof 1236] wall=  34.168 p=     1 | ifo=  0.709(sd=0.191 nx=0.000 tfo=0.027 cnt=0.491) snap= 0.292 srm=  7.956 sat=  7.080(set=0.185 slv=6.892 max=6.8922 n=1) cex=R/T/F=0/0/1 trsplit=0 sim=17.606(rmp=0.521 run=17.084 n=1 d=0) incr=loc/full/maxdirty/keys=0/0/0/0 chk= 0.000(d=1) stat= 0.198 rest= 0.328
  [bmc-incr i=1237 repr=1 active=526/175678 POs=1]
BMC : c =     524  cl =   4503  lit =  175677  p =     0  d =     0  f =     1  +  T =     0.03 sec
  [bmc-prof 1237] wall=  32.226 p=     1 | ifo=  0.783(sd=0.229 nx=0.000 tfo=0.030 cnt=0.523) snap= 0.331 srm=  9.255 sat=  6.917(set=0.226 slv=6.690 max=6.6901 n=1) cex=R/T/F=0/0/1 trsplit=0 sim=14.482(rmp=0.423 run=14.058 n=1 d=0) incr=loc/full/maxdirty/keys=0/0/0/0 chk= 0.000(d=1) stat= 0.166 rest= 0.292
  [bmc-incr i=1238 repr=1 active=525/175677 POs=1]
BMC : c =     523  cl =   4503  lit =  175676  p =     0  d =     0  f =     1  +  T =     0.03 sec
  [bmc-prof 1238] wall=  33.287 p=     1 | ifo=  0.690(sd=0.176 nx=0.000 tfo=0.027 cnt=0.487) snap= 0.281 srm=  7.841 sat=  9.474(set=0.191 slv=9.281 max=9.2805 n=1) cex=R/T/F=0/0/1 trsplit=0 sim=14.533(rmp=0.448 run=14.083 n=1 d=0) incr=loc/full/maxdirty/keys=0/0/0/0 chk= 0.000(d=1) stat= 0.159 rest= 0.307
  [bmc-incr i=1239 repr=1 active=524/175676 POs=1]
BMC : c =     522  cl =   4503  lit =  175675  p =     0  d =     0  f =     1  +  T =     0.03 sec
  [bmc-prof 1239] wall=  31.525 p=     1 | ifo=  0.695(sd=0.179 nx=0.000 tfo=0.027 cnt=0.488) snap= 0.290 srm=  7.828 sat=  7.199(set=0.191 slv=7.006 max=7.0061 n=1) cex=R/T/F=0/0/1 trsplit=0 sim=15.037(rmp=0.525 run=14.511 n=1 d=0) incr=loc/full/maxdirty/keys=0/0/0/0 chk= 0.000(d=1) stat= 0.163 rest= 0.313
  [bmc-incr i=1240 repr=1 active=523/175675 POs=1]
BMC : c =     521  cl =   4503  lit =  175674  p =     0  d =     0  f =     1  +  T =     0.03 sec
  [bmc-prof 1240] wall=  35.051 p=     1 | ifo=  0.697(sd=0.180 nx=0.000 tfo=0.026 cnt=0.491) snap= 0.293 srm=  7.954 sat=  6.901(set=0.202 slv=6.696 max=6.6964 n=1) cex=R/T/F=0/0/1 trsplit=0 sim=18.756(rmp=0.456 run=18.299 n=1 d=0) incr=loc/full/maxdirty/keys=0/0/0/0 chk= 0.000(d=1) stat= 0.159 rest= 0.293
  [bmc-incr i=1241 repr=1 active=522/175674 POs=1]
BMC : c =     520  cl =   4503  lit =  175673  p =     0  d =     0  f =     1  +  T =     0.03 sec
  [bmc-prof 1241] wall=  31.231 p=     1 | ifo=  0.701(sd=0.182 nx=0.000 tfo=0.027 cnt=0.492) snap= 0.302 srm=  8.184 sat=  6.988(set=0.191 slv=6.795 max=6.7955 n=1) cex=R/T/F=0/0/1 trsplit=0 sim=14.601(rmp=0.467 run=14.133 n=1 d=0) incr=loc/full/maxdirty/keys=0/0/0/0 chk= 0.000(d=1) stat= 0.158 rest= 0.297
  [bmc-incr i=1242 repr=1 active=521/175673 POs=1]
BMC : c =     519  cl =   4503  lit =  175672  p =     0  d =     0  f =     1  +  T =     0.03 sec
  [bmc-prof 1242] wall=  31.729 p=     1 | ifo=  0.692(sd=0.184 nx=0.000 tfo=0.026 cnt=0.482) snap= 0.281 srm=  8.042 sat=  6.966(set=0.189 slv=6.775 max=6.7752 n=1) cex=R/T/F=0/0/1 trsplit=0 sim=15.259(rmp=0.432 run=14.826 n=1 d=0) incr=loc/full/maxdirty/keys=0/0/0/0 chk= 0.000(d=1) stat= 0.190 rest= 0.299
  [bmc-incr i=1243 repr=1 active=520/175672 POs=1]
BMC : c =     518  cl =   4503  lit =  175671  p =     0  d =     0  f =     1  +  T =     0.03 sec
  [bmc-prof 1243] wall=  31.978 p=     1 | ifo=  0.688(sd=0.180 nx=0.000 tfo=0.027 cnt=0.481) snap= 0.341 srm=  8.560 sat=  7.026(set=0.222 slv=6.801 max=6.8011 n=1) cex=R/T/F=0/0/1 trsplit=0 sim=14.786(rmp=0.746 run=14.040 n=1 d=0) incr=loc/full/maxdirty/keys=0/0/0/0 chk= 0.000(d=1) stat= 0.156 rest= 0.421
  [bmc-incr i=1244 repr=1 active=519/175671 POs=1]
BMC : c =     517  cl =   4503  lit =  175670  p =     0  d =     0  f =     1  +  T =     0.03 sec
  [bmc-prof 1244] wall=  30.496 p=     1 | ifo=  0.698(sd=0.178 nx=0.000 tfo=0.029 cnt=0.491) snap= 0.282 srm=  7.850 sat=  6.915(set=0.190 slv=6.722 max=6.7224 n=1) cex=R/T/F=0/0/1 trsplit=0 sim=14.294(rmp=0.484 run=13.809 n=1 d=0) incr=loc/full/maxdirty/keys=0/0/0/0 chk= 0.000(d=1) stat= 0.154 rest= 0.303
  [bmc-incr i=1245 repr=1 active=518/175670 POs=1]
BMC : c =     516  cl =   4503  lit =  175669  p =     0  d =     0  f =     1  +  T =     0.03 sec
  [bmc-prof 1245] wall=  30.637 p=     1 | ifo=  0.691(sd=0.175 nx=0.000 tfo=0.029 cnt=0.487) snap= 0.282 srm=  7.978 sat=  6.857(set=0.182 slv=6.673 max=6.6731 n=1) cex=R/T/F=0/0/1 trsplit=0 sim=14.364(rmp=0.420 run=13.944 n=1 d=0) incr=loc/full/maxdirty/keys=0/0/0/0 chk= 0.000(d=1) stat= 0.160 rest= 0.305
  [bmc-incr i=1246 repr=1 active=517/175669 POs=1]
BMC : c =     515  cl =   4503  lit =  175668  p =     0  d =     0  f =     1  +  T =     0.03 sec
  [bmc-prof 1246] wall=  30.086 p=     1 | ifo=  0.734(sd=0.204 nx=0.000 tfo=0.042 cnt=0.488) snap= 0.286 srm=  7.749 sat=  6.867(set=0.187 slv=6.678 max=6.6782 n=1) cex=R/T/F=0/0/1 trsplit=0 sim=13.993(rmp=0.417 run=13.575 n=1 d=0) incr=loc/full/maxdirty/keys=0/0/0/0 chk= 0.000(d=1) stat= 0.155 rest= 0.301
  [bmc-incr i=1247 repr=1 active=516/175668 POs=1]
BMC : c =     514  cl =   4503  lit =  175667  p =     0  d =     0  f =     1  +  T =     0.03 sec
  [bmc-prof 1247] wall=  30.572 p=     1 | ifo=  0.686(sd=0.176 nx=0.000 tfo=0.023 cnt=0.487) snap= 0.292 srm=  7.668 sat=  7.356(set=0.191 slv=7.162 max=7.1623 n=1) cex=R/T/F=0/0/1 trsplit=0 sim=14.109(rmp=0.452 run=13.656 n=1 d=0) incr=loc/full/maxdirty/keys=0/0/0/0 chk= 0.000(d=1) stat= 0.161 rest= 0.299
  [bmc-incr i=1248 repr=1 active=515/175667 POs=1]
BMC : c =     513  cl =   4503  lit =  175666  p =     0  d =     0  f =     1  +  T =     0.03 sec
  [bmc-prof 1248] wall=  31.004 p=     1 | ifo=  0.686(sd=0.180 nx=0.000 tfo=0.025 cnt=0.481) snap= 0.297 srm=  8.186 sat=  6.880(set=0.206 slv=6.671 max=6.6710 n=1) cex=R/T/F=0/0/1 trsplit=0 sim=14.485(rmp=0.513 run=13.970 n=1 d=0) incr=loc/full/maxdirty/keys=0/0/0/0 chk= 0.000(d=1) stat= 0.162 rest= 0.307
  [bmc-incr i=1249 repr=1 active=514/175666 POs=1]
BMC : c =     512  cl =   4503  lit =  175665  p =     0  d =     0  f =     1  +  T =     0.03 sec
  [bmc-prof 1249] wall=  30.956 p=     1 | ifo=  0.748(sd=0.210 nx=0.000 tfo=0.041 cnt=0.497) snap= 0.300 srm=  8.049 sat=  7.180(set=0.204 slv=6.973 max=6.9734 n=1) cex=R/T/F=0/0/1 trsplit=0 sim=14.213(rmp=0.442 run=13.771 n=1 d=0) incr=loc/full/maxdirty/keys=0/0/0/0 chk= 0.000(d=1) stat= 0.158 rest= 0.307
  [bmc-incr i=1250 repr=1 active=513/175665 POs=1]
BMC : c =     511  cl =   4503  lit =  175664  p =     0  d =     0  f =     1  +  T =     0.03 sec
  [bmc-prof 1250] wall=  30.609 p=     1 | ifo=  0.695(sd=0.186 nx=0.000 tfo=0.028 cnt=0.482) snap= 0.281 srm=  8.145 sat=  6.867(set=0.187 slv=6.678 max=6.6782 n=1) cex=R/T/F=0/0/1 trsplit=0 sim=14.155(rmp=0.461 run=13.693 n=1 d=0) incr=loc/full/maxdirty/keys=0/0/0/0 chk= 0.000(d=1) stat= 0.159 rest= 0.306
  [bmc-incr i=1251 repr=1 active=512/175664 POs=1]
BMC : c =     510  cl =   4503  lit =  175663  p =     0  d =     0  f =     1  +  T =     0.03 sec
  [bmc-prof 1251] wall=  31.463 p=     1 | ifo=  0.685(sd=0.180 nx=0.000 tfo=0.024 cnt=0.481) snap= 0.285 srm=  8.825 sat=  6.880(set=0.192 slv=6.686 max=6.6857 n=1) cex=R/T/F=0/0/1 trsplit=0 sim=14.335(rmp=0.429 run=13.905 n=1 d=0) incr=loc/full/maxdirty/keys=0/0/0/0 chk= 0.000(d=1) stat= 0.161 rest= 0.293
  [bmc-incr i=1252 repr=1 active=511/175663 POs=1]
BMC : c =     509  cl =   4503  lit =  175662  p =     0  d =     0  f =     1  +  T =     0.03 sec
  [bmc-prof 1252] wall=  31.266 p=     1 | ifo=  0.691(sd=0.181 nx=0.000 tfo=0.027 cnt=0.483) snap= 0.455 srm=  8.420 sat=  6.926(set=0.205 slv=6.718 max=6.7180 n=1) cex=R/T/F=0/0/1 trsplit=0 sim=14.299(rmp=0.438 run=13.860 n=1 d=0) incr=loc/full/maxdirty/keys=0/0/0/0 chk= 0.000(d=1) stat= 0.171 rest= 0.305
  [bmc-incr i=1253 repr=1 active=510/175662 POs=1]
BMC : c =     508  cl =   4503  lit =  175661  p =     0  d =     0  f =     1  +  T =     0.03 sec
  [bmc-prof 1253] wall=  30.584 p=     1 | ifo=  0.701(sd=0.190 nx=0.000 tfo=0.030 cnt=0.481) snap= 0.283 srm=  7.915 sat=  6.970(set=0.193 slv=6.775 max=6.7754 n=1) cex=R/T/F=0/0/1 trsplit=0 sim=14.267(rmp=0.419 run=13.848 n=1 d=0) incr=loc/full/maxdirty/keys=0/0/0/0 chk= 0.000(d=1) stat= 0.155 rest= 0.292
  [bmc-incr i=1254 repr=1 active=509/175661 POs=1]
BMC : c =     507  cl =   4503  lit =  175660  p =     0  d =     0  f =     1  +  T =     0.03 sec
  [bmc-prof 1254] wall=  31.022 p=     1 | ifo=  0.687(sd=0.178 nx=0.000 tfo=0.023 cnt=0.486) snap= 0.302 srm=  8.130 sat=  6.954(set=0.222 slv=6.730 max=6.7296 n=1) cex=R/T/F=0/0/1 trsplit=0 sim=14.487(rmp=0.463 run=14.023 n=1 d=0) incr=loc/full/maxdirty/keys=0/0/0/0 chk= 0.000(d=1) stat= 0.159 rest= 0.303
  [bmc-incr i=1255 repr=1 active=508/175660 POs=1]
BMC : c =     506  cl =   4503  lit =  175659  p =     0  d =     0  f =     1  +  T =     0.03 sec
  [bmc-prof 1255] wall=  30.300 p=     1 | ifo=  0.683(sd=0.176 nx=0.000 tfo=0.026 cnt=0.481) snap= 0.290 srm=  7.800 sat=  6.954(set=0.189 slv=6.764 max=6.7638 n=1) cex=R/T/F=0/0/1 trsplit=0 sim=14.123(rmp=0.426 run=13.696 n=1 d=0) incr=loc/full/maxdirty/keys=0/0/0/0 chk= 0.000(d=1) stat= 0.157 rest= 0.292
  [bmc-incr i=1256 repr=1 active=507/175659 POs=1]
BMC : c =     505  cl =   4503  lit =  175658  p =     0  d =     0  f =     1  +  T =     0.03 sec
  [bmc-prof 1256] wall=  33.016 p=     1 | ifo=  0.686(sd=0.178 nx=0.000 tfo=0.027 cnt=0.481) snap= 0.283 srm=  7.890 sat=  7.102(set=0.196 slv=6.904 max=6.9045 n=1) cex=R/T/F=0/0/1 trsplit=0 sim=16.580(rmp=0.429 run=16.149 n=1 d=0) incr=loc/full/maxdirty/keys=0/0/0/0 chk= 0.000(d=1) stat= 0.167 rest= 0.307
  [bmc-incr i=1257 repr=1 active=506/175658 POs=1]
BMC : c =     504  cl =   4503  lit =  175657  p =     0  d =     0  f =     1  +  T =     0.03 sec
  [bmc-prof 1257] wall=  30.769 p=     1 | ifo=  0.694(sd=0.186 nx=0.000 tfo=0.027 cnt=0.482) snap= 0.305 srm=  8.010 sat=  6.957(set=0.211 slv=6.744 max=6.7437 n=1) cex=R/T/F=0/0/1 trsplit=0 sim=14.310(rmp=0.430 run=13.879 n=1 d=0) incr=loc/full/maxdirty/keys=0/0/0/0 chk= 0.000(d=1) stat= 0.156 rest= 0.336
  [bmc-incr i=1258 repr=1 active=505/175657 POs=1]
BMC : c =     503  cl =   4503  lit =  175656  p =     0  d =     0  f =     1  +  T =     0.03 sec
  [bmc-prof 1258] wall=  30.508 p=     1 | ifo=  0.696(sd=0.181 nx=0.000 tfo=0.027 cnt=0.488) snap= 0.281 srm=  7.755 sat=  7.031(set=0.198 slv=6.831 max=6.8313 n=1) cex=R/T/F=0/0/1 trsplit=0 sim=14.277(rmp=0.425 run=13.851 n=1 d=0) incr=loc/full/maxdirty/keys=0/0/0/0 chk= 0.000(d=1) stat= 0.157 rest= 0.310
  [bmc-incr i=1259 repr=1 active=504/175656 POs=1]
BMC : c =     502  cl =   4503  lit =  175655  p =     0  d =     0  f =     1  +  T =     0.03 sec
  [bmc-prof 1259] wall=  30.356 p=     1 | ifo=  0.703(sd=0.176 nx=0.000 tfo=0.024 cnt=0.502) snap= 0.284 srm=  7.754 sat=  6.933(set=0.186 slv=6.745 max=6.7450 n=1) cex=R/T/F=0/0/1 trsplit=0 sim=14.228(rmp=0.422 run=13.805 n=1 d=0) incr=loc/full/maxdirty/keys=0/0/0/0 chk= 0.000(d=1) stat= 0.156 rest= 0.297
  [bmc-incr i=1260 repr=1 active=503/175655 POs=1]
BMC : c =     501  cl =   4503  lit =  175654  p =     0  d =     0  f =     1  +  T =     0.03 sec
  [bmc-prof 1260] wall=  30.444 p=     1 | ifo=  0.692(sd=0.177 nx=0.000 tfo=0.026 cnt=0.489) snap= 0.292 srm=  7.674 sat=  6.945(set=0.186 slv=6.758 max=6.7575 n=1) cex=R/T/F=0/0/1 trsplit=0 sim=14.392(rmp=0.431 run=13.960 n=1 d=0) incr=loc/full/maxdirty/keys=0/0/0/0 chk= 0.000(d=1) stat= 0.157 rest= 0.293
  [bmc-incr i=1261 repr=1 active=502/175654 POs=1]
BMC : c =     500  cl =   4503  lit =  175653  p =     0  d =     0  f =     1  +  T =     0.03 sec
  [bmc-prof 1261] wall=  30.849 p=     1 | ifo=  0.681(sd=0.177 nx=0.000 tfo=0.025 cnt=0.479) snap= 0.281 srm=  7.779 sat=  6.984(set=0.240 slv=6.742 max=6.7415 n=1) cex=R/T/F=0/0/1 trsplit=0 sim=14.667(rmp=0.430 run=14.236 n=1 d=0) incr=loc/full/maxdirty/keys=0/0/0/0 chk= 0.000(d=1) stat= 0.158 rest= 0.299
  [bmc-incr i=1262 repr=1 active=501/175653 POs=1]
BMC : c =     499  cl =   4503  lit =  175652  p =     0  d =     0  f =     1  +  T =     0.03 sec
  [bmc-prof 1262] wall=  30.946 p=     1 | ifo=  0.688(sd=0.178 nx=0.000 tfo=0.022 cnt=0.488) snap= 0.297 srm=  8.309 sat=  6.901(set=0.187 slv=6.713 max=6.7128 n=1) cex=R/T/F=0/0/1 trsplit=0 sim=14.295(rmp=0.419 run=13.875 n=1 d=0) incr=loc/full/maxdirty/keys=0/0/0/0 chk= 0.000(d=1) stat= 0.156 rest= 0.299
  [bmc-incr i=1263 repr=1 active=500/175652 POs=1]
BMC : c =     498  cl =   4503  lit =  175651  p =     0  d =     0  f =     1  +  T =     0.03 sec
  [bmc-prof 1263] wall=  31.967 p=     1 | ifo=  0.682(sd=0.178 nx=0.000 tfo=0.023 cnt=0.481) snap= 0.281 srm=  7.804 sat=  7.308(set=0.187 slv=7.119 max=7.1186 n=1) cex=R/T/F=0/0/1 trsplit=0 sim=15.443(rmp=0.442 run=15.000 n=1 d=0) incr=loc/full/maxdirty/keys=0/0/0/0 chk= 0.000(d=1) stat= 0.155 rest= 0.294
  [bmc-incr i=1264 repr=1 active=499/175651 POs=1]
BMC : c =     497  cl =   4503  lit =  175650  p =     0  d =     0  f =     1  +  T =     0.03 sec
  [bmc-prof 1264] wall=  30.915 p=     1 | ifo=  0.769(sd=0.177 nx=0.000 tfo=0.021 cnt=0.571) snap= 0.282 srm=  8.451 sat=  6.942(set=0.188 slv=6.753 max=6.7529 n=1) cex=R/T/F=0/0/1 trsplit=0 sim=14.019(rmp=0.419 run=13.599 n=1 d=0) incr=loc/full/maxdirty/keys=0/0/0/0 chk= 0.000(d=1) stat= 0.161 rest= 0.290
  [bmc-incr i=1265 repr=1 active=498/175650 POs=1]
BMC : c =     496  cl =   4503  lit =  175649  p =     0  d =     0  f =     1  +  T =     0.03 sec
  [bmc-prof 1265] wall=  32.998 p=     1 | ifo=  0.678(sd=0.175 nx=0.000 tfo=0.023 cnt=0.481) snap= 0.288 srm=  8.031 sat=  6.928(set=0.211 slv=6.716 max=6.7156 n=1) cex=R/T/F=0/0/1 trsplit=0 sim=16.574(rmp=0.429 run=16.144 n=1 d=0) incr=loc/full/maxdirty/keys=0/0/0/0 chk= 0.000(d=1) stat= 0.187 rest= 0.310
  [bmc-incr i=1266 repr=1 active=497/175649 POs=1]
BMC : c =     495  cl =   4503  lit =  175648  p =     0  d =     0  f =     1  +  T =     0.03 sec
  [bmc-prof 1266] wall=  30.962 p=     1 | ifo=  0.689(sd=0.181 nx=0.000 tfo=0.027 cnt=0.481) snap= 0.293 srm=  8.145 sat=  6.947(set=0.211 slv=6.728 max=6.7280 n=1) cex=R/T/F=0/0/1 trsplit=0 sim=14.433(rmp=0.480 run=13.953 n=1 d=0) incr=loc/full/maxdirty/keys=0/0/0/0 chk= 0.000(d=1) stat= 0.159 rest= 0.297
  [bmc-incr i=1267 repr=1 active=496/175648 POs=1]
BMC : c =     494  cl =   4503  lit =  175647  p =     0  d =     0  f =     1  +  T =     0.03 sec
  [bmc-prof 1267] wall=  30.949 p=     1 | ifo=  0.773(sd=0.239 nx=0.000 tfo=0.027 cnt=0.507) snap= 0.284 srm=  8.221 sat=  6.955(set=0.214 slv=6.738 max=6.7379 n=1) cex=R/T/F=0/0/1 trsplit=0 sim=14.266(rmp=0.429 run=13.836 n=1 d=0) incr=loc/full/maxdirty/keys=0/0/0/0 chk= 0.000(d=1) stat= 0.156 rest= 0.295
  [bmc-incr i=1268 repr=1 active=495/175647 POs=1]
BMC : c =     493  cl =   4503  lit =  175646  p =     0  d =     0  f =     1  +  T =     0.03 sec
  [bmc-prof 1268] wall=  30.963 p=     1 | ifo=  0.692(sd=0.179 nx=0.000 tfo=0.025 cnt=0.488) snap= 0.295 srm=  7.902 sat=  6.958(set=0.191 slv=6.765 max=6.7647 n=1) cex=R/T/F=0/0/1 trsplit=0 sim=14.628(rmp=0.459 run=14.168 n=1 d=0) incr=loc/full/maxdirty/keys=0/0/0/0 chk= 0.000(d=1) stat= 0.176 rest= 0.311
  [bmc-incr i=1269 repr=1 active=494/175646 POs=1]
BMC : c =     492  cl =   4503  lit =  175645  p =     0  d =     0  f =     1  +  T =     0.04 sec
  [bmc-prof 1269] wall=  37.018 p=     1 | ifo=  0.712(sd=0.182 nx=0.000 tfo=0.026 cnt=0.504) snap= 0.303 srm=  8.258 sat= 11.308(set=0.493 slv=10.813 max=10.8131 n=1) cex=R/T/F=0/0/1 trsplit=0 sim=15.748(rmp=0.433 run=15.314 n=1 d=0) incr=loc/full/maxdirty/keys=0/0/0/0 chk= 0.000(d=1) stat= 0.264 rest= 0.424
  [bmc-incr i=1270 repr=1 active=493/175645 POs=1]
BMC : c =     491  cl =   4503  lit =  175644  p =     0  d =     0  f =     1  +  T =     0.03 sec
  [bmc-prof 1270] wall=  32.273 p=     1 | ifo=  0.751(sd=0.240 nx=0.000 tfo=0.025 cnt=0.486) snap= 0.394 srm=  8.913 sat=  7.044(set=0.194 slv=6.848 max=6.8484 n=1) cex=R/T/F=0/0/1 trsplit=0 sim=14.681(rmp=0.437 run=14.243 n=1 d=0) incr=loc/full/maxdirty/keys=0/0/0/0 chk= 0.000(d=1) stat= 0.166 rest= 0.322
  [bmc-incr i=1271 repr=1 active=492/175644 POs=1]
BMC : c =     490  cl =   4503  lit =  175643  p =     0  d =     0  f =     1  +  T =     0.04 sec
  [bmc-prof 1271] wall=  35.191 p=     1 | ifo=  0.817(sd=0.200 nx=0.000 tfo=0.032 cnt=0.586) snap= 0.284 srm= 10.811 sat=  7.192(set=0.200 slv=6.989 max=6.9895 n=1) cex=R/T/F=0/0/1 trsplit=0 sim=15.591(rmp=0.491 run=15.098 n=1 d=0) incr=loc/full/maxdirty/keys=0/0/0/0 chk= 0.000(d=1) stat= 0.170 rest= 0.325
  [bmc-incr i=1272 repr=1 active=491/175643 POs=1]
BMC : c =     489  cl =   4503  lit =  175642  p =     0  d =     0  f =     1  +  T =     0.03 sec
  [bmc-prof 1272] wall=  33.961 p=     1 | ifo=  0.758(sd=0.215 nx=0.000 tfo=0.042 cnt=0.501) snap= 0.282 srm=  8.069 sat=  6.985(set=0.193 slv=6.791 max=6.7906 n=1) cex=R/T/F=0/0/1 trsplit=0 sim=17.353(rmp=0.422 run=16.929 n=1 d=0) incr=loc/full/maxdirty/keys=0/0/0/0 chk= 0.000(d=1) stat= 0.211 rest= 0.303
  [bmc-incr i=1273 repr=1 active=490/175642 POs=1]
BMC : c =     488  cl =   4503  lit =  175641  p =     0  d =     0  f =     1  +  T =     0.03 sec
  [bmc-prof 1273] wall=  30.341 p=     1 | ifo=  0.716(sd=0.187 nx=0.000 tfo=0.033 cnt=0.496) snap= 0.284 srm=  7.831 sat=  7.000(set=0.193 slv=6.805 max=6.8046 n=1) cex=R/T/F=0/0/1 trsplit=0 sim=14.056(rmp=0.436 run=13.619 n=1 d=0) incr=loc/full/maxdirty/keys=0/0/0/0 chk= 0.000(d=1) stat= 0.158 rest= 0.297
  [bmc-incr i=1274 repr=1 active=489/175641 POs=1]
BMC : c =     487  cl =   4503  lit =  175640  p =     0  d =     0  f =     1  +  T =     0.03 sec
  [bmc-prof 1274] wall=  30.492 p=     1 | ifo=  0.720(sd=0.181 nx=0.000 tfo=0.025 cnt=0.514) snap= 0.285 srm=  7.814 sat=  7.059(set=0.188 slv=6.868 max=6.8681 n=1) cex=R/T/F=0/0/1 trsplit=0 sim=14.142(rmp=0.431 run=13.711 n=1 d=0) incr=loc/full/maxdirty/keys=0/0/0/0 chk= 0.001(d=1) stat= 0.162 rest= 0.309
  [bmc-incr i=1275 repr=1 active=488/175640 POs=1]
BMC : c =     486  cl =   4503  lit =  175639  p =     0  d =     0  f =     1  +  T =     0.03 sec
  [bmc-prof 1275] wall=  32.577 p=     1 | ifo=  0.749(sd=0.213 nx=0.000 tfo=0.040 cnt=0.496) snap= 0.326 srm=  8.093 sat=  7.880(set=0.190 slv=7.688 max=7.6882 n=1) cex=R/T/F=0/0/1 trsplit=0 sim=14.976(rmp=0.442 run=14.533 n=1 d=0) incr=loc/full/maxdirty/keys=0/0/0/0 chk= 0.000(d=1) stat= 0.192 rest= 0.359
  [bmc-incr i=1276 repr=1 active=487/175639 POs=1]
BMC : c =     485  cl =   4503  lit =  175638  p =     0  d =     0  f =     1  +  T =     0.03 sec
  [bmc-prof 1276] wall=  30.228 p=     1 | ifo=  0.748(sd=0.197 nx=0.000 tfo=0.025 cnt=0.527) snap= 0.287 srm=  7.823 sat=  6.939(set=0.192 slv=6.745 max=6.7454 n=1) cex=R/T/F=0/0/1 trsplit=0 sim=13.986(rmp=0.430 run=13.555 n=1 d=0) incr=loc/full/maxdirty/keys=0/0/0/0 chk= 0.000(d=1) stat= 0.154 rest= 0.291
  [bmc-incr i=1277 repr=1 active=486/175638 POs=1]
BMC : c =     484  cl =   4503  lit =  175637  p =     0  d =     0  f =     1  +  T =     0.03 sec
  [bmc-prof 1277] wall=  30.712 p=     1 | ifo=  1.123(sd=0.176 nx=0.000 tfo=0.023 cnt=0.924) snap= 0.282 srm=  7.844 sat=  6.944(set=0.193 slv=6.749 max=6.7495 n=1) cex=R/T/F=0/0/1 trsplit=0 sim=14.059(rmp=0.418 run=13.641 n=1 d=0) incr=loc/full/maxdirty/keys=0/0/0/0 chk= 0.000(d=1) stat= 0.163 rest= 0.297
  [bmc-incr i=1278 repr=1 active=485/175637 POs=1]
BMC : c =     483  cl =   4503  lit =  175636  p =     0  d =     0  f =     1  +  T =     0.03 sec
  [bmc-prof 1278] wall=  30.097 p=     1 | ifo=  0.686(sd=0.177 nx=0.000 tfo=0.021 cnt=0.489) snap= 0.290 srm=  7.827 sat=  6.940(set=0.191 slv=6.747 max=6.7471 n=1) cex=R/T/F=0/0/1 trsplit=0 sim=13.910(rmp=0.419 run=13.491 n=1 d=0) incr=loc/full/maxdirty/keys=0/0/0/0 chk= 0.000(d=1) stat= 0.154 rest= 0.289
  [bmc-incr i=1279 repr=1 active=484/175636 POs=1]
BMC : c =     482  cl =   4503  lit =  175635  p =     0  d =     0  f =     1  +  T =     0.03 sec
  [bmc-prof 1279] wall=  30.146 p=     1 | ifo=  0.675(sd=0.175 nx=0.000 tfo=0.021 cnt=0.479) snap= 0.291 srm=  7.838 sat=  6.942(set=0.198 slv=6.742 max=6.7423 n=1) cex=R/T/F=0/0/1 trsplit=0 sim=13.956(rmp=0.443 run=13.511 n=1 d=0) incr=loc/full/maxdirty/keys=0/0/0/0 chk= 0.000(d=1) stat= 0.154 rest= 0.291
  [bmc-incr i=1280 repr=1 active=483/175635 POs=1]
BMC : c =     481  cl =   4503  lit =  175634  p =     0  d =     0  f =     1  +  T =     0.03 sec
  [bmc-prof 1280] wall=  30.204 p=     1 | ifo=  0.686(sd=0.183 nx=0.000 tfo=0.021 cnt=0.482) snap= 0.291 srm=  7.902 sat=  6.956(set=0.190 slv=6.764 max=6.7635 n=1) cex=R/T/F=0/0/1 trsplit=0 sim=13.922(rmp=0.423 run=13.498 n=1 d=0) incr=loc/full/maxdirty/keys=0/0/0/0 chk= 0.001(d=1) stat= 0.156 rest= 0.291
  [bmc-incr i=1281 repr=1 active=482/175634 POs=1]
BMC : c =     480  cl =   4503  lit =  175633  p =     0  d =     0  f =     1  +  T =     0.03 sec
  [bmc-prof 1281] wall=  34.665 p=     1 | ifo=  0.688(sd=0.185 nx=0.000 tfo=0.022 cnt=0.481) snap= 0.282 srm=  9.383 sat=  6.944(set=0.188 slv=6.753 max=6.7534 n=1) cex=R/T/F=0/0/1 trsplit=0 sim=16.900(rmp=0.835 run=16.064 n=1 d=0) incr=loc/full/maxdirty/keys=0/0/0/0 chk= 0.000(d=1) stat= 0.162 rest= 0.305
  [bmc-incr i=1282 repr=1 active=481/175633 POs=1]
BMC : c =     479  cl =   4503  lit =  175632  p =     0  d =     0  f =     1  +  T =     0.03 sec
  [bmc-prof 1282] wall=  30.421 p=     1 | ifo=  0.749(sd=0.178 nx=0.000 tfo=0.081 cnt=0.490) snap= 0.282 srm=  7.853 sat=  6.974(set=0.193 slv=6.780 max=6.7799 n=1) cex=R/T/F=0/0/1 trsplit=0 sim=14.092(rmp=0.426 run=13.665 n=1 d=0) incr=loc/full/maxdirty/keys=0/0/0/0 chk= 0.000(d=1) stat= 0.173 rest= 0.298
  [bmc-incr i=1283 repr=1 active=480/175632 POs=1]
BMC : c =     478  cl =   4503  lit =  175631  p =     0  d =     0  f =     1  +  T =     0.03 sec
  [bmc-prof 1283] wall=  32.401 p=     1 | ifo=  0.702(sd=0.184 nx=0.000 tfo=0.028 cnt=0.489) snap= 0.290 srm=  8.105 sat=  6.982(set=0.211 slv=6.769 max=6.7687 n=1) cex=R/T/F=0/0/1 trsplit=0 sim=15.850(rmp=0.438 run=15.411 n=1 d=0) incr=loc/full/maxdirty/keys=0/0/0/0 chk= 0.000(d=1) stat= 0.176 rest= 0.295
  [bmc-incr i=1284 repr=1 active=479/175631 POs=1]
BMC : c =     477  cl =   4503  lit =  175630  p =     0  d =     0  f =     1  +  T =     0.03 sec
  [bmc-prof 1284] wall=  31.711 p=     1 | ifo=  0.723(sd=0.177 nx=0.000 tfo=0.024 cnt=0.521) snap= 0.283 srm=  8.178 sat=  7.103(set=0.191 slv=6.910 max=6.9099 n=1) cex=R/T/F=0/0/1 trsplit=0 sim=14.950(rmp=0.447 run=14.502 n=1 d=0) incr=loc/full/maxdirty/keys=0/0/0/0 chk= 0.000(d=1) stat= 0.162 rest= 0.312
  [bmc-incr i=1285 repr=1 active=478/175630 POs=1]
BMC : c =     476  cl =   4503  lit =  175629  p =     0  d =     0  f =     1  +  T =     0.03 sec
  [bmc-prof 1285] wall=  31.077 p=     1 | ifo=  0.759(sd=0.210 nx=0.000 tfo=0.026 cnt=0.523) snap= 0.282 srm=  8.094 sat=  7.141(set=0.191 slv=6.947 max=6.9475 n=1) cex=R/T/F=0/0/1 trsplit=0 sim=14.349(rmp=0.436 run=13.912 n=1 d=0) incr=loc/full/maxdirty/keys=0/0/0/0 chk= 0.000(d=1) stat= 0.158 rest= 0.294
  [bmc-incr i=1286 repr=1 active=477/175629 POs=1]
BMC : c =     475  cl =   4503  lit =  175628  p =     0  d =     0  f =     1  +  T =     0.03 sec
  [bmc-prof 1286] wall=  31.939 p=     1 | ifo=  0.693(sd=0.178 nx=0.000 tfo=0.033 cnt=0.482) snap= 0.282 srm=  7.780 sat=  7.119(set=0.187 slv=6.931 max=6.9306 n=1) cex=R/T/F=0/0/1 trsplit=0 sim=15.577(rmp=0.451 run=15.124 n=1 d=0) incr=loc/full/maxdirty/keys=0/0/0/0 chk= 0.000(d=1) stat= 0.166 rest= 0.323
  [bmc-incr i=1287 repr=1 active=476/175628 POs=1]
BMC : c =     474  cl =   4503  lit =  175627  p =     0  d =     0  f =     1  +  T =     0.03 sec
  [bmc-prof 1287] wall=  32.543 p=     1 | ifo=  0.811(sd=0.232 nx=0.000 tfo=0.026 cnt=0.554) snap= 0.293 srm=  8.453 sat=  7.511(set=0.202 slv=7.302 max=7.3024 n=1) cex=R/T/F=0/0/1 trsplit=0 sim=14.661(rmp=1.166 run=13.494 n=1 d=0) incr=loc/full/maxdirty/keys=0/0/0/0 chk= 0.000(d=1) stat= 0.158 rest= 0.657
  [bmc-incr i=1288 repr=1 active=475/175627 POs=1]
BMC : c =     473  cl =   4503  lit =  175626  p =     0  d =     0  f =     1  +  T =     0.03 sec
  [bmc-prof 1288] wall=  30.676 p=     1 | ifo=  0.686(sd=0.181 nx=0.000 tfo=0.025 cnt=0.481) snap= 0.281 srm=  7.714 sat=  7.004(set=0.187 slv=6.815 max=6.8150 n=1) cex=R/T/F=0/0/1 trsplit=0 sim=14.519(rmp=0.423 run=14.094 n=1 d=0) incr=loc/full/maxdirty/keys=0/0/0/0 chk= 0.000(d=1) stat= 0.165 rest= 0.308
  [bmc-incr i=1289 repr=1 active=474/175626 POs=1]
BMC : c =     472  cl =   4503  lit =  175625  p =     0  d =     0  f =     1  +  T =     0.03 sec
  [bmc-prof 1289] wall=  33.818 p=     1 | ifo=  1.503(sd=0.407 nx=0.000 tfo=0.038 cnt=1.058) snap= 0.296 srm=  9.815 sat=  7.162(set=0.217 slv=6.943 max=6.9429 n=1) cex=R/T/F=0/0/1 trsplit=0 sim=14.582(rmp=0.531 run=14.050 n=1 d=0) incr=loc/full/maxdirty/keys=0/0/0/0 chk= 0.000(d=1) stat= 0.165 rest= 0.294
  [bmc-incr i=1290 repr=1 active=473/175625 POs=1]
BMC : c =     471  cl =   4503  lit =  175624  p =     0  d =     0  f =     1  +  T =     0.03 sec
  [bmc-prof 1290] wall=  31.784 p=     1 | ifo=  0.686(sd=0.181 nx=0.000 tfo=0.026 cnt=0.480) snap= 0.291 srm=  7.855 sat=  7.269(set=0.194 slv=7.073 max=7.0727 n=1) cex=R/T/F=0/0/1 trsplit=0 sim=15.216(rmp=0.516 run=14.700 n=1 d=0) incr=loc/full/maxdirty/keys=0/0/0/0 chk= 0.000(d=1) stat= 0.158 rest= 0.308
  [bmc-incr i=1291 repr=1 active=472/175624 POs=1]
BMC : c =     470  cl =   4503  lit =  175623  p =     0  d =     0  f =     1  +  T =     0.03 sec
  [bmc-prof 1291] wall=  30.559 p=     1 | ifo=  0.701(sd=0.177 nx=0.000 tfo=0.026 cnt=0.499) snap= 0.283 srm=  7.840 sat=  7.062(set=0.193 slv=6.866 max=6.8660 n=1) cex=R/T/F=0/0/1 trsplit=0 sim=14.227(rmp=0.432 run=13.794 n=1 d=0) incr=loc/full/maxdirty/keys=0/0/0/0 chk= 0.000(d=1) stat= 0.155 rest= 0.292
  [bmc-incr i=1292 repr=1 active=471/175623 POs=1]
BMC : c =     469  cl =   4503  lit =  175622  p =     0  d =     0  f =     1  +  T =     0.03 sec
  [bmc-prof 1292] wall=  30.296 p=     1 | ifo=  0.691(sd=0.177 nx=0.000 tfo=0.033 cnt=0.481) snap= 0.282 srm=  7.732 sat=  7.134(set=0.187 slv=6.944 max=6.9440 n=1) cex=R/T/F=0/0/1 trsplit=0 sim=14.007(rmp=0.426 run=13.580 n=1 d=0) incr=loc/full/maxdirty/keys=0/0/0/0 chk= 0.000(d=1) stat= 0.157 rest= 0.295
  [bmc-incr i=1293 repr=1 active=470/175622 POs=1]
BMC : c =     468  cl =   4503  lit =  175621  p =     0  d =     0  f =     1  +  T =     0.03 sec
  [bmc-prof 1293] wall=  30.184 p=     1 | ifo=  0.684(sd=0.176 nx=0.000 tfo=0.023 cnt=0.485) snap= 0.295 srm=  7.713 sat=  7.031(set=0.191 slv=6.838 max=6.8376 n=1) cex=R/T/F=0/0/1 trsplit=0 sim=14.010(rmp=0.415 run=13.594 n=1 d=0) incr=loc/full/maxdirty/keys=0/0/0/0 chk= 0.000(d=1) stat= 0.156 rest= 0.296
  [bmc-incr i=1294 repr=1 active=469/175621 POs=1]
BMC : c =     467  cl =   4503  lit =  175620  p =     0  d =     0  f =     1  +  T =     0.04 sec
  [bmc-prof 1294] wall=  36.655 p=     1 | ifo=  0.703(sd=0.176 nx=0.000 tfo=0.022 cnt=0.505) snap= 0.293 srm=  8.221 sat= 12.097(set=0.188 slv=11.907 max=11.9065 n=1) cex=R/T/F=0/0/1 trsplit=0 sim=14.888(rmp=0.430 run=14.458 n=1 d=0) incr=loc/full/maxdirty/keys=0/0/0/0 chk= 0.000(d=1) stat= 0.157 rest= 0.295
  [bmc-incr i=1295 repr=1 active=468/175620 POs=1]
BMC : c =     466  cl =   4503  lit =  175619  p =     0  d =     0  f =     1  +  T =     0.03 sec
  [bmc-prof 1295] wall=  31.077 p=     1 | ifo=  0.698(sd=0.178 nx=0.000 tfo=0.023 cnt=0.497) snap= 0.292 srm=  8.687 sat=  6.997(set=0.200 slv=6.795 max=6.7954 n=1) cex=R/T/F=0/0/1 trsplit=0 sim=13.942(rmp=0.417 run=13.524 n=1 d=0) incr=loc/full/maxdirty/keys=0/0/0/0 chk= 0.000(d=1) stat= 0.162 rest= 0.298
  [bmc-incr i=1296 repr=1 active=467/175619 POs=1]
BMC : c =     465  cl =   4503  lit =  175618  p =     0  d =     0  f =     1  +  T =     0.03 sec
  [bmc-prof 1296] wall=  30.185 p=     1 | ifo=  0.677(sd=0.177 nx=0.000 tfo=0.022 cnt=0.478) snap= 0.283 srm=  7.780 sat=  6.993(set=0.187 slv=6.804 max=6.8042 n=1) cex=R/T/F=0/0/1 trsplit=0 sim=13.991(rmp=0.428 run=13.562 n=1 d=0) incr=loc/full/maxdirty/keys=0/0/0/0 chk= 0.000(d=1) stat= 0.160 rest= 0.301
  [bmc-incr i=1297 repr=1 active=466/175618 POs=1]
BMC : c =     464  cl =   4503  lit =  175617  p =     0  d =     0  f =     1  +  T =     0.03 sec
  [bmc-prof 1297] wall=  31.923 p=     1 | ifo=  0.735(sd=0.205 nx=0.000 tfo=0.036 cnt=0.495) snap= 0.292 srm=  8.550 sat=  6.995(set=0.191 slv=6.802 max=6.8020 n=1) cex=R/T/F=0/0/1 trsplit=0 sim=14.838(rmp=0.415 run=14.422 n=1 d=0) incr=loc/full/maxdirty/keys=0/0/0/0 chk= 0.000(d=1) stat= 0.167 rest= 0.344
  [bmc-incr i=1298 repr=1 active=465/175617 POs=1]
BMC : c =     463  cl =   4503  lit =  175616  p =     0  d =     0  f =     1  +  T =     0.03 sec
  [bmc-prof 1298] wall=  31.621 p=     1 | ifo=  1.186(sd=0.180 nx=0.000 tfo=0.025 cnt=0.982) snap= 0.282 srm=  8.604 sat=  6.991(set=0.193 slv=6.796 max=6.7961 n=1) cex=R/T/F=0/0/1 trsplit=0 sim=14.110(rmp=0.432 run=13.677 n=1 d=0) incr=loc/full/maxdirty/keys=0/0/0/0 chk= 0.000(d=1) stat= 0.156 rest= 0.292
  [bmc-incr i=1299 repr=1 active=464/175616 POs=1]
BMC : c =     462  cl =   4503  lit =  175615  p =     0  d =     0  f =     1  +  T =     0.03 sec
  [bmc-prof 1299] wall=  31.387 p=     1 | ifo=  0.680(sd=0.177 nx=0.000 tfo=0.024 cnt=0.479) snap= 0.287 srm=  7.949 sat=  7.067(set=0.237 slv=6.827 max=6.8272 n=1) cex=R/T/F=0/0/1 trsplit=0 sim=14.829(rmp=0.434 run=14.393 n=1 d=0) incr=loc/full/maxdirty/keys=0/0/0/0 chk= 0.000(d=1) stat= 0.191 rest= 0.383
  [bmc-incr i=1300 repr=1 active=463/175615 POs=1]
BMC : c =     461  cl =   4503  lit =  175614  p =     0  d =     0  f =     1  +  T =     0.03 sec
  [bmc-prof 1300] wall=  32.014 p=     1 | ifo=  0.719(sd=0.179 nx=0.000 tfo=0.024 cnt=0.516) snap= 0.287 srm=  8.865 sat=  7.095(set=0.222 slv=6.870 max=6.8704 n=1) cex=R/T/F=0/0/1 trsplit=0 sim=14.555(rmp=0.590 run=13.965 n=1 d=0) incr=loc/full/maxdirty/keys=0/0/0/0 chk= 0.000(d=1) stat= 0.167 rest= 0.325
  [bmc-incr i=1301 repr=1 active=462/175614 POs=1]
BMC : c =     460  cl =   4503  lit =  175613  p =     0  d =     0  f =     1  +  T =     0.03 sec
  [bmc-prof 1301] wall=  32.932 p=     1 | ifo=  0.707(sd=0.179 nx=0.000 tfo=0.025 cnt=0.503) snap= 0.284 srm=  7.799 sat=  7.200(set=0.192 slv=7.007 max=7.0066 n=1) cex=R/T/F=0/0/1 trsplit=0 sim=16.459(rmp=0.442 run=16.015 n=1 d=0) incr=loc/full/maxdirty/keys=0/0/0/0 chk= 0.000(d=1) stat= 0.159 rest= 0.324
  [bmc-incr i=1302 repr=1 active=461/175613 POs=1]
BMC : c =     459  cl =   4503  lit =  175612  p =     0  d =     0  f =     1  +  T =     0.03 sec
  [bmc-prof 1302] wall=  33.548 p=     1 | ifo=  0.706(sd=0.176 nx=0.000 tfo=0.022 cnt=0.508) snap= 0.281 srm=  7.950 sat=  7.550(set=0.188 slv=7.359 max=7.3591 n=1) cex=R/T/F=0/0/1 trsplit=0 sim=16.567(rmp=0.497 run=16.069 n=1 d=0) incr=loc/full/maxdirty/keys=0/0/0/0 chk= 0.000(d=1) stat= 0.173 rest= 0.320
  [bmc-incr i=1303 repr=1 active=460/175612 POs=1]
BMC : c =     458  cl =   4503  lit =  175611  p =     0  d =     0  f =     1  +  T =     0.03 sec
  [bmc-prof 1303] wall=  30.422 p=     1 | ifo=  0.697(sd=0.180 nx=0.000 tfo=0.025 cnt=0.492) snap= 0.281 srm=  7.794 sat=  7.049(set=0.193 slv=6.854 max=6.8537 n=1) cex=R/T/F=0/0/1 trsplit=0 sim=14.148(rmp=0.483 run=13.664 n=1 d=0) incr=loc/full/maxdirty/keys=0/0/0/0 chk= 0.000(d=1) stat= 0.158 rest= 0.295
  [bmc-incr i=1304 repr=1 active=459/175611 POs=1]
BMC : c =     457  cl =   4503  lit =  175610  p =     0  d =     0  f =     1  +  T =     0.03 sec
  [bmc-prof 1304] wall=  31.406 p=     1 | ifo=  0.689(sd=0.176 nx=0.000 tfo=0.023 cnt=0.491) snap= 0.363 srm=  7.806 sat=  7.320(set=0.197 slv=7.120 max=7.1203 n=1) cex=R/T/F=0/0/1 trsplit=0 sim=14.745(rmp=0.453 run=14.291 n=1 d=0) incr=loc/full/maxdirty/keys=0/0/0/0 chk= 0.000(d=1) stat= 0.170 rest= 0.313
  [bmc-incr i=1305 repr=1 active=458/175610 POs=1]
BMC : c =     456  cl =   4503  lit =  175609  p =     0  d =     0  f =     1  +  T =     0.03 sec
  [bmc-prof 1305] wall=  30.202 p=     1 | ifo=  0.683(sd=0.179 nx=0.000 tfo=0.024 cnt=0.480) snap= 0.302 srm=  7.779 sat=  7.037(set=0.214 slv=6.821 max=6.8212 n=1) cex=R/T/F=0/0/1 trsplit=0 sim=13.938(rmp=0.419 run=13.518 n=1 d=0) incr=loc/full/maxdirty/keys=0/0/0/0 chk= 0.000(d=1) stat= 0.163 rest= 0.299
  [bmc-incr i=1306 repr=1 active=457/175609 POs=1]
BMC : c =     455  cl =   4503  lit =  175608  p =     0  d =     0  f =     1  +  T =     0.03 sec
  [bmc-prof 1306] wall=  30.568 p=     1 | ifo=  0.682(sd=0.179 nx=0.000 tfo=0.023 cnt=0.480) snap= 0.281 srm=  7.815 sat=  7.014(set=0.193 slv=6.820 max=6.8197 n=1) cex=R/T/F=0/0/1 trsplit=0 sim=14.327(rmp=0.429 run=13.897 n=1 d=0) incr=loc/full/maxdirty/keys=0/0/0/0 chk= 0.000(d=1) stat= 0.156 rest= 0.292
  [bmc-incr i=1307 repr=1 active=456/175608 POs=1]
BMC : c =     454  cl =   4503  lit =  175607  p =     0  d =     0  f =     1  +  T =     0.03 sec
  [bmc-prof 1307] wall=  33.203 p=     1 | ifo=  0.689(sd=0.178 nx=0.000 tfo=0.021 cnt=0.491) snap= 0.282 srm=  7.943 sat=  7.013(set=0.191 slv=6.821 max=6.8206 n=1) cex=R/T/F=0/0/1 trsplit=0 sim=16.827(rmp=0.523 run=16.303 n=1 d=0) incr=loc/full/maxdirty/keys=0/0/0/0 chk= 0.000(d=1) stat= 0.158 rest= 0.291
  [bmc-incr i=1308 repr=1 active=455/175607 POs=1]
BMC : c =     453  cl =   4503  lit =  175606  p =     0  d =     0  f =     1  +  T =     0.03 sec
  [bmc-prof 1308] wall=  30.495 p=     1 | ifo=  0.696(sd=0.177 nx=0.000 tfo=0.021 cnt=0.498) snap= 0.283 srm=  7.773 sat=  7.075(set=0.202 slv=6.871 max=6.8714 n=1) cex=R/T/F=0/0/1 trsplit=0 sim=14.211(rmp=0.436 run=13.775 n=1 d=0) incr=loc/full/maxdirty/keys=0/0/0/0 chk= 0.000(d=1) stat= 0.156 rest= 0.300
  [bmc-incr i=1309 repr=1 active=454/175606 POs=1]
BMC : c =     452  cl =   4503  lit =  175605  p =     0  d =     0  f =     1  +  T =     0.03 sec
  [bmc-prof 1309] wall=  30.968 p=     1 | ifo=  0.713(sd=0.177 nx=0.000 tfo=0.020 cnt=0.516) snap= 0.288 srm=  7.713 sat=  7.408(set=0.188 slv=7.219 max=7.2188 n=1) cex=R/T/F=0/0/1 trsplit=0 sim=14.393(rmp=0.413 run=13.979 n=1 d=0) incr=loc/full/maxdirty/keys=0/0/0/0 chk= 0.000(d=1) stat= 0.162 rest= 0.290
  [bmc-incr i=1310 repr=1 active=453/175605 POs=1]
BMC : c =     451  cl =   4503  lit =  175604  p =     0  d =     0  f =     1  +  T =     0.03 sec
  [bmc-prof 1310] wall=  33.945 p=     1 | ifo=  0.698(sd=0.179 nx=0.000 tfo=0.021 cnt=0.498) snap= 0.283 srm=  7.871 sat=  8.145(set=0.192 slv=7.951 max=7.9508 n=1) cex=R/T/F=0/0/1 trsplit=0 sim=16.477(rmp=0.449 run=16.028 n=1 d=0) incr=loc/full/maxdirty/keys=0/0/0/0 chk= 0.000(d=1) stat= 0.158 rest= 0.312
  [bmc-incr i=1311 repr=1 active=452/175604 POs=1]
BMC : c =     450  cl =   4503  lit =  175603  p =     0  d =     0  f =     1  +  T =     0.03 sec
  [bmc-prof 1311] wall=  30.287 p=     1 | ifo=  0.693(sd=0.181 nx=0.000 tfo=0.022 cnt=0.491) snap= 0.282 srm=  7.757 sat=  7.099(set=0.188 slv=6.909 max=6.9094 n=1) cex=R/T/F=0/0/1 trsplit=0 sim=14.007(rmp=0.422 run=13.585 n=1 d=0) incr=loc/full/maxdirty/keys=0/0/0/0 chk= 0.000(d=1) stat= 0.157 rest= 0.292
  [bmc-incr i=1312 repr=1 active=451/175603 POs=1]
BMC : c =     449  cl =   4503  lit =  175602  p =     0  d =     0  f =     1  +  T =     0.03 sec
  [bmc-prof 1312] wall=  30.415 p=     1 | ifo=  0.679(sd=0.178 nx=0.000 tfo=0.021 cnt=0.480) snap= 0.282 srm=  7.711 sat=  7.067(set=0.183 slv=6.882 max=6.8823 n=1) cex=R/T/F=0/0/1 trsplit=0 sim=14.230(rmp=0.420 run=13.809 n=1 d=0) incr=loc/full/maxdirty/keys=0/0/0/0 chk= 0.000(d=1) stat= 0.156 rest= 0.290
  [bmc-incr i=1313 repr=1 active=450/175602 POs=1]
BMC : c =     448  cl =   4503  lit =  175601  p =     0  d =     0  f =     1  +  T =     0.03 sec
  [bmc-prof 1313] wall=  31.107 p=     1 | ifo=  0.690(sd=0.186 nx=0.000 tfo=0.020 cnt=0.484) snap= 0.298 srm=  8.007 sat=  7.183(set=0.357 slv=6.824 max=6.8237 n=1) cex=R/T/F=0/0/1 trsplit=0 sim=14.456(rmp=0.422 run=14.033 n=1 d=0) incr=loc/full/maxdirty/keys=0/0/0/0 chk= 0.000(d=1) stat= 0.162 rest= 0.311
  [bmc-incr i=1314 repr=1 active=449/175601 POs=1]
BMC : c =     447  cl =   4503  lit =  175600  p =     0  d =     0  f =     1  +  T =     0.03 sec
  [bmc-prof 1314] wall=  31.517 p=     1 | ifo=  0.817(sd=0.304 nx=0.000 tfo=0.023 cnt=0.490) snap= 0.298 srm=  8.007 sat=  7.569(set=0.198 slv=7.367 max=7.3670 n=1) cex=R/T/F=0/0/1 trsplit=0 sim=14.326(rmp=0.423 run=13.902 n=1 d=0) incr=loc/full/maxdirty/keys=0/0/0/0 chk= 0.000(d=1) stat= 0.210 rest= 0.290
  [bmc-incr i=1315 repr=1 active=448/175600 POs=1]
BMC : c =     446  cl =   4503  lit =  175599  p =     0  d =     0  f =     1  +  T =     0.03 sec
  [bmc-prof 1315] wall=  31.272 p=     1 | ifo=  0.683(sd=0.179 nx=0.000 tfo=0.025 cnt=0.479) snap= 0.290 srm=  8.366 sat=  7.045(set=0.201 slv=6.842 max=6.8425 n=1) cex=R/T/F=0/0/1 trsplit=0 sim=14.417(rmp=0.448 run=13.968 n=1 d=0) incr=loc/full/maxdirty/keys=0/0/0/0 chk= 0.000(d=1) stat= 0.164 rest= 0.306
  [bmc-incr i=1316 repr=1 active=447/175599 POs=1]
BMC : c =     445  cl =   4503  lit =  175598  p =     0  d =     0  f =     1  +  T =     0.03 sec
  [bmc-prof 1316] wall=  31.166 p=     1 | ifo=  0.747(sd=0.214 nx=0.000 tfo=0.039 cnt=0.494) snap= 0.283 srm=  7.928 sat=  7.441(set=0.192 slv=7.247 max=7.2471 n=1) cex=R/T/F=0/0/1 trsplit=0 sim=14.283(rmp=0.425 run=13.856 n=1 d=0) incr=loc/full/maxdirty/keys=0/0/0/0 chk= 0.001(d=1) stat= 0.170 rest= 0.313
  [bmc-incr i=1317 repr=1 active=446/175598 POs=1]
BMC : c =     444  cl =   4503  lit =  175597  p =     0  d =     0  f =     1  +  T =     0.03 sec
  [bmc-prof 1317] wall=  31.701 p=     1 | ifo=  0.696(sd=0.180 nx=0.000 tfo=0.022 cnt=0.493) snap= 0.287 srm=  8.375 sat=  7.333(set=0.237 slv=7.095 max=7.0949 n=1) cex=R/T/F=0/0/1 trsplit=0 sim=14.559(rmp=0.450 run=14.108 n=1 d=0) incr=loc/full/maxdirty/keys=0/0/0/0 chk= 0.000(d=1) stat= 0.158 rest= 0.293
  [bmc-incr i=1318 repr=1 active=445/175597 POs=1]
BMC : c =     443  cl =   4503  lit =  175596  p =     0  d =     0  f =     1  +  T =     0.03 sec
  [bmc-prof 1318] wall=  31.048 p=     1 | ifo=  0.735(sd=0.194 nx=0.000 tfo=0.023 cnt=0.518) snap= 0.298 srm=  8.039 sat=  7.087(set=0.191 slv=6.894 max=6.8945 n=1) cex=R/T/F=0/0/1 trsplit=0 sim=14.405(rmp=0.434 run=13.970 n=1 d=0) incr=loc/full/maxdirty/keys=0/0/0/0 chk= 0.000(d=1) stat= 0.165 rest= 0.317
  [bmc-incr i=1319 repr=1 active=444/175596 POs=1]
BMC : c =     442  cl =   4503  lit =  175595  p =     0  d =     0  f =     1  +  T =     0.03 sec
  [bmc-prof 1319] wall=  33.146 p=     1 | ifo=  0.723(sd=0.188 nx=0.000 tfo=0.023 cnt=0.512) snap= 0.304 srm=  9.438 sat=  7.251(set=0.307 slv=6.942 max=6.9420 n=1) cex=R/T/F=0/0/1 trsplit=0 sim=14.927(rmp=0.464 run=14.462 n=1 d=0) incr=loc/full/maxdirty/keys=0/0/0/0 chk= 0.000(d=1) stat= 0.169 rest= 0.334
  [bmc-incr i=1320 repr=1 active=443/175595 POs=1]
BMC : c =     441  cl =   4503  lit =  175594  p =     0  d =     0  f =     1  +  T =     0.03 sec
  [bmc-prof 1320] wall=  32.766 p=     1 | ifo=  0.713(sd=0.183 nx=0.000 tfo=0.023 cnt=0.506) snap= 0.317 srm=  8.805 sat=  7.446(set=0.242 slv=7.202 max=7.2016 n=1) cex=R/T/F=0/0/1 trsplit=0 sim=14.988(rmp=0.504 run=14.484 n=1 d=0) incr=loc/full/maxdirty/keys=0/0/0/0 chk= 0.000(d=1) stat= 0.166 rest= 0.331
  [bmc-incr i=1321 repr=1 active=442/175594 POs=1]
BMC : c =     440  cl =   4503  lit =  175593  p =     0  d =     0  f =     1  +  T =     0.03 sec
  [bmc-prof 1321] wall=  31.189 p=     1 | ifo=  0.712(sd=0.183 nx=0.000 tfo=0.023 cnt=0.505) snap= 0.289 srm=  8.277 sat=  7.107(set=0.225 slv=6.879 max=6.8791 n=1) cex=R/T/F=0/0/1 trsplit=0 sim=14.333(rmp=0.464 run=13.868 n=1 d=0) incr=loc/full/maxdirty/keys=0/0/0/0 chk= 0.000(d=1) stat= 0.156 rest= 0.315
  [bmc-incr i=1322 repr=1 active=441/175593 POs=1]
BMC : c =     439  cl =   4503  lit =  175592  p =     0  d =     0  f =     1  +  T =     0.03 sec
  [bmc-prof 1322] wall=  30.699 p=     1 | ifo=  0.686(sd=0.183 nx=0.000 tfo=0.024 cnt=0.479) snap= 0.283 srm=  7.926 sat=  7.081(set=0.196 slv=6.883 max=6.8832 n=1) cex=R/T/F=0/0/1 trsplit=0 sim=14.273(rmp=0.445 run=13.828 n=1 d=0) incr=loc/full/maxdirty/keys=0/0/0/0 chk= 0.000(d=1) stat= 0.157 rest= 0.292
  [bmc-incr i=1323 repr=1 active=440/175592 POs=1]
BMC : c =     438  cl =   4503  lit =  175591  p =     0  d =     0  f =     1  +  T =     0.03 sec
  [bmc-prof 1323] wall=  30.844 p=     1 | ifo=  0.740(sd=0.194 nx=0.000 tfo=0.031 cnt=0.514) snap= 0.283 srm=  8.067 sat=  7.073(set=0.198 slv=6.873 max=6.8732 n=1) cex=R/T/F=0/0/1 trsplit=0 sim=14.181(rmp=0.439 run=13.742 n=1 d=0) incr=loc/full/maxdirty/keys=0/0/0/0 chk= 0.000(d=1) stat= 0.210 rest= 0.290
  [bmc-incr i=1324 repr=1 active=439/175591 POs=1]
BMC : c =     437  cl =   4503  lit =  175590  p =     0  d =     0  f =     1  +  T =     0.03 sec
  [bmc-prof 1324] wall=  30.683 p=     1 | ifo=  0.687(sd=0.178 nx=0.000 tfo=0.022 cnt=0.487) snap= 0.280 srm=  7.819 sat=  7.076(set=0.191 slv=6.884 max=6.8835 n=1) cex=R/T/F=0/0/1 trsplit=0 sim=14.347(rmp=0.446 run=13.900 n=1 d=0) incr=loc/full/maxdirty/keys=0/0/0/0 chk= 0.000(d=1) stat= 0.166 rest= 0.308
  [bmc-incr i=1325 repr=1 active=438/175590 POs=1]
BMC : c =     436  cl =   4503  lit =  175589  p =     0  d =     0  f =     1  +  T =     0.03 sec
  [bmc-prof 1325] wall=  31.166 p=     1 | ifo=  0.682(sd=0.179 nx=0.000 tfo=0.024 cnt=0.479) snap= 0.292 srm=  8.075 sat=  7.179(set=0.200 slv=6.977 max=6.9768 n=1) cex=R/T/F=0/0/1 trsplit=0 sim=14.481(rmp=0.424 run=14.057 n=1 d=0) incr=loc/full/maxdirty/keys=0/0/0/0 chk= 0.000(d=1) stat= 0.157 rest= 0.299
  [bmc-incr i=1326 repr=1 active=437/175589 POs=1]
BMC : c =     435  cl =   4503  lit =  175588  p =     0  d =     0  f =     1  +  T =     0.03 sec
  [bmc-prof 1326] wall=  30.973 p=     1 | ifo=  0.714(sd=0.179 nx=0.000 tfo=0.022 cnt=0.514) snap= 0.292 srm=  7.899 sat=  7.132(set=0.192 slv=6.937 max=6.9374 n=1) cex=R/T/F=0/0/1 trsplit=0 sim=14.470(rmp=0.418 run=14.052 n=1 d=0) incr=loc/full/maxdirty/keys=0/0/0/0 chk= 0.000(d=1) stat= 0.156 rest= 0.310
  [bmc-incr i=1327 repr=1 active=436/175588 POs=1]
BMC : c =     434  cl =   4503  lit =  175587  p =     0  d =     0  f =     1  +  T =     0.03 sec
  [bmc-prof 1327] wall=  34.387 p=     1 | ifo=  0.853(sd=0.191 nx=0.000 tfo=0.023 cnt=0.638) snap= 0.286 srm=  9.646 sat=  8.855(set=0.191 slv=8.662 max=8.6622 n=1) cex=R/T/F=0/0/1 trsplit=0 sim=14.297(rmp=0.471 run=13.825 n=1 d=0) incr=loc/full/maxdirty/keys=0/0/0/0 chk= 0.000(d=1) stat= 0.157 rest= 0.293
  [bmc-incr i=1328 repr=1 active=435/175587 POs=1]
BMC : c =     433  cl =   4503  lit =  175586  p =     0  d =     0  f =     1  +  T =     0.03 sec
  [bmc-prof 1328] wall=  30.896 p=     1 | ifo=  0.691(sd=0.177 nx=0.000 tfo=0.023 cnt=0.490) snap= 0.290 srm=  7.734 sat=  7.130(set=0.190 slv=6.938 max=6.9377 n=1) cex=R/T/F=0/0/1 trsplit=0 sim=14.568(rmp=0.420 run=14.147 n=1 d=0) incr=loc/full/maxdirty/keys=0/0/0/0 chk= 0.000(d=1) stat= 0.175 rest= 0.309
  [bmc-incr i=1329 repr=1 active=434/175586 POs=1]
BMC : c =     432  cl =   4503  lit =  175585  p =     0  d =     0  f =     1  +  T =     0.04 sec
  [bmc-prof 1329] wall=  37.125 p=     1 | ifo=  0.748(sd=0.187 nx=0.000 tfo=0.021 cnt=0.539) snap= 0.287 srm= 12.521 sat=  8.381(set=0.198 slv=8.180 max=8.1801 n=1) cex=R/T/F=0/0/1 trsplit=0 sim=14.681(rmp=0.633 run=14.046 n=1 d=0) incr=loc/full/maxdirty/keys=0/0/0/0 chk= 0.000(d=1) stat= 0.163 rest= 0.344
  [bmc-incr i=1330 repr=1 active=433/175585 POs=1]
BMC : c =     431  cl =   4503  lit =  175584  p =     0  d =     0  f =     1  +  T =     0.03 sec
  [bmc-prof 1330] wall=  32.644 p=     1 | ifo=  0.696(sd=0.190 nx=0.000 tfo=0.025 cnt=0.481) snap= 0.282 srm=  8.107 sat=  7.230(set=0.221 slv=7.006 max=7.0063 n=1) cex=R/T/F=0/0/1 trsplit=0 sim=15.852(rmp=0.426 run=15.426 n=1 d=0) incr=loc/full/maxdirty/keys=0/0/0/0 chk= 0.000(d=1) stat= 0.178 rest= 0.298
  [bmc-incr i=1331 repr=1 active=432/175584 POs=1]
BMC : c =     430  cl =   4503  lit =  175583  p =     0  d =     0  f =     1  +  T =     0.04 sec
  [bmc-prof 1331] wall=  35.274 p=     1 | ifo=  0.695(sd=0.179 nx=0.000 tfo=0.023 cnt=0.493) snap= 0.574 srm=  8.800 sat=  8.949(set=0.388 slv=8.559 max=8.5590 n=1) cex=R/T/F=0/0/1 trsplit=0 sim=15.696(rmp=0.483 run=15.212 n=1 d=0) incr=loc/full/maxdirty/keys=0/0/0/0 chk= 0.000(d=1) stat= 0.225 rest= 0.335
  [bmc-incr i=1332 repr=1 active=431/175583 POs=1]
BMC : c =     429  cl =   4503  lit =  175582  p =     0  d =     0  f =     1  +  T =     0.03 sec
  [bmc-prof 1332] wall=  32.112 p=     1 | ifo=  0.814(sd=0.192 nx=0.000 tfo=0.023 cnt=0.599) snap= 0.310 srm=  8.243 sat=  7.633(set=0.219 slv=7.412 max=7.4117 n=1) cex=R/T/F=0/0/1 trsplit=0 sim=14.604(rmp=0.487 run=14.115 n=1 d=0) incr=loc/full/maxdirty/keys=0/0/0/0 chk= 0.000(d=1) stat= 0.159 rest= 0.348
  [bmc-incr i=1333 repr=1 active=430/175582 POs=1]
BMC : c =     428  cl =   4503  lit =  175581  p =     0  d =     0  f =     1  +  T =     0.03 sec
  [bmc-prof 1333] wall=  31.442 p=     1 | ifo=  0.693(sd=0.176 nx=0.000 tfo=0.024 cnt=0.493) snap= 0.302 srm=  7.991 sat=  7.261(set=0.191 slv=7.068 max=7.0675 n=1) cex=R/T/F=0/0/1 trsplit=0 sim=14.721(rmp=0.441 run=14.279 n=1 d=0) incr=loc/full/maxdirty/keys=0/0/0/0 chk= 0.001(d=1) stat= 0.162 rest= 0.310
  [bmc-incr i=1334 repr=1 active=429/175581 POs=1]
BMC : c =     427  cl =   4503  lit =  175580  p =     0  d =     0  f =     1  +  T =     0.03 sec
  [bmc-prof 1334] wall=  31.674 p=     1 | ifo=  0.748(sd=0.216 nx=0.000 tfo=0.036 cnt=0.497) snap= 0.281 srm=  8.101 sat=  7.722(set=0.214 slv=7.506 max=7.5060 n=1) cex=R/T/F=0/0/1 trsplit=0 sim=14.358(rmp=0.458 run=13.898 n=1 d=0) incr=loc/full/maxdirty/keys=0/0/0/0 chk= 0.000(d=1) stat= 0.161 rest= 0.303
  [bmc-incr i=1335 repr=1 active=428/175580 POs=1]
BMC : c =     426  cl =   4503  lit =  175579  p =     0  d =     0  f =     1  +  T =     0.03 sec
  [bmc-prof 1335] wall=  31.120 p=     1 | ifo=  0.690(sd=0.181 nx=0.000 tfo=0.021 cnt=0.487) snap= 0.281 srm=  8.107 sat=  7.184(set=0.197 slv=6.985 max=6.9849 n=1) cex=R/T/F=0/0/1 trsplit=0 sim=14.404(rmp=0.416 run=13.987 n=1 d=0) incr=loc/full/maxdirty/keys=0/0/0/0 chk= 0.000(d=1) stat= 0.158 rest= 0.296
  [bmc-incr i=1336 repr=1 active=427/175579 POs=1]
BMC : c =     425  cl =   4503  lit =  175578  p =     0  d =     0  f =     1  +  T =     0.03 sec
  [bmc-prof 1336] wall=  31.661 p=     1 | ifo=  0.705(sd=0.184 nx=0.000 tfo=0.023 cnt=0.498) snap= 0.289 srm=  7.983 sat=  7.218(set=0.207 slv=7.008 max=7.0085 n=1) cex=R/T/F=0/0/1 trsplit=0 sim=14.979(rmp=0.446 run=14.531 n=1 d=0) incr=loc/full/maxdirty/keys=0/0/0/0 chk= 0.000(d=1) stat= 0.164 rest= 0.323
  [bmc-incr i=1337 repr=1 active=426/175578 POs=1]
BMC : c =     424  cl =   4503  lit =  175577  p =     0  d =     0  f =     1  +  T =     0.04 sec
  [bmc-prof 1337] wall=  37.208 p=     1 | ifo=  0.687(sd=0.180 nx=0.000 tfo=0.022 cnt=0.485) snap= 0.288 srm= 13.588 sat=  7.923(set=0.203 slv=7.718 max=7.7179 n=1) cex=R/T/F=0/0/1 trsplit=0 sim=14.252(rmp=0.442 run=13.810 n=1 d=0) incr=loc/full/maxdirty/keys=0/0/0/0 chk= 0.000(d=1) stat= 0.157 rest= 0.312
  [bmc-incr i=1338 repr=1 active=425/175577 POs=1]
BMC : c =     423  cl =   4503  lit =  175576  p =     0  d =     0  f =     1  +  T =     0.03 sec
  [bmc-prof 1338] wall=  31.575 p=     1 | ifo=  0.688(sd=0.180 nx=0.000 tfo=0.023 cnt=0.484) snap= 0.282 srm=  7.833 sat=  7.208(set=0.191 slv=7.015 max=7.0150 n=1) cex=R/T/F=0/0/1 trsplit=0 sim=15.097(rmp=0.431 run=14.665 n=1 d=0) incr=loc/full/maxdirty/keys=0/0/0/0 chk= 0.000(d=1) stat= 0.171 rest= 0.296
  [bmc-incr i=1339 repr=1 active=424/175576 POs=1]
BMC : c =     422  cl =   4503  lit =  175575  p =     0  d =     0  f =     1  +  T =     0.03 sec
  [bmc-prof 1339] wall=  32.669 p=     1 | ifo=  0.747(sd=0.185 nx=0.000 tfo=0.022 cnt=0.539) snap= 0.388 srm=  8.911 sat=  7.401(set=0.201 slv=7.198 max=7.1983 n=1) cex=R/T/F=0/0/1 trsplit=0 sim=14.743(rmp=0.443 run=14.299 n=1 d=0) incr=loc/full/maxdirty/keys=0/0/0/0 chk= 0.000(d=1) stat= 0.166 rest= 0.313
  [bmc-incr i=1340 repr=1 active=423/175575 POs=1]
BMC : c =     421  cl =   4503  lit =  175574  p =     0  d =     0  f =     1  +  T =     0.03 sec
  [bmc-prof 1340] wall=  32.253 p=     1 | ifo=  0.708(sd=0.193 nx=0.000 tfo=0.021 cnt=0.494) snap= 0.400 srm=  9.449 sat=  7.159(set=0.237 slv=6.919 max=6.9193 n=1) cex=R/T/F=0/0/1 trsplit=0 sim=14.089(rmp=0.461 run=13.627 n=1 d=0) incr=loc/full/maxdirty/keys=0/0/0/0 chk= 0.000(d=1) stat= 0.157 rest= 0.291
  [bmc-incr i=1341 repr=1 active=422/175574 POs=1]
BMC : c =     420  cl =   4503  lit =  175573  p =     0  d =     0  f =     1  +  T =     0.03 sec
  [bmc-prof 1341] wall=  32.945 p=     1 | ifo=  0.694(sd=0.180 nx=0.000 tfo=0.025 cnt=0.489) snap= 0.305 srm=  7.851 sat=  8.955(set=0.198 slv=8.756 max=8.7558 n=1) cex=R/T/F=0/0/1 trsplit=0 sim=14.669(rmp=0.441 run=14.227 n=1 d=0) incr=loc/full/maxdirty/keys=0/0/0/0 chk= 0.000(d=1) stat= 0.157 rest= 0.314
  [bmc-incr i=1342 repr=1 active=421/175573 POs=1]
BMC : c =     419  cl =   4503  lit =  175572  p =     0  d =     0  f =     1  +  T =     0.03 sec
  [bmc-prof 1342] wall=  30.813 p=     1 | ifo=  0.678(sd=0.176 nx=0.000 tfo=0.023 cnt=0.479) snap= 0.309 srm=  8.025 sat=  7.227(set=0.190 slv=7.035 max=7.0349 n=1) cex=R/T/F=0/0/1 trsplit=0 sim=14.112(rmp=0.426 run=13.686 n=1 d=0) incr=loc/full/maxdirty/keys=0/0/0/0 chk= 0.000(d=1) stat= 0.160 rest= 0.302
  [bmc-incr i=1343 repr=1 active=420/175572 POs=1]
BMC : c =     418  cl =   4503  lit =  175571  p =     0  d =     0  f =     1  +  T =     0.03 sec
  [bmc-prof 1343] wall=  31.210 p=     1 | ifo=  0.707(sd=0.178 nx=0.000 tfo=0.021 cnt=0.508) snap= 0.281 srm=  7.970 sat=  7.380(set=0.205 slv=7.171 max=7.1715 n=1) cex=R/T/F=0/0/1 trsplit=0 sim=14.412(rmp=0.498 run=13.913 n=1 d=0) incr=loc/full/maxdirty/keys=0/0/0/0 chk= 0.000(d=1) stat= 0.158 rest= 0.301
  [bmc-incr i=1344 repr=1 active=419/175571 POs=1]
BMC : c =     417  cl =   4503  lit =  175570  p =     0  d =     0  f =     1  +  T =     0.03 sec
  [bmc-prof 1344] wall=  31.126 p=     1 | ifo=  1.030(sd=0.505 nx=0.000 tfo=0.022 cnt=0.502) snap= 0.283 srm=  7.924 sat=  7.235(set=0.198 slv=7.035 max=7.0351 n=1) cex=R/T/F=0/0/1 trsplit=0 sim=14.201(rmp=0.414 run=13.786 n=1 d=0) incr=loc/full/maxdirty/keys=0/0/0/0 chk= 0.000(d=1) stat= 0.155 rest= 0.298
  [bmc-incr i=1345 repr=1 active=418/175570 POs=1]
BMC : c =     416  cl =   4503  lit =  175569  p =     0  d =     0  f =     1  +  T =     0.03 sec
  [bmc-prof 1345] wall=  32.304 p=     1 | ifo=  0.724(sd=0.204 nx=0.000 tfo=0.022 cnt=0.498) snap= 0.370 srm=  8.581 sat=  7.263(set=0.212 slv=7.049 max=7.0490 n=1) cex=R/T/F=0/0/1 trsplit=0 sim=14.889(rmp=0.459 run=14.429 n=1 d=0) incr=loc/full/maxdirty/keys=0/0/0/0 chk= 0.000(d=1) stat= 0.175 rest= 0.302
  [bmc-incr i=1346 repr=1 active=417/175569 POs=1]
BMC : c =     415  cl =   4503  lit =  175568  p =     0  d =     0  f =     1  +  T =     0.03 sec
  [bmc-prof 1346] wall=  34.372 p=     1 | ifo=  0.699(sd=0.186 nx=0.000 tfo=0.023 cnt=0.491) snap= 0.281 srm=  7.915 sat=  7.299(set=0.192 slv=7.104 max=7.1041 n=1) cex=R/T/F=0/0/1 trsplit=0 sim=17.684(rmp=0.475 run=17.208 n=1 d=0) incr=loc/full/maxdirty/keys=0/0/0/0 chk= 0.000(d=1) stat= 0.174 rest= 0.318
  [bmc-incr i=1347 repr=1 active=416/175568 POs=1]
BMC : c =     414  cl =   4503  lit =  175567  p =     0  d =     0  f =     1  +  T =     0.03 sec
  [bmc-prof 1347] wall=  33.872 p=     1 | ifo=  0.699(sd=0.179 nx=0.000 tfo=0.021 cnt=0.500) snap= 0.292 srm=  8.197 sat=  7.867(set=0.224 slv=7.641 max=7.6409 n=1) cex=R/T/F=0/0/1 trsplit=0 sim=16.329(rmp=0.439 run=15.888 n=1 d=0) incr=loc/full/maxdirty/keys=0/0/0/0 chk= 0.000(d=1) stat= 0.172 rest= 0.315
  [bmc-incr i=1348 repr=1 active=415/175567 POs=1]
BMC : c =     413  cl =   4503  lit =  175566  p =     0  d =     0  f =     1  +  T =     0.03 sec
  [bmc-prof 1348] wall=  31.798 p=     1 | ifo=  0.686(sd=0.182 nx=0.000 tfo=0.023 cnt=0.481) snap= 0.295 srm=  8.150 sat=  7.677(set=0.206 slv=7.468 max=7.4681 n=1) cex=R/T/F=0/0/1 trsplit=0 sim=14.517(rmp=0.451 run=14.065 n=1 d=0) incr=loc/full/maxdirty/keys=0/0/0/0 chk= 0.000(d=1) stat= 0.165 rest= 0.309
  [bmc-incr i=1349 repr=1 active=414/175566 POs=1]
BMC : c =     412  cl =   4503  lit =  175565  p =     0  d =     0  f =     1  +  T =     0.03 sec
  [bmc-prof 1349] wall=  32.761 p=     1 | ifo=  0.721(sd=0.198 nx=0.000 tfo=0.023 cnt=0.500) snap= 0.384 srm=  8.240 sat=  8.380(set=0.195 slv=8.183 max=8.1831 n=1) cex=R/T/F=0/0/1 trsplit=0 sim=14.551(rmp=0.590 run=13.961 n=1 d=0) incr=loc/full/maxdirty/keys=0/0/0/0 chk= 0.000(d=1) stat= 0.157 rest= 0.328
  [bmc-incr i=1350 repr=1 active=413/175565 POs=1]
BMC : c =     411  cl =   4503  lit =  175564  p =     0  d =     0  f =     1  +  T =     0.03 sec
  [bmc-prof 1350] wall=  33.147 p=     1 | ifo=  0.692(sd=0.177 nx=0.000 tfo=0.023 cnt=0.492) snap= 0.314 srm=  8.525 sat=  7.385(set=0.213 slv=7.169 max=7.1692 n=1) cex=R/T/F=0/0/1 trsplit=0 sim=15.720(rmp=0.452 run=15.266 n=1 d=0) incr=loc/full/maxdirty/keys=0/0/0/0 chk= 0.000(d=1) stat= 0.177 rest= 0.334
  [bmc-incr i=1351 repr=1 active=412/175564 POs=1]
BMC : c =     410  cl =   4503  lit =  175563  p =     0  d =     0  f =     1  +  T =     0.03 sec
  [bmc-prof 1351] wall=  31.739 p=     1 | ifo=  0.711(sd=0.187 nx=0.000 tfo=0.025 cnt=0.498) snap= 0.304 srm=  8.481 sat=  7.346(set=0.227 slv=7.118 max=7.1177 n=1) cex=R/T/F=0/0/1 trsplit=0 sim=14.434(rmp=0.449 run=13.984 n=1 d=0) incr=loc/full/maxdirty/keys=0/0/0/0 chk= 0.000(d=1) stat= 0.158 rest= 0.304
  [bmc-incr i=1352 repr=1 active=411/175563 POs=1]
BMC : c =     409  cl =   4503  lit =  175562  p =     0  d =     0  f =     1  +  T =     0.03 sec
  [bmc-prof 1352] wall=  31.111 p=     1 | ifo=  0.690(sd=0.188 nx=0.000 tfo=0.024 cnt=0.479) snap= 0.283 srm=  7.917 sat=  7.249(set=0.191 slv=7.056 max=7.0565 n=1) cex=R/T/F=0/0/1 trsplit=0 sim=14.487(rmp=0.427 run=14.059 n=1 d=0) incr=loc/full/maxdirty/keys=0/0/0/0 chk= 0.000(d=1) stat= 0.179 rest= 0.305
  [bmc-incr i=1353 repr=1 active=410/175562 POs=1]
BMC : c =     408  cl =   4503  lit =  175561  p =     0  d =     0  f =     1  +  T =     0.03 sec
  [bmc-prof 1353] wall=  30.834 p=     1 | ifo=  0.710(sd=0.196 nx=0.000 tfo=0.025 cnt=0.488) snap= 0.284 srm=  7.966 sat=  7.214(set=0.204 slv=7.008 max=7.0080 n=1) cex=R/T/F=0/0/1 trsplit=0 sim=14.207(rmp=0.419 run=13.787 n=1 d=0) incr=loc/full/maxdirty/keys=0/0/0/0 chk= 0.000(d=1) stat= 0.157 rest= 0.295
  [bmc-incr i=1354 repr=1 active=409/175561 POs=1]
BMC : c =     407  cl =   4503  lit =  175560  p =     0  d =     0  f =     1  +  T =     0.03 sec
  [bmc-prof 1354] wall=  33.032 p=     1 | ifo=  0.694(sd=0.190 nx=0.000 tfo=0.024 cnt=0.480) snap= 0.286 srm=  7.880 sat=  7.417(set=0.193 slv=7.222 max=7.2217 n=1) cex=R/T/F=0/0/1 trsplit=0 sim=16.237(rmp=0.551 run=15.686 n=1 d=0) incr=loc/full/maxdirty/keys=0/0/0/0 chk= 0.000(d=1) stat= 0.176 rest= 0.342
  [bmc-incr i=1355 repr=1 active=408/175560 POs=1]
BMC : c =     406  cl =   4503  lit =  175559  p =     0  d =     0  f =     1  +  T =     0.03 sec
  [bmc-prof 1355] wall=  30.354 p=     1 | ifo=  0.698(sd=0.177 nx=0.000 tfo=0.021 cnt=0.499) snap= 0.281 srm=  7.907 sat=  7.459(set=0.204 slv=7.253 max=7.2528 n=1) cex=R/T/F=0/0/1 trsplit=0 sim=13.497(rmp=0.497 run=13.000 n=1 d=0) incr=loc/full/maxdirty/keys=0/0/0/0 chk= 0.000(d=1) stat= 0.171 rest= 0.341
  [bmc-incr i=1356 repr=1 active=407/175559 POs=1]
BMC : c =     405  cl =   4503  lit =  175558  p =     0  d =     0  f =     1  +  T =     0.03 sec
  [bmc-prof 1356] wall=  31.567 p=     1 | ifo=  0.752(sd=0.242 nx=0.000 tfo=0.021 cnt=0.490) snap= 0.282 srm=  7.825 sat=  8.070(set=0.199 slv=7.870 max=7.8696 n=1) cex=R/T/F=0/0/1 trsplit=0 sim=14.182(rmp=0.446 run=13.734 n=1 d=0) incr=loc/full/maxdirty/keys=0/0/0/0 chk= 0.000(d=1) stat= 0.156 rest= 0.299
  [bmc-incr i=1357 repr=1 active=406/175558 POs=1]
BMC : c =     404  cl =   4503  lit =  175557  p =     0  d =     0  f =     1  +  T =     0.03 sec
  [bmc-prof 1357] wall=  31.121 p=     1 | ifo=  0.693(sd=0.176 nx=0.000 tfo=0.032 cnt=0.485) snap= 0.280 srm=  7.957 sat=  7.184(set=0.189 slv=6.993 max=6.9927 n=1) cex=R/T/F=0/0/1 trsplit=0 sim=14.485(rmp=0.415 run=14.069 n=1 d=0) incr=loc/full/maxdirty/keys=0/0/0/0 chk= 0.000(d=1) stat= 0.217 rest= 0.304
  [bmc-incr i=1358 repr=1 active=405/175557 POs=1]
BMC : c =     403  cl =   4503  lit =  175556  p =     0  d =     0  f =     1  +  T =     0.03 sec
  [bmc-prof 1358] wall=  31.649 p=     1 | ifo=  0.702(sd=0.183 nx=0.000 tfo=0.021 cnt=0.498) snap= 0.348 srm=  8.518 sat=  7.358(set=0.222 slv=7.134 max=7.1338 n=1) cex=R/T/F=0/0/1 trsplit=0 sim=14.264(rmp=0.448 run=13.816 n=1 d=0) incr=loc/full/maxdirty/keys=0/0/0/0 chk= 0.000(d=1) stat= 0.156 rest= 0.303
  [bmc-incr i=1359 repr=1 active=404/175556 POs=1]
BMC : c =     402  cl =   4503  lit =  175555  p =     0  d =     0  f =     1  +  T =     0.03 sec
  [bmc-prof 1359] wall=  30.772 p=     1 | ifo=  0.696(sd=0.183 nx=0.000 tfo=0.020 cnt=0.494) snap= 0.283 srm=  7.969 sat=  7.180(set=0.191 slv=6.987 max=6.9872 n=1) cex=R/T/F=0/0/1 trsplit=0 sim=14.183(rmp=0.420 run=13.762 n=1 d=0) incr=loc/full/maxdirty/keys=0/0/0/0 chk= 0.000(d=1) stat= 0.161 rest= 0.300
  [bmc-incr i=1360 repr=1 active=403/175555 POs=1]
BMC : c =     401  cl =   4503  lit =  175554  p =     0  d =     0  f =     1  +  T =     0.03 sec
  [bmc-prof 1360] wall=  31.018 p=     1 | ifo=  0.693(sd=0.179 nx=0.000 tfo=0.020 cnt=0.494) snap= 0.282 srm=  7.844 sat=  7.300(set=0.225 slv=7.074 max=7.0738 n=1) cex=R/T/F=0/0/1 trsplit=0 sim=14.377(rmp=0.453 run=13.923 n=1 d=0) incr=loc/full/maxdirty/keys=0/0/0/0 chk= 0.000(d=1) stat= 0.209 rest= 0.313
  [bmc-incr i=1361 repr=1 active=402/175554 POs=1]
BMC : c =     400  cl =   4503  lit =  175553  p =     0  d =     0  f =     1  +  T =     0.03 sec
  [bmc-prof 1361] wall=  31.112 p=     1 | ifo=  0.697(sd=0.180 nx=0.000 tfo=0.021 cnt=0.496) snap= 0.297 srm=  8.083 sat=  7.208(set=0.199 slv=7.007 max=7.0074 n=1) cex=R/T/F=0/0/1 trsplit=0 sim=14.374(rmp=0.427 run=13.946 n=1 d=0) incr=loc/full/maxdirty/keys=0/0/0/0 chk= 0.000(d=1) stat= 0.160 rest= 0.293
  [bmc-incr i=1362 repr=1 active=401/175553 POs=1]
BMC : c =     399  cl =   4503  lit =  175552  p =     0  d =     0  f =     1  +  T =     0.03 sec
  [bmc-prof 1362] wall=  31.463 p=     1 | ifo=  0.759(sd=0.207 nx=0.000 tfo=0.038 cnt=0.514) snap= 0.284 srm=  8.023 sat=  7.253(set=0.202 slv=7.049 max=7.0491 n=1) cex=R/T/F=0/0/1 trsplit=0 sim=14.627(rmp=0.482 run=14.143 n=1 d=0) incr=loc/full/maxdirty/keys=0/0/0/0 chk= 0.001(d=1) stat= 0.184 rest= 0.333
  [bmc-incr i=1363 repr=1 active=400/175552 POs=1]
BMC : c =     398  cl =   4503  lit =  175551  p =     0  d =     0  f =     1  +  T =     0.03 sec
  [bmc-prof 1363] wall=  33.620 p=     1 | ifo=  0.859(sd=0.300 nx=0.000 tfo=0.044 cnt=0.515) snap= 0.286 srm=  9.641 sat=  7.306(set=0.204 slv=7.100 max=7.1000 n=1) cex=R/T/F=0/0/1 trsplit=0 sim=15.043(rmp=0.446 run=14.596 n=1 d=0) incr=loc/full/maxdirty/keys=0/0/0/0 chk= 0.000(d=1) stat= 0.172 rest= 0.313
  [bmc-incr i=1364 repr=1 active=399/175551 POs=1]
BMC : c =     397  cl =   4503  lit =  175550  p =     0  d =     0  f =     1  +  T =     0.03 sec
  [bmc-prof 1364] wall=  31.737 p=     1 | ifo=  0.701(sd=0.176 nx=0.000 tfo=0.021 cnt=0.503) snap= 0.305 srm=  7.951 sat=  7.421(set=0.196 slv=7.224 max=7.2238 n=1) cex=R/T/F=0/0/1 trsplit=0 sim=14.870(rmp=0.458 run=14.411 n=1 d=0) incr=loc/full/maxdirty/keys=0/0/0/0 chk= 0.000(d=1) stat= 0.169 rest= 0.319
  [bmc-incr i=1365 repr=1 active=398/175550 POs=1]
BMC : c =     396  cl =   4503  lit =  175549  p =     0  d =     0  f =     1  +  T =     0.03 sec
  [bmc-prof 1365] wall=  34.783 p=     1 | ifo=  0.708(sd=0.194 nx=0.000 tfo=0.023 cnt=0.490) snap= 0.282 srm=  7.868 sat= 10.476(set=0.607 slv=9.867 max=9.8671 n=1) cex=R/T/F=0/0/1 trsplit=0 sim=14.975(rmp=0.430 run=14.545 n=1 d=0) incr=loc/full/maxdirty/keys=0/0/0/0 chk= 0.000(d=1) stat= 0.163 rest= 0.311
  [bmc-incr i=1366 repr=1 active=397/175549 POs=1]
BMC : c =     395  cl =   4503  lit =  175548  p =     0  d =     0  f =     1  +  T =     0.03 sec
  [bmc-prof 1366] wall=  32.996 p=     1 | ifo=  0.691(sd=0.179 nx=0.000 tfo=0.020 cnt=0.492) snap= 0.316 srm=  7.871 sat=  7.261(set=0.193 slv=7.066 max=7.0662 n=1) cex=R/T/F=0/0/1 trsplit=0 sim=16.380(rmp=0.429 run=15.950 n=1 d=0) incr=loc/full/maxdirty/keys=0/0/0/0 chk= 0.000(d=1) stat= 0.165 rest= 0.311
  [bmc-incr i=1367 repr=1 active=396/175548 POs=1]
BMC : c =     394  cl =   4503  lit =  175547  p =     0  d =     0  f =     1  +  T =     0.03 sec
  [bmc-prof 1367] wall=  32.722 p=     1 | ifo=  0.753(sd=0.179 nx=0.000 tfo=0.021 cnt=0.553) snap= 0.351 srm=  9.191 sat=  7.451(set=0.251 slv=7.198 max=7.1985 n=1) cex=R/T/F=0/0/1 trsplit=0 sim=14.492(rmp=0.484 run=14.007 n=1 d=0) incr=loc/full/maxdirty/keys=0/0/0/0 chk= 0.000(d=1) stat= 0.164 rest= 0.321
  [bmc-incr i=1368 repr=1 active=395/175547 POs=1]
BMC : c =     393  cl =   4503  lit =  175546  p =     0  d =     0  f =     1  +  T =     0.03 sec
  [bmc-prof 1368] wall=  33.454 p=     1 | ifo=  0.814(sd=0.240 nx=0.000 tfo=0.038 cnt=0.536) snap= 0.294 srm=  7.916 sat=  7.369(set=0.197 slv=7.171 max=7.1707 n=1) cex=R/T/F=0/0/1 trsplit=0 sim=16.595(rmp=0.434 run=16.160 n=1 d=0) incr=loc/full/maxdirty/keys=0/0/0/0 chk= 0.000(d=1) stat= 0.163 rest= 0.302
  [bmc-incr i=1369 repr=1 active=394/175546 POs=1]
BMC : c =     392  cl =   4503  lit =  175545  p =     0  d =     0  f =     1  +  T =     0.03 sec
  [bmc-prof 1369] wall=  31.391 p=     1 | ifo=  0.691(sd=0.180 nx=0.000 tfo=0.023 cnt=0.488) snap= 0.301 srm=  8.156 sat=  7.450(set=0.195 slv=7.253 max=7.2527 n=1) cex=R/T/F=0/0/1 trsplit=0 sim=14.344(rmp=0.423 run=13.920 n=1 d=0) incr=loc/full/maxdirty/keys=0/0/0/0 chk= 0.000(d=1) stat= 0.157 rest= 0.292
  [bmc-incr i=1370 repr=1 active=393/175545 POs=1]
BMC : c =     391  cl =   4503  lit =  175544  p =     0  d =     0  f =     1  +  T =     0.03 sec
  [bmc-prof 1370] wall=  31.364 p=     1 | ifo=  0.713(sd=0.198 nx=0.000 tfo=0.024 cnt=0.491) snap= 0.280 srm=  8.096 sat=  7.240(set=0.208 slv=7.031 max=7.0309 n=1) cex=R/T/F=0/0/1 trsplit=0 sim=14.562(rmp=0.432 run=14.129 n=1 d=0) incr=loc/full/maxdirty/keys=0/0/0/0 chk= 0.000(d=1) stat= 0.166 rest= 0.306
  [bmc-incr i=1371 repr=1 active=392/175544 POs=1]
BMC : c =     390  cl =   4503  lit =  175543  p =     0  d =     0  f =     1  +  T =     0.03 sec
  [bmc-prof 1371] wall=  31.040 p=     1 | ifo=  0.699(sd=0.181 nx=0.000 tfo=0.019 cnt=0.498) snap= 0.284 srm=  7.968 sat=  7.293(set=0.189 slv=7.102 max=7.1016 n=1) cex=R/T/F=0/0/1 trsplit=0 sim=14.333(rmp=0.441 run=13.892 n=1 d=0) incr=loc/full/maxdirty/keys=0/0/0/0 chk= 0.000(d=1) stat= 0.157 rest= 0.306
  [bmc-incr i=1372 repr=1 active=391/175543 POs=1]
BMC : c =     389  cl =   4503  lit =  175542  p =     0  d =     0  f =     1  +  T =     0.03 sec
  [bmc-prof 1372] wall=  31.514 p=     1 | ifo=  0.693(sd=0.180 nx=0.000 tfo=0.017 cnt=0.496) snap= 0.284 srm=  8.113 sat=  7.465(set=0.205 slv=7.258 max=7.2583 n=1) cex=R/T/F=0/0/1 trsplit=0 sim=14.481(rmp=0.434 run=14.046 n=1 d=0) incr=loc/full/maxdirty/keys=0/0/0/0 chk= 0.000(d=1) stat= 0.158 rest= 0.321
  [bmc-incr i=1373 repr=1 active=390/175542 POs=1]
BMC : c =     388  cl =   4503  lit =  175541  p =     0  d =     0  f =     1  +  T =     0.03 sec
  [bmc-prof 1373] wall=  31.200 p=     1 | ifo=  0.700(sd=0.177 nx=0.000 tfo=0.020 cnt=0.504) snap= 0.282 srm=  8.132 sat=  7.427(set=0.204 slv=7.221 max=7.2214 n=1) cex=R/T/F=0/0/1 trsplit=0 sim=14.212(rmp=0.431 run=13.780 n=1 d=0) incr=loc/full/maxdirty/keys=0/0/0/0 chk= 0.000(d=1) stat= 0.155 rest= 0.291
  [bmc-incr i=1374 repr=1 active=389/175541 POs=1]
BMC : c =     387  cl =   4503  lit =  175540  p =     0  d =     0  f =     1  +  T =     0.03 sec
  [bmc-prof 1374] wall=  33.616 p=     1 | ifo=  0.707(sd=0.200 nx=0.000 tfo=0.021 cnt=0.487) snap= 0.299 srm=  8.305 sat=  8.992(set=0.193 slv=8.797 max=8.7969 n=1) cex=R/T/F=0/0/1 trsplit=0 sim=14.854(rmp=0.431 run=14.423 n=1 d=0) incr=loc/full/maxdirty/keys=0/0/0/0 chk= 0.000(d=1) stat= 0.156 rest= 0.302
  [bmc-incr i=1375 repr=1 active=388/175540 POs=1]
BMC : c =     386  cl =   4503  lit =  175539  p =     0  d =     0  f =     1  +  T =     0.03 sec
  [bmc-prof 1375] wall=  32.675 p=     1 | ifo=  0.690(sd=0.176 nx=0.000 tfo=0.021 cnt=0.493) snap= 0.294 srm=  7.947 sat=  8.651(set=0.199 slv=8.451 max=8.4511 n=1) cex=R/T/F=0/0/1 trsplit=0 sim=14.625(rmp=0.431 run=14.193 n=1 d=0) incr=loc/full/maxdirty/keys=0/0/0/0 chk= 0.000(d=1) stat= 0.156 rest= 0.312
  [bmc-incr i=1376 repr=1 active=387/175539 POs=1]
BMC : c =     385  cl =   4503  lit =  175538  p =     0  d =     0  f =     1  +  T =     0.03 sec
  [bmc-prof 1376] wall=  31.063 p=     1 | ifo=  0.693(sd=0.177 nx=0.000 tfo=0.020 cnt=0.496) snap= 0.279 srm=  7.769 sat=  7.262(set=0.198 slv=7.062 max=7.0618 n=1) cex=R/T/F=0/0/1 trsplit=0 sim=14.415(rmp=0.423 run=13.990 n=1 d=0) incr=loc/full/maxdirty/keys=0/0/0/0 chk= 0.000(d=1) stat= 0.196 rest= 0.449
  [bmc-incr i=1377 repr=1 active=386/175538 POs=1]
BMC : c =     384  cl =   4503  lit =  175537  p =     0  d =     0  f =     1  +  T =     0.03 sec
  [bmc-prof 1377] wall=  33.107 p=     1 | ifo=  0.742(sd=0.241 nx=0.000 tfo=0.021 cnt=0.480) snap= 0.326 srm=  9.697 sat=  7.326(set=0.203 slv=7.121 max=7.1214 n=1) cex=R/T/F=0/0/1 trsplit=0 sim=14.567(rmp=0.445 run=14.121 n=1 d=0) incr=loc/full/maxdirty/keys=0/0/0/0 chk= 0.000(d=1) stat= 0.158 rest= 0.292
  [bmc-incr i=1378 repr=1 active=385/175537 POs=1]
BMC : c =     383  cl =   4503  lit =  175536  p =     0  d =     0  f =     1  +  T =     0.03 sec
  [bmc-prof 1378] wall=  32.765 p=     1 | ifo=  0.687(sd=0.185 nx=0.000 tfo=0.022 cnt=0.480) snap= 0.279 srm=  7.789 sat=  7.322(set=0.199 slv=7.122 max=7.1217 n=1) cex=R/T/F=0/0/1 trsplit=0 sim=15.924(rmp=0.435 run=15.487 n=1 d=0) incr=loc/full/maxdirty/keys=0/0/0/0 chk= 0.000(d=1) stat= 0.354 rest= 0.408
  [bmc-incr i=1379 repr=1 active=384/175536 POs=1]
BMC : c =     382  cl =   4503  lit =  175535  p =     0  d =     0  f =     1  +  T =     0.03 sec
  [bmc-prof 1379] wall=  33.401 p=     1 | ifo=  1.408(sd=0.377 nx=0.000 tfo=0.029 cnt=1.002) snap= 0.283 srm=  9.559 sat=  7.491(set=0.227 slv=7.262 max=7.2617 n=1) cex=R/T/F=0/0/1 trsplit=0 sim=14.202(rmp=0.446 run=13.755 n=1 d=0) incr=loc/full/maxdirty/keys=0/0/0/0 chk= 0.000(d=1) stat= 0.159 rest= 0.300
  [bmc-incr i=1380 repr=1 active=383/175535 POs=1]
BMC : c =     381  cl =   4503  lit =  175534  p =     0  d =     0  f =     1  +  T =     0.03 sec
  [bmc-prof 1380] wall=  32.731 p=     1 | ifo=  0.979(sd=0.208 nx=0.000 tfo=0.034 cnt=0.736) snap= 0.308 srm=  8.873 sat=  7.356(set=0.210 slv=7.143 max=7.1428 n=1) cex=R/T/F=0/0/1 trsplit=0 sim=14.712(rmp=0.447 run=14.264 n=1 d=0) incr=loc/full/maxdirty/keys=0/0/0/0 chk= 0.000(d=1) stat= 0.185 rest= 0.319
  [bmc-incr i=1381 repr=1 active=382/175534 POs=1]
BMC : c =     380  cl =   4503  lit =  175533  p =     0  d =     0  f =     1  +  T =     0.03 sec
  [bmc-prof 1381] wall=  31.431 p=     1 | ifo=  0.723(sd=0.185 nx=0.000 tfo=0.022 cnt=0.515) snap= 0.301 srm=  8.087 sat=  7.454(set=0.201 slv=7.250 max=7.2501 n=1) cex=R/T/F=0/0/1 trsplit=0 sim=14.391(rmp=0.446 run=13.944 n=1 d=0) incr=loc/full/maxdirty/keys=0/0/0/0 chk= 0.000(d=1) stat= 0.168 rest= 0.307
  [bmc-incr i=1382 repr=1 active=381/175533 POs=1]
BMC : c =     379  cl =   4503  lit =  175532  p =     0  d =     0  f =     1  +  T =     0.03 sec
  [bmc-prof 1382] wall=  32.051 p=     1 | ifo=  0.744(sd=0.211 nx=0.000 tfo=0.037 cnt=0.496) snap= 0.296 srm=  8.055 sat=  7.555(set=0.204 slv=7.349 max=7.3493 n=1) cex=R/T/F=0/0/1 trsplit=0 sim=14.850(rmp=0.457 run=14.391 n=1 d=0) incr=loc/full/maxdirty/keys=0/0/0/0 chk= 0.000(d=1) stat= 0.196 rest= 0.354
  [bmc-incr i=1383 repr=1 active=380/175532 POs=1]
BMC : c =     378  cl =   4503  lit =  175531  p =     0  d =     0  f =     1  +  T =     0.03 sec
  [bmc-prof 1383] wall=  32.843 p=     1 | ifo=  0.797(sd=0.223 nx=0.000 tfo=0.023 cnt=0.550) snap= 0.285 srm=  9.529 sat=  7.508(set=0.200 slv=7.306 max=7.3061 n=1) cex=R/T/F=0/0/1 trsplit=0 sim=14.247(rmp=0.430 run=13.815 n=1 d=0) incr=loc/full/maxdirty/keys=0/0/0/0 chk= 0.000(d=1) stat= 0.159 rest= 0.318
  [bmc-incr i=1384 repr=1 active=379/175531 POs=1]
BMC : c =     377  cl =   4503  lit =  175530  p =     0  d =     0  f =     1  +  T =     0.03 sec
  [bmc-prof 1384] wall=  32.492 p=     1 | ifo=  0.681(sd=0.179 nx=0.000 tfo=0.022 cnt=0.481) snap= 0.297 srm=  8.017 sat=  7.364(set=0.203 slv=7.158 max=7.1584 n=1) cex=R/T/F=0/0/1 trsplit=0 sim=15.633(rmp=0.638 run=14.993 n=1 d=0) incr=loc/full/maxdirty/keys=0/0/0/0 chk= 0.000(d=1) stat= 0.178 rest= 0.322
  [bmc-incr i=1385 repr=1 active=378/175530 POs=1]
BMC : c =     376  cl =   4503  lit =  175529  p =     0  d =     0  f =     1  +  T =     0.03 sec
  [bmc-prof 1385] wall=  33.441 p=     1 | ifo=  0.682(sd=0.180 nx=0.000 tfo=0.021 cnt=0.481) snap= 0.347 srm=  9.037 sat=  7.813(set=0.237 slv=7.573 max=7.5734 n=1) cex=R/T/F=0/0/1 trsplit=0 sim=15.070(rmp=0.514 run=14.555 n=1 d=0) incr=loc/full/maxdirty/keys=0/0/0/0 chk= 0.000(d=1) stat= 0.171 rest= 0.322
  [bmc-incr i=1386 repr=1 active=377/175529 POs=1]
BMC : c =     375  cl =   4503  lit =  175528  p =     0  d =     0  f =     1  +  T =     0.03 sec
  [bmc-prof 1386] wall=  31.675 p=     1 | ifo=  0.794(sd=0.251 nx=0.000 tfo=0.026 cnt=0.517) snap= 0.285 srm=  8.282 sat=  7.398(set=0.214 slv=7.182 max=7.1818 n=1) cex=R/T/F=0/0/1 trsplit=0 sim=14.446(rmp=0.469 run=13.976 n=1 d=0) incr=loc/full/maxdirty/keys=0/0/0/0 chk= 0.000(d=1) stat= 0.155 rest= 0.315
  [bmc-incr i=1387 repr=1 active=376/175528 POs=1]
BMC : c =     374  cl =   4503  lit =  175527  p =     0  d =     0  f =     1  +  T =     0.03 sec
  [bmc-prof 1387] wall=  30.977 p=     1 | ifo=  0.695(sd=0.179 nx=0.000 tfo=0.020 cnt=0.495) snap= 0.306 srm=  8.065 sat=  7.319(set=0.200 slv=7.117 max=7.1171 n=1) cex=R/T/F=0/0/1 trsplit=0 sim=14.144(rmp=0.462 run=13.681 n=1 d=0) incr=loc/full/maxdirty/keys=0/0/0/0 chk= 0.000(d=1) stat= 0.154 rest= 0.294
  [bmc-incr i=1388 repr=1 active=375/175527 POs=1]
BMC : c =     373  cl =   4503  lit =  175526  p =     0  d =     0  f =     1  +  T =     0.03 sec
  [bmc-prof 1388] wall=  31.808 p=     1 | ifo=  0.684(sd=0.176 nx=0.000 tfo=0.020 cnt=0.488) snap= 0.281 srm=  8.711 sat=  7.355(set=0.196 slv=7.157 max=7.1568 n=1) cex=R/T/F=0/0/1 trsplit=0 sim=14.306(rmp=0.441 run=13.864 n=1 d=0) incr=loc/full/maxdirty/keys=0/0/0/0 chk= 0.000(d=1) stat= 0.164 rest= 0.309
  [bmc-incr i=1389 repr=1 active=374/175526 POs=1]
BMC : c =     372  cl =   4503  lit =  175525  p =     0  d =     0  f =     1  +  T =     0.03 sec
  [bmc-prof 1389] wall=  31.079 p=     1 | ifo=  0.685(sd=0.174 nx=0.000 tfo=0.017 cnt=0.494) snap= 0.299 srm=  8.003 sat=  7.341(set=0.195 slv=7.145 max=7.1447 n=1) cex=R/T/F=0/0/1 trsplit=0 sim=14.292(rmp=0.472 run=13.818 n=1 d=0) incr=loc/full/maxdirty/keys=0/0/0/0 chk= 0.000(d=1) stat= 0.157 rest= 0.302
  [bmc-incr i=1390 repr=1 active=373/175525 POs=1]
BMC : c =     371  cl =   4503  lit =  175524  p =     0  d =     0  f =     1  +  T =     0.03 sec
  [bmc-prof 1390] wall=  31.895 p=     1 | ifo=  0.707(sd=0.195 nx=0.000 tfo=0.029 cnt=0.484) snap= 0.304 srm=  8.175 sat=  7.525(set=0.193 slv=7.329 max=7.3292 n=1) cex=R/T/F=0/0/1 trsplit=0 sim=14.701(rmp=0.464 run=14.237 n=1 d=0) incr=loc/full/maxdirty/keys=0/0/0/0 chk= 0.000(d=1) stat= 0.159 rest= 0.323
  [bmc-incr i=1391 repr=1 active=372/175524 POs=1]
BMC : c =     370  cl =   4503  lit =  175523  p =     0  d =     0  f =     1  +  T =     0.03 sec
  [bmc-prof 1391] wall=  31.027 p=     1 | ifo=  0.699(sd=0.182 nx=0.000 tfo=0.020 cnt=0.498) snap= 0.280 srm=  7.973 sat=  7.288(set=0.208 slv=7.078 max=7.0780 n=1) cex=R/T/F=0/0/1 trsplit=0 sim=14.320(rmp=0.412 run=13.907 n=1 d=0) incr=loc/full/maxdirty/keys=0/0/0/0 chk= 0.000(d=1) stat= 0.164 rest= 0.303
  [bmc-incr i=1392 repr=1 active=371/175523 POs=1]
BMC : c =     369  cl =   4503  lit =  175522  p =     0  d =     0  f =     1  +  T =     0.03 sec
  [bmc-prof 1392] wall=  32.850 p=     1 | ifo=  0.691(sd=0.177 nx=0.000 tfo=0.019 cnt=0.495) snap= 0.289 srm=  8.962 sat=  7.671(set=0.210 slv=7.458 max=7.4577 n=1) cex=R/T/F=0/0/1 trsplit=0 sim=14.767(rmp=0.467 run=14.300 n=1 d=0) incr=loc/full/maxdirty/keys=0/0/0/0 chk= 0.000(d=1) stat= 0.159 rest= 0.311
  [bmc-incr i=1393 repr=1 active=370/175522 POs=1]
BMC : c =     368  cl =   4503  lit =  175521  p =     0  d =     0  f =     1  +  T =     0.03 sec
  [bmc-prof 1393] wall=  31.607 p=     1 | ifo=  0.707(sd=0.186 nx=0.000 tfo=0.020 cnt=0.501) snap= 0.282 srm=  8.199 sat=  7.275(set=0.193 slv=7.080 max=7.0798 n=1) cex=R/T/F=0/0/1 trsplit=0 sim=14.650(rmp=0.766 run=13.883 n=1 d=0) incr=loc/full/maxdirty/keys=0/0/0/0 chk= 0.000(d=1) stat= 0.163 rest= 0.331
  [bmc-incr i=1394 repr=1 active=369/175521 POs=1]
BMC : c =     367  cl =   4503  lit =  175520  p =     0  d =     0  f =     1  +  T =     0.03 sec
  [bmc-prof 1394] wall=  34.164 p=     1 | ifo=  0.703(sd=0.178 nx=0.000 tfo=0.022 cnt=0.503) snap= 0.290 srm=  8.908 sat=  7.868(set=0.194 slv=7.671 max=7.6714 n=1) cex=R/T/F=0/0/1 trsplit=0 sim=15.924(rmp=0.480 run=15.443 n=1 d=0) incr=loc/full/maxdirty/keys=0/0/0/0 chk= 0.000(d=1) stat= 0.166 rest= 0.306
  [bmc-incr i=1395 repr=1 active=368/175520 POs=1]
BMC : c =     366  cl =   4503  lit =  175519  p =     0  d =     0  f =     1  +  T =     0.03 sec
  [bmc-prof 1395] wall=  31.263 p=     1 | ifo=  0.701(sd=0.183 nx=0.000 tfo=0.021 cnt=0.498) snap= 0.298 srm=  8.037 sat=  7.501(set=0.194 slv=7.303 max=7.3034 n=1) cex=R/T/F=0/0/1 trsplit=0 sim=14.243(rmp=0.427 run=13.815 n=1 d=0) incr=loc/full/maxdirty/keys=0/0/0/0 chk= 0.000(d=1) stat= 0.159 rest= 0.324
  [bmc-incr i=1396 repr=1 active=367/175519 POs=1]
BMC : c =     365  cl =   4503  lit =  175518  p =     0  d =     0  f =     1  +  T =     0.03 sec
  [bmc-prof 1396] wall=  33.589 p=     1 | ifo=  0.691(sd=0.180 nx=0.000 tfo=0.021 cnt=0.490) snap= 0.291 srm=  7.777 sat=  7.809(set=0.192 slv=7.614 max=7.6143 n=1) cex=R/T/F=0/0/1 trsplit=0 sim=16.520(rmp=0.574 run=15.946 n=1 d=0) incr=loc/full/maxdirty/keys=0/0/0/0 chk= 0.000(d=1) stat= 0.160 rest= 0.340
  [bmc-incr i=1397 repr=1 active=366/175518 POs=1]
BMC : c =     364  cl =   4503  lit =  175517  p =     0  d =     0  f =     1  +  T =     0.03 sec
  [bmc-prof 1397] wall=  30.969 p=     1 | ifo=  0.699(sd=0.179 nx=0.000 tfo=0.021 cnt=0.499) snap= 0.286 srm=  7.998 sat=  7.355(set=0.199 slv=7.154 max=7.1542 n=1) cex=R/T/F=0/0/1 trsplit=0 sim=14.171(rmp=0.418 run=13.752 n=1 d=0) incr=loc/full/maxdirty/keys=0/0/0/0 chk= 0.000(d=1) stat= 0.161 rest= 0.299
  [bmc-incr i=1398 repr=1 active=365/175517 POs=1]
BMC : c =     363  cl =   4503  lit =  175516  p =     0  d =     0  f =     1  +  T =     0.03 sec
  [bmc-prof 1398] wall=  32.498 p=     1 | ifo=  0.693(sd=0.176 nx=0.000 tfo=0.020 cnt=0.497) snap= 0.301 srm=  8.190 sat=  7.712(set=0.197 slv=7.513 max=7.5132 n=1) cex=R/T/F=0/0/1 trsplit=0 sim=15.120(rmp=0.449 run=14.670 n=1 d=0) incr=loc/full/maxdirty/keys=0/0/0/0 chk= 0.000(d=1) stat= 0.164 rest= 0.318
  [bmc-incr i=1399 repr=1 active=364/175516 POs=1]
BMC : c =     362  cl =   4503  lit =  175515  p =     0  d =     0  f =     1  +  T =     0.03 sec
  [bmc-prof 1399] wall=  32.010 p=     1 | ifo=  0.690(sd=0.180 nx=0.000 tfo=0.019 cnt=0.490) snap= 0.287 srm=  8.602 sat=  7.407(set=0.225 slv=7.180 max=7.1802 n=1) cex=R/T/F=0/0/1 trsplit=0 sim=14.543(rmp=0.467 run=14.075 n=1 d=0) incr=loc/full/maxdirty/keys=0/0/0/0 chk= 0.000(d=1) stat= 0.166 rest= 0.315
  [bmc-incr i=1400 repr=1 active=363/175515 POs=1]
BMC : c =     361  cl =   4503  lit =  175514  p =     0  d =     0  f =     1  +  T =     0.03 sec
  [bmc-prof 1400] wall=  32.621 p=     1 | ifo=  0.702(sd=0.184 nx=0.000 tfo=0.021 cnt=0.496) snap= 0.288 srm=  8.215 sat=  7.483(set=0.223 slv=7.258 max=7.2576 n=1) cex=R/T/F=0/0/1 trsplit=0 sim=15.385(rmp=0.477 run=14.906 n=1 d=0) incr=loc/full/maxdirty/keys=0/0/0/0 chk= 0.000(d=1) stat= 0.234 rest= 0.313
  [bmc-incr i=1401 repr=1 active=362/175514 POs=1]
BMC : c =     360  cl =   4503  lit =  175513  p =     0  d =     0  f =     1  +  T =     0.03 sec
  [bmc-prof 1401] wall=  31.268 p=     1 | ifo=  0.682(sd=0.182 nx=0.000 tfo=0.021 cnt=0.480) snap= 0.282 srm=  8.190 sat=  7.352(set=0.199 slv=7.151 max=7.1508 n=1) cex=R/T/F=0/0/1 trsplit=0 sim=14.298(rmp=0.433 run=13.865 n=1 d=0) incr=loc/full/maxdirty/keys=0/0/0/0 chk= 0.000(d=1) stat= 0.168 rest= 0.296
  [bmc-incr i=1402 repr=1 active=361/175513 POs=1]
BMC : c =     359  cl =   4503  lit =  175512  p =     0  d =     0  f =     1  +  T =     0.03 sec
  [bmc-prof 1402] wall=  31.642 p=     1 | ifo=  0.674(sd=0.177 nx=0.000 tfo=0.021 cnt=0.476) snap= 0.321 srm=  8.805 sat=  7.311(set=0.197 slv=7.112 max=7.1119 n=1) cex=R/T/F=0/0/1 trsplit=0 sim=14.079(rmp=0.426 run=13.652 n=1 d=0) incr=loc/full/maxdirty/keys=0/0/0/0 chk= 0.000(d=1) stat= 0.158 rest= 0.295
  [bmc-incr i=1403 repr=1 active=360/175512 POs=1]
BMC : c =     358  cl =   4503  lit =  175511  p =     0  d =     0  f =     1  +  T =     0.04 sec
  [bmc-prof 1403] wall=  36.974 p=     1 | ifo=  0.746(sd=0.204 nx=0.000 tfo=0.036 cnt=0.506) snap= 0.307 srm=  8.375 sat= 11.897(set=0.198 slv=11.697 max=11.6973 n=1) cex=R/T/F=0/0/1 trsplit=0 sim=15.135(rmp=0.444 run=14.691 n=1 d=0) incr=loc/full/maxdirty/keys=0/0/0/0 chk= 0.000(d=1) stat= 0.201 rest= 0.312
  [bmc-incr i=1404 repr=1 active=359/175511 POs=1]
BMC : c =     357  cl =   4503  lit =  175510  p =     0  d =     0  f =     1  +  T =     0.03 sec
  [bmc-prof 1404] wall=  31.011 p=     1 | ifo=  0.693(sd=0.177 nx=0.000 tfo=0.036 cnt=0.480) snap= 0.294 srm=  8.070 sat=  7.313(set=0.191 slv=7.120 max=7.1203 n=1) cex=R/T/F=0/0/1 trsplit=0 sim=14.195(rmp=0.434 run=13.760 n=1 d=0) incr=loc/full/maxdirty/keys=0/0/0/0 chk= 0.000(d=1) stat= 0.155 rest= 0.290
  [bmc-incr i=1405 repr=1 active=358/175510 POs=1]
BMC : c =     356  cl =   4503  lit =  175509  p =     0  d =     0  f =     1  +  T =     0.03 sec
  [bmc-prof 1405] wall=  31.466 p=     1 | ifo=  0.715(sd=0.195 nx=0.000 tfo=0.018 cnt=0.502) snap= 0.280 srm=  8.074 sat=  7.465(set=0.210 slv=7.254 max=7.2542 n=1) cex=R/T/F=0/0/1 trsplit=0 sim=14.460(rmp=0.553 run=13.907 n=1 d=0) incr=loc/full/maxdirty/keys=0/0/0/0 chk= 0.000(d=1) stat= 0.180 rest= 0.292
  [bmc-incr i=1406 repr=1 active=357/175509 POs=1]
BMC : c =     355  cl =   4503  lit =  175508  p =     0  d =     0  f =     1  +  T =     0.03 sec
  [bmc-prof 1406] wall=  32.827 p=     1 | ifo=  1.235(sd=0.176 nx=0.000 tfo=0.020 cnt=1.039) snap= 0.295 srm=  8.859 sat=  7.488(set=0.205 slv=7.282 max=7.2818 n=1) cex=R/T/F=0/0/1 trsplit=0 sim=14.484(rmp=0.425 run=14.058 n=1 d=0) incr=loc/full/maxdirty/keys=0/0/0/0 chk= 0.000(d=1) stat= 0.171 rest= 0.295
  [bmc-incr i=1407 repr=1 active=356/175508 POs=1]
BMC : c =     354  cl =   4503  lit =  175507  p =     0  d =     0  f =     1  +  T =     0.03 sec
  [bmc-prof 1407] wall=  32.042 p=     1 | ifo=  0.732(sd=0.205 nx=0.000 tfo=0.029 cnt=0.497) snap= 0.280 srm=  8.031 sat=  7.797(set=0.205 slv=7.589 max=7.5888 n=1) cex=R/T/F=0/0/1 trsplit=0 sim=14.574(rmp=0.439 run=14.135 n=1 d=0) incr=loc/full/maxdirty/keys=0/0/0/0 chk= 0.000(d=1) stat= 0.281 rest= 0.346
  [bmc-incr i=1408 repr=1 active=355/175507 POs=1]
BMC : c =     353  cl =   4503  lit =  175506  p =     0  d =     0  f =     1  +  T =     0.03 sec
  [bmc-prof 1408] wall=  33.565 p=     1 | ifo=  0.812(sd=0.273 nx=0.000 tfo=0.023 cnt=0.516) snap= 0.282 srm=  9.343 sat=  7.469(set=0.220 slv=7.247 max=7.2466 n=1) cex=R/T/F=0/0/1 trsplit=0 sim=15.183(rmp=0.453 run=14.729 n=1 d=0) incr=loc/full/maxdirty/keys=0/0/0/0 chk= 0.000(d=1) stat= 0.166 rest= 0.310
  [bmc-incr i=1409 repr=1 active=354/175506 POs=1]
BMC : c =     352  cl =   4503  lit =  175505  p =     0  d =     0  f =     1  +  T =     0.03 sec
  [bmc-prof 1409] wall=  31.466 p=     1 | ifo=  0.771(sd=0.228 nx=0.000 tfo=0.034 cnt=0.509) snap= 0.300 srm=  8.009 sat=  7.477(set=0.196 slv=7.278 max=7.2782 n=1) cex=R/T/F=0/0/1 trsplit=0 sim=14.399(rmp=0.474 run=13.924 n=1 d=0) incr=loc/full/maxdirty/keys=0/0/0/0 chk= 0.000(d=1) stat= 0.157 rest= 0.353
  [bmc-incr i=1410 repr=1 active=353/175505 POs=1]
BMC : c =     351  cl =   4503  lit =  175504  p =     0  d =     0  f =     1  +  T =     0.03 sec
  [bmc-prof 1410] wall=  32.058 p=     1 | ifo=  0.676(sd=0.178 nx=0.000 tfo=0.019 cnt=0.480) snap= 0.299 srm=  8.062 sat=  7.447(set=0.204 slv=7.241 max=7.2409 n=1) cex=R/T/F=0/0/1 trsplit=0 sim=15.103(rmp=0.636 run=14.466 n=1 d=0) incr=loc/full/maxdirty/keys=0/0/0/0 chk= 0.000(d=1) stat= 0.157 rest= 0.313
  [bmc-incr i=1411 repr=1 active=352/175504 POs=1]
BMC : c =     350  cl =   4503  lit =  175503  p =     0  d =     0  f =     1  +  T =     0.03 sec
  [bmc-prof 1411] wall=  31.017 p=     1 | ifo=  0.702(sd=0.181 nx=0.000 tfo=0.020 cnt=0.501) snap= 0.301 srm=  8.076 sat=  7.329(set=0.198 slv=7.129 max=7.1295 n=1) cex=R/T/F=0/0/1 trsplit=0 sim=14.147(rmp=0.420 run=13.726 n=1 d=0) incr=loc/full/maxdirty/keys=0/0/0/0 chk= 0.000(d=1) stat= 0.162 rest= 0.299
  [bmc-incr i=1412 repr=1 active=351/175503 POs=1]
BMC : c =     349  cl =   4503  lit =  175502  p =     0  d =     0  f =     1  +  T =     0.03 sec
  [bmc-prof 1412] wall=  33.481 p=     1 | ifo=  0.696(sd=0.175 nx=0.000 tfo=0.019 cnt=0.501) snap= 0.301 srm=  8.062 sat=  7.769(set=0.196 slv=7.571 max=7.5709 n=1) cex=R/T/F=0/0/1 trsplit=0 sim=16.020(rmp=0.475 run=15.543 n=1 d=0) incr=loc/full/maxdirty/keys=0/0/0/0 chk= 0.000(d=1) stat= 0.313 rest= 0.319
  [bmc-incr i=1413 repr=1 active=350/175502 POs=1]
BMC : c =     348  cl =   4503  lit =  175501  p =     0  d =     0  f =     1  +  T =     0.03 sec
  [bmc-prof 1413] wall=  31.346 p=     1 | ifo=  0.790(sd=0.203 nx=0.000 tfo=0.019 cnt=0.568) snap= 0.294 srm=  8.061 sat=  7.329(set=0.199 slv=7.128 max=7.1277 n=1) cex=R/T/F=0/0/1 trsplit=0 sim=14.398(rmp=0.421 run=13.976 n=1 d=0) incr=loc/full/maxdirty/keys=0/0/0/0 chk= 0.000(d=1) stat= 0.160 rest= 0.314
  [bmc-incr i=1414 repr=1 active=349/175501 POs=1]
BMC : c =     347  cl =   4503  lit =  175500  p =     0  d =     0  f =     1  +  T =     0.04 sec
  [bmc-prof 1414] wall=  39.530 p=     1 | ifo=  0.698(sd=0.179 nx=0.000 tfo=0.020 cnt=0.500) snap= 0.287 srm=  8.580 sat= 13.031(set=0.214 slv=12.815 max=12.8149 n=1) cex=R/T/F=0/0/1 trsplit=0 sim=16.452(rmp=0.496 run=15.955 n=1 d=0) incr=loc/full/maxdirty/keys=0/0/0/0 chk= 0.000(d=1) stat= 0.168 rest= 0.315
  [bmc-incr i=1415 repr=1 active=348/175500 POs=1]
BMC : c =     346  cl =   4503  lit =  175499  p =     0  d =     0  f =     1  +  T =     0.03 sec
  [bmc-prof 1415] wall=  31.312 p=     1 | ifo=  0.707(sd=0.191 nx=0.000 tfo=0.019 cnt=0.497) snap= 0.297 srm=  8.079 sat=  7.467(set=0.204 slv=7.261 max=7.2614 n=1) cex=R/T/F=0/0/1 trsplit=0 sim=14.289(rmp=0.445 run=13.843 n=1 d=0) incr=loc/full/maxdirty/keys=0/0/0/0 chk= 0.000(d=1) stat= 0.159 rest= 0.314
  [bmc-incr i=1416 repr=1 active=347/175499 POs=1]
BMC : c =     345  cl =   4503  lit =  175498  p =     0  d =     0  f =     1  +  T =     0.03 sec
  [bmc-prof 1416] wall=  33.142 p=     1 | ifo=  0.677(sd=0.178 nx=0.000 tfo=0.021 cnt=0.478) snap= 0.287 srm=  8.071 sat=  7.530(set=0.213 slv=7.314 max=7.3140 n=1) cex=R/T/F=0/0/1 trsplit=0 sim=16.096(rmp=0.443 run=15.652 n=1 d=0) incr=loc/full/maxdirty/keys=0/0/0/0 chk= 0.000(d=1) stat= 0.161 rest= 0.320
  [bmc-incr i=1417 repr=1 active=346/175498 POs=1]
BMC : c =     344  cl =   4503  lit =  175497  p =     0  d =     0  f =     1  +  T =     0.03 sec
  [bmc-prof 1417] wall=  31.816 p=     1 | ifo=  0.698(sd=0.179 nx=0.000 tfo=0.033 cnt=0.486) snap= 0.292 srm=  7.959 sat=  7.756(set=0.219 slv=7.534 max=7.5340 n=1) cex=R/T/F=0/0/1 trsplit=0 sim=14.625(rmp=0.473 run=14.152 n=1 d=0) incr=loc/full/maxdirty/keys=0/0/0/0 chk= 0.000(d=1) stat= 0.166 rest= 0.320
  [bmc-incr i=1418 repr=1 active=345/175497 POs=1]
BMC : c =     343  cl =   4503  lit =  175496  p =     0  d =     0  f =     1  +  T =     0.03 sec
  [bmc-prof 1418] wall=  31.152 p=     1 | ifo=  0.708(sd=0.178 nx=0.000 tfo=0.019 cnt=0.511) snap= 0.290 srm=  8.035 sat=  7.556(set=0.192 slv=7.362 max=7.3623 n=1) cex=R/T/F=0/0/1 trsplit=0 sim=14.115(rmp=0.445 run=13.670 n=1 d=0) incr=loc/full/maxdirty/keys=0/0/0/0 chk= 0.000(d=1) stat= 0.156 rest= 0.292
  [bmc-incr i=1419 repr=1 active=344/175496 POs=1]
BMC : c =     342  cl =   4503  lit =  175495  p =     0  d =     0  f =     1  +  T =     0.04 sec
  [bmc-prof 1419] wall=  35.944 p=     1 | ifo=  0.700(sd=0.199 nx=0.000 tfo=0.019 cnt=0.481) snap= 0.470 srm=  7.956 sat= 10.929(set=0.232 slv=10.691 max=10.6911 n=1) cex=R/T/F=0/0/1 trsplit=0 sim=15.178(rmp=0.520 run=14.658 n=1 d=0) incr=loc/full/maxdirty/keys=0/0/0/0 chk= 0.000(d=1) stat= 0.167 rest= 0.544
  [bmc-incr i=1420 repr=1 active=343/175495 POs=1]
BMC : c =     341  cl =   4503  lit =  175494  p =     0  d =     0  f =     1  +  T =     0.03 sec
  [bmc-prof 1420] wall=  30.969 p=     1 | ifo=  0.701(sd=0.184 nx=0.000 tfo=0.020 cnt=0.497) snap= 0.310 srm=  8.092 sat=  7.382(set=0.194 slv=7.186 max=7.1859 n=1) cex=R/T/F=0/0/1 trsplit=0 sim=14.040(rmp=0.431 run=13.609 n=1 d=0) incr=loc/full/maxdirty/keys=0/0/0/0 chk= 0.000(d=1) stat= 0.153 rest= 0.291
  [bmc-incr i=1421 repr=1 active=342/175494 POs=1]
BMC : c =     340  cl =   4503  lit =  175493  p =     0  d =     0  f =     1  +  T =     0.03 sec
  [bmc-prof 1421] wall=  31.569 p=     1 | ifo=  0.696(sd=0.188 nx=0.000 tfo=0.018 cnt=0.490) snap= 0.314 srm=  8.018 sat=  7.432(set=0.199 slv=7.231 max=7.2311 n=1) cex=R/T/F=0/0/1 trsplit=0 sim=14.604(rmp=0.441 run=14.163 n=1 d=0) incr=loc/full/maxdirty/keys=0/0/0/0 chk= 0.000(d=1) stat= 0.167 rest= 0.337
  [bmc-incr i=1422 repr=1 active=341/175493 POs=1]
BMC : c =     339  cl =   4503  lit =  175492  p =     0  d =     0  f =     1  +  T =     0.03 sec
  [bmc-prof 1422] wall=  31.420 p=     1 | ifo=  0.693(sd=0.184 nx=0.000 tfo=0.018 cnt=0.490) snap= 0.282 srm=  8.487 sat=  7.344(set=0.195 slv=7.147 max=7.1472 n=1) cex=R/T/F=0/0/1 trsplit=0 sim=14.158(rmp=0.430 run=13.726 n=1 d=0) incr=loc/full/maxdirty/keys=0/0/0/0 chk= 0.000(d=1) stat= 0.165 rest= 0.291
  [bmc-incr i=1423 repr=1 active=340/175492 POs=1]
BMC : c =     338  cl =   4503  lit =  175491  p =     0  d =     0  f =     1  +  T =     0.03 sec
  [bmc-prof 1423] wall=  33.231 p=     1 | ifo=  0.700(sd=0.184 nx=0.000 tfo=0.016 cnt=0.501) snap= 0.281 srm=  8.039 sat=  7.468(set=0.206 slv=7.260 max=7.2603 n=1) cex=R/T/F=0/0/1 trsplit=0 sim=16.265(rmp=0.430 run=15.833 n=1 d=0) incr=loc/full/maxdirty/keys=0/0/0/0 chk= 0.000(d=1) stat= 0.164 rest= 0.312
  [bmc-incr i=1424 repr=1 active=339/175491 POs=1]
BMC : c =     337  cl =   4503  lit =  175490  p =     0  d =     0  f =     1  +  T =     0.03 sec
  [bmc-prof 1424] wall=  31.054 p=     1 | ifo=  0.712(sd=0.204 nx=0.000 tfo=0.021 cnt=0.488) snap= 0.292 srm=  7.991 sat=  7.364(set=0.199 slv=7.163 max=7.1627 n=1) cex=R/T/F=0/0/1 trsplit=0 sim=14.250(rmp=0.425 run=13.824 n=1 d=0) incr=loc/full/maxdirty/keys=0/0/0/0 chk= 0.000(d=1) stat= 0.154 rest= 0.291
  [bmc-incr i=1425 repr=1 active=338/175490 POs=1]
BMC : c =     336  cl =   4503  lit =  175489  p =     0  d =     0  f =     1  +  T =     0.03 sec
  [bmc-prof 1425] wall=  31.416 p=     1 | ifo=  0.814(sd=0.297 nx=0.000 tfo=0.018 cnt=0.499) snap= 0.281 srm=  7.981 sat=  7.462(set=0.194 slv=7.266 max=7.2658 n=1) cex=R/T/F=0/0/1 trsplit=0 sim=14.390(rmp=0.445 run=13.943 n=1 d=0) incr=loc/full/maxdirty/keys=0/0/0/0 chk= 0.000(d=1) stat= 0.181 rest= 0.308
  [bmc-incr i=1426 repr=1 active=337/175489 POs=1]
BMC : c =     335  cl =   4503  lit =  175488  p =     0  d =     0  f =     1  +  T =     0.03 sec
  [bmc-prof 1426] wall=  32.758 p=     1 | ifo=  0.774(sd=0.243 nx=0.000 tfo=0.034 cnt=0.497) snap= 0.292 srm=  9.456 sat=  7.402(set=0.215 slv=7.185 max=7.1850 n=1) cex=R/T/F=0/0/1 trsplit=0 sim=14.377(rmp=0.440 run=13.935 n=1 d=0) incr=loc/full/maxdirty/keys=0/0/0/0 chk= 0.000(d=1) stat= 0.155 rest= 0.301
  [bmc-incr i=1427 repr=1 active=336/175488 POs=1]
BMC : c =     334  cl =   4503  lit =  175487  p =     0  d =     0  f =     1  +  T =     0.03 sec
  [bmc-prof 1427] wall=  31.497 p=     1 | ifo=  0.692(sd=0.179 nx=0.000 tfo=0.019 cnt=0.494) snap= 0.296 srm=  7.981 sat=  7.487(set=0.202 slv=7.283 max=7.2829 n=1) cex=R/T/F=0/0/1 trsplit=0 sim=14.577(rmp=0.440 run=14.136 n=1 d=0) incr=loc/full/maxdirty/keys=0/0/0/0 chk= 0.000(d=1) stat= 0.161 rest= 0.303
  [bmc-incr i=1428 repr=1 active=335/175487 POs=1]
BMC : c =     333  cl =   4503  lit =  175486  p =     0  d =     0  f =     1  +  T =     0.03 sec
  [bmc-prof 1428] wall=  31.494 p=     1 | ifo=  0.691(sd=0.181 nx=0.000 tfo=0.017 cnt=0.492) snap= 0.288 srm=  8.077 sat=  7.627(set=0.207 slv=7.418 max=7.4182 n=1) cex=R/T/F=0/0/1 trsplit=0 sim=14.343(rmp=0.425 run=13.917 n=1 d=0) incr=loc/full/maxdirty/keys=0/0/0/0 chk= 0.000(d=1) stat= 0.163 rest= 0.305
  [bmc-incr i=1429 repr=1 active=334/175486 POs=1]
BMC : c =     332  cl =   4503  lit =  175485  p =     0  d =     0  f =     1  +  T =     0.03 sec
  [bmc-prof 1429] wall=  31.359 p=     1 | ifo=  0.734(sd=0.208 nx=0.000 tfo=0.031 cnt=0.495) snap= 0.287 srm=  8.032 sat=  7.446(set=0.211 slv=7.232 max=7.2325 n=1) cex=R/T/F=0/0/1 trsplit=0 sim=14.401(rmp=0.494 run=13.906 n=1 d=0) incr=loc/full/maxdirty/keys=0/0/0/0 chk= 0.000(d=1) stat= 0.158 rest= 0.301
  [bmc-incr i=1430 repr=1 active=333/175485 POs=1]
BMC : c =     331  cl =   4503  lit =  175484  p =     0  d =     0  f =     1  +  T =     0.03 sec
  [bmc-prof 1430] wall=  33.001 p=     1 | ifo=  0.692(sd=0.178 nx=0.000 tfo=0.017 cnt=0.498) snap= 0.281 srm=  7.867 sat=  7.422(set=0.190 slv=7.229 max=7.2295 n=1) cex=R/T/F=0/0/1 trsplit=0 sim=16.219(rmp=0.478 run=15.739 n=1 d=0) incr=loc/full/maxdirty/keys=0/0/0/0 chk= 0.000(d=1) stat= 0.159 rest= 0.360
  [bmc-incr i=1431 repr=1 active=332/175484 POs=1]
BMC : c =     330  cl =   4503  lit =  175483  p =     0  d =     0  f =     1  +  T =     0.03 sec
  [bmc-prof 1431] wall=  32.279 p=     1 | ifo=  0.701(sd=0.177 nx=0.000 tfo=0.019 cnt=0.505) snap= 0.345 srm=  8.080 sat=  7.924(set=0.235 slv=7.687 max=7.6873 n=1) cex=R/T/F=0/0/1 trsplit=0 sim=14.744(rmp=0.448 run=14.295 n=1 d=0) incr=loc/full/maxdirty/keys=0/0/0/0 chk= 0.000(d=1) stat= 0.179 rest= 0.306
  [bmc-incr i=1432 repr=1 active=331/175483 POs=1]
BMC : c =     329  cl =   4503  lit =  175482  p =     0  d =     0  f =     1  +  T =     0.03 sec
  [bmc-prof 1432] wall=  31.596 p=     1 | ifo=  0.678(sd=0.179 nx=0.000 tfo=0.018 cnt=0.480) snap= 0.285 srm=  8.239 sat=  7.614(set=0.222 slv=7.389 max=7.3887 n=1) cex=R/T/F=0/0/1 trsplit=0 sim=14.322(rmp=0.456 run=13.865 n=1 d=0) incr=loc/full/maxdirty/keys=0/0/0/0 chk= 0.000(d=1) stat= 0.159 rest= 0.300
  [bmc-incr i=1433 repr=1 active=330/175482 POs=1]
BMC : c =     328  cl =   4503  lit =  175481  p =     0  d =     0  f =     1  +  T =     0.03 sec
  [bmc-prof 1433] wall=  31.246 p=     1 | ifo=  0.714(sd=0.202 nx=0.000 tfo=0.020 cnt=0.493) snap= 0.311 srm=  8.046 sat=  7.596(set=0.211 slv=7.383 max=7.3826 n=1) cex=R/T/F=0/0/1 trsplit=0 sim=14.135(rmp=0.443 run=13.692 n=1 d=0) incr=loc/full/maxdirty/keys=0/0/0/0 chk= 0.000(d=1) stat= 0.153 rest= 0.291
  [bmc-incr i=1434 repr=1 active=329/175481 POs=1]
BMC : c =     327  cl =   4503  lit =  175480  p =     0  d =     0  f =     1  +  T =     0.03 sec
  [bmc-prof 1434] wall=  32.361 p=     1 | ifo=  0.690(sd=0.176 nx=0.000 tfo=0.017 cnt=0.498) snap= 0.322 srm=  8.400 sat=  7.591(set=0.205 slv=7.384 max=7.3837 n=1) cex=R/T/F=0/0/1 trsplit=0 sim=14.875(rmp=0.466 run=14.408 n=1 d=0) incr=loc/full/maxdirty/keys=0/0/0/0 chk= 0.000(d=1) stat= 0.161 rest= 0.320
  [bmc-incr i=1435 repr=1 active=328/175480 POs=1]
BMC : c =     326  cl =   4503  lit =  175479  p =     0  d =     0  f =     1  +  T =     0.03 sec
  [bmc-prof 1435] wall=  31.269 p=     1 | ifo=  0.692(sd=0.175 nx=0.000 tfo=0.019 cnt=0.498) snap= 0.283 srm=  8.172 sat=  7.504(set=0.210 slv=7.293 max=7.2927 n=1) cex=R/T/F=0/0/1 trsplit=0 sim=14.168(rmp=0.433 run=13.734 n=1 d=0) incr=loc/full/maxdirty/keys=0/0/0/0 chk= 0.000(d=1) stat= 0.161 rest= 0.289
  [bmc-incr i=1436 repr=1 active=327/175479 POs=1]
BMC : c =     325  cl =   4503  lit =  175478  p =     0  d =     0  f =     1  +  T =     0.03 sec
  [bmc-prof 1436] wall=  31.375 p=     1 | ifo=  0.675(sd=0.179 nx=0.000 tfo=0.016 cnt=0.479) snap= 0.282 srm=  8.158 sat=  7.447(set=0.196 slv=7.249 max=7.2492 n=1) cex=R/T/F=0/0/1 trsplit=0 sim=14.354(rmp=0.424 run=13.930 n=1 d=0) incr=loc/full/maxdirty/keys=0/0/0/0 chk= 0.000(d=1) stat= 0.163 rest= 0.297
  [bmc-incr i=1437 repr=1 active=326/175478 POs=1]
BMC : c =     324  cl =   4503  lit =  175477  p =     0  d =     0  f =     1  +  T =     0.03 sec
  [bmc-prof 1437] wall=  31.237 p=     1 | ifo=  0.700(sd=0.180 nx=0.000 tfo=0.017 cnt=0.503) snap= 0.300 srm=  8.107 sat=  7.428(set=0.193 slv=7.233 max=7.2333 n=1) cex=R/T/F=0/0/1 trsplit=0 sim=14.234(rmp=0.419 run=13.814 n=1 d=0) incr=loc/full/maxdirty/keys=0/0/0/0 chk= 0.000(d=1) stat= 0.169 rest= 0.298
  [bmc-incr i=1438 repr=1 active=325/175477 POs=1]
BMC : c =     323  cl =   4503  lit =  175476  p =     0  d =     0  f =     1  +  T =     0.03 sec
  [bmc-prof 1438] wall=  32.584 p=     1 | ifo=  0.745(sd=0.215 nx=0.000 tfo=0.026 cnt=0.504) snap= 0.289 srm=  8.088 sat=  7.505(set=0.185 slv=7.318 max=7.3178 n=1) cex=R/T/F=0/0/1 trsplit=0 sim=15.470(rmp=0.487 run=14.967 n=1 d=0) incr=loc/full/maxdirty/keys=0/0/0/0 chk= 0.000(d=1) stat= 0.160 rest= 0.327
  [bmc-incr i=1439 repr=1 active=324/175476 POs=1]
BMC : c =     322  cl =   4503  lit =  175475  p =     0  d =     0  f =     1  +  T =     0.03 sec
  [bmc-prof 1439] wall=  31.263 p=     1 | ifo=  0.700(sd=0.179 nx=0.000 tfo=0.020 cnt=0.502) snap= 0.281 srm=  8.117 sat=  7.408(set=0.215 slv=7.191 max=7.1910 n=1) cex=R/T/F=0/0/1 trsplit=0 sim=14.275(rmp=0.418 run=13.856 n=1 d=0) incr=loc/full/maxdirty/keys=0/0/0/0 chk= 0.000(d=1) stat= 0.175 rest= 0.307
  [bmc-incr i=1440 repr=1 active=323/175475 POs=1]
BMC : c =     321  cl =   4503  lit =  175474  p =     0  d =     0  f =     1  +  T =     0.04 sec
  [bmc-prof 1440] wall=  35.248 p=     1 | ifo=  0.682(sd=0.185 nx=0.000 tfo=0.018 cnt=0.479) snap= 0.296 srm= 10.622 sat=  8.889(set=0.193 slv=8.694 max=8.6936 n=1) cex=R/T/F=0/0/1 trsplit=0 sim=14.312(rmp=0.418 run=13.894 n=1 d=0) incr=loc/full/maxdirty/keys=0/0/0/0 chk= 0.000(d=1) stat= 0.155 rest= 0.291
  [bmc-incr i=1441 repr=1 active=322/175474 POs=1]
BMC : c =     320  cl =   4503  lit =  175473  p =     0  d =     0  f =     1  +  T =     0.04 sec
  [bmc-prof 1441] wall=  35.245 p=     1 | ifo=  0.671(sd=0.175 nx=0.000 tfo=0.017 cnt=0.479) snap= 0.564 srm= 10.019 sat=  7.845(set=0.259 slv=7.583 max=7.5832 n=1) cex=R/T/F=0/0/1 trsplit=0 sim=15.675(rmp=0.432 run=15.242 n=1 d=0) incr=loc/full/maxdirty/keys=0/0/0/0 chk= 0.000(d=1) stat= 0.162 rest= 0.309
  [bmc-incr i=1442 repr=1 active=321/175473 POs=1]
BMC : c =     319  cl =   4503  lit =  175472  p =     0  d =     0  f =     1  +  T =     0.03 sec
  [bmc-prof 1442] wall=  32.252 p=     1 | ifo=  0.683(sd=0.178 nx=0.000 tfo=0.016 cnt=0.489) snap= 0.292 srm=  8.936 sat=  7.489(set=0.212 slv=7.275 max=7.2750 n=1) cex=R/T/F=0/0/1 trsplit=0 sim=14.387(rmp=0.432 run=13.954 n=1 d=0) incr=loc/full/maxdirty/keys=0/0/0/0 chk= 0.000(d=1) stat= 0.163 rest= 0.303
  [bmc-incr i=1443 repr=1 active=320/175472 POs=1]
BMC : c =     318  cl =   4503  lit =  175471  p =     0  d =     0  f =     1  +  T =     0.03 sec
  [bmc-prof 1443] wall=  32.568 p=     1 | ifo=  0.692(sd=0.178 nx=0.000 tfo=0.018 cnt=0.496) snap= 0.289 srm=  7.939 sat=  7.394(set=0.192 slv=7.199 max=7.1993 n=1) cex=R/T/F=0/0/1 trsplit=0 sim=15.739(rmp=0.414 run=15.323 n=1 d=0) incr=loc/full/maxdirty/keys=0/0/0/0 chk= 0.000(d=1) stat= 0.205 rest= 0.310
  [bmc-incr i=1444 repr=1 active=319/175471 POs=1]
BMC : c =     317  cl =   4503  lit =  175470  p =     0  d =     0  f =     1  +  T =     0.03 sec
  [bmc-prof 1444] wall=  32.916 p=     1 | ifo=  0.696(sd=0.185 nx=0.000 tfo=0.019 cnt=0.491) snap= 0.306 srm=  8.409 sat=  7.981(set=0.223 slv=7.754 max=7.7542 n=1) cex=R/T/F=0/0/1 trsplit=0 sim=15.042(rmp=0.490 run=14.551 n=1 d=0) incr=loc/full/maxdirty/keys=0/0/0/0 chk= 0.000(d=1) stat= 0.162 rest= 0.321
  [bmc-incr i=1445 repr=1 active=318/175470 POs=1]
BMC : c =     316  cl =   4503  lit =  175469  p =     0  d =     0  f =     1  +  T =     0.03 sec
  [bmc-prof 1445] wall=  31.834 p=     1 | ifo=  0.676(sd=0.179 nx=0.000 tfo=0.018 cnt=0.480) snap= 0.310 srm=  8.223 sat=  7.545(set=0.206 slv=7.337 max=7.3373 n=1) cex=R/T/F=0/0/1 trsplit=0 sim=14.601(rmp=0.445 run=14.156 n=1 d=0) incr=loc/full/maxdirty/keys=0/0/0/0 chk= 0.000(d=1) stat= 0.167 rest= 0.312
  [bmc-incr i=1446 repr=1 active=317/175469 POs=1]
BMC : c =     315  cl =   4503  lit =  175468  p =     0  d =     0  f =     1  +  T =     0.04 sec
  [bmc-prof 1446] wall=  35.625 p=     1 | ifo=  0.692(sd=0.177 nx=0.000 tfo=0.019 cnt=0.496) snap= 0.309 srm= 12.282 sat=  7.538(set=0.237 slv=7.299 max=7.2985 n=1) cex=R/T/F=0/0/1 trsplit=0 sim=14.348(rmp=0.459 run=13.888 n=1 d=0) incr=loc/full/maxdirty/keys=0/0/0/0 chk= 0.000(d=1) stat= 0.158 rest= 0.299
  [bmc-incr i=1447 repr=1 active=316/175468 POs=1]
BMC : c =     314  cl =   4503  lit =  175467  p =     0  d =     0  f =     1  +  T =     0.03 sec
  [bmc-prof 1447] wall=  32.454 p=     1 | ifo=  0.687(sd=0.181 nx=0.000 tfo=0.015 cnt=0.490) snap= 0.305 srm=  8.414 sat=  8.461(set=0.204 slv=8.255 max=8.2554 n=1) cex=R/T/F=0/0/1 trsplit=0 sim=14.096(rmp=0.493 run=13.602 n=1 d=0) incr=loc/full/maxdirty/keys=0/0/0/0 chk= 0.000(d=1) stat= 0.163 rest= 0.329
  [bmc-incr i=1448 repr=1 active=315/175467 POs=1]
BMC : c =     313  cl =   4503  lit =  175466  p =     0  d =     0  f =     1  +  T =     0.03 sec
  [bmc-prof 1448] wall=  32.478 p=     1 | ifo=  0.685(sd=0.177 nx=0.000 tfo=0.028 cnt=0.480) snap= 0.305 srm=  8.827 sat=  7.581(set=0.207 slv=7.372 max=7.3720 n=1) cex=R/T/F=0/0/1 trsplit=0 sim=14.635(rmp=0.451 run=14.183 n=1 d=0) incr=loc/full/maxdirty/keys=0/0/0/0 chk= 0.000(d=1) stat= 0.154 rest= 0.290
  [bmc-incr i=1449 repr=1 active=314/175466 POs=1]
BMC : c =     312  cl =   4503  lit =  175465  p =     0  d =     0  f =     1  +  T =     0.03 sec
  [bmc-prof 1449] wall=  32.253 p=     1 | ifo=  0.757(sd=0.180 nx=0.000 tfo=0.018 cnt=0.559) snap= 0.282 srm=  7.813 sat=  7.533(set=0.214 slv=7.317 max=7.3166 n=1) cex=R/T/F=0/0/1 trsplit=0 sim=15.408(rmp=0.417 run=14.990 n=1 d=0) incr=loc/full/maxdirty/keys=0/0/0/0 chk= 0.000(d=1) stat= 0.160 rest= 0.301
  [bmc-incr i=1450 repr=1 active=313/175465 POs=1]
BMC : c =     311  cl =   4503  lit =  175464  p =     0  d =     0  f =     1  +  T =     0.03 sec
  [bmc-prof 1450] wall=  32.356 p=     1 | ifo=  0.713(sd=0.198 nx=0.000 tfo=0.016 cnt=0.498) snap= 0.300 srm=  8.007 sat=  8.025(set=0.197 slv=7.825 max=7.8254 n=1) cex=R/T/F=0/0/1 trsplit=0 sim=14.822(rmp=0.423 run=14.397 n=1 d=0) incr=loc/full/maxdirty/keys=0/0/0/0 chk= 0.000(d=1) stat= 0.171 rest= 0.318
  [bmc-incr i=1451 repr=1 active=312/175464 POs=1]
BMC : c =     310  cl =   4503  lit =  175463  p =     0  d =     0  f =     1  +  T =     0.03 sec
  [bmc-prof 1451] wall=  32.941 p=     1 | ifo=  0.700(sd=0.180 nx=0.000 tfo=0.018 cnt=0.502) snap= 0.303 srm=  8.123 sat=  7.523(set=0.218 slv=7.304 max=7.3038 n=1) cex=R/T/F=0/0/1 trsplit=0 sim=15.823(rmp=0.445 run=15.377 n=1 d=0) incr=loc/full/maxdirty/keys=0/0/0/0 chk= 0.000(d=1) stat= 0.165 rest= 0.304
  [bmc-incr i=1452 repr=1 active=311/175463 POs=1]
BMC : c =     309  cl =   4503  lit =  175462  p =     0  d =     0  f =     1  +  T =     0.03 sec
  [bmc-prof 1452] wall=  32.090 p=     1 | ifo=  0.696(sd=0.179 nx=0.000 tfo=0.018 cnt=0.500) snap= 0.292 srm=  8.793 sat=  7.501(set=0.193 slv=7.305 max=7.3051 n=1) cex=R/T/F=0/0/1 trsplit=0 sim=14.344(rmp=0.446 run=13.897 n=1 d=0) incr=loc/full/maxdirty/keys=0/0/0/0 chk= 0.000(d=1) stat= 0.155 rest= 0.309
  [bmc-incr i=1453 repr=1 active=310/175462 POs=1]
BMC : c =     308  cl =   4503  lit =  175461  p =     0  d =     0  f =     1  +  T =     0.03 sec
  [bmc-prof 1453] wall=  31.323 p=     1 | ifo=  0.691(sd=0.174 nx=0.000 tfo=0.018 cnt=0.498) snap= 0.299 srm=  7.966 sat=  7.525(set=0.208 slv=7.315 max=7.3153 n=1) cex=R/T/F=0/0/1 trsplit=0 sim=14.380(rmp=0.415 run=13.963 n=1 d=0) incr=loc/full/maxdirty/keys=0/0/0/0 chk= 0.000(d=1) stat= 0.158 rest= 0.304
  [bmc-incr i=1454 repr=1 active=309/175461 POs=1]
BMC : c =     307  cl =   4503  lit =  175460  p =     0  d =     0  f =     1  +  T =     0.03 sec
  [bmc-prof 1454] wall=  30.993 p=     1 | ifo=  0.745(sd=0.225 nx=0.000 tfo=0.026 cnt=0.494) snap= 0.318 srm=  7.921 sat=  7.471(set=0.191 slv=7.278 max=7.2780 n=1) cex=R/T/F=0/0/1 trsplit=0 sim=14.086(rmp=0.415 run=13.670 n=1 d=0) incr=loc/full/maxdirty/keys=0/0/0/0 chk= 0.000(d=1) stat= 0.154 rest= 0.298
  [bmc-incr i=1455 repr=1 active=308/175460 POs=1]
BMC : c =     306  cl =   4503  lit =  175459  p =     0  d =     0  f =     1  +  T =     0.03 sec
  [bmc-prof 1455] wall=  32.788 p=     1 | ifo=  0.770(sd=0.191 nx=0.000 tfo=0.015 cnt=0.564) snap= 0.289 srm=  8.655 sat=  7.575(set=0.218 slv=7.355 max=7.3547 n=1) cex=R/T/F=0/0/1 trsplit=0 sim=15.024(rmp=0.491 run=14.532 n=1 d=0) incr=loc/full/maxdirty/keys=0/0/0/0 chk= 0.000(d=1) stat= 0.173 rest= 0.301
  [bmc-incr i=1456 repr=1 active=307/175459 POs=1]
BMC : c =     305  cl =   4503  lit =  175458  p =     0  d =     0  f =     1  +  T =     0.03 sec
  [bmc-prof 1456] wall=  31.070 p=     1 | ifo=  0.699(sd=0.178 nx=0.000 tfo=0.018 cnt=0.503) snap= 0.287 srm=  7.978 sat=  7.506(set=0.194 slv=7.309 max=7.3095 n=1) cex=R/T/F=0/0/1 trsplit=0 sim=14.139(rmp=0.427 run=13.711 n=1 d=0) incr=loc/full/maxdirty/keys=0/0/0/0 chk= 0.000(d=1) stat= 0.171 rest= 0.290
  [bmc-incr i=1457 repr=1 active=306/175458 POs=1]
BMC : c =     304  cl =   4503  lit =  175457  p =     0  d =     0  f =     1  +  T =     0.03 sec
  [bmc-prof 1457] wall=  32.371 p=     1 | ifo=  0.730(sd=0.202 nx=0.000 tfo=0.027 cnt=0.501) snap= 0.285 srm=  8.043 sat=  7.605(set=0.205 slv=7.398 max=7.3977 n=1) cex=R/T/F=0/0/1 trsplit=0 sim=15.223(rmp=0.461 run=14.761 n=1 d=0) incr=loc/full/maxdirty/keys=0/0/0/0 chk= 0.000(d=1) stat= 0.174 rest= 0.311
  [bmc-incr i=1458 repr=1 active=305/175457 POs=1]
BMC : c =     303  cl =   4503  lit =  175456  p =     0  d =     0  f =     1  +  T =     0.03 sec
  [bmc-prof 1458] wall=  35.079 p=     1 | ifo=  0.771(sd=0.187 nx=0.000 tfo=0.017 cnt=0.567) snap= 0.409 srm= 10.780 sat=  8.428(set=0.268 slv=8.157 max=8.1569 n=1) cex=R/T/F=0/0/1 trsplit=0 sim=14.242(rmp=0.418 run=13.823 n=1 d=0) incr=loc/full/maxdirty/keys=0/0/0/0 chk= 0.000(d=1) stat= 0.157 rest= 0.293
  [bmc-incr i=1459 repr=1 active=304/175456 POs=1]
BMC : c =     302  cl =   4503  lit =  175455  p =     0  d =     0  f =     1  +  T =     0.03 sec
  [bmc-prof 1459] wall=  32.435 p=     1 | ifo=  0.686(sd=0.188 nx=0.000 tfo=0.017 cnt=0.480) snap= 0.294 srm=  8.059 sat=  7.682(set=0.209 slv=7.472 max=7.4717 n=1) cex=R/T/F=0/0/1 trsplit=0 sim=15.252(rmp=0.447 run=14.803 n=1 d=0) incr=loc/full/maxdirty/keys=0/0/0/0 chk= 0.000(d=1) stat= 0.157 rest= 0.305
  [bmc-incr i=1460 repr=1 active=303/175455 POs=1]
BMC : c =     301  cl =   4503  lit =  175454  p =     0  d =     0  f =     1  +  T =     0.03 sec
  [bmc-prof 1460] wall=  31.856 p=     1 | ifo=  0.707(sd=0.188 nx=0.000 tfo=0.018 cnt=0.502) snap= 0.282 srm=  8.249 sat=  7.524(set=0.207 slv=7.315 max=7.3146 n=1) cex=R/T/F=0/0/1 trsplit=0 sim=14.619(rmp=0.483 run=14.135 n=1 d=0) incr=loc/full/maxdirty/keys=0/0/0/0 chk= 0.000(d=1) stat= 0.157 rest= 0.317
  [bmc-incr i=1461 repr=1 active=302/175454 POs=1]
BMC : c =     300  cl =   4503  lit =  175453  p =     0  d =     0  f =     1  +  T =     0.03 sec
  [bmc-prof 1461] wall=  32.535 p=     1 | ifo=  0.693(sd=0.179 nx=0.000 tfo=0.017 cnt=0.497) snap= 0.301 srm=  8.097 sat=  8.004(set=0.194 slv=7.807 max=7.8074 n=1) cex=R/T/F=0/0/1 trsplit=0 sim=14.967(rmp=0.446 run=14.520 n=1 d=0) incr=loc/full/maxdirty/keys=0/0/0/0 chk= 0.000(d=1) stat= 0.165 rest= 0.307
  [bmc-incr i=1462 repr=1 active=301/175453 POs=1]
BMC : c =     299  cl =   4503  lit =  175452  p =     0  d =     0  f =     1  +  T =     0.03 sec
  [bmc-prof 1462] wall=  31.392 p=     1 | ifo=  0.706(sd=0.181 nx=0.000 tfo=0.018 cnt=0.507) snap= 0.286 srm=  8.171 sat=  7.598(set=0.207 slv=7.389 max=7.3891 n=1) cex=R/T/F=0/0/1 trsplit=0 sim=14.180(rmp=0.430 run=13.749 n=1 d=0) incr=loc/full/maxdirty/keys=0/0/0/0 chk= 0.000(d=1) stat= 0.158 rest= 0.292
  [bmc-incr i=1463 repr=1 active=300/175452 POs=1]
BMC : c =     298  cl =   4503  lit =  175451  p =     0  d =     0  f =     1  +  T =     0.04 sec
  [bmc-prof 1463] wall=  35.918 p=     1 | ifo=  0.679(sd=0.182 nx=0.000 tfo=0.018 cnt=0.479) snap= 0.300 srm=  7.865 sat=  7.538(set=0.198 slv=7.337 max=7.3374 n=1) cex=R/T/F=0/0/1 trsplit=0 sim=19.053(rmp=0.436 run=18.616 n=1 d=0) incr=loc/full/maxdirty/keys=0/0/0/0 chk= 0.000(d=1) stat= 0.169 rest= 0.313
  [bmc-incr i=1464 repr=1 active=299/175451 POs=1]
BMC : c =     297  cl =   4503  lit =  175450  p =     0  d =     0  f =     1  +  T =     0.03 sec
  [bmc-prof 1464] wall=  32.672 p=     1 | ifo=  0.690(sd=0.180 nx=0.000 tfo=0.017 cnt=0.493) snap= 0.284 srm=  8.958 sat=  7.603(set=0.233 slv=7.369 max=7.3689 n=1) cex=R/T/F=0/0/1 trsplit=0 sim=14.675(rmp=0.447 run=14.228 n=1 d=0) incr=loc/full/maxdirty/keys=0/0/0/0 chk= 0.000(d=1) stat= 0.157 rest= 0.305
  [bmc-incr i=1465 repr=1 active=298/175450 POs=1]
BMC : c =     296  cl =   4503  lit =  175449  p =     0  d =     0  f =     1  +  T =     0.03 sec
  [bmc-prof 1465] wall=  31.230 p=     1 | ifo=  0.693(sd=0.179 nx=0.000 tfo=0.018 cnt=0.496) snap= 0.298 srm=  8.071 sat=  7.550(set=0.205 slv=7.342 max=7.3423 n=1) cex=R/T/F=0/0/1 trsplit=0 sim=14.171(rmp=0.426 run=13.744 n=1 d=0) incr=loc/full/maxdirty/keys=0/0/0/0 chk= 0.000(d=1) stat= 0.156 rest= 0.292
  [bmc-incr i=1466 repr=1 active=297/175449 POs=1]
BMC : c =     295  cl =   4503  lit =  175448  p =     0  d =     0  f =     1  +  T =     0.03 sec
  [bmc-prof 1466] wall=  33.216 p=     1 | ifo=  0.705(sd=0.177 nx=0.000 tfo=0.021 cnt=0.507) snap= 0.290 srm=  7.962 sat=  7.510(set=0.199 slv=7.310 max=7.3097 n=1) cex=R/T/F=0/0/1 trsplit=0 sim=16.282(rmp=0.498 run=15.783 n=1 d=0) incr=loc/full/maxdirty/keys=0/0/0/0 chk= 0.000(d=1) stat= 0.176 rest= 0.291
  [bmc-incr i=1467 repr=1 active=296/175448 POs=1]
BMC : c =     294  cl =   4503  lit =  175447  p =     0  d =     0  f =     1  +  T =     0.03 sec
  [bmc-prof 1467] wall=  31.647 p=     1 | ifo=  0.693(sd=0.175 nx=0.000 tfo=0.016 cnt=0.502) snap= 0.282 srm=  7.955 sat=  7.956(set=0.202 slv=7.752 max=7.7516 n=1) cex=R/T/F=0/0/1 trsplit=0 sim=14.286(rmp=0.436 run=13.849 n=1 d=0) incr=loc/full/maxdirty/keys=0/0/0/0 chk= 0.000(d=1) stat= 0.158 rest= 0.316
  [bmc-incr i=1468 repr=1 active=295/175447 POs=1]
BMC : c =     293  cl =   4503  lit =  175446  p =     0  d =     0  f =     1  +  T =     0.03 sec
  [bmc-prof 1468] wall=  32.155 p=     1 | ifo=  0.688(sd=0.177 nx=0.000 tfo=0.014 cnt=0.497) snap= 0.283 srm=  7.997 sat=  8.547(set=0.201 slv=8.344 max=8.3437 n=1) cex=R/T/F=0/0/1 trsplit=0 sim=14.155(rmp=0.436 run=13.718 n=1 d=0) incr=loc/full/maxdirty/keys=0/0/0/0 chk= 0.000(d=1) stat= 0.174 rest= 0.311
  [bmc-incr i=1469 repr=1 active=294/175446 POs=1]
BMC : c =     292  cl =   4503  lit =  175445  p =     0  d =     0  f =     1  +  T =     0.03 sec
  [bmc-prof 1469] wall=  32.221 p=     1 | ifo=  0.689(sd=0.178 nx=0.000 tfo=0.017 cnt=0.494) snap= 0.303 srm=  7.922 sat=  8.624(set=0.190 slv=8.431 max=8.4311 n=1) cex=R/T/F=0/0/1 trsplit=0 sim=14.200(rmp=0.415 run=13.784 n=1 d=0) incr=loc/full/maxdirty/keys=0/0/0/0 chk= 0.000(d=1) stat= 0.161 rest= 0.323
  [bmc-incr i=1470 repr=1 active=293/175445 POs=1]
BMC : c =     291  cl =   4503  lit =  175444  p =     0  d =     0  f =     1  +  T =     0.03 sec
  [bmc-prof 1470] wall=  31.635 p=     1 | ifo=  0.692(sd=0.175 nx=0.000 tfo=0.016 cnt=0.501) snap= 0.283 srm=  7.942 sat=  7.675(set=0.213 slv=7.460 max=7.4602 n=1) cex=R/T/F=0/0/1 trsplit=0 sim=14.482(rmp=0.444 run=14.036 n=1 d=0) incr=loc/full/maxdirty/keys=0/0/0/0 chk= 0.000(d=1) stat= 0.166 rest= 0.396
  [bmc-incr i=1471 repr=1 active=292/175444 POs=1]
BMC : c =     290  cl =   4503  lit =  175443  p =     0  d =     0  f =     1  +  T =     0.03 sec
  [bmc-prof 1471] wall=  31.988 p=     1 | ifo=  0.693(sd=0.181 nx=0.000 tfo=0.018 cnt=0.494) snap= 0.293 srm=  8.427 sat=  7.505(set=0.208 slv=7.296 max=7.2959 n=1) cex=R/T/F=0/0/1 trsplit=0 sim=14.619(rmp=0.444 run=14.174 n=1 d=0) incr=loc/full/maxdirty/keys=0/0/0/0 chk= 0.000(d=1) stat= 0.157 rest= 0.293
  [bmc-incr i=1472 repr=1 active=291/175443 POs=1]
BMC : c =     289  cl =   4503  lit =  175442  p =     0  d =     0  f =     1  +  T =     0.03 sec
  [bmc-prof 1472] wall=  31.586 p=     1 | ifo=  0.696(sd=0.192 nx=0.000 tfo=0.025 cnt=0.479) snap= 0.290 srm=  8.030 sat=  7.824(set=0.210 slv=7.612 max=7.6118 n=1) cex=R/T/F=0/0/1 trsplit=0 sim=14.292(rmp=0.429 run=13.862 n=1 d=0) incr=loc/full/maxdirty/keys=0/0/0/0 chk= 0.000(d=1) stat= 0.155 rest= 0.298
  [bmc-incr i=1473 repr=1 active=290/175442 POs=1]
BMC : c =     288  cl =   4503  lit =  175441  p =     0  d =     0  f =     1  +  T =     0.03 sec
  [bmc-prof 1473] wall=  32.215 p=     1 | ifo=  0.686(sd=0.175 nx=0.000 tfo=0.016 cnt=0.495) snap= 0.281 srm=  7.852 sat=  7.536(set=0.199 slv=7.336 max=7.3357 n=1) cex=R/T/F=0/0/1 trsplit=0 sim=15.401(rmp=0.446 run=14.954 n=1 d=0) incr=loc/full/maxdirty/keys=0/0/0/0 chk= 0.000(d=1) stat= 0.159 rest= 0.299
  [bmc-incr i=1474 repr=1 active=289/175441 POs=1]
BMC : c =     287  cl =   4503  lit =  175440  p =     0  d =     0  f =     1  +  T =     0.03 sec
  [bmc-prof 1474] wall=  31.843 p=     1 | ifo=  0.723(sd=0.207 nx=0.000 tfo=0.018 cnt=0.498) snap= 0.300 srm=  8.132 sat=  7.555(set=0.202 slv=7.351 max=7.3508 n=1) cex=R/T/F=0/0/1 trsplit=0 sim=14.668(rmp=0.426 run=14.241 n=1 d=0) incr=loc/full/maxdirty/keys=0/0/0/0 chk= 0.000(d=1) stat= 0.168 rest= 0.297
  [bmc-incr i=1475 repr=1 active=288/175440 POs=1]
BMC : c =     286  cl =   4503  lit =  175439  p =     0  d =     0  f =     1  +  T =     0.03 sec
  [bmc-prof 1475] wall=  32.746 p=     1 | ifo=  0.751(sd=0.180 nx=0.000 tfo=0.017 cnt=0.554) snap= 0.294 srm=  8.563 sat=  7.890(set=0.207 slv=7.679 max=7.6793 n=1) cex=R/T/F=0/0/1 trsplit=0 sim=14.780(rmp=0.471 run=14.308 n=1 d=0) incr=loc/full/maxdirty/keys=0/0/0/0 chk= 0.000(d=1) stat= 0.161 rest= 0.306
  [bmc-incr i=1476 repr=1 active=287/175439 POs=1]
BMC : c =     285  cl =   4503  lit =  175438  p =     0  d =     0  f =     1  +  T =     0.03 sec
  [bmc-prof 1476] wall=  31.352 p=     1 | ifo=  0.714(sd=0.199 nx=0.000 tfo=0.018 cnt=0.498) snap= 0.306 srm=  8.078 sat=  7.638(set=0.206 slv=7.429 max=7.4292 n=1) cex=R/T/F=0/0/1 trsplit=0 sim=14.169(rmp=0.435 run=13.733 n=1 d=0) incr=loc/full/maxdirty/keys=0/0/0/0 chk= 0.000(d=1) stat= 0.156 rest= 0.291
  [bmc-incr i=1477 repr=1 active=286/175438 POs=1]
BMC : c =     284  cl =   4503  lit =  175437  p =     0  d =     0  f =     1  +  T =     0.03 sec
  [bmc-prof 1477] wall=  32.130 p=     1 | ifo=  0.687(sd=0.190 nx=0.000 tfo=0.016 cnt=0.481) snap= 0.310 srm=  8.310 sat=  7.599(set=0.200 slv=7.398 max=7.3976 n=1) cex=R/T/F=0/0/1 trsplit=0 sim=14.740(rmp=0.439 run=14.300 n=1 d=0) incr=loc/full/maxdirty/keys=0/0/0/0 chk= 0.001(d=1) stat= 0.164 rest= 0.319
  [bmc-incr i=1478 repr=1 active=285/175437 POs=1]
BMC : c =     283  cl =   4503  lit =  175436  p =     0  d =     0  f =     1  +  T =     0.03 sec
  [bmc-prof 1478] wall=  31.889 p=     1 | ifo=  0.692(sd=0.187 nx=0.000 tfo=0.016 cnt=0.489) snap= 0.301 srm=  8.526 sat=  7.610(set=0.209 slv=7.400 max=7.3996 n=1) cex=R/T/F=0/0/1 trsplit=0 sim=14.293(rmp=0.447 run=13.844 n=1 d=0) incr=loc/full/maxdirty/keys=0/0/0/0 chk= 0.000(d=1) stat= 0.170 rest= 0.296
  [bmc-incr i=1479 repr=1 active=284/175436 POs=1]
BMC : c =     282  cl =   4503  lit =  175435  p =     0  d =     0  f =     1  +  T =     0.03 sec
  [bmc-prof 1479] wall=  32.135 p=     1 | ifo=  0.695(sd=0.188 nx=0.000 tfo=0.024 cnt=0.483) snap= 0.301 srm=  8.124 sat=  7.975(set=0.196 slv=7.776 max=7.7763 n=1) cex=R/T/F=0/0/1 trsplit=0 sim=14.551(rmp=0.458 run=14.092 n=1 d=0) incr=loc/full/maxdirty/keys=0/0/0/0 chk= 0.000(d=1) stat= 0.162 rest= 0.326
  [bmc-incr i=1480 repr=1 active=283/175435 POs=1]
BMC : c =     281  cl =   4503  lit =  175434  p =     0  d =     0  f =     1  +  T =     0.04 sec
  [bmc-prof 1480] wall=  36.410 p=     1 | ifo=  0.695(sd=0.178 nx=0.000 tfo=0.019 cnt=0.498) snap= 0.303 srm=  8.044 sat=  7.603(set=0.207 slv=7.394 max=7.3937 n=1) cex=R/T/F=0/0/1 trsplit=0 sim=19.311(rmp=0.434 run=18.876 n=1 d=0) incr=loc/full/maxdirty/keys=0/0/0/0 chk= 0.000(d=1) stat= 0.160 rest= 0.294
  [bmc-incr i=1481 repr=1 active=282/175434 POs=1]
BMC : c =     280  cl =   4503  lit =  175433  p =     0  d =     0  f =     1  +  T =     0.03 sec
  [bmc-prof 1481] wall=  31.364 p=     1 | ifo=  0.708(sd=0.188 nx=0.000 tfo=0.031 cnt=0.488) snap= 0.290 srm=  7.960 sat=  7.666(set=0.194 slv=7.469 max=7.4689 n=1) cex=R/T/F=0/0/1 trsplit=0 sim=14.289(rmp=0.466 run=13.822 n=1 d=0) incr=loc/full/maxdirty/keys=0/0/0/0 chk= 0.000(d=1) stat= 0.154 rest= 0.297
  [bmc-incr i=1482 repr=1 active=281/175433 POs=1]
BMC : c =     279  cl =   4503  lit =  175432  p =     0  d =     0  f =     1  +  T =     0.03 sec
  [bmc-prof 1482] wall=  31.199 p=     1 | ifo=  0.710(sd=0.175 nx=0.000 tfo=0.016 cnt=0.519) snap= 0.302 srm=  7.974 sat=  7.601(set=0.192 slv=7.407 max=7.4068 n=1) cex=R/T/F=0/0/1 trsplit=0 sim=14.156(rmp=0.429 run=13.726 n=1 d=0) incr=loc/full/maxdirty/keys=0/0/0/0 chk= 0.000(d=1) stat= 0.162 rest= 0.294
  [bmc-incr i=1483 repr=1 active=280/175432 POs=1]
BMC : c =     278  cl =   4503  lit =  175431  p =     0  d =     0  f =     1  +  T =     0.03 sec
  [bmc-prof 1483] wall=  32.711 p=     1 | ifo=  2.265(sd=0.498 nx=0.000 tfo=0.032 cnt=1.735) snap= 0.284 srm=  7.928 sat=  7.628(set=0.208 slv=7.418 max=7.4182 n=1) cex=R/T/F=0/0/1 trsplit=0 sim=14.151(rmp=0.434 run=13.716 n=1 d=0) incr=loc/full/maxdirty/keys=0/0/0/0 chk= 0.000(d=1) stat= 0.163 rest= 0.291
  [bmc-incr i=1484 repr=1 active=279/175431 POs=1]
BMC : c =     277  cl =   4503  lit =  175430  p =     0  d =     0  f =     1  +  T =     0.03 sec
  [bmc-prof 1484] wall=  32.601 p=     1 | ifo=  0.692(sd=0.179 nx=0.000 tfo=0.016 cnt=0.496) snap= 0.302 srm=  8.069 sat=  7.829(set=0.199 slv=7.628 max=7.6277 n=1) cex=R/T/F=0/0/1 trsplit=0 sim=15.220(rmp=0.549 run=14.670 n=1 d=0) incr=loc/full/maxdirty/keys=0/0/0/0 chk= 0.000(d=1) stat= 0.156 rest= 0.333
  [bmc-incr i=1485 repr=1 active=278/175430 POs=1]
BMC : c =     276  cl =   4503  lit =  175429  p =     0  d =     0  f =     1  +  T =     0.03 sec
  [bmc-prof 1485] wall=  31.280 p=     1 | ifo=  0.692(sd=0.189 nx=0.000 tfo=0.015 cnt=0.488) snap= 0.281 srm=  8.100 sat=  7.597(set=0.192 slv=7.404 max=7.4035 n=1) cex=R/T/F=0/0/1 trsplit=0 sim=14.135(rmp=0.435 run=13.699 n=1 d=0) incr=loc/full/maxdirty/keys=0/0/0/0 chk= 0.000(d=1) stat= 0.166 rest= 0.308
  [bmc-incr i=1486 repr=1 active=277/175429 POs=1]
BMC : c =     275  cl =   4503  lit =  175428  p =     0  d =     0  f =     1  +  T =     0.03 sec
  [bmc-prof 1486] wall=  31.397 p=     1 | ifo=  0.695(sd=0.182 nx=0.000 tfo=0.015 cnt=0.498) snap= 0.289 srm=  8.090 sat=  7.547(set=0.192 slv=7.353 max=7.3532 n=1) cex=R/T/F=0/0/1 trsplit=0 sim=14.305(rmp=0.413 run=13.891 n=1 d=0) incr=loc/full/maxdirty/keys=0/0/0/0 chk= 0.000(d=1) stat= 0.160 rest= 0.309
  [bmc-incr i=1487 repr=1 active=276/175428 POs=1]
BMC : c =     274  cl =   4503  lit =  175427  p =     0  d =     0  f =     1  +  T =     0.03 sec
  [bmc-prof 1487] wall=  32.734 p=     1 | ifo=  0.683(sd=0.188 nx=0.000 tfo=0.015 cnt=0.480) snap= 0.301 srm=  8.330 sat=  8.377(set=0.210 slv=8.165 max=8.1646 n=1) cex=R/T/F=0/0/1 trsplit=0 sim=14.561(rmp=0.504 run=14.055 n=1 d=0) incr=loc/full/maxdirty/keys=0/0/0/0 chk= 0.000(d=1) stat= 0.161 rest= 0.319
  [bmc-incr i=1488 repr=1 active=275/175427 POs=1]
BMC : c =     273  cl =   4503  lit =  175426  p =     0  d =     0  f =     1  +  T =     0.03 sec
  [bmc-prof 1488] wall=  33.588 p=     1 | ifo=  0.753(sd=0.180 nx=0.000 tfo=0.015 cnt=0.558) snap= 0.291 srm=  8.057 sat=  8.428(set=0.193 slv=8.227 max=8.2271 n=1) cex=R/T/F=0/0/1 trsplit=0 sim=15.293(rmp=1.452 run=13.840 n=1 d=0) incr=loc/full/maxdirty/keys=0/0/0/0 chk= 0.000(d=1) stat= 0.168 rest= 0.598
  [bmc-incr i=1489 repr=1 active=274/175426 POs=1]
BMC : c =     272  cl =   4503  lit =  175425  p =     0  d =     0  f =     1  +  T =     0.03 sec
  [bmc-prof 1489] wall=  32.123 p=     1 | ifo=  0.699(sd=0.188 nx=0.000 tfo=0.015 cnt=0.496) snap= 0.297 srm=  8.115 sat=  8.071(set=0.206 slv=7.863 max=7.8628 n=1) cex=R/T/F=0/0/1 trsplit=0 sim=14.485(rmp=0.461 run=14.023 n=1 d=0) incr=loc/full/maxdirty/keys=0/0/0/0 chk= 0.000(d=1) stat= 0.157 rest= 0.299
  [bmc-incr i=1490 repr=1 active=273/175425 POs=1]
BMC : c =     271  cl =   4503  lit =  175424  p =     0  d =     0  f =     1  +  T =     0.03 sec
  [bmc-prof 1490] wall=  32.401 p=     1 | ifo=  0.705(sd=0.197 nx=0.000 tfo=0.016 cnt=0.493) snap= 0.293 srm=  7.995 sat=  7.562(set=0.202 slv=7.359 max=7.3588 n=1) cex=R/T/F=0/0/1 trsplit=0 sim=15.367(rmp=0.434 run=14.932 n=1 d=0) incr=loc/full/maxdirty/keys=0/0/0/0 chk= 0.000(d=1) stat= 0.163 rest= 0.314
  [bmc-incr i=1491 repr=1 active=272/175424 POs=1]
BMC : c =     270  cl =   4503  lit =  175423  p =     0  d =     0  f =     1  +  T =     0.03 sec
  [bmc-prof 1491] wall=  31.968 p=     1 | ifo=  0.701(sd=0.187 nx=0.000 tfo=0.015 cnt=0.499) snap= 0.281 srm=  8.398 sat=  7.621(set=0.206 slv=7.413 max=7.4128 n=1) cex=R/T/F=0/0/1 trsplit=0 sim=14.517(rmp=0.536 run=13.980 n=1 d=0) incr=loc/full/maxdirty/keys=0/0/0/0 chk= 0.000(d=1) stat= 0.159 rest= 0.291
  [bmc-incr i=1492 repr=1 active=271/175423 POs=1]
BMC : c =     269  cl =   4503  lit =  175422  p =     0  d =     0  f =     1  +  T =     0.03 sec
  [bmc-prof 1492] wall=  31.322 p=     1 | ifo=  0.696(sd=0.188 nx=0.000 tfo=0.023 cnt=0.485) snap= 0.298 srm=  8.036 sat=  7.558(set=0.193 slv=7.363 max=7.3632 n=1) cex=R/T/F=0/0/1 trsplit=0 sim=14.255(rmp=0.465 run=13.790 n=1 d=0) incr=loc/full/maxdirty/keys=0/0/0/0 chk= 0.000(d=1) stat= 0.159 rest= 0.320
  [bmc-incr i=1493 repr=1 active=270/175422 POs=1]
BMC : c =     268  cl =   4503  lit =  175421  p =     0  d =     0  f =     1  +  T =     0.04 sec
  [bmc-prof 1493] wall=  35.875 p=     1 | ifo=  0.873(sd=0.179 nx=0.000 tfo=0.016 cnt=0.678) snap= 0.305 srm= 11.241 sat=  8.357(set=0.205 slv=8.150 max=8.1497 n=1) cex=R/T/F=0/0/1 trsplit=0 sim=14.629(rmp=0.484 run=14.144 n=1 d=0) incr=loc/full/maxdirty/keys=0/0/0/0 chk= 0.000(d=1) stat= 0.159 rest= 0.310
  [bmc-incr i=1494 repr=1 active=269/175421 POs=1]
BMC : c =     267  cl =   4503  lit =  175420  p =     0  d =     0  f =     1  +  T =     0.03 sec
  [bmc-prof 1494] wall=  32.934 p=     1 | ifo=  0.685(sd=0.180 nx=0.000 tfo=0.015 cnt=0.490) snap= 0.283 srm=  7.830 sat=  7.636(set=0.194 slv=7.440 max=7.4399 n=1) cex=R/T/F=0/0/1 trsplit=0 sim=16.035(rmp=0.429 run=15.605 n=1 d=0) incr=loc/full/maxdirty/keys=0/0/0/0 chk= 0.000(d=1) stat= 0.172 rest= 0.292
  [bmc-incr i=1495 repr=1 active=268/175420 POs=1]
BMC : c =     266  cl =   4503  lit =  175419  p =     0  d =     0  f =     1  +  T =     0.03 sec
  [bmc-prof 1495] wall=  33.709 p=     1 | ifo=  0.694(sd=0.183 nx=0.000 tfo=0.015 cnt=0.496) snap= 0.316 srm=  9.914 sat=  7.699(set=0.210 slv=7.487 max=7.4870 n=1) cex=R/T/F=0/0/1 trsplit=0 sim=14.616(rmp=0.466 run=14.148 n=1 d=0) incr=loc/full/maxdirty/keys=0/0/0/0 chk= 0.000(d=1) stat= 0.156 rest= 0.314
  [bmc-incr i=1496 repr=1 active=267/175419 POs=1]
BMC : c =     265  cl =   4503  lit =  175418  p =     0  d =     0  f =     1  +  T =     0.03 sec
  [bmc-prof 1496] wall=  31.187 p=     1 | ifo=  0.670(sd=0.179 nx=0.000 tfo=0.014 cnt=0.477) snap= 0.281 srm=  7.888 sat=  7.587(set=0.193 slv=7.392 max=7.3917 n=1) cex=R/T/F=0/0/1 trsplit=0 sim=14.297(rmp=0.434 run=13.861 n=1 d=0) incr=loc/full/maxdirty/keys=0/0/0/0 chk= 0.000(d=1) stat= 0.162 rest= 0.303
  [bmc-incr i=1497 repr=1 active=266/175418 POs=1]
BMC : c =     264  cl =   4503  lit =  175417  p =     0  d =     0  f =     1  +  T =     0.03 sec
  [bmc-prof 1497] wall=  34.555 p=     1 | ifo=  0.686(sd=0.177 nx=0.000 tfo=0.014 cnt=0.495) snap= 0.307 srm=  8.304 sat=  7.680(set=0.200 slv=7.477 max=7.4774 n=1) cex=R/T/F=0/0/1 trsplit=0 sim=16.927(rmp=0.442 run=16.483 n=1 d=0) incr=loc/full/maxdirty/keys=0/0/0/0 chk= 0.000(d=1) stat= 0.248 rest= 0.404
  [bmc-incr i=1498 repr=1 active=265/175417 POs=1]
BMC : c =     263  cl =   4503  lit =  175416  p =     0  d =     0  f =     1  +  T =     0.03 sec
  [bmc-prof 1498] wall=  32.605 p=     1 | ifo=  1.017(sd=0.263 nx=0.000 tfo=0.016 cnt=0.739) snap= 0.297 srm=  8.611 sat=  7.796(set=0.202 slv=7.591 max=7.5912 n=1) cex=R/T/F=0/0/1 trsplit=0 sim=14.411(rmp=0.456 run=13.954 n=1 d=0) incr=loc/full/maxdirty/keys=0/0/0/0 chk= 0.000(d=1) stat= 0.158 rest= 0.315
  [bmc-incr i=1499 repr=1 active=264/175416 POs=1]
BMC : c =     262  cl =   4503  lit =  175415  p =     0  d =     0  f =     1  +  T =     0.03 sec
  [bmc-prof 1499] wall=  33.790 p=     1 | ifo=  0.695(sd=0.181 nx=0.000 tfo=0.014 cnt=0.500) snap= 0.292 srm=  9.986 sat=  7.908(set=0.192 slv=7.714 max=7.7139 n=1) cex=R/T/F=0/0/1 trsplit=0 sim=14.445(rmp=0.424 run=14.021 n=1 d=0) incr=loc/full/maxdirty/keys=0/0/0/0 chk= 0.000(d=1) stat= 0.168 rest= 0.294
  [bmc-incr i=1500 repr=1 active=263/175415 POs=1]
BMC : c =     261  cl =   4503  lit =  175414  p =     0  d =     0  f =     1  +  T =     0.03 sec
  [bmc-prof 1500] wall=  32.009 p=     1 | ifo=  0.691(sd=0.184 nx=0.000 tfo=0.014 cnt=0.493) snap= 0.296 srm=  7.937 sat=  7.858(set=0.207 slv=7.650 max=7.6500 n=1) cex=R/T/F=0/0/1 trsplit=0 sim=14.649(rmp=0.421 run=14.227 n=1 d=0) incr=loc/full/maxdirty/keys=0/0/0/0 chk= 0.000(d=1) stat= 0.272 rest= 0.307
  [bmc-incr i=1501 repr=1 active=262/175414 POs=1]
BMC : c =     260  cl =   4503  lit =  175413  p =     0  d =     0  f =     1  +  T =     0.03 sec
  [bmc-prof 1501] wall=  32.403 p=     1 | ifo=  0.800(sd=0.252 nx=0.000 tfo=0.067 cnt=0.481) snap= 0.286 srm=  8.338 sat=  7.617(set=0.203 slv=7.413 max=7.4126 n=1) cex=R/T/F=0/0/1 trsplit=0 sim=14.859(rmp=0.422 run=14.437 n=1 d=0) incr=loc/full/maxdirty/keys=0/0/0/0 chk= 0.000(d=1) stat= 0.200 rest= 0.303
  [bmc-incr i=1502 repr=1 active=261/175413 POs=1]
BMC : c =     259  cl =   4503  lit =  175412  p =     0  d =     0  f =     1  +  T =     0.03 sec
  [bmc-prof 1502] wall=  33.928 p=     1 | ifo=  0.701(sd=0.192 nx=0.000 tfo=0.014 cnt=0.495) snap= 0.302 srm=  7.980 sat=  9.011(set=0.194 slv=8.814 max=8.8141 n=1) cex=R/T/F=0/0/1 trsplit=0 sim=15.434(rmp=0.487 run=14.947 n=1 d=0) incr=loc/full/maxdirty/keys=0/0/0/0 chk= 0.000(d=1) stat= 0.174 rest= 0.327
  [bmc-incr i=1503 repr=1 active=260/175412 POs=1]
BMC : c =     258  cl =   4503  lit =  175411  p =     0  d =     0  f =     1  +  T =     0.03 sec
  [bmc-prof 1503] wall=  31.152 p=     1 | ifo=  0.715(sd=0.210 nx=0.000 tfo=0.021 cnt=0.484) snap= 0.284 srm=  7.936 sat=  7.682(set=0.220 slv=7.460 max=7.4597 n=1) cex=R/T/F=0/0/1 trsplit=0 sim=14.082(rmp=0.426 run=13.655 n=1 d=0) incr=loc/full/maxdirty/keys=0/0/0/0 chk= 0.000(d=1) stat= 0.158 rest= 0.295
  [bmc-incr i=1504 repr=1 active=259/175411 POs=1]
BMC : c =     257  cl =   4503  lit =  175410  p =     0  d =     0  f =     1  +  T =     0.03 sec
  [bmc-prof 1504] wall=  31.241 p=     1 | ifo=  0.687(sd=0.179 nx=0.000 tfo=0.014 cnt=0.493) snap= 0.283 srm=  7.936 sat=  7.619(set=0.197 slv=7.420 max=7.4198 n=1) cex=R/T/F=0/0/1 trsplit=0 sim=14.245(rmp=0.420 run=13.824 n=1 d=0) incr=loc/full/maxdirty/keys=0/0/0/0 chk= 0.000(d=1) stat= 0.162 rest= 0.309
  [bmc-incr i=1505 repr=1 active=258/175410 POs=1]
BMC : c =     256  cl =   4503  lit =  175409  p =     0  d =     0  f =     1  +  T =     0.03 sec
  [bmc-prof 1505] wall=  31.966 p=     1 | ifo=  0.693(sd=0.181 nx=0.000 tfo=0.013 cnt=0.498) snap= 0.286 srm=  8.222 sat=  7.649(set=0.209 slv=7.439 max=7.4385 n=1) cex=R/T/F=0/0/1 trsplit=0 sim=14.569(rmp=0.427 run=14.142 n=1 d=0) incr=loc/full/maxdirty/keys=0/0/0/0 chk= 0.000(d=1) stat= 0.194 rest= 0.352
  [bmc-incr i=1506 repr=1 active=257/175409 POs=1]
BMC : c =     255  cl =   4503  lit =  175408  p =     0  d =     0  f =     1  +  T =     0.03 sec
  [bmc-prof 1506] wall=  33.623 p=     1 | ifo=  0.794(sd=0.241 nx=0.000 tfo=0.015 cnt=0.538) snap= 0.290 srm=  9.327 sat=  7.869(set=0.205 slv=7.662 max=7.6620 n=1) cex=R/T/F=0/0/1 trsplit=0 sim=14.757(rmp=0.546 run=14.210 n=1 d=0) incr=loc/full/maxdirty/keys=0/0/0/0 chk= 0.000(d=1) stat= 0.190 rest= 0.394
  [bmc-incr i=1507 repr=1 active=256/175408 POs=1]
BMC : c =     254  cl =   4503  lit =  175407  p =     0  d =     0  f =     1  +  T =     0.03 sec
  [bmc-prof 1507] wall=  31.603 p=     1 | ifo=  0.762(sd=0.225 nx=0.000 tfo=0.016 cnt=0.522) snap= 0.286 srm=  8.277 sat=  7.582(set=0.217 slv=7.364 max=7.3638 n=1) cex=R/T/F=0/0/1 trsplit=0 sim=14.231(rmp=0.422 run=13.809 n=1 d=0) incr=loc/full/maxdirty/keys=0/0/0/0 chk= 0.000(d=1) stat= 0.172 rest= 0.291
  [bmc-incr i=1508 repr=1 active=255/175407 POs=1]
BMC : c =     253  cl =   4503  lit =  175406  p =     0  d =     0  f =     1  +  T =     0.03 sec
  [bmc-prof 1508] wall=  32.121 p=     1 | ifo=  0.679(sd=0.183 nx=0.000 tfo=0.014 cnt=0.482) snap= 0.291 srm=  8.265 sat=  7.664(set=0.198 slv=7.464 max=7.4639 n=1) cex=R/T/F=0/0/1 trsplit=0 sim=14.737(rmp=0.445 run=14.291 n=1 d=0) incr=loc/full/maxdirty/keys=0/0/0/0 chk= 0.000(d=1) stat= 0.163 rest= 0.321
  [bmc-incr i=1509 repr=1 active=254/175406 POs=1]
BMC : c =     252  cl =   4503  lit =  175405  p =     0  d =     0  f =     1  +  T =     0.03 sec
  [bmc-prof 1509] wall=  31.585 p=     1 | ifo=  0.691(sd=0.177 nx=0.000 tfo=0.014 cnt=0.501) snap= 0.280 srm=  8.263 sat=  7.762(set=0.219 slv=7.541 max=7.5415 n=1) cex=R/T/F=0/0/1 trsplit=0 sim=14.142(rmp=0.464 run=13.677 n=1 d=0) incr=loc/full/maxdirty/keys=0/0/0/0 chk= 0.000(d=1) stat= 0.155 rest= 0.291
  [bmc-incr i=1510 repr=1 active=253/175405 POs=1]
BMC : c =     251  cl =   4503  lit =  175404  p =     0  d =     0  f =     1  +  T =     0.03 sec
  [bmc-prof 1510] wall=  31.290 p=     1 | ifo=  0.726(sd=0.184 nx=0.000 tfo=0.015 cnt=0.526) snap= 0.288 srm=  7.808 sat=  7.640(set=0.190 slv=7.448 max=7.4480 n=1) cex=R/T/F=0/0/1 trsplit=0 sim=14.306(rmp=0.432 run=13.873 n=1 d=0) incr=loc/full/maxdirty/keys=0/0/0/0 chk= 0.000(d=1) stat= 0.202 rest= 0.321
  [bmc-incr i=1511 repr=1 active=252/175404 POs=1]
BMC : c =     250  cl =   4503  lit =  175403  p =     0  d =     0  f =     1  +  T =     0.03 sec
  [bmc-prof 1511] wall=  32.563 p=     1 | ifo=  0.685(sd=0.179 nx=0.000 tfo=0.015 cnt=0.492) snap= 0.295 srm=  8.898 sat=  7.692(set=0.210 slv=7.480 max=7.4795 n=1) cex=R/T/F=0/0/1 trsplit=0 sim=14.516(rmp=0.453 run=14.063 n=1 d=0) incr=loc/full/maxdirty/keys=0/0/0/0 chk= 0.000(d=1) stat= 0.159 rest= 0.318
  [bmc-incr i=1512 repr=1 active=251/175403 POs=1]
BMC : c =     249  cl =   4503  lit =  175402  p =     0  d =     0  f =     1  +  T =     0.03 sec
  [bmc-prof 1512] wall=  31.285 p=     1 | ifo=  0.701(sd=0.176 nx=0.000 tfo=0.022 cnt=0.502) snap= 0.298 srm=  7.992 sat=  7.637(set=0.191 slv=7.444 max=7.4440 n=1) cex=R/T/F=0/0/1 trsplit=0 sim=14.202(rmp=0.421 run=13.780 n=1 d=0) incr=loc/full/maxdirty/keys=0/0/0/0 chk= 0.000(d=1) stat= 0.164 rest= 0.290
  [bmc-incr i=1513 repr=1 active=250/175402 POs=1]
BMC : c =     248  cl =   4503  lit =  175401  p =     0  d =     0  f =     1  +  T =     0.03 sec
  [bmc-prof 1513] wall=  31.821 p=     1 | ifo=  0.688(sd=0.177 nx=0.000 tfo=0.014 cnt=0.497) snap= 0.280 srm=  8.002 sat=  7.997(set=0.203 slv=7.791 max=7.7914 n=1) cex=R/T/F=0/0/1 trsplit=0 sim=14.399(rmp=0.436 run=13.962 n=1 d=0) incr=loc/full/maxdirty/keys=0/0/0/0 chk= 0.000(d=1) stat= 0.160 rest= 0.295
  [bmc-incr i=1514 repr=1 active=249/175401 POs=1]
BMC : c =     247  cl =   4503  lit =  175400  p =     0  d =     0  f =     1  +  T =     0.03 sec
  [bmc-prof 1514] wall=  33.347 p=     1 | ifo=  1.448(sd=0.177 nx=0.000 tfo=0.014 cnt=1.257) snap= 0.286 srm=  9.371 sat=  7.633(set=0.203 slv=7.428 max=7.4281 n=1) cex=R/T/F=0/0/1 trsplit=0 sim=14.133(rmp=0.425 run=13.707 n=1 d=0) incr=loc/full/maxdirty/keys=0/0/0/0 chk= 0.000(d=1) stat= 0.168 rest= 0.309
  [bmc-incr i=1515 repr=1 active=248/175400 POs=1]
BMC : c =     246  cl =   4503  lit =  175399  p =     0  d =     0  f =     1  +  T =     0.03 sec
  [bmc-prof 1515] wall=  32.579 p=     1 | ifo=  0.698(sd=0.186 nx=0.000 tfo=0.013 cnt=0.499) snap= 0.293 srm=  8.081 sat=  7.698(set=0.200 slv=7.496 max=7.4956 n=1) cex=R/T/F=0/0/1 trsplit=0 sim=15.323(rmp=0.420 run=14.902 n=1 d=0) incr=loc/full/maxdirty/keys=0/0/0/0 chk= 0.000(d=1) stat= 0.172 rest= 0.312
  [bmc-incr i=1516 repr=1 active=247/175399 POs=1]
BMC : c =     245  cl =   4503  lit =  175398  p =     0  d =     0  f =     1  +  T =     0.03 sec
  [bmc-prof 1516] wall=  31.246 p=     1 | ifo=  0.681(sd=0.179 nx=0.000 tfo=0.013 cnt=0.489) snap= 0.292 srm=  7.808 sat=  7.635(set=0.194 slv=7.439 max=7.4386 n=1) cex=R/T/F=0/0/1 trsplit=0 sim=14.378(rmp=0.431 run=13.946 n=1 d=0) incr=loc/full/maxdirty/keys=0/0/0/0 chk= 0.000(d=1) stat= 0.158 rest= 0.294
  [bmc-incr i=1517 repr=1 active=246/175398 POs=1]
BMC : c =     244  cl =   4503  lit =  175397  p =     0  d =     0  f =     1  +  T =     0.03 sec
  [bmc-prof 1517] wall=  32.069 p=     1 | ifo=  0.699(sd=0.197 nx=0.000 tfo=0.014 cnt=0.488) snap= 0.281 srm=  8.141 sat=  7.747(set=0.207 slv=7.538 max=7.5381 n=1) cex=R/T/F=0/0/1 trsplit=0 sim=14.745(rmp=0.433 run=14.311 n=1 d=0) incr=loc/full/maxdirty/keys=0/0/0/0 chk= 0.000(d=1) stat= 0.160 rest= 0.296
  [bmc-incr i=1518 repr=1 active=245/175397 POs=1]
BMC : c =     243  cl =   4503  lit =  175396  p =     0  d =     0  f =     1  +  T =     0.04 sec
  [bmc-prof 1518] wall=  35.241 p=     1 | ifo=  0.683(sd=0.179 nx=0.000 tfo=0.013 cnt=0.491) snap= 0.283 srm=  7.915 sat=  8.915(set=0.224 slv=8.688 max=8.6885 n=1) cex=R/T/F=0/0/1 trsplit=0 sim=16.965(rmp=0.471 run=16.492 n=1 d=0) incr=loc/full/maxdirty/keys=0/0/0/0 chk= 0.000(d=1) stat= 0.165 rest= 0.314
  [bmc-incr i=1519 repr=1 active=244/175396 POs=1]
BMC : c =     242  cl =   4503  lit =  175395  p =     0  d =     0  f =     1  +  T =     0.03 sec
  [bmc-prof 1519] wall=  31.221 p=     1 | ifo=  0.758(sd=0.218 nx=0.000 tfo=0.023 cnt=0.516) snap= 0.288 srm=  7.855 sat=  7.673(set=0.207 slv=7.463 max=7.4634 n=1) cex=R/T/F=0/0/1 trsplit=0 sim=14.161(rmp=0.417 run=13.743 n=1 d=0) incr=loc/full/maxdirty/keys=0/0/0/0 chk= 0.000(d=1) stat= 0.153 rest= 0.334
  [bmc-incr i=1520 repr=1 active=243/175395 POs=1]
BMC : c =     241  cl =   4503  lit =  175394  p =     0  d =     0  f =     1  +  T =     0.03 sec
  [bmc-prof 1520] wall=  31.549 p=     1 | ifo=  0.667(sd=0.175 nx=0.000 tfo=0.013 cnt=0.479) snap= 0.296 srm=  7.831 sat=  7.678(set=0.202 slv=7.474 max=7.4737 n=1) cex=R/T/F=0/0/1 trsplit=0 sim=14.604(rmp=0.419 run=14.185 n=1 d=0) incr=loc/full/maxdirty/keys=0/0/0/0 chk= 0.000(d=1) stat= 0.169 rest= 0.304
  [bmc-incr i=1521 repr=1 active=242/175394 POs=1]
BMC : c =     240  cl =   4503  lit =  175393  p =     0  d =     0  f =     1  +  T =     0.03 sec
  [bmc-prof 1521] wall=  32.850 p=     1 | ifo=  0.680(sd=0.178 nx=0.000 tfo=0.014 cnt=0.488) snap= 0.306 srm=  8.099 sat=  8.119(set=0.215 slv=7.901 max=7.9014 n=1) cex=R/T/F=0/0/1 trsplit=0 sim=15.176(rmp=0.515 run=14.660 n=1 d=0) incr=loc/full/maxdirty/keys=0/0/0/0 chk= 0.000(d=1) stat= 0.159 rest= 0.311
  [bmc-incr i=1522 repr=1 active=241/175393 POs=1]
BMC : c =     239  cl =   4503  lit =  175392  p =     0  d =     0  f =     1  +  T =     0.03 sec
  [bmc-prof 1522] wall=  32.358 p=     1 | ifo=  0.778(sd=0.217 nx=0.000 tfo=0.022 cnt=0.539) snap= 0.298 srm=  8.135 sat=  7.679(set=0.192 slv=7.485 max=7.4854 n=1) cex=R/T/F=0/0/1 trsplit=0 sim=14.983(rmp=0.442 run=14.539 n=1 d=0) incr=loc/full/maxdirty/keys=0/0/0/0 chk= 0.000(d=1) stat= 0.184 rest= 0.301
  [bmc-incr i=1523 repr=1 active=240/175392 POs=1]
BMC : c =     238  cl =   4503  lit =  175391  p =     0  d =     0  f =     1  +  T =     0.03 sec
  [bmc-prof 1523] wall=  33.875 p=     1 | ifo=  0.672(sd=0.181 nx=0.000 tfo=0.013 cnt=0.478) snap= 0.300 srm=  8.198 sat=  7.764(set=0.210 slv=7.552 max=7.5522 n=1) cex=R/T/F=0/0/1 trsplit=0 sim=16.488(rmp=0.442 run=16.045 n=1 d=0) incr=loc/full/maxdirty/keys=0/0/0/0 chk= 0.000(d=1) stat= 0.158 rest= 0.295
  [bmc-incr i=1524 repr=1 active=239/175391 POs=1]
BMC : c =     237  cl =   4503  lit =  175390  p =     0  d =     0  f =     1  +  T =     0.03 sec
  [bmc-prof 1524] wall=  33.614 p=     1 | ifo=  0.679(sd=0.184 nx=0.000 tfo=0.014 cnt=0.481) snap= 0.300 srm=  8.442 sat=  8.694(set=0.212 slv=8.480 max=8.4800 n=1) cex=R/T/F=0/0/1 trsplit=0 sim=15.007(rmp=0.466 run=14.540 n=1 d=0) incr=loc/full/maxdirty/keys=0/0/0/0 chk= 0.000(d=1) stat= 0.160 rest= 0.332
  [bmc-incr i=1525 repr=1 active=238/175390 POs=1]
BMC : c =     236  cl =   4503  lit =  175389  p =     0  d =     0  f =     1  +  T =     0.04 sec
  [bmc-prof 1525] wall=  39.132 p=     1 | ifo=  0.696(sd=0.195 nx=0.000 tfo=0.014 cnt=0.487) snap= 0.364 srm=  8.355 sat= 14.337(set=0.238 slv=14.096 max=14.0959 n=1) cex=R/T/F=0/0/1 trsplit=0 sim=14.858(rmp=0.709 run=14.148 n=1 d=0) incr=loc/full/maxdirty/keys=0/0/0/0 chk= 0.000(d=1) stat= 0.160 rest= 0.362
  [bmc-incr i=1526 repr=1 active=237/175389 POs=1]
BMC : c =     235  cl =   4503  lit =  175388  p =     0  d =     0  f =     1  +  T =     0.03 sec
  [bmc-prof 1526] wall=  31.953 p=     1 | ifo=  0.701(sd=0.179 nx=0.000 tfo=0.013 cnt=0.508) snap= 0.283 srm=  7.994 sat=  7.672(set=0.194 slv=7.477 max=7.4766 n=1) cex=R/T/F=0/0/1 trsplit=0 sim=14.546(rmp=0.442 run=14.102 n=1 d=0) incr=loc/full/maxdirty/keys=0/0/0/0 chk= 0.000(d=1) stat= 0.434 rest= 0.322
  [bmc-incr i=1527 repr=1 active=236/175388 POs=1]
BMC : c =     234  cl =   4503  lit =  175387  p =     0  d =     0  f =     1  +  T =     0.03 sec
  [bmc-prof 1527] wall=  31.866 p=     1 | ifo=  0.773(sd=0.239 nx=0.000 tfo=0.026 cnt=0.507) snap= 0.288 srm=  8.378 sat=  7.741(set=0.205 slv=7.534 max=7.5344 n=1) cex=R/T/F=0/0/1 trsplit=0 sim=14.214(rmp=0.444 run=13.770 n=1 d=0) incr=loc/full/maxdirty/keys=0/0/0/0 chk= 0.000(d=1) stat= 0.158 rest= 0.314
  [bmc-incr i=1528 repr=1 active=235/175387 POs=1]
BMC : c =     233  cl =   4503  lit =  175386  p =     0  d =     0  f =     1  +  T =     0.03 sec
  [bmc-prof 1528] wall=  31.634 p=     1 | ifo=  0.694(sd=0.177 nx=0.000 tfo=0.015 cnt=0.502) snap= 0.280 srm=  8.051 sat=  7.746(set=0.209 slv=7.535 max=7.5352 n=1) cex=R/T/F=0/0/1 trsplit=0 sim=14.371(rmp=0.439 run=13.932 n=1 d=0) incr=loc/full/maxdirty/keys=0/0/0/0 chk= 0.000(d=1) stat= 0.170 rest= 0.321
  [bmc-incr i=1529 repr=1 active=234/175386 POs=1]
BMC : c =     232  cl =   4503  lit =  175385  p =     0  d =     0  f =     1  +  T =     0.03 sec
  [bmc-prof 1529] wall=  31.792 p=     1 | ifo=  0.687(sd=0.178 nx=0.000 tfo=0.016 cnt=0.493) snap= 0.294 srm=  7.914 sat=  7.753(set=0.194 slv=7.558 max=7.5576 n=1) cex=R/T/F=0/0/1 trsplit=0 sim=14.684(rmp=0.443 run=14.240 n=1 d=0) incr=loc/full/maxdirty/keys=0/0/0/0 chk= 0.000(d=1) stat= 0.157 rest= 0.303
  [bmc-incr i=1530 repr=1 active=233/175385 POs=1]
BMC : c =     231  cl =   4503  lit =  175384  p =     0  d =     0  f =     1  +  T =     0.03 sec
  [bmc-prof 1530] wall=  34.228 p=     1 | ifo=  0.686(sd=0.177 nx=0.000 tfo=0.013 cnt=0.496) snap= 0.399 srm=  8.035 sat=  7.852(set=0.210 slv=7.640 max=7.6400 n=1) cex=R/T/F=0/0/1 trsplit=0 sim=15.983(rmp=0.458 run=15.522 n=1 d=0) incr=loc/full/maxdirty/keys=0/0/0/0 chk= 0.001(d=1) stat= 0.446 rest= 0.826
  [bmc-incr i=1531 repr=1 active=232/175384 POs=1]
BMC : c =     230  cl =   4503  lit =  175383  p =     0  d =     0  f =     1  +  T =     0.03 sec
  [bmc-prof 1531] wall=  33.031 p=     1 | ifo=  0.685(sd=0.181 nx=0.000 tfo=0.012 cnt=0.492) snap= 0.284 srm=  8.082 sat=  8.607(set=0.193 slv=8.412 max=8.4122 n=1) cex=R/T/F=0/0/1 trsplit=0 sim=14.867(rmp=0.455 run=14.411 n=1 d=0) incr=loc/full/maxdirty/keys=0/0/0/0 chk= 0.000(d=1) stat= 0.199 rest= 0.306
  [bmc-incr i=1532 repr=1 active=231/175383 POs=1]
BMC : c =     229  cl =   4503  lit =  175382  p =     0  d =     0  f =     1  +  T =     0.03 sec
  [bmc-prof 1532] wall=  32.395 p=     1 | ifo=  0.689(sd=0.177 nx=0.000 tfo=0.025 cnt=0.487) snap= 0.300 srm=  8.215 sat=  7.770(set=0.217 slv=7.551 max=7.5509 n=1) cex=R/T/F=0/0/1 trsplit=0 sim=14.927(rmp=0.452 run=14.474 n=1 d=0) incr=loc/full/maxdirty/keys=0/0/0/0 chk= 0.000(d=1) stat= 0.167 rest= 0.327
  [bmc-incr i=1533 repr=1 active=230/175382 POs=1]
BMC : c =     228  cl =   4503  lit =  175381  p =     0  d =     0  f =     1  +  T =     0.03 sec
  [bmc-prof 1533] wall=  33.616 p=     1 | ifo=  0.699(sd=0.186 nx=0.000 tfo=0.015 cnt=0.498) snap= 0.291 srm=  8.047 sat=  7.700(set=0.194 slv=7.504 max=7.5036 n=1) cex=R/T/F=0/0/1 trsplit=0 sim=15.752(rmp=0.437 run=15.311 n=1 d=0) incr=loc/full/maxdirty/keys=0/0/0/0 chk= 0.001(d=1) stat= 0.465 rest= 0.661
  [bmc-incr i=1534 repr=1 active=229/175381 POs=1]
BMC : c =     227  cl =   4503  lit =  175380  p =     0  d =     0  f =     1  +  T =     0.03 sec
  [bmc-prof 1534] wall=  34.485 p=     1 | ifo=  1.724(sd=0.456 nx=0.000 tfo=0.021 cnt=1.246) snap= 0.287 srm=  9.654 sat=  7.702(set=0.221 slv=7.479 max=7.4788 n=1) cex=R/T/F=0/0/1 trsplit=0 sim=14.659(rmp=0.435 run=14.222 n=1 d=0) incr=loc/full/maxdirty/keys=0/0/0/0 chk= 0.000(d=1) stat= 0.157 rest= 0.302
  [bmc-incr i=1535 repr=1 active=228/175380 POs=1]
BMC : c =     226  cl =   4503  lit =  175379  p =     0  d =     0  f =     1  +  T =     0.03 sec
  [bmc-prof 1535] wall=  31.781 p=     1 | ifo=  0.687(sd=0.189 nx=0.000 tfo=0.014 cnt=0.485) snap= 0.299 srm=  8.037 sat=  7.743(set=0.196 slv=7.545 max=7.5450 n=1) cex=R/T/F=0/0/1 trsplit=0 sim=14.521(rmp=0.439 run=14.079 n=1 d=0) incr=loc/full/maxdirty/keys=0/0/0/0 chk= 0.000(d=1) stat= 0.161 rest= 0.333
  [bmc-incr i=1536 repr=1 active=227/175379 POs=1]
BMC : c =     225  cl =   4503  lit =  175378  p =     0  d =     0  f =     1  +  T =     0.03 sec
  [bmc-prof 1536] wall=  33.718 p=     1 | ifo=  0.710(sd=0.186 nx=0.000 tfo=0.022 cnt=0.502) snap= 0.293 srm=  8.079 sat=  7.779(set=0.207 slv=7.570 max=7.5701 n=1) cex=R/T/F=0/0/1 trsplit=0 sim=16.394(rmp=0.457 run=15.936 n=1 d=0) incr=loc/full/maxdirty/keys=0/0/0/0 chk= 0.000(d=1) stat= 0.159 rest= 0.303
  [bmc-incr i=1537 repr=1 active=226/175378 POs=1]
BMC : c =     224  cl =   4503  lit =  175377  p =     0  d =     0  f =     1  +  T =     0.03 sec
  [bmc-prof 1537] wall=  32.356 p=     1 | ifo=  0.671(sd=0.181 nx=0.000 tfo=0.012 cnt=0.477) snap= 0.283 srm=  8.477 sat=  7.847(set=0.220 slv=7.626 max=7.6258 n=1) cex=R/T/F=0/0/1 trsplit=0 sim=14.616(rmp=0.426 run=14.189 n=1 d=0) incr=loc/full/maxdirty/keys=0/0/0/0 chk= 0.000(d=1) stat= 0.161 rest= 0.301
  [bmc-incr i=1538 repr=1 active=225/175377 POs=1]
BMC : c =     223  cl =   4503  lit =  175376  p =     0  d =     0  f =     1  +  T =     0.03 sec
  [bmc-prof 1538] wall=  32.654 p=     1 | ifo=  0.682(sd=0.178 nx=0.000 tfo=0.012 cnt=0.492) snap= 0.303 srm=  9.078 sat=  7.812(set=0.208 slv=7.602 max=7.6023 n=1) cex=R/T/F=0/0/1 trsplit=0 sim=14.321(rmp=0.440 run=13.880 n=1 d=0) incr=loc/full/maxdirty/keys=0/0/0/0 chk= 0.000(d=1) stat= 0.156 rest= 0.302
  [bmc-incr i=1539 repr=1 active=224/175376 POs=1]
BMC : c =     222  cl =   4503  lit =  175375  p =     0  d =     0  f =     1  +  T =     0.03 sec
  [bmc-prof 1539] wall=  31.589 p=     1 | ifo=  0.703(sd=0.201 nx=0.000 tfo=0.014 cnt=0.488) snap= 0.287 srm=  7.979 sat=  7.759(set=0.213 slv=7.544 max=7.5436 n=1) cex=R/T/F=0/0/1 trsplit=0 sim=14.378(rmp=0.413 run=13.963 n=1 d=0) incr=loc/full/maxdirty/keys=0/0/0/0 chk= 0.000(d=1) stat= 0.168 rest= 0.314
  [bmc-incr i=1540 repr=1 active=223/175375 POs=1]
BMC : c =     221  cl =   4503  lit =  175374  p =     0  d =     0  f =     1  +  T =     0.04 sec
  [bmc-prof 1540] wall=  36.356 p=     1 | ifo=  0.758(sd=0.179 nx=0.000 tfo=0.013 cnt=0.566) snap= 0.390 srm= 12.197 sat=  8.238(set=0.255 slv=7.981 max=7.9810 n=1) cex=R/T/F=0/0/1 trsplit=0 sim=14.319(rmp=0.487 run=13.831 n=1 d=0) incr=loc/full/maxdirty/keys=0/0/0/0 chk= 0.000(d=1) stat= 0.159 rest= 0.294
  [bmc-incr i=1541 repr=1 active=222/175374 POs=1]
BMC : c =     220  cl =   4503  lit =  175373  p =     0  d =     0  f =     1  +  T =     0.03 sec
  [bmc-prof 1541] wall=  32.993 p=     1 | ifo=  0.712(sd=0.195 nx=0.000 tfo=0.014 cnt=0.504) snap= 0.280 srm=  8.040 sat=  8.972(set=0.194 slv=8.775 max=8.7752 n=1) cex=R/T/F=0/0/1 trsplit=0 sim=14.472(rmp=0.445 run=14.026 n=1 d=0) incr=loc/full/maxdirty/keys=0/0/0/0 chk= 0.000(d=1) stat= 0.160 rest= 0.357
  [bmc-incr i=1542 repr=1 active=221/175373 POs=1]
BMC : c =     219  cl =   4503  lit =  175372  p =     0  d =     0  f =     1  +  T =     0.04 sec
  [bmc-prof 1542] wall=  36.352 p=     1 | ifo=  0.769(sd=0.178 nx=0.000 tfo=0.013 cnt=0.578) snap= 0.287 srm= 11.141 sat=  8.519(set=0.212 slv=8.304 max=8.3042 n=1) cex=R/T/F=0/0/1 trsplit=0 sim=15.156(rmp=0.446 run=14.709 n=1 d=0) incr=loc/full/maxdirty/keys=0/0/0/0 chk= 0.000(d=1) stat= 0.169 rest= 0.310
  [bmc-incr i=1543 repr=1 active=220/175372 POs=1]
BMC : c =     218  cl =   4503  lit =  175371  p =     0  d =     0  f =     1  +  T =     0.03 sec
  [bmc-prof 1543] wall=  33.344 p=     1 | ifo=  0.686(sd=0.178 nx=0.000 tfo=0.012 cnt=0.496) snap= 0.281 srm=  7.975 sat=  7.721(set=0.194 slv=7.525 max=7.5245 n=1) cex=R/T/F=0/0/1 trsplit=0 sim=16.219(rmp=0.428 run=15.790 n=1 d=0) incr=loc/full/maxdirty/keys=0/0/0/0 chk= 0.000(d=1) stat= 0.168 rest= 0.294
  [bmc-incr i=1544 repr=1 active=219/175371 POs=1]
BMC : c =     217  cl =   4503  lit =  175370  p =     0  d =     0  f =     1  +  T =     0.04 sec
  [bmc-prof 1544] wall=  37.771 p=     1 | ifo=  0.666(sd=0.176 nx=0.000 tfo=0.012 cnt=0.478) snap= 0.442 srm= 13.150 sat=  8.988(set=0.293 slv=8.692 max=8.6922 n=1) cex=R/T/F=0/0/1 trsplit=0 sim=14.065(rmp=0.426 run=13.638 n=1 d=0) incr=loc/full/maxdirty/keys=0/0/0/0 chk= 0.000(d=1) stat= 0.166 rest= 0.296
  [bmc-incr i=1545 repr=1 active=218/175370 POs=1]
BMC : c =     216  cl =   4503  lit =  175369  p =     0  d =     0  f =     1  +  T =     0.03 sec
  [bmc-prof 1545] wall=  32.032 p=     1 | ifo=  0.724(sd=0.207 nx=0.000 tfo=0.022 cnt=0.495) snap= 0.282 srm=  7.830 sat=  8.015(set=0.192 slv=7.821 max=7.8213 n=1) cex=R/T/F=0/0/1 trsplit=0 sim=14.729(rmp=0.433 run=14.295 n=1 d=0) incr=loc/full/maxdirty/keys=0/0/0/0 chk= 0.000(d=1) stat= 0.157 rest= 0.295
  [bmc-incr i=1546 repr=1 active=217/175369 POs=1]
BMC : c =     215  cl =   4503  lit =  175368  p =     0  d =     0  f =     1  +  T =     0.03 sec
  [bmc-prof 1546] wall=  33.896 p=     1 | ifo=  0.692(sd=0.188 nx=0.000 tfo=0.013 cnt=0.491) snap= 0.310 srm= 10.064 sat=  8.278(set=0.204 slv=8.072 max=8.0721 n=1) cex=R/T/F=0/0/1 trsplit=0 sim=14.094(rmp=0.439 run=13.654 n=1 d=0) incr=loc/full/maxdirty/keys=0/0/0/0 chk= 0.000(d=1) stat= 0.158 rest= 0.301
  [bmc-incr i=1547 repr=1 active=216/175368 POs=1]
BMC : c =     214  cl =   4503  lit =  175367  p =     0  d =     0  f =     1  +  T =     0.03 sec
  [bmc-prof 1547] wall=  34.940 p=     1 | ifo=  0.663(sd=0.174 nx=0.000 tfo=0.011 cnt=0.478) snap= 0.290 srm=  7.999 sat=  7.896(set=0.197 slv=7.697 max=7.6968 n=1) cex=R/T/F=0/0/1 trsplit=0 sim=17.546(rmp=0.450 run=17.094 n=1 d=0) incr=loc/full/maxdirty/keys=0/0/0/0 chk= 0.000(d=1) stat= 0.175 rest= 0.371
  [bmc-incr i=1548 repr=1 active=215/175367 POs=1]
BMC : c =     213  cl =   4503  lit =  175366  p =     0  d =     0  f =     1  +  T =     0.03 sec
  [bmc-prof 1548] wall=  31.404 p=     1 | ifo=  0.699(sd=0.179 nx=0.000 tfo=0.013 cnt=0.507) snap= 0.284 srm=  8.003 sat=  7.713(set=0.204 slv=7.507 max=7.5068 n=1) cex=R/T/F=0/0/1 trsplit=0 sim=14.174(rmp=0.426 run=13.747 n=1 d=0) incr=loc/full/maxdirty/keys=0/0/0/0 chk= 0.000(d=1) stat= 0.164 rest= 0.366
  [bmc-incr i=1549 repr=1 active=214/175366 POs=1]
BMC : c =     212  cl =   4503  lit =  175365  p =     0  d =     0  f =     1  +  T =     0.03 sec
  [bmc-prof 1549] wall=  31.436 p=     1 | ifo=  0.704(sd=0.180 nx=0.000 tfo=0.013 cnt=0.511) snap= 0.285 srm=  8.050 sat=  7.736(set=0.206 slv=7.528 max=7.5284 n=1) cex=R/T/F=0/0/1 trsplit=0 sim=14.202(rmp=0.426 run=13.775 n=1 d=0) incr=loc/full/maxdirty/keys=0/0/0/0 chk= 0.000(d=1) stat= 0.162 rest= 0.296
  [bmc-incr i=1550 repr=1 active=213/175365 POs=1]
BMC : c =     211  cl =   4503  lit =  175364  p =     0  d =     0  f =     1  +  T =     0.03 sec
  [bmc-prof 1550] wall=  32.742 p=     1 | ifo=  0.682(sd=0.187 nx=0.000 tfo=0.013 cnt=0.483) snap= 0.294 srm=  7.992 sat=  8.047(set=0.220 slv=7.824 max=7.8242 n=1) cex=R/T/F=0/0/1 trsplit=0 sim=15.185(rmp=0.577 run=14.607 n=1 d=0) incr=loc/full/maxdirty/keys=0/0/0/0 chk= 0.000(d=1) stat= 0.188 rest= 0.355
  [bmc-incr i=1551 repr=1 active=212/175364 POs=1]
BMC : c =     210  cl =   4503  lit =  175363  p =     0  d =     0  f =     1  +  T =     0.03 sec
  [bmc-prof 1551] wall=  33.721 p=     1 | ifo=  0.786(sd=0.227 nx=0.000 tfo=0.015 cnt=0.545) snap= 0.292 srm=  9.125 sat=  7.814(set=0.224 slv=7.588 max=7.5879 n=1) cex=R/T/F=0/0/1 trsplit=0 sim=15.238(rmp=0.462 run=14.775 n=1 d=0) incr=loc/full/maxdirty/keys=0/0/0/0 chk= 0.000(d=1) stat= 0.159 rest= 0.306
  [bmc-incr i=1552 repr=1 active=211/175363 POs=1]
BMC : c =     209  cl =   4503  lit =  175362  p =     0  d =     0  f =     1  +  T =     0.03 sec
  [bmc-prof 1552] wall=  31.398 p=     1 | ifo=  0.721(sd=0.220 nx=0.000 tfo=0.013 cnt=0.488) snap= 0.289 srm=  8.048 sat=  7.755(set=0.215 slv=7.538 max=7.5382 n=1) cex=R/T/F=0/0/1 trsplit=0 sim=14.114(rmp=0.419 run=13.695 n=1 d=0) incr=loc/full/maxdirty/keys=0/0/0/0 chk= 0.000(d=1) stat= 0.174 rest= 0.297
  [bmc-incr i=1553 repr=1 active=210/175362 POs=1]
BMC : c =     208  cl =   4503  lit =  175361  p =     0  d =     0  f =     1  +  T =     0.03 sec
  [bmc-prof 1553] wall=  32.993 p=     1 | ifo=  0.706(sd=0.191 nx=0.000 tfo=0.013 cnt=0.502) snap= 1.108 srm=  8.078 sat=  7.855(set=0.206 slv=7.647 max=7.6469 n=1) cex=R/T/F=0/0/1 trsplit=0 sim=14.778(rmp=0.451 run=14.326 n=1 d=0) incr=loc/full/maxdirty/keys=0/0/0/0 chk= 0.000(d=1) stat= 0.156 rest= 0.312
  [bmc-incr i=1554 repr=1 active=209/175361 POs=1]
BMC : c =     207  cl =   4503  lit =  175360  p =     0  d =     0  f =     1  +  T =     0.03 sec
  [bmc-prof 1554] wall=  31.330 p=     1 | ifo=  0.686(sd=0.177 nx=0.000 tfo=0.013 cnt=0.495) snap= 0.282 srm=  7.901 sat=  7.780(set=0.203 slv=7.575 max=7.5753 n=1) cex=R/T/F=0/0/1 trsplit=0 sim=14.197(rmp=0.423 run=13.772 n=1 d=0) incr=loc/full/maxdirty/keys=0/0/0/0 chk= 0.000(d=1) stat= 0.177 rest= 0.307
  [bmc-incr i=1555 repr=1 active=208/175360 POs=1]
BMC : c =     206  cl =   4503  lit =  175359  p =     0  d =     0  f =     1  +  T =     0.03 sec
  [bmc-prof 1555] wall=  32.884 p=     1 | ifo=  0.774(sd=0.213 nx=0.000 tfo=0.013 cnt=0.548) snap= 0.300 srm=  8.623 sat=  8.248(set=0.213 slv=8.033 max=8.0326 n=1) cex=R/T/F=0/0/1 trsplit=0 sim=14.489(rmp=0.429 run=14.059 n=1 d=0) incr=loc/full/maxdirty/keys=0/0/0/0 chk= 0.000(d=1) stat= 0.157 rest= 0.294
  [bmc-incr i=1556 repr=1 active=207/175359 POs=1]
BMC : c =     205  cl =   4503  lit =  175358  p =     0  d =     0  f =     1  +  T =     0.03 sec
  [bmc-prof 1556] wall=  31.468 p=     1 | ifo=  0.690(sd=0.189 nx=0.000 tfo=0.013 cnt=0.489) snap= 0.279 srm=  7.874 sat=  7.795(set=0.195 slv=7.598 max=7.5983 n=1) cex=R/T/F=0/0/1 trsplit=0 sim=14.373(rmp=0.414 run=13.958 n=1 d=0) incr=loc/full/maxdirty/keys=0/0/0/0 chk= 0.000(d=1) stat= 0.153 rest= 0.303
  [bmc-incr i=1557 repr=1 active=206/175358 POs=1]
BMC : c =     204  cl =   4503  lit =  175357  p =     0  d =     0  f =     1  +  T =     0.03 sec
  [bmc-prof 1557] wall=  32.582 p=     1 | ifo=  0.683(sd=0.175 nx=0.000 tfo=0.012 cnt=0.496) snap= 0.304 srm=  8.105 sat=  8.283(set=0.196 slv=8.084 max=8.0844 n=1) cex=R/T/F=0/0/1 trsplit=0 sim=14.734(rmp=0.472 run=14.261 n=1 d=0) incr=loc/full/maxdirty/keys=0/0/0/0 chk= 0.000(d=1) stat= 0.160 rest= 0.312
  [bmc-incr i=1558 repr=1 active=205/175357 POs=1]
BMC : c =     203  cl =   4503  lit =  175356  p =     0  d =     0  f =     1  +  T =     0.03 sec
  [bmc-prof 1558] wall=  31.657 p=     1 | ifo=  0.681(sd=0.179 nx=0.000 tfo=0.013 cnt=0.488) snap= 0.283 srm=  7.924 sat=  7.862(set=0.280 slv=7.580 max=7.5798 n=1) cex=R/T/F=0/0/1 trsplit=0 sim=14.437(rmp=0.443 run=13.993 n=1 d=0) incr=loc/full/maxdirty/keys=0/0/0/0 chk= 0.000(d=1) stat= 0.164 rest= 0.306
  [bmc-incr i=1559 repr=1 active=204/175356 POs=1]
BMC : c =     202  cl =   4503  lit =  175355  p =     0  d =     0  f =     1  +  T =     0.03 sec
  [bmc-prof 1559] wall=  31.645 p=     1 | ifo=  0.689(sd=0.179 nx=0.000 tfo=0.013 cnt=0.496) snap= 0.292 srm=  8.097 sat=  7.920(set=0.201 slv=7.717 max=7.7168 n=1) cex=R/T/F=0/0/1 trsplit=0 sim=14.199(rmp=0.454 run=13.744 n=1 d=0) incr=loc/full/maxdirty/keys=0/0/0/0 chk= 0.000(d=1) stat= 0.156 rest= 0.292
  [bmc-incr i=1560 repr=1 active=203/175355 POs=1]
BMC : c =     201  cl =   4503  lit =  175354  p =     0  d =     0  f =     1  +  T =     0.03 sec
  [bmc-prof 1560] wall=  32.731 p=     1 | ifo=  0.684(sd=0.177 nx=0.000 tfo=0.013 cnt=0.495) snap= 0.283 srm=  8.291 sat=  7.798(set=0.216 slv=7.580 max=7.5801 n=1) cex=R/T/F=0/0/1 trsplit=0 sim=15.211(rmp=0.419 run=14.791 n=1 d=0) incr=loc/full/maxdirty/keys=0/0/0/0 chk= 0.000(d=1) stat= 0.163 rest= 0.300
  [bmc-incr i=1561 repr=1 active=202/175354 POs=1]
BMC : c =     200  cl =   4503  lit =  175353  p =     0  d =     0  f =     1  +  T =     0.03 sec
  [bmc-prof 1561] wall=  31.510 p=     1 | ifo=  0.666(sd=0.178 nx=0.000 tfo=0.012 cnt=0.475) snap= 0.301 srm=  8.347 sat=  7.789(set=0.196 slv=7.591 max=7.5905 n=1) cex=R/T/F=0/0/1 trsplit=0 sim=13.951(rmp=0.432 run=13.519 n=1 d=0) incr=loc/full/maxdirty/keys=0/0/0/0 chk= 0.000(d=1) stat= 0.155 rest= 0.300
  [bmc-incr i=1562 repr=1 active=201/175353 POs=1]
BMC : c =     199  cl =   4503  lit =  175352  p =     0  d =     0  f =     1  +  T =     0.03 sec
  [bmc-prof 1562] wall=  31.856 p=     1 | ifo=  0.686(sd=0.190 nx=0.000 tfo=0.012 cnt=0.484) snap= 0.282 srm=  8.163 sat=  7.896(set=0.214 slv=7.680 max=7.6802 n=1) cex=R/T/F=0/0/1 trsplit=0 sim=14.299(rmp=0.438 run=13.860 n=1 d=0) incr=loc/full/maxdirty/keys=0/0/0/0 chk= 0.000(d=1) stat= 0.158 rest= 0.373
  [bmc-incr i=1563 repr=1 active=200/175352 POs=1]
BMC : c =     198  cl =   4503  lit =  175351  p =     0  d =     0  f =     1  +  T =     0.03 sec
  [bmc-prof 1563] wall=  32.037 p=     1 | ifo=  0.690(sd=0.176 nx=0.000 tfo=0.011 cnt=0.502) snap= 0.286 srm=  8.701 sat=  7.720(set=0.195 slv=7.524 max=7.5236 n=1) cex=R/T/F=0/0/1 trsplit=0 sim=14.197(rmp=0.471 run=13.725 n=1 d=0) incr=loc/full/maxdirty/keys=0/0/0/0 chk= 0.000(d=1) stat= 0.154 rest= 0.290
  [bmc-incr i=1564 repr=1 active=199/175351 POs=1]
BMC : c =     197  cl =   4503  lit =  175350  p =     0  d =     0  f =     1  +  T =     0.03 sec
  [bmc-prof 1564] wall=  32.873 p=     1 | ifo=  0.679(sd=0.184 nx=0.000 tfo=0.012 cnt=0.483) snap= 0.284 srm=  8.142 sat=  7.949(set=0.211 slv=7.736 max=7.7361 n=1) cex=R/T/F=0/0/1 trsplit=0 sim=15.332(rmp=0.544 run=14.786 n=1 d=0) incr=loc/full/maxdirty/keys=0/0/0/0 chk= 0.000(d=1) stat= 0.165 rest= 0.322
  [bmc-incr i=1565 repr=1 active=198/175350 POs=1]
BMC : c =     196  cl =   4503  lit =  175349  p =     0  d =     0  f =     1  +  T =     0.03 sec
  [bmc-prof 1565] wall=  31.406 p=     1 | ifo=  0.707(sd=0.199 nx=0.000 tfo=0.013 cnt=0.495) snap= 0.285 srm=  7.962 sat=  7.746(set=0.209 slv=7.535 max=7.5355 n=1) cex=R/T/F=0/0/1 trsplit=0 sim=14.250(rmp=0.419 run=13.831 n=1 d=0) incr=loc/full/maxdirty/keys=0/0/0/0 chk= 0.000(d=1) stat= 0.166 rest= 0.290
  [bmc-incr i=1566 repr=1 active=197/175349 POs=1]
BMC : c =     195  cl =   4503  lit =  175348  p =     0  d =     0  f =     1  +  T =     0.03 sec
  [bmc-prof 1566] wall=  33.134 p=     1 | ifo=  0.687(sd=0.184 nx=0.000 tfo=0.013 cnt=0.491) snap= 0.299 srm=  7.998 sat=  7.873(set=0.196 slv=7.674 max=7.6742 n=1) cex=R/T/F=0/0/1 trsplit=0 sim=15.651(rmp=0.446 run=15.202 n=1 d=0) incr=loc/full/maxdirty/keys=0/0/0/0 chk= 0.000(d=1) stat= 0.204 rest= 0.422
  [bmc-incr i=1567 repr=1 active=196/175348 POs=1]
BMC : c =     194  cl =   4503  lit =  175347  p =     0  d =     0  f =     1  +  T =     0.03 sec
  [bmc-prof 1567] wall=  33.895 p=     1 | ifo=  1.018(sd=0.501 nx=0.000 tfo=0.017 cnt=0.499) snap= 0.346 srm=  9.249 sat=  7.994(set=0.244 slv=7.749 max=7.7486 n=1) cex=R/T/F=0/0/1 trsplit=0 sim=14.800(rmp=0.474 run=14.325 n=1 d=0) incr=loc/full/maxdirty/keys=0/0/0/0 chk= 0.000(d=1) stat= 0.169 rest= 0.319
  [bmc-incr i=1568 repr=1 active=195/175347 POs=1]
BMC : c =     193  cl =   4503  lit =  175346  p =     0  d =     0  f =     1  +  T =     0.04 sec
  [bmc-prof 1568] wall=  35.968 p=     1 | ifo=  0.688(sd=0.179 nx=0.000 tfo=0.013 cnt=0.497) snap= 0.306 srm=  8.057 sat=  8.035(set=0.219 slv=7.813 max=7.8135 n=1) cex=R/T/F=0/0/1 trsplit=0 sim=18.412(rmp=0.440 run=17.970 n=1 d=0) incr=loc/full/maxdirty/keys=0/0/0/0 chk= 0.000(d=1) stat= 0.163 rest= 0.306
  [bmc-incr i=1569 repr=1 active=194/175346 POs=1]
BMC : c =     192  cl =   4503  lit =  175345  p =     0  d =     0  f =     1  +  T =     0.03 sec
  [bmc-prof 1569] wall=  31.477 p=     1 | ifo=  0.672(sd=0.178 nx=0.000 tfo=0.011 cnt=0.483) snap= 0.287 srm=  8.131 sat=  7.791(set=0.211 slv=7.579 max=7.5787 n=1) cex=R/T/F=0/0/1 trsplit=0 sim=14.147(rmp=0.450 run=13.696 n=1 d=0) incr=loc/full/maxdirty/keys=0/0/0/0 chk= 0.000(d=1) stat= 0.155 rest= 0.293
  [bmc-incr i=1570 repr=1 active=193/175345 POs=1]
BMC : c =     191  cl =   4503  lit =  175344  p =     0  d =     0  f =     1  +  T =     0.04 sec
  [bmc-prof 1570] wall=  35.449 p=     1 | ifo=  0.714(sd=0.200 nx=0.000 tfo=0.014 cnt=0.500) snap= 0.351 srm=  7.878 sat=  8.356(set=0.197 slv=8.157 max=8.1566 n=1) cex=R/T/F=0/0/1 trsplit=0 sim=17.608(rmp=0.669 run=16.938 n=1 d=0) incr=loc/full/maxdirty/keys=0/0/0/0 chk= 0.000(d=1) stat= 0.207 rest= 0.336
  [bmc-incr i=1571 repr=1 active=192/175344 POs=1]
BMC : c =     190  cl =   4503  lit =  175343  p =     0  d =     0  f =     1  +  T =     0.03 sec
  [bmc-prof 1571] wall=  32.650 p=     1 | ifo=  1.014(sd=0.238 nx=0.000 tfo=0.180 cnt=0.597) snap= 0.359 srm=  8.774 sat=  8.003(set=0.246 slv=7.755 max=7.7552 n=1) cex=R/T/F=0/0/1 trsplit=0 sim=13.936(rmp=0.545 run=13.390 n=1 d=0) incr=loc/full/maxdirty/keys=0/0/0/0 chk= 0.000(d=1) stat= 0.204 rest= 0.360
  [bmc-incr i=1572 repr=1 active=191/175343 POs=1]
BMC : c =     189  cl =   4503  lit =  175342  p =     0  d =     0  f =     1  +  T =     0.04 sec
  [bmc-prof 1572] wall=  39.586 p=     1 | ifo=  0.855(sd=0.224 nx=0.000 tfo=0.014 cnt=0.618) snap= 0.284 srm= 14.335 sat=  8.780(set=0.197 slv=8.580 max=8.5803 n=1) cex=R/T/F=0/0/1 trsplit=0 sim=14.781(rmp=0.467 run=14.312 n=1 d=0) incr=loc/full/maxdirty/keys=0/0/0/0 chk= 0.000(d=1) stat= 0.198 rest= 0.353
  [bmc-incr i=1573 repr=1 active=190/175342 POs=1]
BMC : c =     188  cl =   4503  lit =  175341  p =     0  d =     0  f =     1  +  T =     0.04 sec
  [bmc-prof 1573] wall=  35.980 p=     1 | ifo=  0.796(sd=0.238 nx=0.000 tfo=0.013 cnt=0.544) snap= 0.284 srm=  8.523 sat=  7.759(set=0.214 slv=7.543 max=7.5427 n=1) cex=R/T/F=0/0/1 trsplit=0 sim=18.170(rmp=0.456 run=17.713 n=1 d=0) incr=loc/full/maxdirty/keys=0/0/0/0 chk= 0.000(d=1) stat= 0.156 rest= 0.292
  [bmc-incr i=1574 repr=1 active=189/175341 POs=1]
BMC : c =     187  cl =   4503  lit =  175340  p =     0  d =     0  f =     1  +  T =     0.03 sec
  [bmc-prof 1574] wall=  31.707 p=     1 | ifo=  0.968(sd=0.190 nx=0.000 tfo=0.013 cnt=0.766) snap= 0.282 srm=  7.827 sat=  7.901(set=0.195 slv=7.704 max=7.7040 n=1) cex=R/T/F=0/0/1 trsplit=0 sim=14.264(rmp=0.446 run=13.817 n=1 d=0) incr=loc/full/maxdirty/keys=0/0/0/0 chk= 0.000(d=1) stat= 0.155 rest= 0.310
  [bmc-incr i=1575 repr=1 active=188/175340 POs=1]
BMC : c =     186  cl =   4503  lit =  175339  p =     0  d =     0  f =     1  +  T =     0.03 sec
  [bmc-prof 1575] wall=  31.594 p=     1 | ifo=  0.690(sd=0.183 nx=0.000 tfo=0.012 cnt=0.495) snap= 0.301 srm=  7.947 sat=  7.914(set=0.207 slv=7.705 max=7.7053 n=1) cex=R/T/F=0/0/1 trsplit=0 sim=14.247(rmp=0.417 run=13.829 n=1 d=0) incr=loc/full/maxdirty/keys=0/0/0/0 chk= 0.000(d=1) stat= 0.158 rest= 0.337
  [bmc-incr i=1576 repr=1 active=187/175339 POs=1]
BMC : c =     185  cl =   4503  lit =  175338  p =     0  d =     0  f =     1  +  T =     0.03 sec
  [bmc-prof 1576] wall=  31.529 p=     1 | ifo=  0.678(sd=0.177 nx=0.000 tfo=0.011 cnt=0.490) snap= 0.278 srm=  7.811 sat=  7.947(set=0.205 slv=7.741 max=7.7408 n=1) cex=R/T/F=0/0/1 trsplit=0 sim=14.346(rmp=0.418 run=13.927 n=1 d=0) incr=loc/full/maxdirty/keys=0/0/0/0 chk= 0.000(d=1) stat= 0.168 rest= 0.300
  [bmc-incr i=1577 repr=1 active=186/175338 POs=1]
BMC : c =     184  cl =   4503  lit =  175337  p =     0  d =     0  f =     1  +  T =     0.03 sec
  [bmc-prof 1577] wall=  33.141 p=     1 | ifo=  0.689(sd=0.185 nx=0.000 tfo=0.012 cnt=0.491) snap= 0.301 srm=  8.492 sat=  7.937(set=0.203 slv=7.733 max=7.7328 n=1) cex=R/T/F=0/0/1 trsplit=0 sim=15.262(rmp=0.447 run=14.814 n=1 d=0) incr=loc/full/maxdirty/keys=0/0/0/0 chk= 0.000(d=1) stat= 0.165 rest= 0.296
  [bmc-incr i=1578 repr=1 active=185/175337 POs=1]
BMC : c =     183  cl =   4503  lit =  175336  p =     0  d =     0  f =     1  +  T =     0.03 sec
  [bmc-prof 1578] wall=  32.992 p=     1 | ifo=  0.669(sd=0.178 nx=0.000 tfo=0.011 cnt=0.479) snap= 0.304 srm=  8.295 sat=  7.868(set=0.202 slv=7.664 max=7.6638 n=1) cex=R/T/F=0/0/1 trsplit=0 sim=15.390(rmp=0.427 run=14.962 n=1 d=0) incr=loc/full/maxdirty/keys=0/0/0/0 chk= 0.000(d=1) stat= 0.174 rest= 0.292
  [bmc-incr i=1579 repr=1 active=184/175336 POs=1]
BMC : c =     182  cl =   4503  lit =  175335  p =     0  d =     0  f =     1  +  T =     0.03 sec
  [bmc-prof 1579] wall=  31.554 p=     1 | ifo=  0.683(sd=0.177 nx=0.000 tfo=0.011 cnt=0.494) snap= 0.279 srm=  7.954 sat=  7.836(set=0.196 slv=7.639 max=7.6388 n=1) cex=R/T/F=0/0/1 trsplit=0 sim=14.336(rmp=0.426 run=13.909 n=1 d=0) incr=loc/full/maxdirty/keys=0/0/0/0 chk= 0.000(d=1) stat= 0.159 rest= 0.308
  [bmc-incr i=1580 repr=1 active=183/175335 POs=1]
BMC : c =     181  cl =   4503  lit =  175334  p =     0  d =     0  f =     1  +  T =     0.04 sec
  [bmc-prof 1580] wall=  37.321 p=     1 | ifo=  0.682(sd=0.177 nx=0.000 tfo=0.011 cnt=0.494) snap= 0.287 srm= 13.205 sat=  8.089(set=0.204 slv=7.882 max=7.8825 n=1) cex=R/T/F=0/0/1 trsplit=0 sim=14.594(rmp=0.499 run=14.094 n=1 d=0) incr=loc/full/maxdirty/keys=0/0/0/0 chk= 0.000(d=1) stat= 0.170 rest= 0.294
  [bmc-incr i=1581 repr=1 active=182/175334 POs=1]
BMC : c =     180  cl =   4503  lit =  175333  p =     0  d =     0  f =     1  +  T =     0.03 sec
  [bmc-prof 1581] wall=  31.464 p=     1 | ifo=  0.706(sd=0.191 nx=0.000 tfo=0.012 cnt=0.502) snap= 0.300 srm=  7.897 sat=  7.863(set=0.198 slv=7.663 max=7.6627 n=1) cex=R/T/F=0/0/1 trsplit=0 sim=14.252(rmp=0.419 run=13.833 n=1 d=0) incr=loc/full/maxdirty/keys=0/0/0/0 chk= 0.000(d=1) stat= 0.155 rest= 0.289
  [bmc-incr i=1582 repr=1 active=181/175333 POs=1]
BMC : c =     179  cl =   4503  lit =  175332  p =     0  d =     0  f =     1  +  T =     0.03 sec
  [bmc-prof 1582] wall=  32.811 p=     1 | ifo=  0.673(sd=0.180 nx=0.000 tfo=0.013 cnt=0.479) snap= 0.306 srm=  8.416 sat=  7.992(set=0.216 slv=7.775 max=7.7745 n=1) cex=R/T/F=0/0/1 trsplit=0 sim=14.940(rmp=0.470 run=14.469 n=1 d=0) incr=loc/full/maxdirty/keys=0/0/0/0 chk= 0.000(d=1) stat= 0.170 rest= 0.313
  [bmc-incr i=1583 repr=1 active=180/175332 POs=1]
BMC : c =     178  cl =   4503  lit =  175331  p =     0  d =     0  f =     1  +  T =     0.03 sec
  [bmc-prof 1583] wall=  32.249 p=     1 | ifo=  0.720(sd=0.193 nx=0.000 tfo=0.013 cnt=0.514) snap= 0.283 srm=  8.283 sat=  8.006(set=0.302 slv=7.702 max=7.7021 n=1) cex=R/T/F=0/0/1 trsplit=0 sim=14.472(rmp=0.460 run=14.011 n=1 d=0) incr=loc/full/maxdirty/keys=0/0/0/0 chk= 0.000(d=1) stat= 0.176 rest= 0.309
  [bmc-incr i=1584 repr=1 active=179/175331 POs=1]
BMC : c =     177  cl =   4503  lit =  175330  p =     0  d =     0  f =     1  +  T =     0.03 sec
  [bmc-prof 1584] wall=  31.554 p=     1 | ifo=  0.671(sd=0.180 nx=0.000 tfo=0.012 cnt=0.478) snap= 0.302 srm=  8.022 sat=  7.886(set=0.203 slv=7.681 max=7.6806 n=1) cex=R/T/F=0/0/1 trsplit=0 sim=14.217(rmp=0.428 run=13.788 n=1 d=0) incr=loc/full/maxdirty/keys=0/0/0/0 chk= 0.000(d=1) stat= 0.165 rest= 0.292
  [bmc-incr i=1585 repr=1 active=178/175330 POs=1]
BMC : c =     176  cl =   4503  lit =  175329  p =     0  d =     0  f =     1  +  T =     0.03 sec
  [bmc-prof 1585] wall=  32.689 p=     1 | ifo=  0.691(sd=0.187 nx=0.000 tfo=0.013 cnt=0.491) snap= 0.290 srm=  8.461 sat=  7.950(set=0.195 slv=7.752 max=7.7523 n=1) cex=R/T/F=0/0/1 trsplit=0 sim=14.829(rmp=0.452 run=14.375 n=1 d=0) incr=loc/full/maxdirty/keys=0/0/0/0 chk= 0.000(d=1) stat= 0.161 rest= 0.308
  [bmc-incr i=1586 repr=1 active=177/175329 POs=1]
BMC : c =     175  cl =   4503  lit =  175328  p =     0  d =     0  f =     1  +  T =     0.03 sec
  [bmc-prof 1586] wall=  31.977 p=     1 | ifo=  0.693(sd=0.193 nx=0.000 tfo=0.012 cnt=0.488) snap= 0.292 srm=  8.053 sat=  8.111(set=0.207 slv=7.902 max=7.9017 n=1) cex=R/T/F=0/0/1 trsplit=0 sim=14.370(rmp=0.438 run=13.931 n=1 d=0) incr=loc/full/maxdirty/keys=0/0/0/0 chk= 0.000(d=1) stat= 0.157 rest= 0.301
  [bmc-incr i=1587 repr=1 active=176/175328 POs=1]
BMC : c =     174  cl =   4503  lit =  175327  p =     0  d =     0  f =     1  +  T =     0.03 sec
  [bmc-prof 1587] wall=  31.879 p=     1 | ifo=  0.701(sd=0.193 nx=0.000 tfo=0.013 cnt=0.495) snap= 0.281 srm=  7.979 sat=  8.157(set=0.207 slv=7.948 max=7.9484 n=1) cex=R/T/F=0/0/1 trsplit=0 sim=14.267(rmp=0.435 run=13.832 n=1 d=0) incr=loc/full/maxdirty/keys=0/0/0/0 chk= 0.000(d=1) stat= 0.175 rest= 0.317
  [bmc-incr i=1588 repr=1 active=175/175327 POs=1]
BMC : c =     173  cl =   4503  lit =  175326  p =     0  d =     0  f =     1  +  T =     0.03 sec
  [bmc-prof 1588] wall=  32.638 p=     1 | ifo=  0.733(sd=0.181 nx=0.000 tfo=0.011 cnt=0.541) snap= 0.287 srm=  8.935 sat=  7.971(set=0.209 slv=7.760 max=7.7596 n=1) cex=R/T/F=0/0/1 trsplit=0 sim=14.228(rmp=0.432 run=13.795 n=1 d=0) incr=loc/full/maxdirty/keys=0/0/0/0 chk= 0.000(d=1) stat= 0.167 rest= 0.317
  [bmc-incr i=1589 repr=1 active=174/175326 POs=1]
BMC : c =     172  cl =   4503  lit =  175325  p =     0  d =     0  f =     1  +  T =     0.03 sec
  [bmc-prof 1589] wall=  32.891 p=     1 | ifo=  0.740(sd=0.214 nx=0.000 tfo=0.020 cnt=0.505) snap= 0.342 srm=  8.399 sat=  8.598(set=0.216 slv=8.380 max=8.3803 n=1) cex=R/T/F=0/0/1 trsplit=0 sim=14.361(rmp=0.436 run=13.925 n=1 d=0) incr=loc/full/maxdirty/keys=0/0/0/0 chk= 0.000(d=1) stat= 0.159 rest= 0.292
  [bmc-incr i=1590 repr=1 active=173/175325 POs=1]
BMC : c =     171  cl =   4503  lit =  175324  p =     0  d =     0  f =     1  +  T =     0.03 sec
  [bmc-prof 1590] wall=  34.080 p=     1 | ifo=  0.710(sd=0.207 nx=0.000 tfo=0.017 cnt=0.487) snap= 0.293 srm=  8.066 sat= 10.229(set=0.205 slv=10.022 max=10.0219 n=1) cex=R/T/F=0/0/1 trsplit=0 sim=14.275(rmp=0.441 run=13.833 n=1 d=0) incr=loc/full/maxdirty/keys=0/0/0/0 chk= 0.000(d=1) stat= 0.212 rest= 0.294
  [bmc-incr i=1591 repr=1 active=172/175324 POs=1]
BMC : c =     170  cl =   4503  lit =  175323  p =     0  d =     0  f =     1  +  T =     0.03 sec
  [bmc-prof 1591] wall=  35.153 p=     1 | ifo=  0.758(sd=0.184 nx=0.000 tfo=0.011 cnt=0.562) snap= 0.286 srm=  9.802 sat=  9.432(set=0.197 slv=9.233 max=9.2328 n=1) cex=R/T/F=0/0/1 trsplit=0 sim=14.383(rmp=0.499 run=13.883 n=1 d=0) incr=loc/full/maxdirty/keys=0/0/0/0 chk= 0.000(d=1) stat= 0.165 rest= 0.327
  [bmc-incr i=1592 repr=1 active=171/175323 POs=1]
BMC : c =     169  cl =   4503  lit =  175322  p =     0  d =     0  f =     1  +  T =     0.03 sec
  [bmc-prof 1592] wall=  32.064 p=     1 | ifo=  0.682(sd=0.176 nx=0.000 tfo=0.011 cnt=0.496) snap= 0.295 srm=  7.894 sat=  7.932(set=0.201 slv=7.729 max=7.7294 n=1) cex=R/T/F=0/0/1 trsplit=0 sim=14.810(rmp=0.437 run=14.372 n=1 d=0) incr=loc/full/maxdirty/keys=0/0/0/0 chk= 0.000(d=1) stat= 0.158 rest= 0.293
  [bmc-incr i=1593 repr=1 active=170/175322 POs=1]
BMC : c =     168  cl =   4503  lit =  175321  p =     0  d =     0  f =     1  +  T =     0.03 sec
  [bmc-prof 1593] wall=  31.808 p=     1 | ifo=  0.681(sd=0.177 nx=0.000 tfo=0.011 cnt=0.492) snap= 0.284 srm=  8.149 sat=  7.896(set=0.202 slv=7.692 max=7.6917 n=1) cex=R/T/F=0/0/1 trsplit=0 sim=14.339(rmp=0.436 run=13.902 n=1 d=0) incr=loc/full/maxdirty/keys=0/0/0/0 chk= 0.000(d=1) stat= 0.169 rest= 0.291
  [bmc-incr i=1594 repr=1 active=169/175321 POs=1]
BMC : c =     167  cl =   4503  lit =  175320  p =     0  d =     0  f =     1  +  T =     0.03 sec
  [bmc-prof 1594] wall=  31.900 p=     1 | ifo=  0.687(sd=0.184 nx=0.000 tfo=0.012 cnt=0.491) snap= 0.289 srm=  7.993 sat=  7.911(set=0.195 slv=7.714 max=7.7139 n=1) cex=R/T/F=0/0/1 trsplit=0 sim=14.553(rmp=0.438 run=14.114 n=1 d=0) incr=loc/full/maxdirty/keys=0/0/0/0 chk= 0.000(d=1) stat= 0.164 rest= 0.304
  [bmc-incr i=1595 repr=1 active=168/175320 POs=1]
BMC : c =     166  cl =   4503  lit =  175319  p =     0  d =     0  f =     1  +  T =     0.04 sec
  [bmc-prof 1595] wall=  38.654 p=     1 | ifo=  0.689(sd=0.175 nx=0.000 tfo=0.012 cnt=0.502) snap= 0.314 srm=  8.026 sat=  8.241(set=0.207 slv=8.031 max=8.0312 n=1) cex=R/T/F=0/0/1 trsplit=0 sim=20.877(rmp=0.469 run=20.407 n=1 d=0) incr=loc/full/maxdirty/keys=0/0/0/0 chk= 0.000(d=1) stat= 0.192 rest= 0.315
  [bmc-incr i=1596 repr=1 active=167/175319 POs=1]
BMC : c =     165  cl =   4503  lit =  175318  p =     0  d =     0  f =     1  +  T =     0.03 sec
  [bmc-prof 1596] wall=  32.074 p=     1 | ifo=  0.673(sd=0.183 nx=0.000 tfo=0.011 cnt=0.480) snap= 0.300 srm=  8.357 sat=  7.989(set=0.228 slv=7.759 max=7.7592 n=1) cex=R/T/F=0/0/1 trsplit=0 sim=14.307(rmp=0.441 run=13.865 n=1 d=0) incr=loc/full/maxdirty/keys=0/0/0/0 chk= 0.000(d=1) stat= 0.156 rest= 0.291
  [bmc-incr i=1597 repr=1 active=166/175318 POs=1]
BMC : c =     164  cl =   4503  lit =  175317  p =     0  d =     0  f =     1  +  T =     0.03 sec
  [bmc-prof 1597] wall=  34.960 p=     1 | ifo=  0.696(sd=0.195 nx=0.000 tfo=0.011 cnt=0.490) snap= 0.920 srm=  9.653 sat=  7.943(set=0.237 slv=7.703 max=7.7033 n=1) cex=R/T/F=0/0/1 trsplit=0 sim=15.253(rmp=0.494 run=14.758 n=1 d=0) incr=loc/full/maxdirty/keys=0/0/0/0 chk= 0.000(d=1) stat= 0.170 rest= 0.325
  [bmc-incr i=1598 repr=1 active=165/175317 POs=1]
BMC : c =     163  cl =   4503  lit =  175316  p =     0  d =     0  f =     1  +  T =     0.03 sec
  [bmc-prof 1598] wall=  31.736 p=     1 | ifo=  0.688(sd=0.179 nx=0.000 tfo=0.012 cnt=0.497) snap= 0.283 srm=  8.165 sat=  7.883(set=0.208 slv=7.673 max=7.6730 n=1) cex=R/T/F=0/0/1 trsplit=0 sim=14.222(rmp=0.430 run=13.790 n=1 d=0) incr=loc/full/maxdirty/keys=0/0/0/0 chk= 0.000(d=1) stat= 0.183 rest= 0.313
  [bmc-incr i=1599 repr=1 active=164/175316 POs=1]
BMC : c =     162  cl =   4503  lit =  175315  p =     0  d =     0  f =     1  +  T =     0.03 sec
  [bmc-prof 1599] wall=  34.445 p=     1 | ifo=  0.756(sd=0.178 nx=0.000 tfo=0.013 cnt=0.566) snap= 0.324 srm=  9.867 sat=  8.286(set=0.206 slv=8.078 max=8.0775 n=1) cex=R/T/F=0/0/1 trsplit=0 sim=14.696(rmp=0.458 run=14.237 n=1 d=0) incr=loc/full/maxdirty/keys=0/0/0/0 chk= 0.000(d=1) stat= 0.204 rest= 0.312
  [bmc-incr i=1600 repr=1 active=163/175315 POs=1]
BMC : c =     161  cl =   4503  lit =  175314  p =     0  d =     0  f =     1  +  T =     0.03 sec
  [bmc-prof 1600] wall=  31.446 p=     1 | ifo=  0.680(sd=0.179 nx=0.000 tfo=0.012 cnt=0.489) snap= 0.280 srm=  7.845 sat=  7.900(set=0.195 slv=7.704 max=7.7040 n=1) cex=R/T/F=0/0/1 trsplit=0 sim=14.274(rmp=0.436 run=13.836 n=1 d=0) incr=loc/full/maxdirty/keys=0/0/0/0 chk= 0.000(d=1) stat= 0.161 rest= 0.305
  [bmc-incr i=1601 repr=1 active=162/175314 POs=1]
BMC : c =     160  cl =   4503  lit =  175313  p =     0  d =     0  f =     1  +  T =     0.03 sec
  [bmc-prof 1601] wall=  32.220 p=     1 | ifo=  0.816(sd=0.180 nx=0.000 tfo=0.012 cnt=0.624) snap= 0.295 srm=  8.403 sat=  7.900(set=0.206 slv=7.691 max=7.6915 n=1) cex=R/T/F=0/0/1 trsplit=0 sim=14.354(rmp=0.443 run=13.910 n=1 d=0) incr=loc/full/maxdirty/keys=0/0/0/0 chk= 0.000(d=1) stat= 0.156 rest= 0.295
  [bmc-incr i=1602 repr=1 active=161/175313 POs=1]
BMC : c =     159  cl =   4503  lit =  175312  p =     0  d =     0  f =     1  +  T =     0.04 sec
  [bmc-prof 1602] wall=  37.592 p=     1 | ifo=  0.683(sd=0.187 nx=0.000 tfo=0.013 cnt=0.484) snap= 0.283 srm=  7.840 sat=  9.535(set=0.195 slv=9.333 max=9.3331 n=1) cex=R/T/F=0/0/1 trsplit=0 sim=18.536(rmp=1.517 run=17.018 n=1 d=0) incr=loc/full/maxdirty/keys=0/0/0/0 chk= 0.000(d=1) stat= 0.166 rest= 0.548
  [bmc-incr i=1603 repr=1 active=160/175312 POs=1]
BMC : c =     158  cl =   4503  lit =  175311  p =     0  d =     0  f =     1  +  T =     0.03 sec
  [bmc-prof 1603] wall=  32.681 p=     1 | ifo=  0.682(sd=0.176 nx=0.000 tfo=0.010 cnt=0.496) snap= 0.291 srm=  8.047 sat=  8.583(set=0.217 slv=8.363 max=8.3633 n=1) cex=R/T/F=0/0/1 trsplit=0 sim=14.622(rmp=0.444 run=14.177 n=1 d=0) incr=loc/full/maxdirty/keys=0/0/0/0 chk= 0.000(d=1) stat= 0.156 rest= 0.300
  [bmc-incr i=1604 repr=1 active=159/175311 POs=1]
BMC : c =     157  cl =   4503  lit =  175310  p =     0  d =     0  f =     1  +  T =     0.03 sec
  [bmc-prof 1604] wall=  31.576 p=     1 | ifo=  0.682(sd=0.188 nx=0.000 tfo=0.010 cnt=0.484) snap= 0.282 srm=  8.129 sat=  8.037(set=0.200 slv=7.835 max=7.8349 n=1) cex=R/T/F=0/0/1 trsplit=0 sim=13.997(rmp=0.435 run=13.561 n=1 d=0) incr=loc/full/maxdirty/keys=0/0/0/0 chk= 0.000(d=1) stat= 0.156 rest= 0.294
  [bmc-incr i=1605 repr=1 active=158/175310 POs=1]
BMC : c =     156  cl =   4503  lit =  175309  p =     0  d =     0  f =     1  +  T =     0.03 sec
  [bmc-prof 1605] wall=  31.012 p=     1 | ifo=  0.681(sd=0.178 nx=0.000 tfo=0.010 cnt=0.492) snap= 0.288 srm=  7.758 sat=  7.879(set=0.200 slv=7.678 max=7.6777 n=1) cex=R/T/F=0/0/1 trsplit=0 sim=13.961(rmp=0.422 run=13.539 n=1 d=0) incr=loc/full/maxdirty/keys=0/0/0/0 chk= 0.000(d=1) stat= 0.155 rest= 0.289
  [bmc-incr i=1606 repr=1 active=157/175309 POs=1]
BMC : c =     155  cl =   4503  lit =  175308  p =     0  d =     0  f =     1  +  T =     0.03 sec
  [bmc-prof 1606] wall=  31.970 p=     1 | ifo=  0.664(sd=0.177 nx=0.000 tfo=0.010 cnt=0.478) snap= 0.292 srm=  7.902 sat=  7.868(set=0.204 slv=7.662 max=7.6619 n=1) cex=R/T/F=0/0/1 trsplit=0 sim=14.797(rmp=0.989 run=13.807 n=1 d=0) incr=loc/full/maxdirty/keys=0/0/0/0 chk= 0.000(d=1) stat= 0.156 rest= 0.290
  [bmc-incr i=1607 repr=1 active=156/175308 POs=1]
BMC : c =     154  cl =   4503  lit =  175307  p =     0  d =     0  f =     1  +  T =     0.03 sec
  [bmc-prof 1607] wall=  31.419 p=     1 | ifo=  0.903(sd=0.177 nx=0.000 tfo=0.010 cnt=0.715) snap= 0.293 srm=  7.923 sat=  7.875(set=0.201 slv=7.673 max=7.6726 n=1) cex=R/T/F=0/0/1 trsplit=0 sim=13.981(rmp=0.419 run=13.562 n=1 d=0) incr=loc/full/maxdirty/keys=0/0/0/0 chk= 0.000(d=1) stat= 0.155 rest= 0.289
  [bmc-incr i=1608 repr=1 active=155/175307 POs=1]
BMC : c =     153  cl =   4503  lit =  175306  p =     0  d =     0  f =     1  +  T =     0.03 sec
  [bmc-prof 1608] wall=  31.288 p=     1 | ifo=  0.671(sd=0.184 nx=0.000 tfo=0.009 cnt=0.478) snap= 0.281 srm=  7.934 sat=  7.835(set=0.208 slv=7.625 max=7.6248 n=1) cex=R/T/F=0/0/1 trsplit=0 sim=14.065(rmp=0.424 run=13.639 n=1 d=0) incr=loc/full/maxdirty/keys=0/0/0/0 chk= 0.000(d=1) stat= 0.156 rest= 0.345
  [bmc-incr i=1609 repr=1 active=154/175306 POs=1]
BMC : c =     152  cl =   4503  lit =  175305  p =     0  d =     0  f =     1  +  T =     0.03 sec
  [bmc-prof 1609] wall=  31.397 p=     1 | ifo=  0.670(sd=0.177 nx=0.000 tfo=0.009 cnt=0.484) snap= 0.281 srm=  7.974 sat=  7.872(set=0.197 slv=7.673 max=7.6735 n=1) cex=R/T/F=0/0/1 trsplit=0 sim=14.150(rmp=0.418 run=13.731 n=1 d=0) incr=loc/full/maxdirty/keys=0/0/0/0 chk= 0.000(d=1) stat= 0.155 rest= 0.295
  [bmc-incr i=1610 repr=1 active=153/175305 POs=1]
BMC : c =     151  cl =   4503  lit =  175304  p =     0  d =     0  f =     1  +  T =     0.03 sec
  [bmc-prof 1610] wall=  31.529 p=     1 | ifo=  0.666(sd=0.180 nx=0.000 tfo=0.009 cnt=0.477) snap= 0.281 srm=  7.958 sat=  7.987(set=0.216 slv=7.769 max=7.7687 n=1) cex=R/T/F=0/0/1 trsplit=0 sim=14.167(rmp=0.418 run=13.748 n=1 d=0) incr=loc/full/maxdirty/keys=0/0/0/0 chk= 0.000(d=1) stat= 0.163 rest= 0.307
  [bmc-incr i=1611 repr=1 active=152/175304 POs=1]
BMC : c =     150  cl =   4503  lit =  175303  p =     0  d =     0  f =     1  +  T =     0.04 sec
  [bmc-prof 1611] wall=  35.902 p=     1 | ifo=  0.713(sd=0.180 nx=0.000 tfo=0.010 cnt=0.524) snap= 1.104 srm=  9.814 sat=  9.768(set=0.794 slv=8.971 max=8.9714 n=1) cex=R/T/F=0/0/1 trsplit=0 sim=14.049(rmp=0.431 run=13.617 n=1 d=0) incr=loc/full/maxdirty/keys=0/0/0/0 chk= 0.000(d=1) stat= 0.156 rest= 0.297
  [bmc-incr i=1612 repr=1 active=151/175303 POs=1]
BMC : c =     149  cl =   4503  lit =  175302  p =     0  d =     0  f =     1  +  T =     0.03 sec
  [bmc-prof 1612] wall=  31.733 p=     1 | ifo=  0.666(sd=0.177 nx=0.000 tfo=0.011 cnt=0.478) snap= 0.294 srm=  8.039 sat=  7.837(set=0.200 slv=7.635 max=7.6348 n=1) cex=R/T/F=0/0/1 trsplit=0 sim=14.441(rmp=0.429 run=14.011 n=1 d=0) incr=loc/full/maxdirty/keys=0/0/0/0 chk= 0.000(d=1) stat= 0.160 rest= 0.297
  [bmc-incr i=1613 repr=1 active=150/175302 POs=1]
BMC : c =     148  cl =   4503  lit =  175301  p =     0  d =     0  f =     1  +  T =     0.03 sec
  [bmc-prof 1613] wall=  31.995 p=     1 | ifo=  0.666(sd=0.177 nx=0.000 tfo=0.010 cnt=0.480) snap= 0.300 srm=  8.138 sat=  7.848(set=0.203 slv=7.642 max=7.6422 n=1) cex=R/T/F=0/0/1 trsplit=0 sim=14.575(rmp=0.457 run=14.118 n=1 d=0) incr=loc/full/maxdirty/keys=0/0/0/0 chk= 0.000(d=1) stat= 0.164 rest= 0.304
  [bmc-incr i=1614 repr=1 active=149/175301 POs=1]
BMC : c =     147  cl =   4503  lit =  175300  p =     0  d =     0  f =     1  +  T =     0.03 sec
  [bmc-prof 1614] wall=  31.178 p=     1 | ifo=  0.671(sd=0.180 nx=0.000 tfo=0.012 cnt=0.479) snap= 0.293 srm=  7.843 sat=  7.843(set=0.200 slv=7.641 max=7.6412 n=1) cex=R/T/F=0/0/1 trsplit=0 sim=14.057(rmp=0.419 run=13.636 n=1 d=0) incr=loc/full/maxdirty/keys=0/0/0/0 chk= 0.000(d=1) stat= 0.168 rest= 0.303
  [bmc-incr i=1615 repr=1 active=148/175300 POs=1]
BMC : c =     146  cl =   4503  lit =  175299  p =     0  d =     0  f =     1  +  T =     0.04 sec
  [bmc-prof 1615] wall=  35.287 p=     1 | ifo=  0.674(sd=0.185 nx=0.000 tfo=0.011 cnt=0.477) snap= 0.313 srm= 10.825 sat=  8.719(set=0.211 slv=8.506 max=8.5058 n=1) cex=R/T/F=0/0/1 trsplit=0 sim=14.306(rmp=0.464 run=13.842 n=1 d=0) incr=loc/full/maxdirty/keys=0/0/0/0 chk= 0.000(d=1) stat= 0.157 rest= 0.293
  [bmc-incr i=1616 repr=1 active=147/175299 POs=1]
BMC : c =     145  cl =   4503  lit =  175298  p =     0  d =     0  f =     1  +  T =     0.03 sec
  [bmc-prof 1616] wall=  32.329 p=     1 | ifo=  0.679(sd=0.179 nx=0.000 tfo=0.011 cnt=0.489) snap= 0.302 srm=  8.656 sat=  7.881(set=0.220 slv=7.659 max=7.6587 n=1) cex=R/T/F=0/0/1 trsplit=0 sim=14.339(rmp=0.455 run=13.883 n=1 d=0) incr=loc/full/maxdirty/keys=0/0/0/0 chk= 0.000(d=1) stat= 0.161 rest= 0.310
  [bmc-incr i=1617 repr=1 active=146/175298 POs=1]
BMC : c =     144  cl =   4503  lit =  175297  p =     0  d =     0  f =     1  +  T =     0.03 sec
  [bmc-prof 1617] wall=  31.552 p=     1 | ifo=  0.683(sd=0.183 nx=0.000 tfo=0.012 cnt=0.488) snap= 0.287 srm=  8.101 sat=  7.900(set=0.221 slv=7.677 max=7.6772 n=1) cex=R/T/F=0/0/1 trsplit=0 sim=14.127(rmp=0.427 run=13.699 n=1 d=0) incr=loc/full/maxdirty/keys=0/0/0/0 chk= 0.000(d=1) stat= 0.162 rest= 0.293
  [bmc-incr i=1618 repr=1 active=145/175297 POs=1]
BMC : c =     143  cl =   4503  lit =  175296  p =     0  d =     0  f =     1  +  T =     0.03 sec
  [bmc-prof 1618] wall=  31.279 p=     1 | ifo=  0.684(sd=0.189 nx=0.000 tfo=0.010 cnt=0.484) snap= 0.283 srm=  7.938 sat=  7.988(set=0.191 slv=7.795 max=7.7950 n=1) cex=R/T/F=0/0/1 trsplit=0 sim=13.899(rmp=0.435 run=13.463 n=1 d=0) incr=loc/full/maxdirty/keys=0/0/0/0 chk= 0.000(d=1) stat= 0.179 rest= 0.309
  [bmc-incr i=1619 repr=1 active=144/175296 POs=1]
BMC : c =     142  cl =   4503  lit =  175295  p =     0  d =     0  f =     1  +  T =     0.04 sec
  [bmc-prof 1619] wall=  38.758 p=     1 | ifo=  0.687(sd=0.186 nx=0.000 tfo=0.013 cnt=0.488) snap= 0.360 srm=  8.246 sat= 13.043(set=0.245 slv=12.795 max=12.7952 n=1) cex=R/T/F=0/0/1 trsplit=0 sim=15.949(rmp=0.571 run=15.377 n=1 d=0) incr=loc/full/maxdirty/keys=0/0/0/0 chk= 0.000(d=1) stat= 0.162 rest= 0.311
  [bmc-incr i=1620 repr=1 active=143/175295 POs=1]
BMC : c =     141  cl =   4503  lit =  175294  p =     0  d =     0  f =     1  +  T =     0.03 sec
  [bmc-prof 1620] wall=  33.114 p=     1 | ifo=  0.697(sd=0.186 nx=0.000 tfo=0.011 cnt=0.499) snap= 0.300 srm=  8.713 sat=  8.379(set=0.209 slv=8.168 max=8.1683 n=1) cex=R/T/F=0/0/1 trsplit=0 sim=14.570(rmp=0.419 run=14.150 n=1 d=0) incr=loc/full/maxdirty/keys=0/0/0/0 chk= 0.000(d=1) stat= 0.158 rest= 0.297
  [bmc-incr i=1621 repr=1 active=142/175294 POs=1]
BMC : c =     140  cl =   4503  lit =  175293  p =     0  d =     0  f =     1  +  T =     0.03 sec
  [bmc-prof 1621] wall=  31.630 p=     1 | ifo=  0.730(sd=0.178 nx=0.000 tfo=0.009 cnt=0.543) snap= 0.501 srm=  7.859 sat=  7.863(set=0.213 slv=7.649 max=7.6488 n=1) cex=R/T/F=0/0/1 trsplit=0 sim=14.219(rmp=0.432 run=13.787 n=1 d=0) incr=loc/full/maxdirty/keys=0/0/0/0 chk= 0.000(d=1) stat= 0.157 rest= 0.301
  [bmc-incr i=1622 repr=1 active=141/175293 POs=1]
BMC : c =     139  cl =   4503  lit =  175292  p =     0  d =     0  f =     1  +  T =     0.03 sec
  [bmc-prof 1622] wall=  32.386 p=     1 | ifo=  0.675(sd=0.177 nx=0.000 tfo=0.010 cnt=0.488) snap= 0.282 srm=  7.809 sat=  7.847(set=0.197 slv=7.648 max=7.6481 n=1) cex=R/T/F=0/0/1 trsplit=0 sim=15.318(rmp=0.420 run=14.897 n=1 d=0) incr=loc/full/maxdirty/keys=0/0/0/0 chk= 0.000(d=1) stat= 0.160 rest= 0.294
  [bmc-incr i=1623 repr=1 active=140/175292 POs=1]
BMC : c =     138  cl =   4503  lit =  175291  p =     0  d =     0  f =     1  +  T =     0.03 sec
  [bmc-prof 1623] wall=  31.279 p=     1 | ifo=  0.710(sd=0.203 nx=0.000 tfo=0.013 cnt=0.494) snap= 0.297 srm=  7.859 sat=  7.872(set=0.201 slv=7.669 max=7.6691 n=1) cex=R/T/F=0/0/1 trsplit=0 sim=14.090(rmp=0.423 run=13.666 n=1 d=0) incr=loc/full/maxdirty/keys=0/0/0/0 chk= 0.000(d=1) stat= 0.154 rest= 0.297
  [bmc-incr i=1624 repr=1 active=139/175291 POs=1]
BMC : c =     137  cl =   4503  lit =  175290  p =     0  d =     0  f =     1  +  T =     0.03 sec
  [bmc-prof 1624] wall=  31.366 p=     1 | ifo=  0.674(sd=0.178 nx=0.000 tfo=0.009 cnt=0.487) snap= 0.283 srm=  8.098 sat=  7.888(set=0.205 slv=7.681 max=7.6810 n=1) cex=R/T/F=0/0/1 trsplit=0 sim=13.976(rmp=0.421 run=13.554 n=1 d=0) incr=loc/full/maxdirty/keys=0/0/0/0 chk= 0.000(d=1) stat= 0.155 rest= 0.291
  [bmc-incr i=1625 repr=1 active=138/175290 POs=1]
BMC : c =     136  cl =   4503  lit =  175289  p =     0  d =     0  f =     1  +  T =     0.03 sec
  [bmc-prof 1625] wall=  31.371 p=     1 | ifo=  0.702(sd=0.198 nx=0.000 tfo=0.018 cnt=0.486) snap= 0.281 srm=  7.854 sat=  8.068(set=0.200 slv=7.866 max=7.8662 n=1) cex=R/T/F=0/0/1 trsplit=0 sim=14.012(rmp=0.435 run=13.576 n=1 d=0) incr=loc/full/maxdirty/keys=0/0/0/0 chk= 0.001(d=1) stat= 0.158 rest= 0.296
  [bmc-incr i=1626 repr=1 active=137/175289 POs=1]
BMC : c =     135  cl =   4503  lit =  175288  p =     0  d =     0  f =     1  +  T =     0.03 sec
  [bmc-prof 1626] wall=  31.907 p=     1 | ifo=  0.734(sd=0.214 nx=0.000 tfo=0.014 cnt=0.506) snap= 0.289 srm=  7.974 sat=  7.869(set=0.195 slv=7.671 max=7.6714 n=1) cex=R/T/F=0/0/1 trsplit=0 sim=14.571(rmp=0.441 run=14.129 n=1 d=0) incr=loc/full/maxdirty/keys=0/0/0/0 chk= 0.000(d=1) stat= 0.164 rest= 0.307
  [bmc-incr i=1627 repr=1 active=136/175288 POs=1]
BMC : c =     134  cl =   4503  lit =  175287  p =     0  d =     0  f =     1  +  T =     0.03 sec
  [bmc-prof 1627] wall=  33.571 p=     1 | ifo=  0.681(sd=0.186 nx=0.000 tfo=0.010 cnt=0.485) snap= 0.318 srm=  8.129 sat=  9.488(set=0.213 slv=9.273 max=9.2733 n=1) cex=R/T/F=0/0/1 trsplit=0 sim=14.482(rmp=0.434 run=14.047 n=1 d=0) incr=loc/full/maxdirty/keys=0/0/0/0 chk= 0.000(d=1) stat= 0.169 rest= 0.305
  [bmc-incr i=1628 repr=1 active=135/175287 POs=1]
BMC : c =     133  cl =   4503  lit =  175286  p =     0  d =     0  f =     1  +  T =     0.03 sec
  [bmc-prof 1628] wall=  32.015 p=     1 | ifo=  0.678(sd=0.180 nx=0.000 tfo=0.009 cnt=0.489) snap= 0.286 srm=  7.928 sat=  8.234(set=0.203 slv=8.029 max=8.0294 n=1) cex=R/T/F=0/0/1 trsplit=0 sim=14.100(rmp=0.438 run=13.660 n=1 d=0) incr=loc/full/maxdirty/keys=0/0/0/0 chk= 0.000(d=1) stat= 0.470 rest= 0.319
  [bmc-incr i=1629 repr=1 active=134/175286 POs=1]
BMC : c =     132  cl =   4503  lit =  175285  p =     0  d =     0  f =     1  +  T =     0.04 sec
  [bmc-prof 1629] wall=  35.792 p=     1 | ifo=  0.691(sd=0.189 nx=0.000 tfo=0.011 cnt=0.491) snap= 0.609 srm= 11.833 sat=  7.994(set=0.213 slv=7.779 max=7.7793 n=1) cex=R/T/F=0/0/1 trsplit=0 sim=14.197(rmp=0.439 run=13.757 n=1 d=0) incr=loc/full/maxdirty/keys=0/0/0/0 chk= 0.000(d=1) stat= 0.158 rest= 0.311
  [bmc-incr i=1630 repr=1 active=133/175285 POs=1]
BMC : c =     131  cl =   4503  lit =  175284  p =     0  d =     0  f =     1  +  T =     0.03 sec
  [bmc-prof 1630] wall=  31.937 p=     1 | ifo=  0.668(sd=0.180 nx=0.000 tfo=0.011 cnt=0.478) snap= 0.281 srm=  7.831 sat=  8.041(set=0.197 slv=7.841 max=7.8414 n=1) cex=R/T/F=0/0/1 trsplit=0 sim=14.626(rmp=0.490 run=14.134 n=1 d=0) incr=loc/full/maxdirty/keys=0/0/0/0 chk= 0.000(d=1) stat= 0.161 rest= 0.329
  [bmc-incr i=1631 repr=1 active=132/175284 POs=1]
BMC : c =     130  cl =   4503  lit =  175283  p =     0  d =     0  f =     1  +  T =     0.03 sec
  [bmc-prof 1631] wall=  31.964 p=     1 | ifo=  0.685(sd=0.179 nx=0.000 tfo=0.010 cnt=0.497) snap= 0.292 srm=  8.086 sat=  7.972(set=0.217 slv=7.752 max=7.7518 n=1) cex=R/T/F=0/0/1 trsplit=0 sim=14.439(rmp=0.451 run=13.987 n=1 d=0) incr=loc/full/maxdirty/keys=0/0/0/0 chk= 0.000(d=1) stat= 0.169 rest= 0.320
  [bmc-incr i=1632 repr=1 active=131/175283 POs=1]
BMC : c =     129  cl =   4503  lit =  175282  p =     0  d =     0  f =     1  +  T =     0.03 sec
  [bmc-prof 1632] wall=  33.211 p=     1 | ifo=  0.687(sd=0.189 nx=0.000 tfo=0.011 cnt=0.487) snap= 0.304 srm=  8.616 sat=  8.282(set=0.237 slv=8.043 max=8.0432 n=1) cex=R/T/F=0/0/1 trsplit=0 sim=14.800(rmp=0.476 run=14.323 n=1 d=0) incr=loc/full/maxdirty/keys=0/0/0/0 chk= 0.000(d=1) stat= 0.176 rest= 0.345
  [bmc-incr i=1633 repr=1 active=130/175282 POs=1]
BMC : c =     128  cl =   4503  lit =  175281  p =     0  d =     0  f =     1  +  T =     0.03 sec
  [bmc-prof 1633] wall=  32.623 p=     1 | ifo=  0.693(sd=0.204 nx=0.000 tfo=0.010 cnt=0.479) snap= 0.289 srm=  8.419 sat=  7.942(set=0.234 slv=7.706 max=7.7059 n=1) cex=R/T/F=0/0/1 trsplit=0 sim=14.814(rmp=0.445 run=14.368 n=1 d=0) incr=loc/full/maxdirty/keys=0/0/0/0 chk= 0.000(d=1) stat= 0.173 rest= 0.292
  [bmc-incr i=1634 repr=1 active=129/175281 POs=1]
BMC : c =     127  cl =   4503  lit =  175280  p =     0  d =     0  f =     1  +  T =     0.03 sec
  [bmc-prof 1634] wall=  31.735 p=     1 | ifo=  0.716(sd=0.214 nx=0.000 tfo=0.016 cnt=0.486) snap= 0.280 srm=  8.073 sat=  7.916(set=0.202 slv=7.712 max=7.7117 n=1) cex=R/T/F=0/0/1 trsplit=0 sim=14.281(rmp=0.423 run=13.856 n=1 d=0) incr=loc/full/maxdirty/keys=0/0/0/0 chk= 0.000(d=1) stat= 0.162 rest= 0.306
  [bmc-incr i=1635 repr=1 active=128/175280 POs=1]
BMC : c =     126  cl =   4503  lit =  175279  p =     0  d =     0  f =     1  +  T =     0.03 sec
  [bmc-prof 1635] wall=  31.724 p=     1 | ifo=  0.671(sd=0.182 nx=0.000 tfo=0.010 cnt=0.479) snap= 0.292 srm=  8.397 sat=  7.943(set=0.215 slv=7.726 max=7.7260 n=1) cex=R/T/F=0/0/1 trsplit=0 sim=13.975(rmp=0.423 run=13.551 n=1 d=0) incr=loc/full/maxdirty/keys=0/0/0/0 chk= 0.000(d=1) stat= 0.155 rest= 0.291
  [bmc-incr i=1636 repr=1 active=127/175279 POs=1]
BMC : c =     125  cl =   4503  lit =  175278  p =     0  d =     0  f =     1  +  T =     0.03 sec
  [bmc-prof 1636] wall=  34.852 p=     1 | ifo=  0.680(sd=0.178 nx=0.000 tfo=0.010 cnt=0.492) snap= 0.293 srm=  8.261 sat=  7.944(set=0.206 slv=7.736 max=7.7360 n=1) cex=R/T/F=0/0/1 trsplit=0 sim=17.192(rmp=0.437 run=16.753 n=1 d=0) incr=loc/full/maxdirty/keys=0/0/0/0 chk= 0.000(d=1) stat= 0.177 rest= 0.304
  [bmc-incr i=1637 repr=1 active=126/175278 POs=1]
BMC : c =     124  cl =   4503  lit =  175277  p =     0  d =     0  f =     1  +  T =     0.03 sec
  [bmc-prof 1637] wall=  32.938 p=     1 | ifo=  0.729(sd=0.186 nx=0.000 tfo=0.010 cnt=0.532) snap= 0.302 srm=  9.399 sat=  7.994(set=0.227 slv=7.765 max=7.7651 n=1) cex=R/T/F=0/0/1 trsplit=0 sim=14.068(rmp=0.422 run=13.645 n=1 d=0) incr=loc/full/maxdirty/keys=0/0/0/0 chk= 0.000(d=1) stat= 0.155 rest= 0.292
  [bmc-incr i=1638 repr=1 active=125/175277 POs=1]
BMC : c =     123  cl =   4503  lit =  175276  p =     0  d =     0  f =     1  +  T =     0.03 sec
  [bmc-prof 1638] wall=  34.230 p=     1 | ifo=  0.667(sd=0.179 nx=0.000 tfo=0.009 cnt=0.479) snap= 0.290 srm=  7.787 sat=  8.152(set=0.208 slv=7.940 max=7.9402 n=1) cex=R/T/F=0/0/1 trsplit=0 sim=16.870(rmp=0.441 run=16.428 n=1 d=0) incr=loc/full/maxdirty/keys=0/0/0/0 chk= 0.000(d=1) stat= 0.158 rest= 0.306
  [bmc-incr i=1639 repr=1 active=124/175276 POs=1]
BMC : c =     122  cl =   4503  lit =  175275  p =     0  d =     0  f =     1  +  T =     0.03 sec
  [bmc-prof 1639] wall=  34.261 p=     1 | ifo=  0.694(sd=0.196 nx=0.000 tfo=0.009 cnt=0.489) snap= 0.289 srm=  8.209 sat=  8.257(set=0.226 slv=8.028 max=8.0282 n=1) cex=R/T/F=0/0/1 trsplit=0 sim=16.341(rmp=0.485 run=15.855 n=1 d=0) incr=loc/full/maxdirty/keys=0/0/0/0 chk= 0.000(d=1) stat= 0.159 rest= 0.312
  [bmc-incr i=1640 repr=1 active=123/175275 POs=1]
BMC : c =     121  cl =   4503  lit =  175274  p =     0  d =     0  f =     1  +  T =     0.03 sec
  [bmc-prof 1640] wall=  32.119 p=     1 | ifo=  0.667(sd=0.176 nx=0.000 tfo=0.008 cnt=0.483) snap= 0.289 srm=  8.589 sat=  7.977(set=0.202 slv=7.773 max=7.7727 n=1) cex=R/T/F=0/0/1 trsplit=0 sim=14.146(rmp=0.458 run=13.687 n=1 d=0) incr=loc/full/maxdirty/keys=0/0/0/0 chk= 0.000(d=1) stat= 0.157 rest= 0.293
  [bmc-incr i=1641 repr=1 active=122/175274 POs=1]
BMC : c =     120  cl =   4503  lit =  175273  p =     0  d =     0  f =     1  +  T =     0.03 sec
  [bmc-prof 1641] wall=  31.348 p=     1 | ifo=  0.672(sd=0.175 nx=0.000 tfo=0.009 cnt=0.488) snap= 0.280 srm=  8.012 sat=  7.919(set=0.199 slv=7.718 max=7.7178 n=1) cex=R/T/F=0/0/1 trsplit=0 sim=14.003(rmp=0.424 run=13.578 n=1 d=0) incr=loc/full/maxdirty/keys=0/0/0/0 chk= 0.000(d=1) stat= 0.160 rest= 0.303
  [bmc-incr i=1642 repr=1 active=121/175273 POs=1]
BMC : c =     119  cl =   4503  lit =  175272  p =     0  d =     0  f =     1  +  T =     0.03 sec
  [bmc-prof 1642] wall=  33.187 p=     1 | ifo=  0.677(sd=0.181 nx=0.000 tfo=0.009 cnt=0.487) snap= 0.299 srm=  8.497 sat=  9.117(set=0.246 slv=8.869 max=8.8690 n=1) cex=R/T/F=0/0/1 trsplit=0 sim=14.134(rmp=0.459 run=13.675 n=1 d=0) incr=loc/full/maxdirty/keys=0/0/0/0 chk= 0.000(d=1) stat= 0.159 rest= 0.304
  [bmc-incr i=1643 repr=1 active=120/175272 POs=1]
BMC : c =     118  cl =   4503  lit =  175271  p =     0  d =     0  f =     1  +  T =     0.03 sec
  [bmc-prof 1643] wall=  31.623 p=     1 | ifo=  0.666(sd=0.181 nx=0.000 tfo=0.008 cnt=0.477) snap= 0.294 srm=  7.949 sat=  7.939(set=0.209 slv=7.727 max=7.7273 n=1) cex=R/T/F=0/0/1 trsplit=0 sim=14.318(rmp=0.455 run=13.862 n=1 d=0) incr=loc/full/maxdirty/keys=0/0/0/0 chk= 0.000(d=1) stat= 0.155 rest= 0.302
  [bmc-incr i=1644 repr=1 active=119/175271 POs=1]
BMC : c =     117  cl =   4503  lit =  175270  p =     0  d =     0  f =     1  +  T =     0.04 sec
  [bmc-prof 1644] wall=  37.023 p=     1 | ifo=  0.665(sd=0.179 nx=0.000 tfo=0.009 cnt=0.477) snap= 0.299 srm=  8.036 sat=  8.036(set=0.211 slv=7.822 max=7.8220 n=1) cex=R/T/F=0/0/1 trsplit=0 sim=19.353(rmp=0.448 run=18.903 n=1 d=0) incr=loc/full/maxdirty/keys=0/0/0/0 chk= 0.000(d=1) stat= 0.248 rest= 0.385
  [bmc-incr i=1645 repr=1 active=118/175270 POs=1]
BMC : c =     116  cl =   4503  lit =  175269  p =     0  d =     0  f =     1  +  T =     0.03 sec
  [bmc-prof 1645] wall=  32.327 p=     1 | ifo=  0.802(sd=0.264 nx=0.000 tfo=0.010 cnt=0.528) snap= 0.283 srm=  8.033 sat=  8.113(set=0.199 slv=7.912 max=7.9119 n=1) cex=R/T/F=0/0/1 trsplit=0 sim=14.607(rmp=0.442 run=14.163 n=1 d=0) incr=loc/full/maxdirty/keys=0/0/0/0 chk= 0.000(d=1) stat= 0.181 rest= 0.308
  [bmc-incr i=1646 repr=1 active=117/175269 POs=1]
BMC : c =     115  cl =   4503  lit =  175268  p =     0  d =     0  f =     1  +  T =     0.03 sec
  [bmc-prof 1646] wall=  32.483 p=     1 | ifo=  0.696(sd=0.192 nx=0.000 tfo=0.009 cnt=0.496) snap= 0.284 srm=  8.336 sat=  8.199(set=0.213 slv=7.984 max=7.9843 n=1) cex=R/T/F=0/0/1 trsplit=0 sim=14.499(rmp=0.449 run=14.049 n=1 d=0) incr=loc/full/maxdirty/keys=0/0/0/0 chk= 0.000(d=1) stat= 0.156 rest= 0.313
  [bmc-incr i=1647 repr=1 active=116/175268 POs=1]
BMC : c =     114  cl =   4503  lit =  175267  p =     0  d =     0  f =     1  +  T =     0.04 sec
  [bmc-prof 1647] wall=  36.710 p=     1 | ifo=  0.675(sd=0.176 nx=0.000 tfo=0.008 cnt=0.490) snap= 0.301 srm=  7.844 sat=  8.133(set=0.194 slv=7.937 max=7.9367 n=1) cex=R/T/F=0/0/1 trsplit=0 sim=19.285(rmp=0.441 run=18.842 n=1 d=0) incr=loc/full/maxdirty/keys=0/0/0/0 chk= 0.000(d=1) stat= 0.166 rest= 0.306
  [bmc-incr i=1648 repr=1 active=115/175267 POs=1]
BMC : c =     113  cl =   4503  lit =  175266  p =     0  d =     0  f =     1  +  T =     0.03 sec
  [bmc-prof 1648] wall=  32.357 p=     1 | ifo=  0.666(sd=0.177 nx=0.000 tfo=0.009 cnt=0.479) snap= 0.294 srm=  8.584 sat=  8.014(set=0.222 slv=7.790 max=7.7905 n=1) cex=R/T/F=0/0/1 trsplit=0 sim=14.304(rmp=0.441 run=13.862 n=1 d=0) incr=loc/full/maxdirty/keys=0/0/0/0 chk= 0.000(d=1) stat= 0.175 rest= 0.320
  [bmc-incr i=1649 repr=1 active=114/175266 POs=1]
BMC : c =     112  cl =   4503  lit =  175265  p =     0  d =     0  f =     1  +  T =     0.03 sec
  [bmc-prof 1649] wall=  31.447 p=     1 | ifo=  0.748(sd=0.221 nx=0.000 tfo=0.010 cnt=0.517) snap= 0.283 srm=  7.992 sat=  7.991(set=0.206 slv=7.783 max=7.7825 n=1) cex=R/T/F=0/0/1 trsplit=0 sim=13.990(rmp=0.428 run=13.562 n=1 d=0) incr=loc/full/maxdirty/keys=0/0/0/0 chk= 0.000(d=1) stat= 0.154 rest= 0.289
  [bmc-incr i=1650 repr=1 active=113/175265 POs=1]
BMC : c =     111  cl =   4503  lit =  175264  p =     0  d =     0  f =     1  +  T =     0.04 sec
  [bmc-prof 1650] wall=  39.545 p=     1 | ifo=  0.689(sd=0.180 nx=0.000 tfo=0.008 cnt=0.501) snap= 0.324 srm= 13.369 sat=  9.595(set=0.273 slv=9.320 max=9.3196 n=1) cex=R/T/F=0/0/1 trsplit=0 sim=15.080(rmp=0.477 run=14.603 n=1 d=0) incr=loc/full/maxdirty/keys=0/0/0/0 chk= 0.000(d=1) stat= 0.163 rest= 0.325
  [bmc-incr i=1651 repr=1 active=112/175264 POs=1]
BMC : c =     110  cl =   4503  lit =  175263  p =     0  d =     0  f =     1  +  T =     0.03 sec
  [bmc-prof 1651] wall=  32.171 p=     1 | ifo=  0.713(sd=0.184 nx=0.000 tfo=0.008 cnt=0.520) snap= 0.322 srm=  8.061 sat=  8.142(set=0.215 slv=7.925 max=7.9251 n=1) cex=R/T/F=0/0/1 trsplit=0 sim=14.457(rmp=0.457 run=13.999 n=1 d=0) incr=loc/full/maxdirty/keys=0/0/0/0 chk= 0.000(d=1) stat= 0.181 rest= 0.296
  [bmc-incr i=1652 repr=1 active=111/175263 POs=1]
BMC : c =     109  cl =   4503  lit =  175262  p =     0  d =     0  f =     1  +  T =     0.03 sec
  [bmc-prof 1652] wall=  32.886 p=     1 | ifo=  0.730(sd=0.211 nx=0.000 tfo=0.013 cnt=0.506) snap= 0.286 srm=  8.771 sat=  7.992(set=0.197 slv=7.793 max=7.7933 n=1) cex=R/T/F=0/0/1 trsplit=0 sim=14.644(rmp=0.420 run=14.223 n=1 d=0) incr=loc/full/maxdirty/keys=0/0/0/0 chk= 0.000(d=1) stat= 0.158 rest= 0.304
  [bmc-incr i=1653 repr=1 active=110/175262 POs=1]
BMC : c =     108  cl =   4503  lit =  175261  p =     0  d =     0  f =     1  +  T =     0.03 sec
  [bmc-prof 1653] wall=  32.293 p=     1 | ifo=  0.661(sd=0.176 nx=0.000 tfo=0.007 cnt=0.478) snap= 0.297 srm=  8.251 sat=  8.088(set=0.211 slv=7.876 max=7.8759 n=1) cex=R/T/F=0/0/1 trsplit=0 sim=14.537(rmp=0.420 run=14.116 n=1 d=0) incr=loc/full/maxdirty/keys=0/0/0/0 chk= 0.000(d=1) stat= 0.158 rest= 0.301
  [bmc-incr i=1654 repr=1 active=109/175261 POs=1]
BMC : c =     107  cl =   4503  lit =  175260  p =     0  d =     0  f =     1  +  T =     0.03 sec
  [bmc-prof 1654] wall=  31.823 p=     1 | ifo=  0.683(sd=0.185 nx=0.000 tfo=0.008 cnt=0.489) snap= 0.281 srm=  7.971 sat=  7.997(set=0.200 slv=7.795 max=7.7950 n=1) cex=R/T/F=0/0/1 trsplit=0 sim=14.413(rmp=0.442 run=13.970 n=1 d=0) incr=loc/full/maxdirty/keys=0/0/0/0 chk= 0.000(d=1) stat= 0.163 rest= 0.313
  [bmc-incr i=1655 repr=1 active=108/175260 POs=1]
BMC : c =     106  cl =   4503  lit =  175259  p =     0  d =     0  f =     1  +  T =     0.03 sec
  [bmc-prof 1655] wall=  33.718 p=     1 | ifo=  0.715(sd=0.199 nx=0.000 tfo=0.007 cnt=0.509) snap= 0.299 srm=  8.401 sat=  8.242(set=0.200 slv=8.040 max=8.0399 n=1) cex=R/T/F=0/0/1 trsplit=0 sim=15.572(rmp=0.460 run=15.111 n=1 d=0) incr=loc/full/maxdirty/keys=0/0/0/0 chk= 0.000(d=1) stat= 0.172 rest= 0.317
  [bmc-incr i=1656 repr=1 active=107/175259 POs=1]
BMC : c =     105  cl =   4503  lit =  175258  p =     0  d =     0  f =     1  +  T =     0.03 sec
  [bmc-prof 1656] wall=  32.586 p=     1 | ifo=  0.759(sd=0.230 nx=0.000 tfo=0.009 cnt=0.520) snap= 0.330 srm=  8.425 sat=  8.088(set=0.222 slv=7.864 max=7.8642 n=1) cex=R/T/F=0/0/1 trsplit=0 sim=14.515(rmp=0.430 run=14.083 n=1 d=0) incr=loc/full/maxdirty/keys=0/0/0/0 chk= 0.000(d=1) stat= 0.162 rest= 0.309
  [bmc-incr i=1657 repr=1 active=106/175258 POs=1]
BMC : c =     104  cl =   4503  lit =  175257  p =     0  d =     0  f =     1  +  T =     0.03 sec
  [bmc-prof 1657] wall=  30.900 p=     1 | ifo=  0.679(sd=0.179 nx=0.000 tfo=0.008 cnt=0.491) snap= 0.292 srm=  7.832 sat=  8.224(set=0.200 slv=8.022 max=8.0218 n=1) cex=R/T/F=0/0/1 trsplit=0 sim=13.351(rmp=0.524 run=12.826 n=1 d=0) incr=loc/full/maxdirty/keys=0/0/0/0 chk= 0.000(d=1) stat= 0.164 rest= 0.358
  [bmc-incr i=1658 repr=1 active=105/175257 POs=1]
BMC : c =     103  cl =   4503  lit =  175256  p =     0  d =     0  f =     1  +  T =     0.03 sec
  [bmc-prof 1658] wall=  31.707 p=     1 | ifo=  0.708(sd=0.210 nx=0.000 tfo=0.014 cnt=0.484) snap= 0.279 srm=  7.828 sat=  8.472(set=0.194 slv=8.276 max=8.2755 n=1) cex=R/T/F=0/0/1 trsplit=0 sim=13.845(rmp=0.552 run=13.292 n=1 d=0) incr=loc/full/maxdirty/keys=0/0/0/0 chk= 0.000(d=1) stat= 0.158 rest= 0.416
  [bmc-incr i=1659 repr=1 active=104/175256 POs=1]
BMC : c =     102  cl =   4503  lit =  175255  p =     0  d =     0  f =     1  +  T =     0.03 sec
  [bmc-prof 1659] wall=  32.197 p=     1 | ifo=  0.685(sd=0.187 nx=0.000 tfo=0.008 cnt=0.490) snap= 0.310 srm=  8.296 sat=  8.086(set=0.266 slv=7.817 max=7.8173 n=1) cex=R/T/F=0/0/1 trsplit=0 sim=14.368(rmp=0.440 run=13.927 n=1 d=0) incr=loc/full/maxdirty/keys=0/0/0/0 chk= 0.000(d=1) stat= 0.157 rest= 0.295
  [bmc-incr i=1660 repr=1 active=103/175255 POs=1]
BMC : c =     101  cl =   4503  lit =  175254  p =     0  d =     0  f =     1  +  T =     0.03 sec
  [bmc-prof 1660] wall=  31.369 p=     1 | ifo=  0.674(sd=0.186 nx=0.000 tfo=0.009 cnt=0.479) snap= 0.344 srm=  7.832 sat=  7.956(set=0.202 slv=7.752 max=7.7522 n=1) cex=R/T/F=0/0/1 trsplit=0 sim=14.096(rmp=0.429 run=13.666 n=1 d=0) incr=loc/full/maxdirty/keys=0/0/0/0 chk= 0.000(d=1) stat= 0.164 rest= 0.303
  [bmc-incr i=1661 repr=1 active=102/175254 POs=1]
BMC : c =     100  cl =   4503  lit =  175253  p =     0  d =     0  f =     1  +  T =     0.03 sec
  [bmc-prof 1661] wall=  31.505 p=     1 | ifo=  0.669(sd=0.181 nx=0.000 tfo=0.009 cnt=0.480) snap= 0.295 srm=  8.173 sat=  7.979(set=0.213 slv=7.764 max=7.7640 n=1) cex=R/T/F=0/0/1 trsplit=0 sim=13.941(rmp=0.431 run=13.509 n=1 d=0) incr=loc/full/maxdirty/keys=0/0/0/0 chk= 0.000(d=1) stat= 0.157 rest= 0.290
  [bmc-incr i=1662 repr=1 active=101/175253 POs=1]
BMC : c =      99  cl =   4503  lit =  175252  p =     0  d =     0  f =     1  +  T =     0.03 sec
  [bmc-prof 1662] wall=  31.728 p=     1 | ifo=  0.721(sd=0.218 nx=0.000 tfo=0.015 cnt=0.488) snap= 0.282 srm=  7.934 sat=  7.965(set=0.197 slv=7.767 max=7.7666 n=1) cex=R/T/F=0/0/1 trsplit=0 sim=14.362(rmp=0.475 run=13.886 n=1 d=0) incr=loc/full/maxdirty/keys=0/0/0/0 chk= 0.000(d=1) stat= 0.166 rest= 0.297
  [bmc-incr i=1663 repr=1 active=100/175252 POs=1]
BMC : c =      98  cl =   4503  lit =  175251  p =     0  d =     0  f =     1  +  T =     0.04 sec
  [bmc-prof 1663] wall=  36.013 p=     1 | ifo=  0.716(sd=0.207 nx=0.000 tfo=0.011 cnt=0.498) snap= 0.292 srm=  7.936 sat= 11.377(set=0.214 slv=11.160 max=11.1598 n=1) cex=R/T/F=0/0/1 trsplit=0 sim=15.214(rmp=0.466 run=14.747 n=1 d=0) incr=loc/full/maxdirty/keys=0/0/0/0 chk= 0.000(d=1) stat= 0.157 rest= 0.321
  [bmc-incr i=1664 repr=1 active=99/175251 POs=1]
BMC : c =      97  cl =   4503  lit =  175250  p =     0  d =     0  f =     1  +  T =     0.03 sec
  [bmc-prof 1664] wall=  32.425 p=     1 | ifo=  0.694(sd=0.179 nx=0.000 tfo=0.008 cnt=0.506) snap= 0.292 srm=  8.368 sat=  8.123(set=0.203 slv=7.918 max=7.9176 n=1) cex=R/T/F=0/0/1 trsplit=0 sim=14.489(rmp=0.450 run=14.039 n=1 d=0) incr=loc/full/maxdirty/keys=0/0/0/0 chk= 0.000(d=1) stat= 0.158 rest= 0.301
  [bmc-incr i=1665 repr=1 active=98/175250 POs=1]
BMC : c =      96  cl =   4503  lit =  175249  p =     0  d =     0  f =     1  +  T =     0.03 sec
  [bmc-prof 1665] wall=  34.258 p=     1 | ifo=  0.727(sd=0.204 nx=0.000 tfo=0.007 cnt=0.516) snap= 0.399 srm=  8.378 sat=  9.138(set=0.200 slv=8.935 max=8.9351 n=1) cex=R/T/F=0/0/1 trsplit=0 sim=15.063(rmp=0.537 run=14.525 n=1 d=0) incr=loc/full/maxdirty/keys=0/0/0/0 chk= 0.000(d=1) stat= 0.201 rest= 0.351
  [bmc-incr i=1666 repr=1 active=97/175249 POs=1]
BMC : c =      95  cl =   4503  lit =  175248  p =     0  d =     0  f =     1  +  T =     0.03 sec
  [bmc-prof 1666] wall=  32.380 p=     1 | ifo=  0.786(sd=0.203 nx=0.000 tfo=0.008 cnt=0.575) snap= 0.292 srm=  8.360 sat=  8.069(set=0.236 slv=7.832 max=7.8315 n=1) cex=R/T/F=0/0/1 trsplit=0 sim=14.411(rmp=0.446 run=13.963 n=1 d=0) incr=loc/full/maxdirty/keys=0/0/0/0 chk= 0.000(d=1) stat= 0.161 rest= 0.301
  [bmc-incr i=1667 repr=1 active=96/175248 POs=1]
BMC : c =      94  cl =   4503  lit =  175247  p =     0  d =     0  f =     1  +  T =     0.03 sec
  [bmc-prof 1667] wall=  31.709 p=     1 | ifo=  0.745(sd=0.229 nx=0.000 tfo=0.013 cnt=0.503) snap= 0.284 srm=  7.915 sat=  8.124(set=0.197 slv=7.925 max=7.9248 n=1) cex=R/T/F=0/0/1 trsplit=0 sim=14.174(rmp=0.469 run=13.705 n=1 d=0) incr=loc/full/maxdirty/keys=0/0/0/0 chk= 0.000(d=1) stat= 0.162 rest= 0.305
  [bmc-incr i=1668 repr=1 active=95/175247 POs=1]
BMC : c =      93  cl =   4503  lit =  175246  p =     0  d =     0  f =     1  +  T =     0.03 sec
  [bmc-prof 1668] wall=  31.320 p=     1 | ifo=  0.683(sd=0.199 nx=0.000 tfo=0.007 cnt=0.477) snap= 0.280 srm=  7.852 sat=  7.988(set=0.203 slv=7.783 max=7.7831 n=1) cex=R/T/F=0/0/1 trsplit=0 sim=14.044(rmp=0.420 run=13.623 n=1 d=0) incr=loc/full/maxdirty/keys=0/0/0/0 chk= 0.000(d=1) stat= 0.175 rest= 0.298
  [bmc-incr i=1669 repr=1 active=94/175246 POs=1]
BMC : c =      92  cl =   4503  lit =  175245  p =     0  d =     0  f =     1  +  T =     0.03 sec
  [bmc-prof 1669] wall=  31.742 p=     1 | ifo=  0.712(sd=0.202 nx=0.000 tfo=0.011 cnt=0.498) snap= 0.281 srm=  7.879 sat=  8.465(set=0.194 slv=8.269 max=8.2687 n=1) cex=R/T/F=0/0/1 trsplit=0 sim=13.946(rmp=0.481 run=13.464 n=1 d=0) incr=loc/full/maxdirty/keys=0/0/0/0 chk= 0.000(d=1) stat= 0.157 rest= 0.302
  [bmc-incr i=1670 repr=1 active=93/175245 POs=1]
BMC : c =      91  cl =   4503  lit =  175244  p =     0  d =     0  f =     1  +  T =     0.03 sec
  [bmc-prof 1670] wall=  32.343 p=     1 | ifo=  0.670(sd=0.177 nx=0.000 tfo=0.006 cnt=0.487) snap= 0.294 srm=  7.833 sat=  8.070(set=0.195 slv=7.873 max=7.8730 n=1) cex=R/T/F=0/0/1 trsplit=0 sim=15.001(rmp=0.425 run=14.575 n=1 d=0) incr=loc/full/maxdirty/keys=0/0/0/0 chk= 0.000(d=1) stat= 0.163 rest= 0.310
  [bmc-incr i=1671 repr=1 active=92/175244 POs=1]
BMC : c =      90  cl =   4503  lit =  175243  p =     0  d =     0  f =     1  +  T =     0.03 sec
  [bmc-prof 1671] wall=  31.392 p=     1 | ifo=  0.744(sd=0.237 nx=0.000 tfo=0.006 cnt=0.500) snap= 0.292 srm=  7.819 sat=  8.241(set=0.198 slv=8.041 max=8.0409 n=1) cex=R/T/F=0/0/1 trsplit=0 sim=13.852(rmp=0.423 run=13.428 n=1 d=0) incr=loc/full/maxdirty/keys=0/0/0/0 chk= 0.000(d=1) stat= 0.154 rest= 0.290
  [bmc-incr i=1672 repr=1 active=91/175243 POs=1]
BMC : c =      89  cl =   4503  lit =  175242  p =     0  d =     0  f =     1  +  T =     0.03 sec
  [bmc-prof 1672] wall=  31.723 p=     1 | ifo=  0.675(sd=0.177 nx=0.000 tfo=0.007 cnt=0.492) snap= 0.288 srm=  7.792 sat=  8.070(set=0.198 slv=7.870 max=7.8703 n=1) cex=R/T/F=0/0/1 trsplit=0 sim=14.438(rmp=0.457 run=13.980 n=1 d=0) incr=loc/full/maxdirty/keys=0/0/0/0 chk= 0.000(d=1) stat= 0.157 rest= 0.302
  [bmc-incr i=1673 repr=1 active=90/175242 POs=1]
BMC : c =      88  cl =   4503  lit =  175241  p =     0  d =     0  f =     1  +  T =     0.03 sec
  [bmc-prof 1673] wall=  31.236 p=     1 | ifo=  0.666(sd=0.180 nx=0.000 tfo=0.007 cnt=0.479) snap= 0.301 srm=  7.875 sat=  8.052(set=0.200 slv=7.851 max=7.8508 n=1) cex=R/T/F=0/0/1 trsplit=0 sim=13.877(rmp=0.428 run=13.448 n=1 d=0) incr=loc/full/maxdirty/keys=0/0/0/0 chk= 0.000(d=1) stat= 0.155 rest= 0.309
  [bmc-incr i=1674 repr=1 active=89/175241 POs=1]
BMC : c =      87  cl =   4503  lit =  175240  p =     0  d =     0  f =     1  +  T =     0.04 sec
  [bmc-prof 1674] wall=  35.307 p=     1 | ifo=  0.658(sd=0.175 nx=0.000 tfo=0.007 cnt=0.476) snap= 0.282 srm=  7.943 sat=  8.002(set=0.203 slv=7.797 max=7.7971 n=1) cex=R/T/F=0/0/1 trsplit=0 sim=17.934(rmp=0.429 run=17.502 n=1 d=0) incr=loc/full/maxdirty/keys=0/0/0/0 chk= 0.000(d=1) stat= 0.166 rest= 0.323
  [bmc-incr i=1675 repr=1 active=88/175240 POs=1]
BMC : c =      86  cl =   4503  lit =  175239  p =     0  d =     0  f =     1  +  T =     0.03 sec
  [bmc-prof 1675] wall=  32.363 p=     1 | ifo=  0.675(sd=0.182 nx=0.000 tfo=0.007 cnt=0.486) snap= 0.292 srm=  8.193 sat=  8.304(set=0.212 slv=8.088 max=8.0878 n=1) cex=R/T/F=0/0/1 trsplit=0 sim=14.398(rmp=0.570 run=13.827 n=1 d=0) incr=loc/full/maxdirty/keys=0/0/0/0 chk= 0.000(d=1) stat= 0.159 rest= 0.342
  [bmc-incr i=1676 repr=1 active=87/175239 POs=1]
BMC : c =      85  cl =   4503  lit =  175238  p =     0  d =     0  f =     1  +  T =     0.04 sec
  [bmc-prof 1676] wall=  36.166 p=     1 | ifo=  0.751(sd=0.229 nx=0.000 tfo=0.007 cnt=0.514) snap= 0.292 srm= 11.270 sat=  8.693(set=0.226 slv=8.465 max=8.4653 n=1) cex=R/T/F=0/0/1 trsplit=0 sim=14.690(rmp=0.474 run=14.215 n=1 d=0) incr=loc/full/maxdirty/keys=0/0/0/0 chk= 0.000(d=1) stat= 0.160 rest= 0.310
  [bmc-incr i=1677 repr=1 active=86/175238 POs=1]
BMC : c =      84  cl =   4503  lit =  175237  p =     0  d =     0  f =     1  +  T =     0.03 sec
  [bmc-prof 1677] wall=  33.143 p=     1 | ifo=  0.668(sd=0.182 nx=0.000 tfo=0.008 cnt=0.478) snap= 0.352 srm=  8.956 sat=  8.616(set=0.359 slv=8.255 max=8.2549 n=1) cex=R/T/F=0/0/1 trsplit=0 sim=14.089(rmp=0.429 run=13.660 n=1 d=0) incr=loc/full/maxdirty/keys=0/0/0/0 chk= 0.000(d=1) stat= 0.167 rest= 0.295
  [bmc-incr i=1678 repr=1 active=85/175237 POs=1]
BMC : c =      83  cl =   4503  lit =  175236  p =     0  d =     0  f =     1  +  T =     0.03 sec
  [bmc-prof 1678] wall=  31.680 p=     1 | ifo=  0.672(sd=0.186 nx=0.000 tfo=0.006 cnt=0.480) snap= 0.283 srm=  7.773 sat=  8.015(set=0.210 slv=7.803 max=7.8030 n=1) cex=R/T/F=0/0/1 trsplit=0 sim=14.461(rmp=0.428 run=14.032 n=1 d=0) incr=loc/full/maxdirty/keys=0/0/0/0 chk= 0.000(d=1) stat= 0.162 rest= 0.314
  [bmc-incr i=1679 repr=1 active=84/175236 POs=1]
BMC : c =      82  cl =   4503  lit =  175235  p =     0  d =     0  f =     1  +  T =     0.03 sec
  [bmc-prof 1679] wall=  31.499 p=     1 | ifo=  0.677(sd=0.190 nx=0.000 tfo=0.007 cnt=0.479) snap= 0.293 srm=  8.066 sat=  8.038(set=0.222 slv=7.813 max=7.8135 n=1) cex=R/T/F=0/0/1 trsplit=0 sim=13.980(rmp=0.425 run=13.554 n=1 d=0) incr=loc/full/maxdirty/keys=0/0/0/0 chk= 0.000(d=1) stat= 0.154 rest= 0.290
  [bmc-incr i=1680 repr=1 active=83/175235 POs=1]
BMC : c =      81  cl =   4503  lit =  175234  p =     0  d =     0  f =     1  +  T =     0.03 sec
  [bmc-prof 1680] wall=  31.131 p=     1 | ifo=  0.664(sd=0.179 nx=0.000 tfo=0.008 cnt=0.477) snap= 0.306 srm=  7.762 sat=  8.015(set=0.197 slv=7.816 max=7.8156 n=1) cex=R/T/F=0/0/1 trsplit=0 sim=13.931(rmp=0.422 run=13.508 n=1 d=0) incr=loc/full/maxdirty/keys=0/0/0/0 chk= 0.000(d=1) stat= 0.155 rest= 0.297
  [bmc-incr i=1681 repr=1 active=82/175234 POs=1]
BMC : c =      80  cl =   4503  lit =  175233  p =     0  d =     0  f =     1  +  T =     0.03 sec
  [bmc-prof 1681] wall=  33.691 p=     1 | ifo=  0.665(sd=0.181 nx=0.000 tfo=0.007 cnt=0.478) snap= 0.289 srm=  7.880 sat=  8.453(set=0.212 slv=8.239 max=8.2391 n=1) cex=R/T/F=0/0/1 trsplit=0 sim=15.811(rmp=0.422 run=15.387 n=1 d=0) incr=loc/full/maxdirty/keys=0/0/0/0 chk= 0.000(d=1) stat= 0.212 rest= 0.380
  [bmc-incr i=1682 repr=1 active=81/175233 POs=1]
BMC : c =      79  cl =   4503  lit =  175232  p =     0  d =     0  f =     1  +  T =     0.04 sec
  [bmc-prof 1682] wall=  35.891 p=     1 | ifo=  1.178(sd=0.233 nx=0.000 tfo=0.008 cnt=0.937) snap= 0.304 srm= 10.108 sat=  9.212(set=0.271 slv=8.939 max=8.9394 n=1) cex=R/T/F=0/0/1 trsplit=0 sim=14.623(rmp=0.495 run=14.127 n=1 d=0) incr=loc/full/maxdirty/keys=0/0/0/0 chk= 0.000(d=1) stat= 0.157 rest= 0.309
  [bmc-incr i=1683 repr=1 active=80/175232 POs=1]
BMC : c =      78  cl =   4503  lit =  175231  p =     0  d =     0  f =     1  +  T =     0.03 sec
  [bmc-prof 1683] wall=  31.975 p=     1 | ifo=  0.706(sd=0.207 nx=0.000 tfo=0.007 cnt=0.492) snap= 0.290 srm=  8.076 sat=  8.071(set=0.199 slv=7.871 max=7.8705 n=1) cex=R/T/F=0/0/1 trsplit=0 sim=14.381(rmp=0.435 run=13.945 n=1 d=0) incr=loc/full/maxdirty/keys=0/0/0/0 chk= 0.000(d=1) stat= 0.159 rest= 0.293
  [bmc-incr i=1684 repr=1 active=79/175231 POs=1]
BMC : c =      77  cl =   4503  lit =  175230  p =     0  d =     0  f =     1  +  T =     0.03 sec
  [bmc-prof 1684] wall=  34.773 p=     1 | ifo=  0.695(sd=0.198 nx=0.000 tfo=0.006 cnt=0.492) snap= 0.314 srm=  8.132 sat=  8.355(set=0.235 slv=8.118 max=8.1181 n=1) cex=R/T/F=0/0/1 trsplit=0 sim=16.808(rmp=0.630 run=16.177 n=1 d=0) incr=loc/full/maxdirty/keys=0/0/0/0 chk= 0.001(d=1) stat= 0.162 rest= 0.307
  [bmc-incr i=1685 repr=1 active=78/175230 POs=1]
BMC : c =      76  cl =   4503  lit =  175229  p =     0  d =     0  f =     1  +  T =     0.03 sec
  [bmc-prof 1685] wall=  31.662 p=     1 | ifo=  0.663(sd=0.177 nx=0.000 tfo=0.007 cnt=0.479) snap= 0.291 srm=  7.991 sat=  8.063(set=0.204 slv=7.857 max=7.8571 n=1) cex=R/T/F=0/0/1 trsplit=0 sim=14.207(rmp=0.433 run=13.774 n=1 d=0) incr=loc/full/maxdirty/keys=0/0/0/0 chk= 0.000(d=1) stat= 0.155 rest= 0.292
  [bmc-incr i=1686 repr=1 active=77/175229 POs=1]
BMC : c =      75  cl =   4503  lit =  175228  p =     0  d =     0  f =     1  +  T =     0.03 sec
  [bmc-prof 1686] wall=  33.291 p=     1 | ifo=  0.677(sd=0.179 nx=0.000 tfo=0.007 cnt=0.490) snap= 0.303 srm=  8.376 sat=  9.312(set=0.208 slv=9.101 max=9.1008 n=1) cex=R/T/F=0/0/1 trsplit=0 sim=14.154(rmp=0.427 run=13.726 n=1 d=0) incr=loc/full/maxdirty/keys=0/0/0/0 chk= 0.000(d=1) stat= 0.167 rest= 0.302
  [bmc-incr i=1687 repr=1 active=76/175228 POs=1]
BMC : c =      74  cl =   4503  lit =  175227  p =     0  d =     0  f =     1  +  T =     0.03 sec
  [bmc-prof 1687] wall=  32.384 p=     1 | ifo=  0.660(sd=0.177 nx=0.000 tfo=0.006 cnt=0.477) snap= 0.282 srm=  7.748 sat=  8.373(set=0.205 slv=8.165 max=8.1651 n=1) cex=R/T/F=0/0/1 trsplit=0 sim=14.854(rmp=0.428 run=14.424 n=1 d=0) incr=loc/full/maxdirty/keys=0/0/0/0 chk= 0.000(d=1) stat= 0.162 rest= 0.305
  [bmc-incr i=1688 repr=1 active=75/175227 POs=1]
BMC : c =      73  cl =   4503  lit =  175226  p =     0  d =     0  f =     1  +  T =     0.03 sec
  [bmc-prof 1688] wall=  32.519 p=     1 | ifo=  0.665(sd=0.178 nx=0.000 tfo=0.007 cnt=0.480) snap= 0.288 srm=  8.334 sat=  8.104(set=0.213 slv=7.888 max=7.8884 n=1) cex=R/T/F=0/0/1 trsplit=0 sim=14.629(rmp=0.440 run=14.188 n=1 d=0) incr=loc/full/maxdirty/keys=0/0/0/0 chk= 0.000(d=1) stat= 0.197 rest= 0.303
  [bmc-incr i=1689 repr=1 active=74/175226 POs=1]
BMC : c =      72  cl =   4503  lit =  175225  p =     0  d =     0  f =     1  +  T =     0.03 sec
  [bmc-prof 1689] wall=  32.018 p=     1 | ifo=  0.661(sd=0.177 nx=0.000 tfo=0.006 cnt=0.478) snap= 0.289 srm=  7.885 sat=  8.410(set=0.198 slv=8.210 max=8.2099 n=1) cex=R/T/F=0/0/1 trsplit=0 sim=14.290(rmp=0.448 run=13.841 n=1 d=0) incr=loc/full/maxdirty/keys=0/0/0/0 chk= 0.000(d=1) stat= 0.166 rest= 0.318
  [bmc-incr i=1690 repr=1 active=73/175225 POs=1]
BMC : c =      71  cl =   4503  lit =  175224  p =     0  d =     0  f =     1  +  T =     0.03 sec
  [bmc-prof 1690] wall=  33.770 p=     1 | ifo=  0.708(sd=0.211 nx=0.000 tfo=0.010 cnt=0.487) snap= 0.296 srm=  8.118 sat=  8.493(set=0.210 slv=8.279 max=8.2791 n=1) cex=R/T/F=0/0/1 trsplit=0 sim=15.684(rmp=0.525 run=15.158 n=1 d=0) incr=loc/full/maxdirty/keys=0/0/0/0 chk= 0.000(d=1) stat= 0.158 rest= 0.313
  [bmc-incr i=1691 repr=1 active=72/175224 POs=1]
BMC : c =      70  cl =   4503  lit =  175223  p =     0  d =     0  f =     1  +  T =     0.03 sec
  [bmc-prof 1691] wall=  31.187 p=     1 | ifo=  0.672(sd=0.180 nx=0.000 tfo=0.007 cnt=0.485) snap= 0.281 srm=  7.775 sat=  8.107(set=0.197 slv=7.909 max=7.9088 n=1) cex=R/T/F=0/0/1 trsplit=0 sim=13.904(rmp=0.425 run=13.479 n=1 d=0) incr=loc/full/maxdirty/keys=0/0/0/0 chk= 0.000(d=1) stat= 0.156 rest= 0.291
  [bmc-incr i=1692 repr=1 active=71/175223 POs=1]
BMC : c =      69  cl =   4503  lit =  175222  p =     0  d =     0  f =     1  +  T =     0.04 sec
  [bmc-prof 1692] wall=  38.403 p=     1 | ifo=  0.709(sd=0.215 nx=0.000 tfo=0.010 cnt=0.484) snap= 0.713 srm= 10.058 sat= 11.550(set=0.895 slv=10.651 max=10.6515 n=1) cex=R/T/F=0/0/1 trsplit=0 sim=14.879(rmp=0.477 run=14.401 n=1 d=0) incr=loc/full/maxdirty/keys=0/0/0/0 chk= 0.000(d=1) stat= 0.178 rest= 0.316
  [bmc-incr i=1693 repr=1 active=70/175222 POs=1]
BMC : c =      68  cl =   4503  lit =  175221  p =     0  d =     0  f =     1  +  T =     0.03 sec
  [bmc-prof 1693] wall=  32.436 p=     1 | ifo=  0.686(sd=0.178 nx=0.000 tfo=0.007 cnt=0.501) snap= 0.294 srm=  8.018 sat=  8.359(set=0.202 slv=8.155 max=8.1551 n=1) cex=R/T/F=0/0/1 trsplit=0 sim=14.604(rmp=0.429 run=14.174 n=1 d=0) incr=loc/full/maxdirty/keys=0/0/0/0 chk= 0.000(d=1) stat= 0.156 rest= 0.318
  [bmc-incr i=1694 repr=1 active=69/175221 POs=1]
BMC : c =      67  cl =   4503  lit =  175220  p =     0  d =     0  f =     1  +  T =     0.03 sec
  [bmc-prof 1694] wall=  34.148 p=     1 | ifo=  0.699(sd=0.193 nx=0.000 tfo=0.006 cnt=0.500) snap= 0.286 srm=  8.235 sat=  8.338(set=0.212 slv=8.124 max=8.1237 n=1) cex=R/T/F=0/0/1 trsplit=0 sim=16.059(rmp=0.472 run=15.586 n=1 d=0) incr=loc/full/maxdirty/keys=0/0/0/0 chk= 0.000(d=1) stat= 0.193 rest= 0.337
  [bmc-incr i=1695 repr=1 active=68/175220 POs=1]
BMC : c =      66  cl =   4503  lit =  175219  p =     0  d =     0  f =     1  +  T =     0.03 sec
  [bmc-prof 1695] wall=  33.331 p=     1 | ifo=  0.806(sd=0.263 nx=0.000 tfo=0.007 cnt=0.536) snap= 0.327 srm=  9.474 sat=  8.208(set=0.236 slv=7.969 max=7.9688 n=1) cex=R/T/F=0/0/1 trsplit=0 sim=14.067(rmp=0.430 run=13.636 n=1 d=0) incr=loc/full/maxdirty/keys=0/0/0/0 chk= 0.000(d=1) stat= 0.155 rest= 0.293
  [bmc-incr i=1696 repr=1 active=67/175219 POs=1]
BMC : c =      65  cl =   4503  lit =  175218  p =     0  d =     0  f =     1  +  T =     0.03 sec
  [bmc-prof 1696] wall=  31.547 p=     1 | ifo=  0.680(sd=0.180 nx=0.000 tfo=0.006 cnt=0.493) snap= 0.282 srm=  7.977 sat=  8.077(set=0.201 slv=7.874 max=7.8740 n=1) cex=R/T/F=0/0/1 trsplit=0 sim=14.087(rmp=0.426 run=13.660 n=1 d=0) incr=loc/full/maxdirty/keys=0/0/0/0 chk= 0.000(d=1) stat= 0.154 rest= 0.290
  [bmc-incr i=1697 repr=1 active=66/175218 POs=1]
BMC : c =      64  cl =   4503  lit =  175217  p =     0  d =     0  f =     1  +  T =     0.03 sec
  [bmc-prof 1697] wall=  31.729 p=     1 | ifo=  0.663(sd=0.178 nx=0.000 tfo=0.006 cnt=0.480) snap= 0.316 srm=  7.826 sat=  8.103(set=0.236 slv=7.866 max=7.8657 n=1) cex=R/T/F=0/0/1 trsplit=0 sim=14.311(rmp=0.444 run=13.867 n=1 d=0) incr=loc/full/maxdirty/keys=0/0/0/0 chk= 0.000(d=1) stat= 0.209 rest= 0.299
  [bmc-incr i=1698 repr=1 active=65/175217 POs=1]
BMC : c =      63  cl =   4503  lit =  175216  p =     0  d =     0  f =     1  +  T =     0.03 sec
  [bmc-prof 1698] wall=  31.842 p=     1 | ifo=  0.664(sd=0.179 nx=0.000 tfo=0.007 cnt=0.478) snap= 0.289 srm=  7.903 sat=  8.075(set=0.206 slv=7.867 max=7.8667 n=1) cex=R/T/F=0/0/1 trsplit=0 sim=14.464(rmp=0.426 run=14.037 n=1 d=0) incr=loc/full/maxdirty/keys=0/0/0/0 chk= 0.000(d=1) stat= 0.157 rest= 0.291
  [bmc-incr i=1699 repr=1 active=64/175216 POs=1]
BMC : c =      62  cl =   4503  lit =  175215  p =     0  d =     0  f =     1  +  T =     0.03 sec
  [bmc-prof 1699] wall=  31.375 p=     1 | ifo=  0.663(sd=0.179 nx=0.000 tfo=0.006 cnt=0.478) snap= 0.281 srm=  7.846 sat=  8.070(set=0.204 slv=7.865 max=7.8647 n=1) cex=R/T/F=0/0/1 trsplit=0 sim=14.062(rmp=0.427 run=13.634 n=1 d=0) incr=loc/full/maxdirty/keys=0/0/0/0 chk= 0.000(d=1) stat= 0.155 rest= 0.298
  [bmc-incr i=1700 repr=1 active=63/175215 POs=1]
BMC : c =      61  cl =   4503  lit =  175214  p =     0  d =     0  f =     1  +  T =     0.03 sec
  [bmc-prof 1700] wall=  31.707 p=     1 | ifo=  0.660(sd=0.177 nx=0.000 tfo=0.005 cnt=0.478) snap= 0.281 srm=  8.131 sat=  8.085(set=0.204 slv=7.878 max=7.8782 n=1) cex=R/T/F=0/0/1 trsplit=0 sim=14.098(rmp=0.421 run=13.677 n=1 d=0) incr=loc/full/maxdirty/keys=0/0/0/0 chk= 0.000(d=1) stat= 0.155 rest= 0.297
  [bmc-incr i=1701 repr=1 active=62/175214 POs=1]
BMC : c =      60  cl =   4503  lit =  175213  p =     0  d =     0  f =     1  +  T =     0.04 sec
  [bmc-prof 1701] wall=  40.884 p=     1 | ifo=  0.663(sd=0.175 nx=0.000 tfo=0.005 cnt=0.483) snap= 1.167 srm= 13.343 sat= 11.184(set=0.676 slv=10.505 max=10.5047 n=1) cex=R/T/F=0/0/1 trsplit=0 sim=14.066(rmp=0.429 run=13.636 n=1 d=0) incr=loc/full/maxdirty/keys=0/0/0/0 chk= 0.000(d=1) stat= 0.156 rest= 0.304
  [bmc-incr i=1702 repr=1 active=61/175213 POs=1]
BMC : c =      59  cl =   4503  lit =  175212  p =     0  d =     0  f =     1  +  T =     0.03 sec
  [bmc-prof 1702] wall=  32.571 p=     1 | ifo=  0.670(sd=0.185 nx=0.000 tfo=0.005 cnt=0.480) snap= 0.282 srm=  8.341 sat=  8.086(set=0.209 slv=7.875 max=7.8747 n=1) cex=R/T/F=0/0/1 trsplit=0 sim=14.732(rmp=0.437 run=14.294 n=1 d=0) incr=loc/full/maxdirty/keys=0/0/0/0 chk= 0.000(d=1) stat= 0.156 rest= 0.304
  [bmc-incr i=1703 repr=1 active=60/175212 POs=1]
BMC : c =      58  cl =   4503  lit =  175211  p =     0  d =     0  f =     1  +  T =     0.04 sec
  [bmc-prof 1703] wall=  35.826 p=     1 | ifo=  0.659(sd=0.178 nx=0.000 tfo=0.005 cnt=0.477) snap= 0.283 srm=  8.078 sat= 11.797(set=0.213 slv=11.581 max=11.5814 n=1) cex=R/T/F=0/0/1 trsplit=0 sim=14.543(rmp=0.474 run=14.068 n=1 d=0) incr=loc/full/maxdirty/keys=0/0/0/0 chk= 0.000(d=1) stat= 0.158 rest= 0.309
  [bmc-incr i=1704 repr=1 active=59/175211 POs=1]
BMC : c =      57  cl =   4503  lit =  175210  p =     0  d =     0  f =     1  +  T =     0.03 sec
  [bmc-prof 1704] wall=  31.396 p=     1 | ifo=  0.679(sd=0.186 nx=0.000 tfo=0.006 cnt=0.487) snap= 0.302 srm=  7.885 sat=  8.085(set=0.200 slv=7.884 max=7.8835 n=1) cex=R/T/F=0/0/1 trsplit=0 sim=14.001(rmp=0.425 run=13.575 n=1 d=0) incr=loc/full/maxdirty/keys=0/0/0/0 chk= 0.000(d=1) stat= 0.154 rest= 0.289
  [bmc-incr i=1705 repr=1 active=58/175210 POs=1]
BMC : c =      56  cl =   4503  lit =  175209  p =     0  d =     0  f =     1  +  T =     0.03 sec
  [bmc-prof 1705] wall=  34.567 p=     1 | ifo=  0.668(sd=0.179 nx=0.000 tfo=0.005 cnt=0.484) snap= 0.300 srm=  9.592 sat=  9.138(set=0.218 slv=8.917 max=8.9169 n=1) cex=R/T/F=0/0/1 trsplit=0 sim=14.291(rmp=0.452 run=13.838 n=1 d=0) incr=loc/full/maxdirty/keys=0/0/0/0 chk= 0.000(d=1) stat= 0.218 rest= 0.361
  [bmc-incr i=1706 repr=1 active=57/175209 POs=1]
BMC : c =      55  cl =   4503  lit =  175208  p =     0  d =     0  f =     1  +  T =     0.03 sec
  [bmc-prof 1706] wall=  31.655 p=     1 | ifo=  0.673(sd=0.182 nx=0.000 tfo=0.006 cnt=0.485) snap= 0.284 srm=  7.876 sat=  8.114(set=0.204 slv=7.908 max=7.9083 n=1) cex=R/T/F=0/0/1 trsplit=0 sim=14.211(rmp=0.428 run=13.782 n=1 d=0) incr=loc/full/maxdirty/keys=0/0/0/0 chk= 0.000(d=1) stat= 0.198 rest= 0.299
  [bmc-incr i=1707 repr=1 active=56/175208 POs=1]
BMC : c =      54  cl =   4503  lit =  175207  p =     0  d =     0  f =     1  +  T =     0.03 sec
  [bmc-prof 1707] wall=  32.409 p=     1 | ifo=  0.658(sd=0.176 nx=0.000 tfo=0.006 cnt=0.476) snap= 0.295 srm=  7.859 sat=  8.138(set=0.207 slv=7.929 max=7.9288 n=1) cex=R/T/F=0/0/1 trsplit=0 sim=14.999(rmp=0.434 run=14.564 n=1 d=0) incr=loc/full/maxdirty/keys=0/0/0/0 chk= 0.000(d=1) stat= 0.160 rest= 0.298
  [bmc-incr i=1708 repr=1 active=55/175207 POs=1]
BMC : c =      53  cl =   4503  lit =  175206  p =     0  d =     0  f =     1  +  T =     0.03 sec
  [bmc-prof 1708] wall=  32.176 p=     1 | ifo=  0.662(sd=0.179 nx=0.000 tfo=0.005 cnt=0.478) snap= 0.291 srm=  8.127 sat=  8.443(set=0.205 slv=8.235 max=8.2353 n=1) cex=R/T/F=0/0/1 trsplit=0 sim=14.178(rmp=0.429 run=13.748 n=1 d=0) incr=loc/full/maxdirty/keys=0/0/0/0 chk= 0.000(d=1) stat= 0.162 rest= 0.312
  [bmc-incr i=1709 repr=1 active=54/175206 POs=1]
BMC : c =      52  cl =   4503  lit =  175205  p =     0  d =     0  f =     1  +  T =     0.03 sec
  [bmc-prof 1709] wall=  33.447 p=     1 | ifo=  0.687(sd=0.189 nx=0.000 tfo=0.005 cnt=0.493) snap= 0.285 srm=  8.952 sat=  8.405(set=0.206 slv=8.195 max=8.1951 n=1) cex=R/T/F=0/0/1 trsplit=0 sim=14.603(rmp=0.479 run=14.123 n=1 d=0) incr=loc/full/maxdirty/keys=0/0/0/0 chk= 0.000(d=1) stat= 0.173 rest= 0.343
  [bmc-incr i=1710 repr=1 active=53/175205 POs=1]
BMC : c =      51  cl =   4503  lit =  175204  p =     0  d =     0  f =     1  +  T =     0.03 sec
  [bmc-prof 1710] wall=  31.683 p=     1 | ifo=  0.684(sd=0.197 nx=0.000 tfo=0.006 cnt=0.481) snap= 0.283 srm=  7.867 sat=  8.157(set=0.202 slv=7.954 max=7.9536 n=1) cex=R/T/F=0/0/1 trsplit=0 sim=14.232(rmp=0.420 run=13.812 n=1 d=0) incr=loc/full/maxdirty/keys=0/0/0/0 chk= 0.000(d=1) stat= 0.157 rest= 0.303
  [bmc-incr i=1711 repr=1 active=52/175204 POs=1]
BMC : c =      50  cl =   4503  lit =  175203  p =     0  d =     0  f =     1  +  T =     0.03 sec
  [bmc-prof 1711] wall=  32.570 p=     1 | ifo=  0.658(sd=0.176 nx=0.000 tfo=0.005 cnt=0.477) snap= 0.381 srm=  8.259 sat=  8.697(set=0.426 slv=8.270 max=8.2695 n=1) cex=R/T/F=0/0/1 trsplit=0 sim=14.107(rmp=0.432 run=13.674 n=1 d=0) incr=loc/full/maxdirty/keys=0/0/0/0 chk= 0.000(d=1) stat= 0.165 rest= 0.303
  [bmc-incr i=1712 repr=1 active=51/175203 POs=1]
BMC : c =      49  cl =   4503  lit =  175202  p =     0  d =     0  f =     1  +  T =     0.03 sec
  [bmc-prof 1712] wall=  32.306 p=     1 | ifo=  0.657(sd=0.174 nx=0.000 tfo=0.005 cnt=0.478) snap= 0.290 srm=  7.948 sat=  8.202(set=0.204 slv=7.996 max=7.9962 n=1) cex=R/T/F=0/0/1 trsplit=0 sim=14.752(rmp=0.710 run=14.041 n=1 d=0) incr=loc/full/maxdirty/keys=0/0/0/0 chk= 0.000(d=1) stat= 0.158 rest= 0.298
  [bmc-incr i=1713 repr=1 active=50/175202 POs=1]
BMC : c =      48  cl =   4503  lit =  175201  p =     0  d =     0  f =     1  +  T =     0.03 sec
  [bmc-prof 1713] wall=  31.324 p=     1 | ifo=  0.676(sd=0.180 nx=0.000 tfo=0.005 cnt=0.491) snap= 0.282 srm=  7.914 sat=  8.112(set=0.199 slv=7.911 max=7.9108 n=1) cex=R/T/F=0/0/1 trsplit=0 sim=13.888(rmp=0.415 run=13.472 n=1 d=0) incr=loc/full/maxdirty/keys=0/0/0/0 chk= 0.000(d=1) stat= 0.156 rest= 0.296
  [bmc-incr i=1714 repr=1 active=49/175201 POs=1]
BMC : c =      47  cl =   4503  lit =  175200  p =     0  d =     0  f =     1  +  T =     0.03 sec
  [bmc-prof 1714] wall=  34.181 p=     1 | ifo=  0.659(sd=0.177 nx=0.000 tfo=0.004 cnt=0.478) snap= 0.285 srm=  9.743 sat=  8.145(set=0.228 slv=7.916 max=7.9161 n=1) cex=R/T/F=0/0/1 trsplit=0 sim=14.829(rmp=0.446 run=14.382 n=1 d=0) incr=loc/full/maxdirty/keys=0/0/0/0 chk= 0.000(d=1) stat= 0.171 rest= 0.349
  [bmc-incr i=1715 repr=1 active=48/175200 POs=1]
BMC : c =      46  cl =   4503  lit =  175199  p =     0  d =     0  f =     1  +  T =     0.03 sec
  [bmc-prof 1715] wall=  31.567 p=     1 | ifo=  0.708(sd=0.213 nx=0.000 tfo=0.008 cnt=0.487) snap= 0.299 srm=  7.999 sat=  8.112(set=0.203 slv=7.907 max=7.9072 n=1) cex=R/T/F=0/0/1 trsplit=0 sim=13.961(rmp=0.435 run=13.525 n=1 d=0) incr=loc/full/maxdirty/keys=0/0/0/0 chk= 0.000(d=1) stat= 0.154 rest= 0.334
  [bmc-incr i=1716 repr=1 active=47/175199 POs=1]
BMC : c =      45  cl =   4503  lit =  175198  p =     0  d =     0  f =     1  +  T =     0.03 sec
  [bmc-prof 1716] wall=  31.451 p=     1 | ifo=  0.657(sd=0.177 nx=0.000 tfo=0.004 cnt=0.476) snap= 0.292 srm=  7.890 sat=  8.124(set=0.206 slv=7.916 max=7.9164 n=1) cex=R/T/F=0/0/1 trsplit=0 sim=14.040(rmp=0.418 run=13.621 n=1 d=0) incr=loc/full/maxdirty/keys=0/0/0/0 chk= 0.000(d=1) stat= 0.156 rest= 0.290
  [bmc-incr i=1717 repr=1 active=46/175198 POs=1]
BMC : c =      44  cl =   4503  lit =  175197  p =     0  d =     0  f =     1  +  T =     0.04 sec
  [bmc-prof 1717] wall=  40.823 p=     1 | ifo=  0.661(sd=0.179 nx=0.000 tfo=0.004 cnt=0.478) snap= 0.279 srm=  8.110 sat=  8.121(set=0.198 slv=7.921 max=7.9210 n=1) cex=R/T/F=0/0/1 trsplit=0 sim=23.203(rmp=0.500 run=22.702 n=1 d=0) incr=loc/full/maxdirty/keys=0/0/0/0 chk= 0.000(d=1) stat= 0.157 rest= 0.292
  [bmc-incr i=1718 repr=1 active=45/175197 POs=1]
BMC : c =      43  cl =   4503  lit =  175196  p =     0  d =     0  f =     1  +  T =     0.03 sec
  [bmc-prof 1718] wall=  32.454 p=     1 | ifo=  0.662(sd=0.177 nx=0.000 tfo=0.004 cnt=0.481) snap= 0.283 srm=  7.840 sat=  8.706(set=0.214 slv=8.489 max=8.4894 n=1) cex=R/T/F=0/0/1 trsplit=0 sim=14.402(rmp=0.441 run=13.960 n=1 d=0) incr=loc/full/maxdirty/keys=0/0/0/0 chk= 0.000(d=1) stat= 0.259 rest= 0.302
  [bmc-incr i=1719 repr=1 active=44/175196 POs=1]
BMC : c =      42  cl =   4503  lit =  175195  p =     0  d =     0  f =     1  +  T =     0.03 sec
  [bmc-prof 1719] wall=  34.613 p=     1 | ifo=  0.687(sd=0.182 nx=0.000 tfo=0.005 cnt=0.500) snap= 0.307 srm=  8.748 sat=  8.219(set=0.212 slv=8.005 max=8.0049 n=1) cex=R/T/F=0/0/1 trsplit=0 sim=16.148(rmp=0.475 run=15.672 n=1 d=0) incr=loc/full/maxdirty/keys=0/0/0/0 chk= 0.000(d=1) stat= 0.162 rest= 0.343
  [bmc-incr i=1720 repr=1 active=43/175195 POs=1]
BMC : c =      41  cl =   4503  lit =  175194  p =     0  d =     0  f =     1  +  T =     0.04 sec
  [bmc-prof 1720] wall=  36.792 p=     1 | ifo=  0.730(sd=0.227 nx=0.000 tfo=0.007 cnt=0.496) snap= 0.307 srm=  8.821 sat= 11.579(set=0.239 slv=11.337 max=11.3369 n=1) cex=R/T/F=0/0/1 trsplit=0 sim=14.868(rmp=0.483 run=14.384 n=1 d=0) incr=loc/full/maxdirty/keys=0/0/0/0 chk= 0.000(d=1) stat= 0.166 rest= 0.322
  [bmc-incr i=1721 repr=1 active=42/175194 POs=1]
BMC : c =      40  cl =   4503  lit =  175193  p =     0  d =     0  f =     1  +  T =     0.03 sec
  [bmc-prof 1721] wall=  32.678 p=     1 | ifo=  0.706(sd=0.203 nx=0.000 tfo=0.005 cnt=0.498) snap= 0.306 srm=  8.152 sat=  8.247(set=0.205 slv=8.039 max=8.0393 n=1) cex=R/T/F=0/0/1 trsplit=0 sim=14.804(rmp=0.424 run=14.380 n=1 d=0) incr=loc/full/maxdirty/keys=0/0/0/0 chk= 0.000(d=1) stat= 0.158 rest= 0.305
  [bmc-incr i=1722 repr=1 active=41/175193 POs=1]
BMC : c =      39  cl =   4503  lit =  175192  p =     0  d =     0  f =     1  +  T =     0.04 sec
  [bmc-prof 1722] wall=  35.814 p=     1 | ifo=  0.671(sd=0.177 nx=0.000 tfo=0.005 cnt=0.489) snap= 0.303 srm= 10.720 sat=  8.510(set=0.220 slv=8.286 max=8.2859 n=1) cex=R/T/F=0/0/1 trsplit=0 sim=15.111(rmp=0.585 run=14.526 n=1 d=0) incr=loc/full/maxdirty/keys=0/0/0/0 chk= 0.000(d=1) stat= 0.160 rest= 0.339
  [bmc-incr i=1723 repr=1 active=40/175192 POs=1]
BMC : c =      38  cl =   4503  lit =  175191  p =     0  d =     0  f =     1  +  T =     0.03 sec
  [bmc-prof 1723] wall=  33.435 p=     1 | ifo=  0.682(sd=0.198 nx=0.000 tfo=0.005 cnt=0.479) snap= 0.290 srm=  8.105 sat=  8.501(set=0.207 slv=8.292 max=8.2924 n=1) cex=R/T/F=0/0/1 trsplit=0 sim=15.393(rmp=0.430 run=14.963 n=1 d=0) incr=loc/full/maxdirty/keys=0/0/0/0 chk= 0.000(d=1) stat= 0.164 rest= 0.300
  [bmc-incr i=1724 repr=1 active=39/175191 POs=1]
BMC : c =      37  cl =   4503  lit =  175190  p =     0  d =     0  f =     1  +  T =     0.03 sec
  [bmc-prof 1724] wall=  33.645 p=     1 | ifo=  0.696(sd=0.180 nx=0.000 tfo=0.004 cnt=0.512) snap= 0.290 srm=  8.827 sat=  8.469(set=0.222 slv=8.244 max=8.2443 n=1) cex=R/T/F=0/0/1 trsplit=0 sim=14.898(rmp=0.704 run=14.193 n=1 d=0) incr=loc/full/maxdirty/keys=0/0/0/0 chk= 0.000(d=1) stat= 0.165 rest= 0.302
  [bmc-incr i=1725 repr=1 active=38/175190 POs=1]
BMC : c =      36  cl =   4503  lit =  175189  p =     0  d =     0  f =     1  +  T =     0.03 sec
  [bmc-prof 1725] wall=  33.738 p=     1 | ifo=  0.667(sd=0.179 nx=0.000 tfo=0.004 cnt=0.483) snap= 0.281 srm=  8.320 sat=  9.390(set=0.247 slv=9.141 max=9.1411 n=1) cex=R/T/F=0/0/1 trsplit=0 sim=14.625(rmp=0.427 run=14.198 n=1 d=0) incr=loc/full/maxdirty/keys=0/0/0/0 chk= 0.000(d=1) stat= 0.157 rest= 0.298
  [bmc-incr i=1726 repr=1 active=37/175189 POs=1]
BMC : c =      35  cl =   4503  lit =  175188  p =     0  d =     0  f =     1  +  T =     0.03 sec
  [bmc-prof 1726] wall=  31.389 p=     1 | ifo=  0.672(sd=0.178 nx=0.000 tfo=0.004 cnt=0.490) snap= 0.282 srm=  7.857 sat=  8.210(set=0.210 slv=7.998 max=7.9980 n=1) cex=R/T/F=0/0/1 trsplit=0 sim=13.916(rmp=0.465 run=13.451 n=1 d=0) incr=loc/full/maxdirty/keys=0/0/0/0 chk= 0.000(d=1) stat= 0.153 rest= 0.299
  [bmc-incr i=1727 repr=1 active=36/175188 POs=1]
BMC : c =      34  cl =   4503  lit =  175187  p =     0  d =     0  f =     1  +  T =     0.03 sec
  [bmc-prof 1727] wall=  32.735 p=     1 | ifo=  0.657(sd=0.174 nx=0.000 tfo=0.004 cnt=0.478) snap= 0.282 srm=  7.767 sat=  8.516(set=0.196 slv=8.317 max=8.3172 n=1) cex=R/T/F=0/0/1 trsplit=0 sim=14.991(rmp=0.451 run=14.539 n=1 d=0) incr=loc/full/maxdirty/keys=0/0/0/0 chk= 0.000(d=1) stat= 0.184 rest= 0.338
  [bmc-incr i=1728 repr=1 active=35/175187 POs=1]
BMC : c =      33  cl =   4503  lit =  175186  p =     0  d =     0  f =     1  +  T =     0.03 sec
  [bmc-prof 1728] wall=  31.608 p=     1 | ifo=  0.756(sd=0.230 nx=0.000 tfo=0.004 cnt=0.522) snap= 0.331 srm=  8.321 sat=  8.336(set=0.238 slv=8.095 max=8.0954 n=1) cex=R/T/F=0/0/1 trsplit=0 sim=13.328(rmp=0.528 run=12.799 n=1 d=0) incr=loc/full/maxdirty/keys=0/0/0/0 chk= 0.000(d=1) stat= 0.184 rest= 0.352
  [bmc-incr i=1729 repr=1 active=34/175186 POs=1]
BMC : c =      32  cl =   4503  lit =  175185  p =     0  d =     0  f =     1  +  T =     0.03 sec
  [bmc-prof 1729] wall=  32.368 p=     1 | ifo=  0.751(sd=0.219 nx=0.000 tfo=0.004 cnt=0.527) snap= 0.321 srm=  8.220 sat=  8.180(set=0.231 slv=7.947 max=7.9475 n=1) cex=R/T/F=0/0/1 trsplit=0 sim=14.440(rmp=0.422 run=14.018 n=1 d=0) incr=loc/full/maxdirty/keys=0/0/0/0 chk= 0.000(d=1) stat= 0.157 rest= 0.299
  [bmc-incr i=1730 repr=1 active=33/175185 POs=1]
BMC : c =      31  cl =   4503  lit =  175184  p =     0  d =     0  f =     1  +  T =     0.04 sec
  [bmc-prof 1730] wall=  35.385 p=     1 | ifo=  0.671(sd=0.179 nx=0.000 tfo=0.004 cnt=0.488) snap= 0.286 srm= 10.810 sat=  8.176(set=0.209 slv=7.965 max=7.9651 n=1) cex=R/T/F=0/0/1 trsplit=0 sim=14.989(rmp=0.458 run=14.530 n=1 d=0) incr=loc/full/maxdirty/keys=0/0/0/0 chk= 0.000(d=1) stat= 0.159 rest= 0.295
  [bmc-incr i=1731 repr=1 active=32/175184 POs=1]
BMC : c =      30  cl =   4503  lit =  175183  p =     0  d =     0  f =     1  +  T =     0.03 sec
  [bmc-prof 1731] wall=  31.546 p=     1 | ifo=  0.708(sd=0.215 nx=0.000 tfo=0.005 cnt=0.487) snap= 0.289 srm=  7.856 sat=  8.149(set=0.201 slv=7.946 max=7.9462 n=1) cex=R/T/F=0/0/1 trsplit=0 sim=14.093(rmp=0.417 run=13.675 n=1 d=0) incr=loc/full/maxdirty/keys=0/0/0/0 chk= 0.000(d=1) stat= 0.161 rest= 0.290
  [bmc-incr i=1732 repr=1 active=31/175183 POs=1]
BMC : c =      29  cl =   4503  lit =  175182  p =     0  d =     0  f =     1  +  T =     0.03 sec
  [bmc-prof 1732] wall=  31.332 p=     1 | ifo=  0.676(sd=0.191 nx=0.000 tfo=0.004 cnt=0.481) snap= 0.287 srm=  7.907 sat=  8.145(set=0.198 slv=7.945 max=7.9452 n=1) cex=R/T/F=0/0/1 trsplit=0 sim=13.865(rmp=0.411 run=13.453 n=1 d=0) incr=loc/full/maxdirty/keys=0/0/0/0 chk= 0.000(d=1) stat= 0.156 rest= 0.297
  [bmc-incr i=1733 repr=1 active=30/175182 POs=1]
BMC : c =      28  cl =   4503  lit =  175181  p =     0  d =     0  f =     1  +  T =     0.04 sec
  [bmc-prof 1733] wall=  38.097 p=     1 | ifo=  0.662(sd=0.179 nx=0.000 tfo=0.003 cnt=0.481) snap= 0.302 srm=  7.917 sat=  8.175(set=0.209 slv=7.965 max=7.9649 n=1) cex=R/T/F=0/0/1 trsplit=0 sim=20.580(rmp=0.426 run=20.152 n=1 d=0) incr=loc/full/maxdirty/keys=0/0/0/0 chk= 0.000(d=1) stat= 0.162 rest= 0.299
  [bmc-incr i=1734 repr=1 active=29/175181 POs=1]
BMC : c =      27  cl =   4503  lit =  175180  p =     0  d =     0  f =     1  +  T =     0.03 sec
  [bmc-prof 1734] wall=  31.889 p=     1 | ifo=  0.673(sd=0.190 nx=0.000 tfo=0.004 cnt=0.479) snap= 0.282 srm=  7.975 sat=  8.188(set=0.213 slv=7.973 max=7.9733 n=1) cex=R/T/F=0/0/1 trsplit=0 sim=14.313(rmp=0.474 run=13.838 n=1 d=0) incr=loc/full/maxdirty/keys=0/0/0/0 chk= 0.000(d=1) stat= 0.162 rest= 0.295
  [bmc-incr i=1735 repr=1 active=28/175180 POs=1]
BMC : c =      26  cl =   4503  lit =  175179  p =     0  d =     0  f =     1  +  T =     0.03 sec
  [bmc-prof 1735] wall=  33.624 p=     1 | ifo=  0.668(sd=0.178 nx=0.000 tfo=0.004 cnt=0.485) snap= 0.282 srm=  7.832 sat=  9.245(set=0.202 slv=9.036 max=9.0362 n=1) cex=R/T/F=0/0/1 trsplit=0 sim=14.976(rmp=1.042 run=13.933 n=1 d=0) incr=loc/full/maxdirty/keys=0/0/0/0 chk= 0.000(d=1) stat= 0.159 rest= 0.464
  [bmc-incr i=1736 repr=1 active=27/175179 POs=1]
BMC : c =      25  cl =   4503  lit =  175178  p =     0  d =     0  f =     1  +  T =     0.03 sec
  [bmc-prof 1736] wall=  31.675 p=     1 | ifo=  0.733(sd=0.182 nx=0.000 tfo=0.004 cnt=0.547) snap= 0.284 srm=  7.853 sat=  8.243(set=0.210 slv=8.031 max=8.0310 n=1) cex=R/T/F=0/0/1 trsplit=0 sim=14.114(rmp=0.422 run=13.691 n=1 d=0) incr=loc/full/maxdirty/keys=0/0/0/0 chk= 0.000(d=1) stat= 0.157 rest= 0.292
  [bmc-incr i=1737 repr=1 active=26/175178 POs=1]
BMC : c =      24  cl =   4503  lit =  175177  p =     0  d =     0  f =     1  +  T =     0.04 sec
  [bmc-prof 1737] wall=  37.424 p=     1 | ifo=  0.657(sd=0.178 nx=0.000 tfo=0.003 cnt=0.476) snap= 0.345 srm=  8.737 sat=  8.477(set=0.211 slv=8.263 max=8.2632 n=1) cex=R/T/F=0/0/1 trsplit=0 sim=18.735(rmp=0.428 run=18.307 n=1 d=0) incr=loc/full/maxdirty/keys=0/0/0/0 chk= 0.000(d=1) stat= 0.165 rest= 0.309
  [bmc-incr i=1738 repr=1 active=25/175177 POs=1]
BMC : c =      23  cl =   4503  lit =  175176  p =     0  d =     0  f =     1  +  T =     0.03 sec
  [bmc-prof 1738] wall=  31.990 p=     1 | ifo=  0.661(sd=0.178 nx=0.000 tfo=0.003 cnt=0.479) snap= 0.285 srm=  8.100 sat=  8.197(set=0.211 slv=7.984 max=7.9844 n=1) cex=R/T/F=0/0/1 trsplit=0 sim=14.279(rmp=0.424 run=13.855 n=1 d=0) incr=loc/full/maxdirty/keys=0/0/0/0 chk= 0.001(d=1) stat= 0.164 rest= 0.303
  [bmc-incr i=1739 repr=1 active=24/175176 POs=1]
BMC : c =      22  cl =   4503  lit =  175175  p =     0  d =     0  f =     1  +  T =     0.04 sec
  [bmc-prof 1739] wall=  36.745 p=     1 | ifo=  0.710(sd=0.220 nx=0.000 tfo=0.005 cnt=0.485) snap= 0.298 srm=  7.900 sat=  8.881(set=0.196 slv=8.682 max=8.6816 n=1) cex=R/T/F=0/0/1 trsplit=0 sim=18.242(rmp=1.989 run=16.252 n=1 d=0) incr=loc/full/maxdirty/keys=0/0/0/0 chk= 0.000(d=1) stat= 0.158 rest= 0.555
  [bmc-incr i=1740 repr=1 active=23/175175 POs=1]
BMC : c =      21  cl =   4503  lit =  175174  p =     0  d =     0  f =     1  +  T =     0.03 sec
  [bmc-prof 1740] wall=  32.080 p=     1 | ifo=  0.675(sd=0.179 nx=0.000 tfo=0.004 cnt=0.492) snap= 0.285 srm=  8.093 sat=  8.443(set=0.464 slv=7.977 max=7.9768 n=1) cex=R/T/F=0/0/1 trsplit=0 sim=14.138(rmp=0.429 run=13.708 n=1 d=0) incr=loc/full/maxdirty/keys=0/0/0/0 chk= 0.000(d=1) stat= 0.155 rest= 0.292
  [bmc-incr i=1741 repr=1 active=22/175174 POs=1]
BMC : c =      20  cl =   4503  lit =  175173  p =     0  d =     0  f =     1  +  T =     0.03 sec
  [bmc-prof 1741] wall=  31.602 p=     1 | ifo=  0.661(sd=0.175 nx=0.000 tfo=0.003 cnt=0.484) snap= 0.280 srm=  7.871 sat=  8.186(set=0.207 slv=7.977 max=7.9773 n=1) cex=R/T/F=0/0/1 trsplit=0 sim=14.151(rmp=0.421 run=13.729 n=1 d=0) incr=loc/full/maxdirty/keys=0/0/0/0 chk= 0.000(d=1) stat= 0.156 rest= 0.296
  [bmc-incr i=1742 repr=1 active=21/175173 POs=1]
BMC : c =      19  cl =   4503  lit =  175172  p =     0  d =     0  f =     1  +  T =     0.04 sec
  [bmc-prof 1742] wall=  36.904 p=     1 | ifo=  0.666(sd=0.186 nx=0.000 tfo=0.003 cnt=0.478) snap= 0.291 srm=  7.882 sat=  8.207(set=0.201 slv=8.004 max=8.0043 n=1) cex=R/T/F=0/0/1 trsplit=0 sim=19.386(rmp=0.457 run=18.928 n=1 d=0) incr=loc/full/maxdirty/keys=0/0/0/0 chk= 0.000(d=1) stat= 0.163 rest= 0.310
  [bmc-incr i=1743 repr=1 active=20/175172 POs=1]
BMC : c =      18  cl =   4503  lit =  175171  p =     0  d =     0  f =     1  +  T =     0.03 sec
  [bmc-prof 1743] wall=  32.097 p=     1 | ifo=  0.660(sd=0.179 nx=0.000 tfo=0.003 cnt=0.477) snap= 0.285 srm=  8.009 sat=  8.284(set=0.212 slv=8.070 max=8.0700 n=1) cex=R/T/F=0/0/1 trsplit=0 sim=14.394(rmp=0.436 run=13.957 n=1 d=0) incr=loc/full/maxdirty/keys=0/0/0/0 chk= 0.000(d=1) stat= 0.157 rest= 0.307
  [bmc-incr i=1744 repr=1 active=19/175171 POs=1]
BMC : c =      17  cl =   4503  lit =  175170  p =     0  d =     0  f =     1  +  T =     0.03 sec
  [bmc-prof 1744] wall=  31.514 p=     1 | ifo=  0.658(sd=0.177 nx=0.000 tfo=0.003 cnt=0.477) snap= 0.289 srm=  7.783 sat=  8.367(set=0.199 slv=8.166 max=8.1663 n=1) cex=R/T/F=0/0/1 trsplit=0 sim=13.965(rmp=0.424 run=13.540 n=1 d=0) incr=loc/full/maxdirty/keys=0/0/0/0 chk= 0.000(d=1) stat= 0.156 rest= 0.295
  [bmc-incr i=1745 repr=1 active=18/175170 POs=1]
BMC : c =      16  cl =   4503  lit =  175169  p =     0  d =     0  f =     1  +  T =     0.03 sec
  [bmc-prof 1745] wall=  31.551 p=     1 | ifo=  0.663(sd=0.177 nx=0.000 tfo=0.003 cnt=0.483) snap= 0.282 srm=  7.761 sat=  8.245(set=0.212 slv=8.031 max=8.0315 n=1) cex=R/T/F=0/0/1 trsplit=0 sim=14.154(rmp=0.420 run=13.734 n=1 d=0) incr=loc/full/maxdirty/keys=0/0/0/0 chk= 0.000(d=1) stat= 0.154 rest= 0.292
  [bmc-incr i=1746 repr=1 active=17/175169 POs=1]
BMC : c =      15  cl =   4503  lit =  175168  p =     0  d =     0  f =     1  +  T =     0.03 sec
  [bmc-prof 1746] wall=  32.531 p=     1 | ifo=  0.667(sd=0.178 nx=0.000 tfo=0.003 cnt=0.487) snap= 0.285 srm=  7.978 sat=  8.684(set=0.206 slv=8.476 max=8.4758 n=1) cex=R/T/F=0/0/1 trsplit=0 sim=14.454(rmp=0.445 run=14.008 n=1 d=0) incr=loc/full/maxdirty/keys=0/0/0/0 chk= 0.000(d=1) stat= 0.158 rest= 0.304
  [bmc-incr i=1747 repr=1 active=16/175168 POs=1]
BMC : c =      14  cl =   4503  lit =  175167  p =     0  d =     0  f =     1  +  T =     0.03 sec
  [bmc-prof 1747] wall=  31.689 p=     1 | ifo=  0.667(sd=0.179 nx=0.000 tfo=0.003 cnt=0.485) snap= 0.302 srm=  8.049 sat=  8.238(set=0.228 slv=8.008 max=8.0078 n=1) cex=R/T/F=0/0/1 trsplit=0 sim=13.973(rmp=0.424 run=13.547 n=1 d=0) incr=loc/full/maxdirty/keys=0/0/0/0 chk= 0.000(d=1) stat= 0.167 rest= 0.293
  [bmc-incr i=1748 repr=1 active=15/175167 POs=1]
BMC : c =      13  cl =   4503  lit =  175166  p =     0  d =     0  f =     1  +  T =     0.03 sec
  [bmc-prof 1748] wall=  31.774 p=     1 | ifo=  0.660(sd=0.179 nx=0.000 tfo=0.004 cnt=0.478) snap= 0.302 srm=  8.086 sat=  8.224(set=0.204 slv=8.018 max=8.0181 n=1) cex=R/T/F=0/0/1 trsplit=0 sim=14.026(rmp=0.424 run=13.601 n=1 d=0) incr=loc/full/maxdirty/keys=0/0/0/0 chk= 0.000(d=1) stat= 0.163 rest= 0.312
  [bmc-incr i=1749 repr=1 active=14/175166 POs=1]
BMC : c =      12  cl =   4503  lit =  175165  p =     0  d =     0  f =     1  +  T =     0.03 sec
  [bmc-prof 1749] wall=  34.536 p=     1 | ifo=  0.662(sd=0.181 nx=0.000 tfo=0.004 cnt=0.478) snap= 0.294 srm=  8.278 sat=  8.615(set=0.215 slv=8.396 max=8.3959 n=1) cex=R/T/F=0/0/1 trsplit=0 sim=16.112(rmp=0.797 run=15.313 n=1 d=0) incr=loc/full/maxdirty/keys=0/0/0/0 chk= 0.000(d=1) stat= 0.161 rest= 0.414
  [bmc-incr i=1750 repr=1 active=13/175165 POs=1]
BMC : c =      11  cl =   4503  lit =  175164  p =     0  d =     0  f =     1  +  T =     0.03 sec
  [bmc-prof 1750] wall=  34.590 p=     1 | ifo=  0.669(sd=0.180 nx=0.000 tfo=0.003 cnt=0.486) snap= 0.285 srm=  7.945 sat=  8.225(set=0.207 slv=8.016 max=8.0162 n=1) cex=R/T/F=0/0/1 trsplit=0 sim=16.992(rmp=0.497 run=16.494 n=1 d=0) incr=loc/full/maxdirty/keys=0/0/0/0 chk= 0.000(d=1) stat= 0.164 rest= 0.309
  [bmc-incr i=1751 repr=1 active=12/175164 POs=1]
BMC : c =      10  cl =   4503  lit =  175163  p =     0  d =     0  f =     1  +  T =     0.03 sec
  [bmc-prof 1751] wall=  31.613 p=     1 | ifo=  0.667(sd=0.188 nx=0.000 tfo=0.003 cnt=0.477) snap= 0.281 srm=  7.910 sat=  8.229(set=0.222 slv=8.005 max=8.0049 n=1) cex=R/T/F=0/0/1 trsplit=0 sim=14.071(rmp=0.422 run=13.648 n=1 d=0) incr=loc/full/maxdirty/keys=0/0/0/0 chk= 0.000(d=1) stat= 0.159 rest= 0.296
  [bmc-incr i=1752 repr=1 active=11/175163 POs=1]
BMC : c =       9  cl =   4503  lit =  175162  p =     0  d =     0  f =     1  +  T =     0.03 sec
  [bmc-prof 1752] wall=  32.054 p=     1 | ifo=  0.669(sd=0.186 nx=0.000 tfo=0.003 cnt=0.480) snap= 0.279 srm=  7.817 sat=  8.229(set=0.203 slv=8.025 max=8.0246 n=1) cex=R/T/F=0/0/1 trsplit=0 sim=14.591(rmp=0.464 run=14.125 n=1 d=0) incr=loc/full/maxdirty/keys=0/0/0/0 chk= 0.001(d=1) stat= 0.161 rest= 0.306
  [bmc-incr i=1753 repr=1 active=10/175162 POs=1]
BMC : c =       8  cl =   4503  lit =  175161  p =     0  d =     0  f =     1  +  T =     0.03 sec
  [bmc-prof 1753] wall=  34.149 p=     1 | ifo=  0.664(sd=0.182 nx=0.000 tfo=0.003 cnt=0.479) snap= 0.291 srm=  9.110 sat=  8.531(set=0.244 slv=8.285 max=8.2851 n=1) cex=R/T/F=0/0/1 trsplit=0 sim=15.057(rmp=0.578 run=14.479 n=1 d=0) incr=loc/full/maxdirty/keys=0/0/0/0 chk= 0.000(d=1) stat= 0.169 rest= 0.326
  [bmc-incr i=1754 repr=1 active=9/175161 POs=1]
BMC : c =       7  cl =   4503  lit =  175160  p =     0  d =     0  f =     1  +  T =     0.03 sec
  [bmc-prof 1754] wall=  31.910 p=     1 | ifo=  0.688(sd=0.186 nx=0.000 tfo=0.003 cnt=0.499) snap= 0.281 srm=  8.089 sat=  8.295(set=0.204 slv=8.088 max=8.0883 n=1) cex=R/T/F=0/0/1 trsplit=0 sim=14.056(rmp=0.419 run=13.636 n=1 d=0) incr=loc/full/maxdirty/keys=0/0/0/0 chk= 0.000(d=1) stat= 0.180 rest= 0.320
  [bmc-incr i=1755 repr=1 active=8/175160 POs=1]
BMC : c =       6  cl =   4503  lit =  175159  p =     0  d =     0  f =     1  +  T =     0.03 sec
  [bmc-prof 1755] wall=  32.948 p=     1 | ifo=  0.670(sd=0.190 nx=0.000 tfo=0.003 cnt=0.478) snap= 0.298 srm=  8.375 sat=  8.486(set=0.229 slv=8.254 max=8.2543 n=1) cex=R/T/F=0/0/1 trsplit=0 sim=14.648(rmp=0.458 run=14.189 n=1 d=0) incr=loc/full/maxdirty/keys=0/0/0/0 chk= 0.000(d=1) stat= 0.158 rest= 0.312
  [bmc-incr i=1756 repr=1 active=7/175159 POs=1]
BMC : c =       5  cl =   4503  lit =  175158  p =     0  d =     0  f =     1  +  T =     0.03 sec
  [bmc-prof 1756] wall=  31.951 p=     1 | ifo=  0.659(sd=0.181 nx=0.000 tfo=0.002 cnt=0.476) snap= 0.286 srm=  7.885 sat=  8.461(set=0.222 slv=8.237 max=8.2366 n=1) cex=R/T/F=0/0/1 trsplit=0 sim=14.212(rmp=0.438 run=13.773 n=1 d=0) incr=loc/full/maxdirty/keys=0/0/0/0 chk= 0.000(d=1) stat= 0.157 rest= 0.292
  [bmc-incr i=1757 repr=1 active=6/175158 POs=1]
BMC : c =       4  cl =   4503  lit =  175157  p =     0  d =     0  f =     1  +  T =     0.03 sec
  [bmc-prof 1757] wall=  31.798 p=     1 | ifo=  0.662(sd=0.180 nx=0.000 tfo=0.002 cnt=0.479) snap= 0.297 srm=  8.063 sat=  8.338(set=0.211 slv=8.125 max=8.1251 n=1) cex=R/T/F=0/0/1 trsplit=0 sim=13.989(rmp=0.433 run=13.555 n=1 d=0) incr=loc/full/maxdirty/keys=0/0/0/0 chk= 0.001(d=1) stat= 0.156 rest= 0.293
  [bmc-incr i=1758 repr=1 active=5/175157 POs=1]
BMC : c =       3  cl =   4503  lit =  175156  p =     0  d =     0  f =     1  +  T =     0.03 sec
  [bmc-prof 1758] wall=  34.590 p=     1 | ifo=  0.659(sd=0.177 nx=0.000 tfo=0.002 cnt=0.481) snap= 0.284 srm=  8.001 sat=  8.489(set=0.205 slv=8.280 max=8.2803 n=1) cex=R/T/F=0/0/1 trsplit=0 sim=16.668(rmp=0.488 run=16.179 n=1 d=0) incr=loc/full/maxdirty/keys=0/0/0/0 chk= 0.000(d=1) stat= 0.163 rest= 0.326
  [bmc-incr i=1759 repr=1 active=4/175156 POs=1]
BMC : c =       2  cl =   4503  lit =  175155  p =     0  d =     0  f =     1  +  T =     0.03 sec
  [bmc-prof 1759] wall=  31.909 p=     1 | ifo=  0.726(sd=0.211 nx=0.000 tfo=0.003 cnt=0.512) snap= 0.287 srm=  8.087 sat=  8.234(set=0.204 slv=8.028 max=8.0281 n=1) cex=R/T/F=0/0/1 trsplit=0 sim=14.120(rmp=0.458 run=13.661 n=1 d=0) incr=loc/full/maxdirty/keys=0/0/0/0 chk= 0.000(d=1) stat= 0.155 rest= 0.300
  [bmc-incr i=1760 repr=1 active=3/175155 POs=0]
  [bmc-prof ALL] wall=134260.587 p=1302024 | ifo=1557.464(sd=350.681 nx=0.000 tfo=292.644 cnt=914.139) snap=540.347 srm=15223.927 sat=89145.204(set=412.920 slv=88528.569 max=41.7148 n=1302024) cex=R/T/F=503998/0/3099 trsplit=0 sim=26883.063(rmp=830.479 run=26050.895 n=1760 d=58982) incr=loc/full/maxdirty/keys=0/0/0/0 chk= 3.162(d=3094) stat=322.282 rest=585.138
  1 : c =       1  cl =   4503  lit =  175153  p =174358  d =     0  f =     2  +  T =     0.19 sec
  [prof   1] wall= 192.672 p=174360 | ifo=  0.000(sd=0.000 nx=0.000 tfo=0.000 cnt=0.000) snap= 0.311 srm= 53.928 sat= 91.425(set=4.219 slv=78.714 max=0.2330 n=174360) cex=R/T/F=0/0/2 trsplit=0 sim=46.243(rmp=0.550 run=45.690 n=1 d=0) incr=loc/full/maxdirty/keys=0/1/0/1072914 chk= 0.149(d=2) stat= 0.219 rest= 0.397
  [incr r=1 repr=2 next=2 tfo=1471 active=11/179656 POs=10]
  2 : c =       1  cl =   4503  lit =  175151  p =     8  d =     0  f =     2  +  T =     0.02 sec
  [prof   2] wall=  18.135 p=    10 | ifo=  0.937(sd=0.199 nx=0.167 tfo=0.029 cnt=0.542) snap= 0.286 srm= 13.329 sat=  1.178(set=1.092 slv=0.083 max=0.0599 n=10) cex=R/T/F=0/0/2 trsplit=0 sim= 1.942(rmp=0.456 run=1.486 n=1 d=0) incr=loc/full/maxdirty/keys=1/0/0/1072914 chk= 0.001(d=2) stat= 0.160 rest= 0.302
  [incr r=2 repr=2 next=3 tfo=1470 active=9/179654 POs=8]
  3 : c =       0  cl =   4503  lit =  175150  p =     7  d =     0  f =     1  -  T =     0.02 sec
  [prof   3] wall=  22.834 p=     8 | ifo=  0.848(sd=0.175 nx=0.143 tfo=0.021 cnt=0.508) snap= 0.288 srm= 10.947 sat=  9.266(set=1.149 slv=8.116 max=8.1046 n=8) cex=R/T/F=0/0/1 trsplit=0 sim= 1.028(rmp=0.446 run=0.581 n=1 d=0) incr=loc/full/maxdirty/keys=1/0/0/1072914 chk= 0.000(d=1) stat= 0.160 rest= 0.296
  4 : c =       0  cl =   4503  lit =  175150  p =     0  d =     0  f =     0  -  T =     0.00 sec
  [prof ALL] wall= 233.641 p=174378 | ifo=  1.785(sd=0.374 nx=0.310 tfo=0.050 cnt=1.051) snap= 0.886 srm= 78.204 sat=101.869(set=6.459 slv=86.913 max=8.1046 n=174378) cex=R/T/F=0/0/5 trsplit=0 sim=49.213(rmp=1.452 run=47.757 n=3 d=0) incr=loc/full/maxdirty/keys=2/1/0/1072914 chk= 0.150(d=5) stat= 0.539 rest= 0.995
Srm   =     0.08 sec (  0.06 %)
Sat   =     0.10 sec (  0.08 %)
Sim   =     0.05 sec (  0.04 %)
Other =   134.49 sec ( 99.83 %)
Incr  =     0.00 sec (  0.00 %)
Incr: fallback rounds = 0, skipped candidate pairs = 359290
TOTAL =   134.72 sec
NBeg = 324370. NEnd = 148995. (Gain =  54.07 %).  RBeg = 2630. REnd = 2629. (Gain =   0.04 %).
Flop output names are not available. Use command "&get -n".
[1;37m/home/zxr_wsl/benchmarks/incre_spec//Problem05_label47+token_ring.13.cil-2[0m : i/o =  28006/      1  ff =   2629  [1;36mand =  148995[0m  [1;35mlev = 1778[0m [1;35m(0.68)[0m  mem = 2.21 MB
