### benchmark: /home/zxr_wsl/benchmarks/incre_spec//pals_lcr.3.ufo.BOUNDED-6.pals+Problem12_label01.aig
### opts:      &scorr -v -w -i -I
### timeout:   1800s
### date:      Tue Jun  9 11:20:24 CST 2026

======== ABC command line "&r /home/zxr_wsl/benchmarks/incre_spec//pals_lcr.3.ufo.BOUNDED-6.pals+Problem12_label01.aig; &ps; &scorr -v -w -i -I; &ps"
Converted 0 1-valued FFs and 430 DC-valued FFs.
Warning: The number of inputs does not match the number of input names.
[1;37m/home/zxr_wsl/benchmarks/incre_spec//pals_lcr.3.ufo.BOUNDED-6.pals+Problem12_label01[0m : i/o =   2034/      1  ff =    433  [1;36mand = 1573287[0m  [1;35mlev = 3337[0m [1;35m(7.70)[0m  mem =18.05 MB
cst = 1573720  cls =      0  lit = 1573720  unused =    2034  proof =     0
cst =  829663  cls =  76435  lit = 1214394  unused =  284925  proof =     0
cst =  824511  cls =  73517  lit = 1177829  unused =  324408  proof =     0
cst =  822219  cls =  71123  lit = 1158646  unused =  345985  proof =     0
cst =  820418  cls =  70032  lit = 1146032  unused =  359690  proof =     0
cst =  819665  cls =  69575  lit = 1139077  unused =  367102  proof =     0
cst =  819245  cls =  69075  lit = 1134258  unused =  372421  proof =     0
cst =  818889  cls =  68741  lit = 1131321  unused =  375692  proof =     0
cst =  818480  cls =  68570  lit = 1129159  unused =  378025  proof =     0
cst =  818054  cls =  68323  lit = 1127290  unused =  380141  proof =     0
Obj = 1576189. And = 1573287. Conf =   100. Fr = 1. Lcorr = 0. Ring = 1. CSat = 1.
  0 : c =  818054  cl =  68323  lit = 1127290  p =     0  d =     0  f =     0  +  T =     0.97 sec
BMC : c =  814223  cl =  62126  lit = 1088101  p = 31174  d = 16006  f = 20305  +  T =     5.32 sec
  [bmc-prof   0] wall=5318.261 p= 67485 | ifo=  0.000(sd=0.000 nx=0.000 tfo=0.000 cnt=0.000) snap= 1.367 srm= 75.717 sat=4865.486(set=2.973 slv=4857.674 max=2.6104 n=67485) cex=R/T/F=16006/0/20305 trsplit=0 sim=362.752(rmp=2.294 run=360.457 n=1 d=22775) incr=loc/full/maxdirty/keys=0/0/0/0 chk= 9.692(d=16414) stat= 1.256 rest= 1.992
BMC : c =  811439  cl =  57358  lit = 1068825  p = 37038  d =  8320  f = 12016  +  T =     3.03 sec
  [bmc-prof   1] wall=3027.239 p= 57374 | ifo= 42.322(sd=1.292 nx=0.000 tfo=38.610 cnt=2.421) snap= 1.743 srm= 82.346 sat=2674.475(set=3.070 slv=2667.507 max=3.1098 n=57374) cex=R/T/F=8320/0/12016 trsplit=0 sim=222.556(rmp=2.420 run=220.135 n=1 d=8073) incr=loc/full/maxdirty/keys=0/0/0/0 chk= 0.949(d=11203) stat= 1.071 rest= 1.777
BMC : c =  806174  cl =  52399  lit = 1053436  p = 37866  d =  5626  f = 11004  +  T =     3.03 sec
  [bmc-prof   2] wall=3031.329 p= 54496 | ifo= 33.004(sd=0.932 nx=0.000 tfo=29.770 cnt=2.301) snap= 2.024 srm= 80.465 sat=2697.417(set=3.375 slv=2690.313 max=4.3903 n=54496) cex=R/T/F=5626/0/11004 trsplit=0 sim=214.163(rmp=2.306 run=211.857 n=1 d=4782) incr=loc/full/maxdirty/keys=0/0/0/0 chk= 1.024(d=10607) stat= 1.081 rest= 2.152
BMC : c =  800771  cl =  48054  lit = 1038172  p = 38560  d =  3992  f = 12420  +  T =     2.72 sec
  [bmc-prof   3] wall=2724.449 p= 54972 | ifo= 34.716(sd=0.964 nx=0.000 tfo=31.440 cnt=2.312) snap= 1.365 srm= 76.506 sat=2391.738(set=2.932 slv=2385.153 max=3.6129 n=54972) cex=R/T/F=3992/0/12420 trsplit=0 sim=216.462(rmp=2.441 run=214.020 n=1 d=3057) incr=loc/full/maxdirty/keys=0/0/0/0 chk= 0.798(d=12207) stat= 1.099 rest= 1.765
BMC : c =  795811  cl =  44984  lit = 1024726  p = 41071  d =  3131  f = 11405  +  T =     2.68 sec
  [bmc-prof   4] wall=2676.078 p= 55607 | ifo= 32.315(sd=0.917 nx=0.000 tfo=29.119 cnt=2.279) snap= 1.462 srm= 84.963 sat=2437.784(set=3.228 slv=2430.902 max=3.1171 n=55607) cex=R/T/F=3131/0/11405 trsplit=0 sim=115.809(rmp=2.389 run=113.419 n=1 d=2117) incr=loc/full/maxdirty/keys=0/0/0/0 chk= 0.822(d=11329) stat= 1.053 rest= 1.870
BMC : c =  790923  cl =  43465  lit = 1012765  p = 43163  d =  2719  f = 10076  +  T =     2.49 sec
  [bmc-prof   5] wall=2490.881 p= 55958 | ifo= 35.227(sd=0.888 nx=0.000 tfo=31.866 cnt=2.474) snap= 1.408 srm= 85.085 sat=2257.874(set=2.968 slv=2251.078 max=3.8435 n=55958) cex=R/T/F=2719/0/10076 trsplit=0 sim=107.421(rmp=2.306 run=105.112 n=1 d=1941) incr=loc/full/maxdirty/keys=0/0/0/0 chk= 1.081(d=10020) stat= 1.047 rest= 1.737
BMC : c =  786176  cl =  42766  lit = 1001442  p = 45036  d =  2269  f =  9749  +  T =     2.30 sec
  [bmc-prof   6] wall=2301.060 p= 57054 | ifo= 28.586(sd=0.871 nx=0.000 tfo=25.483 cnt=2.232) snap= 1.382 srm= 85.804 sat=2077.457(set=3.125 slv=2070.491 max=4.7826 n=57054) cex=R/T/F=2269/0/9749 trsplit=0 sim=102.505(rmp=2.952 run=99.552 n=1 d=1624) incr=loc/full/maxdirty/keys=0/0/0/0 chk= 1.382(d=9699) stat= 1.092 rest= 2.851
BMC : c =  781413  cl =  42177  lit =  990538  p = 47209  d =  2206  f =  9258  +  T =     2.09 sec
  [bmc-prof   7] wall=2090.034 p= 58673 | ifo= 27.985(sd=0.934 nx=0.000 tfo=24.767 cnt=2.284) snap= 1.626 srm= 90.907 sat=1856.595(set=3.081 slv=1849.801 max=5.2377 n=58673) cex=R/T/F=2206/0/9258 trsplit=0 sim=109.107(rmp=2.269 run=106.836 n=1 d=1676) incr=loc/full/maxdirty/keys=0/0/0/0 chk= 1.079(d=9228) stat= 1.094 rest= 1.641
BMC : c =  776836  cl =  41556  lit =  979934  p = 49475  d =  2046  f =  9124  +  T =     2.26 sec
  [bmc-prof   8] wall=2260.494 p= 60645 | ifo= 28.142(sd=0.875 nx=0.000 tfo=25.004 cnt=2.263) snap= 1.771 srm= 98.433 sat=2014.711(set=3.502 slv=2007.133 max=3.4462 n=60645) cex=R/T/F=2046/0/9124 trsplit=0 sim=111.899(rmp=2.937 run=108.960 n=1 d=1502) incr=loc/full/maxdirty/keys=0/0/0/0 chk= 1.039(d=9102) stat= 2.685 rest= 1.814
BMC : c =  771888  cl =  41046  lit =  969132  p = 51588  d =  1743  f =  9450  +  T =     2.00 sec
  [bmc-prof   9] wall=2004.533 p= 62781 | ifo= 29.483(sd=1.149 nx=0.000 tfo=26.108 cnt=2.226) snap= 1.407 srm= 88.360 sat=1828.187(set=3.174 slv=1821.019 max=5.0260 n=62781) cex=R/T/F=1743/0/9450 trsplit=0 sim=53.231(rmp=2.222 run=51.008 n=1 d=1367) incr=loc/full/maxdirty/keys=0/0/0/0 chk= 1.127(d=9435) stat= 1.068 rest= 1.669
BMC : c =  766722  cl =  40628  lit =  958382  p = 53707  d =  1731  f =  9520  +  T =     1.99 sec
  [bmc-prof  10] wall=1993.502 p= 64958 | ifo= 26.560(sd=0.860 nx=0.000 tfo=23.452 cnt=2.248) snap= 1.612 srm= 91.308 sat=1819.664(set=2.936 slv=1812.677 max=4.3345 n=64958) cex=R/T/F=1731/0/9520 trsplit=0 sim=50.694(rmp=2.248 run=48.445 n=1 d=1239) incr=loc/full/maxdirty/keys=0/0/0/0 chk= 1.097(d=9511) stat= 1.016 rest= 1.550
BMC : c =  759577  cl =  40268  lit =  946935  p = 55689  d =  1777  f = 10248  +  T =     2.08 sec
  [bmc-prof  11] wall=2077.906 p= 67714 | ifo= 29.521(sd=0.849 nx=0.000 tfo=26.514 cnt=2.158) snap= 1.334 srm= 96.841 sat=1895.262(set=2.806 slv=1888.323 max=2.1784 n=67714) cex=R/T/F=1777/0/10248 trsplit=0 sim=51.089(rmp=2.284 run=48.803 n=1 d=1207) incr=loc/full/maxdirty/keys=0/0/0/0 chk= 1.195(d=10240) stat= 1.080 rest= 1.585
BMC : c =  747500  cl =  39987  lit =  935421  p = 57683  d =  1696  f = 10135  +  T =     2.02 sec
  [bmc-prof  12] wall=2020.748 p= 69514 | ifo= 26.177(sd=0.848 nx=0.000 tfo=23.112 cnt=2.217) snap= 1.331 srm= 81.765 sat=1855.287(set=3.318 slv=1847.498 max=5.6019 n=69514) cex=R/T/F=1696/0/10135 trsplit=0 sim=51.913(rmp=2.204 run=49.707 n=1 d=1392) incr=loc/full/maxdirty/keys=0/0/0/0 chk= 1.470(d=10122) stat= 1.072 rest= 1.735
BMC : c =  720116  cl =  39774  lit =  923865  p = 59934  d =  1889  f = 10024  +  T =     2.11 sec
  [bmc-prof  13] wall=2113.267 p= 71847 | ifo= 25.967(sd=0.868 nx=0.000 tfo=22.710 cnt=2.388) snap= 1.355 srm= 85.453 sat=1893.445(set=2.884 slv=1886.261 max=2.6455 n=71847) cex=R/T/F=1889/0/10024 trsplit=0 sim=102.660(rmp=2.173 run=100.486 n=1 d=1542) incr=loc/full/maxdirty/keys=0/0/0/0 chk= 1.302(d=10014) stat= 1.321 rest= 1.763
BMC : c =  689616  cl =  39634  lit =  912041  p = 72062  d =  1875  f = 10568  +  T =     2.16 sec
  [bmc-prof  14] wall=2159.155 p= 84505 | ifo= 27.645(sd=1.099 nx=0.000 tfo=24.309 cnt=2.238) snap= 1.359 srm= 88.314 sat=1934.296(set=3.101 slv=1926.073 max=2.0972 n=84505) cex=R/T/F=1875/0/10568 trsplit=0 sim=103.641(rmp=2.248 run=101.391 n=1 d=1262) incr=loc/full/maxdirty/keys=0/0/0/0 chk= 1.156(d=10562) stat= 1.094 rest= 1.650
BMC : c =  667409  cl =  39382  lit =  900029  p =103236  d =  1639  f = 11021  +  T =     2.34 sec
  [bmc-prof  15] wall=2346.119 p=115896 | ifo= 24.850(sd=0.889 nx=0.000 tfo=21.733 cnt=2.228) snap= 2.207 srm=100.624 sat=2063.357(set=4.310 slv=2052.603 max=4.1041 n=115896) cex=R/T/F=1639/0/11021 trsplit=0 sim=150.239(rmp=2.195 run=148.042 n=1 d=992) incr=loc/full/maxdirty/keys=0/0/0/0 chk= 1.226(d=11020) stat= 1.325 rest= 2.291
BMC : c =  657783  cl =  39012  lit =  888133  p =129672  d =  1056  f = 11174  +  T =     2.38 sec
  [bmc-prof  16] wall=2377.061 p=141902 | ifo= 25.979(sd=1.139 nx=0.000 tfo=22.488 cnt=2.353) snap= 1.543 srm=112.413 sat=2128.681(set=6.345 slv=2114.645 max=4.2633 n=141902) cex=R/T/F=1056/0/11174 trsplit=0 sim=104.210(rmp=2.733 run=101.475 n=1 d=722) incr=loc/full/maxdirty/keys=0/0/0/0 chk= 1.033(d=11174) stat= 1.167 rest= 2.035
BMC : c =  650995  cl =  38646  lit =  876530  p =135791  d =   646  f = 11139  +  T =     2.31 sec
  [bmc-prof  17] wall=2312.174 p=147576 | ifo= 27.720(sd=0.864 nx=0.000 tfo=24.511 cnt=2.346) snap= 1.407 srm=110.836 sat=2116.530(set=5.609 slv=2102.847 max=2.7761 n=147576) cex=R/T/F=646/0/11139 trsplit=0 sim=51.612(rmp=2.293 run=49.316 n=1 d=465) incr=loc/full/maxdirty/keys=0/0/0/0 chk= 0.899(d=11138) stat= 1.142 rest= 2.027
BMC : c =  644140  cl =  38284  lit =  865544  p =136615  d =   395  f = 10668  +  T =     2.18 sec
  [bmc-prof  18] wall=2183.057 p=147678 | ifo= 28.206(sd=0.863 nx=0.000 tfo=25.031 cnt=2.312) snap= 1.727 srm=109.841 sat=1986.489(set=7.129 slv=1971.346 max=2.6801 n=147678) cex=R/T/F=395/0/10668 trsplit=0 sim=52.232(rmp=2.254 run=49.976 n=1 d=318) incr=loc/full/maxdirty/keys=0/0/0/0 chk= 0.985(d=10668) stat= 1.347 rest= 2.232
BMC : c =  637236  cl =  37994  lit =  854576  p =136866  d =   534  f = 10515  +  T =     2.17 sec
  [bmc-prof  19] wall=2170.017 p=147915 | ifo= 22.091(sd=0.950 nx=0.000 tfo=18.827 cnt=2.314) snap= 1.469 srm=114.505 sat=1976.920(set=6.120 slv=1962.547 max=4.2901 n=147915) cex=R/T/F=534/0/10515 trsplit=0 sim=50.943(rmp=2.273 run=48.668 n=1 d=454) incr=loc/full/maxdirty/keys=0/0/0/0 chk= 0.837(d=10514) stat= 1.182 rest= 2.071
BMC : c =  630997  cl =  37723  lit =  844091  p =137306  d =   236  f = 10298  +  T =     2.14 sec
  [bmc-prof  20] wall=2144.075 p=147840 | ifo= 21.819(sd=0.889 nx=0.000 tfo=18.599 cnt=2.331) snap= 1.718 srm=116.240 sat=1949.546(set=7.110 slv=1934.348 max=3.1419 n=147840) cex=R/T/F=236/0/10298 trsplit=0 sim=50.185(rmp=2.505 run=47.678 n=1 d=187) incr=loc/full/maxdirty/keys=0/0/0/0 chk= 0.889(d=10298) stat= 1.379 rest= 2.300
  [bmc-incr i=21 repr=10853 active=584944/844091 POs=63372]
BMC : c =  624676  cl =  37408  lit =  833934  p = 53192  d =   153  f = 10027  +  T =     1.91 sec
  [bmc-prof  21] wall=1911.067 p= 63372 | ifo= 21.434(sd=0.890 nx=0.000 tfo=18.137 cnt=2.407) snap= 1.440 srm= 79.771 sat=1749.628(set=3.356 slv=1742.546 max=2.2831 n=63372) cex=R/T/F=153/0/10027 trsplit=0 sim=53.393(rmp=2.345 run=51.046 n=1 d=135) incr=loc/full/maxdirty/keys=0/0/0/0 chk= 1.242(d=10022) stat= 1.694 rest= 2.466
  [bmc-incr i=22 repr=10513 active=536811/833934 POs=58504]
BMC : c =  618665  cl =  37008  lit =  824023  p = 48521  d =   317  f =  9666  +  T =     2.05 sec
  [bmc-prof  22] wall=2054.361 p= 58504 | ifo= 23.572(sd=1.345 nx=0.000 tfo=19.562 cnt=2.664) snap= 1.708 srm= 84.052 sat=1892.899(set=3.697 slv=1885.647 max=3.5442 n=58504) cex=R/T/F=317/0/9666 trsplit=0 sim=48.725(rmp=2.338 run=46.386 n=1 d=245) incr=loc/full/maxdirty/keys=0/0/0/0 chk= 0.650(d=9666) stat= 1.151 rest= 1.604
  [bmc-incr i=23 repr=9978 active=514277/824023 POs=55029]
BMC : c =  612080  cl =  36582  lit =  814205  p = 45150  d =    74  f =  9805  +  T =     1.81 sec
  [bmc-prof  23] wall=1811.962 p= 55029 | ifo= 19.004(sd=0.851 nx=0.000 tfo=15.802 cnt=2.351) snap= 1.357 srm= 79.298 sat=1660.703(set=3.418 slv=1654.025 max=2.6265 n=55029) cex=R/T/F=74/0/9805 trsplit=0 sim=47.603(rmp=2.549 run=45.052 n=1 d=13) incr=loc/full/maxdirty/keys=0/0/0/0 chk= 0.649(d=9805) stat= 1.121 rest= 2.226
  [bmc-incr i=24 repr=10095 active=498984/814205 POs=52011]
BMC : c =  605437  cl =  36148  lit =  804099  p = 41850  d =    63  f = 10098  +  T =     1.82 sec
  [bmc-prof  24] wall=1822.176 p= 52011 | ifo= 19.297(sd=0.874 nx=0.000 tfo=16.080 cnt=2.343) snap= 1.428 srm= 83.391 sat=1662.870(set=3.373 slv=1656.410 max=2.4728 n=52011) cex=R/T/F=63/0/10098 trsplit=0 sim=51.109(rmp=2.307 run=48.800 n=1 d=8) incr=loc/full/maxdirty/keys=0/0/0/0 chk= 0.579(d=10098) stat= 1.869 rest= 1.633
  [bmc-incr i=25 repr=10163 active=483718/804099 POs=48412]
BMC : c =  598470  cl =  35683  lit =  794046  p = 38304  d =    63  f = 10045  +  T =     1.82 sec
  [bmc-prof  25] wall=1819.738 p= 48412 | ifo= 19.647(sd=0.869 nx=0.000 tfo=16.416 cnt=2.361) snap= 1.360 srm= 82.068 sat=1665.085(set=3.379 slv=1658.820 max=3.3532 n=48412) cex=R/T/F=63/0/10045 trsplit=0 sim=48.202(rmp=2.307 run=45.894 n=1 d=8) incr=loc/full/maxdirty/keys=0/0/0/0 chk= 0.538(d=10045) stat= 1.215 rest= 1.622
  [bmc-incr i=26 repr=10106 active=471064/794046 POs=44682]
BMC : c =  591120  cl =  35234  lit =  783898  p = 34483  d =    59  f = 10140  +  T =     1.81 sec
  [bmc-prof  26] wall=1809.642 p= 44682 | ifo= 19.374(sd=0.884 nx=0.000 tfo=16.028 cnt=2.462) snap= 1.381 srm= 80.998 sat=1652.184(set=3.458 slv=1645.971 max=2.0208 n=44682) cex=R/T/F=59/0/10140 trsplit=0 sim=52.456(rmp=2.324 run=50.130 n=1 d=8) incr=loc/full/maxdirty/keys=0/0/0/0 chk= 0.446(d=10140) stat= 1.140 rest= 1.665
  [bmc-incr i=27 repr=10197 active=457505/783898 POs=40982]
BMC : c =  583743  cl =  34835  lit =  774039  p = 31076  d =    55  f =  9851  +  T =     1.79 sec
  [bmc-prof  27] wall=1791.667 p= 40982 | ifo= 18.703(sd=0.876 nx=0.000 tfo=15.487 cnt=2.341) snap= 1.387 srm= 81.388 sat=1636.583(set=3.907 slv=1630.160 max=3.2210 n=40982) cex=R/T/F=55/0/9851 trsplit=0 sim=49.970(rmp=2.948 run=47.021 n=1 d=8) incr=loc/full/maxdirty/keys=0/0/0/0 chk= 0.403(d=9851) stat= 1.289 rest= 1.943
  [bmc-incr i=28 repr=9906 active=443713/774039 POs=37662]
BMC : c =  576454  cl =  34464  lit =  764383  p = 27961  d =    53  f =  9648  +  T =     1.75 sec
  [bmc-prof  28] wall=1747.086 p= 37662 | ifo= 26.126(sd=1.127 nx=0.000 tfo=17.662 cnt=7.337) snap= 1.377 srm= 83.479 sat=1585.981(set=3.759 slv=1579.891 max=2.9176 n=37662) cex=R/T/F=53/0/9648 trsplit=0 sim=47.033(rmp=2.273 run=44.759 n=1 d=8) incr=loc/full/maxdirty/keys=0/0/0/0 chk= 0.344(d=9648) stat= 1.171 rest= 1.575
  [bmc-incr i=29 repr=9699 active=429517/764383 POs=34495]
BMC : c =  569681  cl =  34069  lit =  755724  p = 25795  d =    49  f =  8651  +  T =     1.57 sec
  [bmc-prof  29] wall=1575.858 p= 34495 | ifo= 19.912(sd=0.897 nx=0.000 tfo=15.905 cnt=3.110) snap= 1.672 srm= 79.557 sat=1423.235(set=3.740 slv=1417.374 max=2.6814 n=34495) cex=R/T/F=49/0/8651 trsplit=0 sim=48.044(rmp=2.938 run=45.105 n=1 d=8) incr=loc/full/maxdirty/keys=0/0/0/0 chk= 0.272(d=8651) stat= 1.267 rest= 1.898
  [bmc-incr i=30 repr=8699 active=415023/755724 POs=31872]
BMC : c =  563444  cl =  33769  lit =  747994  p = 24103  d =    47  f =  7722  +  T =     1.46 sec
  [bmc-prof  30] wall=1461.312 p= 31872 | ifo= 21.476(sd=1.065 nx=0.000 tfo=17.996 cnt=2.415) snap= 2.068 srm= 78.244 sat=1307.199(set=3.702 slv=1301.464 max=3.0063 n=31872) cex=R/T/F=47/0/7722 trsplit=0 sim=49.328(rmp=3.044 run=46.282 n=1 d=8) incr=loc/full/maxdirty/keys=0/0/0/0 chk= 0.246(d=7722) stat= 1.104 rest= 1.646
  [bmc-incr i=31 repr=7767 active=400646/747994 POs=30964]
BMC : c =  557319  cl =  33597  lit =  740459  p = 23393  d =    44  f =  7527  +  T =     1.49 sec
  [bmc-prof  31] wall=1490.781 p= 30964 | ifo= 19.377(sd=0.837 nx=0.000 tfo=16.205 cnt=2.335) snap= 1.796 srm= 82.514 sat=1332.301(set=3.816 slv=1326.372 max=1.8354 n=30964) cex=R/T/F=44/0/7527 trsplit=0 sim=51.526(rmp=2.562 run=48.961 n=1 d=8) incr=loc/full/maxdirty/keys=0/0/0/0 chk= 0.252(d=7527) stat= 1.277 rest= 1.739
  [bmc-incr i=32 repr=7569 active=322278/740459 POs=25592]
BMC : c =  550497  cl =  33455  lit =  732264  p = 17365  d =    40  f =  8187  +  T =     1.59 sec
  [bmc-prof  32] wall=1587.545 p= 25592 | ifo= 14.913(sd=0.935 nx=0.000 tfo=10.953 cnt=3.025) snap= 1.540 srm= 88.213 sat=1428.715(set=3.544 slv=1423.380 max=2.4839 n=25592) cex=R/T/F=40/0/8187 trsplit=0 sim=50.964(rmp=2.513 run=48.450 n=1 d=8) incr=loc/full/maxdirty/keys=0/0/0/0 chk= 0.214(d=8187) stat= 1.207 rest= 1.778
  [bmc-incr i=33 repr=8228 active=292104/732264 POs=24914]
BMC : c =  542222  cl =  33295  lit =  722719  p = 15339  d =    38  f =  9537  +  T =     1.65 sec
  [bmc-prof  33] wall=1649.747 p= 24914 | ifo= 13.375(sd=0.901 nx=0.000 tfo=9.923 cnt=2.551) snap= 1.882 srm= 92.261 sat=1492.063(set=4.090 slv=1486.306 max=2.2865 n=24914) cex=R/T/F=38/0/9537 trsplit=0 sim=47.242(rmp=2.291 run=44.949 n=1 d=8) incr=loc/full/maxdirty/keys=0/0/0/0 chk= 0.165(d=9537) stat= 1.183 rest= 1.576
  [bmc-incr i=34 repr=9573 active=271186/722719 POs=23412]
BMC : c =  533990  cl =  33128  lit =  713515  p = 14184  d =    32  f =  9196  +  T =     1.66 sec
  [bmc-prof  34] wall=1666.026 p= 23412 | ifo= 11.847(sd=0.875 nx=0.000 tfo=8.613 cnt=2.359) snap= 1.435 srm= 88.236 sat=1513.447(set=3.597 slv=1508.268 max=2.3903 n=23412) cex=R/T/F=32/0/9196 trsplit=0 sim=47.881(rmp=2.331 run=45.549 n=1 d=8) incr=loc/full/maxdirty/keys=0/0/0/0 chk= 0.147(d=9196) stat= 1.290 rest= 1.743
  [bmc-incr i=35 repr=9231 active=254897/713515 POs=22932]
BMC : c =  524735  cl =  33003  lit =  703312  p = 12708  d =    30  f = 10194  +  T =     1.90 sec
  [bmc-prof  35] wall=1896.668 p= 22932 | ifo= 11.797(sd=1.086 nx=0.000 tfo=8.341 cnt=2.370) snap= 1.392 srm= 77.695 sat=1756.204(set=3.306 slv=1751.352 max=3.5448 n=22932) cex=R/T/F=30/0/10194 trsplit=0 sim=46.661(rmp=2.449 run=44.210 n=1 d=9) incr=loc/full/maxdirty/keys=0/0/0/0 chk= 0.132(d=10194) stat= 1.137 rest= 1.650
  [bmc-incr i=36 repr=10225 active=242893/703312 POs=23065]
BMC : c =  514584  cl =  32863  lit =  692339  p = 12077  d =    24  f = 10964  +  T =     1.98 sec
  [bmc-prof  36] wall=1976.343 p= 23065 | ifo= 11.401(sd=0.867 nx=0.000 tfo=8.102 cnt=2.432) snap= 1.383 srm= 82.865 sat=1832.498(set=3.364 slv=1827.590 max=2.3862 n=23065) cex=R/T/F=24/0/10964 trsplit=0 sim=45.333(rmp=2.374 run=42.958 n=1 d=9) incr=loc/full/maxdirty/keys=0/0/0/0 chk= 0.133(d=10964) stat= 1.092 rest= 1.638
  [bmc-incr i=37 repr=10992 active=229330/692339 POs=20246]
BMC : c =  506365  cl =  32740  lit =  683422  p = 11318  d =    19  f =  8909  +  T =     1.59 sec
  [bmc-prof  37] wall=1590.730 p= 20246 | ifo= 10.074(sd=0.829 nx=0.000 tfo=6.984 cnt=2.262) snap= 1.340 srm= 90.391 sat=1438.158(set=3.402 slv=1433.423 max=2.4439 n=20246) cex=R/T/F=19/0/8909 trsplit=0 sim=47.983(rmp=2.286 run=45.690 n=1 d=8) incr=loc/full/maxdirty/keys=0/0/0/0 chk= 0.118(d=8909) stat= 1.112 rest= 1.554
  [bmc-incr i=38 repr=8931 active=215447/683422 POs=20404]
BMC : c =  498562  cl =  32646  lit =  674988  p = 11963  d =    14  f =  8427  +  T =     1.67 sec
  [bmc-prof  38] wall=1671.542 p= 20404 | ifo=  9.877(sd=0.837 nx=0.000 tfo=6.749 cnt=2.291) snap= 1.358 srm= 86.406 sat=1523.836(set=3.461 slv=1518.940 max=3.3940 n=20404) cex=R/T/F=14/0/8427 trsplit=0 sim=47.193(rmp=2.380 run=44.811 n=1 d=7) incr=loc/full/maxdirty/keys=0/0/0/0 chk= 0.136(d=8427) stat= 1.113 rest= 1.622
  [bmc-incr i=39 repr=8446 active=205003/674988 POs=21258]
BMC : c =  488940  cl =  32575  lit =  664903  p = 11161  d =    18  f = 10079  +  T =     1.95 sec
  [bmc-prof  39] wall=1952.524 p= 21258 | ifo= 10.411(sd=0.853 nx=0.000 tfo=7.228 cnt=2.330) snap= 1.401 srm= 86.856 sat=1803.658(set=3.565 slv=1798.607 max=3.5463 n=21258) cex=R/T/F=18/0/10079 trsplit=0 sim=47.192(rmp=2.514 run=44.677 n=1 d=6) incr=loc/full/maxdirty/keys=0/0/0/0 chk= 0.094(d=10079) stat= 1.099 rest= 1.813
  [bmc-incr i=40 repr=10099 active=192028/664903 POs=19202]
BMC : c =  480884  cl =  32515  lit =  656272  p = 10560  d =    16  f =  8626  +  T =     1.91 sec
  [bmc-prof  40] wall=1911.926 p= 19202 | ifo=  9.731(sd=0.828 nx=0.000 tfo=6.599 cnt=2.304) snap= 1.415 srm= 87.908 sat=1757.381(set=3.607 slv=1752.424 max=2.8661 n=19202) cex=R/T/F=16/0/8626 trsplit=0 sim=52.161(rmp=2.366 run=49.793 n=1 d=5) incr=loc/full/maxdirty/keys=0/0/0/0 chk= 0.126(d=8626) stat= 1.305 rest= 1.899
  [bmc-incr i=41 repr=8638 active=180559/656272 POs=18011]
BMC : c =  472588  cl =  32463  lit =  647470  p =  9202  d =    12  f =  8797  +  T =     1.94 sec
  [bmc-prof  41] wall=1942.533 p= 18011 | ifo= 11.477(sd=1.036 nx=0.000 tfo=7.844 cnt=2.597) snap= 1.388 srm= 87.182 sat=1793.504(set=3.939 slv=1788.205 max=4.4511 n=18011) cex=R/T/F=12/0/8797 trsplit=0 sim=46.229(rmp=2.374 run=43.853 n=1 d=5) incr=loc/full/maxdirty/keys=0/0/0/0 chk= 0.094(d=8797) stat= 1.101 rest= 1.559
  [bmc-incr i=42 repr=8809 active=166493/647470 POs=15710]
BMC : c =  465692  cl =  32421  lit =  640275  p =  8509  d =    12  f =  7189  +  T =     1.70 sec
  [bmc-prof  42] wall=1701.734 p= 15710 | ifo= 10.113(sd=0.892 nx=0.000 tfo=6.897 cnt=2.324) snap= 1.369 srm= 97.300 sat=1545.229(set=3.622 slv=1540.435 max=3.4214 n=15710) cex=R/T/F=12/0/7189 trsplit=0 sim=44.910(rmp=2.263 run=42.645 n=1 d=6) incr=loc/full/maxdirty/keys=0/0/0/0 chk= 0.090(d=7189) stat= 1.130 rest= 1.594
  [bmc-incr i=43 repr=7243 active=153016/640275 POs=13591]
BMC : c =  459486  cl =  32392  lit =  633769  p =  7082  d =    10  f =  6499  +  T =     1.61 sec
  [bmc-prof  43] wall=1614.736 p= 13591 | ifo=  9.316(sd=0.827 nx=0.000 tfo=6.175 cnt=2.314) snap= 1.710 srm= 94.898 sat=1454.522(set=3.833 slv=1449.715 max=4.6904 n=13591) cex=R/T/F=10/0/6499 trsplit=0 sim=46.704(rmp=2.260 run=44.443 n=1 d=7) incr=loc/full/maxdirty/keys=0/0/0/0 chk= 0.244(d=6499) stat= 4.181 rest= 3.161
  [bmc-incr i=44 repr=6511 active=141413/633769 POs=12513]
BMC : c =  453871  cl =  32358  lit =  627863  p =  6604  d =     6  f =  5903  +  T =     1.50 sec
  [bmc-prof  44] wall=1501.761 p= 12513 | ifo=  9.293(sd=0.843 nx=0.000 tfo=6.086 cnt=2.364) snap= 1.385 srm= 91.678 sat=1340.706(set=3.500 slv=1336.265 max=4.6478 n=12513) cex=R/T/F=6/0/5903 trsplit=0 sim=55.987(rmp=2.254 run=53.731 n=1 d=3) incr=loc/full/maxdirty/keys=0/0/0/0 chk= 0.064(d=5903) stat= 1.097 rest= 1.551
  [bmc-incr i=45 repr=5907 active=132483/627863 POs=11796]
BMC : c =  448686  cl =  32325  lit =  622394  p =  6326  d =     3  f =  5467  +  T =     1.40 sec
  [bmc-prof  45] wall=1398.379 p= 11796 | ifo=  8.600(sd=0.817 nx=0.000 tfo=5.495 cnt=2.289) snap= 1.814 srm= 95.905 sat=1241.082(set=4.061 slv=1236.097 max=2.7629 n=11796) cex=R/T/F=3/0/5467 trsplit=0 sim=48.238(rmp=2.284 run=45.952 n=1 d=2) incr=loc/full/maxdirty/keys=0/0/0/0 chk= 0.058(d=5467) stat= 1.109 rest= 1.574
  [bmc-incr i=46 repr=5469 active=125195/622394 POs=10552]
BMC : c =  444312  cl =  32298  lit =  617744  p =  5902  d =     2  f =  4648  +  T =     1.20 sec
  [bmc-prof  46] wall=1201.115 p= 10552 | ifo=  8.677(sd=0.835 nx=0.000 tfo=5.560 cnt=2.283) snap= 1.389 srm= 93.107 sat=1044.378(set=3.609 slv=1039.946 max=4.0782 n=10552) cex=R/T/F=2/0/4648 trsplit=0 sim=50.682(rmp=2.789 run=47.892 n=1 d=2) incr=loc/full/maxdirty/keys=0/0/0/0 chk= 0.056(d=4648) stat= 1.277 rest= 1.548
  [bmc-incr i=47 repr=4650 active=116077/617744 POs=9538]
BMC : c =  440343  cl =  32252  lit =  613495  p =  5289  d =     2  f =  4247  +  T =     1.12 sec
  [bmc-prof  47] wall=1123.651 p=  9538 | ifo=  8.450(sd=0.867 nx=0.000 tfo=5.273 cnt=2.311) snap= 1.408 srm= 90.737 sat=975.700(set=3.807 slv=971.122 max=2.4014 n=9538) cex=R/T/F=2/0/4247 trsplit=0 sim=44.577(rmp=2.255 run=42.320 n=1 d=2) incr=loc/full/maxdirty/keys=0/0/0/0 chk= 0.055(d=4247) stat= 1.122 rest= 1.602
  [bmc-incr i=48 repr=4249 active=107756/613495 POs=9305]
BMC : c =  436280  cl =  32229  lit =  609178  p =  4988  d =     1  f =  4316  +  T =     1.08 sec
  [bmc-prof  48] wall=1079.545 p=  9305 | ifo=  8.609(sd=1.034 nx=0.000 tfo=5.215 cnt=2.360) snap= 2.195 srm= 82.653 sat=937.214(set=4.645 slv=931.882 max=3.8083 n=9305) cex=R/T/F=1/0/4316 trsplit=0 sim=45.779(rmp=2.382 run=43.394 n=1 d=1) incr=loc/full/maxdirty/keys=0/0/0/0 chk= 0.057(d=4316) stat= 1.065 rest= 1.974
  [bmc-incr i=49 repr=4317 active=99216/609178 POs=8653]
BMC : c =  432536  cl =  32194  lit =  605140  p =  4615  d =     1  f =  4037  +  T =     1.05 sec
  [bmc-prof  49] wall=1047.152 p=  8653 | ifo=  8.004(sd=0.831 nx=0.000 tfo=4.804 cnt=2.369) snap= 1.536 srm=105.818 sat=883.151(set=4.119 slv=878.358 max=2.4775 n=8653) cex=R/T/F=1/0/4037 trsplit=0 sim=45.927(rmp=2.397 run=43.529 n=1 d=1) incr=loc/full/maxdirty/keys=0/0/0/0 chk= 0.054(d=4037) stat= 1.076 rest= 1.587
  [bmc-incr i=50 repr=4039 active=92450/605140 POs=8207]
BMC : c =  428783  cl =  32154  lit =  601131  p =  4199  d =     2  f =  4006  +  T =     0.96 sec
  [bmc-prof  50] wall= 965.199 p=  8207 | ifo=  7.802(sd=0.821 nx=0.000 tfo=4.715 cnt=2.267) snap= 1.391 srm= 81.958 sat=825.164(set=4.287 slv=820.264 max=2.2598 n=8207) cex=R/T/F=2/0/4006 trsplit=0 sim=45.591(rmp=2.295 run=43.294 n=1 d=3) incr=loc/full/maxdirty/keys=0/0/0/0 chk= 0.046(d=4006) stat= 1.191 rest= 2.056
  [bmc-incr i=51 repr=4010 active=83277/601131 POs=7148]
BMC : c =  425643  cl =  32128  lit =  597757  p =  3774  d =     0  f =  3374  +  T =     0.86 sec
  [bmc-prof  51] wall= 859.570 p=  7148 | ifo=  7.727(sd=0.846 nx=0.000 tfo=4.529 cnt=2.351) snap= 1.724 srm= 89.543 sat=704.374(set=5.090 slv=698.766 max=2.4924 n=7148) cex=R/T/F=0/0/3374 trsplit=0 sim=53.196(rmp=2.351 run=50.843 n=1 d=0) incr=loc/full/maxdirty/keys=0/0/0/0 chk= 0.044(d=3374) stat= 1.081 rest= 1.882
  [bmc-incr i=52 repr=3374 active=78008/597757 POs=6485]
BMC : c =  422693  cl =  32092  lit =  594606  p =  3334  d =     0  f =  3151  +  T =     0.77 sec
  [bmc-prof  52] wall= 775.157 p=  6485 | ifo=  7.064(sd=0.808 nx=0.000 tfo=3.984 cnt=2.272) snap= 1.406 srm= 92.451 sat=615.141(set=4.180 slv=610.490 max=1.9860 n=6485) cex=R/T/F=0/0/3151 trsplit=0 sim=55.808(rmp=2.300 run=53.506 n=1 d=0) incr=loc/full/maxdirty/keys=0/0/0/0 chk= 0.036(d=3151) stat= 1.217 rest= 2.034
  [bmc-incr i=53 repr=3151 active=73005/594606 POs=5835]
BMC : c =  420129  cl =  32066  lit =  591908  p =  3137  d =     0  f =  2698  +  T =     0.67 sec
  [bmc-prof  53] wall= 672.415 p=  5835 | ifo=  8.454(sd=1.040 nx=0.000 tfo=5.084 cnt=2.331) snap= 1.742 srm= 94.692 sat=517.999(set=4.925 slv=512.639 max=2.0162 n=5835) cex=R/T/F=0/0/2698 trsplit=0 sim=46.457(rmp=2.322 run=44.134 n=1 d=0) incr=loc/full/maxdirty/keys=0/0/0/0 chk= 0.029(d=2698) stat= 1.082 rest= 1.959
  [bmc-incr i=54 repr=2698 active=67367/591908 POs=5086]
BMC : c =  417922  cl =  32045  lit =  589605  p =  2783  d =     0  f =  2303  +  T =     0.56 sec
  [bmc-prof  54] wall= 562.709 p=  5086 | ifo=  6.784(sd=0.809 nx=0.000 tfo=3.691 cnt=2.284) snap= 1.426 srm= 84.891 sat=421.457(set=4.795 slv=416.297 max=2.1531 n=5086) cex=R/T/F=0/0/2303 trsplit=0 sim=45.242(rmp=2.307 run=42.934 n=1 d=0) incr=loc/full/maxdirty/keys=0/0/0/0 chk= 0.022(d=2303) stat= 1.052 rest= 1.836
  [bmc-incr i=55 repr=2303 active=63219/589605 POs=4758]
BMC : c =  415875  cl =  32033  lit =  587491  p =  2644  d =     0  f =  2114  +  T =     0.56 sec
  [bmc-prof  55] wall= 564.290 p=  4758 | ifo=  6.608(sd=0.804 nx=0.000 tfo=3.562 cnt=2.242) snap= 1.467 srm=116.116 sat=384.522(set=4.692 slv=379.470 max=2.0358 n=4758) cex=R/T/F=0/0/2114 trsplit=0 sim=52.205(rmp=2.235 run=49.968 n=1 d=0) incr=loc/full/maxdirty/keys=0/0/0/0 chk= 0.023(d=2114) stat= 1.209 rest= 2.140
  [bmc-incr i=56 repr=2114 active=59768/587491 POs=4470]
BMC : c =  413967  cl =  32023  lit =  585524  p =  2503  d =     0  f =  1967  +  T =     0.52 sec
  [bmc-prof  56] wall= 516.450 p=  4470 | ifo=  8.331(sd=1.054 nx=0.000 tfo=4.724 cnt=2.553) snap= 1.383 srm= 99.642 sat=358.941(set=4.476 slv=354.135 max=2.0536 n=4470) cex=R/T/F=0/0/1967 trsplit=0 sim=45.209(rmp=2.284 run=42.924 n=1 d=0) incr=loc/full/maxdirty/keys=0/0/0/0 chk= 0.018(d=1967) stat= 1.077 rest= 1.849
  [bmc-incr i=57 repr=1967 active=56568/585524 POs=4286]
BMC : c =  412157  cl =  32019  lit =  583663  p =  2425  d =     0  f =  1861  +  T =     0.48 sec
  [bmc-prof  57] wall= 483.999 p=  4286 | ifo=  6.329(sd=0.836 nx=0.000 tfo=3.247 cnt=2.246) snap= 1.967 srm= 90.553 sat=333.271(set=4.693 slv=328.252 max=2.0138 n=4286) cex=R/T/F=0/0/1861 trsplit=0 sim=48.756(rmp=2.307 run=46.447 n=1 d=0) incr=loc/full/maxdirty/keys=0/0/0/0 chk= 0.018(d=1861) stat= 1.141 rest= 1.963
  [bmc-incr i=58 repr=1861 active=53205/583663 POs=4062]
BMC : c =  410489  cl =  32015  lit =  581946  p =  2345  d =     0  f =  1717  +  T =     0.46 sec
  [bmc-prof  58] wall= 457.546 p=  4062 | ifo=  6.044(sd=0.812 nx=0.000 tfo=2.885 cnt=2.347) snap= 1.399 srm= 88.960 sat=311.712(set=4.989 slv=306.408 max=2.1092 n=4062) cex=R/T/F=0/0/1717 trsplit=0 sim=45.958(rmp=2.914 run=43.042 n=1 d=0) incr=loc/full/maxdirty/keys=0/0/0/0 chk= 0.040(d=1717) stat= 1.197 rest= 2.235
  [bmc-incr i=59 repr=1717 active=48711/581946 POs=3745]
BMC : c =  408946  cl =  32011  lit =  580352  p =  2151  d =     0  f =  1594  +  T =     0.44 sec
  [bmc-prof  59] wall= 439.695 p=  3745 | ifo=  7.313(sd=1.150 nx=0.000 tfo=3.626 cnt=2.538) snap= 1.504 srm= 94.243 sat=289.112(set=4.879 slv=283.940 max=2.5029 n=3745) cex=R/T/F=0/0/1594 trsplit=0 sim=44.509(rmp=2.351 run=42.156 n=1 d=0) incr=loc/full/maxdirty/keys=0/0/0/0 chk= 0.017(d=1594) stat= 1.072 rest= 1.926
  [bmc-incr i=60 repr=1594 active=45044/580352 POs=3577]
BMC : c =  407450  cl =  32003  lit =  578809  p =  2034  d =     0  f =  1543  +  T =     0.42 sec
  [bmc-prof  60] wall= 422.285 p=  3577 | ifo=  7.655(sd=0.860 nx=0.000 tfo=4.557 cnt=2.238) snap= 1.413 srm= 92.375 sat=259.349(set=4.688 slv=254.402 max=3.6979 n=3577) cex=R/T/F=0/0/1543 trsplit=0 sim=58.514(rmp=2.223 run=56.290 n=1 d=0) incr=loc/full/maxdirty/keys=0/0/0/0 chk= 0.015(d=1543) stat= 1.053 rest= 1.910
  [bmc-incr i=61 repr=1543 active=41424/578809 POs=3540]
BMC : c =  405905  cl =  31996  lit =  577226  p =  1957  d =     0  f =  1583  +  T =     0.40 sec
  [bmc-prof  61] wall= 400.120 p=  3540 | ifo=  5.627(sd=0.810 nx=0.000 tfo=2.493 cnt=2.324) snap= 1.422 srm= 86.367 sat=259.436(set=4.820 slv=254.367 max=2.0189 n=3540) cex=R/T/F=0/0/1583 trsplit=0 sim=44.256(rmp=2.334 run=41.920 n=1 d=0) incr=loc/full/maxdirty/keys=0/0/0/0 chk= 0.016(d=1583) stat= 1.084 rest= 1.912
  [bmc-incr i=62 repr=1583 active=38933/577226 POs=3368]
BMC : c =  404531  cl =  31993  lit =  575816  p =  1958  d =     0  f =  1410  +  T =     0.40 sec
  [bmc-prof  62] wall= 398.842 p=  3368 | ifo=  5.775(sd=0.842 nx=0.000 tfo=2.665 cnt=2.269) snap= 1.395 srm= 83.342 sat=259.923(set=5.753 slv=253.922 max=2.0452 n=3368) cex=R/T/F=0/0/1410 trsplit=0 sim=45.400(rmp=2.243 run=43.154 n=1 d=0) incr=loc/full/maxdirty/keys=0/0/0/0 chk= 0.016(d=1410) stat= 1.063 rest= 1.928
  [bmc-incr i=63 repr=1410 active=35931/575816 POs=3173]
BMC : c =  403199  cl =  31989  lit =  574450  p =  1807  d =     0  f =  1366  +  T =     0.40 sec
  [bmc-prof  63] wall= 405.966 p=  3173 | ifo=  5.678(sd=0.852 nx=0.000 tfo=2.566 cnt=2.260) snap= 1.624 srm= 87.433 sat=264.225(set=4.993 slv=258.997 max=1.9968 n=3173) cex=R/T/F=0/0/1366 trsplit=0 sim=44.079(rmp=2.277 run=41.801 n=1 d=0) incr=loc/full/maxdirty/keys=0/0/0/0 chk= 0.013(d=1366) stat= 1.072 rest= 1.842
  [bmc-incr i=64 repr=1366 active=32198/574450 POs=2897]
BMC : c =  401945  cl =  31986  lit =  573165  p =  1612  d =     0  f =  1285  +  T =     0.39 sec
  [bmc-prof  64] wall= 386.709 p=  2897 | ifo=  5.139(sd=0.841 nx=0.000 tfo=2.040 cnt=2.258) snap= 1.790 srm= 88.463 sat=241.765(set=4.414 slv=237.129 max=2.1313 n=2897) cex=R/T/F=0/0/1285 trsplit=0 sim=46.048(rmp=2.895 run=43.152 n=1 d=0) incr=loc/full/maxdirty/keys=0/0/0/0 chk= 0.014(d=1285) stat= 1.276 rest= 2.214
  [bmc-incr i=65 repr=1285 active=29799/573165 POs=2666]
BMC : c =  400844  cl =  31985  lit =  572037  p =  1538  d =     0  f =  1128  +  T =     0.36 sec
  [bmc-prof  65] wall= 359.130 p=  2666 | ifo=  6.261(sd=1.029 nx=0.000 tfo=2.705 cnt=2.528) snap= 1.477 srm=101.193 sat=200.897(set=4.322 slv=196.379 max=2.0172 n=2666) cex=R/T/F=0/0/1128 trsplit=0 sim=45.948(rmp=2.304 run=43.643 n=1 d=0) incr=loc/full/maxdirty/keys=0/0/0/0 chk= 0.011(d=1128) stat= 1.254 rest= 2.089
  [bmc-incr i=66 repr=1128 active=27805/572037 POs=2474]
BMC : c =  399859  cl =  31979  lit =  571024  p =  1461  d =     0  f =  1013  +  T =     0.34 sec
  [bmc-prof  66] wall= 339.553 p=  2474 | ifo=  6.323(sd=1.000 nx=0.000 tfo=2.806 cnt=2.517) snap= 1.739 srm= 95.934 sat=180.597(set=5.527 slv=174.890 max=2.0187 n=2474) cex=R/T/F=0/0/1013 trsplit=0 sim=51.960(rmp=2.217 run=49.741 n=1 d=0) incr=loc/full/maxdirty/keys=0/0/0/0 chk= 0.010(d=1013) stat= 1.105 rest= 1.886
  [bmc-incr i=67 repr=1013 active=24453/571024 POs=2279]
BMC : c =  398912  cl =  31976  lit =  570056  p =  1311  d =     0  f =   968  +  T =     0.33 sec
  [bmc-prof  67] wall= 334.579 p=  2279 | ifo=  5.073(sd=0.800 nx=0.000 tfo=2.038 cnt=2.235) snap= 1.462 srm= 98.377 sat=170.149(set=4.309 slv=165.665 max=2.1667 n=2279) cex=R/T/F=0/0/968 trsplit=0 sim=56.121(rmp=2.920 run=53.200 n=1 d=0) incr=loc/full/maxdirty/keys=0/0/0/0 chk= 0.009(d=968) stat= 1.199 rest= 2.188
  [bmc-incr i=68 repr=968 active=22542/570056 POs=2084]
BMC : c =  398090  cl =  31975  lit =  569214  p =  1242  d =     0  f =   842  +  T =     0.31 sec
  [bmc-prof  68] wall= 310.534 p=  2084 | ifo=  5.928(sd=1.128 nx=0.000 tfo=2.297 cnt=2.503) snap= 1.519 srm=100.533 sat=155.288(set=4.675 slv=150.459 max=1.9863 n=2084) cex=R/T/F=0/0/842 trsplit=0 sim=44.269(rmp=2.267 run=42.001 n=1 d=0) incr=loc/full/maxdirty/keys=0/0/0/0 chk= 0.011(d=842) stat= 1.060 rest= 1.927
  [bmc-incr i=69 repr=842 active=20410/569214 POs=1906]
BMC : c =  397339  cl =  31974  lit =  568443  p =  1135  d =     0  f =   771  +  T =     0.29 sec
  [bmc-prof  69] wall= 291.627 p=  1906 | ifo=  5.864(sd=1.031 nx=0.000 tfo=1.751 cnt=3.082) snap= 1.737 srm=100.850 sat=133.047(set=4.849 slv=128.067 max=2.1722 n=1906) cex=R/T/F=0/0/771 trsplit=0 sim=47.005(rmp=3.540 run=43.463 n=1 d=0) incr=loc/full/maxdirty/keys=0/0/0/0 chk= 0.007(d=771) stat= 1.099 rest= 2.019
  [bmc-incr i=70 repr=771 active=18794/568443 POs=1754]
BMC : c =  396644  cl =  31973  lit =  567731  p =  1042  d =     0  f =   712  +  T =     0.28 sec
  [bmc-prof  70] wall= 280.367 p=  1754 | ifo=  4.935(sd=0.797 nx=0.000 tfo=1.503 cnt=2.634) snap= 1.372 srm= 88.196 sat=135.605(set=4.385 slv=131.080 max=1.9838 n=1754) cex=R/T/F=0/0/712 trsplit=0 sim=47.345(rmp=2.190 run=45.153 n=1 d=0) incr=loc/full/maxdirty/keys=0/0/0/0 chk= 0.007(d=712) stat= 1.062 rest= 1.845
  [bmc-incr i=71 repr=712 active=17208/567731 POs=1606]
BMC : c =  396010  cl =  31971  lit =  567081  p =   956  d =     0  f =   650  +  T =     0.28 sec
  [bmc-prof  71] wall= 277.075 p=  1606 | ifo=  4.719(sd=0.790 nx=0.000 tfo=1.451 cnt=2.478) snap= 1.735 srm= 97.471 sat=119.409(set=4.700 slv=114.588 max=2.0328 n=1606) cex=R/T/F=0/0/650 trsplit=0 sim=50.278(rmp=2.304 run=47.972 n=1 d=0) incr=loc/full/maxdirty/keys=0/0/0/0 chk= 0.007(d=650) stat= 1.298 rest= 2.157
  [bmc-incr i=72 repr=650 active=15235/567081 POs=1422]
BMC : c =  395459  cl =  31970  lit =  566519  p =   860  d =     0  f =   562  +  T =     0.26 sec
  [bmc-prof  72] wall= 257.947 p=  1422 | ifo=  5.305(sd=1.024 nx=0.000 tfo=1.733 cnt=2.548) snap= 1.377 srm= 97.405 sat=106.140(set=4.677 slv=101.354 max=2.0070 n=1422) cex=R/T/F=0/0/562 trsplit=0 sim=44.749(rmp=2.193 run=42.553 n=1 d=0) incr=loc/full/maxdirty/keys=0/0/0/0 chk= 0.006(d=562) stat= 1.014 rest= 1.951
  [bmc-incr i=73 repr=562 active=13794/566519 POs=1281]
BMC : c =  395008  cl =  31968  lit =  566062  p =   824  d =     0  f =   457  +  T =     0.23 sec
  [bmc-prof  73] wall= 230.854 p=  1281 | ifo=  4.169(sd=0.792 nx=0.000 tfo=1.171 cnt=2.206) snap= 1.351 srm= 93.271 sat= 81.639(set=4.144 slv=77.411 max=2.0311 n=1281) cex=R/T/F=0/0/457 trsplit=0 sim=47.571(rmp=2.359 run=45.210 n=1 d=0) incr=loc/full/maxdirty/keys=0/0/0/0 chk= 0.004(d=457) stat= 1.041 rest= 1.808
  [bmc-incr i=74 repr=457 active=12584/566062 POs=1145]
BMC : c =  394636  cl =  31966  lit =  565686  p =   769  d =     0  f =   376  +  T =     0.23 sec
  [bmc-prof  74] wall= 227.945 p=  1145 | ifo=  4.101(sd=0.798 nx=0.000 tfo=1.106 cnt=2.197) snap= 1.395 srm= 99.541 sat= 70.309(set=5.007 slv=65.224 max=2.0822 n=1145) cex=R/T/F=0/0/376 trsplit=0 sim=49.627(rmp=2.233 run=47.392 n=1 d=0) incr=loc/full/maxdirty/keys=0/0/0/0 chk= 0.004(d=376) stat= 1.030 rest= 1.939
  [bmc-incr i=75 repr=376 active=11350/565686 POs=1010]
BMC : c =  394311  cl =  31963  lit =  565357  p =   681  d =     0  f =   329  +  T =     0.21 sec
  [bmc-prof  75] wall= 208.738 p=  1010 | ifo=  4.018(sd=0.795 nx=0.000 tfo=1.025 cnt=2.197) snap= 1.432 srm= 93.837 sat= 60.461(set=4.342 slv=56.051 max=1.9592 n=1010) cex=R/T/F=0/0/329 trsplit=0 sim=45.815(rmp=2.255 run=43.558 n=1 d=0) incr=loc/full/maxdirty/keys=0/0/0/0 chk= 0.004(d=329) stat= 1.148 rest= 2.024
  [bmc-incr i=76 repr=329 active=9058/565357 POs=750]
BMC : c =  394045  cl =  31963  lit =  565091  p =   484  d =     0  f =   266  +  T =     0.21 sec
  [bmc-prof  76] wall= 207.361 p=   750 | ifo=  3.933(sd=0.842 nx=0.000 tfo=0.765 cnt=2.326) snap= 1.745 srm=101.553 sat= 52.441(set=4.887 slv=47.500 max=2.0667 n=750) cex=R/T/F=0/0/266 trsplit=0 sim=44.687(rmp=2.182 run=42.503 n=1 d=0) incr=loc/full/maxdirty/keys=0/0/0/0 chk= 0.003(d=266) stat= 1.057 rest= 1.942
  [bmc-incr i=77 repr=266 active=7975/565091 POs=641]
BMC : c =  393815  cl =  31963  lit =  564861  p =   411  d =     0  f =   230  +  T =     0.19 sec
  [bmc-prof  77] wall= 193.069 p=   641 | ifo=  3.751(sd=0.779 nx=0.000 tfo=0.704 cnt=2.267) snap= 1.410 srm= 87.509 sat= 46.987(set=4.274 slv=42.662 max=1.9690 n=641) cex=R/T/F=0/0/230 trsplit=0 sim=50.154(rmp=2.315 run=47.838 n=1 d=0) incr=loc/full/maxdirty/keys=0/0/0/0 chk= 0.002(d=230) stat= 1.191 rest= 2.064
  [bmc-incr i=78 repr=230 active=6725/564861 POs=535]
BMC : c =  393617  cl =  31963  lit =  564663  p =   337  d =     0  f =   198  +  T =     0.19 sec
  [bmc-prof  78] wall= 190.420 p=   535 | ifo=  4.569(sd=1.031 nx=0.000 tfo=0.620 cnt=2.919) snap= 1.713 srm= 95.484 sat= 39.646(set=4.844 slv=34.761 max=1.9849 n=535) cex=R/T/F=0/0/198 trsplit=0 sim=44.477(rmp=2.232 run=42.242 n=1 d=0) incr=loc/full/maxdirty/keys=0/0/0/0 chk= 0.002(d=198) stat= 1.694 rest= 2.835
  [bmc-incr i=79 repr=198 active=6208/564663 POs=489]
BMC : c =  393449  cl =  31963  lit =  564495  p =   321  d =     0  f =   168  +  T =     0.19 sec
  [bmc-prof  79] wall= 186.507 p=   489 | ifo= 10.249(sd=2.720 nx=0.000 tfo=1.508 cnt=6.021) snap= 1.367 srm= 90.043 sat= 36.917(set=5.892 slv=30.989 max=2.1375 n=489) cex=R/T/F=0/0/168 trsplit=0 sim=44.883(rmp=2.388 run=42.493 n=1 d=0) incr=loc/full/maxdirty/keys=0/0/0/0 chk= 0.002(d=168) stat= 1.018 rest= 2.028
  [bmc-incr i=80 repr=168 active=5600/564495 POs=445]
BMC : c =  393306  cl =  31963  lit =  564352  p =   302  d =     0  f =   143  +  T =     0.17 sec
  [bmc-prof  80] wall= 172.714 p=   445 | ifo=  3.563(sd=0.785 nx=0.000 tfo=0.491 cnt=2.287) snap= 1.382 srm= 87.593 sat= 32.091(set=4.299 slv=27.761 max=2.2917 n=445) cex=R/T/F=0/0/143 trsplit=0 sim=44.865(rmp=2.300 run=42.562 n=1 d=0) incr=loc/full/maxdirty/keys=0/0/0/0 chk= 0.002(d=143) stat= 1.111 rest= 2.108
  [bmc-incr i=81 repr=143 active=5227/564352 POs=419]
BMC : c =  393174  cl =  31963  lit =  564220  p =   287  d =     0  f =   132  +  T =     0.18 sec
  [bmc-prof  81] wall= 183.515 p=   419 | ifo=  3.511(sd=0.795 nx=0.000 tfo=0.448 cnt=2.269) snap= 1.365 srm= 90.018 sat= 30.290(set=4.503 slv=25.758 max=1.9969 n=419) cex=R/T/F=0/0/132 trsplit=0 sim=54.420(rmp=2.206 run=52.213 n=1 d=0) incr=loc/full/maxdirty/keys=0/0/0/0 chk= 0.003(d=132) stat= 1.359 rest= 2.548
  [bmc-incr i=82 repr=132 active=3110/564220 POs=295]
BMC : c =  393059  cl =  31963  lit =  564105  p =   180  d =     0  f =   115  +  T =     0.18 sec
  [bmc-prof  82] wall= 178.566 p=   295 | ifo=  4.569(sd=1.317 nx=0.000 tfo=0.473 cnt=2.779) snap= 1.380 srm= 92.757 sat= 26.598(set=4.502 slv=22.073 max=2.0428 n=295) cex=R/T/F=0/0/115 trsplit=0 sim=50.265(rmp=2.239 run=48.023 n=1 d=0) incr=loc/full/maxdirty/keys=0/0/0/0 chk= 0.002(d=115) stat= 1.039 rest= 1.956
  [bmc-incr i=83 repr=115 active=2719/564105 POs=251]
BMC : c =  392968  cl =  31963  lit =  564014  p =   160  d =     0  f =    91  +  T =     0.17 sec
  [bmc-prof  83] wall= 175.126 p=   251 | ifo=  3.368(sd=0.815 nx=0.000 tfo=0.335 cnt=2.218) snap= 1.950 srm= 94.398 sat= 23.085(set=4.900 slv=18.166 max=2.1709 n=251) cex=R/T/F=0/0/91 trsplit=0 sim=48.962(rmp=2.885 run=46.075 n=1 d=0) incr=loc/full/maxdirty/keys=0/0/0/0 chk= 0.001(d=91) stat= 1.183 rest= 2.178
  [bmc-incr i=84 repr=91 active=2377/564014 POs=224]
BMC : c =  392887  cl =  31963  lit =  563933  p =   143  d =     0  f =    81  +  T =     0.17 sec
  [bmc-prof  84] wall= 175.707 p=   224 | ifo=  4.380(sd=1.023 nx=0.000 tfo=0.327 cnt=3.030) snap= 1.375 srm= 95.337 sat= 21.562(set=4.319 slv=17.226 max=2.0445 n=224) cex=R/T/F=0/0/81 trsplit=0 sim=50.151(rmp=2.210 run=47.939 n=1 d=0) incr=loc/full/maxdirty/keys=0/0/0/0 chk= 0.001(d=81) stat= 1.038 rest= 1.863
  [bmc-incr i=85 repr=81 active=1230/563933 POs=153]
BMC : c =  392824  cl =  31963  lit =  563870  p =    90  d =     0  f =    63  +  T =     0.17 sec
  [bmc-prof  85] wall= 169.754 p=   153 | ifo=  3.404(sd=0.907 nx=0.000 tfo=0.252 cnt=2.245) snap= 2.100 srm= 95.743 sat= 18.846(set=5.138 slv=13.693 max=2.0494 n=153) cex=R/T/F=0/0/63 trsplit=0 sim=46.522(rmp=3.010 run=43.509 n=1 d=0) incr=loc/full/maxdirty/keys=0/0/0/0 chk= 0.001(d=63) stat= 1.112 rest= 2.026
  [bmc-incr i=86 repr=63 active=967/563870 POs=129]
BMC : c =  392771  cl =  31963  lit =  563817  p =    76  d =     0  f =    53  +  T =     0.16 sec
  [bmc-prof  86] wall= 160.353 p=   129 | ifo=  3.366(sd=0.831 nx=0.000 tfo=0.224 cnt=2.311) snap= 1.390 srm= 91.550 sat= 15.513(set=4.624 slv=10.871 max=2.0577 n=129) cex=R/T/F=0/0/53 trsplit=0 sim=45.572(rmp=2.326 run=43.243 n=1 d=0) incr=loc/full/maxdirty/keys=0/0/0/0 chk= 0.001(d=53) stat= 1.029 rest= 1.934
  [bmc-incr i=87 repr=53 active=760/563817 POs=102]
BMC : c =  392729  cl =  31962  lit =  563774  p =    59  d =     0  f =    43  +  T =     0.17 sec
  [bmc-prof  87] wall= 166.504 p=   102 | ifo=  3.259(sd=0.786 nx=0.000 tfo=0.191 cnt=2.281) snap= 2.189 srm= 98.336 sat= 14.781(set=5.040 slv=9.729 max=3.1020 n=102) cex=R/T/F=0/0/43 trsplit=0 sim=44.868(rmp=2.496 run=42.370 n=1 d=0) incr=loc/full/maxdirty/keys=0/0/0/0 chk= 0.001(d=43) stat= 1.097 rest= 1.974
  [bmc-incr i=88 repr=43 active=567/563774 POs=85]
BMC : c =  392695  cl =  31962  lit =  563740  p =    51  d =     0  f =    34  +  T =     0.13 sec
  [bmc-prof  88] wall= 135.086 p=    85 | ifo=  3.322(sd=0.788 nx=0.000 tfo=0.176 cnt=2.358) snap= 1.378 srm= 76.725 sat=  5.255(set=0.227 slv=5.021 max=0.3212 n=85) cex=R/T/F=0/0/34 trsplit=0 sim=45.752(rmp=2.297 run=43.453 n=1 d=0) incr=loc/full/maxdirty/keys=0/0/0/0 chk= 0.001(d=34) stat= 1.038 rest= 1.616
  [bmc-incr i=89 repr=34 active=431/563740 POs=62]
BMC : c =  392672  cl =  31962  lit =  563717  p =    39  d =     0  f =    23  +  T =     0.13 sec
  [bmc-prof  89] wall= 136.077 p=    62 | ifo=  3.216(sd=0.798 nx=0.000 tfo=0.153 cnt=2.265) snap= 1.412 srm= 78.435 sat=  3.559(set=0.185 slv=3.368 max=0.3501 n=62) cex=R/T/F=0/0/23 trsplit=0 sim=46.361(rmp=2.328 run=44.031 n=1 d=0) incr=loc/full/maxdirty/keys=0/0/0/0 chk= 0.001(d=23) stat= 1.275 rest= 1.818
  [bmc-incr i=90 repr=23 active=358/563717 POs=50]
BMC : c =  392656  cl =  31962  lit =  563701  p =    34  d =     0  f =    16  +  T =     0.14 sec
  [bmc-prof  90] wall= 145.018 p=    50 | ifo=  3.768(sd=1.007 nx=0.000 tfo=0.138 cnt=2.624) snap= 1.476 srm= 87.894 sat=  2.304(set=0.110 slv=2.189 max=0.2992 n=50) cex=R/T/F=0/0/16 trsplit=0 sim=46.875(rmp=2.539 run=44.334 n=1 d=0) incr=loc/full/maxdirty/keys=0/0/0/0 chk= 0.001(d=16) stat= 1.076 rest= 1.623
  [bmc-incr i=91 repr=16 active=290/563701 POs=39]
BMC : c =  392642  cl =  31962  lit =  563687  p =    25  d =     0  f =    14  +  T =     0.13 sec
  [bmc-prof  91] wall= 132.857 p=    39 | ifo=  3.185(sd=0.801 nx=0.000 tfo=0.125 cnt=2.259) snap= 1.375 srm= 78.520 sat=  2.072(set=0.104 slv=1.963 max=0.3011 n=39) cex=R/T/F=0/0/14 trsplit=0 sim=45.065(rmp=2.297 run=42.766 n=1 d=0) incr=loc/full/maxdirty/keys=0/0/0/0 chk= 0.001(d=14) stat= 1.054 rest= 1.585
  [bmc-incr i=92 repr=14 active=246/563687 POs=34]
BMC : c =  392628  cl =  31962  lit =  563673  p =    20  d =     0  f =    14  +  T =     0.12 sec
  [bmc-prof  92] wall= 125.720 p=    34 | ifo=  3.184(sd=0.793 nx=0.000 tfo=0.116 cnt=2.275) snap= 1.350 srm= 70.543 sat=  2.021(set=0.084 slv=1.934 max=0.2750 n=34) cex=R/T/F=0/0/14 trsplit=0 sim=44.530(rmp=2.257 run=42.271 n=1 d=0) incr=loc/full/maxdirty/keys=0/0/0/0 chk= 0.001(d=14) stat= 2.050 rest= 2.041
  [bmc-incr i=93 repr=14 active=190/563673 POs=24]
BMC : c =  392616  cl =  31962  lit =  563661  p =    12  d =     0  f =    12  +  T =     0.14 sec
  [bmc-prof  93] wall= 140.332 p=    24 | ifo= 12.422(sd=3.399 nx=0.000 tfo=0.236 cnt=8.787) snap= 1.363 srm= 78.507 sat=  1.693(set=0.085 slv=1.604 max=0.2369 n=24) cex=R/T/F=0/0/12 trsplit=0 sim=43.793(rmp=2.225 run=41.567 n=1 d=0) incr=loc/full/maxdirty/keys=0/0/0/0 chk= 0.000(d=12) stat= 1.042 rest= 1.513
  [bmc-incr i=94 repr=12 active=160/563661 POs=20]
BMC : c =  392606  cl =  31962  lit =  563651  p =    10  d =     0  f =    10  +  T =     0.14 sec
  [bmc-prof  94] wall= 142.981 p=    20 | ifo=  3.166(sd=0.784 nx=0.000 tfo=0.056 cnt=2.325) snap= 1.732 srm= 88.305 sat=  1.208(set=0.076 slv=1.129 max=0.1603 n=20) cex=R/T/F=0/0/10 trsplit=0 sim=45.771(rmp=2.867 run=42.902 n=1 d=0) incr=loc/full/maxdirty/keys=0/0/0/0 chk= 0.001(d=10) stat= 1.044 rest= 1.755
  [bmc-incr i=95 repr=10 active=141/563651 POs=14]
BMC : c =  392602  cl =  31962  lit =  563647  p =    10  d =     0  f =     4  +  T =     0.13 sec
  [bmc-prof  95] wall= 126.684 p=    14 | ifo=  3.170(sd=0.790 nx=0.000 tfo=0.053 cnt=2.327) snap= 1.369 srm= 73.106 sat=  0.614(set=0.055 slv=0.557 max=0.1491 n=14) cex=R/T/F=0/0/4 trsplit=0 sim=45.801(rmp=2.243 run=43.555 n=1 d=0) incr=loc/full/maxdirty/keys=0/0/0/0 chk= 0.000(d=4) stat= 1.051 rest= 1.573
  [bmc-incr i=96 repr=4 active=122/563647 POs=12]
BMC : c =  392598  cl =  31962  lit =  563643  p =     8  d =     0  f =     4  +  T =     0.13 sec
  [bmc-prof  96] wall= 135.580 p=    12 | ifo=  3.186(sd=0.807 nx=0.000 tfo=0.017 cnt=2.362) snap= 1.350 srm= 71.809 sat=  0.551(set=0.034 slv=0.514 max=0.1627 n=12) cex=R/T/F=0/0/4 trsplit=0 sim=55.600(rmp=2.226 run=53.372 n=1 d=0) incr=loc/full/maxdirty/keys=0/0/0/0 chk= 0.001(d=4) stat= 1.245 rest= 1.837
  [bmc-incr i=97 repr=4 active=118/563643 POs=12]
BMC : c =  392594  cl =  31962  lit =  563639  p =     8  d =     0  f =     4  +  T =     0.12 sec
  [bmc-prof  97] wall= 121.195 p=    12 | ifo=  3.163(sd=0.845 nx=0.000 tfo=0.015 cnt=2.303) snap= 1.342 srm= 68.616 sat=  0.596(set=0.036 slv=0.558 max=0.1776 n=12) cex=R/T/F=0/0/4 trsplit=0 sim=44.880(rmp=2.208 run=42.670 n=1 d=0) incr=loc/full/maxdirty/keys=0/0/0/0 chk= 0.000(d=4) stat= 1.054 rest= 1.543
  [bmc-incr i=98 repr=4 active=101/563639 POs=12]
BMC : c =  392590  cl =  31962  lit =  563635  p =     8  d =     0  f =     4  +  T =     0.12 sec
  [bmc-prof  98] wall= 123.542 p=    12 | ifo=  3.099(sd=0.794 nx=0.000 tfo=0.013 cnt=2.292) snap= 1.363 srm= 72.196 sat=  0.592(set=0.035 slv=0.555 max=0.1790 n=12) cex=R/T/F=0/0/4 trsplit=0 sim=43.578(rmp=2.221 run=41.355 n=1 d=0) incr=loc/full/maxdirty/keys=0/0/0/0 chk= 0.000(d=4) stat= 1.141 rest= 1.572
  [bmc-incr i=99 repr=4 active=97/563635 POs=12]
BMC : c =  392586  cl =  31962  lit =  563631  p =     8  d =     0  f =     4  +  T =     0.13 sec
  [bmc-prof  99] wall= 127.530 p=    12 | ifo=  3.137(sd=0.812 nx=0.000 tfo=0.014 cnt=2.312) snap= 1.379 srm= 69.425 sat=  0.655(set=0.041 slv=0.612 max=0.2159 n=12) cex=R/T/F=0/0/4 trsplit=0 sim=50.216(rmp=2.869 run=47.345 n=1 d=0) incr=loc/full/maxdirty/keys=0/0/0/0 chk= 0.000(d=4) stat= 1.062 rest= 1.656
  [bmc-incr i=100 repr=4 active=80/563631 POs=12]
BMC : c =  392582  cl =  31962  lit =  563627  p =     8  d =     0  f =     4  +  T =     0.13 sec
  [bmc-prof 100] wall= 126.368 p=    12 | ifo=  3.151(sd=0.805 nx=0.000 tfo=0.012 cnt=2.334) snap= 1.445 srm= 73.434 sat=  0.650(set=0.037 slv=0.610 max=0.2096 n=12) cex=R/T/F=0/0/4 trsplit=0 sim=45.011(rmp=2.311 run=42.697 n=1 d=0) incr=loc/full/maxdirty/keys=0/0/0/0 chk= 0.001(d=4) stat= 1.050 rest= 1.628
  [bmc-incr i=101 repr=4 active=76/563627 POs=12]
BMC : c =  392578  cl =  31962  lit =  563623  p =     8  d =     0  f =     4  +  T =     0.12 sec
  [bmc-prof 101] wall= 123.519 p=    12 | ifo=  3.140(sd=0.806 nx=0.000 tfo=0.012 cnt=2.322) snap= 1.346 srm= 68.732 sat=  0.679(set=0.035 slv=0.641 max=0.2033 n=12) cex=R/T/F=0/0/4 trsplit=0 sim=47.044(rmp=2.222 run=44.820 n=1 d=0) incr=loc/full/maxdirty/keys=0/0/0/0 chk= 0.001(d=4) stat= 1.038 rest= 1.539
  [bmc-incr i=102 repr=4 active=57/563623 POs=10]
BMC : c =  392574  cl =  31962  lit =  563619  p =     6  d =     0  f =     4  +  T =     0.12 sec
  [bmc-prof 102] wall= 122.726 p=    10 | ifo=  3.129(sd=0.811 nx=0.000 tfo=0.011 cnt=2.307) snap= 1.922 srm= 69.849 sat=  0.837(set=0.042 slv=0.791 max=0.2676 n=10) cex=R/T/F=0/0/4 trsplit=0 sim=44.387(rmp=2.305 run=42.081 n=1 d=0) incr=loc/full/maxdirty/keys=0/0/0/0 chk= 0.000(d=4) stat= 1.071 rest= 1.531
  [bmc-incr i=103 repr=4 active=53/563619 POs=8]
BMC : c =  392572  cl =  31962  lit =  563617  p =     6  d =     0  f =     2  +  T =     0.12 sec
  [bmc-prof 103] wall= 122.947 p=     8 | ifo=  3.199(sd=0.822 nx=0.000 tfo=0.012 cnt=2.366) snap= 1.476 srm= 70.607 sat=  0.332(set=0.035 slv=0.295 max=0.2005 n=8) cex=R/T/F=0/0/2 trsplit=0 sim=44.665(rmp=2.319 run=42.345 n=1 d=0) incr=loc/full/maxdirty/keys=0/0/0/0 chk= 0.000(d=2) stat= 1.086 rest= 1.581
  [bmc-incr i=104 repr=2 active=35/563617 POs=5]
BMC : c =  392570  cl =  31962  lit =  563615  p =     3  d =     0  f =     2  +  T =     0.12 sec
  [bmc-prof 104] wall= 125.918 p=     5 | ifo=  3.169(sd=0.818 nx=0.000 tfo=0.009 cnt=2.342) snap= 1.427 srm= 73.779 sat=  0.358(set=0.038 slv=0.318 max=0.2140 n=5) cex=R/T/F=0/0/2 trsplit=0 sim=44.538(rmp=2.322 run=42.214 n=1 d=0) incr=loc/full/maxdirty/keys=0/0/0/0 chk= 0.000(d=2) stat= 1.069 rest= 1.577
  [bmc-incr i=105 repr=2 active=33/563615 POs=5]
BMC : c =  392568  cl =  31962  lit =  563613  p =     3  d =     0  f =     2  +  T =     0.12 sec
  [bmc-prof 105] wall= 122.017 p=     5 | ifo=  3.077(sd=0.783 nx=0.000 tfo=0.009 cnt=2.285) snap= 1.352 srm= 70.233 sat=  0.354(set=0.034 slv=0.317 max=0.2253 n=5) cex=R/T/F=0/0/2 trsplit=0 sim=44.388(rmp=2.319 run=42.068 n=1 d=0) incr=loc/full/maxdirty/keys=0/0/0/0 chk= 0.001(d=2) stat= 1.044 rest= 1.567
  [bmc-incr i=106 repr=2 active=11/563613 POs=2]
BMC : c =  392566  cl =  31962  lit =  563611  p =     0  d =     0  f =     2  +  T =     0.13 sec
  [bmc-prof 106] wall= 133.369 p=     2 | ifo=  3.124(sd=0.804 nx=0.000 tfo=0.008 cnt=2.312) snap= 1.403 srm= 79.181 sat=  0.350(set=0.034 slv=0.314 max=0.2286 n=2) cex=R/T/F=0/0/2 trsplit=0 sim=46.306(rmp=2.223 run=44.081 n=1 d=0) incr=loc/full/maxdirty/keys=0/0/0/0 chk= 0.000(d=2) stat= 1.305 rest= 1.699
  [bmc-incr i=107 repr=2 active=9/563611 POs=2]
BMC : c =  392564  cl =  31962  lit =  563609  p =     0  d =     0  f =     2  +  T =     0.12 sec
  [bmc-prof 107] wall= 123.178 p=     2 | ifo=  3.549(sd=1.009 nx=0.000 tfo=0.007 cnt=2.534) snap= 1.391 srm= 70.864 sat=  0.215(set=0.036 slv=0.177 max=0.0957 n=2) cex=R/T/F=0/0/2 trsplit=0 sim=44.467(rmp=2.293 run=42.173 n=1 d=0) incr=loc/full/maxdirty/keys=0/0/0/0 chk= 0.000(d=2) stat= 1.118 rest= 1.572
  [bmc-incr i=108 repr=2 active=3/563609 POs=0]
  [bmc-prof ALL] wall=115812.288 p=2696198 | ifo=1276.710(sd=100.322 nx=0.000 tfo=907.056 cnt=269.332) snap=164.601 srm=9520.310 sat=97894.897(set=370.963 slv=97356.533 max=5.6019 n=2696198) cex=R/T/F=62791/0/510047 trsplit=0 sim=6585.121(rmp=258.739 run=6326.184 n=108 d=59251) incr=loc/full/maxdirty/keys=0/0/0/0 chk=39.222(d=504430) stat=129.686 rest=201.742
  1 : c =  390406  cl =  31747  lit =  557849  p =128795  d =     0  f =  5836  +  T =     0.86 sec
  [prof   1] wall= 858.089 p=134631 | ifo=  0.000(sd=0.000 nx=0.000 tfo=0.000 cnt=0.000) snap= 1.357 srm=144.790 sat=527.044(set=9.411 slv=510.522 max=0.8959 n=134631) cex=R/T/F=0/0/5836 trsplit=0 sim=180.758(rmp=2.850 run=177.906 n=1 d=0) incr=loc/full/maxdirty/keys=0/1/0/4728567 chk= 0.430(d=5760) stat= 1.159 rest= 2.551
  2 : c =  387920  cl =  31615  lit =  552365  p =131241  d =     0  f =  5514  +  T =     0.68 sec
  [prof   2] wall= 677.824 p=136755 | ifo= 29.719(sd=0.844 nx=0.780 tfo=26.109 cnt=1.985) snap= 1.385 srm=156.527 sat=484.154(set=9.756 slv=467.471 max=1.9394 n=136755) cex=R/T/F=0/0/5514 trsplit=0 sim= 2.393(rmp=2.331 run=0.062 n=1 d=0) incr=loc/full/maxdirty/keys=1/0/0/4728567 chk= 0.327(d=5484) stat= 1.171 rest= 2.150
  3 : c =  383893  cl =  31468  lit =  546427  p =132015  d =     0  f =  5976  -  T =     0.80 sec
  [prof   3] wall= 801.769 p=137991 | ifo= 25.718(sd=0.820 nx=0.729 tfo=22.221 cnt=1.948) snap= 1.475 srm=251.311 sat=516.054(set=16.578 slv=492.246 max=0.8401 n=137991) cex=R/T/F=0/0/5976 trsplit=0 sim= 3.237(rmp=3.177 run=0.060 n=1 d=0) incr=loc/full/maxdirty/keys=1/0/0/4728567 chk= 0.301(d=5938) stat= 1.157 rest= 2.515
  4 : c =  379812  cl =  31390  lit =  538605  p =135209  d =     0  f =  7848  -  T =     0.79 sec
  [prof   4] wall= 794.210 p=143057 | ifo= 25.819(sd=0.885 nx=0.738 tfo=22.202 cnt=1.994) snap= 1.456 srm=115.513 sat=644.397(set=8.209 slv=628.585 max=0.8236 n=143057) cex=R/T/F=0/0/7848 trsplit=0 sim= 3.505(rmp=3.434 run=0.071 n=1 d=0) incr=loc/full/maxdirty/keys=1/0/0/4728567 chk= 0.447(d=7822) stat= 1.195 rest= 1.878
  5 : c =  375678  cl =  31323  lit =  530746  p =138457  d =     0  f =  7873  -  T =     0.78 sec
  [prof   5] wall= 783.178 p=146330 | ifo= 24.995(sd=0.869 nx=0.714 tfo=21.410 cnt=2.003) snap= 1.526 srm= 97.131 sat=652.368(set=8.398 slv=636.239 max=5.5135 n=146330) cex=R/T/F=0/0/7873 trsplit=0 sim= 3.407(rmp=3.344 run=0.062 n=1 d=0) incr=loc/full/maxdirty/keys=1/0/0/4728567 chk= 0.458(d=7859) stat= 1.246 rest= 2.047
  6 : c =  371481  cl =  31227  lit =  522826  p =141674  d =     0  f =  7938  -  T =     0.79 sec
  [prof   6] wall= 788.491 p=149612 | ifo= 25.099(sd=0.891 nx=0.739 tfo=21.439 cnt=2.030) snap= 1.422 srm= 98.612 sat=657.809(set=8.124 slv=641.709 max=1.2443 n=149612) cex=R/T/F=0/0/7938 trsplit=0 sim= 2.327(rmp=2.264 run=0.062 n=1 d=0) incr=loc/full/maxdirty/keys=1/0/0/4728567 chk= 0.387(d=7920) stat= 1.121 rest= 1.713
  7 : c =  367152  cl =  31027  lit =  514773  p =144593  d =     0  f =  8086  -  T =     0.82 sec
  [prof   7] wall= 817.501 p=152679 | ifo= 24.654(sd=0.849 nx=0.745 tfo=21.092 cnt=1.967) snap= 1.424 srm=112.239 sat=673.622(set=9.269 slv=656.291 max=0.6030 n=152679) cex=R/T/F=0/0/8086 trsplit=0 sim= 2.341(rmp=2.278 run=0.062 n=1 d=0) incr=loc/full/maxdirty/keys=1/0/0/4728567 chk= 0.379(d=8053) stat= 1.150 rest= 1.693
  8 : c =  362510  cl =  30743  lit =  506496  p =146671  d =     0  f =  8295  -  T =     0.85 sec
  [prof   8] wall= 854.304 p=154966 | ifo= 26.982(sd=0.830 nx=0.670 tfo=21.727 cnt=3.754) snap= 1.389 srm=104.327 sat=716.218(set=7.885 slv=699.781 max=0.8468 n=154966) cex=R/T/F=0/0/8295 trsplit=0 sim= 2.318(rmp=2.256 run=0.062 n=1 d=0) incr=loc/full/maxdirty/keys=1/0/0/4728567 chk= 0.366(d=8277) stat= 1.122 rest= 1.582
  9 : c =  357628  cl =  30388  lit =  498086  p =148075  d =     0  f =  8426  -  T =     0.86 sec
  [prof   9] wall= 858.365 p=156501 | ifo= 23.629(sd=0.863 nx=0.677 tfo=20.187 cnt=1.902) snap= 1.383 srm=102.602 sat=724.723(set=8.026 slv=708.519 max=1.2316 n=156501) cex=R/T/F=0/0/8426 trsplit=0 sim= 2.359(rmp=2.292 run=0.066 n=1 d=0) incr=loc/full/maxdirty/keys=1/0/0/4728567 chk= 0.365(d=8410) stat= 1.679 rest= 1.625
 10 : c =  352519  cl =  29986  lit =  489617  p =149211  d =     0  f =  8482  -  T =     0.87 sec
  [prof  10] wall= 874.381 p=157693 | ifo= 24.284(sd=0.876 nx=0.707 tfo=20.805 cnt=1.897) snap= 1.418 srm= 89.790 sat=753.232(set=8.122 slv=736.773 max=1.5248 n=157693) cex=R/T/F=0/0/8482 trsplit=0 sim= 2.430(rmp=2.366 run=0.063 n=1 d=0) incr=loc/full/maxdirty/keys=1/0/0/4728567 chk= 0.349(d=8469) stat= 1.203 rest= 1.674
 11 : c =  347206  cl =  29572  lit =  481124  p =149938  d =     0  f =  8503  -  T =     0.92 sec
  [prof  11] wall= 923.328 p=158441 | ifo= 22.552(sd=0.901 nx=0.765 tfo=18.960 cnt=1.926) snap= 1.443 srm=103.145 sat=790.429(set=9.641 slv=772.326 max=1.0520 n=158441) cex=R/T/F=0/0/8503 trsplit=0 sim= 2.556(rmp=2.495 run=0.060 n=1 d=0) incr=loc/full/maxdirty/keys=1/0/0/4728567 chk= 0.352(d=8493) stat= 1.192 rest= 1.660
 12 : c =  341739  cl =  29176  lit =  472706  p =150566  d =     0  f =  8425  -  T =     0.93 sec
  [prof  12] wall= 928.554 p=158991 | ifo= 22.513(sd=0.836 nx=0.737 tfo=19.043 cnt=1.897) snap= 1.420 srm=104.666 sat=794.492(set=8.331 slv=777.815 max=1.8268 n=158991) cex=R/T/F=0/0/8425 trsplit=0 sim= 2.345(rmp=2.283 run=0.062 n=1 d=0) incr=loc/full/maxdirty/keys=1/0/0/4728567 chk= 0.335(d=8418) stat= 1.159 rest= 1.623
 13 : c =  336299  cl =  28777  lit =  464509  p =150829  d =     0  f =  8202  -  T =     0.91 sec
  [prof  13] wall= 910.050 p=159031 | ifo= 22.333(sd=0.835 nx=0.686 tfo=18.881 cnt=1.932) snap= 1.434 srm= 91.511 sat=789.300(set=8.317 slv=772.553 max=0.5376 n=159031) cex=R/T/F=0/0/8202 trsplit=0 sim= 2.338(rmp=2.276 run=0.061 n=1 d=0) incr=loc/full/maxdirty/keys=1/0/0/4728567 chk= 0.334(d=8197) stat= 1.196 rest= 1.603
 14 : c =  330538  cl =  28371  lit =  456177  p =150497  d =     0  f =  8334  -  T =     0.94 sec
  [prof  14] wall= 943.787 p=158831 | ifo= 21.751(sd=0.852 nx=0.739 tfo=18.254 cnt=1.905) snap= 1.768 srm= 97.398 sat=816.690(set=9.332 slv=798.821 max=0.9517 n=158831) cex=R/T/F=0/0/8334 trsplit=0 sim= 2.373(rmp=2.311 run=0.062 n=1 d=0) incr=loc/full/maxdirty/keys=1/0/0/4728567 chk= 0.297(d=8332) stat= 1.908 rest= 1.601
 15 : c =  324405  cl =  27983  lit =  447694  p =149799  d =     0  f =  8485  -  T =     1.01 sec
  [prof  15] wall=1013.968 p=158284 | ifo= 31.175(sd=1.082 nx=0.899 tfo=27.233 cnt=1.960) snap= 1.396 srm= 94.874 sat=879.529(set=9.027 slv=861.806 max=1.5387 n=158284) cex=R/T/F=0/0/8485 trsplit=0 sim= 3.034(rmp=2.956 run=0.077 n=1 d=0) incr=loc/full/maxdirty/keys=1/0/0/4728567 chk= 0.380(d=8483) stat= 1.548 rest= 2.034
 16 : c =  318036  cl =  27603  lit =  439157  p =148816  d =     0  f =  8537  -  T =     1.04 sec
  [prof  16] wall=1037.218 p=157353 | ifo= 27.301(sd=0.870 nx=0.731 tfo=23.460 cnt=2.239) snap= 1.470 srm= 96.254 sat=906.638(set=8.432 slv=889.839 max=2.1549 n=157353) cex=R/T/F=0/0/8537 trsplit=0 sim= 2.295(rmp=2.231 run=0.063 n=1 d=0) incr=loc/full/maxdirty/keys=1/0/0/4728567 chk= 0.276(d=8537) stat= 1.140 rest= 1.844
 17 : c =  311579  cl =  27243  lit =  430719  p =147685  d =     0  f =  8440  -  T =     1.02 sec
  [prof  17] wall=1017.584 p=156125 | ifo= 21.980(sd=0.844 nx=0.750 tfo=18.456 cnt=1.930) snap= 1.755 srm=106.574 sat=881.846(set=9.023 slv=864.806 max=0.5826 n=156125) cex=R/T/F=0/0/8440 trsplit=0 sim= 2.424(rmp=2.285 run=0.138 n=1 d=0) incr=loc/full/maxdirty/keys=1/0/0/4728567 chk= 0.261(d=8438) stat= 1.156 rest= 1.587
 18 : c =  305010  cl =  26880  lit =  422350  p =146084  d =     0  f =  8371  -  T =     1.08 sec
  [prof  18] wall=1079.007 p=154455 | ifo= 21.343(sd=0.837 nx=0.729 tfo=17.884 cnt=1.892) snap= 1.459 srm=108.334 sat=941.137(set=8.290 slv=924.510 max=2.5065 n=154455) cex=R/T/F=0/0/8371 trsplit=0 sim= 3.043(rmp=2.967 run=0.076 n=1 d=0) incr=loc/full/maxdirty/keys=1/0/0/4728567 chk= 0.301(d=8369) stat= 1.382 rest= 2.007
  [incr r=18 repr=8393 next=3221 tfo=1183531 active=310577/449230 POs=65011]
 19 : c =  298348  cl =  26510  lit =  414060  p = 56720  d =     0  f =  8291  -  T =     0.90 sec
  [prof  19] wall= 899.544 p= 65011 | ifo= 21.891(sd=1.052 nx=1.012 tfo=17.867 cnt=1.959) snap= 1.414 srm= 77.554 sat=793.097(set=6.793 slv=782.736 max=0.8534 n=65011) cex=R/T/F=0/0/8291 trsplit=0 sim= 2.535(rmp=2.467 run=0.067 n=1 d=0) incr=loc/full/maxdirty/keys=1/0/0/4728567 chk= 0.207(d=8290) stat= 1.167 rest= 1.679
  [incr r=19 repr=8303 next=2868 tfo=1171978 active=298894/440570 POs=62353]
 20 : c =  291627  cl =  26091  lit =  405821  p = 54113  d =     0  f =  8240  -  T =     0.99 sec
  [prof  20] wall= 993.806 p= 62353 | ifo= 30.028(sd=0.833 nx=0.729 tfo=26.502 cnt=1.964) snap= 1.761 srm= 80.557 sat=876.126(set=7.412 slv=864.900 max=1.9545 n=62353) cex=R/T/F=0/0/8240 trsplit=0 sim= 2.382(rmp=2.304 run=0.078 n=1 d=0) incr=loc/full/maxdirty/keys=1/0/0/4728567 chk= 0.182(d=8239) stat= 1.168 rest= 1.602
  [incr r=20 repr=8249 next=2585 tfo=1158890 active=286842/431912 POs=59248]
 21 : c =  284859  cl =  25693  lit =  397693  p = 51116  d =     0  f =  8132  -  T =     0.99 sec
  [prof  21] wall= 986.848 p= 59248 | ifo= 21.824(sd=0.823 nx=0.736 tfo=18.224 cnt=2.040) snap= 1.424 srm= 79.984 sat=877.082(set=6.699 slv=866.879 max=1.2035 n=59248) cex=R/T/F=0/0/8132 trsplit=0 sim= 2.948(rmp=2.875 run=0.072 n=1 d=0) incr=loc/full/maxdirty/keys=1/0/0/4728567 chk= 0.202(d=8128) stat= 1.305 rest= 2.079
  [incr r=21 repr=8169 next=2263 tfo=1149955 active=276244/423386 POs=55953]
 22 : c =  277882  cl =  25282  lit =  389494  p = 47741  d =     0  f =  8212  -  T =     1.04 sec
  [prof  22] wall=1037.643 p= 55953 | ifo= 22.610(sd=1.069 nx=0.998 tfo=18.676 cnt=1.867) snap= 1.386 srm= 83.470 sat=924.828(set=6.739 slv=914.736 max=1.4692 n=55953) cex=R/T/F=0/0/8212 trsplit=0 sim= 2.331(rmp=2.271 run=0.060 n=1 d=0) incr=loc/full/maxdirty/keys=1/0/0/4728567 chk= 0.165(d=8199) stat= 1.215 rest= 1.638
  [incr r=22 repr=8228 next=1978 tfo=1130883 active=263344/414776 POs=52273]
 23 : c =  270874  cl =  24925  lit =  381424  p = 44191  d =     0  f =  8082  -  T =     1.02 sec
  [prof  23] wall=1018.050 p= 52273 | ifo= 21.360(sd=0.853 nx=0.720 tfo=17.873 cnt=1.914) snap= 1.743 srm= 90.086 sat=899.529(set=7.310 slv=889.148 max=0.6431 n=52273) cex=R/T/F=0/0/8082 trsplit=0 sim= 2.349(rmp=2.286 run=0.063 n=1 d=0) incr=loc/full/maxdirty/keys=1/0/0/4728567 chk= 0.157(d=8070) stat= 1.179 rest= 1.646
  [incr r=23 repr=8145 next=1669 tfo=1124523 active=255014/406349 POs=48845]
 24 : c =  264147  cl =  24574  lit =  373818  p = 41215  d =     0  f =  7630  -  T =     1.03 sec
  [prof  24] wall=1034.738 p= 48845 | ifo= 21.232(sd=0.827 nx=0.709 tfo=17.778 cnt=1.917) snap= 1.411 srm= 81.323 sat=925.429(set=6.929 slv=915.528 max=1.5753 n=48845) cex=R/T/F=0/0/7630 trsplit=0 sim= 2.372(rmp=2.305 run=0.066 n=1 d=0) incr=loc/full/maxdirty/keys=1/0/0/4728567 chk= 0.140(d=7606) stat= 1.189 rest= 1.642
  [incr r=24 repr=7654 next=1356 tfo=1107573 active=242577/398392 POs=45158]
 25 : c =  257433  cl =  24258  lit =  366392  p = 37727  d =     0  f =  7431  -  T =     0.99 sec
  [prof  25] wall= 988.623 p= 45158 | ifo= 21.057(sd=0.845 nx=0.724 tfo=17.591 cnt=1.897) snap= 1.412 srm= 83.222 sat=877.702(set=6.857 slv=868.185 max=1.1235 n=45158) cex=R/T/F=0/0/7431 trsplit=0 sim= 2.369(rmp=2.306 run=0.062 n=1 d=0) incr=loc/full/maxdirty/keys=1/0/0/4728567 chk= 0.147(d=7426) stat= 1.118 rest= 1.596
  [incr r=25 repr=7506 next=1052 tfo=1094022 active=231999/390650 POs=41438]
 26 : c =  250679  cl =  23975  lit =  359099  p = 34140  d =     0  f =  7298  -  T =     1.02 sec
  [prof  26] wall=1021.752 p= 41438 | ifo= 22.599(sd=0.811 nx=0.719 tfo=19.126 cnt=1.943) snap= 1.416 srm= 83.067 sat=908.849(set=6.727 slv=899.639 max=0.9268 n=41438) cex=R/T/F=0/0/7298 trsplit=0 sim= 2.524(rmp=2.459 run=0.065 n=1 d=0) incr=loc/full/maxdirty/keys=1/0/0/4728567 chk= 0.125(d=7293) stat= 1.500 rest= 1.671
  [incr r=26 repr=7346 next=757 tfo=1076557 active=220065/383074 POs=37881]
 27 : c =  244063  cl =  23740  lit =  352071  p = 30848  d =     0  f =  7033  -  T =     0.98 sec
  [prof  27] wall= 981.412 p= 37881 | ifo= 20.871(sd=0.806 nx=0.754 tfo=17.441 cnt=1.870) snap= 1.409 srm= 82.216 sat=871.532(set=6.963 slv=861.957 max=1.1346 n=37881) cex=R/T/F=0/0/7033 trsplit=0 sim= 2.321(rmp=2.259 run=0.062 n=1 d=0) incr=loc/full/maxdirty/keys=1/0/0/4728567 chk= 0.212(d=7028) stat= 1.202 rest= 1.649
  [incr r=27 repr=7061 next=551 tfo=1067427 active=210895/375811 POs=34785]
 28 : c =  238169  cl =  23586  lit =  345910  p = 28619  d =     0  f =  6166  -  T =     0.94 sec
  [prof  28] wall= 942.766 p= 34785 | ifo= 20.632(sd=0.812 nx=0.719 tfo=17.236 cnt=1.865) snap= 1.426 srm= 88.930 sat=825.102(set=6.838 slv=816.059 max=0.6924 n=34785) cex=R/T/F=0/0/6166 trsplit=0 sim= 2.927(rmp=2.853 run=0.074 n=1 d=0) incr=loc/full/maxdirty/keys=1/0/0/4728567 chk= 0.093(d=6161) stat= 1.780 rest= 1.876
  [incr r=28 repr=6187 next=361 tfo=1050013 active=200461/369496 POs=32280]
 29 : c =  233168  cl =  23484  lit =  340687  p = 27048  d =     0  f =  5232  -  T =     0.80 sec
  [prof  29] wall= 801.300 p= 32280 | ifo= 25.728(sd=1.075 nx=1.060 tfo=21.349 cnt=2.245) snap= 1.737 srm= 92.969 sat=675.614(set=11.648 slv=662.000 max=0.8965 n=32280) cex=R/T/F=0/0/5232 trsplit=0 sim= 2.349(rmp=2.287 run=0.062 n=1 d=0) incr=loc/full/maxdirty/keys=1/0/0/4728567 chk= 0.079(d=5223) stat= 1.174 rest= 1.649
  [incr r=29 repr=5271 next=309 tfo=1041118 active=193498/364171 POs=30674]
 30 : c =  228994  cl =  23367  lit =  336244  p = 26211  d =     0  f =  4463  -  T =     0.74 sec
  [prof  30] wall= 742.259 p= 30674 | ifo= 19.846(sd=0.850 nx=0.772 tfo=16.368 cnt=1.856) snap= 2.572 srm= 83.159 sat=628.895(set=7.747 slv=619.177 max=1.7066 n=30674) cex=R/T/F=0/0/4463 trsplit=0 sim= 3.038(rmp=2.964 run=0.073 n=1 d=0) incr=loc/full/maxdirty/keys=1/0/0/4728567 chk= 0.091(d=4443) stat= 2.595 rest= 2.063
  [incr r=30 repr=4510 next=359 tfo=1025098 active=185774/359611 POs=29583]
 31 : c =  225290  cl =  23295  lit =  332302  p = 25621  d =     0  f =  3962  -  T =     0.67 sec
  [prof  31] wall= 675.426 p= 29583 | ifo= 25.089(sd=2.063 nx=1.071 tfo=19.521 cnt=2.434) snap= 1.392 srm= 88.767 sat=555.084(set=7.245 slv=545.971 max=1.0879 n=29583) cex=R/T/F=0/0/3962 trsplit=0 sim= 2.322(rmp=2.260 run=0.062 n=1 d=0) incr=loc/full/maxdirty/keys=1/0/0/4728567 chk= 0.065(d=3942) stat= 1.094 rest= 1.612
  [incr r=31 repr=4001 next=320 tfo=1018886 active=181840/355597 POs=28890]
 32 : c =  222051  cl =  23230  lit =  328872  p = 25437  d =     0  f =  3453  -  T =     0.61 sec
  [prof  32] wall= 615.330 p= 28890 | ifo= 21.745(sd=0.805 nx=0.712 tfo=17.792 cnt=2.436) snap= 1.395 srm= 90.919 sat=496.007(set=8.082 slv=486.153 max=0.9252 n=28890) cex=R/T/F=0/0/3453 trsplit=0 sim= 2.427(rmp=2.366 run=0.061 n=1 d=0) incr=loc/full/maxdirty/keys=1/0/0/4728567 chk= 0.061(d=3430) stat= 1.134 rest= 1.641
  [incr r=32 repr=3488 next=254 tfo=1001377 active=174838/352102 POs=28320]
 33 : c =  218911  cl =  23181  lit =  325594  p = 25023  d =     0  f =  3297  -  T =     0.59 sec
  [prof  33] wall= 591.404 p= 28320 | ifo= 20.585(sd=0.800 nx=0.789 tfo=17.123 cnt=1.873) snap= 1.410 srm= 80.317 sat=483.931(set=6.911 slv=475.350 max=2.0236 n=28320) cex=R/T/F=0/0/3297 trsplit=0 sim= 2.350(rmp=2.289 run=0.061 n=1 d=0) incr=loc/full/maxdirty/keys=1/0/0/4728567 chk= 0.059(d=3278) stat= 1.111 rest= 1.642
  [incr r=33 repr=3316 next=190 tfo=992530 active=170057/348775 POs=27804]
 34 : c =  215997  cl =  23138  lit =  322558  p = 24762  d =     0  f =  3042  -  T =     0.59 sec
  [prof  34] wall= 591.370 p= 27804 | ifo= 19.032(sd=0.832 nx=0.717 tfo=15.625 cnt=1.858) snap= 1.944 srm= 93.946 sat=470.188(set=10.058 slv=458.452 max=0.8730 n=27804) cex=R/T/F=0/0/3042 trsplit=0 sim= 2.998(rmp=2.927 run=0.070 n=1 d=0) incr=loc/full/maxdirty/keys=1/0/0/4728567 chk= 0.067(d=3036) stat= 1.279 rest= 1.917
  [incr r=34 repr=3067 next=175 tfo=974985 active=163507/345696 POs=27158]
 35 : c =  213282  cl =  23099  lit =  319739  p = 24326  d =     0  f =  2832  -  T =     0.59 sec
  [prof  35] wall= 589.916 p= 27158 | ifo= 23.437(sd=1.043 nx=1.032 tfo=18.963 cnt=2.400) snap= 1.820 srm= 93.031 sat=465.229(set=10.227 slv=453.274 max=1.6921 n=27158) cex=R/T/F=0/0/2832 trsplit=0 sim= 2.976(rmp=2.903 run=0.073 n=1 d=0) incr=loc/full/maxdirty/keys=1/0/0/4728567 chk= 0.061(d=2819) stat= 1.442 rest= 1.920
  [incr r=35 repr=2857 next=144 tfo=966064 active=159263/342838 POs=26662]
 36 : c =  210818  cl =  23070  lit =  317196  p = 24107  d =     0  f =  2555  -  T =     0.56 sec
  [prof  36] wall= 564.013 p= 26662 | ifo= 21.954(sd=1.033 nx=1.026 tfo=17.557 cnt=2.339) snap= 2.028 srm=104.164 sat=429.621(set=7.700 slv=420.285 max=1.1474 n=26662) cex=R/T/F=0/0/2555 trsplit=0 sim= 2.960(rmp=2.888 run=0.072 n=1 d=0) incr=loc/full/maxdirty/keys=1/0/0/4728567 chk= 0.057(d=2543) stat= 1.285 rest= 1.944
  [incr r=36 repr=2576 next=115 tfo=944719 active=151997/340266 POs=25848]
 37 : c =  208468  cl =  23048  lit =  314754  p = 23398  d =     0  f =  2450  -  T =     0.55 sec
  [prof  37] wall= 551.000 p= 25848 | ifo= 21.964(sd=1.034 nx=1.039 tfo=17.550 cnt=2.341) snap= 1.944 srm=109.148 sat=412.879(set=7.502 slv=403.585 max=0.9788 n=25848) cex=R/T/F=0/0/2450 trsplit=0 sim= 2.300(rmp=2.238 run=0.061 n=1 d=0) incr=loc/full/maxdirty/keys=1/0/0/4728567 chk= 0.059(d=2442) stat= 1.061 rest= 1.645
  [incr r=37 repr=2470 next=142 tfo=797106 active=127546/337802 POs=20522]
 38 : c =  206435  cl =  23030  lit =  312633  p = 18397  d =     0  f =  2125  -  T =     0.46 sec
  [prof  38] wall= 462.851 p= 20522 | ifo= 15.982(sd=0.810 nx=0.709 tfo=12.494 cnt=1.969) snap= 2.658 srm= 90.718 sat=347.218(set=9.885 slv=336.042 max=0.8090 n=20522) cex=R/T/F=0/0/2125 trsplit=0 sim= 3.018(rmp=2.929 run=0.089 n=1 d=0) incr=loc/full/maxdirty/keys=1/0/0/4728567 chk= 0.054(d=2121) stat= 1.272 rest= 1.930
  [incr r=38 repr=2175 next=138 tfo=751059 active=122087/335663 POs=18967]
 39 : c =  204535  cl =  23008  lit =  310647  p = 16980  d =     0  f =  1987  -  T =     0.42 sec
  [prof  39] wall= 418.837 p= 18967 | ifo= 17.768(sd=1.017 nx=1.028 tfo=13.261 cnt=2.462) snap= 1.392 srm= 95.406 sat=298.933(set=6.682 slv=291.083 max=0.4660 n=18967) cex=R/T/F=0/0/1987 trsplit=0 sim= 2.396(rmp=2.330 run=0.066 n=1 d=0) incr=loc/full/maxdirty/keys=1/0/0/4728567 chk= 0.044(d=1986) stat= 1.158 rest= 1.740
  [incr r=39 repr=2038 next=128 tfo=725767 active=115862/333655 POs=18017]
 40 : c =  202910  cl =  22986  lit =  308947  p = 16312  d =     0  f =  1705  -  T =     0.38 sec
  [prof  40] wall= 385.918 p= 18017 | ifo= 16.674(sd=0.829 nx=0.752 tfo=12.689 cnt=2.403) snap= 1.496 srm= 83.804 sat=278.817(set=6.487 slv=271.198 max=0.8986 n=18017) cex=R/T/F=0/0/1705 trsplit=0 sim= 2.335(rmp=2.273 run=0.062 n=1 d=0) incr=loc/full/maxdirty/keys=1/0/0/4728567 chk= 0.042(d=1700) stat= 1.140 rest= 1.610
  [incr r=40 repr=1740 next=110 tfo=668818 active=103387/331933 POs=15872]
 41 : c =  201337  cl =  22974  lit =  307303  p = 14226  d =     0  f =  1646  -  T =     0.37 sec
  [prof  41] wall= 372.869 p= 15872 | ifo= 14.210(sd=0.802 nx=0.723 tfo=10.825 cnt=1.861) snap= 1.811 srm= 91.419 sat=260.326(set=9.026 slv=250.393 max=1.2172 n=15872) cex=R/T/F=0/0/1646 trsplit=0 sim= 2.370(rmp=2.315 run=0.055 n=1 d=0) incr=loc/full/maxdirty/keys=1/0/0/4728567 chk= 0.043(d=1644) stat= 1.079 rest= 1.610
  [incr r=41 repr=1696 next=108 tfo=648768 active=99387/330277 POs=14978]
 42 : c =  200111  cl =  22956  lit =  306007  p = 13681  d =     0  f =  1297  -  T =     0.31 sec
  [prof  42] wall= 311.829 p= 14978 | ifo= 14.240(sd=0.794 nx=0.729 tfo=10.697 cnt=2.020) snap= 2.628 srm= 79.076 sat=209.715(set=6.555 slv=202.272 max=0.6972 n=14978) cex=R/T/F=0/0/1297 trsplit=0 sim= 2.961(rmp=2.894 run=0.067 n=1 d=0) incr=loc/full/maxdirty/keys=1/0/0/4728567 chk= 0.045(d=1296) stat= 1.248 rest= 1.917
  [incr r=42 repr=1362 next=101 tfo=703856 active=113442/328963 POs=17265]
 43 : c =  198868  cl =  22941  lit =  304702  p = 15960  d =     0  f =  1305  -  T =     0.33 sec
  [prof  43] wall= 329.732 p= 17265 | ifo= 17.529(sd=1.028 nx=1.027 tfo=13.138 cnt=2.335) snap= 1.811 srm= 74.318 sat=230.881(set=6.530 slv=223.308 max=0.5942 n=17265) cex=R/T/F=0/0/1305 trsplit=0 sim= 2.440(rmp=2.362 run=0.078 n=1 d=0) incr=loc/full/maxdirty/keys=1/0/0/4728567 chk= 0.042(d=1305) stat= 1.059 rest= 1.651
  [incr r=43 repr=1330 next=95 tfo=679682 active=108029/327643 POs=16339]
 44 : c =  197852  cl =  22935  lit =  303640  p = 15277  d =     0  f =  1062  -  T =     0.29 sec
  [prof  44] wall= 290.121 p= 16339 | ifo= 15.237(sd=0.805 nx=0.732 tfo=11.801 cnt=1.899) snap= 1.412 srm= 85.452 sat=182.814(set=5.666 slv=176.259 max=0.4485 n=16339) cex=R/T/F=0/0/1062 trsplit=0 sim= 2.384(rmp=2.329 run=0.054 n=1 d=0) incr=loc/full/maxdirty/keys=1/0/0/4728567 chk= 0.036(d=1062) stat= 1.135 rest= 1.650
  [incr r=44 repr=1101 next=72 tfo=591649 active=92805/326575 POs=13002]
 45 : c =  196821  cl =  22927  lit =  302547  p = 11908  d =     0  f =  1094  -  T =     0.27 sec
  [prof  45] wall= 268.002 p= 13002 | ifo= 13.794(sd=0.823 nx=0.790 tfo=10.207 cnt=1.974) snap= 1.390 srm= 55.881 sat=190.715(set=4.985 slv=184.957 max=1.1063 n=13002) cex=R/T/F=0/0/1094 trsplit=0 sim= 2.982(rmp=2.917 run=0.065 n=1 d=0) incr=loc/full/maxdirty/keys=1/0/0/4728567 chk= 0.037(d=1093) stat= 1.251 rest= 1.952
  [incr r=45 repr=1149 next=91 tfo=556837 active=87241/325474 POs=11621]
 46 : c =  195802  cl =  22921  lit =  301484  p = 10557  d =     0  f =  1064  -  T =     0.27 sec
  [prof  46] wall= 268.910 p= 11621 | ifo= 14.832(sd=1.023 nx=1.029 tfo=10.480 cnt=2.299) snap= 1.756 srm= 63.995 sat=183.308(set=4.526 slv=178.143 max=0.9199 n=11621) cex=R/T/F=0/0/1064 trsplit=0 sim= 2.316(rmp=2.257 run=0.059 n=1 d=0) incr=loc/full/maxdirty/keys=1/0/0/4728567 chk= 0.028(d=1063) stat= 1.078 rest= 1.597
  [incr r=46 repr=1128 next=61 tfo=532343 active=82524/324405 POs=10713]
 47 : c =  194784  cl =  22915  lit =  300419  p =  9648  d =     0  f =  1065  -  T =     0.26 sec
  [prof  47] wall= 262.094 p= 10713 | ifo= 11.476(sd=0.807 nx=0.728 tfo=8.116 cnt=1.825) snap= 1.347 srm= 55.678 sat=186.898(set=4.296 slv=181.932 max=1.9497 n=10713) cex=R/T/F=0/0/1065 trsplit=0 sim= 3.358(rmp=3.291 run=0.067 n=1 d=0) incr=loc/full/maxdirty/keys=1/0/0/4728567 chk= 0.032(d=1065) stat= 1.357 rest= 1.948
  [incr r=47 repr=1122 next=67 tfo=512513 active=79408/323334 POs=9930]
 48 : c =  193769  cl =  22905  lit =  299358  p =  8869  d =     0  f =  1061  -  T =     0.24 sec
  [prof  48] wall= 240.939 p=  9930 | ifo= 13.384(sd=1.062 nx=1.050 tfo=9.390 cnt=1.881) snap= 1.468 srm= 43.596 sat=177.414(set=3.460 slv=173.323 max=1.0459 n=9930) cex=R/T/F=0/0/1061 trsplit=0 sim= 2.336(rmp=2.282 run=0.053 n=1 d=0) incr=loc/full/maxdirty/keys=1/0/0/4728567 chk= 0.025(d=1061) stat= 1.105 rest= 1.611
  [incr r=48 repr=1095 next=61 tfo=496792 active=76767/322263 POs=9517]
 49 : c =  192730  cl =  22872  lit =  298235  p =  8394  d =     0  f =  1123  -  T =     0.26 sec
  [prof  49] wall= 258.031 p=  9517 | ifo= 10.590(sd=0.806 nx=0.714 tfo=7.224 cnt=1.846) snap= 1.338 srm= 42.820 sat=197.006(set=3.286 slv=193.094 max=1.1788 n=9517) cex=R/T/F=0/0/1123 trsplit=0 sim= 2.998(rmp=2.933 run=0.065 n=1 d=0) incr=loc/full/maxdirty/keys=1/0/0/4728567 chk= 0.027(d=1123) stat= 1.275 rest= 1.977
  [incr r=49 repr=1196 next=96 tfo=497542 active=75247/321107 POs=9221]
 50 : c =  191720  cl =  22865  lit =  297199  p =  8185  d =     0  f =  1036  -  T =     0.24 sec
  [prof  50] wall= 241.495 p=  9221 | ifo= 13.776(sd=1.059 nx=1.007 tfo=9.154 cnt=2.556) snap= 1.865 srm= 51.776 sat=168.855(set=3.544 slv=164.773 max=0.7649 n=9221) cex=R/T/F=0/0/1036 trsplit=0 sim= 2.438(rmp=2.386 run=0.052 n=1 d=0) incr=loc/full/maxdirty/keys=1/0/0/4728567 chk= 0.021(d=1036) stat= 1.077 rest= 1.685
  [incr r=50 repr=1075 next=34 tfo=484432 active=72686/320064 POs=8878]
 51 : c =  190746  cl =  22861  lit =  296208  p =  7887  d =     0  f =   991  -  T =     0.22 sec
  [prof  51] wall= 222.988 p=  8878 | ifo= 10.261(sd=0.840 nx=0.763 tfo=6.730 cnt=1.928) snap= 1.345 srm= 45.713 sat=160.651(set=3.124 slv=157.019 max=0.6294 n=8878) cex=R/T/F=0/0/991 trsplit=0 sim= 2.309(rmp=2.252 run=0.057 n=1 d=0) incr=loc/full/maxdirty/keys=1/0/0/4728567 chk= 0.018(d=991) stat= 1.112 rest= 1.578
  [incr r=51 repr=1009 next=21 tfo=478459 active=71080/319069 POs=8803]
 52 : c =  189778  cl =  22860  lit =  295220  p =  7815  d =     0  f =   988  -  T =     0.22 sec
  [prof  52] wall= 219.204 p=  8803 | ifo= 10.031(sd=0.829 nx=0.716 tfo=6.647 cnt=1.838) snap= 1.329 srm= 39.761 sat=163.077(set=3.108 slv=159.474 max=1.1221 n=8803) cex=R/T/F=0/0/988 trsplit=0 sim= 2.349(rmp=2.302 run=0.047 n=1 d=0) incr=loc/full/maxdirty/keys=1/0/0/4728567 chk= 0.018(d=988) stat= 1.137 rest= 1.501
  [incr r=52 repr=1036 next=25 tfo=471130 active=68432/318080 POs=8530]
 53 : c =  188836  cl =  22858  lit =  294260  p =  7570  d =     0  f =   960  -  T =     0.22 sec
  [prof  53] wall= 222.934 p=  8530 | ifo= 10.201(sd=0.828 nx=0.717 tfo=6.824 cnt=1.831) snap= 1.334 srm= 42.314 sat=163.937(set=2.984 slv=160.380 max=1.1503 n=8530) cex=R/T/F=0/0/960 trsplit=0 sim= 2.401(rmp=2.345 run=0.055 n=1 d=0) incr=loc/full/maxdirty/keys=1/0/0/4728567 chk= 0.018(d=960) stat= 1.060 rest= 1.669
  [incr r=53 repr=983 next=21 tfo=466115 active=66076/317118 POs=8241]
 54 : c =  188032  cl =  22858  lit =  293446  p =  7427  d =     0  f =   814  -  T =     0.18 sec
  [prof  54] wall= 176.841 p=  8241 | ifo=  9.538(sd=0.828 nx=0.759 tfo=6.110 cnt=1.842) snap= 1.370 srm= 38.716 sat=122.213(set=3.041 slv=118.692 max=0.9753 n=8241) cex=R/T/F=0/0/814 trsplit=0 sim= 2.365(rmp=2.312 run=0.052 n=1 d=0) incr=loc/full/maxdirty/keys=1/0/0/4728567 chk= 0.014(d=814) stat= 1.070 rest= 1.556
  [incr r=54 repr=823 next=14 tfo=363024 active=47564/316304 POs=4859]
 55 : c =  187362  cl =  22858  lit =  292767  p =  4180  d =     0  f =   679  -  T =     0.13 sec
  [prof  55] wall= 127.613 p=  4859 | ifo=  7.163(sd=0.794 nx=0.711 tfo=3.806 cnt=1.851) snap= 1.366 srm= 34.380 sat= 79.824(set=2.507 slv=77.048 max=0.3654 n=4859) cex=R/T/F=0/0/679 trsplit=0 sim= 2.314(rmp=2.256 run=0.058 n=1 d=0) incr=loc/full/maxdirty/keys=1/0/0/4728567 chk= 0.010(d=679) stat= 1.094 rest= 1.461
  [incr r=55 repr=691 next=12 tfo=332596 active=39139/315625 POs=3821]
 56 : c =  186723  cl =  22858  lit =  292121  p =  3175  d =     0  f =   646  -  T =     0.11 sec
  [prof  56] wall= 113.655 p=  3821 | ifo=  7.132(sd=0.892 nx=0.721 tfo=3.650 cnt=1.870) snap= 1.294 srm= 33.874 sat= 65.984(set=2.386 slv=63.241 max=0.8363 n=3821) cex=R/T/F=0/0/646 trsplit=0 sim= 2.578(rmp=2.518 run=0.059 n=1 d=0) incr=loc/full/maxdirty/keys=1/0/0/4728567 chk= 0.010(d=646) stat= 1.122 rest= 1.661
  [incr r=56 repr=646 next=9 tfo=323707 active=37391/314979 POs=3553]
 57 : c =  186125  cl =  22856  lit =  291514  p =  2946  d =     0  f =   607  -  T =     0.11 sec
  [prof  57] wall= 113.361 p=  3553 | ifo=  7.338(sd=0.837 nx=0.750 tfo=3.885 cnt=1.866) snap= 1.592 srm= 37.982 sat= 61.611(set=2.356 slv=59.023 max=0.7559 n=3553) cex=R/T/F=0/0/607 trsplit=0 sim= 2.291(rmp=2.211 run=0.080 n=1 d=0) incr=loc/full/maxdirty/keys=1/0/0/4728567 chk= 0.009(d=607) stat= 1.029 rest= 1.508
  [incr r=57 repr=608 next=12 tfo=319424 active=36217/314370 POs=3528]
 58 : c =  185522  cl =  22855  lit =  290907  p =  2921  d =     0  f =   607  -  T =     0.11 sec
  [prof  58] wall= 113.888 p=  3528 | ifo=  7.016(sd=0.819 nx=0.823 tfo=3.533 cnt=1.842) snap= 1.291 srm= 37.751 sat= 62.993(set=2.350 slv=60.410 max=0.6761 n=3528) cex=R/T/F=0/0/607 trsplit=0 sim= 2.353(rmp=2.285 run=0.067 n=1 d=0) incr=loc/full/maxdirty/keys=1/0/0/4728567 chk= 0.009(d=607) stat= 1.033 rest= 1.444
  [incr r=58 repr=607 next=5 tfo=315551 active=35054/313762 POs=3516]
 59 : c =  184912  cl =  22855  lit =  290296  p =  2905  d =     0  f =   611  -  T =     0.10 sec
  [prof  59] wall= 105.927 p=  3516 | ifo=  8.780(sd=0.789 nx=0.820 tfo=5.189 cnt=1.983) snap= 1.337 srm= 34.544 sat= 56.387(set=2.385 slv=53.805 max=0.3444 n=3516) cex=R/T/F=0/0/611 trsplit=0 sim= 2.305(rmp=2.249 run=0.056 n=1 d=0) incr=loc/full/maxdirty/keys=1/0/0/4728567 chk= 0.007(d=611) stat= 1.082 rest= 1.485
  [incr r=59 repr=611 next=2 tfo=310676 active=33774/313151 POs=3563]
 60 : c =  184238  cl =  22855  lit =  289620  p =  2887  d =     0  f =   676  -  T =     0.11 sec
  [prof  60] wall= 110.436 p=  3563 | ifo=  6.673(sd=0.837 nx=0.735 tfo=3.269 cnt=1.832) snap= 1.391 srm= 34.591 sat= 62.819(set=2.318 slv=60.296 max=0.2889 n=3563) cex=R/T/F=0/0/676 trsplit=0 sim= 2.293(rmp=2.233 run=0.059 n=1 d=0) incr=loc/full/maxdirty/keys=1/0/0/4728567 chk= 0.008(d=676) stat= 1.142 rest= 1.519
  [incr r=60 repr=676 next=3 tfo=307466 active=32600/312475 POs=3456]
 61 : c =  183653  cl =  22854  lit =  289031  p =  2867  d =     0  f =   589  -  T =     0.10 sec
  [prof  61] wall=  99.359 p=  3456 | ifo=  6.607(sd=0.794 nx=0.714 tfo=3.242 cnt=1.857) snap= 1.673 srm= 33.805 sat= 52.365(set=2.413 slv=49.762 max=0.2860 n=3456) cex=R/T/F=0/0/589 trsplit=0 sim= 2.302(rmp=2.241 run=0.060 n=1 d=0) incr=loc/full/maxdirty/keys=1/0/0/4728567 chk= 0.007(d=589) stat= 1.076 rest= 1.523
  [incr r=61 repr=594 next=5 tfo=309128 active=32933/311885 POs=3503]
 62 : c =  183096  cl =  22854  lit =  288471  p =  2943  d =     0  f =   560  -  T =     0.10 sec
  [prof  62] wall=  99.972 p=  3503 | ifo=  6.602(sd=0.796 nx=0.731 tfo=3.273 cnt=1.802) snap= 1.285 srm= 33.194 sat= 53.960(set=2.346 slv=51.400 max=0.3040 n=3503) cex=R/T/F=0/0/560 trsplit=0 sim= 2.306(rmp=2.248 run=0.057 n=1 d=0) incr=loc/full/maxdirty/keys=1/0/0/4728567 chk= 0.007(d=560) stat= 1.055 rest= 1.563
  [incr r=62 repr=581 next=3 tfo=301343 active=30807/311325 POs=3385]
 63 : c =  182571  cl =  22854  lit =  287944  p =  2858  d =     0  f =   527  -  T =     0.11 sec
  [prof  63] wall= 107.039 p=  3385 | ifo=  6.589(sd=0.808 nx=0.717 tfo=3.233 cnt=1.832) snap= 1.857 srm= 33.547 sat= 58.780(set=4.807 slv=53.749 max=0.5395 n=3385) cex=R/T/F=0/0/527 trsplit=0 sim= 3.103(rmp=3.033 run=0.070 n=1 d=0) incr=loc/full/maxdirty/keys=1/0/0/4728567 chk= 0.008(d=527) stat= 1.253 rest= 1.903
  [incr r=63 repr=547 next=3 tfo=289236 active=28969/310798 POs=2926]
 64 : c =  182044  cl =  22854  lit =  287416  p =  2398  d =     0  f =   528  -  T =     0.11 sec
  [prof  64] wall= 107.442 p=  2926 | ifo=  8.921(sd=1.049 nx=1.004 tfo=4.558 cnt=2.310) snap= 1.650 srm= 37.890 sat= 53.005(set=2.429 slv=50.407 max=0.3270 n=2926) cex=R/T/F=0/0/528 trsplit=0 sim= 2.997(rmp=2.926 run=0.071 n=1 d=0) incr=loc/full/maxdirty/keys=1/0/0/4728567 chk= 0.007(d=528) stat= 1.231 rest= 1.741
  [incr r=64 repr=547 next=1 tfo=283627 active=27964/310270 POs=2919]
 65 : c =  181504  cl =  22854  lit =  286875  p =  2378  d =     0  f =   541  -  T =     0.11 sec
  [prof  65] wall= 109.043 p=  2919 | ifo=  8.749(sd=1.030 nx=0.948 tfo=4.509 cnt=2.262) snap= 1.360 srm= 39.014 sat= 54.952(set=2.240 slv=52.549 max=0.3424 n=2919) cex=R/T/F=0/0/541 trsplit=0 sim= 2.323(rmp=2.258 run=0.065 n=1 d=0) incr=loc/full/maxdirty/keys=1/0/0/4728567 chk= 0.006(d=541) stat= 1.101 rest= 1.537
  [incr r=65 repr=559 next=1 tfo=278529 active=26886/309729 POs=2827]
 66 : c =  181029  cl =  22854  lit =  286397  p =  2349  d =     0  f =   478  -  T =     0.10 sec
  [prof  66] wall= 102.680 p=  2827 | ifo=  6.183(sd=0.788 nx=0.703 tfo=2.906 cnt=1.787) snap= 1.590 srm= 40.126 sat= 49.853(set=2.850 slv=46.830 max=0.3245 n=2827) cex=R/T/F=0/0/478 trsplit=0 sim= 2.396(rmp=2.319 run=0.076 n=1 d=0) incr=loc/full/maxdirty/keys=1/0/0/4728567 chk= 0.006(d=478) stat= 1.061 rest= 1.466
  [incr r=66 repr=511 next=3 tfo=274575 active=26107/309251 POs=2785]
 67 : c =  180584  cl =  22853  lit =  285948  p =  2336  d =     0  f =   449  -  T =     0.10 sec
  [prof  67] wall=  98.639 p=  2785 | ifo=  6.221(sd=0.785 nx=0.707 tfo=2.925 cnt=1.804) snap= 4.896 srm= 33.820 sat= 48.822(set=2.476 slv=46.166 max=0.3086 n=2785) cex=R/T/F=0/0/449 trsplit=0 sim= 2.294(rmp=2.235 run=0.059 n=1 d=0) incr=loc/full/maxdirty/keys=1/0/0/4728567 chk= 0.006(d=449) stat= 1.038 rest= 1.543
  [incr r=67 repr=474 next=4 tfo=265691 active=24943/308801 POs=2732]
 68 : c =  180147  cl =  22853  lit =  285509  p =  2293  d =     0  f =   439  -  T =     0.09 sec
  [prof  68] wall=  89.922 p=  2732 | ifo=  6.044(sd=0.780 nx=0.724 tfo=2.741 cnt=1.799) snap= 1.310 srm= 30.853 sat= 45.792(set=2.180 slv=43.450 max=0.3302 n=2732) cex=R/T/F=0/0/439 trsplit=0 sim= 3.019(rmp=2.950 run=0.069 n=1 d=0) incr=loc/full/maxdirty/keys=1/0/0/4728567 chk= 0.006(d=439) stat= 1.199 rest= 1.698
  [incr r=68 repr=462 next=2 tfo=261920 active=24233/308362 POs=2723]
 69 : c =  179707  cl =  22853  lit =  285067  p =  2281  d =     0  f =   442  -  T =     0.10 sec
  [prof  69] wall= 100.752 p=  2723 | ifo=  8.369(sd=1.037 nx=0.956 tfo=4.115 cnt=2.261) snap= 1.305 srm= 36.642 sat= 48.359(set=2.194 slv=45.998 max=1.0540 n=2723) cex=R/T/F=0/0/442 trsplit=0 sim= 3.089(rmp=3.020 run=0.070 n=1 d=0) incr=loc/full/maxdirty/keys=1/0/0/4728567 chk= 0.007(d=442) stat= 1.241 rest= 1.741
  [incr r=69 repr=463 next=2 tfo=256920 active=23293/307920 POs=2690]
 70 : c =  179276  cl =  22853  lit =  284633  p =  2256  d =     0  f =   434  -  T =     0.10 sec
  [prof  70] wall=  98.969 p=  2690 | ifo=  8.236(sd=1.097 nx=0.975 tfo=3.973 cnt=2.190) snap= 2.367 srm= 38.030 sat= 44.435(set=2.597 slv=41.682 max=0.3365 n=2690) cex=R/T/F=0/0/434 trsplit=0 sim= 2.937(rmp=2.864 run=0.072 n=1 d=0) incr=loc/full/maxdirty/keys=1/0/0/4728567 chk= 0.006(d=434) stat= 1.176 rest= 1.782
  [incr r=70 repr=452 next=3 tfo=252427 active=22564/307486 POs=2651]
 71 : c =  178866  cl =  22853  lit =  284221  p =  2239  d =     0  f =   412  -  T =     0.09 sec
  [prof  71] wall=  90.969 p=  2651 | ifo=  7.635(sd=1.003 nx=0.976 tfo=3.556 cnt=2.100) snap= 1.355 srm= 34.975 sat= 41.981(set=2.271 slv=39.557 max=0.3018 n=2651) cex=R/T/F=0/0/412 trsplit=0 sim= 2.374(rmp=2.311 run=0.062 n=1 d=0) incr=loc/full/maxdirty/keys=1/0/0/4728567 chk= 0.006(d=412) stat= 1.055 rest= 1.588
  [incr r=71 repr=428 next=2 tfo=245599 active=21634/307074 POs=2612]
 72 : c =  178466  cl =  22853  lit =  283818  p =  2209  d =     0  f =   403  -  T =     0.08 sec
  [prof  72] wall=  85.913 p=  2612 | ifo=  6.547(sd=0.822 nx=0.765 tfo=3.089 cnt=1.870) snap= 1.341 srm= 32.522 sat= 40.338(set=2.295 slv=37.892 max=0.2851 n=2612) cex=R/T/F=0/0/403 trsplit=0 sim= 2.421(rmp=2.359 run=0.062 n=1 d=0) incr=loc/full/maxdirty/keys=1/0/0/4728567 chk= 0.006(d=403) stat= 1.137 rest= 1.601
  [incr r=72 repr=417 next=3 tfo=241448 active=20965/306671 POs=2579]
 73 : c =  178081  cl =  22852  lit =  283430  p =  2191  d =     0  f =   388  -  T =     0.08 sec
  [prof  73] wall=  85.938 p=  2579 | ifo=  6.606(sd=0.827 nx=0.793 tfo=3.080 cnt=1.906) snap= 1.347 srm= 33.181 sat= 39.514(set=2.306 slv=37.055 max=0.2614 n=2579) cex=R/T/F=0/0/388 trsplit=0 sim= 2.457(rmp=2.385 run=0.070 n=1 d=0) incr=loc/full/maxdirty/keys=1/0/0/4728567 chk= 0.007(d=388) stat= 1.150 rest= 1.677
  [incr r=73 repr=397 next=3 tfo=235730 active=20103/306282 POs=2536]
 74 : c =  177712  cl =  22852  lit =  283059  p =  2165  d =     0  f =   371  -  T =     0.09 sec
  [prof  74] wall=  87.812 p=  2536 | ifo=  6.681(sd=0.842 nx=0.795 tfo=3.042 cnt=2.002) snap= 1.382 srm= 36.222 sat= 38.378(set=2.267 slv=35.966 max=0.2591 n=2536) cex=R/T/F=0/0/371 trsplit=0 sim= 2.406(rmp=2.345 run=0.061 n=1 d=0) incr=loc/full/maxdirty/keys=1/0/0/4728567 chk= 0.006(d=371) stat= 1.139 rest= 1.597
  [incr r=74 repr=383 next=2 tfo=230099 active=19372/305911 POs=2499]
 75 : c =  177354  cl =  22852  lit =  282699  p =  2139  d =     0  f =   360  -  T =     0.08 sec
  [prof  75] wall=  85.339 p=  2499 | ifo=  6.492(sd=0.834 nx=0.785 tfo=2.956 cnt=1.917) snap= 1.340 srm= 32.753 sat= 39.658(set=2.215 slv=37.298 max=0.2904 n=2499) cex=R/T/F=0/0/360 trsplit=0 sim= 2.407(rmp=2.349 run=0.058 n=1 d=0) incr=loc/full/maxdirty/keys=1/0/0/4728567 chk= 0.005(d=360) stat= 1.151 rest= 1.533
  [incr r=75 repr=367 next=2 tfo=222473 active=18404/305551 POs=2435]
 76 : c =  177003  cl =  22851  lit =  282346  p =  2082  d =     0  f =   353  -  T =     0.08 sec
  [prof  76] wall=  83.912 p=  2435 | ifo=  6.332(sd=0.828 nx=0.787 tfo=2.853 cnt=1.864) snap= 1.318 srm= 32.683 sat= 38.365(set=2.211 slv=36.014 max=0.2593 n=2435) cex=R/T/F=0/0/353 trsplit=0 sim= 2.465(rmp=2.378 run=0.086 n=1 d=0) incr=loc/full/maxdirty/keys=1/0/0/4728567 chk= 0.006(d=353) stat= 1.110 rest= 1.634
  [incr r=76 repr=359 next=2 tfo=210495 active=17490/305197 POs=2356]
 77 : c =  176653  cl =  22848  lit =  281991  p =  2001  d =     0  f =   355  -  T =     0.10 sec
  [prof  77] wall=  96.666 p=  2356 | ifo=  6.122(sd=0.820 nx=0.781 tfo=2.708 cnt=1.813) snap= 1.342 srm= 30.177 sat= 52.221(set=2.000 slv=50.031 max=0.5898 n=2356) cex=R/T/F=0/0/355 trsplit=0 sim= 3.398(rmp=3.343 run=0.055 n=1 d=0) incr=loc/full/maxdirty/keys=1/0/0/4728567 chk= 0.007(d=355) stat= 1.259 rest= 2.140
  [incr r=77 repr=359 next=5 tfo=204051 active=16627/304839 POs=2315]
 78 : c =  176311  cl =  22848  lit =  281648  p =  1972  d =     0  f =   343  -  T =     0.10 sec
  [prof  78] wall=  98.099 p=  2315 | ifo=  7.424(sd=1.045 nx=0.994 tfo=3.302 cnt=2.083) snap= 3.697 srm= 34.109 sat= 47.660(set=3.460 slv=44.040 max=0.6741 n=2315) cex=R/T/F=0/0/343 trsplit=0 sim= 2.377(rmp=2.328 run=0.048 n=1 d=0) incr=loc/full/maxdirty/keys=1/0/0/4728567 chk= 0.004(d=343) stat= 1.083 rest= 1.745
  [incr r=78 repr=343 next=1 tfo=199412 active=16026/304496 POs=2260]
 79 : c =  175998  cl =  22848  lit =  281335  p =  1947  d =     0  f =   313  -  T =     0.08 sec
  [prof  79] wall=  85.926 p=  2260 | ifo=  5.411(sd=0.780 nx=0.711 tfo=2.161 cnt=1.758) snap= 1.344 srm= 28.817 sat= 43.929(set=1.916 slv=41.845 max=0.6845 n=2260) cex=R/T/F=0/0/313 trsplit=0 sim= 2.904(rmp=2.851 run=0.052 n=1 d=0) incr=loc/full/maxdirty/keys=1/0/0/4728567 chk= 0.004(d=313) stat= 1.223 rest= 2.292
  [incr r=79 repr=313 next=0 tfo=183636 active=14381/304183 POs=1793]
 80 : c =  175699  cl =  22848  lit =  281034  p =  1492  d =     0  f =   301  -  T =     0.08 sec
  [prof  80] wall=  86.023 p=  1793 | ifo=  7.003(sd=1.031 nx=0.937 tfo=2.970 cnt=2.065) snap= 1.337 srm= 38.298 sat= 34.588(set=1.865 slv=32.622 max=0.3262 n=1793) cex=R/T/F=0/0/301 trsplit=0 sim= 2.299(rmp=2.260 run=0.039 n=1 d=0) incr=loc/full/maxdirty/keys=1/0/0/4728567 chk= 0.005(d=301) stat= 1.049 rest= 1.445
  [incr r=80 repr=303 next=2 tfo=178818 active=13807/303882 POs=1732]
 81 : c =  175429  cl =  22848  lit =  280761  p =  1459  d =     0  f =   273  -  T =     0.08 sec
  [prof  81] wall=  82.490 p=  1732 | ifo=  8.028(sd=1.157 nx=0.919 tfo=2.688 cnt=3.264) snap= 1.315 srm= 33.322 sat= 34.583(set=1.839 slv=32.635 max=1.0539 n=1732) cex=R/T/F=0/0/273 trsplit=0 sim= 2.597(rmp=2.556 run=0.040 n=1 d=0) incr=loc/full/maxdirty/keys=1/0/0/4728567 chk= 0.005(d=273) stat= 1.105 rest= 1.534
  [incr r=81 repr=273 next=4 tfo=166481 active=12864/303609 POs=1642]
 82 : c =  175176  cl =  22847  lit =  280506  p =  1387  d =     0  f =   255  -  T =     0.07 sec
  [prof  82] wall=  71.660 p=  1642 | ifo=  5.598(sd=0.823 nx=0.791 tfo=2.143 cnt=1.842) snap= 1.311 srm= 29.081 sat= 30.823(set=1.751 slv=28.975 max=0.3813 n=1642) cex=R/T/F=0/0/255 trsplit=0 sim= 2.312(rmp=2.272 run=0.039 n=1 d=0) incr=loc/full/maxdirty/keys=1/0/0/4728567 chk= 0.004(d=255) stat= 1.101 rest= 1.428
  [incr r=82 repr=259 next=2 tfo=153297 active=11849/303353 POs=1556]
 83 : c =  174918  cl =  22847  lit =  280247  p =  1297  d =     0  f =   259  -  T =     0.07 sec
  [prof  83] wall=  71.585 p=  1556 | ifo=  4.899(sd=0.803 nx=0.720 tfo=1.598 cnt=1.778) snap= 1.342 srm= 28.028 sat= 31.878(set=1.640 slv=30.142 max=0.6762 n=1556) cex=R/T/F=0/0/259 trsplit=0 sim= 2.726(rmp=2.681 run=0.044 n=1 d=0) incr=loc/full/maxdirty/keys=1/0/0/4728567 chk= 0.004(d=259) stat= 1.047 rest= 1.661
  [incr r=83 repr=259 next=1 tfo=144797 active=10827/303094 POs=1467]
 84 : c =  174672  cl =  22847  lit =  279999  p =  1219  d =     0  f =   248  -  T =     0.07 sec
  [prof  84] wall=  69.549 p=  1467 | ifo=  4.958(sd=0.788 nx=0.724 tfo=1.479 cnt=1.967) snap= 1.306 srm= 26.091 sat= 31.838(set=1.619 slv=30.130 max=0.2795 n=1467) cex=R/T/F=0/0/248 trsplit=0 sim= 2.686(rmp=2.645 run=0.040 n=1 d=0) incr=loc/full/maxdirty/keys=1/0/0/4728567 chk= 0.004(d=248) stat= 1.032 rest= 1.633
  [incr r=84 repr=248 next=2 tfo=138635 active=10242/302846 POs=1399]
 85 : c =  174445  cl =  22847  lit =  279772  p =  1172  d =     0  f =   227  -  T =     0.06 sec
  [prof  85] wall=  65.525 p=  1399 | ifo=  4.837(sd=0.780 nx=0.709 tfo=1.572 cnt=1.776) snap= 1.334 srm= 25.282 sat= 29.155(set=1.535 slv=27.537 max=0.2391 n=1399) cex=R/T/F=0/0/227 trsplit=0 sim= 2.323(rmp=2.288 run=0.034 n=1 d=0) incr=loc/full/maxdirty/keys=1/0/0/4728567 chk= 0.003(d=227) stat= 1.098 rest= 1.493
  [incr r=85 repr=227 next=0 tfo=133053 active=9527/302619 POs=1314]
 86 : c =  174235  cl =  22847  lit =  279561  p =  1103  d =     0  f =   211  -  T =     0.07 sec
  [prof  86] wall=  66.458 p=  1314 | ifo=  4.736(sd=0.818 nx=0.716 tfo=1.404 cnt=1.798) snap= 1.621 srm= 26.034 sat= 28.255(set=1.594 slv=26.580 max=0.2675 n=1314) cex=R/T/F=0/0/211 trsplit=0 sim= 2.920(rmp=2.850 run=0.070 n=1 d=0) incr=loc/full/maxdirty/keys=1/0/0/4728567 chk= 0.004(d=211) stat= 1.196 rest= 1.693
  [incr r=86 repr=211 next=1 tfo=114695 active=8538/302408 POs=1163]
 87 : c =  174036  cl =  22847  lit =  279362  p =   964  d =     0  f =   199  -  T =     0.07 sec
  [prof  87] wall=  74.057 p=  1163 | ifo=  5.795(sd=1.036 nx=0.936 tfo=1.720 cnt=2.103) snap= 1.572 srm= 25.688 sat= 34.036(set=1.532 slv=32.418 max=0.8021 n=1163) cex=R/T/F=0/0/199 trsplit=0 sim= 3.531(rmp=3.460 run=0.070 n=1 d=0) incr=loc/full/maxdirty/keys=1/0/0/4728567 chk= 0.004(d=199) stat= 1.576 rest= 1.855
  [incr r=87 repr=199 next=0 tfo=103956 active=7747/302209 POs=1055]
 88 : c =  173867  cl =  22847  lit =  279193  p =   886  d =     0  f =   169  -  T =     0.05 sec
  [prof  88] wall=  55.726 p=  1055 | ifo=  4.786(sd=0.989 nx=0.806 tfo=1.176 cnt=1.815) snap= 1.310 srm= 22.581 sat= 22.107(set=1.358 slv=20.690 max=0.2523 n=1055) cex=R/T/F=0/0/169 trsplit=0 sim= 2.410(rmp=2.371 run=0.038 n=1 d=0) incr=loc/full/maxdirty/keys=1/0/0/4728567 chk= 0.003(d=169) stat= 1.087 rest= 1.442
  [incr r=88 repr=169 next=0 tfo=77753 active=5476/302040 POs=843]
 89 : c =  173715  cl =  22847  lit =  279041  p =   691  d =     0  f =   152  -  T =     0.05 sec
  [prof  89] wall=  54.346 p=   843 | ifo=  4.163(sd=0.782 nx=0.677 tfo=0.860 cnt=1.844) snap= 1.502 srm= 23.301 sat= 20.516(set=1.295 slv=19.171 max=0.2552 n=843) cex=R/T/F=0/0/152 trsplit=0 sim= 2.297(rmp=2.249 run=0.048 n=1 d=0) incr=loc/full/maxdirty/keys=1/0/0/4728567 chk= 0.002(d=152) stat= 1.162 rest= 1.403
  [incr r=89 repr=152 next=0 tfo=73043 active=5011/301888 POs=783]
 90 : c =  173571  cl =  22847  lit =  278897  p =   639  d =     0  f =   144  -  T =     0.06 sec
  [prof  90] wall=  56.590 p=   783 | ifo=  4.133(sd=0.867 nx=0.698 tfo=0.804 cnt=1.763) snap= 1.972 srm= 25.695 sat= 19.383(set=1.425 slv=17.910 max=0.2420 n=783) cex=R/T/F=0/0/144 trsplit=0 sim= 2.811(rmp=2.763 run=0.048 n=1 d=0) incr=loc/full/maxdirty/keys=1/0/0/4728567 chk= 0.002(d=144) stat= 1.061 rest= 1.532
  [incr r=90 repr=144 next=0 tfo=53971 active=3757/301744 POs=613]
 91 : c =  173451  cl =  22847  lit =  278777  p =   493  d =     0  f =   120  -  T =     0.05 sec
  [prof  91] wall=  49.275 p=   613 | ifo=  4.041(sd=0.787 nx=0.744 tfo=0.679 cnt=1.831) snap= 1.679 srm= 20.454 sat= 18.221(set=1.887 slv=16.292 max=0.3901 n=613) cex=R/T/F=0/0/120 trsplit=0 sim= 2.298(rmp=2.247 run=0.051 n=1 d=0) incr=loc/full/maxdirty/keys=1/0/0/4728567 chk= 0.002(d=120) stat= 1.074 rest= 1.505
  [incr r=91 repr=120 next=0 tfo=40437 active=2650/301624 POs=465]
 92 : c =  173348  cl =  22847  lit =  278673  p =   361  d =     0  f =   104  -  T =     0.04 sec
  [prof  92] wall=  42.906 p=   465 | ifo=  3.810(sd=0.799 nx=0.699 tfo=0.515 cnt=1.796) snap= 1.397 srm= 19.101 sat= 13.500(set=0.894 slv=12.578 max=0.2524 n=465) cex=R/T/F=0/0/104 trsplit=0 sim= 2.630(rmp=2.576 run=0.053 n=1 d=0) incr=loc/full/maxdirty/keys=1/0/0/4728567 chk= 0.002(d=104) stat= 1.035 rest= 1.431
  [incr r=92 repr=105 next=1 tfo=28641 active=2040/301520 POs=335]
 93 : c =  173266  cl =  22846  lit =  278590  p =   252  d =     0  f =    83  -  T =     0.04 sec
  [prof  93] wall=  42.596 p=   335 | ifo=  3.747(sd=0.778 nx=0.737 tfo=0.411 cnt=1.821) snap= 1.265 srm= 18.451 sat= 11.317(set=0.773 slv=10.521 max=0.4970 n=335) cex=R/T/F=0/0/83 trsplit=0 sim= 3.991(rmp=3.941 run=0.049 n=1 d=0) incr=loc/full/maxdirty/keys=1/0/0/4728567 chk= 0.002(d=83) stat= 1.060 rest= 2.763
  [incr r=93 repr=83 next=1 tfo=20114 active=895/301436 POs=202]
 94 : c =  173201  cl =  22846  lit =  278524  p =   136  d =     0  f =    66  -  T =     0.03 sec
  [prof  94] wall=  33.740 p=   202 | ifo=  3.547(sd=0.806 nx=0.720 tfo=0.287 cnt=1.733) snap= 1.276 srm= 16.586 sat=  7.595(set=0.675 slv=6.906 max=0.3319 n=202) cex=R/T/F=0/0/66 trsplit=0 sim= 2.279(rmp=2.223 run=0.055 n=1 d=0) incr=loc/full/maxdirty/keys=1/0/0/4728567 chk= 0.002(d=66) stat= 1.074 rest= 1.382
  [incr r=94 repr=67 next=1 tfo=16226 active=683/301370 POs=146]
 95 : c =  173153  cl =  22845  lit =  278475  p =    97  d =     0  f =    49  -  T =     0.03 sec
  [prof  95] wall=  30.700 p=   146 | ifo=  3.490(sd=0.822 nx=0.673 tfo=0.250 cnt=1.746) snap= 1.276 srm= 15.379 sat=  5.831(set=0.508 slv=5.312 max=0.5632 n=146) cex=R/T/F=0/0/49 trsplit=0 sim= 2.233(rmp=2.177 run=0.056 n=1 d=0) incr=loc/full/maxdirty/keys=1/0/0/4728567 chk= 0.001(d=49) stat= 1.084 rest= 1.405
  [incr r=95 repr=49 next=1 tfo=9832 active=524/301320 POs=95]
 96 : c =  173111  cl =  22845  lit =  278433  p =    53  d =     0  f =    42  -  T =     0.03 sec
  [prof  96] wall=  28.171 p=    95 | ifo=  3.475(sd=0.808 nx=0.687 tfo=0.165 cnt=1.815) snap= 1.264 srm= 14.234 sat=  4.552(set=0.430 slv=4.115 max=0.2595 n=95) cex=R/T/F=0/0/42 trsplit=0 sim= 2.268(rmp=2.207 run=0.060 n=1 d=0) incr=loc/full/maxdirty/keys=1/0/0/4728567 chk= 0.001(d=42) stat= 1.046 rest= 1.332
  [incr r=96 repr=42 next=0 tfo=6788 active=379/301278 POs=55]
 97 : c =  173082  cl =  22845  lit =  278404  p =    26  d =     0  f =    29  -  T =     0.02 sec
  [prof  97] wall=  25.336 p=    55 | ifo=  3.483(sd=0.802 nx=0.714 tfo=0.136 cnt=1.831) snap= 1.261 srm= 13.180 sat=  2.836(set=0.336 slv=2.494 max=0.2490 n=55) cex=R/T/F=0/0/29 trsplit=0 sim= 2.217(rmp=2.158 run=0.058 n=1 d=0) incr=loc/full/maxdirty/keys=1/0/0/4728567 chk= 0.001(d=29) stat= 1.050 rest= 1.308
  [incr r=97 repr=29 next=0 tfo=5430 active=283/301249 POs=40]
 98 : c =  173062  cl =  22845  lit =  278384  p =    20  d =     0  f =    20  -  T =     0.02 sec
  [prof  98] wall=  24.599 p=    40 | ifo=  3.523(sd=1.006 nx=0.687 tfo=0.140 cnt=1.690) snap= 1.283 srm= 13.195 sat=  2.032(set=0.230 slv=1.798 max=0.2593 n=40) cex=R/T/F=0/0/20 trsplit=0 sim= 2.209(rmp=2.152 run=0.056 n=1 d=0) incr=loc/full/maxdirty/keys=1/0/0/4728567 chk= 0.001(d=20) stat= 1.023 rest= 1.335
  [incr r=98 repr=20 next=0 tfo=4631 active=220/301229 POs=30]
 99 : c =  173048  cl =  22845  lit =  278370  p =    16  d =     0  f =    14  -  T =     0.02 sec
  [prof  99] wall=  22.920 p=    30 | ifo=  3.341(sd=0.818 nx=0.694 tfo=0.111 cnt=1.718) snap= 1.287 srm= 11.867 sat=  1.786(set=0.181 slv=1.602 max=0.2612 n=30) cex=R/T/F=0/0/14 trsplit=0 sim= 2.174(rmp=2.118 run=0.055 n=1 d=0) incr=loc/full/maxdirty/keys=1/0/0/4728567 chk= 0.000(d=14) stat= 1.098 rest= 1.365
  [incr r=99 repr=14 next=0 tfo=3203 active=169/301215 POs=24]
100 : c =  173038  cl =  22845  lit =  278360  p =    14  d =     0  f =    10  -  T =     0.03 sec
  [prof 100] wall=  28.000 p=    24 | ifo=  3.238(sd=0.815 nx=0.676 tfo=0.071 cnt=1.676) snap= 1.254 srm= 15.583 sat=  1.013(set=0.147 slv=0.863 max=0.2495 n=24) cex=R/T/F=0/0/10 trsplit=0 sim= 2.972(rmp=2.914 run=0.058 n=1 d=0) incr=loc/full/maxdirty/keys=1/0/0/4728567 chk= 0.000(d=10) stat= 2.105 rest= 1.835
  [incr r=100 repr=10 next=0 tfo=2450 active=133/301205 POs=22]
101 : c =  173028  cl =  22845  lit =  278350  p =    12  d =     0  f =    10  -  T =     0.02 sec
  [prof 101] wall=  24.307 p=    22 | ifo=  5.031(sd=1.412 nx=1.074 tfo=0.066 cnt=2.480) snap= 1.261 srm= 12.102 sat=  1.164(set=0.147 slv=1.014 max=0.2643 n=22) cex=R/T/F=0/0/10 trsplit=0 sim= 2.228(rmp=2.162 run=0.065 n=1 d=0) incr=loc/full/maxdirty/keys=1/0/0/4728567 chk= 0.001(d=10) stat= 1.072 rest= 1.446
  [incr r=101 repr=10 next=0 tfo=2037 active=84/301195 POs=16]
102 : c =  173020  cl =  22845  lit =  278342  p =     8  d =     0  f =     8  -  T =     0.02 sec
  [prof 102] wall=  25.532 p=    16 | ifo=  3.703(sd=0.825 nx=1.126 tfo=0.048 cnt=1.703) snap= 1.279 srm= 14.827 sat=  1.187(set=0.124 slv=1.060 max=0.3015 n=16) cex=R/T/F=0/0/8 trsplit=0 sim= 2.166(rmp=2.110 run=0.056 n=1 d=0) incr=loc/full/maxdirty/keys=1/0/0/4728567 chk= 0.000(d=8) stat= 1.043 rest= 1.328
  [incr r=102 repr=8 next=0 tfo=1749 active=71/301187 POs=16]
103 : c =  173012  cl =  22845  lit =  278334  p =     8  d =     0  f =     8  -  T =     0.02 sec
  [prof 103] wall=  21.806 p=    16 | ifo=  3.808(sd=0.783 nx=0.750 tfo=0.063 cnt=2.211) snap= 1.278 srm= 10.943 sat=  1.218(set=0.124 slv=1.091 max=0.2578 n=16) cex=R/T/F=0/0/8 trsplit=0 sim= 2.183(rmp=2.126 run=0.057 n=1 d=0) incr=loc/full/maxdirty/keys=1/0/0/4728567 chk= 0.000(d=8) stat= 1.040 rest= 1.337
  [incr r=103 repr=8 next=0 tfo=1323 active=22/301179 POs=8]
104 : c =  173006  cl =  22845  lit =  278328  p =     2  d =     0  f =     6  -  T =     0.02 sec
  [prof 104] wall=  23.397 p=     8 | ifo=  3.306(sd=0.801 nx=0.661 tfo=0.041 cnt=1.803) snap= 1.269 srm= 11.184 sat=  0.633(set=0.124 slv=0.507 max=0.2064 n=8) cex=R/T/F=0/0/6 trsplit=0 sim= 3.232(rmp=3.174 run=0.057 n=1 d=0) incr=loc/full/maxdirty/keys=1/0/0/4728567 chk= 0.001(d=6) stat= 2.336 rest= 1.437
  [incr r=104 repr=6 next=0 tfo=1314 active=16/301173 POs=2]
  [prof 105] wall=  17.946 p=     2 | ifo=  3.359(sd=0.786 nx=0.707 tfo=0.041 cnt=1.825) snap= 1.768 srm= 12.710 sat=  0.100(set=0.079 slv=0.018 max=0.0180 n=2) cex=R/T/F=0/0/0 trsplit=0 sim= 0.000(rmp=0.000 run=0.000 n=0 d=0) incr=loc/full/maxdirty/keys=0/0/0/0 chk= 0.000(d=0) stat= 0.000 rest= 0.008
105 : c =  173006  cl =  22845  lit =  278328  p =     0  d =     0  f =     0  -  T =     0.02 sec
  [prof ALL] wall=40236.911 p=3804151 | ifo=1364.560(sd=92.499 nx=82.657 tfo=982.302 cnt=207.103) snap=163.222 srm=6211.554 sat=31741.315(set=483.629 slv=31047.468 max=5.5135 n=3804151) cex=R/T/F=0/0/285813 trsplit=0 sim=446.121(rmp=261.784 run=184.286 n=104 d=0) incr=loc/full/maxdirty/keys=103/1/0/4728567 chk= 9.345(d=285281) stat=125.391 rest=175.401
Srm   =     7.74 sec (  4.93 %)
Sat   =    31.74 sec ( 20.20 %)
Sim   =     0.51 sec (  0.33 %)
Other =   117.14 sec ( 74.55 %)
Incr  =     1.36 sec (  0.87 %)
Incr: fallback rounds = 17, skipped candidate pairs = 21887750
TOTAL =   157.14 sec
NBeg = 1573287. NEnd = 1238099. (Gain =  21.30 %).  RBeg = 433. REnd = 432. (Gain =   0.23 %).
Flop output names are not available. Use command "&get -n".
[1;37m/home/zxr_wsl/benchmarks/incre_spec//pals_lcr.3.ufo.BOUNDED-6.pals+Problem12_label01[0m : i/o =   2034/      1  ff =    432  [1;36mand = 1238099[0m  [1;35mlev = 2860[0m [1;35m(6.62)[0m  mem =14.21 MB
