### benchmark: /home/zxr_wsl/benchmarks/incre_spec//Problem05_label47+token_ring.13.cil-2.aig
### opts:      &scorr -v -w -i -I
### timeout:   1800s
### date:      Tue Jun  9 11:16:38 CST 2026

======== ABC command line "&r /home/zxr_wsl/benchmarks/incre_spec//Problem05_label47+token_ring.13.cil-2.aig; &ps; &scorr -v -w -i -I; &ps"
Converted 0 1-valued FFs and 2627 DC-valued FFs.
Warning: The number of inputs does not match the number of input names.
[1;37m/home/zxr_wsl/benchmarks/incre_spec//Problem05_label47+token_ring.13.cil-2[0m : i/o =  28006/      1  ff =   2630  [1;36mand =  324370[0m  [1;35mlev = 1778[0m [1;35m(0.68)[0m  mem = 4.22 MB
cst =  327000  cls =      0  lit =  327000  unused =   28006  proof =     0
cst =  204243  cls =   4477  lit =  248369  unused =  102160  proof =     0
cst =  204179  cls =   4646  lit =  244901  unused =  105459  proof =     0
cst =  204152  cls =   4681  lit =  242427  unused =  107898  proof =     0
cst =  204132  cls =   4684  lit =  240399  unused =  109923  proof =     0
cst =  204105  cls =   4634  lit =  239336  unused =  111036  proof =     0
cst =  204087  cls =   4570  lit =  238585  unused =  111851  proof =     0
cst =  204076  cls =   4538  lit =  238053  unused =  112415  proof =     0
cst =  204068  cls =   4534  lit =  237588  unused =  112884  proof =     0
cst =  204066  cls =   4529  lit =  237231  unused =  113246  proof =     0
Obj =  357638. And =  324370. Conf =   100. Fr = 1. Lcorr = 0. Ring = 1. CSat = 1.
  0 : c =  204066  cl =   4529  lit =  237231  p =     0  d =     0  f =     0  +  T =     0.19 sec
BMC : c =  204001  cl =   4029  lit =  236018  p =     0  d = 27934  f =     0  +  T =     0.10 sec
  [bmc-prof   0] wall= 100.321 p= 27934 | ifo=  0.000(sd=0.000 nx=0.000 tfo=0.000 cnt=0.000) snap= 0.313 srm= 20.156 sat= 60.704(set=0.987 slv=56.210 max=0.1155 n=27934) cex=R/T/F=27934/0/0 trsplit=0 sim=18.161(rmp=0.521 run=17.640 n=1 d=1213) incr=loc/full/maxdirty/keys=0/0/0/0 chk= 0.059(d=0) stat= 0.168 rest= 0.760
BMC : c =  203930  cl =   3941  lit =  235097  p =    11  d = 26883  f =     0  +  T =     0.10 sec
  [bmc-prof   1] wall= 105.121 p= 26894 | ifo=  3.986(sd=0.271 nx=0.000 tfo=3.270 cnt=0.446) snap= 0.292 srm= 16.469 sat= 66.447(set=0.960 slv=61.844 max=0.1123 n=26894) cex=R/T/F=26883/0/0 trsplit=0 sim=16.910(rmp=0.499 run=16.410 n=1 d=921) incr=loc/full/maxdirty/keys=0/0/0/0 chk= 0.048(d=0) stat= 0.165 rest= 0.805
BMC : c =  203866  cl =   3948  lit =  233978  p =    32  d = 26099  f =     0  +  T =     0.12 sec
  [bmc-prof   2] wall= 119.447 p= 26131 | ifo=  3.874(sd=0.228 nx=0.000 tfo=3.189 cnt=0.456) snap= 0.297 srm= 16.590 sat= 79.573(set=0.926 slv=75.547 max=0.0830 n=26131) cex=R/T/F=26099/0/0 trsplit=0 sim=17.951(rmp=0.475 run=17.476 n=1 d=1119) incr=loc/full/maxdirty/keys=0/0/0/0 chk= 0.079(d=0) stat= 0.190 rest= 0.894
BMC : c =  203793  cl =   3899  lit =  232605  p =    44  d = 25132  f =     0  +  T =     0.12 sec
  [bmc-prof   3] wall= 122.149 p= 25176 | ifo=  3.495(sd=0.226 nx=0.000 tfo=2.767 cnt=0.501) snap= 0.301 srm= 17.103 sat= 82.829(set=0.916 slv=78.837 max=0.2149 n=25176) cex=R/T/F=25132/0/0 trsplit=0 sim=17.419(rmp=0.495 run=16.924 n=1 d=1373) incr=loc/full/maxdirty/keys=0/0/0/0 chk= 0.052(d=0) stat= 0.163 rest= 0.788
BMC : c =  203755  cl =   3847  lit =  231240  p =    43  d = 23996  f =     0  +  T =     0.14 sec
  [bmc-prof   4] wall= 141.613 p= 24039 | ifo=  3.078(sd=0.226 nx=0.000 tfo=2.408 cnt=0.444) snap= 0.423 srm= 15.839 sat= 98.704(set=0.915 slv=94.589 max=0.3019 n=24039) cex=R/T/F=23996/0/0 trsplit=0 sim=22.460(rmp=0.514 run=21.945 n=1 d=1365) incr=loc/full/maxdirty/keys=0/0/0/0 chk= 0.053(d=0) stat= 0.166 rest= 0.890
BMC : c =  203690  cl =   3723  lit =  229692  p =    47  d = 22721  f =     0  +  T =     0.13 sec
  [bmc-prof   5] wall= 134.605 p= 22768 | ifo=  3.349(sd=0.235 nx=0.000 tfo=2.468 cnt=0.647) snap= 0.291 srm= 16.093 sat= 95.186(set=0.873 slv=91.319 max=1.2106 n=22768) cex=R/T/F=22721/0/0 trsplit=0 sim=18.518(rmp=0.542 run=17.976 n=1 d=1548) incr=loc/full/maxdirty/keys=0/0/0/0 chk= 0.051(d=0) stat= 0.165 rest= 0.950
BMC : c =  203647  cl =   3716  lit =  228210  p =    47  d = 21478  f =     5  +  T =     0.06 sec
  [bmc-prof   6] wall=  59.593 p= 21530 | ifo=  3.132(sd=0.227 nx=0.000 tfo=2.460 cnt=0.445) snap= 0.289 srm= 15.209 sat= 18.054(set=0.895 slv=15.663 max=0.1293 n=21530) cex=R/T/F=21478/0/5 trsplit=0 sim=22.014(rmp=0.563 run=21.451 n=1 d=1477) incr=loc/full/maxdirty/keys=0/0/0/0 chk= 0.061(d=5) stat= 0.195 rest= 0.639
BMC : c =  203603  cl =   3702  lit =  226799  p =    57  d = 20082  f =     5  +  T =     0.05 sec
  [bmc-prof   7] wall=  54.642 p= 20144 | ifo=  3.993(sd=0.273 nx=0.000 tfo=3.258 cnt=0.462) snap= 0.290 srm= 15.115 sat= 17.817(set=0.888 slv=15.446 max=0.0874 n=20144) cex=R/T/F=20082/0/5 trsplit=0 sim=16.671(rmp=0.510 run=16.160 n=1 d=1406) incr=loc/full/maxdirty/keys=0/0/0/0 chk= 0.051(d=5) stat= 0.171 rest= 0.533
BMC : c =  203557  cl =   3623  lit =  225317  p =    52  d = 18850  f =     6  +  T =     0.06 sec
  [bmc-prof   8] wall=  57.569 p= 18908 | ifo=  3.660(sd=0.240 nx=0.000 tfo=2.974 cnt=0.446) snap= 0.300 srm= 15.255 sat= 19.114(set=0.829 slv=16.734 max=0.0605 n=18908) cex=R/T/F=18850/0/6 trsplit=0 sim=17.898(rmp=0.542 run=17.354 n=1 d=1476) incr=loc/full/maxdirty/keys=0/0/0/0 chk= 0.103(d=6) stat= 0.344 rest= 0.896
BMC : c =  203503  cl =   3587  lit =  223893  p =    50  d = 17462  f =     4  +  T =     0.06 sec
  [bmc-prof   9] wall=  58.791 p= 17516 | ifo=  5.459(sd=0.487 nx=0.000 tfo=4.242 cnt=0.730) snap= 0.287 srm= 15.629 sat= 19.848(set=0.817 slv=17.661 max=0.7759 n=17516) cex=R/T/F=17462/0/4 trsplit=0 sim=16.809(rmp=0.491 run=16.318 n=1 d=1420) incr=loc/full/maxdirty/keys=0/0/0/0 chk= 0.048(d=4) stat= 0.182 rest= 0.528
BMC : c =  203390  cl =   3513  lit =  222457  p =    46  d = 16166  f =     5  +  T =     0.06 sec
  [bmc-prof  10] wall=  59.701 p= 16217 | ifo=  3.177(sd=0.239 nx=0.000 tfo=2.495 cnt=0.442) snap= 0.295 srm= 14.279 sat= 17.988(set=0.786 slv=15.908 max=0.0456 n=16217) cex=R/T/F=16166/0/5 trsplit=0 sim=23.250(rmp=0.518 run=22.731 n=1 d=1431) incr=loc/full/maxdirty/keys=0/0/0/0 chk= 0.044(d=5) stat= 0.163 rest= 0.505
BMC : c =  203283  cl =   3452  lit =  221100  p =    36  d = 14961  f =     7  +  T =     0.10 sec
  [bmc-prof  11] wall= 101.610 p= 15004 | ifo=  3.314(sd=0.232 nx=0.000 tfo=2.632 cnt=0.449) snap= 0.285 srm= 13.882 sat= 66.762(set=0.765 slv=63.898 max=0.1276 n=15004) cex=R/T/F=14961/0/7 trsplit=0 sim=16.502(rmp=0.499 run=16.003 n=1 d=1350) incr=loc/full/maxdirty/keys=0/0/0/0 chk= 0.058(d=7) stat= 0.163 rest= 0.645
BMC : c =  203088  cl =   3420  lit =  219726  p =    38  d = 13799  f =     3  +  T =     0.11 sec
  [bmc-prof  12] wall= 110.261 p= 13840 | ifo=  3.536(sd=0.304 nx=0.000 tfo=2.790 cnt=0.442) snap= 0.289 srm= 13.692 sat= 74.591(set=0.746 slv=71.903 max=0.2158 n=13840) cex=R/T/F=13799/0/3 trsplit=0 sim=17.336(rmp=0.470 run=16.866 n=1 d=1371) incr=loc/full/maxdirty/keys=0/0/0/0 chk= 0.039(d=3) stat= 0.172 rest= 0.606
BMC : c =  202881  cl =   3380  lit =  218320  p =    53  d = 12840  f =     4  +  T =     0.05 sec
  [bmc-prof  13] wall=  53.092 p= 12897 | ifo=  3.171(sd=0.224 nx=0.000 tfo=2.506 cnt=0.441) snap= 0.290 srm= 14.113 sat= 16.818(set=0.810 slv=15.001 max=0.0490 n=12897) cex=R/T/F=12840/0/4 trsplit=0 sim=17.757(rmp=0.505 run=17.251 n=1 d=1403) incr=loc/full/maxdirty/keys=0/0/0/0 chk= 0.097(d=3) stat= 0.226 rest= 0.619
BMC : c =  202616  cl =   3309  lit =  217028  p =    26  d = 11812  f =     2  +  T =     0.05 sec
  [bmc-prof  14] wall=  51.387 p= 11840 | ifo=  4.290(sd=0.333 nx=0.000 tfo=3.447 cnt=0.510) snap= 0.293 srm= 14.186 sat= 16.250(set=0.732 slv=14.620 max=0.0442 n=11840) cex=R/T/F=11812/0/2 trsplit=0 sim=15.699(rmp=0.510 run=15.189 n=1 d=1290) incr=loc/full/maxdirty/keys=0/0/0/0 chk= 0.032(d=2) stat= 0.163 rest= 0.474
BMC : c =  202449  cl =   3261  lit =  215909  p =    22  d = 10855  f =     3  +  T =     0.05 sec
  [bmc-prof  15] wall=  50.328 p= 10880 | ifo=  3.040(sd=0.221 nx=0.000 tfo=2.381 cnt=0.438) snap= 0.293 srm= 13.407 sat= 15.626(set=0.712 slv=14.078 max=0.0858 n=10880) cex=R/T/F=10855/0/3 trsplit=0 sim=17.278(rmp=0.545 run=16.733 n=1 d=1116) incr=loc/full/maxdirty/keys=0/0/0/0 chk= 0.033(d=3) stat= 0.161 rest= 0.491
BMC : c =  202296  cl =   3263  lit =  214812  p =    30  d = 10032  f =     2  +  T =     0.05 sec
  [bmc-prof  16] wall=  48.726 p= 10064 | ifo=  3.262(sd=0.224 nx=0.000 tfo=2.587 cnt=0.450) snap= 0.401 srm= 13.870 sat= 15.102(set=0.693 slv=13.602 max=0.0477 n=10064) cex=R/T/F=10032/0/2 trsplit=0 sim=15.394(rmp=0.497 run=14.897 n=1 d=1095) incr=loc/full/maxdirty/keys=0/0/0/0 chk= 0.030(d=2) stat= 0.204 rest= 0.463
BMC : c =  202128  cl =   3206  lit =  213820  p =    22  d =  9283  f =     1  +  T =     0.06 sec
  [bmc-prof  17] wall=  57.686 p=  9306 | ifo=  3.220(sd=0.229 nx=0.000 tfo=2.554 cnt=0.437) snap= 0.383 srm= 17.349 sat= 16.184(set=1.220 slv=14.166 max=0.0502 n=9306) cex=R/T/F=9283/0/1 trsplit=0 sim=19.863(rmp=0.506 run=19.356 n=1 d=991) incr=loc/full/maxdirty/keys=0/0/0/0 chk= 0.028(d=1) stat= 0.160 rest= 0.498
BMC : c =  201879  cl =   3207  lit =  212850  p =    36  d =  8548  f =     1  +  T =     0.05 sec
  [bmc-prof  18] wall=  48.453 p=  8585 | ifo=  3.481(sd=0.215 nx=0.000 tfo=2.832 cnt=0.435) snap= 0.306 srm= 12.973 sat= 15.677(set=0.672 slv=14.295 max=0.1896 n=8585) cex=R/T/F=8548/0/1 trsplit=0 sim=15.355(rmp=0.542 run=14.813 n=1 d=969) incr=loc/full/maxdirty/keys=0/0/0/0 chk= 0.027(d=1) stat= 0.161 rest= 0.473
BMC : c =  201378  cl =   3228  lit =  211858  p =    13  d =  8000  f =     0  +  T =     0.05 sec
  [bmc-prof  19] wall=  47.665 p=  8013 | ifo=  3.293(sd=0.286 nx=0.000 tfo=2.573 cnt=0.434) snap= 0.312 srm= 12.701 sat= 15.168(set=0.654 slv=13.814 max=0.0766 n=8013) cex=R/T/F=8000/0/0 trsplit=0 sim=15.495(rmp=0.547 run=14.947 n=1 d=992) incr=loc/full/maxdirty/keys=0/0/0/0 chk= 0.026(d=0) stat= 0.159 rest= 0.512
BMC : c =  200920  cl =   3230  lit =  210843  p =    19  d =  7477  f =     0  +  T =     0.05 sec
  [bmc-prof  20] wall=  47.661 p=  7496 | ifo=  3.658(sd=0.211 nx=0.000 tfo=3.004 cnt=0.443) snap= 0.287 srm= 12.579 sat= 14.705(set=0.633 slv=13.397 max=0.0779 n=7496) cex=R/T/F=7477/0/0 trsplit=0 sim=15.761(rmp=0.515 run=15.246 n=1 d=1015) incr=loc/full/maxdirty/keys=0/0/0/0 chk= 0.023(d=0) stat= 0.160 rest= 0.488
BMC : c =  200669  cl =   3180  lit =  210022  p =    36  d =  6840  f =     0  +  T =     0.05 sec
  [bmc-prof  21] wall=  50.763 p=  6876 | ifo=  5.271(sd=0.220 nx=0.000 tfo=4.619 cnt=0.432) snap= 0.288 srm= 12.498 sat= 14.660(set=0.607 slv=13.388 max=0.5551 n=6876) cex=R/T/F=6840/0/0 trsplit=0 sim=17.376(rmp=0.540 run=16.835 n=1 d=821) incr=loc/full/maxdirty/keys=0/0/0/0 chk= 0.023(d=0) stat= 0.162 rest= 0.486
BMC : c =  200536  cl =   3126  lit =  209386  p =    52  d =  6245  f =     0  +  T =     0.05 sec
  [bmc-prof  22] wall=  46.674 p=  6297 | ifo=  4.351(sd=0.210 nx=0.000 tfo=3.675 cnt=0.465) snap= 0.304 srm= 13.157 sat= 13.150(set=0.626 slv=11.975 max=0.0916 n=6297) cex=R/T/F=6245/0/0 trsplit=0 sim=15.084(rmp=0.506 run=14.577 n=1 d=636) incr=loc/full/maxdirty/keys=0/0/0/0 chk= 0.020(d=0) stat= 0.173 rest= 0.435
BMC : c =  200474  cl =   3089  lit =  208931  p =    24  d =  5822  f =     0  +  T =     0.06 sec
  [bmc-prof  23] wall=  64.453 p=  5846 | ifo=  4.266(sd=0.212 nx=0.000 tfo=3.605 cnt=0.449) snap= 0.309 srm= 11.807 sat= 31.870(set=0.619 slv=30.526 max=0.1394 n=5846) cex=R/T/F=5822/0/0 trsplit=0 sim=15.438(rmp=0.487 run=14.950 n=1 d=455) incr=loc/full/maxdirty/keys=0/0/0/0 chk= 0.020(d=0) stat= 0.163 rest= 0.579
BMC : c =  200223  cl =   3050  lit =  208570  p =    10  d =  5479  f =     0  +  T =     0.07 sec
  [bmc-prof  24] wall=  65.637 p=  5489 | ifo=  4.348(sd=0.223 nx=0.000 tfo=3.688 cnt=0.437) snap= 0.319 srm= 12.710 sat= 32.743(set=0.604 slv=31.479 max=0.1649 n=5489) cex=R/T/F=5479/0/0 trsplit=0 sim=14.856(rmp=0.539 run=14.317 n=1 d=361) incr=loc/full/maxdirty/keys=0/0/0/0 chk= 0.017(d=0) stat= 0.153 rest= 0.491
BMC : c =  200189  cl =   3044  lit =  208289  p =    12  d =  5171  f =     0  +  T =     0.06 sec
  [bmc-prof  25] wall=  65.237 p=  5183 | ifo=  4.159(sd=0.203 nx=0.000 tfo=3.524 cnt=0.432) snap= 0.290 srm= 12.290 sat= 33.228(set=0.580 slv=32.006 max=0.1968 n=5183) cex=R/T/F=5171/0/0 trsplit=0 sim=14.629(rmp=0.505 run=14.123 n=1 d=281) incr=loc/full/maxdirty/keys=0/0/0/0 chk= 0.016(d=0) stat= 0.155 rest= 0.468
BMC : c =  200168  cl =   3040  lit =  208017  p =    19  d =  4950  f =     0  +  T =     0.06 sec
  [bmc-prof  26] wall=  56.796 p=  4969 | ifo=  4.102(sd=0.202 nx=0.000 tfo=3.475 cnt=0.425) snap= 0.290 srm= 12.142 sat= 25.486(set=0.563 slv=24.369 max=0.1781 n=4969) cex=R/T/F=4950/0/0 trsplit=0 sim=14.277(rmp=0.416 run=13.861 n=1 d=272) incr=loc/full/maxdirty/keys=0/0/0/0 chk= 0.019(d=0) stat= 0.154 rest= 0.325
BMC : c =  200143  cl =   3012  lit =  207776  p =    18  d =  4715  f =     0  +  T =     0.06 sec
  [bmc-prof  27] wall=  61.110 p=  4733 | ifo=  4.071(sd=0.199 nx=0.000 tfo=3.453 cnt=0.419) snap= 0.288 srm= 10.988 sat= 31.701(set=0.553 slv=30.553 max=0.2300 n=4733) cex=R/T/F=4715/0/0 trsplit=0 sim=13.508(rmp=0.478 run=13.030 n=1 d=241) incr=loc/full/maxdirty/keys=0/0/0/0 chk= 0.018(d=0) stat= 0.156 rest= 0.378
BMC : c =  200122  cl =   2994  lit =  207578  p =    16  d =  4521  f =     0  +  T =     0.41 sec
  [bmc-prof  28] wall= 414.098 p=  4537 | ifo=  4.186(sd=0.201 nx=0.000 tfo=3.555 cnt=0.429) snap= 0.292 srm= 10.993 sat=381.527(set=0.562 slv=379.705 max=0.8783 n=4537) cex=R/T/F=4521/0/0 trsplit=0 sim=16.238(rmp=0.561 run=15.676 n=1 d=198) incr=loc/full/maxdirty/keys=0/0/0/0 chk= 0.014(d=0) stat= 0.150 rest= 0.699
BMC : c =  199881  cl =   2996  lit =  207380  p =    12  d =  4366  f =     0  +  T =     0.56 sec
  [bmc-prof  29] wall= 563.059 p=  4378 | ifo=  3.578(sd=0.202 nx=0.000 tfo=2.949 cnt=0.427) snap= 0.287 srm= 11.874 sat=529.412(set=0.532 slv=524.862 max=0.9131 n=4378) cex=R/T/F=4366/0/0 trsplit=0 sim=17.277(rmp=0.566 run=16.710 n=1 d=198) incr=loc/full/maxdirty/keys=0/0/0/0 chk= 0.014(d=0) stat= 0.153 rest= 0.463
BMC : c =  199854  cl =   2988  lit =  207172  p =    14  d =  4204  f =     0  +  T =     0.72 sec
  [bmc-prof  30] wall= 721.924 p=  4218 | ifo=  4.978(sd=0.200 nx=0.000 tfo=3.649 cnt=1.129) snap= 0.410 srm= 15.279 sat=682.511(set=0.685 slv=680.088 max=1.0695 n=4218) cex=R/T/F=4204/0/0 trsplit=0 sim=17.895(rmp=0.823 run=17.071 n=1 d=208) incr=loc/full/maxdirty/keys=0/0/0/0 chk= 0.014(d=0) stat= 0.152 rest= 0.684
BMC : c =  199827  cl =   2978  lit =  206975  p =    17  d =  4036  f =     0  +  T =     0.88 sec
  [bmc-prof  31] wall= 880.604 p=  4053 | ifo=  5.408(sd=0.377 nx=0.000 tfo=4.599 cnt=0.433) snap= 0.292 srm= 12.220 sat=842.442(set=0.527 slv=837.636 max=2.6876 n=4053) cex=R/T/F=4036/0/0 trsplit=0 sim=19.364(rmp=1.425 run=17.938 n=1 d=197) incr=loc/full/maxdirty/keys=0/0/0/0 chk= 0.012(d=0) stat= 0.147 rest= 0.718
BMC : c =  199801  cl =   2956  lit =  206784  p =    11  d =  3881  f =     0  +  T =     1.06 sec
  [bmc-prof  32] wall=1057.025 p=  3892 | ifo=  3.809(sd=0.207 nx=0.000 tfo=3.184 cnt=0.418) snap= 0.288 srm= 11.801 sat=1022.210(set=0.523 slv=1019.152 max=1.3716 n=3892) cex=R/T/F=3881/0/0 trsplit=0 sim=18.236(rmp=0.667 run=17.569 n=1 d=191) incr=loc/full/maxdirty/keys=0/0/0/0 chk= 0.012(d=0) stat= 0.148 rest= 0.521
BMC : c =  199783  cl =   2941  lit =  206616  p =    13  d =  3725  f =     0  +  T =     1.25 sec
  [bmc-prof  33] wall=1247.280 p=  3738 | ifo=  3.543(sd=0.198 nx=0.000 tfo=2.930 cnt=0.416) snap= 0.290 srm= 10.889 sat=1211.232(set=0.797 slv=1208.527 max=1.6692 n=3738) cex=R/T/F=3725/0/0 trsplit=0 sim=20.602(rmp=0.527 run=20.074 n=1 d=168) incr=loc/full/maxdirty/keys=0/0/0/0 chk= 0.012(d=0) stat= 0.160 rest= 0.552
BMC : c =  199522  cl =   2934  lit =  206467  p =    12  d =  3585  f =     0  +  T =     1.48 sec
  [bmc-prof  34] wall=1476.320 p=  3597 | ifo=  4.168(sd=0.256 nx=0.000 tfo=3.451 cnt=0.460) snap= 0.338 srm= 11.308 sat=1440.268(set=0.571 slv=1437.090 max=2.0363 n=3597) cex=R/T/F=3585/0/0 trsplit=0 sim=19.515(rmp=0.665 run=18.849 n=1 d=149) incr=loc/full/maxdirty/keys=0/0/0/0 chk= 0.011(d=0) stat= 0.144 rest= 0.569
BMC : c =  199494  cl =   2940  lit =  206312  p =    23  d =  3474  f =     0  +  T =     1.64 sec
  [bmc-prof  35] wall=1642.872 p=  3497 | ifo=  3.862(sd=0.207 nx=0.000 tfo=3.236 cnt=0.420) snap= 0.298 srm= 10.719 sat=1606.671(set=0.521 slv=1604.200 max=2.3201 n=3497) cex=R/T/F=3474/0/0 trsplit=0 sim=20.254(rmp=0.657 run=19.595 n=1 d=155) incr=loc/full/maxdirty/keys=0/0/0/0 chk= 0.016(d=0) stat= 0.171 rest= 0.880
BMC : c =  199468  cl =   2942  lit =  206149  p =    15  d =  3366  f =     0  +  T =     1.85 sec
  [bmc-prof  36] wall=1847.209 p=  3381 | ifo=  4.300(sd=0.314 nx=0.000 tfo=3.536 cnt=0.450) snap= 0.400 srm= 11.968 sat=1808.985(set=0.533 slv=1804.537 max=2.6901 n=3381) cex=R/T/F=3366/0/0 trsplit=0 sim=20.659(rmp=1.162 run=19.497 n=1 d=163) incr=loc/full/maxdirty/keys=0/0/0/0 chk= 0.011(d=0) stat= 0.150 rest= 0.736
BMC : c =  199450  cl =   2937  lit =  205986  p =    12  d =  3238  f =     0  +  T =     2.07 sec
  [bmc-prof  37] wall=2072.855 p=  3250 | ifo=  3.674(sd=0.198 nx=0.000 tfo=3.060 cnt=0.416) snap= 0.290 srm= 11.611 sat=2024.376(set=0.510 slv=2017.596 max=3.5393 n=3250) cex=R/T/F=3238/0/0 trsplit=0 sim=31.912(rmp=1.586 run=30.325 n=1 d=163) incr=loc/full/maxdirty/keys=0/0/0/0 chk= 0.012(d=0) stat= 0.152 rest= 0.830
BMC : c =  199197  cl =   2935  lit =  205815  p =    12  d =  3096  f =     0  +  T =     2.24 sec
  [bmc-prof  38] wall=2240.872 p=  3108 | ifo=  4.199(sd=0.209 nx=0.000 tfo=3.551 cnt=0.438) snap= 0.306 srm= 12.997 sat=2202.864(set=0.541 slv=2197.957 max=3.7965 n=3108) cex=R/T/F=3096/0/0 trsplit=0 sim=19.846(rmp=0.537 run=19.308 n=1 d=171) incr=loc/full/maxdirty/keys=0/0/0/0 chk= 0.010(d=0) stat= 0.143 rest= 0.507
BMC : c =  199169  cl =   2924  lit =  205643  p =    13  d =  2961  f =     0  +  T =     2.45 sec
  [bmc-prof  39] wall=2446.745 p=  2974 | ifo=  3.554(sd=0.196 nx=0.000 tfo=2.944 cnt=0.413) snap= 0.314 srm= 10.971 sat=2411.562(set=0.521 slv=2407.132 max=4.1529 n=2974) cex=R/T/F=2961/0/0 trsplit=0 sim=19.429(rmp=0.549 run=18.880 n=1 d=172) incr=loc/full/maxdirty/keys=0/0/0/0 chk= 0.010(d=0) stat= 0.148 rest= 0.757
BMC : c =  199147  cl =   2914  lit =  205476  p =    13  d =  2821  f =     0  +  T =     2.69 sec
  [bmc-prof  40] wall=2690.278 p=  2834 | ifo=  3.561(sd=0.202 nx=0.000 tfo=2.946 cnt=0.413) snap= 0.314 srm= 11.862 sat=2653.823(set=0.500 slv=2647.726 max=4.5552 n=2834) cex=R/T/F=2821/0/0 trsplit=0 sim=19.853(rmp=0.537 run=19.315 n=1 d=167) incr=loc/full/maxdirty/keys=0/0/0/0 chk= 0.009(d=0) stat= 0.156 rest= 0.699
BMC : c =  199117  cl =   2901  lit =  205342  p =    14  d =  2678  f =     0  +  T =     2.72 sec
  [bmc-prof  41] wall=2718.784 p=  2692 | ifo=  4.226(sd=0.213 nx=0.000 tfo=3.589 cnt=0.425) snap= 0.311 srm= 12.276 sat=2681.528(set=0.531 slv=2676.072 max=3.8441 n=2692) cex=R/T/F=2678/0/0 trsplit=0 sim=19.604(rmp=0.504 run=19.100 n=1 d=134) incr=loc/full/maxdirty/keys=0/0/0/0 chk= 0.009(d=0) stat= 0.141 rest= 0.688
BMC : c =  199095  cl =   2896  lit =  205203  p =    14  d =  2579  f =     0  +  T =     2.92 sec
  [bmc-prof  42] wall=2922.301 p=  2593 | ifo=  3.744(sd=0.213 nx=0.000 tfo=3.123 cnt=0.408) snap= 0.300 srm= 11.526 sat=2886.509(set=0.492 slv=2881.330 max=5.6602 n=2593) cex=R/T/F=2579/0/0 trsplit=0 sim=19.406(rmp=0.501 run=18.905 n=1 d=139) incr=loc/full/maxdirty/keys=0/0/0/0 chk= 0.009(d=0) stat= 0.144 rest= 0.664
BMC : c =  199071  cl =   2883  lit =  205065  p =    14  d =  2465  f =     0  +  T =     3.11 sec
  [bmc-prof  43] wall=3111.931 p=  2479 | ifo=  3.522(sd=0.194 nx=0.000 tfo=2.911 cnt=0.417) snap= 0.304 srm= 11.546 sat=3076.312(set=0.507 slv=3071.112 max=5.7065 n=2479) cex=R/T/F=2465/0/0 trsplit=0 sim=19.442(rmp=0.503 run=18.939 n=1 d=138) incr=loc/full/maxdirty/keys=0/0/0/0 chk= 0.008(d=0) stat= 0.150 rest= 0.648
BMC : c =  198820  cl =   2883  lit =  204929  p =    15  d =  2353  f =     0  +  T =     3.22 sec
  [bmc-prof  44] wall=3218.835 p=  2368 | ifo=  3.556(sd=0.200 nx=0.000 tfo=2.915 cnt=0.440) snap= 0.357 srm= 11.592 sat=3183.028(set=0.564 slv=3178.089 max=10.0494 n=2368) cex=R/T/F=2353/0/0 trsplit=0 sim=19.471(rmp=0.562 run=18.909 n=1 d=136) incr=loc/full/maxdirty/keys=0/0/0/0 chk= 0.009(d=0) stat= 0.144 rest= 0.679
BMC : c =  198790  cl =   2880  lit =  204809  p =    19  d =  2250  f =     0  +  T =     3.37 sec
  [bmc-prof  45] wall=3366.361 p=  2269 | ifo=  3.537(sd=0.210 nx=0.000 tfo=2.913 cnt=0.414) snap= 0.289 srm= 11.966 sat=3330.231(set=0.641 slv=3324.701 max=12.8904 n=2269) cex=R/T/F=2250/0/0 trsplit=0 sim=19.508(rmp=0.510 run=18.997 n=1 d=120) incr=loc/full/maxdirty/keys=0/0/0/0 chk= 0.009(d=0) stat= 0.142 rest= 0.679
BMC : c =  198766  cl =   2879  lit =  204677  p =    16  d =  2164  f =     0  +  T =     3.40 sec
  [bmc-prof  46] wall=3404.602 p=  2180 | ifo=  3.530(sd=0.195 nx=0.000 tfo=2.919 cnt=0.417) snap= 0.298 srm= 11.563 sat=3368.767(set=0.490 slv=3363.016 max=5.8434 n=2180) cex=R/T/F=2164/0/0 trsplit=0 sim=19.541(rmp=0.630 run=18.910 n=1 d=132) incr=loc/full/maxdirty/keys=0/0/0/0 chk= 0.007(d=0) stat= 0.142 rest= 0.754
BMC : c =  198733  cl =   2867  lit =  204523  p =    16  d =  2056  f =     0  +  T =     3.55 sec
  [bmc-prof  47] wall=3549.677 p=  2072 | ifo=  3.729(sd=0.209 nx=0.000 tfo=3.109 cnt=0.412) snap= 0.300 srm= 11.536 sat=3512.357(set=0.486 slv=3508.381 max=6.3730 n=2072) cex=R/T/F=2056/0/0 trsplit=0 sim=20.891(rmp=0.628 run=20.262 n=1 d=154) incr=loc/full/maxdirty/keys=0/0/0/0 chk= 0.008(d=0) stat= 0.142 rest= 0.714
BMC : c =  198713  cl =   2854  lit =  204391  p =    13  d =  1941  f =     0  +  T =     3.65 sec
  [bmc-prof  48] wall=3653.847 p=  1954 | ifo=  3.525(sd=0.192 nx=0.000 tfo=2.919 cnt=0.414) snap= 0.291 srm= 12.411 sat=3617.456(set=0.489 slv=3612.434 max=7.9817 n=1954) cex=R/T/F=1941/0/0 trsplit=0 sim=19.404(rmp=0.511 run=18.893 n=1 d=132) incr=loc/full/maxdirty/keys=0/0/0/0 chk= 0.007(d=0) stat= 0.140 rest= 0.611
BMC : c =  198455  cl =   2850  lit =  204272  p =    17  d =  1832  f =     0  +  T =     3.73 sec
  [bmc-prof  49] wall=3730.377 p=  1849 | ifo=  3.830(sd=0.192 nx=0.000 tfo=3.099 cnt=0.540) snap= 0.333 srm= 11.929 sat=3694.302(set=0.540 slv=3689.384 max=7.6783 n=1849) cex=R/T/F=1832/0/0 trsplit=0 sim=19.016(rmp=0.523 run=18.493 n=1 d=119) incr=loc/full/maxdirty/keys=0/0/0/0 chk= 0.008(d=0) stat= 0.156 rest= 0.804
BMC : c =  198433  cl =   2839  lit =  204153  p =    16  d =  1752  f =     1  +  T =     3.79 sec
  [bmc-prof  50] wall=3792.790 p=  1769 | ifo=  5.194(sd=0.509 nx=0.000 tfo=4.171 cnt=0.513) snap= 0.370 srm= 14.170 sat=3752.370(set=0.571 slv=3747.334 max=8.7033 n=1769) cex=R/T/F=1752/0/1 trsplit=0 sim=19.919(rmp=0.550 run=19.368 n=1 d=118) incr=loc/full/maxdirty/keys=0/0/0/0 chk= 0.007(d=1) stat= 0.146 rest= 0.615
BMC : c =  198404  cl =   2844  lit =  204027  p =    21  d =  1654  f =     0  +  T =     3.69 sec
  [bmc-prof  51] wall=3688.257 p=  1675 | ifo=  3.583(sd=0.216 nx=0.000 tfo=2.960 cnt=0.407) snap= 0.287 srm= 11.366 sat=3651.007(set=0.484 slv=3646.502 max=9.8428 n=1675) cex=R/T/F=1654/0/0 trsplit=0 sim=21.193(rmp=0.659 run=20.533 n=1 d=126) incr=loc/full/maxdirty/keys=0/0/0/0 chk= 0.007(d=0) stat= 0.141 rest= 0.672
BMC : c =  198376  cl =   2838  lit =  203888  p =    21  d =  1560  f =     0  +  T =     3.81 sec
  [bmc-prof  52] wall=3812.880 p=  1581 | ifo=  3.572(sd=0.191 nx=0.000 tfo=2.971 cnt=0.410) snap= 0.290 srm= 11.286 sat=3777.469(set=0.499 slv=3772.102 max=9.8681 n=1581) cex=R/T/F=1560/0/0 trsplit=0 sim=19.395(rmp=0.628 run=18.766 n=1 d=139) incr=loc/full/maxdirty/keys=0/0/0/0 chk= 0.007(d=0) stat= 0.149 rest= 0.712
BMC : c =  198344  cl =   2832  lit =  203765  p =    19  d =  1455  f =     0  +  T =     3.80 sec
  [bmc-prof  53] wall=3802.576 p=  1474 | ifo=  3.607(sd=0.241 nx=0.000 tfo=2.923 cnt=0.444) snap= 0.333 srm= 11.558 sat=3759.691(set=0.547 slv=3754.406 max=9.7423 n=1474) cex=R/T/F=1455/0/0 trsplit=0 sim=26.581(rmp=0.518 run=26.063 n=1 d=123) incr=loc/full/maxdirty/keys=0/0/0/0 chk= 0.006(d=0) stat= 0.142 rest= 0.659
BMC : c =  198314  cl =   2828  lit =  203647  p =    29  d =  1357  f =     0  +  T =     3.39 sec
  [bmc-prof  54] wall=3390.463 p=  1386 | ifo=  3.604(sd=0.201 nx=0.000 tfo=2.995 cnt=0.409) snap= 0.290 srm= 11.588 sat=3355.219(set=0.495 slv=3350.445 max=8.7099 n=1386) cex=R/T/F=1357/0/0 trsplit=0 sim=18.991(rmp=0.503 run=18.487 n=1 d=118) incr=loc/full/maxdirty/keys=0/0/0/0 chk= 0.006(d=0) stat= 0.138 rest= 0.626
BMC : c =  198076  cl =   2817  lit =  203539  p =    28  d =  1270  f =     2  +  T =     3.33 sec
  [bmc-prof  55] wall=3330.631 p=  1300 | ifo=  3.626(sd=0.208 nx=0.000 tfo=2.914 cnt=0.504) snap= 0.305 srm= 11.452 sat=3296.426(set=0.508 slv=3291.729 max=10.3052 n=1300) cex=R/T/F=1270/0/2 trsplit=0 sim=18.051(rmp=0.526 run=17.525 n=1 d=106) incr=loc/full/maxdirty/keys=0/0/0/0 chk= 0.006(d=2) stat= 0.142 rest= 0.622
BMC : c =  197997  cl =   2777  lit =  202719  p =    29  d =   470  f =   711  +  T =     0.58 sec
  [bmc-prof  56] wall= 576.812 p=  1210 | ifo=  4.100(sd=0.193 nx=0.000 tfo=3.451 cnt=0.456) snap= 0.316 srm= 11.650 sat=546.819(set=0.503 slv=546.073 max=4.9851 n=1210) cex=R/T/F=470/0/711 trsplit=0 sim=12.838(rmp=0.509 run=12.328 n=1 d=113) incr=loc/full/maxdirty/keys=0/0/0/0 chk= 0.587(d=707) stat= 0.140 rest= 0.362
BMC : c =  197963  cl =   2758  lit =  202613  p =    10  d =   552  f =     4  +  T =     0.10 sec
  [bmc-prof  57] wall=  95.390 p=   566 | ifo=  3.554(sd=0.218 nx=0.000 tfo=2.933 cnt=0.403) snap= 0.293 srm= 10.637 sat= 66.228(set=0.486 slv=65.547 max=6.5194 n=566) cex=R/T/F=552/0/4 trsplit=0 sim=14.139(rmp=0.587 run=13.552 n=1 d=102) incr=loc/full/maxdirty/keys=0/0/0/0 chk= 0.003(d=4) stat= 0.143 rest= 0.394
BMC : c =  197922  cl =   2753  lit =  202532  p =    10  d =   478  f =     3  +  T =     0.23 sec
  [bmc-prof  58] wall= 228.940 p=   491 | ifo=  3.970(sd=0.240 nx=0.000 tfo=3.292 cnt=0.438) snap= 0.301 srm= 10.810 sat=199.189(set=0.510 slv=198.474 max=4.1029 n=491) cex=R/T/F=478/0/3 trsplit=0 sim=14.145(rmp=0.487 run=13.658 n=1 d=78) incr=loc/full/maxdirty/keys=0/0/0/0 chk= 0.004(d=3) stat= 0.146 rest= 0.375
BMC : c =  197896  cl =   2735  lit =  202452  p =     9  d =   484  f =     4  +  T =     0.15 sec
  [bmc-prof  59] wall= 151.742 p=   497 | ifo=  4.058(sd=0.186 nx=0.000 tfo=3.463 cnt=0.409) snap= 0.363 srm= 10.637 sat=123.244(set=0.613 slv=122.423 max=5.3828 n=497) cex=R/T/F=484/0/4 trsplit=0 sim=12.943(rmp=0.495 run=12.448 n=1 d=76) incr=loc/full/maxdirty/keys=0/0/0/0 chk= 0.003(d=4) stat= 0.134 rest= 0.359
BMC : c =  197877  cl =   2718  lit =  202388  p =     9  d =   429  f =     3  +  T =     0.08 sec
  [bmc-prof  60] wall=  80.185 p=   441 | ifo=  3.682(sd=0.184 nx=0.000 tfo=3.096 cnt=0.402) snap= 0.286 srm= 10.375 sat= 46.377(set=0.508 slv=45.779 max=7.2066 n=441) cex=R/T/F=429/0/3 trsplit=0 sim=18.954(rmp=0.535 run=18.418 n=1 d=61) incr=loc/full/maxdirty/keys=0/0/0/0 chk= 0.003(d=3) stat= 0.164 rest= 0.344
BMC : c =  197224  cl =   2758  lit =  202238  p =     9  d =   380  f =     4  +  T =     0.08 sec
  [bmc-prof  61] wall=  79.147 p=   393 | ifo=  4.286(sd=0.229 nx=0.000 tfo=3.625 cnt=0.432) snap= 0.374 srm= 10.911 sat= 50.093(set=0.615 slv=49.381 max=7.5354 n=393) cex=R/T/F=380/0/4 trsplit=0 sim=12.973(rmp=0.492 run=12.479 n=1 d=146) incr=loc/full/maxdirty/keys=0/0/0/0 chk= 0.003(d=4) stat= 0.141 rest= 0.366
BMC : c =  195285  cl =   2861  lit =  201682  p =    65  d =  1184  f =     4  +  T =     0.91 sec
  [bmc-prof  62] wall= 908.773 p=  1253 | ifo=  4.026(sd=0.199 nx=0.000 tfo=3.409 cnt=0.417) snap= 0.302 srm= 10.826 sat=876.842(set=0.500 slv=875.365 max=7.6137 n=1253) cex=R/T/F=1184/0/4 trsplit=0 sim=16.139(rmp=0.651 run=15.487 n=1 d=552) incr=loc/full/maxdirty/keys=0/0/0/0 chk= 0.007(d=4) stat= 0.161 rest= 0.470
BMC : c =  190989  cl =   2987  lit =  200692  p =   219  d =  1704  f =     1  +  T =     0.59 sec
  [bmc-prof  63] wall= 585.649 p=  1924 | ifo=  3.216(sd=0.248 nx=0.000 tfo=2.490 cnt=0.478) snap= 0.347 srm= 10.847 sat=553.863(set=0.496 slv=552.604 max=7.0638 n=1924) cex=R/T/F=1704/0/1 trsplit=0 sim=16.845(rmp=0.524 run=16.320 n=1 d=989) incr=loc/full/maxdirty/keys=0/0/0/0 chk= 0.010(d=1) stat= 0.143 rest= 0.380
BMC : c =  181594  cl =   3140  lit =  199419  p =   474  d =  2274  f =     1  +  T =     1.07 sec
  [bmc-prof  64] wall=1074.010 p=  2749 | ifo=  2.686(sd=0.200 nx=0.000 tfo=2.079 cnt=0.407) snap= 0.359 srm= 10.513 sat=1040.559(set=0.451 slv=1039.166 max=12.9416 n=2749) cex=R/T/F=2274/0/1 trsplit=0 sim=19.279(rmp=0.503 run=18.775 n=1 d=1272) incr=loc/full/maxdirty/keys=0/0/0/0 chk= 0.014(d=1) stat= 0.148 rest= 0.451
BMC : c =  162256  cl =   3343  lit =  197687  p =  1358  d =  2501  f =     1  +  T =     0.17 sec
  [bmc-prof  65] wall= 173.943 p=  3860 | ifo=  2.672(sd=0.208 nx=0.000 tfo=1.975 cnt=0.489) snap= 0.298 srm= 11.148 sat=123.190(set=0.498 slv=122.111 max=4.5899 n=3860) cex=R/T/F=2501/0/1 trsplit=0 sim=35.643(rmp=0.607 run=35.035 n=1 d=1731) incr=loc/full/maxdirty/keys=0/0/0/0 chk= 0.028(d=1) stat= 0.338 rest= 0.624
BMC : c =  136945  cl =   3713  lit =  195874  p =  5895  d =  2427  f =     4  +  T =     0.37 sec
  [bmc-prof  66] wall= 365.418 p=  8326 | ifo=  2.969(sd=0.296 nx=0.000 tfo=2.127 cnt=0.546) snap= 0.293 srm= 13.702 sat=298.457(set=0.558 slv=296.819 max=4.3998 n=8326) cex=R/T/F=2427/0/4 trsplit=0 sim=49.344(rmp=0.508 run=48.836 n=1 d=1809) incr=loc/full/maxdirty/keys=0/0/0/0 chk= 0.021(d=4) stat= 0.162 rest= 0.468
BMC : c =  108771  cl =   4138  lit =  193595  p = 19128  d =  2803  f =     5  +  T =     0.48 sec
  [bmc-prof  67] wall= 477.699 p= 21936 | ifo=  2.393(sd=0.234 nx=0.000 tfo=1.728 cnt=0.431) snap= 0.366 srm= 16.233 sat=381.660(set=1.004 slv=377.898 max=5.6080 n=21936) cex=R/T/F=2803/0/5 trsplit=0 sim=76.305(rmp=0.512 run=75.792 n=1 d=2274) incr=loc/full/maxdirty/keys=0/0/0/0 chk= 0.037(d=5) stat= 0.186 rest= 0.519
BMC : c =   80943  cl =   4421  lit =  191317  p = 40518  d =  2879  f =     6  +  T =     0.48 sec
  [bmc-prof  68] wall= 480.082 p= 43403 | ifo=  2.517(sd=0.274 nx=0.000 tfo=1.773 cnt=0.471) snap= 0.323 srm= 27.212 sat=369.485(set=1.358 slv=363.086 max=4.6895 n=43403) cex=R/T/F=2879/0/6 trsplit=0 sim=79.764(rmp=0.514 run=79.250 n=1 d=2272) incr=loc/full/maxdirty/keys=0/0/0/0 chk= 0.046(d=6) stat= 0.188 rest= 0.546
BMC : c =   57105  cl =   4597  lit =  189268  p = 68616  d =  2463  f =     3  +  T =     0.43 sec
  [bmc-prof  69] wall= 432.659 p= 71082 | ifo=  2.561(sd=0.415 nx=0.000 tfo=1.714 cnt=0.432) snap= 0.318 srm= 29.215 sat=326.468(set=2.034 slv=320.032 max=6.0685 n=71082) cex=R/T/F=2463/0/3 trsplit=0 sim=73.125(rmp=0.503 run=72.621 n=1 d=2046) incr=loc/full/maxdirty/keys=0/0/0/0 chk= 0.062(d=3) stat= 0.197 rest= 0.714
BMC : c =   37092  cl =   4681  lit =  187317  p = 98544  d =  2611  f =     4  +  T =     0.70 sec
  [bmc-prof  70] wall= 701.485 p=101159 | ifo=  2.236(sd=0.231 nx=0.000 tfo=1.561 cnt=0.444) snap= 0.319 srm= 40.983 sat=575.699(set=2.491 slv=564.809 max=11.2111 n=101159) cex=R/T/F=2611/0/4 trsplit=0 sim=80.973(rmp=0.511 run=80.462 n=1 d=1947) incr=loc/full/maxdirty/keys=0/0/0/0 chk= 0.105(d=4) stat= 0.230 rest= 0.939
BMC : c =   19823  cl =   4722  lit =  185394  p =127426  d =  2019  f =    56  +  T =     1.39 sec
  [bmc-prof  71] wall=1386.040 p=129501 | ifo=  2.727(sd=0.304 nx=0.000 tfo=1.956 cnt=0.468) snap= 0.416 srm= 57.482 sat=1251.704(set=3.498 slv=1239.673 max=22.3593 n=129501) cex=R/T/F=2019/0/56 trsplit=0 sim=72.922(rmp=0.644 run=72.278 n=1 d=1867) incr=loc/full/maxdirty/keys=0/0/0/0 chk= 0.099(d=56) stat= 0.211 rest= 0.480
BMC : c =   10442  cl =   4792  lit =  183501  p =153499  d =  1700  f =   137  +  T =     0.40 sec
  [bmc-prof  72] wall= 396.215 p=155336 | ifo=  2.364(sd=0.223 nx=0.000 tfo=1.689 cnt=0.452) snap= 0.352 srm= 74.719 sat=245.062(set=3.982 slv=232.161 max=4.0590 n=155336) cex=R/T/F=1700/0/137 trsplit=0 sim=72.497(rmp=0.572 run=71.924 n=1 d=1756) incr=loc/full/maxdirty/keys=0/0/0/0 chk= 0.139(d=137) stat= 0.231 rest= 0.852
BMC : c =    5996  cl =   4895  lit =  181836  p =167392  d =  1464  f =    64  +  T =     0.35 sec
  [bmc-prof  73] wall= 347.429 p=168920 | ifo=  2.694(sd=0.232 nx=0.000 tfo=2.029 cnt=0.433) snap= 0.327 srm= 82.246 sat=205.062(set=4.195 slv=192.030 max=11.2816 n=168920) cex=R/T/F=1464/0/64 trsplit=0 sim=55.713(rmp=0.540 run=55.173 n=1 d=1601) incr=loc/full/maxdirty/keys=0/0/0/0 chk= 0.121(d=64) stat= 0.390 rest= 0.876
  [bmc-incr i=74 repr=5444 active=97563/181836 POs=91560]
BMC : c =    4462  cl =   4908  lit =  180445  p = 89814  d =  1727  f =    19  +  T =     0.32 sec
  [bmc-prof  74] wall= 317.529 p= 91560 | ifo=  2.213(sd=0.200 nx=0.000 tfo=1.553 cnt=0.460) snap= 0.303 srm= 38.163 sat=215.766(set=2.201 slv=206.857 max=3.9952 n=91560) cex=R/T/F=1727/0/19 trsplit=0 sim=60.372(rmp=0.505 run=59.866 n=1 d=1372) incr=loc/full/maxdirty/keys=0/0/0/0 chk= 0.067(d=19) stat= 0.204 rest= 0.441
  [bmc-incr i=75 repr=2598 active=24317/180445 POs=19864]
BMC : c =    3627  cl =   4889  lit =  179401  p = 18845  d =  1013  f =     6  +  T =     0.10 sec
  [bmc-prof  75] wall= 100.515 p= 19864 | ifo=  1.127(sd=0.198 nx=0.000 tfo=0.439 cnt=0.490) snap= 0.287 srm= 13.112 sat= 46.769(set=0.720 slv=44.702 max=4.3508 n=19864) cex=R/T/F=1013/0/6 trsplit=0 sim=38.664(rmp=0.460 run=38.203 n=1 d=1038) incr=loc/full/maxdirty/keys=0/0/0/0 chk= 0.015(d=6) stat= 0.175 rest= 0.366
  [bmc-incr i=76 repr=1332 active=5711/179401 POs=2091]
BMC : c =    3010  cl =   4835  lit =  178619  p =  1367  d =   719  f =     5  +  T =     0.07 sec
  [bmc-prof  76] wall=  70.238 p=  2091 | ifo=  0.953(sd=0.188 nx=0.000 tfo=0.271 cnt=0.494) snap= 0.291 srm=  9.400 sat= 25.216(set=0.409 slv=24.425 max=4.0091 n=2091) cex=R/T/F=719/0/5 trsplit=0 sim=33.898(rmp=0.448 run=33.449 n=1 d=777) incr=loc/full/maxdirty/keys=0/0/0/0 chk= 0.002(d=5) stat= 0.166 rest= 0.311
  [bmc-incr i=77 repr=934 active=3808/178619 POs=805]
BMC : c =    2559  cl =   4708  lit =  177961  p =   331  d =   469  f =     5  +  T =     0.05 sec
  [bmc-prof  77] wall=  51.814 p=   805 | ifo=  0.911(sd=0.189 nx=0.000 tfo=0.231 cnt=0.491) snap= 0.299 srm=  8.885 sat= 23.604(set=0.389 slv=23.023 max=4.0163 n=805) cex=R/T/F=469/0/5 trsplit=0 sim=17.645(rmp=0.410 run=17.234 n=1 d=653) incr=loc/full/maxdirty/keys=0/0/0/0 chk= 0.001(d=5) stat= 0.172 rest= 0.297
  [bmc-incr i=78 repr=703 active=2819/177961 POs=267]
BMC : c =    2306  cl =   4584  lit =  177556  p =     0  d =   262  f =     5  +  T =     0.05 sec
  [bmc-prof  78] wall=  45.229 p=   267 | ifo=  0.873(sd=0.185 nx=0.000 tfo=0.202 cnt=0.486) snap= 0.283 srm=  8.498 sat= 19.555(set=0.335 slv=19.101 max=4.0014 n=267) cex=R/T/F=262/0/5 trsplit=0 sim=15.558(rmp=0.406 run=15.151 n=1 d=400) incr=loc/full/maxdirty/keys=0/0/0/0 chk= 0.001(d=5) stat= 0.159 rest= 0.303
  [bmc-incr i=79 repr=427 active=2414/177556 POs=114]
BMC : c =    2213  cl =   4526  lit =  177396  p =     0  d =   109  f =     5  +  T =     0.05 sec
  [bmc-prof  79] wall=  49.018 p=   114 | ifo=  0.896(sd=0.181 nx=0.000 tfo=0.221 cnt=0.494) snap= 0.298 srm=  8.565 sat= 23.900(set=0.353 slv=23.490 max=5.7519 n=114) cex=R/T/F=109/0/5 trsplit=0 sim=14.885(rmp=0.443 run=14.441 n=1 d=155) incr=loc/full/maxdirty/keys=0/0/0/0 chk= 0.001(d=5) stat= 0.165 rest= 0.307
  [bmc-incr i=80 repr=173 active=2254/177396 POs=47]
BMC : c =    2184  cl =   4516  lit =  177354  p =     0  d =    42  f =     5  +  T =     0.04 sec
  [bmc-prof  80] wall=  41.561 p=    47 | ifo=  1.015(sd=0.217 nx=0.000 tfo=0.298 cnt=0.500) snap= 0.294 srm=  8.489 sat= 16.821(set=0.339 slv=16.453 max=4.0121 n=47) cex=R/T/F=42/0/5 trsplit=0 sim=14.479(rmp=0.408 run=14.070 n=1 d=37) incr=loc/full/maxdirty/keys=0/0/0/0 chk= 0.001(d=5) stat= 0.164 rest= 0.299
  [bmc-incr i=81 repr=53 active=2212/177354 POs=34]
BMC : c =    2167  cl =   4510  lit =  177331  p =     1  d =    28  f =     5  +  T =     0.05 sec
  [bmc-prof  81] wall=  50.778 p=    34 | ifo=  0.935(sd=0.215 nx=0.000 tfo=0.236 cnt=0.485) snap= 0.284 srm=  8.440 sat= 25.511(set=0.328 slv=25.112 max=6.1165 n=34) cex=R/T/F=28/0/5 trsplit=0 sim=15.115(rmp=0.462 run=14.652 n=1 d=18) incr=loc/full/maxdirty/keys=0/0/0/0 chk= 0.001(d=5) stat= 0.160 rest= 0.332
  [bmc-incr i=82 repr=32 active=2188/177331 POs=27]
BMC : c =    2152  cl =   4507  lit =  177316  p =     0  d =    22  f =     5  +  T =     0.04 sec
  [bmc-prof  82] wall=  42.817 p=    27 | ifo=  0.811(sd=0.181 nx=0.000 tfo=0.138 cnt=0.492) snap= 0.311 srm=  9.352 sat= 15.912(set=0.328 slv=15.564 max=4.0116 n=27) cex=R/T/F=22/0/5 trsplit=0 sim=15.902(rmp=0.411 run=15.491 n=1 d=10) incr=loc/full/maxdirty/keys=0/0/0/0 chk= 0.001(d=5) stat= 0.193 rest= 0.335
  [bmc-incr i=83 repr=25 active=2173/177316 POs=27]
BMC : c =    2143  cl =   4506  lit =  177305  p =     0  d =    22  f =     5  +  T =     0.04 sec
  [bmc-prof  83] wall=  44.633 p=    27 | ifo=  0.835(sd=0.205 nx=0.000 tfo=0.140 cnt=0.491) snap= 0.289 srm=  8.715 sat= 19.153(set=0.322 slv=18.804 max=4.8765 n=27) cex=R/T/F=22/0/5 trsplit=0 sim=15.081(rmp=0.418 run=14.662 n=1 d=6) incr=loc/full/maxdirty/keys=0/0/0/0 chk= 0.000(d=5) stat= 0.165 rest= 0.395
  [bmc-incr i=84 repr=20 active=2162/177305 POs=25]
BMC : c =    2133  cl =   4507  lit =  177294  p =     0  d =    20  f =     5  +  T =     0.04 sec
  [bmc-prof  84] wall=  42.395 p=    25 | ifo=  0.780(sd=0.182 nx=0.000 tfo=0.110 cnt=0.489) snap= 0.304 srm= 10.167 sat= 16.211(set=0.341 slv=15.849 max=4.0136 n=25) cex=R/T/F=20/0/5 trsplit=0 sim=14.465(rmp=0.429 run=14.035 n=1 d=6) incr=loc/full/maxdirty/keys=0/0/0/0 chk= 0.000(d=5) stat= 0.165 rest= 0.302
  [bmc-incr i=85 repr=19 active=2151/177294 POs=24]
BMC : c =    2123  cl =   4506  lit =  177282  p =     1  d =    18  f =     5  +  T =     0.04 sec
  [bmc-prof  85] wall=  41.429 p=    24 | ifo=  0.783(sd=0.183 nx=0.000 tfo=0.113 cnt=0.487) snap= 0.294 srm=  8.411 sat= 16.993(set=0.320 slv=16.652 max=4.5384 n=24) cex=R/T/F=18/0/5 trsplit=0 sim=14.477(rmp=0.438 run=14.038 n=1 d=7) incr=loc/full/maxdirty/keys=0/0/0/0 chk= 0.001(d=5) stat= 0.161 rest= 0.309
  [bmc-incr i=86 repr=18 active=2138/177282 POs=21]
BMC : c =    2113  cl =   4506  lit =  177273  p =     0  d =    16  f =     5  +  T =     0.04 sec
  [bmc-prof  86] wall=  42.844 p=    21 | ifo=  0.769(sd=0.181 nx=0.000 tfo=0.103 cnt=0.485) snap= 0.313 srm=  9.729 sat= 16.593(set=0.387 slv=16.185 max=4.0243 n=21) cex=R/T/F=16/0/5 trsplit=0 sim=14.945(rmp=0.449 run=14.495 n=1 d=4) incr=loc/full/maxdirty/keys=0/0/0/0 chk= 0.000(d=5) stat= 0.171 rest= 0.324
  [bmc-incr i=87 repr=16 active=2129/177273 POs=22]
BMC : c =    2105  cl =   4506  lit =  177264  p =     0  d =    17  f =     5  +  T =     0.04 sec
  [bmc-prof  87] wall=  41.860 p=    22 | ifo=  0.805(sd=0.206 nx=0.000 tfo=0.101 cnt=0.497) snap= 0.297 srm=  8.739 sat= 17.032(set=0.341 slv=16.670 max=4.0430 n=22) cex=R/T/F=17/0/5 trsplit=0 sim=14.508(rmp=0.432 run=14.076 n=1 d=4) incr=loc/full/maxdirty/keys=0/0/0/0 chk= 0.001(d=5) stat= 0.163 rest= 0.316
  [bmc-incr i=88 repr=15 active=2120/177264 POs=21]
BMC : c =    2096  cl =   4506  lit =  177255  p =     0  d =    16  f =     5  +  T =     0.04 sec
  [bmc-prof  88] wall=  43.898 p=    21 | ifo=  0.780(sd=0.182 nx=0.000 tfo=0.101 cnt=0.497) snap= 0.285 srm=  8.258 sat= 18.875(set=0.320 slv=18.534 max=4.4049 n=21) cex=R/T/F=16/0/5 trsplit=0 sim=15.212(rmp=0.445 run=14.767 n=1 d=4) incr=loc/full/maxdirty/keys=0/0/0/0 chk= 0.001(d=5) stat= 0.162 rest= 0.325
  [bmc-incr i=89 repr=15 active=2111/177255 POs=21]
BMC : c =    2087  cl =   4506  lit =  177246  p =     0  d =    16  f =     5  +  T =     0.04 sec
  [bmc-prof  89] wall=  41.590 p=    21 | ifo=  0.838(sd=0.257 nx=0.000 tfo=0.095 cnt=0.486) snap= 0.290 srm=  8.433 sat= 17.165(set=0.321 slv=16.825 max=4.0222 n=21) cex=R/T/F=16/0/5 trsplit=0 sim=14.411(rmp=0.400 run=14.011 n=1 d=4) incr=loc/full/maxdirty/keys=0/0/0/0 chk= 0.000(d=5) stat= 0.157 rest= 0.295
  [bmc-incr i=90 repr=15 active=2102/177246 POs=21]
BMC : c =    2078  cl =   4506  lit =  177237  p =     0  d =    16  f =     5  +  T =     0.04 sec
  [bmc-prof  90] wall=  44.719 p=    21 | ifo=  0.764(sd=0.180 nx=0.000 tfo=0.090 cnt=0.494) snap= 0.292 srm=  8.271 sat= 17.929(set=0.319 slv=17.591 max=4.0220 n=21) cex=R/T/F=16/0/5 trsplit=0 sim=16.962(rmp=0.442 run=16.519 n=1 d=4) incr=loc/full/maxdirty/keys=0/0/0/0 chk= 0.001(d=5) stat= 0.166 rest= 0.334
  [bmc-incr i=91 repr=15 active=2093/177237 POs=21]
BMC : c =    2069  cl =   4506  lit =  177228  p =     0  d =    16  f =     5  +  T =     0.04 sec
  [bmc-prof  91] wall=  42.919 p=    21 | ifo=  0.777(sd=0.180 nx=0.000 tfo=0.091 cnt=0.506) snap= 0.305 srm=  8.729 sat= 18.022(set=0.331 slv=17.670 max=4.0414 n=21) cex=R/T/F=16/0/5 trsplit=0 sim=14.634(rmp=0.433 run=14.200 n=1 d=4) incr=loc/full/maxdirty/keys=0/0/0/0 chk= 0.000(d=5) stat= 0.158 rest= 0.294
  [bmc-incr i=92 repr=15 active=2084/177228 POs=21]
BMC : c =    2059  cl =   4506  lit =  177219  p =     0  d =    16  f =     5  +  T =     0.04 sec
  [bmc-prof  92] wall=  42.219 p=    21 | ifo=  0.769(sd=0.191 nx=0.000 tfo=0.095 cnt=0.482) snap= 0.284 srm=  8.332 sat= 18.051(set=0.320 slv=17.711 max=4.0638 n=21) cex=R/T/F=16/0/5 trsplit=0 sim=14.278(rmp=0.408 run=13.869 n=1 d=4) incr=loc/full/maxdirty/keys=0/0/0/0 chk= 0.000(d=5) stat= 0.205 rest= 0.300
  [bmc-incr i=93 repr=16 active=2075/177219 POs=22]
BMC : c =    2051  cl =   4506  lit =  177209  p =     0  d =    17  f =     5  +  T =     0.04 sec
  [bmc-prof  93] wall=  42.502 p=    22 | ifo=  0.754(sd=0.179 nx=0.000 tfo=0.089 cnt=0.486) snap= 0.290 srm=  8.470 sat= 18.242(set=0.337 slv=17.884 max=4.0249 n=22) cex=R/T/F=17/0/5 trsplit=0 sim=14.281(rmp=0.427 run=13.853 n=1 d=5) incr=loc/full/maxdirty/keys=0/0/0/0 chk= 0.000(d=5) stat= 0.158 rest= 0.307
  [bmc-incr i=94 repr=15 active=2065/177209 POs=20]
BMC : c =    2038  cl =   4506  lit =  177200  p =     0  d =    15  f =     5  +  T =     0.04 sec
  [bmc-prof  94] wall=  43.406 p=    20 | ifo=  0.843(sd=0.262 nx=0.000 tfo=0.090 cnt=0.491) snap= 0.306 srm=  8.417 sat= 18.632(set=0.358 slv=18.255 max=4.0669 n=20) cex=R/T/F=15/0/5 trsplit=0 sim=14.730(rmp=0.463 run=14.267 n=1 d=4) incr=loc/full/maxdirty/keys=0/0/0/0 chk= 0.001(d=5) stat= 0.160 rest= 0.318
  [bmc-incr i=95 repr=18 active=2056/177200 POs=22]
BMC : c =    2030  cl =   4506  lit =  177191  p =     0  d =    17  f =     5  +  T =     0.04 sec
  [bmc-prof  95] wall=  43.217 p=    22 | ifo=  0.763(sd=0.179 nx=0.000 tfo=0.090 cnt=0.494) snap= 0.294 srm=  8.352 sat= 19.076(set=0.346 slv=18.710 max=4.0366 n=22) cex=R/T/F=17/0/5 trsplit=0 sim=14.246(rmp=0.404 run=13.842 n=1 d=4) incr=loc/full/maxdirty/keys=0/0/0/0 chk= 0.001(d=5) stat= 0.162 rest= 0.323
  [bmc-incr i=96 repr=16 active=2047/177191 POs=21]
BMC : c =    2021  cl =   4508  lit =  177181  p =     0  d =    16  f =     5  +  T =     0.05 sec
  [bmc-prof  96] wall=  45.373 p=    21 | ifo=  0.804(sd=0.187 nx=0.000 tfo=0.115 cnt=0.503) snap= 0.288 srm=  8.913 sat= 18.862(set=0.340 slv=18.497 max=4.0331 n=21) cex=R/T/F=16/0/5 trsplit=0 sim=16.042(rmp=0.441 run=15.601 n=1 d=5) incr=loc/full/maxdirty/keys=0/0/0/0 chk= 0.000(d=5) stat= 0.159 rest= 0.304
  [bmc-incr i=97 repr=16 active=2037/177181 POs=20]
BMC : c =    2012  cl =   4507  lit =  177170  p =     1  d =    14  f =     5  +  T =     0.04 sec
  [bmc-prof  97] wall=  43.598 p=    20 | ifo=  0.794(sd=0.182 nx=0.000 tfo=0.101 cnt=0.512) snap= 0.302 srm=  8.651 sat= 18.805(set=0.339 slv=18.452 max=4.0696 n=20) cex=R/T/F=14/0/5 trsplit=0 sim=14.580(rmp=0.414 run=14.165 n=1 d=6) incr=loc/full/maxdirty/keys=0/0/0/0 chk= 0.001(d=5) stat= 0.164 rest= 0.301
  [bmc-incr i=98 repr=15 active=2025/177170 POs=17]
BMC : c =    2001  cl =   4506  lit =  177161  p =     0  d =    12  f =     5  +  T =     0.05 sec
  [bmc-prof  98] wall=  48.574 p=    17 | ifo=  0.801(sd=0.223 nx=0.000 tfo=0.095 cnt=0.483) snap= 0.641 srm= 11.337 sat= 20.456(set=0.926 slv=19.516 max=4.3058 n=17) cex=R/T/F=12/0/5 trsplit=0 sim=14.871(rmp=0.463 run=14.407 n=1 d=4) incr=loc/full/maxdirty/keys=0/0/0/0 chk= 0.001(d=5) stat= 0.167 rest= 0.301
  [bmc-incr i=99 repr=15 active=2016/177161 POs=19]
BMC : c =    1992  cl =   4507  lit =  177151  p =     0  d =    14  f =     5  +  T =     0.04 sec
  [bmc-prof  99] wall=  43.273 p=    19 | ifo=  0.770(sd=0.180 nx=0.000 tfo=0.086 cnt=0.504) snap= 0.283 srm=  8.703 sat= 19.065(set=0.318 slv=18.731 max=4.0399 n=19) cex=R/T/F=14/0/5 trsplit=0 sim=14.006(rmp=0.404 run=13.601 n=1 d=5) incr=loc/full/maxdirty/keys=0/0/0/0 chk= 0.000(d=5) stat= 0.155 rest= 0.291
  [bmc-incr i=100 repr=15 active=2006/177151 POs=18]
BMC : c =    1983  cl =   4507  lit =  177141  p =     1  d =    12  f =     5  +  T =     0.04 sec
  [bmc-prof 100] wall=  43.907 p=    18 | ifo=  0.763(sd=0.179 nx=0.000 tfo=0.092 cnt=0.492) snap= 0.283 srm=  8.347 sat= 19.148(set=0.307 slv=18.828 max=4.0618 n=18) cex=R/T/F=12/0/5 trsplit=0 sim=14.900(rmp=0.399 run=14.500 n=1 d=5) incr=loc/full/maxdirty/keys=0/0/0/0 chk= 0.000(d=5) stat= 0.162 rest= 0.304
  [bmc-incr i=101 repr=14 active=1995/177141 POs=16]
BMC : c =    1973  cl =   4506  lit =  177132  p =     0  d =    11  f =     5  +  T =     0.04 sec
  [bmc-prof 101] wall=  43.369 p=    16 | ifo=  0.747(sd=0.176 nx=0.000 tfo=0.080 cnt=0.491) snap= 0.285 srm=  8.500 sat= 19.297(set=0.311 slv=18.975 max=4.1184 n=16) cex=R/T/F=11/0/5 trsplit=0 sim=14.042(rmp=0.411 run=13.631 n=1 d=4) incr=loc/full/maxdirty/keys=0/0/0/0 chk= 0.000(d=5) stat= 0.202 rest= 0.295
  [bmc-incr i=102 repr=14 active=1986/177132 POs=17]
BMC : c =    1964  cl =   4507  lit =  177122  p =     0  d =    12  f =     5  +  T =     0.05 sec
  [bmc-prof 102] wall=  45.380 p=    17 | ifo=  0.758(sd=0.187 nx=0.000 tfo=0.083 cnt=0.488) snap= 0.296 srm=  8.375 sat= 19.539(set=0.308 slv=19.218 max=4.0443 n=17) cex=R/T/F=12/0/5 trsplit=0 sim=15.912(rmp=0.482 run=15.429 n=1 d=5) incr=loc/full/maxdirty/keys=0/0/0/0 chk= 0.001(d=5) stat= 0.163 rest= 0.336
  [bmc-incr i=103 repr=14 active=1976/177122 POs=16]
BMC : c =    1955  cl =   4505  lit =  177111  p =     1  d =    10  f =     5  +  T =     0.05 sec
  [bmc-prof 103] wall=  47.358 p=    16 | ifo=  0.770(sd=0.183 nx=0.000 tfo=0.093 cnt=0.494) snap= 0.282 srm=  8.349 sat= 23.278(set=0.309 slv=22.956 max=6.8116 n=16) cex=R/T/F=10/0/5 trsplit=0 sim=14.203(rmp=0.484 run=13.718 n=1 d=6) incr=loc/full/maxdirty/keys=0/0/0/0 chk= 0.000(d=5) stat= 0.159 rest= 0.317
  [bmc-incr i=104 repr=13 active=1964/177111 POs=12]
BMC : c =    1947  cl =   4506  lit =  177105  p =     0  d =     8  f =     4  +  T =     0.05 sec
  [bmc-prof 104] wall=  46.447 p=    12 | ifo=  0.763(sd=0.183 nx=0.000 tfo=0.088 cnt=0.493) snap= 0.538 srm= 11.280 sat= 18.822(set=0.546 slv=18.263 max=4.5590 n=12) cex=R/T/F=8/0/4 trsplit=0 sim=14.533(rmp=0.549 run=13.983 n=1 d=2) incr=loc/full/maxdirty/keys=0/0/0/0 chk= 0.001(d=4) stat= 0.165 rest= 0.346
  [bmc-incr i=105 repr=10 active=1958/177105 POs=14]
BMC : c =    1941  cl =   4506  lit =  177098  p =     0  d =    10  f =     4  +  T =     0.04 sec
  [bmc-prof 105] wall=  40.957 p=    14 | ifo=  0.858(sd=0.227 nx=0.000 tfo=0.143 cnt=0.488) snap= 0.296 srm=  8.498 sat= 16.167(set=0.313 slv=15.841 max=4.0544 n=14) cex=R/T/F=10/0/4 trsplit=0 sim=14.685(rmp=0.429 run=14.256 n=1 d=3) incr=loc/full/maxdirty/keys=0/0/0/0 chk= 0.000(d=4) stat= 0.157 rest= 0.295
  [bmc-incr i=106 repr=10 active=1951/177098 POs=13]
BMC : c =    1934  cl =   4506  lit =  177091  p =     0  d =     9  f =     4  +  T =     0.04 sec
  [bmc-prof 106] wall=  43.990 p=    13 | ifo=  0.765(sd=0.187 nx=0.000 tfo=0.094 cnt=0.484) snap= 0.290 srm=  8.493 sat= 19.550(set=0.297 slv=19.238 max=5.5130 n=13) cex=R/T/F=9/0/4 trsplit=0 sim=14.438(rmp=0.444 run=13.993 n=1 d=3) incr=loc/full/maxdirty/keys=0/0/0/0 chk= 0.000(d=4) stat= 0.157 rest= 0.297
  [bmc-incr i=107 repr=10 active=1944/177091 POs=13]
BMC : c =    1927  cl =   4506  lit =  177084  p =     0  d =     9  f =     4  +  T =     0.04 sec
  [bmc-prof 107] wall=  41.955 p=    13 | ifo=  0.756(sd=0.179 nx=0.000 tfo=0.093 cnt=0.484) snap= 0.282 srm=  8.475 sat= 16.409(set=0.299 slv=16.098 max=4.1265 n=13) cex=R/T/F=9/0/4 trsplit=0 sim=15.554(rmp=0.436 run=15.117 n=1 d=3) incr=loc/full/maxdirty/keys=0/0/0/0 chk= 0.001(d=4) stat= 0.159 rest= 0.318
  [bmc-incr i=108 repr=10 active=1937/177084 POs=13]
BMC : c =    1920  cl =   4506  lit =  177077  p =     0  d =     9  f =     4  +  T =     0.04 sec
  [bmc-prof 108] wall=  44.426 p=    13 | ifo=  0.791(sd=0.182 nx=0.000 tfo=0.087 cnt=0.523) snap= 0.288 srm=  8.714 sat= 17.852(set=0.312 slv=17.529 max=5.1379 n=13) cex=R/T/F=9/0/4 trsplit=0 sim=16.321(rmp=0.978 run=15.342 n=1 d=3) incr=loc/full/maxdirty/keys=0/0/0/0 chk= 0.000(d=4) stat= 0.158 rest= 0.301
  [bmc-incr i=109 repr=10 active=1930/177077 POs=13]
BMC : c =    1911  cl =   4506  lit =  177070  p =     0  d =     9  f =     4  +  T =     0.04 sec
  [bmc-prof 109] wall=  42.012 p=    13 | ifo=  0.751(sd=0.179 nx=0.000 tfo=0.085 cnt=0.487) snap= 0.284 srm=  8.424 sat= 16.894(set=0.307 slv=16.575 max=4.1300 n=13) cex=R/T/F=9/0/4 trsplit=0 sim=15.106(rmp=0.420 run=14.685 n=1 d=3) incr=loc/full/maxdirty/keys=0/0/0/0 chk= 0.000(d=4) stat= 0.242 rest= 0.312
  [bmc-incr i=110 repr=12 active=1923/177070 POs=15]
BMC : c =    1904  cl =   4507  lit =  177061  p =     0  d =    11  f =     4  +  T =     0.05 sec
  [bmc-prof 110] wall=  47.568 p=    15 | ifo=  1.221(sd=0.202 nx=0.000 tfo=0.179 cnt=0.840) snap= 0.504 srm= 13.082 sat= 17.614(set=0.587 slv=17.012 max=4.0931 n=15) cex=R/T/F=11/0/4 trsplit=0 sim=14.668(rmp=0.444 run=14.223 n=1 d=5) incr=loc/full/maxdirty/keys=0/0/0/0 chk= 0.000(d=4) stat= 0.159 rest= 0.322
  [bmc-incr i=111 repr=12 active=1914/177061 POs=13]
BMC : c =    1896  cl =   4506  lit =  177052  p =     1  d =     8  f =     4  +  T =     0.04 sec
  [bmc-prof 111] wall=  41.705 p=    13 | ifo=  0.758(sd=0.179 nx=0.000 tfo=0.086 cnt=0.492) snap= 0.291 srm=  8.441 sat= 16.924(set=0.353 slv=16.560 max=4.1026 n=13) cex=R/T/F=8/0/4 trsplit=0 sim=14.813(rmp=0.713 run=14.099 n=1 d=5) incr=loc/full/maxdirty/keys=0/0/0/0 chk= 0.000(d=4) stat= 0.163 rest= 0.316
  [bmc-incr i=112 repr=11 active=1904/177052 POs=11]
BMC : c =    1889  cl =   4505  lit =  177045  p =     0  d =     7  f =     4  +  T =     0.05 sec
  [bmc-prof 112] wall=  48.222 p=    11 | ifo=  0.764(sd=0.184 nx=0.000 tfo=0.088 cnt=0.493) snap= 0.744 srm= 11.606 sat= 20.379(set=0.763 slv=19.601 max=4.7032 n=11) cex=R/T/F=7/0/4 trsplit=0 sim=14.210(rmp=0.510 run=13.699 n=1 d=3) incr=loc/full/maxdirty/keys=0/0/0/0 chk= 0.000(d=4) stat= 0.176 rest= 0.342
  [bmc-incr i=113 repr=9 active=1897/177045 POs=11]
BMC : c =    1882  cl =   4506  lit =  177039  p =     0  d =     7  f =     4  +  T =     0.04 sec
  [bmc-prof 113] wall=  43.263 p=    11 | ifo=  0.853(sd=0.223 nx=0.000 tfo=0.098 cnt=0.531) snap= 0.353 srm=  9.239 sat= 17.970(set=0.369 slv=17.591 max=4.2776 n=11) cex=R/T/F=7/0/4 trsplit=0 sim=14.322(rmp=0.558 run=13.763 n=1 d=2) incr=loc/full/maxdirty/keys=0/0/0/0 chk= 0.000(d=4) stat= 0.178 rest= 0.348
  [bmc-incr i=114 repr=9 active=1891/177039 POs=12]
BMC : c =    1876  cl =   4506  lit =  177032  p =     0  d =     8  f =     4  +  T =     0.04 sec
  [bmc-prof 114] wall=  42.527 p=    12 | ifo=  0.868(sd=0.227 nx=0.000 tfo=0.091 cnt=0.550) snap= 0.305 srm=  8.861 sat= 17.518(set=0.333 slv=17.172 max=4.2281 n=12) cex=R/T/F=8/0/4 trsplit=0 sim=14.504(rmp=0.497 run=14.006 n=1 d=3) incr=loc/full/maxdirty/keys=0/0/0/0 chk= 0.001(d=4) stat= 0.162 rest= 0.308
  [bmc-incr i=115 repr=9 active=1884/177032 POs=11]
BMC : c =    1869  cl =   4505  lit =  177025  p =     0  d =     7  f =     4  +  T =     0.04 sec
  [bmc-prof 115] wall=  41.507 p=    11 | ifo=  0.760(sd=0.186 nx=0.000 tfo=0.090 cnt=0.484) snap= 0.283 srm=  8.286 sat= 16.947(set=0.320 slv=16.616 max=4.0742 n=11) cex=R/T/F=7/0/4 trsplit=0 sim=14.754(rmp=0.406 run=14.347 n=1 d=3) incr=loc/full/maxdirty/keys=0/0/0/0 chk= 0.000(d=4) stat= 0.172 rest= 0.304
  [bmc-incr i=116 repr=9 active=1877/177025 POs=11]
BMC : c =    1862  cl =   4506  lit =  177019  p =     0  d =     7  f =     4  +  T =     0.04 sec
  [bmc-prof 116] wall=  42.277 p=    11 | ifo=  0.770(sd=0.186 nx=0.000 tfo=0.083 cnt=0.501) snap= 0.281 srm=  8.731 sat= 17.584(set=0.377 slv=17.195 max=4.3390 n=11) cex=R/T/F=7/0/4 trsplit=0 sim=14.388(rmp=0.462 run=13.925 n=1 d=2) incr=loc/full/maxdirty/keys=0/0/0/0 chk= 0.000(d=4) stat= 0.179 rest= 0.343
  [bmc-incr i=117 repr=9 active=1871/177019 POs=12]
BMC : c =    1854  cl =   4506  lit =  177012  p =     0  d =     8  f =     4  +  T =     0.04 sec
  [bmc-prof 117] wall=  41.292 p=    12 | ifo=  0.839(sd=0.224 nx=0.000 tfo=0.095 cnt=0.520) snap= 0.319 srm=  8.629 sat= 17.495(set=0.345 slv=17.136 max=4.0810 n=12) cex=R/T/F=8/0/4 trsplit=0 sim=13.510(rmp=0.495 run=13.014 n=1 d=3) incr=loc/full/maxdirty/keys=0/0/0/0 chk= 0.000(d=4) stat= 0.172 rest= 0.328
  [bmc-incr i=118 repr=11 active=1864/177012 POs=13]
BMC : c =    1847  cl =   4506  lit =  177003  p =     0  d =     9  f =     4  +  T =     0.04 sec
  [bmc-prof 118] wall=  41.447 p=    13 | ifo=  0.829(sd=0.215 nx=0.000 tfo=0.088 cnt=0.526) snap= 0.319 srm=  8.583 sat= 17.577(set=0.353 slv=17.212 max=4.0979 n=13) cex=R/T/F=9/0/4 trsplit=0 sim=13.625(rmp=0.512 run=13.113 n=1 d=5) incr=loc/full/maxdirty/keys=0/0/0/0 chk= 0.000(d=4) stat= 0.177 rest= 0.335
  [bmc-incr i=119 repr=11 active=1855/177003 POs=11]
BMC : c =    1839  cl =   4506  lit =  176995  p =     1  d =     6  f =     4  +  T =     0.04 sec
  [bmc-prof 119] wall=  42.701 p=    11 | ifo=  0.820(sd=0.220 nx=0.000 tfo=0.084 cnt=0.517) snap= 0.350 srm=  8.635 sat= 17.998(set=0.347 slv=17.641 max=4.2609 n=11) cex=R/T/F=6/0/4 trsplit=0 sim=14.410(rmp=0.464 run=13.945 n=1 d=4) incr=loc/full/maxdirty/keys=0/0/0/0 chk= 0.001(d=4) stat= 0.162 rest= 0.325
  [bmc-incr i=120 repr=10 active=1846/176995 POs=10]
BMC : c =    1833  cl =   4505  lit =  176988  p =     0  d =     6  f =     4  +  T =     0.04 sec
  [bmc-prof 120] wall=  43.400 p=    10 | ifo=  0.869(sd=0.220 nx=0.000 tfo=0.145 cnt=0.505) snap= 0.294 srm=  8.371 sat= 17.548(set=0.325 slv=17.215 max=4.2337 n=10) cex=R/T/F=6/0/4 trsplit=0 sim=15.840(rmp=0.442 run=15.398 n=1 d=3) incr=loc/full/maxdirty/keys=0/0/0/0 chk= 0.000(d=4) stat= 0.162 rest= 0.315
  [bmc-incr i=121 repr=8 active=1839/176988 POs=9]
BMC : c =    1826  cl =   4505  lit =  176982  p =     0  d =     5  f =     4  +  T =     0.05 sec
  [bmc-prof 121] wall=  46.944 p=     9 | ifo=  0.743(sd=0.175 nx=0.000 tfo=0.081 cnt=0.487) snap= 0.300 srm=  9.120 sat= 21.752(set=0.306 slv=21.436 max=5.6569 n=9) cex=R/T/F=5/0/4 trsplit=0 sim=14.547(rmp=0.467 run=14.079 n=1 d=2) incr=loc/full/maxdirty/keys=0/0/0/0 chk= 0.000(d=4) stat= 0.161 rest= 0.320
  [bmc-incr i=122 repr=8 active=1833/176982 POs=10]
BMC : c =    1818  cl =   4506  lit =  176976  p =     0  d =     6  f =     4  +  T =     0.04 sec
  [bmc-prof 122] wall=  42.239 p=    10 | ifo=  0.748(sd=0.182 nx=0.000 tfo=0.084 cnt=0.482) snap= 0.294 srm=  8.558 sat= 17.692(set=0.339 slv=17.343 max=4.1184 n=10) cex=R/T/F=6/0/4 trsplit=0 sim=14.463(rmp=0.478 run=13.984 n=1 d=2) incr=loc/full/maxdirty/keys=0/0/0/0 chk= 0.000(d=4) stat= 0.165 rest= 0.318
  [bmc-incr i=123 repr=10 active=1827/176976 POs=12]
BMC : c =    1812  cl =   4505  lit =  176967  p =     0  d =     8  f =     4  +  T =     0.04 sec
  [bmc-prof 123] wall=  41.926 p=    12 | ifo=  0.781(sd=0.203 nx=0.000 tfo=0.089 cnt=0.490) snap= 0.294 srm=  8.295 sat= 17.916(set=0.326 slv=17.576 max=4.2329 n=12) cex=R/T/F=8/0/4 trsplit=0 sim=14.174(rmp=0.441 run=13.732 n=1 d=5) incr=loc/full/maxdirty/keys=0/0/0/0 chk= 0.000(d=4) stat= 0.157 rest= 0.308
  [bmc-incr i=124 repr=10 active=1818/176967 POs=9]
BMC : c =    1804  cl =   4506  lit =  176960  p =     1  d =     4  f =     4  +  T =     0.04 sec
  [bmc-prof 124] wall=  41.845 p=     9 | ifo=  0.754(sd=0.180 nx=0.000 tfo=0.085 cnt=0.489) snap= 0.293 srm=  8.368 sat= 17.883(set=0.310 slv=17.566 max=4.1861 n=9) cex=R/T/F=4/0/4 trsplit=0 sim=14.095(rmp=0.416 run=13.679 n=1 d=3) incr=loc/full/maxdirty/keys=0/0/0/0 chk= 0.000(d=4) stat= 0.156 rest= 0.295
  [bmc-incr i=125 repr=9 active=1810/176960 POs=9]
BMC : c =    1799  cl =   4504  lit =  176953  p =     0  d =     5  f =     4  +  T =     0.04 sec
  [bmc-prof 125] wall=  42.409 p=     9 | ifo=  0.749(sd=0.178 nx=0.000 tfo=0.079 cnt=0.491) snap= 0.283 srm=  8.361 sat= 18.094(set=0.314 slv=17.772 max=4.1494 n=9) cex=R/T/F=5/0/4 trsplit=0 sim=14.460(rmp=0.516 run=13.943 n=1 d=3) incr=loc/full/maxdirty/keys=0/0/0/0 chk= 0.001(d=4) stat= 0.161 rest= 0.299
  [bmc-incr i=126 repr=7 active=1803/176953 POs=7]
BMC : c =    1790  cl =   4505  lit =  176948  p =     0  d =     3  f =     4  +  T =     0.04 sec
  [bmc-prof 126] wall=  43.749 p=     7 | ifo=  0.748(sd=0.183 nx=0.000 tfo=0.078 cnt=0.487) snap= 0.288 srm=  8.391 sat= 18.674(set=0.341 slv=18.325 max=4.2586 n=7) cex=R/T/F=3/0/4 trsplit=0 sim=15.142(rmp=0.504 run=14.638 n=1 d=1) incr=loc/full/maxdirty/keys=0/0/0/0 chk= 0.000(d=4) stat= 0.166 rest= 0.340
  [bmc-incr i=127 repr=9 active=1798/176948 POs=11]
BMC : c =    1785  cl =   4506  lit =  176941  p =     0  d =     7  f =     4  +  T =     0.04 sec
  [bmc-prof 127] wall=  43.925 p=    11 | ifo=  0.795(sd=0.196 nx=0.000 tfo=0.095 cnt=0.504) snap= 0.294 srm=  8.677 sat= 19.035(set=0.319 slv=18.702 max=4.3646 n=11) cex=R/T/F=7/0/4 trsplit=0 sim=14.656(rmp=0.432 run=14.223 n=1 d=3) incr=loc/full/maxdirty/keys=0/0/0/0 chk= 0.000(d=4) stat= 0.166 rest= 0.303
  [bmc-incr i=128 repr=9 active=1791/176941 POs=9]
BMC : c =    1779  cl =   4504  lit =  176933  p =     1  d =     4  f =     4  +  T =     0.05 sec
  [bmc-prof 128] wall=  45.383 p=     9 | ifo=  0.820(sd=0.211 nx=0.000 tfo=0.094 cnt=0.516) snap= 0.301 srm=  8.769 sat= 20.234(set=0.328 slv=19.898 max=5.5526 n=9) cex=R/T/F=4/0/4 trsplit=0 sim=14.793(rmp=0.430 run=14.363 n=1 d=4) incr=loc/full/maxdirty/keys=0/0/0/0 chk= 0.000(d=4) stat= 0.161 rest= 0.305
  [bmc-incr i=129 repr=8 active=1782/176933 POs=6]
BMC : c =    1773  cl =   4504  lit =  176927  p =     0  d =     1  f =     5  +  T =     0.04 sec
  [bmc-prof 129] wall=  39.452 p=     6 | ifo=  0.789(sd=0.187 nx=0.000 tfo=0.083 cnt=0.519) snap= 0.295 srm=  8.530 sat= 14.976(set=0.310 slv=14.663 max=4.2359 n=6) cex=R/T/F=1/0/5 trsplit=0 sim=14.401(rmp=0.416 run=13.984 n=1 d=1) incr=loc/full/maxdirty/keys=0/0/0/0 chk= 0.000(d=5) stat= 0.162 rest= 0.299
  [bmc-incr i=130 repr=6 active=1776/176927 POs=6]
BMC : c =    1767  cl =   4504  lit =  176921  p =     0  d =     1  f =     5  +  T =     0.04 sec
  [bmc-prof 130] wall=  40.724 p=     6 | ifo=  0.755(sd=0.182 nx=0.000 tfo=0.073 cnt=0.500) snap= 0.524 srm=  8.507 sat= 15.931(set=0.619 slv=15.308 max=4.2660 n=6) cex=R/T/F=1/0/5 trsplit=0 sim=14.557(rmp=0.426 run=14.131 n=1 d=1) incr=loc/full/maxdirty/keys=0/0/0/0 chk= 0.000(d=5) stat= 0.156 rest= 0.294
  [bmc-incr i=131 repr=6 active=1770/176921 POs=6]
BMC : c =    1761  cl =   4504  lit =  176915  p =     0  d =     1  f =     5  +  T =     0.04 sec
  [bmc-prof 131] wall=  40.853 p=     6 | ifo=  1.146(sd=0.176 nx=0.000 tfo=0.154 cnt=0.815) snap= 0.285 srm=  9.164 sat= 15.135(set=0.319 slv=14.811 max=4.3123 n=6) cex=R/T/F=1/0/5 trsplit=0 sim=14.614(rmp=0.455 run=14.159 n=1 d=1) incr=loc/full/maxdirty/keys=0/0/0/0 chk= 0.000(d=5) stat= 0.161 rest= 0.349
  [bmc-incr i=132 repr=6 active=1764/176915 POs=6]
BMC : c =    1755  cl =   4504  lit =  176909  p =     0  d =     1  f =     5  +  T =     0.04 sec
  [bmc-prof 132] wall=  39.291 p=     6 | ifo=  0.756(sd=0.183 nx=0.000 tfo=0.083 cnt=0.490) snap= 0.301 srm=  8.546 sat= 15.088(set=0.365 slv=14.719 max=4.2773 n=6) cex=R/T/F=1/0/5 trsplit=0 sim=14.142(rmp=0.426 run=13.716 n=1 d=1) incr=loc/full/maxdirty/keys=0/0/0/0 chk= 0.000(d=5) stat= 0.162 rest= 0.296
  [bmc-incr i=133 repr=6 active=1758/176909 POs=6]
BMC : c =    1747  cl =   4505  lit =  176903  p =     0  d =     1  f =     5  +  T =     0.04 sec
  [bmc-prof 133] wall=  44.877 p=     6 | ifo=  0.784(sd=0.213 nx=0.000 tfo=0.082 cnt=0.489) snap= 0.284 srm=  8.284 sat= 14.768(set=0.301 slv=14.463 max=4.1380 n=6) cex=R/T/F=1/0/5 trsplit=0 sim=20.287(rmp=0.396 run=19.890 n=1 d=1) incr=loc/full/maxdirty/keys=0/0/0/0 chk= 0.000(d=5) stat= 0.166 rest= 0.304
  [bmc-incr i=134 repr=8 active=1752/176903 POs=8]
BMC : c =    1741  cl =   4505  lit =  176896  p =     0  d =     3  f =     5  +  T =     0.04 sec
  [bmc-prof 134] wall=  41.475 p=     8 | ifo=  0.755(sd=0.180 nx=0.000 tfo=0.084 cnt=0.492) snap= 0.290 srm=  9.968 sat= 15.516(set=0.331 slv=15.177 max=4.4088 n=8) cex=R/T/F=3/0/5 trsplit=0 sim=14.471(rmp=0.456 run=14.015 n=1 d=2) incr=loc/full/maxdirty/keys=0/0/0/0 chk= 0.000(d=5) stat= 0.157 rest= 0.318
  [bmc-incr i=135 repr=8 active=1745/176896 POs=7]
BMC : c =    1735  cl =   4504  lit =  176889  p =     1  d =     1  f =     5  +  T =     0.04 sec
  [bmc-prof 135] wall=  42.553 p=     7 | ifo=  0.758(sd=0.181 nx=0.000 tfo=0.095 cnt=0.482) snap= 0.282 srm=  8.293 sat= 15.947(set=0.312 slv=15.628 max=5.0955 n=7) cex=R/T/F=1/0/5 trsplit=0 sim=16.600(rmp=1.023 run=15.575 n=1 d=2) incr=loc/full/maxdirty/keys=0/0/0/0 chk= 0.000(d=5) stat= 0.187 rest= 0.485
  [bmc-incr i=136 repr=7 active=1737/176889 POs=5]
BMC : c =    1730  cl =   4504  lit =  176884  p =     0  d =     0  f =     5  +  T =     0.04 sec
  [bmc-prof 136] wall=  39.291 p=     5 | ifo=  0.743(sd=0.176 nx=0.000 tfo=0.072 cnt=0.495) snap= 0.282 srm=  8.233 sat= 15.091(set=0.292 slv=14.796 max=4.1715 n=5) cex=R/T/F=0/0/5 trsplit=0 sim=14.494(rmp=0.401 run=14.092 n=1 d=0) incr=loc/full/maxdirty/keys=0/0/0/0 chk= 0.000(d=5) stat= 0.158 rest= 0.290
  [bmc-incr i=137 repr=5 active=1732/176884 POs=5]
BMC : c =    1725  cl =   4504  lit =  176879  p =     0  d =     0  f =     5  +  T =     0.05 sec
  [bmc-prof 137] wall=  47.011 p=     5 | ifo=  0.741(sd=0.187 nx=0.000 tfo=0.069 cnt=0.485) snap= 0.731 srm= 14.919 sat= 15.963(set=0.332 slv=15.629 max=4.7387 n=5) cex=R/T/F=0/0/5 trsplit=0 sim=14.132(rmp=0.488 run=13.643 n=1 d=0) incr=loc/full/maxdirty/keys=0/0/0/0 chk= 0.000(d=5) stat= 0.179 rest= 0.347
  [bmc-incr i=138 repr=5 active=1727/176879 POs=5]
BMC : c =    1720  cl =   4504  lit =  176874  p =     0  d =     0  f =     5  +  T =     0.04 sec
  [bmc-prof 138] wall=  40.735 p=     5 | ifo=  0.856(sd=0.232 nx=0.000 tfo=0.087 cnt=0.536) snap= 0.329 srm=  8.644 sat= 15.930(set=0.328 slv=15.598 max=4.6920 n=5) cex=R/T/F=0/0/5 trsplit=0 sim=14.500(rmp=0.451 run=14.048 n=1 d=0) incr=loc/full/maxdirty/keys=0/0/0/0 chk= 0.000(d=5) stat= 0.158 rest= 0.317
  [bmc-incr i=139 repr=5 active=1722/176874 POs=5]
BMC : c =    1715  cl =   4504  lit =  176869  p =     0  d =     0  f =     5  +  T =     0.04 sec
  [bmc-prof 139] wall=  39.174 p=     5 | ifo=  0.766(sd=0.195 nx=0.000 tfo=0.082 cnt=0.489) snap= 0.289 srm=  8.320 sat= 15.290(set=0.299 slv=14.989 max=4.0985 n=5) cex=R/T/F=0/0/5 trsplit=0 sim=13.954(rmp=0.397 run=13.556 n=1 d=0) incr=loc/full/maxdirty/keys=0/0/0/0 chk= 0.000(d=5) stat= 0.248 rest= 0.305
  [bmc-incr i=140 repr=5 active=1717/176869 POs=4]
BMC : c =    1711  cl =   4504  lit =  176865  p =     0  d =     0  f =     4  +  T =     0.04 sec
  [bmc-prof 140] wall=  43.959 p=     4 | ifo=  0.809(sd=0.208 nx=0.000 tfo=0.117 cnt=0.483) snap= 0.292 srm=  8.455 sat= 18.279(set=0.298 slv=17.977 max=6.5694 n=4) cex=R/T/F=0/0/4 trsplit=0 sim=15.627(rmp=0.464 run=15.162 n=1 d=0) incr=loc/full/maxdirty/keys=0/0/0/0 chk= 0.000(d=4) stat= 0.160 rest= 0.336
  [bmc-incr i=141 repr=4 active=1713/176865 POs=4]
BMC : c =    1707  cl =   4504  lit =  176861  p =     0  d =     0  f =     4  +  T =     0.04 sec
  [bmc-prof 141] wall=  38.406 p=     4 | ifo=  0.745(sd=0.180 nx=0.000 tfo=0.079 cnt=0.486) snap= 0.284 srm=  8.443 sat= 14.375(set=0.302 slv=14.071 max=4.1137 n=4) cex=R/T/F=0/0/4 trsplit=0 sim=14.101(rmp=0.405 run=13.696 n=1 d=0) incr=loc/full/maxdirty/keys=0/0/0/0 chk= 0.000(d=4) stat= 0.158 rest= 0.300
  [bmc-incr i=142 repr=4 active=1709/176861 POs=4]
BMC : c =    1703  cl =   4504  lit =  176857  p =     0  d =     0  f =     4  +  T =     0.04 sec
  [bmc-prof 142] wall=  38.134 p=     4 | ifo=  0.730(sd=0.175 nx=0.000 tfo=0.071 cnt=0.483) snap= 0.292 srm=  8.288 sat= 14.438(set=0.300 slv=14.137 max=4.1293 n=4) cex=R/T/F=0/0/4 trsplit=0 sim=13.939(rmp=0.407 run=13.531 n=1 d=0) incr=loc/full/maxdirty/keys=0/0/0/0 chk= 0.000(d=4) stat= 0.154 rest= 0.293
  [bmc-incr i=143 repr=4 active=1705/176857 POs=4]
BMC : c =    1699  cl =   4504  lit =  176853  p =     0  d =     0  f =     4  +  T =     0.04 sec
  [bmc-prof 143] wall=  38.589 p=     4 | ifo=  0.731(sd=0.173 nx=0.000 tfo=0.076 cnt=0.482) snap= 0.280 srm=  8.318 sat= 14.771(set=0.303 slv=14.466 max=4.2793 n=4) cex=R/T/F=0/0/4 trsplit=0 sim=14.011(rmp=0.403 run=13.607 n=1 d=0) incr=loc/full/maxdirty/keys=0/0/0/0 chk= 0.000(d=4) stat= 0.170 rest= 0.308
  [bmc-incr i=144 repr=4 active=1701/176853 POs=4]
BMC : c =    1695  cl =   4504  lit =  176849  p =     0  d =     0  f =     4  +  T =     0.04 sec
  [bmc-prof 144] wall=  42.683 p=     4 | ifo=  0.786(sd=0.193 nx=0.000 tfo=0.095 cnt=0.498) snap= 0.283 srm=  9.454 sat= 16.112(set=0.315 slv=15.793 max=4.6586 n=4) cex=R/T/F=0/0/4 trsplit=0 sim=15.471(rmp=0.534 run=14.936 n=1 d=0) incr=loc/full/maxdirty/keys=0/0/0/0 chk= 0.000(d=4) stat= 0.167 rest= 0.409
  [bmc-incr i=145 repr=4 active=1697/176849 POs=4]
BMC : c =    1691  cl =   4504  lit =  176845  p =     0  d =     0  f =     4  +  T =     0.04 sec
  [bmc-prof 145] wall=  42.512 p=     4 | ifo=  0.749(sd=0.179 nx=0.000 tfo=0.081 cnt=0.489) snap= 0.285 srm=  8.374 sat= 18.631(set=0.406 slv=18.223 max=5.6422 n=4) cex=R/T/F=0/0/4 trsplit=0 sim=14.025(rmp=0.401 run=13.624 n=1 d=0) incr=loc/full/maxdirty/keys=0/0/0/0 chk= 0.000(d=4) stat= 0.155 rest= 0.293
  [bmc-incr i=146 repr=4 active=1693/176845 POs=4]
BMC : c =    1687  cl =   4504  lit =  176841  p =     0  d =     0  f =     4  +  T =     0.04 sec
  [bmc-prof 146] wall=  40.131 p=     4 | ifo=  0.747(sd=0.184 nx=0.000 tfo=0.078 cnt=0.485) snap= 0.287 srm=  8.332 sat= 16.024(set=0.320 slv=15.700 max=4.5977 n=4) cex=R/T/F=0/0/4 trsplit=0 sim=14.261(rmp=0.445 run=13.815 n=1 d=0) incr=loc/full/maxdirty/keys=0/0/0/0 chk= 0.000(d=4) stat= 0.162 rest= 0.317
  [bmc-incr i=147 repr=4 active=1689/176841 POs=4]
BMC : c =    1683  cl =   4504  lit =  176837  p =     0  d =     0  f =     4  +  T =     0.04 sec
  [bmc-prof 147] wall=  39.220 p=     4 | ifo=  0.769(sd=0.181 nx=0.000 tfo=0.090 cnt=0.498) snap= 0.284 srm=  8.558 sat= 14.749(set=0.321 slv=14.426 max=4.1162 n=4) cex=R/T/F=0/0/4 trsplit=0 sim=14.406(rmp=0.422 run=13.984 n=1 d=0) incr=loc/full/maxdirty/keys=0/0/0/0 chk= 0.000(d=4) stat= 0.157 rest= 0.296
  [bmc-incr i=148 repr=4 active=1685/176837 POs=4]
BMC : c =    1679  cl =   4504  lit =  176833  p =     0  d =     0  f =     4  +  T =     0.04 sec
  [bmc-prof 148] wall=  38.851 p=     4 | ifo=  0.743(sd=0.180 nx=0.000 tfo=0.080 cnt=0.483) snap= 0.292 srm=  8.334 sat= 14.750(set=0.307 slv=14.441 max=4.1221 n=4) cex=R/T/F=0/0/4 trsplit=0 sim=14.277(rmp=0.405 run=13.872 n=1 d=0) incr=loc/full/maxdirty/keys=0/0/0/0 chk= 0.000(d=4) stat= 0.162 rest= 0.293
  [bmc-incr i=149 repr=4 active=1681/176833 POs=4]
BMC : c =    1675  cl =   4504  lit =  176829  p =     0  d =     0  f =     4  +  T =     0.04 sec
  [bmc-prof 149] wall=  42.483 p=     4 | ifo=  0.726(sd=0.181 nx=0.000 tfo=0.062 cnt=0.483) snap= 0.292 srm=  8.399 sat= 17.947(set=0.322 slv=17.622 max=6.5845 n=4) cex=R/T/F=0/0/4 trsplit=0 sim=14.656(rmp=0.455 run=14.200 n=1 d=0) incr=loc/full/maxdirty/keys=0/0/0/0 chk= 0.000(d=4) stat= 0.158 rest= 0.305
  [bmc-incr i=150 repr=4 active=1677/176829 POs=4]
BMC : c =    1671  cl =   4504  lit =  176825  p =     0  d =     0  f =     4  +  T =     0.04 sec
  [bmc-prof 150] wall=  38.941 p=     4 | ifo=  0.759(sd=0.177 nx=0.000 tfo=0.075 cnt=0.507) snap= 0.293 srm=  8.482 sat= 14.771(set=0.318 slv=14.451 max=4.1222 n=4) cex=R/T/F=0/0/4 trsplit=0 sim=14.190(rmp=0.416 run=13.773 n=1 d=0) incr=loc/full/maxdirty/keys=0/0/0/0 chk= 0.000(d=4) stat= 0.156 rest= 0.291
  [bmc-incr i=151 repr=4 active=1673/176825 POs=4]
BMC : c =    1667  cl =   4504  lit =  176821  p =     0  d =     0  f =     4  +  T =     0.04 sec
  [bmc-prof 151] wall=  40.177 p=     4 | ifo=  0.744(sd=0.187 nx=0.000 tfo=0.073 cnt=0.484) snap= 0.292 srm=  8.385 sat= 15.502(set=0.307 slv=15.191 max=4.8010 n=4) cex=R/T/F=0/0/4 trsplit=0 sim=14.752(rmp=0.450 run=14.301 n=1 d=0) incr=loc/full/maxdirty/keys=0/0/0/0 chk= 0.000(d=4) stat= 0.172 rest= 0.329
  [bmc-incr i=152 repr=4 active=1669/176821 POs=4]
BMC : c =    1663  cl =   4504  lit =  176817  p =     0  d =     0  f =     4  +  T =     0.04 sec
  [bmc-prof 152] wall=  39.039 p=     4 | ifo=  0.745(sd=0.183 nx=0.000 tfo=0.078 cnt=0.484) snap= 0.286 srm=  8.414 sat= 15.065(set=0.315 slv=14.748 max=4.4257 n=4) cex=R/T/F=0/0/4 trsplit=0 sim=14.063(rmp=0.405 run=13.657 n=1 d=0) incr=loc/full/maxdirty/keys=0/0/0/0 chk= 0.000(d=4) stat= 0.159 rest= 0.306
  [bmc-incr i=153 repr=4 active=1665/176817 POs=4]
BMC : c =    1659  cl =   4504  lit =  176813  p =     0  d =     0  f =     4  +  T =     0.05 sec
  [bmc-prof 153] wall=  45.220 p=     4 | ifo=  0.822(sd=0.209 nx=0.000 tfo=0.118 cnt=0.495) snap= 0.286 srm=  8.439 sat= 20.039(set=0.309 slv=19.725 max=8.2935 n=4) cex=R/T/F=0/0/4 trsplit=0 sim=15.072(rmp=0.481 run=14.590 n=1 d=0) incr=loc/full/maxdirty/keys=0/0/0/0 chk= 0.000(d=4) stat= 0.160 rest= 0.403
  [bmc-incr i=154 repr=4 active=1661/176813 POs=4]
BMC : c =    1655  cl =   4504  lit =  176809  p =     0  d =     0  f =     4  +  T =     0.04 sec
  [bmc-prof 154] wall=  39.147 p=     4 | ifo=  0.739(sd=0.178 nx=0.000 tfo=0.075 cnt=0.485) snap= 0.283 srm=  8.828 sat= 14.861(set=0.311 slv=14.548 max=4.2046 n=4) cex=R/T/F=0/0/4 trsplit=0 sim=13.990(rmp=0.402 run=13.588 n=1 d=0) incr=loc/full/maxdirty/keys=0/0/0/0 chk= 0.000(d=4) stat= 0.155 rest= 0.291
  [bmc-incr i=155 repr=4 active=1657/176809 POs=4]
BMC : c =    1651  cl =   4504  lit =  176805  p =     0  d =     0  f =     4  +  T =     0.04 sec
  [bmc-prof 155] wall=  39.207 p=     4 | ifo=  0.743(sd=0.178 nx=0.000 tfo=0.075 cnt=0.491) snap= 0.282 srm=  8.647 sat= 14.956(set=0.311 slv=14.642 max=4.2832 n=4) cex=R/T/F=0/0/4 trsplit=0 sim=14.125(rmp=0.411 run=13.714 n=1 d=0) incr=loc/full/maxdirty/keys=0/0/0/0 chk= 0.000(d=4) stat= 0.157 rest= 0.295
  [bmc-incr i=156 repr=4 active=1653/176805 POs=4]
BMC : c =    1647  cl =   4504  lit =  176801  p =     0  d =     0  f =     4  +  T =     0.04 sec
  [bmc-prof 156] wall=  42.642 p=     4 | ifo=  0.720(sd=0.174 nx=0.000 tfo=0.063 cnt=0.483) snap= 0.291 srm=  8.403 sat= 14.790(set=0.328 slv=14.459 max=4.1300 n=4) cex=R/T/F=0/0/4 trsplit=0 sim=17.966(rmp=0.399 run=17.566 n=1 d=0) incr=loc/full/maxdirty/keys=0/0/0/0 chk= 0.000(d=4) stat= 0.166 rest= 0.307
  [bmc-incr i=157 repr=4 active=1649/176801 POs=4]
BMC : c =    1643  cl =   4504  lit =  176797  p =     0  d =     0  f =     4  +  T =     0.04 sec
  [bmc-prof 157] wall=  38.954 p=     4 | ifo=  0.750(sd=0.180 nx=0.000 tfo=0.083 cnt=0.486) snap= 0.285 srm=  8.532 sat= 14.875(set=0.346 slv=14.527 max=4.1790 n=4) cex=R/T/F=0/0/4 trsplit=0 sim=14.066(rmp=0.408 run=13.657 n=1 d=0) incr=loc/full/maxdirty/keys=0/0/0/0 chk= 0.000(d=4) stat= 0.156 rest= 0.290
  [bmc-incr i=158 repr=4 active=1645/176797 POs=4]
BMC : c =    1639  cl =   4504  lit =  176793  p =     0  d =     0  f =     4  +  T =     0.04 sec
  [bmc-prof 158] wall=  40.744 p=     4 | ifo=  0.736(sd=0.175 nx=0.000 tfo=0.071 cnt=0.490) snap= 0.945 srm=  8.387 sat= 15.807(set=0.326 slv=15.479 max=4.1456 n=4) cex=R/T/F=0/0/4 trsplit=0 sim=14.385(rmp=0.433 run=13.951 n=1 d=0) incr=loc/full/maxdirty/keys=0/0/0/0 chk= 0.000(d=4) stat= 0.169 rest= 0.316
  [bmc-incr i=159 repr=4 active=1641/176793 POs=4]
BMC : c =    1635  cl =   4504  lit =  176789  p =     0  d =     0  f =     4  +  T =     0.05 sec
  [bmc-prof 159] wall=  45.391 p=     4 | ifo=  0.768(sd=0.194 nx=0.000 tfo=0.087 cnt=0.487) snap= 0.292 srm= 13.480 sat= 15.932(set=0.341 slv=15.588 max=4.4786 n=4) cex=R/T/F=0/0/4 trsplit=0 sim=14.441(rmp=0.450 run=13.990 n=1 d=0) incr=loc/full/maxdirty/keys=0/0/0/0 chk= 0.000(d=4) stat= 0.171 rest= 0.306
  [bmc-incr i=160 repr=4 active=1637/176789 POs=4]
BMC : c =    1631  cl =   4504  lit =  176785  p =     0  d =     0  f =     4  +  T =     0.04 sec
  [bmc-prof 160] wall=  38.958 p=     4 | ifo=  0.808(sd=0.182 nx=0.000 tfo=0.077 cnt=0.548) snap= 0.285 srm=  8.551 sat= 14.916(set=0.322 slv=14.592 max=4.1884 n=4) cex=R/T/F=0/0/4 trsplit=0 sim=13.947(rmp=0.406 run=13.541 n=1 d=0) incr=loc/full/maxdirty/keys=0/0/0/0 chk= 0.000(d=4) stat= 0.156 rest= 0.294
  [bmc-incr i=161 repr=4 active=1633/176785 POs=2]
BMC : c =    1629  cl =   4504  lit =  176783  p =     0  d =     0  f =     2  +  T =     0.03 sec
  [bmc-prof 161] wall=  29.774 p=     2 | ifo=  0.740(sd=0.185 nx=0.000 tfo=0.073 cnt=0.483) snap= 0.300 srm=  7.851 sat=  6.460(set=0.213 slv=6.245 max=4.1375 n=2) cex=R/T/F=0/0/2 trsplit=0 sim=13.976(rmp=0.406 run=13.569 n=1 d=0) incr=loc/full/maxdirty/keys=0/0/0/0 chk= 0.000(d=2) stat= 0.157 rest= 0.290
  [bmc-incr i=162 repr=2 active=1631/176783 POs=2]
BMC : c =    1627  cl =   4504  lit =  176781  p =     0  d =     0  f =     2  +  T =     0.03 sec
  [bmc-prof 162] wall=  29.711 p=     2 | ifo=  0.728(sd=0.175 nx=0.000 tfo=0.065 cnt=0.487) snap= 0.285 srm=  7.874 sat=  6.435(set=0.209 slv=6.225 max=4.1263 n=2) cex=R/T/F=0/0/2 trsplit=0 sim=13.945(rmp=0.413 run=13.532 n=1 d=0) incr=loc/full/maxdirty/keys=0/0/0/0 chk= 0.000(d=2) stat= 0.156 rest= 0.289
  [bmc-incr i=163 repr=2 active=1629/176781 POs=2]
BMC : c =    1625  cl =   4504  lit =  176779  p =     0  d =     0  f =     2  +  T =     0.03 sec
  [bmc-prof 163] wall=  30.631 p=     2 | ifo=  0.718(sd=0.176 nx=0.000 tfo=0.063 cnt=0.479) snap= 0.280 srm=  7.839 sat=  6.437(set=0.205 slv=6.231 max=4.1288 n=2) cex=R/T/F=0/0/2 trsplit=0 sim=14.839(rmp=0.395 run=14.443 n=1 d=0) incr=loc/full/maxdirty/keys=0/0/0/0 chk= 0.000(d=2) stat= 0.211 rest= 0.307
  [bmc-incr i=164 repr=2 active=1627/176779 POs=2]
BMC : c =    1623  cl =   4504  lit =  176777  p =     0  d =     0  f =     2  +  T =     0.03 sec
  [bmc-prof 164] wall=  30.156 p=     2 | ifo=  0.757(sd=0.200 nx=0.000 tfo=0.071 cnt=0.485) snap= 0.283 srm=  7.853 sat=  6.506(set=0.205 slv=6.299 max=4.1859 n=2) cex=R/T/F=0/0/2 trsplit=0 sim=14.260(rmp=0.394 run=13.864 n=1 d=0) incr=loc/full/maxdirty/keys=0/0/0/0 chk= 0.000(d=2) stat= 0.175 rest= 0.322
  [bmc-incr i=165 repr=2 active=1625/176777 POs=2]
BMC : c =    1621  cl =   4504  lit =  176775  p =     0  d =     0  f =     2  +  T =     0.03 sec
  [bmc-prof 165] wall=  31.276 p=     2 | ifo=  0.732(sd=0.185 nx=0.000 tfo=0.063 cnt=0.484) snap= 0.291 srm=  9.063 sat=  6.505(set=0.231 slv=6.271 max=4.1336 n=2) cex=R/T/F=0/0/2 trsplit=0 sim=14.230(rmp=0.429 run=13.801 n=1 d=0) incr=loc/full/maxdirty/keys=0/0/0/0 chk= 0.000(d=2) stat= 0.157 rest= 0.298
  [bmc-incr i=166 repr=2 active=1623/176775 POs=2]
BMC : c =    1619  cl =   4504  lit =  176773  p =     0  d =     0  f =     2  +  T =     0.03 sec
  [bmc-prof 166] wall=  30.212 p=     2 | ifo=  0.741(sd=0.194 nx=0.000 tfo=0.065 cnt=0.481) snap= 0.293 srm=  7.869 sat=  6.666(set=0.208 slv=6.456 max=4.3484 n=2) cex=R/T/F=0/0/2 trsplit=0 sim=14.176(rmp=0.410 run=13.766 n=1 d=0) incr=loc/full/maxdirty/keys=0/0/0/0 chk= 0.000(d=2) stat= 0.167 rest= 0.301
  [bmc-incr i=167 repr=2 active=1621/176773 POs=2]
BMC : c =    1617  cl =   4504  lit =  176771  p =     0  d =     0  f =     2  +  T =     0.04 sec
  [bmc-prof 167] wall=  35.675 p=     2 | ifo=  0.822(sd=0.217 nx=0.000 tfo=0.116 cnt=0.488) snap= 0.310 srm=  8.014 sat=  6.468(set=0.220 slv=6.246 max=4.1415 n=2) cex=R/T/F=0/0/2 trsplit=0 sim=19.594(rmp=0.419 run=19.175 n=1 d=0) incr=loc/full/maxdirty/keys=0/0/0/0 chk= 0.000(d=2) stat= 0.163 rest= 0.303
  [bmc-incr i=168 repr=2 active=1619/176771 POs=2]
BMC : c =    1615  cl =   4504  lit =  176769  p =     0  d =     0  f =     2  +  T =     0.03 sec
  [bmc-prof 168] wall=  30.303 p=     2 | ifo=  0.810(sd=0.181 nx=0.000 tfo=0.144 cnt=0.485) snap= 0.283 srm=  8.069 sat=  6.534(set=0.219 slv=6.313 max=4.2051 n=2) cex=R/T/F=0/0/2 trsplit=0 sim=14.140(rmp=0.424 run=13.716 n=1 d=0) incr=loc/full/maxdirty/keys=0/0/0/0 chk= 0.000(d=2) stat= 0.171 rest= 0.296
  [bmc-incr i=169 repr=2 active=1617/176769 POs=2]
BMC : c =    1613  cl =   4504  lit =  176767  p =     0  d =     0  f =     2  +  T =     0.03 sec
  [bmc-prof 169] wall=  30.817 p=     2 | ifo=  0.781(sd=0.185 nx=0.000 tfo=0.083 cnt=0.513) snap= 0.283 srm=  7.875 sat=  6.577(set=0.215 slv=6.360 max=4.2538 n=2) cex=R/T/F=0/0/2 trsplit=0 sim=14.784(rmp=0.436 run=14.347 n=1 d=0) incr=loc/full/maxdirty/keys=0/0/0/0 chk= 0.000(d=2) stat= 0.185 rest= 0.332
  [bmc-incr i=170 repr=2 active=1615/176767 POs=2]
BMC : c =    1611  cl =   4504  lit =  176765  p =     0  d =     0  f =     2  +  T =     0.03 sec
  [bmc-prof 170] wall=  31.816 p=     2 | ifo=  0.804(sd=0.198 nx=0.000 tfo=0.086 cnt=0.520) snap= 0.310 srm=  8.979 sat=  6.623(set=0.251 slv=6.370 max=4.2302 n=2) cex=R/T/F=0/0/2 trsplit=0 sim=14.627(rmp=0.468 run=14.158 n=1 d=0) incr=loc/full/maxdirty/keys=0/0/0/0 chk= 0.000(d=2) stat= 0.161 rest= 0.312
  [bmc-incr i=171 repr=2 active=1613/176765 POs=2]
BMC : c =    1609  cl =   4504  lit =  176763  p =     0  d =     0  f =     2  +  T =     0.03 sec
  [bmc-prof 171] wall=  31.186 p=     2 | ifo=  0.753(sd=0.190 nx=0.000 tfo=0.077 cnt=0.485) snap= 0.312 srm=  8.134 sat=  6.555(set=0.237 slv=6.316 max=4.1707 n=2) cex=R/T/F=0/0/2 trsplit=0 sim=14.900(rmp=0.552 run=14.347 n=1 d=0) incr=loc/full/maxdirty/keys=0/0/0/0 chk= 0.000(d=2) stat= 0.179 rest= 0.353
  [bmc-incr i=172 repr=2 active=1611/176763 POs=2]
BMC : c =    1607  cl =   4504  lit =  176761  p =     0  d =     0  f =     2  +  T =     0.03 sec
  [bmc-prof 172] wall=  31.960 p=     2 | ifo=  0.816(sd=0.221 nx=0.000 tfo=0.084 cnt=0.511) snap= 0.304 srm=  8.641 sat=  6.796(set=0.249 slv=6.545 max=4.3177 n=2) cex=R/T/F=0/0/2 trsplit=0 sim=14.867(rmp=0.475 run=14.392 n=1 d=0) incr=loc/full/maxdirty/keys=0/0/0/0 chk= 0.000(d=2) stat= 0.222 rest= 0.314
  [bmc-incr i=173 repr=2 active=1609/176761 POs=2]
BMC : c =    1605  cl =   4504  lit =  176759  p =     0  d =     0  f =     2  +  T =     0.03 sec
  [bmc-prof 173] wall=  30.959 p=     2 | ifo=  0.770(sd=0.190 nx=0.000 tfo=0.077 cnt=0.503) snap= 0.305 srm=  8.181 sat=  6.720(set=0.225 slv=6.494 max=4.3068 n=2) cex=R/T/F=0/0/2 trsplit=0 sim=14.514(rmp=0.412 run=14.101 n=1 d=0) incr=loc/full/maxdirty/keys=0/0/0/0 chk= 0.000(d=2) stat= 0.168 rest= 0.300
  [bmc-incr i=174 repr=2 active=1607/176759 POs=2]
BMC : c =    1603  cl =   4504  lit =  176757  p =     0  d =     0  f =     2  +  T =     0.03 sec
  [bmc-prof 174] wall=  30.928 p=     2 | ifo=  0.762(sd=0.187 nx=0.000 tfo=0.074 cnt=0.501) snap= 0.302 srm=  8.123 sat=  6.714(set=0.220 slv=6.492 max=4.3086 n=2) cex=R/T/F=0/0/2 trsplit=0 sim=14.554(rmp=0.408 run=14.145 n=1 d=0) incr=loc/full/maxdirty/keys=0/0/0/0 chk= 0.000(d=2) stat= 0.160 rest= 0.313
  [bmc-incr i=175 repr=2 active=1605/176757 POs=2]
BMC : c =    1601  cl =   4504  lit =  176755  p =     0  d =     0  f =     2  +  T =     0.03 sec
  [bmc-prof 175] wall=  31.387 p=     2 | ifo=  0.758(sd=0.184 nx=0.000 tfo=0.073 cnt=0.501) snap= 0.296 srm=  8.117 sat=  6.633(set=0.231 slv=6.400 max=4.3379 n=2) cex=R/T/F=0/0/2 trsplit=0 sim=15.088(rmp=0.508 run=14.578 n=1 d=0) incr=loc/full/maxdirty/keys=0/0/0/0 chk= 0.000(d=2) stat= 0.169 rest= 0.327
  [bmc-incr i=176 repr=2 active=1603/176755 POs=2]
BMC : c =    1599  cl =   4504  lit =  176753  p =     0  d =     0  f =     2  +  T =     0.03 sec
  [bmc-prof 176] wall=  30.946 p=     2 | ifo=  0.779(sd=0.187 nx=0.000 tfo=0.078 cnt=0.514) snap= 0.295 srm=  8.356 sat=  6.505(set=0.231 slv=6.272 max=4.3402 n=2) cex=R/T/F=0/0/2 trsplit=0 sim=14.537(rmp=0.436 run=14.100 n=1 d=0) incr=loc/full/maxdirty/keys=0/0/0/0 chk= 0.000(d=2) stat= 0.174 rest= 0.300
  [bmc-incr i=177 repr=2 active=1601/176753 POs=2]
BMC : c =    1597  cl =   4504  lit =  176751  p =     0  d =     0  f =     2  +  T =     0.03 sec
  [bmc-prof 177] wall=  30.638 p=     2 | ifo=  0.760(sd=0.187 nx=0.000 tfo=0.073 cnt=0.500) snap= 0.293 srm=  8.174 sat=  6.368(set=0.227 slv=6.139 max=4.3348 n=2) cex=R/T/F=0/0/2 trsplit=0 sim=14.566(rmp=0.446 run=14.120 n=1 d=0) incr=loc/full/maxdirty/keys=0/0/0/0 chk= 0.000(d=2) stat= 0.172 rest= 0.303
  [bmc-incr i=178 repr=2 active=1599/176751 POs=2]
BMC : c =    1595  cl =   4504  lit =  176749  p =     0  d =     0  f =     2  +  T =     0.03 sec
  [bmc-prof 178] wall=  30.814 p=     2 | ifo=  0.760(sd=0.184 nx=0.000 tfo=0.075 cnt=0.501) snap= 0.303 srm=  8.176 sat=  6.134(set=0.223 slv=5.894 max=4.2161 n=2) cex=R/T/F=0/0/2 trsplit=0 sim=14.977(rmp=0.443 run=14.533 n=1 d=0) incr=loc/full/maxdirty/keys=0/0/0/0 chk= 0.000(d=2) stat= 0.159 rest= 0.305
  [bmc-incr i=179 repr=2 active=1597/176749 POs=2]
BMC : c =    1593  cl =   4504  lit =  176747  p =     0  d =     0  f =     2  +  T =     0.04 sec
  [bmc-prof 179] wall=  36.622 p=     2 | ifo=  0.800(sd=0.205 nx=0.000 tfo=0.111 cnt=0.484) snap= 0.286 srm=  7.850 sat=  6.283(set=0.210 slv=6.070 max=4.5762 n=2) cex=R/T/F=0/0/2 trsplit=0 sim=20.904(rmp=0.463 run=20.441 n=1 d=0) incr=loc/full/maxdirty/keys=0/0/0/0 chk= 0.000(d=2) stat= 0.164 rest= 0.333
  [bmc-incr i=180 repr=2 active=1595/176747 POs=2]
BMC : c =    1591  cl =   4504  lit =  176745  p =     0  d =     0  f =     2  +  T =     0.03 sec
  [bmc-prof 180] wall=  29.587 p=     2 | ifo=  0.754(sd=0.183 nx=0.000 tfo=0.082 cnt=0.489) snap= 0.297 srm=  8.153 sat=  5.875(set=0.217 slv=5.655 max=4.2648 n=2) cex=R/T/F=0/0/2 trsplit=0 sim=14.056(rmp=0.396 run=13.659 n=1 d=0) incr=loc/full/maxdirty/keys=0/0/0/0 chk= 0.000(d=2) stat= 0.162 rest= 0.289
  [bmc-incr i=181 repr=2 active=1593/176745 POs=2]
BMC : c =    1589  cl =   4504  lit =  176743  p =     0  d =     0  f =     2  +  T =     0.04 sec
  [bmc-prof 181] wall=  37.199 p=     2 | ifo=  0.742(sd=0.176 nx=0.000 tfo=0.071 cnt=0.495) snap= 0.297 srm=  8.272 sat= 10.107(set=0.220 slv=9.885 max=5.0912 n=2) cex=R/T/F=0/0/2 trsplit=0 sim=17.235(rmp=0.930 run=16.304 n=1 d=0) incr=loc/full/maxdirty/keys=0/0/0/0 chk= 0.000(d=2) stat= 0.238 rest= 0.308
  [bmc-incr i=182 repr=2 active=1591/176743 POs=2]
BMC : c =    1587  cl =   4504  lit =  176741  p =     0  d =     0  f =     2  +  T =     0.03 sec
  [bmc-prof 182] wall=  29.654 p=     2 | ifo=  0.862(sd=0.243 nx=0.000 tfo=0.135 cnt=0.485) snap= 0.295 srm=  7.847 sat=  5.566(set=0.215 slv=5.348 max=4.1709 n=2) cex=R/T/F=0/0/2 trsplit=0 sim=14.630(rmp=0.393 run=14.236 n=1 d=0) incr=loc/full/maxdirty/keys=0/0/0/0 chk= 0.000(d=2) stat= 0.154 rest= 0.300
  [bmc-incr i=183 repr=2 active=1589/176741 POs=2]
BMC : c =    1585  cl =   4504  lit =  176739  p =     0  d =     0  f =     2  +  T =     0.03 sec
  [bmc-prof 183] wall=  34.388 p=     2 | ifo=  0.728(sd=0.174 nx=0.000 tfo=0.064 cnt=0.490) snap= 0.283 srm=  7.881 sat=  5.469(set=0.208 slv=5.259 max=4.1707 n=2) cex=R/T/F=0/0/2 trsplit=0 sim=19.525(rmp=0.396 run=19.127 n=1 d=0) incr=loc/full/maxdirty/keys=0/0/0/0 chk= 0.000(d=2) stat= 0.196 rest= 0.306
  [bmc-incr i=184 repr=2 active=1587/176739 POs=2]
BMC : c =    1583  cl =   4504  lit =  176737  p =     0  d =     0  f =     2  +  T =     0.03 sec
  [bmc-prof 184] wall=  29.239 p=     2 | ifo=  0.754(sd=0.196 nx=0.000 tfo=0.073 cnt=0.486) snap= 0.286 srm=  8.394 sat=  5.402(set=0.233 slv=5.168 max=4.1782 n=2) cex=R/T/F=0/0/2 trsplit=0 sim=13.957(rmp=0.417 run=13.539 n=1 d=0) incr=loc/full/maxdirty/keys=0/0/0/0 chk= 0.000(d=2) stat= 0.156 rest= 0.290
  [bmc-incr i=185 repr=2 active=1585/176737 POs=2]
BMC : c =    1581  cl =   4504  lit =  176735  p =     0  d =     0  f =     2  +  T =     0.03 sec
  [bmc-prof 185] wall=  29.098 p=     2 | ifo=  0.740(sd=0.175 nx=0.000 tfo=0.072 cnt=0.493) snap= 0.286 srm=  7.901 sat=  5.301(set=0.212 slv=5.088 max=4.1802 n=2) cex=R/T/F=0/0/2 trsplit=0 sim=14.425(rmp=0.401 run=14.023 n=1 d=0) incr=loc/full/maxdirty/keys=0/0/0/0 chk= 0.000(d=2) stat= 0.155 rest= 0.290
  [bmc-incr i=186 repr=2 active=1583/176735 POs=2]
BMC : c =    1579  cl =   4504  lit =  176733  p =     0  d =     0  f =     2  +  T =     0.03 sec
  [bmc-prof 186] wall=  30.037 p=     2 | ifo=  0.718(sd=0.175 nx=0.000 tfo=0.059 cnt=0.484) snap= 0.284 srm=  8.722 sat=  5.227(set=0.215 slv=5.010 max=4.1937 n=2) cex=R/T/F=0/0/2 trsplit=0 sim=14.617(rmp=0.411 run=14.206 n=1 d=0) incr=loc/full/maxdirty/keys=0/0/0/0 chk= 0.000(d=2) stat= 0.171 rest= 0.298
  [bmc-incr i=187 repr=2 active=1581/176733 POs=2]
BMC : c =    1577  cl =   4504  lit =  176731  p =     0  d =     0  f =     2  +  T =     0.03 sec
  [bmc-prof 187] wall=  29.685 p=     2 | ifo=  0.745(sd=0.178 nx=0.000 tfo=0.069 cnt=0.498) snap= 0.283 srm=  8.085 sat=  5.154(set=0.220 slv=4.932 max=4.1809 n=2) cex=R/T/F=0/0/2 trsplit=0 sim=14.959(rmp=0.402 run=14.557 n=1 d=0) incr=loc/full/maxdirty/keys=0/0/0/0 chk= 0.000(d=2) stat= 0.160 rest= 0.298
  [bmc-incr i=188 repr=2 active=1579/176731 POs=2]
BMC : c =    1575  cl =   4504  lit =  176729  p =     0  d =     0  f =     2  +  T =     0.05 sec
  [bmc-prof 188] wall=  45.295 p=     2 | ifo=  0.744(sd=0.188 nx=0.000 tfo=0.073 cnt=0.483) snap= 0.284 srm=  8.056 sat= 21.076(set=0.231 slv=20.843 max=16.4461 n=2) cex=R/T/F=0/0/2 trsplit=0 sim=14.656(rmp=0.445 run=14.211 n=1 d=0) incr=loc/full/maxdirty/keys=0/0/0/0 chk= 0.000(d=2) stat= 0.158 rest= 0.321
  [bmc-incr i=189 repr=2 active=1577/176729 POs=2]
BMC : c =    1573  cl =   4504  lit =  176727  p =     0  d =     0  f =     2  +  T =     0.04 sec
  [bmc-prof 189] wall=  45.078 p=     2 | ifo=  0.759(sd=0.183 nx=0.000 tfo=0.078 cnt=0.497) snap= 0.291 srm=  7.799 sat= 21.723(set=0.895 slv=20.826 max=16.5390 n=2) cex=R/T/F=0/0/2 trsplit=0 sim=14.047(rmp=0.431 run=13.615 n=1 d=0) incr=loc/full/maxdirty/keys=0/0/0/0 chk= 0.000(d=2) stat= 0.154 rest= 0.306
  [bmc-incr i=190 repr=2 active=1575/176727 POs=2]
BMC : c =    1571  cl =   4504  lit =  176725  p =     0  d =     0  f =     2  +  T =     0.05 sec
  [bmc-prof 190] wall=  45.532 p=     2 | ifo=  0.745(sd=0.178 nx=0.000 tfo=0.075 cnt=0.492) snap= 0.283 srm=  7.930 sat= 21.144(set=0.215 slv=20.927 max=16.4572 n=2) cex=R/T/F=0/0/2 trsplit=0 sim=14.857(rmp=0.525 run=14.331 n=1 d=0) incr=loc/full/maxdirty/keys=0/0/0/0 chk= 0.000(d=2) stat= 0.172 rest= 0.401
  [bmc-incr i=191 repr=2 active=1573/176725 POs=2]
BMC : c =    1570  cl =   4503  lit =  176723  p =     0  d =     1  f =     1  +  T =     0.07 sec
  [bmc-prof 191] wall=  67.562 p=     2 | ifo=  0.734(sd=0.180 nx=0.000 tfo=0.070 cnt=0.484) snap= 0.290 srm=  8.052 sat= 43.722(set=0.235 slv=43.481 max=39.1887 n=2) cex=R/T/F=1/0/1 trsplit=0 sim=14.298(rmp=0.445 run=13.852 n=1 d=1) incr=loc/full/maxdirty/keys=0/0/0/0 chk= 0.001(d=1) stat= 0.157 rest= 0.308
  [bmc-incr i=192 repr=2 active=1571/176723 POs=1]
BMC : c =    1569  cl =   4503  lit =  176722  p =     0  d =     0  f =     1  +  T =     0.03 sec
  [bmc-prof 192] wall=  27.485 p=     1 | ifo=  0.750(sd=0.182 nx=0.000 tfo=0.084 cnt=0.484) snap= 0.287 srm=  7.518 sat=  4.433(set=0.158 slv=4.274 max=4.2739 n=1) cex=R/T/F=0/0/1 trsplit=0 sim=14.039(rmp=0.417 run=13.621 n=1 d=0) incr=loc/full/maxdirty/keys=0/0/0/0 chk= 0.000(d=1) stat= 0.164 rest= 0.293
  [bmc-incr i=193 repr=1 active=1570/176722 POs=1]
BMC : c =    1568  cl =   4503  lit =  176721  p =     0  d =     0  f =     1  +  T =     0.03 sec
  [bmc-prof 193] wall=  27.902 p=     1 | ifo=  0.735(sd=0.178 nx=0.000 tfo=0.067 cnt=0.490) snap= 0.284 srm=  7.911 sat=  4.393(set=0.167 slv=4.224 max=4.2238 n=1) cex=R/T/F=0/0/1 trsplit=0 sim=14.122(rmp=0.426 run=13.695 n=1 d=0) incr=loc/full/maxdirty/keys=0/0/0/0 chk= 0.000(d=1) stat= 0.159 rest= 0.297
  [bmc-incr i=194 repr=1 active=1569/176721 POs=1]
BMC : c =    1567  cl =   4503  lit =  176720  p =     0  d =     0  f =     1  +  T =     0.03 sec
  [bmc-prof 194] wall=  27.571 p=     1 | ifo=  0.810(sd=0.202 nx=0.000 tfo=0.110 cnt=0.498) snap= 0.285 srm=  7.545 sat=  4.368(set=0.155 slv=4.211 max=4.2111 n=1) cex=R/T/F=0/0/1 trsplit=0 sim=14.116(rmp=0.393 run=13.723 n=1 d=0) incr=loc/full/maxdirty/keys=0/0/0/0 chk= 0.000(d=1) stat= 0.155 rest= 0.292
  [bmc-incr i=195 repr=1 active=1568/176720 POs=1]
BMC : c =    1566  cl =   4503  lit =  176719  p =     0  d =     0  f =     1  +  T =     0.03 sec
  [bmc-prof 195] wall=  28.216 p=     1 | ifo=  0.744(sd=0.177 nx=0.000 tfo=0.072 cnt=0.495) snap= 0.292 srm=  7.587 sat=  4.378(set=0.156 slv=4.220 max=4.2202 n=1) cex=R/T/F=0/0/1 trsplit=0 sim=14.728(rmp=0.397 run=14.329 n=1 d=0) incr=loc/full/maxdirty/keys=0/0/0/0 chk= 0.000(d=1) stat= 0.165 rest= 0.322
  [bmc-incr i=196 repr=1 active=1567/176719 POs=1]
BMC : c =    1565  cl =   4503  lit =  176718  p =     0  d =     0  f =     1  +  T =     0.03 sec
  [bmc-prof 196] wall=  28.384 p=     1 | ifo=  0.753(sd=0.182 nx=0.000 tfo=0.074 cnt=0.497) snap= 0.294 srm=  7.868 sat=  4.393(set=0.174 slv=4.217 max=4.2168 n=1) cex=R/T/F=0/0/1 trsplit=0 sim=14.614(rmp=0.412 run=14.201 n=1 d=0) incr=loc/full/maxdirty/keys=0/0/0/0 chk= 0.000(d=1) stat= 0.157 rest= 0.304
  [bmc-incr i=197 repr=1 active=1566/176718 POs=1]
BMC : c =    1564  cl =   4503  lit =  176717  p =     0  d =     0  f =     1  +  T =     0.03 sec
  [bmc-prof 197] wall=  27.482 p=     1 | ifo=  0.747(sd=0.181 nx=0.000 tfo=0.078 cnt=0.488) snap= 0.281 srm=  7.530 sat=  4.432(set=0.155 slv=4.275 max=4.2755 n=1) cex=R/T/F=0/0/1 trsplit=0 sim=14.028(rmp=0.398 run=13.629 n=1 d=0) incr=loc/full/maxdirty/keys=0/0/0/0 chk= 0.000(d=1) stat= 0.157 rest= 0.307
  [bmc-incr i=198 repr=1 active=1565/176717 POs=1]
BMC : c =    1563  cl =   4503  lit =  176716  p =     0  d =     0  f =     1  +  T =     0.03 sec
  [bmc-prof 198] wall=  27.911 p=     1 | ifo=  0.732(sd=0.177 nx=0.000 tfo=0.060 cnt=0.494) snap= 0.283 srm=  7.617 sat=  4.414(set=0.163 slv=4.249 max=4.2489 n=1) cex=R/T/F=0/0/1 trsplit=0 sim=14.382(rmp=0.413 run=13.968 n=1 d=0) incr=loc/full/maxdirty/keys=0/0/0/0 chk= 0.000(d=1) stat= 0.170 rest= 0.313
  [bmc-incr i=199 repr=1 active=1564/176716 POs=1]
BMC : c =    1562  cl =   4503  lit =  176715  p =     0  d =     0  f =     1  +  T =     0.03 sec
  [bmc-prof 199] wall=  28.248 p=     1 | ifo=  0.744(sd=0.179 nx=0.000 tfo=0.077 cnt=0.488) snap= 0.353 srm=  7.794 sat=  4.485(set=0.178 slv=4.304 max=4.3042 n=1) cex=R/T/F=0/0/1 trsplit=0 sim=14.417(rmp=0.429 run=13.988 n=1 d=0) incr=loc/full/maxdirty/keys=0/0/0/0 chk= 0.000(d=1) stat= 0.156 rest= 0.299
  [bmc-incr i=200 repr=1 active=1563/176715 POs=1]
BMC : c =    1561  cl =   4503  lit =  176714  p =     0  d =     0  f =     1  +  T =     0.03 sec
  [bmc-prof 200] wall=  27.632 p=     1 | ifo=  0.736(sd=0.179 nx=0.000 tfo=0.074 cnt=0.483) snap= 0.289 srm=  7.609 sat=  4.390(set=0.160 slv=4.228 max=4.2283 n=1) cex=R/T/F=0/0/1 trsplit=0 sim=14.148(rmp=0.405 run=13.743 n=1 d=0) incr=loc/full/maxdirty/keys=0/0/0/0 chk= 0.000(d=1) stat= 0.160 rest= 0.299
  [bmc-incr i=201 repr=1 active=1562/176714 POs=1]
BMC : c =    1560  cl =   4503  lit =  176713  p =     0  d =     0  f =     1  +  T =     0.03 sec
  [bmc-prof 201] wall=  27.279 p=     1 | ifo=  0.723(sd=0.175 nx=0.000 tfo=0.066 cnt=0.482) snap= 0.282 srm=  7.508 sat=  4.393(set=0.155 slv=4.236 max=4.2357 n=1) cex=R/T/F=0/0/1 trsplit=0 sim=13.923(rmp=0.400 run=13.522 n=1 d=0) incr=loc/full/maxdirty/keys=0/0/0/0 chk= 0.000(d=1) stat= 0.153 rest= 0.297
  [bmc-incr i=202 repr=1 active=1561/176713 POs=1]
BMC : c =    1559  cl =   4503  lit =  176712  p =     0  d =     0  f =     1  +  T =     0.03 sec
  [bmc-prof 202] wall=  27.840 p=     1 | ifo=  0.710(sd=0.174 nx=0.000 tfo=0.055 cnt=0.481) snap= 0.279 srm=  7.653 sat=  4.717(set=0.155 slv=4.560 max=4.5601 n=1) cex=R/T/F=0/0/1 trsplit=0 sim=14.019(rmp=0.396 run=13.622 n=1 d=0) incr=loc/full/maxdirty/keys=0/0/0/0 chk= 0.000(d=1) stat= 0.169 rest= 0.293
  [bmc-incr i=203 repr=1 active=1560/176712 POs=1]
BMC : c =    1558  cl =   4503  lit =  176711  p =     0  d =     0  f =     1  +  T =     0.03 sec
  [bmc-prof 203] wall=  28.082 p=     1 | ifo=  0.737(sd=0.176 nx=0.000 tfo=0.059 cnt=0.502) snap= 0.295 srm=  7.719 sat=  4.385(set=0.158 slv=4.226 max=4.2258 n=1) cex=R/T/F=0/0/1 trsplit=0 sim=14.501(rmp=0.392 run=14.109 n=1 d=0) incr=loc/full/maxdirty/keys=0/0/0/0 chk= 0.000(d=1) stat= 0.155 rest= 0.289
  [bmc-incr i=204 repr=1 active=1559/176711 POs=1]
BMC : c =    1557  cl =   4503  lit =  176710  p =     0  d =     0  f =     1  +  T =     0.03 sec
  [bmc-prof 204] wall=  29.058 p=     1 | ifo=  0.793(sd=0.201 nx=0.000 tfo=0.094 cnt=0.497) snap= 0.294 srm=  8.640 sat=  4.661(set=0.184 slv=4.474 max=4.4743 n=1) cex=R/T/F=0/0/1 trsplit=0 sim=14.216(rmp=0.439 run=13.776 n=1 d=0) incr=loc/full/maxdirty/keys=0/0/0/0 chk= 0.000(d=1) stat= 0.156 rest= 0.300
  [bmc-incr i=205 repr=1 active=1558/176710 POs=1]
BMC : c =    1556  cl =   4503  lit =  176709  p =     0  d =     0  f =     1  +  T =     0.03 sec
  [bmc-prof 205] wall=  27.806 p=     1 | ifo=  0.764(sd=0.187 nx=0.000 tfo=0.094 cnt=0.483) snap= 0.292 srm=  7.577 sat=  4.403(set=0.159 slv=4.242 max=4.2423 n=1) cex=R/T/F=0/0/1 trsplit=0 sim=14.322(rmp=0.406 run=13.915 n=1 d=0) incr=loc/full/maxdirty/keys=0/0/0/0 chk= 0.000(d=1) stat= 0.155 rest= 0.292
  [bmc-incr i=206 repr=1 active=1557/176709 POs=1]
BMC : c =    1555  cl =   4503  lit =  176708  p =     0  d =     0  f =     1  +  T =     0.03 sec
  [bmc-prof 206] wall=  29.789 p=     1 | ifo=  0.739(sd=0.184 nx=0.000 tfo=0.070 cnt=0.484) snap= 0.284 srm=  7.599 sat=  4.466(set=0.158 slv=4.307 max=4.3066 n=1) cex=R/T/F=0/0/1 trsplit=0 sim=16.230(rmp=0.406 run=15.823 n=1 d=0) incr=loc/full/maxdirty/keys=0/0/0/0 chk= 0.000(d=1) stat= 0.159 rest= 0.310
  [bmc-incr i=207 repr=1 active=1556/176708 POs=1]
BMC : c =    1554  cl =   4503  lit =  176707  p =     0  d =     0  f =     1  +  T =     0.03 sec
  [bmc-prof 207] wall=  33.953 p=     1 | ifo=  2.304(sd=0.505 nx=0.000 tfo=0.138 cnt=1.661) snap= 0.448 srm= 10.907 sat=  5.192(set=0.178 slv=5.011 max=5.0107 n=1) cex=R/T/F=0/0/1 trsplit=0 sim=14.621(rmp=0.459 run=14.160 n=1 d=0) incr=loc/full/maxdirty/keys=0/0/0/0 chk= 0.000(d=1) stat= 0.160 rest= 0.320
  [bmc-incr i=208 repr=1 active=1555/176707 POs=1]
BMC : c =    1553  cl =   4503  lit =  176706  p =     0  d =     0  f =     1  +  T =     0.03 sec
  [bmc-prof 208] wall=  27.607 p=     1 | ifo=  0.741(sd=0.181 nx=0.000 tfo=0.076 cnt=0.485) snap= 0.284 srm=  7.570 sat=  4.416(set=0.168 slv=4.246 max=4.2460 n=1) cex=R/T/F=0/0/1 trsplit=0 sim=14.139(rmp=0.403 run=13.736 n=1 d=0) incr=loc/full/maxdirty/keys=0/0/0/0 chk= 0.000(d=1) stat= 0.156 rest= 0.301
  [bmc-incr i=209 repr=1 active=1554/176706 POs=1]
BMC : c =    1552  cl =   4503  lit =  176705  p =     0  d =     0  f =     1  +  T =     0.03 sec
  [bmc-prof 209] wall=  27.542 p=     1 | ifo=  0.723(sd=0.177 nx=0.000 tfo=0.065 cnt=0.481) snap= 0.287 srm=  7.522 sat=  4.412(set=0.155 slv=4.255 max=4.2554 n=1) cex=R/T/F=0/0/1 trsplit=0 sim=14.149(rmp=0.404 run=13.745 n=1 d=0) incr=loc/full/maxdirty/keys=0/0/0/0 chk= 0.000(d=1) stat= 0.157 rest= 0.291
  [bmc-incr i=210 repr=1 active=1553/176705 POs=1]
BMC : c =    1551  cl =   4503  lit =  176704  p =     0  d =     0  f =     1  +  T =     0.03 sec
  [bmc-prof 210] wall=  27.673 p=     1 | ifo=  0.719(sd=0.177 nx=0.000 tfo=0.059 cnt=0.483) snap= 0.280 srm=  7.535 sat=  4.490(set=0.162 slv=4.326 max=4.3260 n=1) cex=R/T/F=0/0/1 trsplit=0 sim=14.201(rmp=0.407 run=13.793 n=1 d=0) incr=loc/full/maxdirty/keys=0/0/0/0 chk= 0.000(d=1) stat= 0.155 rest= 0.293
  [bmc-incr i=211 repr=1 active=1552/176704 POs=1]
BMC : c =    1550  cl =   4503  lit =  176703  p =     0  d =     0  f =     1  +  T =     0.03 sec
  [bmc-prof 211] wall=  27.898 p=     1 | ifo=  1.270(sd=0.174 nx=0.000 tfo=0.051 cnt=1.046) snap= 0.284 srm=  7.533 sat=  4.445(set=0.157 slv=4.287 max=4.2865 n=1) cex=R/T/F=0/0/1 trsplit=0 sim=13.920(rmp=0.404 run=13.516 n=1 d=0) incr=loc/full/maxdirty/keys=0/0/0/0 chk= 0.000(d=1) stat= 0.154 rest= 0.291
  [bmc-incr i=212 repr=1 active=1551/176703 POs=1]
BMC : c =    1549  cl =   4503  lit =  176702  p =     0  d =     0  f =     1  +  T =     0.03 sec
  [bmc-prof 212] wall=  28.617 p=     1 | ifo=  0.762(sd=0.194 nx=0.000 tfo=0.084 cnt=0.484) snap= 0.281 srm=  7.560 sat=  4.403(set=0.154 slv=4.248 max=4.2482 n=1) cex=R/T/F=0/0/1 trsplit=0 sim=14.568(rmp=0.400 run=14.167 n=1 d=0) incr=loc/full/maxdirty/keys=0/0/0/0 chk= 0.000(d=1) stat= 0.390 rest= 0.652
  [bmc-incr i=213 repr=1 active=1550/176702 POs=1]
BMC : c =    1548  cl =   4503  lit =  176701  p =     0  d =     0  f =     1  +  T =     0.03 sec
  [bmc-prof 213] wall=  28.156 p=     1 | ifo=  0.758(sd=0.203 nx=0.000 tfo=0.068 cnt=0.488) snap= 0.295 srm=  8.063 sat=  4.433(set=0.173 slv=4.258 max=4.2579 n=1) cex=R/T/F=0/0/1 trsplit=0 sim=14.140(rmp=0.425 run=13.714 n=1 d=0) incr=loc/full/maxdirty/keys=0/0/0/0 chk= 0.000(d=1) stat= 0.162 rest= 0.304
  [bmc-incr i=214 repr=1 active=1549/176701 POs=1]
BMC : c =    1547  cl =   4503  lit =  176700  p =     0  d =     0  f =     1  +  T =     0.03 sec
  [bmc-prof 214] wall=  27.710 p=     1 | ifo=  0.737(sd=0.178 nx=0.000 tfo=0.066 cnt=0.493) snap= 0.295 srm=  7.683 sat=  4.444(set=0.170 slv=4.273 max=4.2725 n=1) cex=R/T/F=0/0/1 trsplit=0 sim=14.097(rmp=0.407 run=13.689 n=1 d=0) incr=loc/full/maxdirty/keys=0/0/0/0 chk= 0.001(d=1) stat= 0.160 rest= 0.294
  [bmc-incr i=215 repr=1 active=1548/176700 POs=1]
BMC : c =    1546  cl =   4503  lit =  176699  p =     0  d =     0  f =     1  +  T =     0.03 sec
  [bmc-prof 215] wall=  27.632 p=     1 | ifo=  0.835(sd=0.211 nx=0.000 tfo=0.113 cnt=0.511) snap= 0.294 srm=  7.550 sat=  4.404(set=0.156 slv=4.247 max=4.2471 n=1) cex=R/T/F=0/0/1 trsplit=0 sim=14.104(rmp=0.406 run=13.698 n=1 d=0) incr=loc/full/maxdirty/keys=0/0/0/0 chk= 0.000(d=1) stat= 0.154 rest= 0.290
  [bmc-incr i=216 repr=1 active=1547/176699 POs=1]
BMC : c =    1545  cl =   4503  lit =  176698  p =     0  d =     0  f =     1  +  T =     0.03 sec
  [bmc-prof 216] wall=  27.767 p=     1 | ifo=  0.768(sd=0.193 nx=0.000 tfo=0.085 cnt=0.490) snap= 0.291 srm=  7.643 sat=  4.420(set=0.155 slv=4.264 max=4.2638 n=1) cex=R/T/F=0/0/1 trsplit=0 sim=14.184(rmp=0.400 run=13.784 n=1 d=0) incr=loc/full/maxdirty/keys=0/0/0/0 chk= 0.000(d=1) stat= 0.161 rest= 0.299
  [bmc-incr i=217 repr=1 active=1546/176698 POs=1]
BMC : c =    1544  cl =   4503  lit =  176697  p =     0  d =     0  f =     1  +  T =     0.03 sec
  [bmc-prof 217] wall=  28.875 p=     1 | ifo=  0.757(sd=0.178 nx=0.000 tfo=0.065 cnt=0.514) snap= 0.286 srm=  8.453 sat=  4.435(set=0.165 slv=4.268 max=4.2681 n=1) cex=R/T/F=0/0/1 trsplit=0 sim=14.489(rmp=0.406 run=14.082 n=1 d=0) incr=loc/full/maxdirty/keys=0/0/0/0 chk= 0.000(d=1) stat= 0.153 rest= 0.301
  [bmc-incr i=218 repr=1 active=1545/176697 POs=1]
BMC : c =    1543  cl =   4503  lit =  176696  p =     0  d =     0  f =     1  +  T =     0.03 sec
  [bmc-prof 218] wall=  28.264 p=     1 | ifo=  0.733(sd=0.184 nx=0.000 tfo=0.067 cnt=0.482) snap= 0.286 srm=  7.643 sat=  4.600(set=0.165 slv=4.432 max=4.4321 n=1) cex=R/T/F=0/0/1 trsplit=0 sim=14.552(rmp=0.432 run=14.120 n=1 d=0) incr=loc/full/maxdirty/keys=0/0/0/0 chk= 0.000(d=1) stat= 0.156 rest= 0.293
  [bmc-incr i=219 repr=1 active=1544/176696 POs=1]
BMC : c =    1542  cl =   4503  lit =  176695  p =     0  d =     0  f =     1  +  T =     0.03 sec
  [bmc-prof 219] wall=  27.758 p=     1 | ifo=  0.744(sd=0.177 nx=0.000 tfo=0.073 cnt=0.494) snap= 0.281 srm=  7.640 sat=  4.434(set=0.161 slv=4.271 max=4.2707 n=1) cex=R/T/F=0/0/1 trsplit=0 sim=14.144(rmp=0.391 run=13.752 n=1 d=0) incr=loc/full/maxdirty/keys=0/0/0/0 chk= 0.000(d=1) stat= 0.159 rest= 0.358
  [bmc-incr i=220 repr=1 active=1543/176695 POs=1]
BMC : c =    1541  cl =   4503  lit =  176694  p =     0  d =     0  f =     1  +  T =     0.04 sec
  [bmc-prof 220] wall=  41.393 p=     1 | ifo=  1.941(sd=0.174 nx=0.000 tfo=0.054 cnt=1.713) snap= 0.293 srm= 16.318 sat=  4.466(set=0.167 slv=4.297 max=4.2965 n=1) cex=R/T/F=0/0/1 trsplit=0 sim=17.669(rmp=0.437 run=17.231 n=1 d=0) incr=loc/full/maxdirty/keys=0/0/0/0 chk= 0.000(d=1) stat= 0.270 rest= 0.437
  [bmc-incr i=221 repr=1 active=1542/176694 POs=1]
BMC : c =    1540  cl =   4503  lit =  176693  p =     0  d =     0  f =     1  +  T =     0.03 sec
  [bmc-prof 221] wall=  30.703 p=     1 | ifo=  0.848(sd=0.246 nx=0.000 tfo=0.073 cnt=0.529) snap= 0.325 srm=  8.302 sat=  4.462(set=0.189 slv=4.272 max=4.2718 n=1) cex=R/T/F=0/0/1 trsplit=0 sim=16.289(rmp=0.485 run=15.803 n=1 d=0) incr=loc/full/maxdirty/keys=0/0/0/0 chk= 0.000(d=1) stat= 0.162 rest= 0.315
  [bmc-incr i=222 repr=1 active=1541/176693 POs=1]
BMC : c =    1539  cl =   4503  lit =  176692  p =     0  d =     0  f =     1  +  T =     0.03 sec
  [bmc-prof 222] wall=  28.385 p=     1 | ifo=  0.743(sd=0.182 nx=0.000 tfo=0.070 cnt=0.492) snap= 0.286 srm=  8.148 sat=  4.519(set=0.170 slv=4.347 max=4.3470 n=1) cex=R/T/F=0/0/1 trsplit=0 sim=14.185(rmp=0.405 run=13.779 n=1 d=0) incr=loc/full/maxdirty/keys=0/0/0/0 chk= 0.000(d=1) stat= 0.208 rest= 0.295
  [bmc-incr i=223 repr=1 active=1540/176692 POs=1]
BMC : c =    1538  cl =   4503  lit =  176691  p =     0  d =     0  f =     1  +  T =     0.03 sec
  [bmc-prof 223] wall=  29.333 p=     1 | ifo=  0.735(sd=0.182 nx=0.000 tfo=0.071 cnt=0.482) snap= 0.331 srm=  7.766 sat=  5.015(set=0.181 slv=4.833 max=4.8327 n=1) cex=R/T/F=0/0/1 trsplit=0 sim=14.984(rmp=0.490 run=14.493 n=1 d=0) incr=loc/full/maxdirty/keys=0/0/0/0 chk= 0.000(d=1) stat= 0.177 rest= 0.325
  [bmc-incr i=224 repr=1 active=1539/176691 POs=1]
BMC : c =    1537  cl =   4503  lit =  176690  p =     0  d =     0  f =     1  +  T =     0.03 sec
  [bmc-prof 224] wall=  27.773 p=     1 | ifo=  0.792(sd=0.208 nx=0.000 tfo=0.070 cnt=0.514) snap= 0.320 srm=  7.834 sat=  4.457(set=0.183 slv=4.273 max=4.2728 n=1) cex=R/T/F=0/0/1 trsplit=0 sim=13.871(rmp=0.478 run=13.393 n=1 d=0) incr=loc/full/maxdirty/keys=0/0/0/0 chk= 0.001(d=1) stat= 0.167 rest= 0.330
  [bmc-incr i=225 repr=1 active=1538/176690 POs=1]
BMC : c =    1536  cl =   4503  lit =  176689  p =     0  d =     0  f =     1  +  T =     0.03 sec
  [bmc-prof 225] wall=  29.165 p=     1 | ifo=  0.767(sd=0.199 nx=0.000 tfo=0.073 cnt=0.496) snap= 0.285 srm=  8.160 sat=  4.459(set=0.178 slv=4.279 max=4.2794 n=1) cex=R/T/F=0/0/1 trsplit=0 sim=15.035(rmp=0.428 run=14.606 n=1 d=0) incr=loc/full/maxdirty/keys=0/0/0/0 chk= 0.000(d=1) stat= 0.159 rest= 0.299
  [bmc-incr i=226 repr=1 active=1537/176689 POs=1]
BMC : c =    1535  cl =   4503  lit =  176688  p =     0  d =     0  f =     1  +  T =     0.03 sec
  [bmc-prof 226] wall=  29.372 p=     1 | ifo=  0.832(sd=0.187 nx=0.000 tfo=0.097 cnt=0.548) snap= 0.286 srm=  7.659 sat=  4.462(set=0.162 slv=4.298 max=4.2983 n=1) cex=R/T/F=0/0/1 trsplit=0 sim=15.655(rmp=0.398 run=15.256 n=1 d=0) incr=loc/full/maxdirty/keys=0/0/0/0 chk= 0.000(d=1) stat= 0.168 rest= 0.309
  [bmc-incr i=227 repr=1 active=1536/176688 POs=1]
BMC : c =    1534  cl =   4503  lit =  176687  p =     0  d =     0  f =     1  +  T =     0.03 sec
  [bmc-prof 227] wall=  28.596 p=     1 | ifo=  0.780(sd=0.185 nx=0.000 tfo=0.086 cnt=0.509) snap= 0.293 srm=  7.981 sat=  4.639(set=0.177 slv=4.460 max=4.4605 n=1) cex=R/T/F=0/0/1 trsplit=0 sim=14.440(rmp=0.412 run=14.027 n=1 d=0) incr=loc/full/maxdirty/keys=0/0/0/0 chk= 0.000(d=1) stat= 0.161 rest= 0.301
  [bmc-incr i=228 repr=1 active=1535/176687 POs=1]
BMC : c =    1533  cl =   4503  lit =  176686  p =     0  d =     0  f =     1  +  T =     0.03 sec
  [bmc-prof 228] wall=  27.756 p=     1 | ifo=  0.776(sd=0.203 nx=0.000 tfo=0.072 cnt=0.501) snap= 0.294 srm=  7.649 sat=  4.469(set=0.159 slv=4.308 max=4.3077 n=1) cex=R/T/F=0/0/1 trsplit=0 sim=14.123(rmp=0.394 run=13.729 n=1 d=0) incr=loc/full/maxdirty/keys=0/0/0/0 chk= 0.000(d=1) stat= 0.154 rest= 0.290
  [bmc-incr i=229 repr=1 active=1534/176686 POs=1]
BMC : c =    1532  cl =   4503  lit =  176685  p =     0  d =     0  f =     1  +  T =     0.03 sec
  [bmc-prof 229] wall=  27.432 p=     1 | ifo=  0.737(sd=0.174 nx=0.000 tfo=0.070 cnt=0.493) snap= 0.291 srm=  7.469 sat=  4.444(set=0.155 slv=4.288 max=4.2877 n=1) cex=R/T/F=0/0/1 trsplit=0 sim=14.036(rmp=0.398 run=13.638 n=1 d=0) incr=loc/full/maxdirty/keys=0/0/0/0 chk= 0.000(d=1) stat= 0.167 rest= 0.289
  [bmc-incr i=230 repr=1 active=1533/176685 POs=1]
BMC : c =    1531  cl =   4503  lit =  176684  p =     0  d =     0  f =     1  +  T =     0.03 sec
  [bmc-prof 230] wall=  27.541 p=     1 | ifo=  0.719(sd=0.180 nx=0.000 tfo=0.054 cnt=0.485) snap= 0.284 srm=  7.516 sat=  4.449(set=0.164 slv=4.284 max=4.2844 n=1) cex=R/T/F=0/0/1 trsplit=0 sim=14.112(rmp=0.406 run=13.705 n=1 d=0) incr=loc/full/maxdirty/keys=0/0/0/0 chk= 0.000(d=1) stat= 0.163 rest= 0.298
  [bmc-incr i=231 repr=1 active=1532/176684 POs=1]
BMC : c =    1530  cl =   4503  lit =  176683  p =     0  d =     0  f =     1  +  T =     0.03 sec
  [bmc-prof 231] wall=  28.329 p=     1 | ifo=  0.721(sd=0.179 nx=0.000 tfo=0.060 cnt=0.482) snap= 0.287 srm=  7.668 sat=  4.453(set=0.161 slv=4.290 max=4.2902 n=1) cex=R/T/F=0/0/1 trsplit=0 sim=14.741(rmp=0.417 run=14.322 n=1 d=0) incr=loc/full/maxdirty/keys=0/0/0/0 chk= 0.000(d=1) stat= 0.161 rest= 0.299
  [bmc-incr i=232 repr=1 active=1531/176683 POs=1]
BMC : c =    1529  cl =   4503  lit =  176682  p =     0  d =     0  f =     1  +  T =     0.03 sec
  [bmc-prof 232] wall=  31.315 p=     1 | ifo=  0.745(sd=0.182 nx=0.000 tfo=0.069 cnt=0.494) snap= 0.288 srm=  7.772 sat=  4.455(set=0.167 slv=4.286 max=4.2857 n=1) cex=R/T/F=0/0/1 trsplit=0 sim=17.603(rmp=0.404 run=17.198 n=1 d=0) incr=loc/full/maxdirty/keys=0/0/0/0 chk= 0.000(d=1) stat= 0.160 rest= 0.293
  [bmc-incr i=233 repr=1 active=1530/176682 POs=1]
BMC : c =    1528  cl =   4503  lit =  176681  p =     0  d =     0  f =     1  +  T =     0.03 sec
  [bmc-prof 233] wall=  31.154 p=     1 | ifo=  0.739(sd=0.182 nx=0.000 tfo=0.075 cnt=0.482) snap= 0.283 srm=  7.887 sat=  4.458(set=0.155 slv=4.301 max=4.3008 n=1) cex=R/T/F=0/0/1 trsplit=0 sim=17.329(rmp=0.412 run=16.916 n=1 d=0) incr=loc/full/maxdirty/keys=0/0/0/0 chk= 0.000(d=1) stat= 0.162 rest= 0.295
  [bmc-incr i=234 repr=1 active=1529/176681 POs=1]
BMC : c =    1527  cl =   4503  lit =  176680  p =     0  d =     0  f =     1  +  T =     0.03 sec
  [bmc-prof 234] wall=  29.053 p=     1 | ifo=  0.817(sd=0.203 nx=0.000 tfo=0.107 cnt=0.507) snap= 0.291 srm=  8.191 sat=  4.814(set=0.173 slv=4.639 max=4.6385 n=1) cex=R/T/F=0/0/1 trsplit=0 sim=14.479(rmp=0.427 run=14.051 n=1 d=0) incr=loc/full/maxdirty/keys=0/0/0/0 chk= 0.000(d=1) stat= 0.165 rest= 0.296
  [bmc-incr i=235 repr=1 active=1528/176680 POs=1]
BMC : c =    1526  cl =   4503  lit =  176679  p =     0  d =     0  f =     1  +  T =     0.03 sec
  [bmc-prof 235] wall=  27.501 p=     1 | ifo=  0.737(sd=0.180 nx=0.000 tfo=0.072 cnt=0.485) snap= 0.284 srm=  7.661 sat=  4.462(set=0.165 slv=4.296 max=4.2958 n=1) cex=R/T/F=0/0/1 trsplit=0 sim=13.899(rmp=0.397 run=13.501 n=1 d=0) incr=loc/full/maxdirty/keys=0/0/0/0 chk= 0.000(d=1) stat= 0.162 rest= 0.295
  [bmc-incr i=236 repr=1 active=1527/176679 POs=1]
BMC : c =    1525  cl =   4503  lit =  176678  p =     0  d =     0  f =     1  +  T =     0.03 sec
  [bmc-prof 236] wall=  27.796 p=     1 | ifo=  0.732(sd=0.185 nx=0.000 tfo=0.063 cnt=0.484) snap= 0.282 srm=  7.555 sat=  4.457(set=0.158 slv=4.297 max=4.2966 n=1) cex=R/T/F=0/0/1 trsplit=0 sim=14.308(rmp=0.402 run=13.905 n=1 d=0) incr=loc/full/maxdirty/keys=0/0/0/0 chk= 0.000(d=1) stat= 0.162 rest= 0.300
  [bmc-incr i=237 repr=1 active=1526/176678 POs=1]
BMC : c =    1524  cl =   4503  lit =  176677  p =     0  d =     0  f =     1  +  T =     0.03 sec
  [bmc-prof 237] wall=  28.329 p=     1 | ifo=  0.737(sd=0.179 nx=0.000 tfo=0.066 cnt=0.492) snap= 0.291 srm=  7.657 sat=  4.474(set=0.163 slv=4.309 max=4.3088 n=1) cex=R/T/F=0/0/1 trsplit=0 sim=14.720(rmp=0.465 run=14.254 n=1 d=0) incr=loc/full/maxdirty/keys=0/0/0/0 chk= 0.000(d=1) stat= 0.157 rest= 0.292
  [bmc-incr i=238 repr=1 active=1525/176677 POs=1]
BMC : c =    1523  cl =   4503  lit =  176676  p =     0  d =     0  f =     1  +  T =     0.03 sec
  [bmc-prof 238] wall=  28.155 p=     1 | ifo=  0.745(sd=0.181 nx=0.000 tfo=0.078 cnt=0.485) snap= 0.281 srm=  7.856 sat=  4.531(set=0.157 slv=4.373 max=4.3728 n=1) cex=R/T/F=0/0/1 trsplit=0 sim=14.289(rmp=0.422 run=13.867 n=1 d=0) incr=loc/full/maxdirty/keys=0/0/0/0 chk= 0.000(d=1) stat= 0.156 rest= 0.297
  [bmc-incr i=239 repr=1 active=1524/176676 POs=1]
BMC : c =    1522  cl =   4503  lit =  176675  p =     0  d =     0  f =     1  +  T =     0.03 sec
  [bmc-prof 239] wall=  29.338 p=     1 | ifo=  0.792(sd=0.176 nx=0.000 tfo=0.059 cnt=0.557) snap= 0.301 srm=  7.730 sat=  4.585(set=0.167 slv=4.416 max=4.4163 n=1) cex=R/T/F=0/0/1 trsplit=0 sim=15.462(rmp=0.408 run=15.053 n=1 d=0) incr=loc/full/maxdirty/keys=0/0/0/0 chk= 0.000(d=1) stat= 0.161 rest= 0.306
  [bmc-incr i=240 repr=1 active=1523/176675 POs=1]
BMC : c =    1521  cl =   4503  lit =  176674  p =     0  d =     0  f =     1  +  T =     0.03 sec
  [bmc-prof 240] wall=  28.224 p=     1 | ifo=  0.806(sd=0.252 nx=0.000 tfo=0.069 cnt=0.485) snap= 0.300 srm=  7.948 sat=  4.547(set=0.172 slv=4.374 max=4.3741 n=1) cex=R/T/F=0/0/1 trsplit=0 sim=14.171(rmp=0.407 run=13.764 n=1 d=0) incr=loc/full/maxdirty/keys=0/0/0/0 chk= 0.000(d=1) stat= 0.162 rest= 0.290
  [bmc-incr i=241 repr=1 active=1522/176674 POs=1]
BMC : c =    1520  cl =   4503  lit =  176673  p =     0  d =     0  f =     1  +  T =     0.03 sec
  [bmc-prof 241] wall=  27.806 p=     1 | ifo=  0.733(sd=0.179 nx=0.000 tfo=0.064 cnt=0.490) snap= 0.291 srm=  7.634 sat=  4.544(set=0.170 slv=4.372 max=4.3718 n=1) cex=R/T/F=0/0/1 trsplit=0 sim=14.149(rmp=0.398 run=13.751 n=1 d=0) incr=loc/full/maxdirty/keys=0/0/0/0 chk= 0.000(d=1) stat= 0.165 rest= 0.290
  [bmc-incr i=242 repr=1 active=1521/176673 POs=1]
BMC : c =    1519  cl =   4503  lit =  176672  p =     0  d =     0  f =     1  +  T =     0.03 sec
  [bmc-prof 242] wall=  28.405 p=     1 | ifo=  0.725(sd=0.176 nx=0.000 tfo=0.063 cnt=0.487) snap= 0.325 srm=  7.694 sat=  4.567(set=0.184 slv=4.380 max=4.3804 n=1) cex=R/T/F=0/0/1 trsplit=0 sim=14.620(rmp=0.429 run=14.191 n=1 d=0) incr=loc/full/maxdirty/keys=0/0/0/0 chk= 0.000(d=1) stat= 0.167 rest= 0.306
  [bmc-incr i=243 repr=1 active=1520/176672 POs=1]
BMC : c =    1518  cl =   4503  lit =  176671  p =     0  d =     0  f =     1  +  T =     0.03 sec
  [bmc-prof 243] wall=  32.618 p=     1 | ifo=  0.751(sd=0.197 nx=0.000 tfo=0.063 cnt=0.491) snap= 0.286 srm=  8.332 sat=  7.596(set=0.178 slv=7.415 max=7.4146 n=1) cex=R/T/F=0/0/1 trsplit=0 sim=15.168(rmp=0.452 run=14.716 n=1 d=0) incr=loc/full/maxdirty/keys=0/0/0/0 chk= 0.000(d=1) stat= 0.161 rest= 0.324
  [bmc-incr i=244 repr=1 active=1519/176671 POs=1]
BMC : c =    1517  cl =   4503  lit =  176670  p =     0  d =     0  f =     1  +  T =     0.04 sec
  [bmc-prof 244] wall=  41.634 p=     1 | ifo=  0.792(sd=0.187 nx=0.000 tfo=0.120 cnt=0.485) snap= 0.288 srm=  7.767 sat=  6.100(set=0.163 slv=5.935 max=5.9346 n=1) cex=R/T/F=0/0/1 trsplit=0 sim=25.945(rmp=1.065 run=24.878 n=1 d=0) incr=loc/full/maxdirty/keys=0/0/0/0 chk= 0.000(d=1) stat= 0.202 rest= 0.541
  [bmc-incr i=245 repr=1 active=1518/176670 POs=1]
BMC : c =    1516  cl =   4503  lit =  176669  p =     0  d =     0  f =     1  +  T =     0.03 sec
  [bmc-prof 245] wall=  27.758 p=     1 | ifo=  0.826(sd=0.224 nx=0.000 tfo=0.079 cnt=0.523) snap= 0.327 srm=  8.012 sat=  4.533(set=0.183 slv=4.348 max=4.3483 n=1) cex=R/T/F=0/0/1 trsplit=0 sim=13.563(rmp=0.477 run=13.085 n=1 d=0) incr=loc/full/maxdirty/keys=0/0/0/0 chk= 0.000(d=1) stat= 0.170 rest= 0.327
  [bmc-incr i=246 repr=1 active=1517/176669 POs=1]
BMC : c =    1515  cl =   4503  lit =  176668  p =     0  d =     0  f =     1  +  T =     0.03 sec
  [bmc-prof 246] wall=  27.431 p=     1 | ifo=  0.787(sd=0.204 nx=0.000 tfo=0.064 cnt=0.519) snap= 0.335 srm=  7.893 sat=  4.544(set=0.178 slv=4.366 max=4.3656 n=1) cex=R/T/F=0/0/1 trsplit=0 sim=13.374(rmp=0.476 run=12.897 n=1 d=0) incr=loc/full/maxdirty/keys=0/0/0/0 chk= 0.000(d=1) stat= 0.176 rest= 0.322
  [bmc-incr i=247 repr=1 active=1516/176668 POs=1]
BMC : c =    1514  cl =   4503  lit =  176667  p =     0  d =     0  f =     1  +  T =     0.03 sec
  [bmc-prof 247] wall=  34.267 p=     1 | ifo=  0.824(sd=0.224 nx=0.000 tfo=0.072 cnt=0.527) snap= 0.297 srm=  9.035 sat=  6.436(set=0.156 slv=6.279 max=6.2790 n=1) cex=R/T/F=0/0/1 trsplit=0 sim=17.164(rmp=0.461 run=16.702 n=1 d=0) incr=loc/full/maxdirty/keys=0/0/0/0 chk= 0.000(d=1) stat= 0.195 rest= 0.316
  [bmc-incr i=248 repr=1 active=1515/176667 POs=1]
BMC : c =    1513  cl =   4503  lit =  176666  p =     0  d =     0  f =     1  +  T =     0.03 sec
  [bmc-prof 248] wall=  30.547 p=     1 | ifo=  0.811(sd=0.214 nx=0.000 tfo=0.065 cnt=0.532) snap= 0.335 srm=  8.943 sat=  4.528(set=0.188 slv=4.338 max=4.3381 n=1) cex=R/T/F=0/0/1 trsplit=0 sim=15.393(rmp=0.486 run=14.905 n=1 d=0) incr=loc/full/maxdirty/keys=0/0/0/0 chk= 0.000(d=1) stat= 0.214 rest= 0.322
  [bmc-incr i=249 repr=1 active=1514/176666 POs=1]
BMC : c =    1512  cl =   4503  lit =  176665  p =     0  d =     0  f =     1  +  T =     0.03 sec
  [bmc-prof 249] wall=  28.006 p=     1 | ifo=  0.792(sd=0.199 nx=0.000 tfo=0.090 cnt=0.502) snap= 0.293 srm=  7.915 sat=  4.515(set=0.179 slv=4.334 max=4.3345 n=1) cex=R/T/F=0/0/1 trsplit=0 sim=14.045(rmp=0.410 run=13.635 n=1 d=0) incr=loc/full/maxdirty/keys=0/0/0/0 chk= 0.000(d=1) stat= 0.154 rest= 0.291
  [bmc-incr i=250 repr=1 active=1513/176665 POs=1]
BMC : c =    1511  cl =   4503  lit =  176664  p =     0  d =     0  f =     1  +  T =     0.03 sec
  [bmc-prof 250] wall=  27.821 p=     1 | ifo=  0.738(sd=0.176 nx=0.000 tfo=0.070 cnt=0.492) snap= 0.293 srm=  7.641 sat=  4.492(set=0.159 slv=4.331 max=4.3312 n=1) cex=R/T/F=0/0/1 trsplit=0 sim=14.188(rmp=0.402 run=13.786 n=1 d=0) incr=loc/full/maxdirty/keys=0/0/0/0 chk= 0.000(d=1) stat= 0.174 rest= 0.294
  [bmc-incr i=251 repr=1 active=1512/176664 POs=1]
BMC : c =    1510  cl =   4503  lit =  176663  p =     0  d =     0  f =     1  +  T =     0.03 sec
  [bmc-prof 251] wall=  30.214 p=     1 | ifo=  0.717(sd=0.173 nx=0.000 tfo=0.055 cnt=0.489) snap= 0.288 srm=  7.619 sat=  4.599(set=0.155 slv=4.442 max=4.4422 n=1) cex=R/T/F=0/0/1 trsplit=0 sim=16.488(rmp=0.428 run=16.059 n=1 d=0) incr=loc/full/maxdirty/keys=0/0/0/0 chk= 0.000(d=1) stat= 0.169 rest= 0.334
  [bmc-incr i=252 repr=1 active=1511/176663 POs=1]
BMC : c =    1509  cl =   4503  lit =  176662  p =     0  d =     0  f =     1  +  T =     0.03 sec
  [bmc-prof 252] wall=  31.449 p=     1 | ifo=  1.462(sd=0.372 nx=0.000 tfo=0.105 cnt=0.986) snap= 0.289 srm= 10.027 sat=  5.009(set=0.161 slv=4.846 max=4.8462 n=1) cex=R/T/F=0/0/1 trsplit=0 sim=14.211(rmp=0.425 run=13.785 n=1 d=0) incr=loc/full/maxdirty/keys=0/0/0/0 chk= 0.000(d=1) stat= 0.154 rest= 0.296
  [bmc-incr i=253 repr=1 active=1510/176662 POs=1]
BMC : c =    1508  cl =   4503  lit =  176661  p =     0  d =     0  f =     1  +  T =     0.03 sec
  [bmc-prof 253] wall=  27.866 p=     1 | ifo=  0.736(sd=0.182 nx=0.000 tfo=0.069 cnt=0.485) snap= 0.290 srm=  7.605 sat=  4.774(set=0.155 slv=4.617 max=4.6170 n=1) cex=R/T/F=0/0/1 trsplit=0 sim=13.990(rmp=0.397 run=13.593 n=1 d=0) incr=loc/full/maxdirty/keys=0/0/0/0 chk= 0.000(d=1) stat= 0.156 rest= 0.315
  [bmc-incr i=254 repr=1 active=1509/176661 POs=1]
BMC : c =    1507  cl =   4503  lit =  176660  p =     0  d =     0  f =     1  +  T =     0.03 sec
  [bmc-prof 254] wall=  27.586 p=     1 | ifo=  0.727(sd=0.173 nx=0.000 tfo=0.054 cnt=0.501) snap= 0.293 srm=  7.592 sat=  4.519(set=0.156 slv=4.362 max=4.3616 n=1) cex=R/T/F=0/0/1 trsplit=0 sim=14.007(rmp=0.398 run=13.609 n=1 d=0) incr=loc/full/maxdirty/keys=0/0/0/0 chk= 0.000(d=1) stat= 0.156 rest= 0.291
  [bmc-incr i=255 repr=1 active=1508/176660 POs=1]
BMC : c =    1506  cl =   4503  lit =  176659  p =     0  d =     0  f =     1  +  T =     0.03 sec
  [bmc-prof 255] wall=  28.294 p=     1 | ifo=  0.729(sd=0.179 nx=0.000 tfo=0.059 cnt=0.491) snap= 0.322 srm=  8.123 sat=  4.526(set=0.169 slv=4.355 max=4.3546 n=1) cex=R/T/F=0/0/1 trsplit=0 sim=14.138(rmp=0.419 run=13.719 n=1 d=0) incr=loc/full/maxdirty/keys=0/0/0/0 chk= 0.000(d=1) stat= 0.157 rest= 0.299
  [bmc-incr i=256 repr=1 active=1507/176659 POs=1]
BMC : c =    1505  cl =   4503  lit =  176658  p =     0  d =     0  f =     1  +  T =     0.03 sec
  [bmc-prof 256] wall=  27.714 p=     1 | ifo=  0.730(sd=0.175 nx=0.000 tfo=0.060 cnt=0.495) snap= 0.282 srm=  7.591 sat=  4.575(set=0.159 slv=4.414 max=4.4141 n=1) cex=R/T/F=0/0/1 trsplit=0 sim=14.067(rmp=0.396 run=13.671 n=1 d=0) incr=loc/full/maxdirty/keys=0/0/0/0 chk= 0.000(d=1) stat= 0.162 rest= 0.307
  [bmc-incr i=257 repr=1 active=1506/176658 POs=1]
BMC : c =    1504  cl =   4503  lit =  176657  p =     0  d =     0  f =     1  +  T =     0.03 sec
  [bmc-prof 257] wall=  28.108 p=     1 | ifo=  0.731(sd=0.180 nx=0.000 tfo=0.059 cnt=0.492) snap= 0.294 srm=  7.738 sat=  4.539(set=0.175 slv=4.362 max=4.3621 n=1) cex=R/T/F=0/0/1 trsplit=0 sim=14.343(rmp=0.507 run=13.836 n=1 d=0) incr=loc/full/maxdirty/keys=0/0/0/0 chk= 0.000(d=1) stat= 0.168 rest= 0.295
  [bmc-incr i=258 repr=1 active=1505/176657 POs=1]
BMC : c =    1503  cl =   4503  lit =  176656  p =     0  d =     0  f =     1  +  T =     0.03 sec
  [bmc-prof 258] wall=  28.135 p=     1 | ifo=  0.750(sd=0.204 nx=0.000 tfo=0.064 cnt=0.483) snap= 0.298 srm=  7.582 sat=  4.573(set=0.166 slv=4.406 max=4.4056 n=1) cex=R/T/F=0/0/1 trsplit=0 sim=14.467(rmp=0.430 run=14.037 n=1 d=0) incr=loc/full/maxdirty/keys=0/0/0/0 chk= 0.000(d=1) stat= 0.171 rest= 0.293
  [bmc-incr i=259 repr=1 active=1504/176656 POs=1]
BMC : c =    1502  cl =   4503  lit =  176655  p =     0  d =     0  f =     1  +  T =     0.03 sec
  [bmc-prof 259] wall=  27.571 p=     1 | ifo=  0.751(sd=0.180 nx=0.000 tfo=0.074 cnt=0.497) snap= 0.293 srm=  7.589 sat=  4.523(set=0.166 slv=4.356 max=4.3556 n=1) cex=R/T/F=0/0/1 trsplit=0 sim=13.972(rmp=0.399 run=13.572 n=1 d=0) incr=loc/full/maxdirty/keys=0/0/0/0 chk= 0.000(d=1) stat= 0.155 rest= 0.288
  [bmc-incr i=260 repr=1 active=1503/176655 POs=1]
BMC : c =    1501  cl =   4503  lit =  176654  p =     0  d =     0  f =     1  +  T =     0.03 sec
  [bmc-prof 260] wall=  35.149 p=     1 | ifo=  0.742(sd=0.179 nx=0.000 tfo=0.074 cnt=0.489) snap= 1.055 srm=  9.941 sat=  8.174(set=0.597 slv=7.574 max=7.5737 n=1) cex=R/T/F=0/0/1 trsplit=0 sim=14.755(rmp=0.485 run=14.270 n=1 d=0) incr=loc/full/maxdirty/keys=0/0/0/0 chk= 0.000(d=1) stat= 0.166 rest= 0.315
  [bmc-incr i=261 repr=1 active=1502/176654 POs=1]
BMC : c =    1500  cl =   4503  lit =  176653  p =     0  d =     0  f =     1  +  T =     0.03 sec
  [bmc-prof 261] wall=  27.707 p=     1 | ifo=  0.736(sd=0.180 nx=0.000 tfo=0.073 cnt=0.482) snap= 0.284 srm=  7.630 sat=  4.532(set=0.160 slv=4.370 max=4.3704 n=1) cex=R/T/F=0/0/1 trsplit=0 sim=14.064(rmp=0.405 run=13.659 n=1 d=0) incr=loc/full/maxdirty/keys=0/0/0/0 chk= 0.000(d=1) stat= 0.164 rest= 0.298
  [bmc-incr i=262 repr=1 active=1501/176653 POs=1]
BMC : c =    1499  cl =   4503  lit =  176652  p =     0  d =     0  f =     1  +  T =     0.03 sec
  [bmc-prof 262] wall=  28.110 p=     1 | ifo=  0.806(sd=0.208 nx=0.000 tfo=0.103 cnt=0.495) snap= 0.282 srm=  7.641 sat=  4.596(set=0.157 slv=4.438 max=4.4378 n=1) cex=R/T/F=0/0/1 trsplit=0 sim=14.345(rmp=0.393 run=13.952 n=1 d=0) incr=loc/full/maxdirty/keys=0/0/0/0 chk= 0.000(d=1) stat= 0.152 rest= 0.287
  [bmc-incr i=263 repr=1 active=1500/176652 POs=1]
BMC : c =    1498  cl =   4503  lit =  176651  p =     0  d =     0  f =     1  +  T =     0.03 sec
  [bmc-prof 263] wall=  27.717 p=     1 | ifo=  0.721(sd=0.185 nx=0.000 tfo=0.053 cnt=0.484) snap= 0.294 srm=  7.606 sat=  4.537(set=0.155 slv=4.381 max=4.3807 n=1) cex=R/T/F=0/0/1 trsplit=0 sim=14.117(rmp=0.400 run=13.716 n=1 d=0) incr=loc/full/maxdirty/keys=0/0/0/0 chk= 0.000(d=1) stat= 0.155 rest= 0.288
  [bmc-incr i=264 repr=1 active=1499/176651 POs=1]
BMC : c =    1497  cl =   4503  lit =  176650  p =     0  d =     0  f =     1  +  T =     0.03 sec
  [bmc-prof 264] wall=  27.645 p=     1 | ifo=  0.715(sd=0.172 nx=0.000 tfo=0.052 cnt=0.491) snap= 0.279 srm=  7.682 sat=  4.577(set=0.153 slv=4.423 max=4.4225 n=1) cex=R/T/F=0/0/1 trsplit=0 sim=13.950(rmp=0.401 run=13.549 n=1 d=0) incr=loc/full/maxdirty/keys=0/0/0/0 chk= 0.000(d=1) stat= 0.154 rest= 0.288
  [bmc-incr i=265 repr=1 active=1498/176650 POs=1]
BMC : c =    1496  cl =   4503  lit =  176649  p =     0  d =     0  f =     1  +  T =     0.03 sec
  [bmc-prof 265] wall=  27.954 p=     1 | ifo=  0.731(sd=0.173 nx=0.000 tfo=0.074 cnt=0.483) snap= 0.292 srm=  7.898 sat=  4.541(set=0.158 slv=4.381 max=4.3813 n=1) cex=R/T/F=0/0/1 trsplit=0 sim=14.049(rmp=0.418 run=13.629 n=1 d=0) incr=loc/full/maxdirty/keys=0/0/0/0 chk= 0.000(d=1) stat= 0.156 rest= 0.289
  [bmc-incr i=266 repr=1 active=1497/176649 POs=1]
BMC : c =    1495  cl =   4503  lit =  176648  p =     0  d =     0  f =     1  +  T =     0.03 sec
  [bmc-prof 266] wall=  28.014 p=     1 | ifo=  0.718(sd=0.173 nx=0.000 tfo=0.064 cnt=0.481) snap= 0.292 srm=  7.626 sat=  4.519(set=0.157 slv=4.361 max=4.3606 n=1) cex=R/T/F=0/0/1 trsplit=0 sim=14.354(rmp=0.400 run=13.953 n=1 d=0) incr=loc/full/maxdirty/keys=0/0/0/0 chk= 0.000(d=1) stat= 0.182 rest= 0.322
  [bmc-incr i=267 repr=1 active=1496/176648 POs=1]
BMC : c =    1494  cl =   4503  lit =  176647  p =     0  d =     0  f =     1  +  T =     0.03 sec
  [bmc-prof 267] wall=  33.226 p=     1 | ifo=  1.630(sd=0.216 nx=0.000 tfo=0.064 cnt=1.350) snap= 0.320 srm= 11.544 sat=  4.621(set=0.180 slv=4.433 max=4.4332 n=1) cex=R/T/F=0/0/1 trsplit=0 sim=14.661(rmp=0.425 run=14.235 n=1 d=0) incr=loc/full/maxdirty/keys=0/0/0/0 chk= 0.000(d=1) stat= 0.158 rest= 0.292
  [bmc-incr i=268 repr=1 active=1495/176647 POs=1]
BMC : c =    1493  cl =   4503  lit =  176646  p =     0  d =     0  f =     1  +  T =     0.03 sec
  [bmc-prof 268] wall=  27.938 p=     1 | ifo=  0.767(sd=0.198 nx=0.000 tfo=0.073 cnt=0.497) snap= 0.297 srm=  7.635 sat=  4.542(set=0.161 slv=4.380 max=4.3795 n=1) cex=R/T/F=0/0/1 trsplit=0 sim=14.238(rmp=0.407 run=13.830 n=1 d=0) incr=loc/full/maxdirty/keys=0/0/0/0 chk= 0.000(d=1) stat= 0.155 rest= 0.304
  [bmc-incr i=269 repr=1 active=1494/176646 POs=1]
BMC : c =    1492  cl =   4503  lit =  176645  p =     0  d =     0  f =     1  +  T =     0.03 sec
  [bmc-prof 269] wall=  28.984 p=     1 | ifo=  0.724(sd=0.177 nx=0.000 tfo=0.066 cnt=0.481) snap= 0.283 srm=  7.607 sat=  5.428(set=0.969 slv=4.456 max=4.4563 n=1) cex=R/T/F=0/0/1 trsplit=0 sim=14.462(rmp=0.470 run=13.992 n=1 d=0) incr=loc/full/maxdirty/keys=0/0/0/0 chk= 0.000(d=1) stat= 0.161 rest= 0.319
  [bmc-incr i=270 repr=1 active=1493/176645 POs=1]
BMC : c =    1491  cl =   4503  lit =  176644  p =     0  d =     0  f =     1  +  T =     0.03 sec
  [bmc-prof 270] wall=  28.058 p=     1 | ifo=  0.752(sd=0.182 nx=0.000 tfo=0.069 cnt=0.502) snap= 0.286 srm=  7.843 sat=  4.602(set=0.161 slv=4.438 max=4.4384 n=1) cex=R/T/F=0/0/1 trsplit=0 sim=14.126(rmp=0.474 run=13.651 n=1 d=0) incr=loc/full/maxdirty/keys=0/0/0/0 chk= 0.000(d=1) stat= 0.157 rest= 0.292
  [bmc-incr i=271 repr=1 active=1492/176644 POs=1]
BMC : c =    1490  cl =   4503  lit =  176643  p =     0  d =     0  f =     1  +  T =     0.03 sec
  [bmc-prof 271] wall=  27.729 p=     1 | ifo=  0.806(sd=0.210 nx=0.000 tfo=0.106 cnt=0.490) snap= 0.280 srm=  7.631 sat=  4.561(set=0.173 slv=4.387 max=4.3868 n=1) cex=R/T/F=0/0/1 trsplit=0 sim=14.009(rmp=0.394 run=13.615 n=1 d=0) incr=loc/full/maxdirty/keys=0/0/0/0 chk= 0.000(d=1) stat= 0.153 rest= 0.289
  [bmc-incr i=272 repr=1 active=1491/176643 POs=1]
BMC : c =    1489  cl =   4503  lit =  176642  p =     0  d =     0  f =     1  +  T =     0.03 sec
  [bmc-prof 272] wall=  28.252 p=     1 | ifo=  0.798(sd=0.175 nx=0.000 tfo=0.051 cnt=0.572) snap= 0.284 srm=  7.903 sat=  4.605(set=0.167 slv=4.437 max=4.4370 n=1) cex=R/T/F=0/0/1 trsplit=0 sim=14.214(rmp=0.400 run=13.814 n=1 d=0) incr=loc/full/maxdirty/keys=0/0/0/0 chk= 0.000(d=1) stat= 0.155 rest= 0.293
  [bmc-incr i=273 repr=1 active=1490/176642 POs=1]
BMC : c =    1488  cl =   4503  lit =  176641  p =     0  d =     0  f =     1  +  T =     0.03 sec
  [bmc-prof 273] wall=  29.182 p=     1 | ifo=  0.750(sd=0.195 nx=0.000 tfo=0.062 cnt=0.493) snap= 0.284 srm=  8.811 sat=  4.566(set=0.171 slv=4.393 max=4.3929 n=1) cex=R/T/F=0/0/1 trsplit=0 sim=14.322(rmp=0.410 run=13.911 n=1 d=0) incr=loc/full/maxdirty/keys=0/0/0/0 chk= 0.000(d=1) stat= 0.156 rest= 0.293
  [bmc-incr i=274 repr=1 active=1489/176641 POs=1]
BMC : c =    1487  cl =   4503  lit =  176640  p =     0  d =     0  f =     1  +  T =     0.03 sec
  [bmc-prof 274] wall=  30.294 p=     1 | ifo=  0.733(sd=0.186 nx=0.000 tfo=0.065 cnt=0.482) snap= 0.283 srm=  8.287 sat=  4.560(set=0.164 slv=4.394 max=4.3939 n=1) cex=R/T/F=0/0/1 trsplit=0 sim=15.961(rmp=0.406 run=15.554 n=1 d=0) incr=loc/full/maxdirty/keys=0/0/0/0 chk= 0.000(d=1) stat= 0.163 rest= 0.307
  [bmc-incr i=275 repr=1 active=1488/176640 POs=1]
BMC : c =    1486  cl =   4503  lit =  176639  p =     0  d =     0  f =     1  +  T =     0.03 sec
  [bmc-prof 275] wall=  28.489 p=     1 | ifo=  0.737(sd=0.180 nx=0.000 tfo=0.064 cnt=0.493) snap= 0.304 srm=  8.047 sat=  4.583(set=0.170 slv=4.411 max=4.4107 n=1) cex=R/T/F=0/0/1 trsplit=0 sim=14.345(rmp=0.422 run=13.922 n=1 d=0) incr=loc/full/maxdirty/keys=0/0/0/0 chk= 0.000(d=1) stat= 0.157 rest= 0.316
  [bmc-incr i=276 repr=1 active=1487/176639 POs=1]
BMC : c =    1485  cl =   4503  lit =  176638  p =     0  d =     0  f =     1  +  T =     0.03 sec
  [bmc-prof 276] wall=  28.182 p=     1 | ifo=  0.750(sd=0.180 nx=0.000 tfo=0.085 cnt=0.485) snap= 0.298 srm=  7.972 sat=  4.618(set=0.168 slv=4.448 max=4.4478 n=1) cex=R/T/F=0/0/1 trsplit=0 sim=14.086(rmp=0.408 run=13.678 n=1 d=0) incr=loc/full/maxdirty/keys=0/0/0/0 chk= 0.000(d=1) stat= 0.166 rest= 0.292
  [bmc-incr i=277 repr=1 active=1486/176638 POs=1]
BMC : c =    1484  cl =   4503  lit =  176637  p =     0  d =     0  f =     1  +  T =     0.03 sec
  [bmc-prof 277] wall=  30.925 p=     1 | ifo=  0.846(sd=0.246 nx=0.000 tfo=0.110 cnt=0.490) snap= 0.285 srm=  7.829 sat=  5.525(set=0.163 slv=5.361 max=5.3606 n=1) cex=R/T/F=0/0/1 trsplit=0 sim=15.936(rmp=0.523 run=15.411 n=1 d=0) incr=loc/full/maxdirty/keys=0/0/0/0 chk= 0.000(d=1) stat= 0.168 rest= 0.335
  [bmc-incr i=278 repr=1 active=1485/176637 POs=1]
BMC : c =    1483  cl =   4503  lit =  176636  p =     0  d =     0  f =     1  +  T =     0.03 sec
  [bmc-prof 278] wall=  28.624 p=     1 | ifo=  0.773(sd=0.184 nx=0.000 tfo=0.072 cnt=0.517) snap= 0.302 srm=  7.907 sat=  4.591(set=0.191 slv=4.398 max=4.3984 n=1) cex=R/T/F=0/0/1 trsplit=0 sim=14.599(rmp=0.443 run=14.155 n=1 d=0) incr=loc/full/maxdirty/keys=0/0/0/0 chk= 0.000(d=1) stat= 0.157 rest= 0.295
  [bmc-incr i=279 repr=1 active=1484/176636 POs=1]
BMC : c =    1482  cl =   4503  lit =  176635  p =     0  d =     0  f =     1  +  T =     0.03 sec
  [bmc-prof 279] wall=  27.830 p=     1 | ifo=  0.747(sd=0.180 nx=0.000 tfo=0.066 cnt=0.501) snap= 0.294 srm=  7.643 sat=  4.569(set=0.159 slv=4.408 max=4.4082 n=1) cex=R/T/F=0/0/1 trsplit=0 sim=14.083(rmp=0.497 run=13.585 n=1 d=0) incr=loc/full/maxdirty/keys=0/0/0/0 chk= 0.000(d=1) stat= 0.205 rest= 0.290
  [bmc-incr i=280 repr=1 active=1483/176635 POs=1]
BMC : c =    1481  cl =   4503  lit =  176634  p =     0  d =     0  f =     1  +  T =     0.03 sec
  [bmc-prof 280] wall=  27.715 p=     1 | ifo=  0.726(sd=0.180 nx=0.000 tfo=0.066 cnt=0.481) snap= 0.283 srm=  7.652 sat=  4.576(set=0.157 slv=4.418 max=4.4181 n=1) cex=R/T/F=0/0/1 trsplit=0 sim=14.021(rmp=0.413 run=13.607 n=1 d=0) incr=loc/full/maxdirty/keys=0/0/0/0 chk= 0.000(d=1) stat= 0.168 rest= 0.288
  [bmc-incr i=281 repr=1 active=1482/176634 POs=1]
BMC : c =    1480  cl =   4503  lit =  176633  p =     0  d =     0  f =     1  +  T =     0.03 sec
  [bmc-prof 281] wall=  27.720 p=     1 | ifo=  0.702(sd=0.173 nx=0.000 tfo=0.050 cnt=0.479) snap= 0.285 srm=  7.628 sat=  4.633(set=0.157 slv=4.475 max=4.4752 n=1) cex=R/T/F=0/0/1 trsplit=0 sim=14.032(rmp=0.394 run=13.637 n=1 d=0) incr=loc/full/maxdirty/keys=0/0/0/0 chk= 0.000(d=1) stat= 0.152 rest= 0.288
  [bmc-incr i=282 repr=1 active=1481/176633 POs=1]
BMC : c =    1479  cl =   4503  lit =  176632  p =     0  d =     0  f =     1  +  T =     0.03 sec
  [bmc-prof 282] wall=  27.669 p=     1 | ifo=  0.711(sd=0.173 nx=0.000 tfo=0.047 cnt=0.490) snap= 0.290 srm=  7.608 sat=  4.593(set=0.157 slv=4.434 max=4.4343 n=1) cex=R/T/F=0/0/1 trsplit=0 sim=14.014(rmp=0.393 run=13.620 n=1 d=0) incr=loc/full/maxdirty/keys=0/0/0/0 chk= 0.000(d=1) stat= 0.153 rest= 0.299
  [bmc-incr i=283 repr=1 active=1480/176632 POs=1]
BMC : c =    1478  cl =   4503  lit =  176631  p =     0  d =     0  f =     1  +  T =     0.03 sec
  [bmc-prof 283] wall=  29.252 p=     1 | ifo=  0.709(sd=0.174 nx=0.000 tfo=0.048 cnt=0.487) snap= 0.281 srm=  8.372 sat=  4.726(set=0.175 slv=4.549 max=4.5488 n=1) cex=R/T/F=0/0/1 trsplit=0 sim=14.642(rmp=0.403 run=14.228 n=1 d=0) incr=loc/full/maxdirty/keys=0/0/0/0 chk= 0.000(d=1) stat= 0.187 rest= 0.336
  [bmc-incr i=284 repr=1 active=1479/176631 POs=1]
BMC : c =    1477  cl =   4503  lit =  176630  p =     0  d =     0  f =     1  +  T =     0.03 sec
  [bmc-prof 284] wall=  29.970 p=     1 | ifo=  0.782(sd=0.175 nx=0.000 tfo=0.106 cnt=0.501) snap= 0.287 srm=  7.519 sat=  4.602(set=0.157 slv=4.443 max=4.4427 n=1) cex=R/T/F=0/0/1 trsplit=0 sim=16.277(rmp=0.416 run=15.860 n=1 d=0) incr=loc/full/maxdirty/keys=0/0/0/0 chk= 0.000(d=1) stat= 0.166 rest= 0.338
  [bmc-incr i=285 repr=1 active=1478/176630 POs=1]
BMC : c =    1476  cl =   4503  lit =  176629  p =     0  d =     0  f =     1  +  T =     0.03 sec
  [bmc-prof 285] wall=  28.413 p=     1 | ifo=  0.756(sd=0.178 nx=0.000 tfo=0.076 cnt=0.502) snap= 0.303 srm=  8.150 sat=  4.663(set=0.168 slv=4.493 max=4.4934 n=1) cex=R/T/F=0/0/1 trsplit=0 sim=14.096(rmp=0.436 run=13.660 n=1 d=0) incr=loc/full/maxdirty/keys=0/0/0/0 chk= 0.000(d=1) stat= 0.155 rest= 0.290
  [bmc-incr i=286 repr=1 active=1477/176629 POs=1]
BMC : c =    1475  cl =   4503  lit =  176628  p =     0  d =     0  f =     1  +  T =     0.03 sec
  [bmc-prof 286] wall=  27.794 p=     1 | ifo=  0.738(sd=0.176 nx=0.000 tfo=0.066 cnt=0.495) snap= 0.280 srm=  7.643 sat=  4.642(set=0.157 slv=4.483 max=4.4834 n=1) cex=R/T/F=0/0/1 trsplit=0 sim=14.046(rmp=0.406 run=13.639 n=1 d=0) incr=loc/full/maxdirty/keys=0/0/0/0 chk= 0.000(d=1) stat= 0.156 rest= 0.289
  [bmc-incr i=287 repr=1 active=1476/176628 POs=1]
BMC : c =    1474  cl =   4503  lit =  176627  p =     0  d =     0  f =     1  +  T =     0.03 sec
  [bmc-prof 287] wall=  30.626 p=     1 | ifo=  0.717(sd=0.173 nx=0.000 tfo=0.053 cnt=0.491) snap= 0.483 srm=  8.171 sat=  6.252(set=0.563 slv=5.687 max=5.6865 n=1) cex=R/T/F=0/0/1 trsplit=0 sim=14.536(rmp=0.441 run=14.095 n=1 d=0) incr=loc/full/maxdirty/keys=0/0/0/0 chk= 0.000(d=1) stat= 0.162 rest= 0.305
  [bmc-incr i=288 repr=1 active=1475/176627 POs=1]
BMC : c =    1473  cl =   4503  lit =  176626  p =     0  d =     0  f =     1  +  T =     0.03 sec
  [bmc-prof 288] wall=  27.868 p=     1 | ifo=  0.728(sd=0.177 nx=0.000 tfo=0.065 cnt=0.485) snap= 0.292 srm=  7.694 sat=  4.593(set=0.163 slv=4.428 max=4.4278 n=1) cex=R/T/F=0/0/1 trsplit=0 sim=14.063(rmp=0.402 run=13.661 n=1 d=0) incr=loc/full/maxdirty/keys=0/0/0/0 chk= 0.000(d=1) stat= 0.202 rest= 0.295
  [bmc-incr i=289 repr=1 active=1474/176626 POs=1]
BMC : c =    1472  cl =   4503  lit =  176625  p =     0  d =     0  f =     1  +  T =     0.03 sec
  [bmc-prof 289] wall=  28.775 p=     1 | ifo=  0.738(sd=0.184 nx=0.000 tfo=0.061 cnt=0.493) snap= 0.287 srm=  7.582 sat=  4.590(set=0.162 slv=4.427 max=4.4273 n=1) cex=R/T/F=0/0/1 trsplit=0 sim=15.121(rmp=0.412 run=14.708 n=1 d=0) incr=loc/full/maxdirty/keys=0/0/0/0 chk= 0.000(d=1) stat= 0.159 rest= 0.297
  [bmc-incr i=290 repr=1 active=1473/176625 POs=1]
BMC : c =    1471  cl =   4503  lit =  176624  p =     0  d =     0  f =     1  +  T =     0.03 sec
  [bmc-prof 290] wall=  30.325 p=     1 | ifo=  0.732(sd=0.174 nx=0.000 tfo=0.076 cnt=0.482) snap= 0.286 srm=  7.979 sat=  5.681(set=0.165 slv=5.510 max=5.5096 n=1) cex=R/T/F=0/0/1 trsplit=0 sim=14.830(rmp=0.929 run=13.900 n=1 d=0) incr=loc/full/maxdirty/keys=0/0/0/0 chk= 0.000(d=1) stat= 0.155 rest= 0.662
  [bmc-incr i=291 repr=1 active=1472/176624 POs=1]
BMC : c =    1470  cl =   4503  lit =  176623  p =     0  d =     0  f =     1  +  T =     0.03 sec
  [bmc-prof 291] wall=  27.995 p=     1 | ifo=  0.738(sd=0.178 nx=0.000 tfo=0.077 cnt=0.484) snap= 0.282 srm=  7.574 sat=  4.618(set=0.166 slv=4.451 max=4.4506 n=1) cex=R/T/F=0/0/1 trsplit=0 sim=14.312(rmp=0.394 run=13.918 n=1 d=0) incr=loc/full/maxdirty/keys=0/0/0/0 chk= 0.000(d=1) stat= 0.165 rest= 0.306
  [bmc-incr i=292 repr=1 active=1471/176623 POs=1]
BMC : c =    1469  cl =   4503  lit =  176622  p =     0  d =     0  f =     1  +  T =     0.03 sec
  [bmc-prof 292] wall=  28.955 p=     1 | ifo=  0.715(sd=0.175 nx=0.000 tfo=0.058 cnt=0.481) snap= 0.296 srm=  7.607 sat=  4.591(set=0.156 slv=4.433 max=4.4333 n=1) cex=R/T/F=0/0/1 trsplit=0 sim=15.284(rmp=0.391 run=14.892 n=1 d=0) incr=loc/full/maxdirty/keys=0/0/0/0 chk= 0.000(d=1) stat= 0.163 rest= 0.298
  [bmc-incr i=293 repr=1 active=1470/176622 POs=1]
BMC : c =    1468  cl =   4503  lit =  176621  p =     0  d =     0  f =     1  +  T =     0.03 sec
  [bmc-prof 293] wall=  29.057 p=     1 | ifo=  0.772(sd=0.180 nx=0.000 tfo=0.066 cnt=0.525) snap= 0.293 srm=  8.052 sat=  4.688(set=0.196 slv=4.490 max=4.4897 n=1) cex=R/T/F=0/0/1 trsplit=0 sim=14.786(rmp=0.470 run=14.314 n=1 d=0) incr=loc/full/maxdirty/keys=0/0/0/0 chk= 0.000(d=1) stat= 0.158 rest= 0.307
  [bmc-incr i=294 repr=1 active=1469/176621 POs=1]
BMC : c =    1467  cl =   4503  lit =  176620  p =     0  d =     0  f =     1  +  T =     0.03 sec
  [bmc-prof 294] wall=  29.292 p=     1 | ifo=  0.758(sd=0.191 nx=0.000 tfo=0.072 cnt=0.495) snap= 0.315 srm=  7.897 sat=  4.708(set=0.183 slv=4.523 max=4.5226 n=1) cex=R/T/F=0/0/1 trsplit=0 sim=15.166(rmp=0.426 run=14.740 n=1 d=0) incr=loc/full/maxdirty/keys=0/0/0/0 chk= 0.000(d=1) stat= 0.156 rest= 0.292
  [bmc-incr i=295 repr=1 active=1468/176620 POs=1]
BMC : c =    1466  cl =   4503  lit =  176619  p =     0  d =     0  f =     1  +  T =     0.04 sec
  [bmc-prof 295] wall=  36.365 p=     1 | ifo=  0.744(sd=0.187 nx=0.000 tfo=0.072 cnt=0.485) snap= 0.281 srm=  7.661 sat=  4.630(set=0.159 slv=4.468 max=4.4684 n=1) cex=R/T/F=0/0/1 trsplit=0 sim=21.484(rmp=0.422 run=21.059 n=1 d=0) incr=loc/full/maxdirty/keys=0/0/0/0 chk= 0.001(d=1) stat= 0.718 rest= 0.847
  [bmc-incr i=296 repr=1 active=1467/176619 POs=1]
BMC : c =    1465  cl =   4503  lit =  176618  p =     0  d =     0  f =     1  +  T =     0.03 sec
  [bmc-prof 296] wall=  32.223 p=     1 | ifo=  1.426(sd=0.687 nx=0.000 tfo=0.141 cnt=0.598) snap= 0.297 srm= 11.022 sat=  4.683(set=0.177 slv=4.504 max=4.5041 n=1) cex=R/T/F=0/0/1 trsplit=0 sim=14.333(rmp=0.418 run=13.914 n=1 d=0) incr=loc/full/maxdirty/keys=0/0/0/0 chk= 0.000(d=1) stat= 0.156 rest= 0.305
  [bmc-incr i=297 repr=1 active=1466/176618 POs=1]
BMC : c =    1464  cl =   4503  lit =  176617  p =     0  d =     0  f =     1  +  T =     0.03 sec
  [bmc-prof 297] wall=  27.838 p=     1 | ifo=  0.741(sd=0.178 nx=0.000 tfo=0.071 cnt=0.492) snap= 0.284 srm=  7.568 sat=  4.630(set=0.157 slv=4.471 max=4.4714 n=1) cex=R/T/F=0/0/1 trsplit=0 sim=14.124(rmp=0.397 run=13.727 n=1 d=0) incr=loc/full/maxdirty/keys=0/0/0/0 chk= 0.000(d=1) stat= 0.199 rest= 0.291
  [bmc-incr i=298 repr=1 active=1465/176617 POs=1]
BMC : c =    1463  cl =   4503  lit =  176616  p =     0  d =     0  f =     1  +  T =     0.03 sec
  [bmc-prof 298] wall=  27.846 p=     1 | ifo=  0.728(sd=0.177 nx=0.000 tfo=0.049 cnt=0.503) snap= 0.282 srm=  7.572 sat=  4.607(set=0.157 slv=4.448 max=4.4481 n=1) cex=R/T/F=0/0/1 trsplit=0 sim=14.214(rmp=0.397 run=13.816 n=1 d=0) incr=loc/full/maxdirty/keys=0/0/0/0 chk= 0.000(d=1) stat= 0.155 rest= 0.288
  [bmc-incr i=299 repr=1 active=1464/176616 POs=1]
BMC : c =    1462  cl =   4503  lit =  176615  p =     0  d =     0  f =     1  +  T =     0.03 sec
  [bmc-prof 299] wall=  28.130 p=     1 | ifo=  0.711(sd=0.183 nx=0.000 tfo=0.048 cnt=0.480) snap= 0.282 srm=  8.046 sat=  4.633(set=0.160 slv=4.472 max=4.4720 n=1) cex=R/T/F=0/0/1 trsplit=0 sim=14.014(rmp=0.397 run=13.616 n=1 d=0) incr=loc/full/maxdirty/keys=0/0/0/0 chk= 0.000(d=1) stat= 0.153 rest= 0.290
  [bmc-incr i=300 repr=1 active=1463/176615 POs=1]
BMC : c =    1461  cl =   4503  lit =  176614  p =     0  d =     0  f =     1  +  T =     0.03 sec
  [bmc-prof 300] wall=  29.276 p=     1 | ifo=  0.712(sd=0.174 nx=0.000 tfo=0.048 cnt=0.489) snap= 0.308 srm=  7.680 sat=  4.599(set=0.157 slv=4.440 max=4.4405 n=1) cex=R/T/F=0/0/1 trsplit=0 sim=15.520(rmp=0.391 run=15.128 n=1 d=0) incr=loc/full/maxdirty/keys=0/0/0/0 chk= 0.000(d=1) stat= 0.156 rest= 0.301
  [bmc-incr i=301 repr=1 active=1462/176614 POs=1]
BMC : c =    1460  cl =   4503  lit =  176613  p =     0  d =     0  f =     1  +  T =     0.03 sec
  [bmc-prof 301] wall=  33.506 p=     1 | ifo=  0.711(sd=0.174 nx=0.000 tfo=0.056 cnt=0.481) snap= 0.289 srm= 10.883 sat=  4.623(set=0.167 slv=4.454 max=4.4544 n=1) cex=R/T/F=0/0/1 trsplit=0 sim=16.531(rmp=0.407 run=16.123 n=1 d=0) incr=loc/full/maxdirty/keys=0/0/0/0 chk= 0.000(d=1) stat= 0.166 rest= 0.304
  [bmc-incr i=302 repr=1 active=1461/176613 POs=1]
BMC : c =    1459  cl =   4503  lit =  176612  p =     0  d =     0  f =     1  +  T =     0.03 sec
  [bmc-prof 302] wall=  28.903 p=     1 | ifo=  0.720(sd=0.178 nx=0.000 tfo=0.058 cnt=0.484) snap= 0.288 srm=  7.821 sat=  4.705(set=0.200 slv=4.503 max=4.5029 n=1) cex=R/T/F=0/0/1 trsplit=0 sim=14.918(rmp=0.432 run=14.485 n=1 d=0) incr=loc/full/maxdirty/keys=0/0/0/0 chk= 0.000(d=1) stat= 0.157 rest= 0.294
  [bmc-incr i=303 repr=1 active=1460/176612 POs=1]
BMC : c =    1458  cl =   4503  lit =  176611  p =     0  d =     0  f =     1  +  T =     0.03 sec
  [bmc-prof 303] wall=  28.205 p=     1 | ifo=  0.732(sd=0.176 nx=0.000 tfo=0.066 cnt=0.490) snap= 0.295 srm=  7.591 sat=  4.697(set=0.170 slv=4.524 max=4.5244 n=1) cex=R/T/F=0/0/1 trsplit=0 sim=14.436(rmp=0.439 run=13.996 n=1 d=0) incr=loc/full/maxdirty/keys=0/0/0/0 chk= 0.000(d=1) stat= 0.157 rest= 0.297
  [bmc-incr i=304 repr=1 active=1459/176611 POs=1]
BMC : c =    1457  cl =   4503  lit =  176610  p =     0  d =     0  f =     1  +  T =     0.03 sec
  [bmc-prof 304] wall=  29.014 p=     1 | ifo=  0.736(sd=0.177 nx=0.000 tfo=0.068 cnt=0.491) snap= 0.288 srm=  7.666 sat=  5.313(set=0.172 slv=5.139 max=5.1394 n=1) cex=R/T/F=0/0/1 trsplit=0 sim=14.540(rmp=0.493 run=14.046 n=1 d=0) incr=loc/full/maxdirty/keys=0/0/0/0 chk= 0.000(d=1) stat= 0.158 rest= 0.312
  [bmc-incr i=305 repr=1 active=1458/176610 POs=1]
BMC : c =    1456  cl =   4503  lit =  176609  p =     0  d =     0  f =     1  +  T =     0.03 sec
  [bmc-prof 305] wall=  27.791 p=     1 | ifo=  0.743(sd=0.181 nx=0.000 tfo=0.070 cnt=0.492) snap= 0.283 srm=  7.614 sat=  4.632(set=0.161 slv=4.469 max=4.4693 n=1) cex=R/T/F=0/0/1 trsplit=0 sim=14.075(rmp=0.391 run=13.683 n=1 d=0) incr=loc/full/maxdirty/keys=0/0/0/0 chk= 0.000(d=1) stat= 0.155 rest= 0.289
  [bmc-incr i=306 repr=1 active=1457/176609 POs=1]
BMC : c =    1455  cl =   4503  lit =  176608  p =     0  d =     0  f =     1  +  T =     0.03 sec
  [bmc-prof 306] wall=  28.025 p=     1 | ifo=  0.728(sd=0.176 nx=0.000 tfo=0.063 cnt=0.490) snap= 0.282 srm=  7.855 sat=  4.630(set=0.158 slv=4.470 max=4.4701 n=1) cex=R/T/F=0/0/1 trsplit=0 sim=14.038(rmp=0.406 run=13.631 n=1 d=0) incr=loc/full/maxdirty/keys=0/0/0/0 chk= 0.000(d=1) stat= 0.155 rest= 0.337
  [bmc-incr i=307 repr=1 active=1456/176608 POs=1]
BMC : c =    1454  cl =   4503  lit =  176607  p =     0  d =     0  f =     1  +  T =     0.03 sec
  [bmc-prof 307] wall=  27.771 p=     1 | ifo=  0.724(sd=0.173 nx=0.000 tfo=0.059 cnt=0.492) snap= 0.282 srm=  7.625 sat=  4.633(set=0.161 slv=4.470 max=4.4703 n=1) cex=R/T/F=0/0/1 trsplit=0 sim=14.061(rmp=0.408 run=13.652 n=1 d=0) incr=loc/full/maxdirty/keys=0/0/0/0 chk= 0.000(d=1) stat= 0.155 rest= 0.291
  [bmc-incr i=308 repr=1 active=1455/176607 POs=1]
BMC : c =    1453  cl =   4503  lit =  176606  p =     0  d =     0  f =     1  +  T =     0.03 sec
  [bmc-prof 308] wall=  28.232 p=     1 | ifo=  0.719(sd=0.174 nx=0.000 tfo=0.064 cnt=0.481) snap= 0.293 srm=  7.859 sat=  4.624(set=0.162 slv=4.460 max=4.4601 n=1) cex=R/T/F=0/0/1 trsplit=0 sim=14.284(rmp=0.400 run=13.884 n=1 d=0) incr=loc/full/maxdirty/keys=0/0/0/0 chk= 0.000(d=1) stat= 0.156 rest= 0.297
  [bmc-incr i=309 repr=1 active=1454/176606 POs=1]
BMC : c =    1452  cl =   4503  lit =  176605  p =     0  d =     0  f =     1  +  T =     0.03 sec
  [bmc-prof 309] wall=  28.350 p=     1 | ifo=  0.740(sd=0.177 nx=0.000 tfo=0.059 cnt=0.503) snap= 0.286 srm=  7.715 sat=  4.798(set=0.166 slv=4.630 max=4.6297 n=1) cex=R/T/F=0/0/1 trsplit=0 sim=14.294(rmp=0.407 run=13.886 n=1 d=0) incr=loc/full/maxdirty/keys=0/0/0/0 chk= 0.000(d=1) stat= 0.167 rest= 0.351
  [bmc-incr i=310 repr=1 active=1453/176605 POs=1]
BMC : c =    1451  cl =   4503  lit =  176604  p =     0  d =     0  f =     1  +  T =     0.03 sec
  [bmc-prof 310] wall=  28.773 p=     1 | ifo=  0.727(sd=0.186 nx=0.000 tfo=0.060 cnt=0.482) snap= 0.283 srm=  7.819 sat=  4.699(set=0.169 slv=4.527 max=4.5274 n=1) cex=R/T/F=0/0/1 trsplit=0 sim=14.786(rmp=0.760 run=14.025 n=1 d=0) incr=loc/full/maxdirty/keys=0/0/0/0 chk= 0.000(d=1) stat= 0.156 rest= 0.302
  [bmc-incr i=311 repr=1 active=1452/176604 POs=1]
BMC : c =    1450  cl =   4503  lit =  176603  p =     0  d =     0  f =     1  +  T =     0.03 sec
  [bmc-prof 311] wall=  29.437 p=     1 | ifo=  1.547(sd=0.176 nx=0.000 tfo=0.873 cnt=0.498) snap= 0.309 srm=  7.911 sat=  4.817(set=0.185 slv=4.629 max=4.6294 n=1) cex=R/T/F=0/0/1 trsplit=0 sim=14.396(rmp=0.443 run=13.953 n=1 d=0) incr=loc/full/maxdirty/keys=0/0/0/0 chk= 0.000(d=1) stat= 0.156 rest= 0.302
  [bmc-incr i=312 repr=1 active=1451/176603 POs=1]
BMC : c =    1449  cl =   4503  lit =  176602  p =     0  d =     0  f =     1  +  T =     0.03 sec
  [bmc-prof 312] wall=  28.217 p=     1 | ifo=  0.730(sd=0.181 nx=0.000 tfo=0.068 cnt=0.482) snap= 0.282 srm=  7.975 sat=  4.643(set=0.162 slv=4.480 max=4.4802 n=1) cex=R/T/F=0/0/1 trsplit=0 sim=14.130(rmp=0.394 run=13.736 n=1 d=0) incr=loc/full/maxdirty/keys=0/0/0/0 chk= 0.000(d=1) stat= 0.155 rest= 0.299
  [bmc-incr i=313 repr=1 active=1450/176602 POs=1]
BMC : c =    1448  cl =   4503  lit =  176601  p =     0  d =     0  f =     1  +  T =     0.03 sec
  [bmc-prof 313] wall=  28.819 p=     1 | ifo=  0.736(sd=0.176 nx=0.000 tfo=0.072 cnt=0.488) snap= 0.287 srm=  7.934 sat=  4.889(set=0.192 slv=4.695 max=4.6952 n=1) cex=R/T/F=0/0/1 trsplit=0 sim=14.490(rmp=0.447 run=14.042 n=1 d=0) incr=loc/full/maxdirty/keys=0/0/0/0 chk= 0.000(d=1) stat= 0.160 rest= 0.321
  [bmc-incr i=314 repr=1 active=1449/176601 POs=1]
BMC : c =    1447  cl =   4503  lit =  176600  p =     0  d =     0  f =     1  +  T =     0.03 sec
  [bmc-prof 314] wall=  28.013 p=     1 | ifo=  0.767(sd=0.202 nx=0.000 tfo=0.072 cnt=0.493) snap= 0.284 srm=  7.808 sat=  4.707(set=0.168 slv=4.537 max=4.5369 n=1) cex=R/T/F=0/0/1 trsplit=0 sim=13.999(rmp=0.407 run=13.592 n=1 d=0) incr=loc/full/maxdirty/keys=0/0/0/0 chk= 0.000(d=1) stat= 0.154 rest= 0.294
  [bmc-incr i=315 repr=1 active=1448/176600 POs=1]
BMC : c =    1446  cl =   4503  lit =  176599  p =     0  d =     0  f =     1  +  T =     0.03 sec
  [bmc-prof 315] wall=  28.197 p=     1 | ifo=  0.750(sd=0.179 nx=0.000 tfo=0.066 cnt=0.505) snap= 0.281 srm=  7.603 sat=  4.735(set=0.158 slv=4.576 max=4.5762 n=1) cex=R/T/F=0/0/1 trsplit=0 sim=14.324(rmp=0.411 run=13.912 n=1 d=0) incr=loc/full/maxdirty/keys=0/0/0/0 chk= 0.000(d=1) stat= 0.196 rest= 0.307
  [bmc-incr i=316 repr=1 active=1447/176599 POs=1]
BMC : c =    1445  cl =   4503  lit =  176598  p =     0  d =     0  f =     1  +  T =     0.03 sec
  [bmc-prof 316] wall=  31.513 p=     1 | ifo=  1.616(sd=0.605 nx=0.000 tfo=0.128 cnt=0.883) snap= 0.283 srm=  7.541 sat=  6.231(set=0.165 slv=6.058 max=6.0581 n=1) cex=R/T/F=0/0/1 trsplit=0 sim=15.101(rmp=0.740 run=14.360 n=1 d=0) incr=loc/full/maxdirty/keys=0/0/0/0 chk= 0.000(d=1) stat= 0.174 rest= 0.566
  [bmc-incr i=317 repr=1 active=1446/176598 POs=1]
BMC : c =    1444  cl =   4503  lit =  176597  p =     0  d =     0  f =     1  +  T =     0.03 sec
  [bmc-prof 317] wall=  27.986 p=     1 | ifo=  0.793(sd=0.201 nx=0.000 tfo=0.093 cnt=0.499) snap= 0.288 srm=  7.611 sat=  4.748(set=0.161 slv=4.585 max=4.5854 n=1) cex=R/T/F=0/0/1 trsplit=0 sim=14.089(rmp=0.396 run=13.692 n=1 d=0) incr=loc/full/maxdirty/keys=0/0/0/0 chk= 0.000(d=1) stat= 0.154 rest= 0.303
  [bmc-incr i=318 repr=1 active=1445/176597 POs=1]
BMC : c =    1443  cl =   4503  lit =  176596  p =     0  d =     0  f =     1  +  T =     0.03 sec
  [bmc-prof 318] wall=  27.786 p=     1 | ifo=  0.701(sd=0.175 nx=0.000 tfo=0.046 cnt=0.479) snap= 0.296 srm=  7.601 sat=  4.727(set=0.157 slv=4.568 max=4.5682 n=1) cex=R/T/F=0/0/1 trsplit=0 sim=14.003(rmp=0.404 run=13.599 n=1 d=0) incr=loc/full/maxdirty/keys=0/0/0/0 chk= 0.000(d=1) stat= 0.153 rest= 0.305
  [bmc-incr i=319 repr=1 active=1444/176596 POs=1]
BMC : c =    1442  cl =   4503  lit =  176595  p =     0  d =     0  f =     1  +  T =     0.03 sec
  [bmc-prof 319] wall=  31.331 p=     1 | ifo=  0.711(sd=0.174 nx=0.000 tfo=0.052 cnt=0.486) snap= 0.289 srm=  7.900 sat=  4.947(set=0.177 slv=4.767 max=4.7670 n=1) cex=R/T/F=0/0/1 trsplit=0 sim=17.010(rmp=0.453 run=16.557 n=1 d=0) incr=loc/full/maxdirty/keys=0/0/0/0 chk= 0.000(d=1) stat= 0.171 rest= 0.303
  [bmc-incr i=320 repr=1 active=1443/176595 POs=1]
BMC : c =    1441  cl =   4503  lit =  176594  p =     0  d =     0  f =     1  +  T =     0.03 sec
  [bmc-prof 320] wall=  28.240 p=     1 | ifo=  0.732(sd=0.180 nx=0.000 tfo=0.070 cnt=0.482) snap= 0.284 srm=  7.806 sat=  4.751(set=0.172 slv=4.565 max=4.5653 n=1) cex=R/T/F=0/0/1 trsplit=0 sim=14.222(rmp=0.452 run=13.770 n=1 d=0) incr=loc/full/maxdirty/keys=0/0/0/0 chk= 0.000(d=1) stat= 0.155 rest= 0.290
  [bmc-incr i=321 repr=1 active=1442/176594 POs=1]
BMC : c =    1440  cl =   4503  lit =  176593  p =     0  d =     0  f =     1  +  T =     0.03 sec
  [bmc-prof 321] wall=  27.803 p=     1 | ifo=  0.727(sd=0.174 nx=0.000 tfo=0.059 cnt=0.493) snap= 0.282 srm=  7.560 sat=  4.677(set=0.158 slv=4.517 max=4.5168 n=1) cex=R/T/F=0/0/1 trsplit=0 sim=14.114(rmp=0.401 run=13.712 n=1 d=0) incr=loc/full/maxdirty/keys=0/0/0/0 chk= 0.000(d=1) stat= 0.154 rest= 0.290
  [bmc-incr i=322 repr=1 active=1441/176593 POs=1]
BMC : c =    1439  cl =   4503  lit =  176592  p =     0  d =     0  f =     1  +  T =     0.03 sec
  [bmc-prof 322] wall=  28.718 p=     1 | ifo=  0.731(sd=0.177 nx=0.000 tfo=0.058 cnt=0.496) snap= 0.290 srm=  7.690 sat=  4.964(set=0.159 slv=4.804 max=4.8035 n=1) cex=R/T/F=0/0/1 trsplit=0 sim=14.582(rmp=0.444 run=14.137 n=1 d=0) incr=loc/full/maxdirty/keys=0/0/0/0 chk= 0.000(d=1) stat= 0.156 rest= 0.305
  [bmc-incr i=323 repr=1 active=1440/176592 POs=1]
BMC : c =    1438  cl =   4503  lit =  176591  p =     0  d =     0  f =     1  +  T =     0.03 sec
  [bmc-prof 323] wall=  27.894 p=     1 | ifo=  0.737(sd=0.180 nx=0.000 tfo=0.073 cnt=0.484) snap= 0.292 srm=  7.663 sat=  4.712(set=0.158 slv=4.552 max=4.5515 n=1) cex=R/T/F=0/0/1 trsplit=0 sim=14.044(rmp=0.426 run=13.618 n=1 d=0) incr=loc/full/maxdirty/keys=0/0/0/0 chk= 0.000(d=1) stat= 0.155 rest= 0.290
  [bmc-incr i=324 repr=1 active=1439/176591 POs=1]
BMC : c =    1437  cl =   4503  lit =  176590  p =     0  d =     0  f =     1  +  T =     0.03 sec
  [bmc-prof 324] wall=  29.467 p=     1 | ifo=  0.730(sd=0.182 nx=0.000 tfo=0.059 cnt=0.490) snap= 0.296 srm=  7.723 sat=  4.651(set=0.157 slv=4.492 max=4.4922 n=1) cex=R/T/F=0/0/1 trsplit=0 sim=15.613(rmp=0.402 run=15.210 n=1 d=0) incr=loc/full/maxdirty/keys=0/0/0/0 chk= 0.000(d=1) stat= 0.157 rest= 0.298
  [bmc-incr i=325 repr=1 active=1438/176590 POs=1]
BMC : c =    1436  cl =   4503  lit =  176589  p =     0  d =     0  f =     1  +  T =     0.03 sec
  [bmc-prof 325] wall=  27.697 p=     1 | ifo=  0.747(sd=0.179 nx=0.000 tfo=0.060 cnt=0.509) snap= 0.281 srm=  7.612 sat=  4.672(set=0.177 slv=4.493 max=4.4930 n=1) cex=R/T/F=0/0/1 trsplit=0 sim=13.943(rmp=0.404 run=13.539 n=1 d=0) incr=loc/full/maxdirty/keys=0/0/0/0 chk= 0.000(d=1) stat= 0.152 rest= 0.289
  [bmc-incr i=326 repr=1 active=1437/176589 POs=1]
BMC : c =    1435  cl =   4503  lit =  176588  p =     0  d =     0  f =     1  +  T =     0.03 sec
  [bmc-prof 326] wall=  28.155 p=     1 | ifo=  0.724(sd=0.178 nx=0.000 tfo=0.055 cnt=0.491) snap= 0.281 srm=  7.811 sat=  4.712(set=0.167 slv=4.543 max=4.5432 n=1) cex=R/T/F=0/0/1 trsplit=0 sim=14.184(rmp=0.401 run=13.783 n=1 d=0) incr=loc/full/maxdirty/keys=0/0/0/0 chk= 0.000(d=1) stat= 0.156 rest= 0.288
  [bmc-incr i=327 repr=1 active=1436/176588 POs=1]
BMC : c =    1434  cl =   4503  lit =  176587  p =     0  d =     0  f =     1  +  T =     0.03 sec
  [bmc-prof 327] wall=  28.519 p=     1 | ifo=  0.724(sd=0.190 nx=0.000 tfo=0.052 cnt=0.482) snap= 0.294 srm=  7.898 sat=  4.706(set=0.168 slv=4.537 max=4.5365 n=1) cex=R/T/F=0/0/1 trsplit=0 sim=14.436(rmp=0.432 run=14.003 n=1 d=0) incr=loc/full/maxdirty/keys=0/0/0/0 chk= 0.000(d=1) stat= 0.156 rest= 0.304
  [bmc-incr i=328 repr=1 active=1435/176587 POs=1]
BMC : c =    1433  cl =   4503  lit =  176586  p =     0  d =     0  f =     1  +  T =     0.03 sec
  [bmc-prof 328] wall=  28.405 p=     1 | ifo=  0.725(sd=0.181 nx=0.000 tfo=0.064 cnt=0.481) snap= 0.282 srm=  7.724 sat=  4.802(set=0.155 slv=4.644 max=4.6445 n=1) cex=R/T/F=0/0/1 trsplit=0 sim=14.403(rmp=0.419 run=13.984 n=1 d=0) incr=loc/full/maxdirty/keys=0/0/0/0 chk= 0.000(d=1) stat= 0.157 rest= 0.311
  [bmc-incr i=329 repr=1 active=1434/176586 POs=1]
BMC : c =    1432  cl =   4503  lit =  176585  p =     0  d =     0  f =     1  +  T =     0.03 sec
  [bmc-prof 329] wall=  28.752 p=     1 | ifo=  0.803(sd=0.177 nx=0.000 tfo=0.061 cnt=0.564) snap= 0.283 srm=  7.843 sat=  4.773(set=0.164 slv=4.607 max=4.6067 n=1) cex=R/T/F=0/0/1 trsplit=0 sim=14.473(rmp=0.428 run=14.045 n=1 d=0) incr=loc/full/maxdirty/keys=0/0/0/0 chk= 0.000(d=1) stat= 0.283 rest= 0.295
  [bmc-incr i=330 repr=1 active=1433/176585 POs=1]
BMC : c =    1431  cl =   4503  lit =  176584  p =     0  d =     0  f =     1  +  T =     0.03 sec
  [bmc-prof 330] wall=  29.039 p=     1 | ifo=  0.754(sd=0.189 nx=0.000 tfo=0.075 cnt=0.490) snap= 0.319 srm=  8.131 sat=  4.684(set=0.170 slv=4.512 max=4.5116 n=1) cex=R/T/F=0/0/1 trsplit=0 sim=14.681(rmp=0.406 run=14.273 n=1 d=0) incr=loc/full/maxdirty/keys=0/0/0/0 chk= 0.000(d=1) stat= 0.163 rest= 0.307
  [bmc-incr i=331 repr=1 active=1432/176584 POs=1]
BMC : c =    1430  cl =   4503  lit =  176583  p =     0  d =     0  f =     1  +  T =     0.03 sec
  [bmc-prof 331] wall=  28.916 p=     1 | ifo=  0.841(sd=0.181 nx=0.000 tfo=0.068 cnt=0.592) snap= 0.291 srm=  7.952 sat=  5.112(set=0.185 slv=4.926 max=4.9255 n=1) cex=R/T/F=0/0/1 trsplit=0 sim=14.267(rmp=0.429 run=13.837 n=1 d=0) incr=loc/full/maxdirty/keys=0/0/0/0 chk= 0.000(d=1) stat= 0.160 rest= 0.293
  [bmc-incr i=332 repr=1 active=1431/176583 POs=1]
BMC : c =    1429  cl =   4503  lit =  176582  p =     0  d =     0  f =     1  +  T =     0.03 sec
  [bmc-prof 332] wall=  28.848 p=     1 | ifo=  0.834(sd=0.228 nx=0.000 tfo=0.109 cnt=0.496) snap= 0.282 srm=  8.580 sat=  4.686(set=0.166 slv=4.518 max=4.5183 n=1) cex=R/T/F=0/0/1 trsplit=0 sim=14.017(rmp=0.408 run=13.608 n=1 d=0) incr=loc/full/maxdirty/keys=0/0/0/0 chk= 0.000(d=1) stat= 0.161 rest= 0.288
  [bmc-incr i=333 repr=1 active=1430/176582 POs=1]
BMC : c =    1428  cl =   4503  lit =  176581  p =     0  d =     0  f =     1  +  T =     0.03 sec
  [bmc-prof 333] wall=  27.909 p=     1 | ifo=  0.777(sd=0.237 nx=0.000 tfo=0.056 cnt=0.485) snap= 0.315 srm=  7.664 sat=  4.678(set=0.160 slv=4.516 max=4.5160 n=1) cex=R/T/F=0/0/1 trsplit=0 sim=14.031(rmp=0.394 run=13.637 n=1 d=0) incr=loc/full/maxdirty/keys=0/0/0/0 chk= 0.000(d=1) stat= 0.154 rest= 0.289
  [bmc-incr i=334 repr=1 active=1429/176581 POs=1]
BMC : c =    1427  cl =   4503  lit =  176580  p =     0  d =     0  f =     1  +  T =     0.03 sec
  [bmc-prof 334] wall=  27.894 p=     1 | ifo=  0.731(sd=0.173 nx=0.000 tfo=0.052 cnt=0.506) snap= 0.279 srm=  7.771 sat=  4.691(set=0.157 slv=4.532 max=4.5320 n=1) cex=R/T/F=0/0/1 trsplit=0 sim=13.975(rmp=0.408 run=13.567 n=1 d=0) incr=loc/full/maxdirty/keys=0/0/0/0 chk= 0.000(d=1) stat= 0.153 rest= 0.293
  [bmc-incr i=335 repr=1 active=1428/176580 POs=1]
BMC : c =    1426  cl =   4503  lit =  176579  p =     0  d =     0  f =     1  +  T =     0.03 sec
  [bmc-prof 335] wall=  28.166 p=     1 | ifo=  0.712(sd=0.175 nx=0.000 tfo=0.058 cnt=0.479) snap= 0.283 srm=  7.864 sat=  4.756(set=0.165 slv=4.590 max=4.5895 n=1) cex=R/T/F=0/0/1 trsplit=0 sim=14.110(rmp=0.419 run=13.691 n=1 d=0) incr=loc/full/maxdirty/keys=0/0/0/0 chk= 0.000(d=1) stat= 0.154 rest= 0.287
  [bmc-incr i=336 repr=1 active=1427/176579 POs=1]
BMC : c =    1425  cl =   4503  lit =  176578  p =     0  d =     0  f =     1  +  T =     0.03 sec
  [bmc-prof 336] wall=  28.189 p=     1 | ifo=  0.709(sd=0.172 nx=0.000 tfo=0.049 cnt=0.488) snap= 0.290 srm=  7.882 sat=  4.678(set=0.159 slv=4.518 max=4.5184 n=1) cex=R/T/F=0/0/1 trsplit=0 sim=14.154(rmp=0.409 run=13.744 n=1 d=0) incr=loc/full/maxdirty/keys=0/0/0/0 chk= 0.000(d=1) stat= 0.161 rest= 0.314
  [bmc-incr i=337 repr=1 active=1426/176578 POs=1]
BMC : c =    1424  cl =   4503  lit =  176577  p =     0  d =     0  f =     1  +  T =     0.03 sec
  [bmc-prof 337] wall=  29.333 p=     1 | ifo=  0.725(sd=0.177 nx=0.000 tfo=0.059 cnt=0.489) snap= 0.291 srm=  7.821 sat=  4.782(set=0.163 slv=4.617 max=4.6170 n=1) cex=R/T/F=0/0/1 trsplit=0 sim=15.261(rmp=0.409 run=14.851 n=1 d=0) incr=loc/full/maxdirty/keys=0/0/0/0 chk= 0.000(d=1) stat= 0.159 rest= 0.294
  [bmc-incr i=338 repr=1 active=1425/176577 POs=1]
BMC : c =    1423  cl =   4503  lit =  176576  p =     0  d =     0  f =     1  +  T =     0.03 sec
  [bmc-prof 338] wall=  28.350 p=     1 | ifo=  0.739(sd=0.179 nx=0.000 tfo=0.063 cnt=0.498) snap= 0.292 srm=  7.899 sat=  4.864(set=0.179 slv=4.683 max=4.6834 n=1) cex=R/T/F=0/0/1 trsplit=0 sim=14.112(rmp=0.412 run=13.700 n=1 d=0) incr=loc/full/maxdirty/keys=0/0/0/0 chk= 0.000(d=1) stat= 0.154 rest= 0.289
  [bmc-incr i=339 repr=1 active=1424/176576 POs=1]
BMC : c =    1422  cl =   4503  lit =  176575  p =     0  d =     0  f =     1  +  T =     0.03 sec
  [bmc-prof 339] wall=  28.827 p=     1 | ifo=  0.724(sd=0.183 nx=0.000 tfo=0.061 cnt=0.480) snap= 0.312 srm=  7.746 sat=  4.770(set=0.165 slv=4.604 max=4.6040 n=1) cex=R/T/F=0/0/1 trsplit=0 sim=14.790(rmp=0.403 run=14.386 n=1 d=0) incr=loc/full/maxdirty/keys=0/0/0/0 chk= 0.000(d=1) stat= 0.174 rest= 0.311
  [bmc-incr i=340 repr=1 active=1423/176575 POs=1]
BMC : c =    1421  cl =   4503  lit =  176574  p =     0  d =     0  f =     1  +  T =     0.03 sec
  [bmc-prof 340] wall=  28.283 p=     1 | ifo=  0.741(sd=0.191 nx=0.000 tfo=0.065 cnt=0.486) snap= 0.297 srm=  7.885 sat=  4.847(set=0.177 slv=4.668 max=4.6677 n=1) cex=R/T/F=0/0/1 trsplit=0 sim=14.049(rmp=0.413 run=13.635 n=1 d=0) incr=loc/full/maxdirty/keys=0/0/0/0 chk= 0.000(d=1) stat= 0.165 rest= 0.298
  [bmc-incr i=341 repr=1 active=1422/176574 POs=1]
BMC : c =    1420  cl =   4503  lit =  176573  p =     0  d =     0  f =     1  +  T =     0.03 sec
  [bmc-prof 341] wall=  28.287 p=     1 | ifo=  0.726(sd=0.186 nx=0.000 tfo=0.057 cnt=0.483) snap= 0.305 srm=  7.648 sat=  4.763(set=0.160 slv=4.601 max=4.6006 n=1) cex=R/T/F=0/0/1 trsplit=0 sim=14.181(rmp=0.407 run=13.773 n=1 d=0) incr=loc/full/maxdirty/keys=0/0/0/0 chk= 0.000(d=1) stat= 0.154 rest= 0.510
  [bmc-incr i=342 repr=1 active=1421/176573 POs=1]
BMC : c =    1419  cl =   4503  lit =  176572  p =     0  d =     0  f =     1  +  T =     0.03 sec
  [bmc-prof 342] wall=  28.530 p=     1 | ifo=  0.734(sd=0.174 nx=0.000 tfo=0.062 cnt=0.498) snap= 0.291 srm=  7.628 sat=  4.706(set=0.158 slv=4.546 max=4.5463 n=1) cex=R/T/F=0/0/1 trsplit=0 sim=14.723(rmp=0.399 run=14.323 n=1 d=0) incr=loc/full/maxdirty/keys=0/0/0/0 chk= 0.000(d=1) stat= 0.154 rest= 0.294
  [bmc-incr i=343 repr=1 active=1420/176572 POs=1]
BMC : c =    1418  cl =   4503  lit =  176571  p =     0  d =     0  f =     1  +  T =     0.03 sec
  [bmc-prof 343] wall=  27.823 p=     1 | ifo=  0.727(sd=0.188 nx=0.000 tfo=0.056 cnt=0.484) snap= 0.289 srm=  7.574 sat=  4.744(set=0.163 slv=4.579 max=4.5789 n=1) cex=R/T/F=0/0/1 trsplit=0 sim=14.032(rmp=0.396 run=13.635 n=1 d=0) incr=loc/full/maxdirty/keys=0/0/0/0 chk= 0.000(d=1) stat= 0.159 rest= 0.298
  [bmc-incr i=344 repr=1 active=1419/176571 POs=1]
BMC : c =    1417  cl =   4503  lit =  176570  p =     0  d =     0  f =     1  +  T =     0.03 sec
  [bmc-prof 344] wall=  28.025 p=     1 | ifo=  0.786(sd=0.197 nx=0.000 tfo=0.084 cnt=0.505) snap= 0.282 srm=  7.681 sat=  4.707(set=0.162 slv=4.544 max=4.5437 n=1) cex=R/T/F=0/0/1 trsplit=0 sim=14.106(rmp=0.408 run=13.697 n=1 d=0) incr=loc/full/maxdirty/keys=0/0/0/0 chk= 0.000(d=1) stat= 0.160 rest= 0.302
  [bmc-incr i=345 repr=1 active=1418/176570 POs=1]
BMC : c =    1416  cl =   4503  lit =  176569  p =     0  d =     0  f =     1  +  T =     0.03 sec
  [bmc-prof 345] wall=  33.287 p=     1 | ifo=  1.490(sd=0.641 nx=0.000 tfo=0.130 cnt=0.719) snap= 0.283 srm= 11.094 sat=  5.179(set=0.170 slv=5.007 max=5.0074 n=1) cex=R/T/F=0/0/1 trsplit=0 sim=14.747(rmp=0.608 run=14.138 n=1 d=0) incr=loc/full/maxdirty/keys=0/0/0/0 chk= 0.000(d=1) stat= 0.170 rest= 0.324
  [bmc-incr i=346 repr=1 active=1417/176569 POs=1]
BMC : c =    1415  cl =   4503  lit =  176568  p =     0  d =     0  f =     1  +  T =     0.03 sec
  [bmc-prof 346] wall=  28.515 p=     1 | ifo=  0.712(sd=0.173 nx=0.000 tfo=0.057 cnt=0.482) snap= 0.283 srm=  7.719 sat=  4.766(set=0.162 slv=4.603 max=4.6025 n=1) cex=R/T/F=0/0/1 trsplit=0 sim=14.537(rmp=0.425 run=14.111 n=1 d=0) incr=loc/full/maxdirty/keys=0/0/0/0 chk= 0.000(d=1) stat= 0.168 rest= 0.329
  [bmc-incr i=347 repr=1 active=1416/176568 POs=1]
BMC : c =    1414  cl =   4503  lit =  176567  p =     0  d =     0  f =     1  +  T =     0.03 sec
  [bmc-prof 347] wall=  28.719 p=     1 | ifo=  0.758(sd=0.184 nx=0.000 tfo=0.078 cnt=0.496) snap= 0.297 srm=  8.023 sat=  4.769(set=0.175 slv=4.591 max=4.5907 n=1) cex=R/T/F=0/0/1 trsplit=0 sim=14.404(rmp=0.412 run=13.991 n=1 d=0) incr=loc/full/maxdirty/keys=0/0/0/0 chk= 0.000(d=1) stat= 0.165 rest= 0.304
  [bmc-incr i=348 repr=1 active=1415/176567 POs=1]
BMC : c =    1413  cl =   4503  lit =  176566  p =     0  d =     0  f =     1  +  T =     0.03 sec
  [bmc-prof 348] wall=  29.209 p=     1 | ifo=  0.744(sd=0.181 nx=0.000 tfo=0.071 cnt=0.493) snap= 0.284 srm=  7.859 sat=  5.209(set=0.176 slv=5.031 max=5.0308 n=1) cex=R/T/F=0/0/1 trsplit=0 sim=14.601(rmp=0.430 run=14.169 n=1 d=0) incr=loc/full/maxdirty/keys=0/0/0/0 chk= 0.000(d=1) stat= 0.167 rest= 0.346
  [bmc-incr i=349 repr=1 active=1414/176566 POs=1]
BMC : c =    1412  cl =   4503  lit =  176565  p =     0  d =     0  f =     1  +  T =     0.03 sec
  [bmc-prof 349] wall=  28.377 p=     1 | ifo=  0.751(sd=0.191 nx=0.000 tfo=0.073 cnt=0.488) snap= 0.302 srm=  7.809 sat=  4.744(set=0.170 slv=4.571 max=4.5713 n=1) cex=R/T/F=0/0/1 trsplit=0 sim=14.323(rmp=0.408 run=13.915 n=1 d=0) incr=loc/full/maxdirty/keys=0/0/0/0 chk= 0.000(d=1) stat= 0.157 rest= 0.290
  [bmc-incr i=350 repr=1 active=1413/176565 POs=1]
BMC : c =    1411  cl =   4503  lit =  176564  p =     0  d =     0  f =     1  +  T =     0.03 sec
  [bmc-prof 350] wall=  27.966 p=     1 | ifo=  0.782(sd=0.183 nx=0.000 tfo=0.077 cnt=0.522) snap= 0.283 srm=  7.591 sat=  4.762(set=0.158 slv=4.602 max=4.6020 n=1) cex=R/T/F=0/0/1 trsplit=0 sim=14.103(rmp=0.437 run=13.666 n=1 d=0) incr=loc/full/maxdirty/keys=0/0/0/0 chk= 0.000(d=1) stat= 0.155 rest= 0.289
  [bmc-incr i=351 repr=1 active=1412/176564 POs=1]
BMC : c =    1410  cl =   4503  lit =  176563  p =     0  d =     0  f =     1  +  T =     0.03 sec
  [bmc-prof 351] wall=  28.039 p=     1 | ifo=  0.718(sd=0.174 nx=0.000 tfo=0.053 cnt=0.491) snap= 0.283 srm=  7.700 sat=  4.727(set=0.160 slv=4.566 max=4.5656 n=1) cex=R/T/F=0/0/1 trsplit=0 sim=14.168(rmp=0.393 run=13.775 n=1 d=0) incr=loc/full/maxdirty/keys=0/0/0/0 chk= 0.000(d=1) stat= 0.153 rest= 0.289
  [bmc-incr i=352 repr=1 active=1411/176563 POs=1]
BMC : c =    1409  cl =   4503  lit =  176562  p =     0  d =     0  f =     1  +  T =     0.03 sec
  [bmc-prof 352] wall=  28.202 p=     1 | ifo=  0.711(sd=0.173 nx=0.000 tfo=0.049 cnt=0.489) snap= 0.280 srm=  7.637 sat=  4.870(set=0.311 slv=4.558 max=4.5579 n=1) cex=R/T/F=0/0/1 trsplit=0 sim=14.257(rmp=0.410 run=13.847 n=1 d=0) incr=loc/full/maxdirty/keys=0/0/0/0 chk= 0.000(d=1) stat= 0.157 rest= 0.290
  [bmc-incr i=353 repr=1 active=1410/176562 POs=1]
BMC : c =    1408  cl =   4503  lit =  176561  p =     0  d =     0  f =     1  +  T =     0.03 sec
  [bmc-prof 353] wall=  30.690 p=     1 | ifo=  0.721(sd=0.175 nx=0.000 tfo=0.051 cnt=0.495) snap= 0.282 srm=  7.551 sat=  5.517(set=0.155 slv=5.361 max=5.3605 n=1) cex=R/T/F=0/0/1 trsplit=0 sim=15.200(rmp=0.392 run=14.805 n=1 d=0) incr=loc/full/maxdirty/keys=0/0/0/0 chk= 0.001(d=1) stat= 0.619 rest= 0.801
  [bmc-incr i=354 repr=1 active=1409/176561 POs=1]
BMC : c =    1407  cl =   4503  lit =  176560  p =     0  d =     0  f =     1  +  T =     0.03 sec
  [bmc-prof 354] wall=  32.570 p=     1 | ifo=  2.715(sd=0.610 nx=0.000 tfo=0.134 cnt=1.972) snap= 0.286 srm=  9.769 sat=  4.759(set=0.188 slv=4.568 max=4.5684 n=1) cex=R/T/F=0/0/1 trsplit=0 sim=14.587(rmp=0.429 run=14.158 n=1 d=0) incr=loc/full/maxdirty/keys=0/0/0/0 chk= 0.000(d=1) stat= 0.162 rest= 0.292
  [bmc-incr i=355 repr=1 active=1408/176560 POs=1]
BMC : c =    1406  cl =   4503  lit =  176559  p =     0  d =     0  f =     1  +  T =     0.03 sec
  [bmc-prof 355] wall=  28.679 p=     1 | ifo=  0.715(sd=0.175 nx=0.000 tfo=0.058 cnt=0.482) snap= 0.310 srm=  7.959 sat=  4.794(set=0.166 slv=4.627 max=4.6267 n=1) cex=R/T/F=0/0/1 trsplit=0 sim=14.435(rmp=0.458 run=13.977 n=1 d=0) incr=loc/full/maxdirty/keys=0/0/0/0 chk= 0.000(d=1) stat= 0.156 rest= 0.310
  [bmc-incr i=356 repr=1 active=1407/176559 POs=1]
BMC : c =    1405  cl =   4503  lit =  176558  p =     0  d =     0  f =     1  +  T =     0.03 sec
  [bmc-prof 356] wall=  28.936 p=     1 | ifo=  0.735(sd=0.178 nx=0.000 tfo=0.059 cnt=0.498) snap= 0.282 srm=  7.813 sat=  4.838(set=0.179 slv=4.657 max=4.6571 n=1) cex=R/T/F=0/0/1 trsplit=0 sim=14.764(rmp=0.404 run=14.358 n=1 d=0) incr=loc/full/maxdirty/keys=0/0/0/0 chk= 0.000(d=1) stat= 0.175 rest= 0.328
  [bmc-incr i=357 repr=1 active=1406/176558 POs=1]
BMC : c =    1404  cl =   4503  lit =  176557  p =     0  d =     0  f =     1  +  T =     0.03 sec
  [bmc-prof 357] wall=  28.604 p=     1 | ifo=  0.929(sd=0.205 nx=0.000 tfo=0.099 cnt=0.625) snap= 0.297 srm=  7.809 sat=  4.780(set=0.172 slv=4.606 max=4.6064 n=1) cex=R/T/F=0/0/1 trsplit=0 sim=14.339(rmp=0.413 run=13.925 n=1 d=0) incr=loc/full/maxdirty/keys=0/0/0/0 chk= 0.000(d=1) stat= 0.155 rest= 0.295
  [bmc-incr i=358 repr=1 active=1405/176557 POs=1]
BMC : c =    1403  cl =   4503  lit =  176556  p =     0  d =     0  f =     1  +  T =     0.03 sec
  [bmc-prof 358] wall=  27.901 p=     1 | ifo=  0.751(sd=0.178 nx=0.000 tfo=0.062 cnt=0.511) snap= 0.285 srm=  7.649 sat=  4.731(set=0.158 slv=4.572 max=4.5717 n=1) cex=R/T/F=0/0/1 trsplit=0 sim=14.037(rmp=0.411 run=13.625 n=1 d=0) incr=loc/full/maxdirty/keys=0/0/0/0 chk= 0.000(d=1) stat= 0.154 rest= 0.295
  [bmc-incr i=359 repr=1 active=1404/176556 POs=1]
BMC : c =    1402  cl =   4503  lit =  176555  p =     0  d =     0  f =     1  +  T =     0.03 sec
  [bmc-prof 359] wall=  28.874 p=     1 | ifo=  0.704(sd=0.173 nx=0.000 tfo=0.044 cnt=0.488) snap= 0.281 srm=  7.675 sat=  4.748(set=0.160 slv=4.586 max=4.5862 n=1) cex=R/T/F=0/0/1 trsplit=0 sim=15.016(rmp=0.395 run=14.620 n=1 d=0) incr=loc/full/maxdirty/keys=0/0/0/0 chk= 0.000(d=1) stat= 0.158 rest= 0.292
  [bmc-incr i=360 repr=1 active=1403/176555 POs=1]
BMC : c =    1401  cl =   4503  lit =  176554  p =     0  d =     0  f =     1  +  T =     0.03 sec
  [bmc-prof 360] wall=  28.197 p=     1 | ifo=  0.740(sd=0.194 nx=0.000 tfo=0.056 cnt=0.490) snap= 0.283 srm=  7.833 sat=  4.846(set=0.171 slv=4.674 max=4.6737 n=1) cex=R/T/F=0/0/1 trsplit=0 sim=14.041(rmp=0.397 run=13.643 n=1 d=0) incr=loc/full/maxdirty/keys=0/0/0/0 chk= 0.000(d=1) stat= 0.160 rest= 0.293
  [bmc-incr i=361 repr=1 active=1402/176554 POs=1]
BMC : c =    1400  cl =   4503  lit =  176553  p =     0  d =     0  f =     1  +  T =     0.03 sec
  [bmc-prof 361] wall=  28.454 p=     1 | ifo=  0.709(sd=0.175 nx=0.000 tfo=0.052 cnt=0.481) snap= 0.281 srm=  7.697 sat=  5.190(set=0.160 slv=5.029 max=5.0287 n=1) cex=R/T/F=0/0/1 trsplit=0 sim=14.091(rmp=0.403 run=13.687 n=1 d=0) incr=loc/full/maxdirty/keys=0/0/0/0 chk= 0.000(d=1) stat= 0.173 rest= 0.313
  [bmc-incr i=362 repr=1 active=1401/176553 POs=1]
BMC : c =    1399  cl =   4503  lit =  176552  p =     0  d =     0  f =     1  +  T =     0.03 sec
  [bmc-prof 362] wall=  28.848 p=     1 | ifo=  0.729(sd=0.182 nx=0.000 tfo=0.065 cnt=0.483) snap= 0.289 srm=  8.508 sat=  4.793(set=0.184 slv=4.607 max=4.6072 n=1) cex=R/T/F=0/0/1 trsplit=0 sim=14.078(rmp=0.435 run=13.642 n=1 d=0) incr=loc/full/maxdirty/keys=0/0/0/0 chk= 0.000(d=1) stat= 0.157 rest= 0.292
  [bmc-incr i=363 repr=1 active=1400/176552 POs=1]
BMC : c =    1398  cl =   4503  lit =  176551  p =     0  d =     0  f =     1  +  T =     0.03 sec
  [bmc-prof 363] wall=  28.156 p=     1 | ifo=  0.728(sd=0.177 nx=0.000 tfo=0.069 cnt=0.482) snap= 0.300 srm=  7.865 sat=  4.754(set=0.159 slv=4.593 max=4.5932 n=1) cex=R/T/F=0/0/1 trsplit=0 sim=14.065(rmp=0.400 run=13.664 n=1 d=0) incr=loc/full/maxdirty/keys=0/0/0/0 chk= 0.000(d=1) stat= 0.154 rest= 0.290
  [bmc-incr i=364 repr=1 active=1399/176551 POs=1]
BMC : c =    1397  cl =   4503  lit =  176550  p =     0  d =     0  f =     1  +  T =     0.03 sec
  [bmc-prof 364] wall=  28.473 p=     1 | ifo=  0.718(sd=0.174 nx=0.000 tfo=0.054 cnt=0.489) snap= 0.283 srm=  7.798 sat=  4.847(set=0.162 slv=4.684 max=4.6835 n=1) cex=R/T/F=0/0/1 trsplit=0 sim=14.373(rmp=0.426 run=13.946 n=1 d=0) incr=loc/full/maxdirty/keys=0/0/0/0 chk= 0.000(d=1) stat= 0.158 rest= 0.296
  [bmc-incr i=365 repr=1 active=1398/176550 POs=1]
BMC : c =    1396  cl =   4503  lit =  176549  p =     0  d =     0  f =     1  +  T =     0.03 sec
  [bmc-prof 365] wall=  29.785 p=     1 | ifo=  0.775(sd=0.218 nx=0.000 tfo=0.058 cnt=0.499) snap= 0.288 srm=  8.328 sat=  5.432(set=0.186 slv=5.244 max=5.2440 n=1) cex=R/T/F=0/0/1 trsplit=0 sim=14.480(rmp=0.463 run=14.017 n=1 d=0) incr=loc/full/maxdirty/keys=0/0/0/0 chk= 0.000(d=1) stat= 0.165 rest= 0.315
  [bmc-incr i=366 repr=1 active=1397/176549 POs=1]
BMC : c =    1395  cl =   4503  lit =  176548  p =     0  d =     0  f =     1  +  T =     0.03 sec
  [bmc-prof 366] wall=  28.362 p=     1 | ifo=  0.747(sd=0.182 nx=0.000 tfo=0.065 cnt=0.500) snap= 0.287 srm=  7.924 sat=  4.875(set=0.178 slv=4.695 max=4.6954 n=1) cex=R/T/F=0/0/1 trsplit=0 sim=14.041(rmp=0.409 run=13.632 n=1 d=0) incr=loc/full/maxdirty/keys=0/0/0/0 chk= 0.000(d=1) stat= 0.180 rest= 0.308
  [bmc-incr i=367 repr=1 active=1396/176548 POs=1]
BMC : c =    1394  cl =   4503  lit =  176547  p =     0  d =     0  f =     1  +  T =     0.03 sec
  [bmc-prof 367] wall=  28.444 p=     1 | ifo=  0.745(sd=0.185 nx=0.000 tfo=0.070 cnt=0.490) snap= 0.307 srm=  7.675 sat=  4.854(set=0.161 slv=4.692 max=4.6918 n=1) cex=R/T/F=0/0/1 trsplit=0 sim=14.343(rmp=0.403 run=13.939 n=1 d=0) incr=loc/full/maxdirty/keys=0/0/0/0 chk= 0.000(d=1) stat= 0.183 rest= 0.336
  [bmc-incr i=368 repr=1 active=1395/176547 POs=1]
BMC : c =    1393  cl =   4503  lit =  176546  p =     0  d =     0  f =     1  +  T =     0.03 sec
  [bmc-prof 368] wall=  30.515 p=     1 | ifo=  0.823(sd=0.220 nx=0.000 tfo=0.083 cnt=0.521) snap= 0.293 srm=  8.815 sat=  5.445(set=0.163 slv=5.280 max=5.2795 n=1) cex=R/T/F=0/0/1 trsplit=0 sim=14.619(rmp=0.592 run=14.026 n=1 d=0) incr=loc/full/maxdirty/keys=0/0/0/0 chk= 0.000(d=1) stat= 0.159 rest= 0.360
  [bmc-incr i=369 repr=1 active=1394/176546 POs=1]
BMC : c =    1392  cl =   4503  lit =  176545  p =     0  d =     0  f =     1  +  T =     0.03 sec
  [bmc-prof 369] wall=  28.051 p=     1 | ifo=  0.761(sd=0.203 nx=0.000 tfo=0.068 cnt=0.491) snap= 0.284 srm=  7.569 sat=  4.856(set=0.159 slv=4.695 max=4.6953 n=1) cex=R/T/F=0/0/1 trsplit=0 sim=14.137(rmp=0.392 run=13.744 n=1 d=0) incr=loc/full/maxdirty/keys=0/0/0/0 chk= 0.000(d=1) stat= 0.155 rest= 0.288
  [bmc-incr i=370 repr=1 active=1393/176545 POs=1]
BMC : c =    1391  cl =   4503  lit =  176544  p =     0  d =     0  f =     1  +  T =     0.03 sec
  [bmc-prof 370] wall=  28.171 p=     1 | ifo=  0.714(sd=0.175 nx=0.000 tfo=0.048 cnt=0.491) snap= 0.297 srm=  7.637 sat=  4.785(set=0.159 slv=4.625 max=4.6250 n=1) cex=R/T/F=0/0/1 trsplit=0 sim=14.275(rmp=0.392 run=13.882 n=1 d=0) incr=loc/full/maxdirty/keys=0/0/0/0 chk= 0.000(d=1) stat= 0.169 rest= 0.293
  [bmc-incr i=371 repr=1 active=1392/176544 POs=1]
BMC : c =    1390  cl =   4503  lit =  176543  p =     0  d =     0  f =     1  +  T =     0.03 sec
  [bmc-prof 371] wall=  34.063 p=     1 | ifo=  0.700(sd=0.175 nx=0.000 tfo=0.045 cnt=0.480) snap= 0.291 srm=  7.884 sat=  6.748(set=0.176 slv=6.548 max=6.5485 n=1) cex=R/T/F=0/0/1 trsplit=0 sim=17.565(rmp=0.817 run=16.747 n=1 d=0) incr=loc/full/maxdirty/keys=0/0/0/0 chk= 0.000(d=1) stat= 0.321 rest= 0.553
  [bmc-incr i=372 repr=1 active=1391/176543 POs=1]
BMC : c =    1389  cl =   4503  lit =  176542  p =     0  d =     0  f =     1  +  T =     0.03 sec
  [bmc-prof 372] wall=  27.985 p=     1 | ifo=  0.745(sd=0.181 nx=0.000 tfo=0.061 cnt=0.502) snap= 0.281 srm=  7.590 sat=  4.851(set=0.161 slv=4.689 max=4.6891 n=1) cex=R/T/F=0/0/1 trsplit=0 sim=14.076(rmp=0.401 run=13.674 n=1 d=0) incr=loc/full/maxdirty/keys=0/0/0/0 chk= 0.000(d=1) stat= 0.153 rest= 0.290
  [bmc-incr i=373 repr=1 active=1390/176542 POs=1]
BMC : c =    1388  cl =   4503  lit =  176541  p =     0  d =     0  f =     1  +  T =     0.03 sec
  [bmc-prof 373] wall=  28.489 p=     1 | ifo=  0.730(sd=0.174 nx=0.000 tfo=0.057 cnt=0.498) snap= 0.289 srm=  7.620 sat=  4.917(set=0.162 slv=4.752 max=4.7522 n=1) cex=R/T/F=0/0/1 trsplit=0 sim=14.453(rmp=0.421 run=14.030 n=1 d=0) incr=loc/full/maxdirty/keys=0/0/0/0 chk= 0.000(d=1) stat= 0.162 rest= 0.319
  [bmc-incr i=374 repr=1 active=1389/176541 POs=1]
BMC : c =    1387  cl =   4503  lit =  176540  p =     0  d =     0  f =     1  +  T =     0.03 sec
  [bmc-prof 374] wall=  29.945 p=     1 | ifo=  0.738(sd=0.177 nx=0.000 tfo=0.066 cnt=0.496) snap= 0.292 srm=  9.001 sat=  4.831(set=0.192 slv=4.636 max=4.6362 n=1) cex=R/T/F=0/0/1 trsplit=0 sim=14.620(rmp=0.437 run=14.183 n=1 d=0) incr=loc/full/maxdirty/keys=0/0/0/0 chk= 0.000(d=1) stat= 0.157 rest= 0.306
  [bmc-incr i=375 repr=1 active=1388/176540 POs=1]
BMC : c =    1386  cl =   4503  lit =  176539  p =     0  d =     0  f =     1  +  T =     0.03 sec
  [bmc-prof 375] wall=  28.396 p=     1 | ifo=  0.728(sd=0.179 nx=0.000 tfo=0.066 cnt=0.483) snap= 0.292 srm=  7.712 sat=  4.982(set=0.164 slv=4.816 max=4.8155 n=1) cex=R/T/F=0/0/1 trsplit=0 sim=14.237(rmp=0.407 run=13.829 n=1 d=0) incr=loc/full/maxdirty/keys=0/0/0/0 chk= 0.000(d=1) stat= 0.155 rest= 0.290
  [bmc-incr i=376 repr=1 active=1387/176539 POs=1]
BMC : c =    1385  cl =   4503  lit =  176538  p =     0  d =     0  f =     1  +  T =     0.03 sec
  [bmc-prof 376] wall=  27.914 p=     1 | ifo=  0.725(sd=0.174 nx=0.000 tfo=0.061 cnt=0.490) snap= 0.297 srm=  7.653 sat=  4.786(set=0.165 slv=4.619 max=4.6190 n=1) cex=R/T/F=0/0/1 trsplit=0 sim=14.011(rmp=0.408 run=13.602 n=1 d=0) incr=loc/full/maxdirty/keys=0/0/0/0 chk= 0.000(d=1) stat= 0.155 rest= 0.289
  [bmc-incr i=377 repr=1 active=1386/176538 POs=1]
BMC : c =    1384  cl =   4503  lit =  176537  p =     0  d =     0  f =     1  +  T =     0.03 sec
  [bmc-prof 377] wall=  28.361 p=     1 | ifo=  0.786(sd=0.175 nx=0.000 tfo=0.053 cnt=0.559) snap= 0.282 srm=  7.625 sat=  4.798(set=0.159 slv=4.637 max=4.6370 n=1) cex=R/T/F=0/0/1 trsplit=0 sim=14.103(rmp=0.406 run=13.696 n=1 d=0) incr=loc/full/maxdirty/keys=0/0/0/0 chk= 0.000(d=1) stat= 0.158 rest= 0.609
  [bmc-incr i=378 repr=1 active=1385/176537 POs=1]
BMC : c =    1383  cl =   4503  lit =  176536  p =     0  d =     0  f =     1  +  T =     0.03 sec
  [bmc-prof 378] wall=  28.208 p=     1 | ifo=  0.769(sd=0.210 nx=0.000 tfo=0.056 cnt=0.503) snap= 0.291 srm=  7.603 sat=  4.785(set=0.166 slv=4.618 max=4.6175 n=1) cex=R/T/F=0/0/1 trsplit=0 sim=14.306(rmp=0.402 run=13.904 n=1 d=0) incr=loc/full/maxdirty/keys=0/0/0/0 chk= 0.000(d=1) stat= 0.155 rest= 0.298
  [bmc-incr i=379 repr=1 active=1384/176536 POs=1]
BMC : c =    1382  cl =   4503  lit =  176535  p =     0  d =     0  f =     1  +  T =     0.03 sec
  [bmc-prof 379] wall=  29.274 p=     1 | ifo=  0.713(sd=0.173 nx=0.000 tfo=0.048 cnt=0.491) snap= 0.288 srm=  8.210 sat=  4.804(set=0.176 slv=4.626 max=4.6261 n=1) cex=R/T/F=0/0/1 trsplit=0 sim=14.806(rmp=0.434 run=14.370 n=1 d=0) incr=loc/full/maxdirty/keys=0/0/0/0 chk= 0.000(d=1) stat= 0.157 rest= 0.297
  [bmc-incr i=380 repr=1 active=1383/176535 POs=1]
BMC : c =    1381  cl =   4503  lit =  176534  p =     0  d =     0  f =     1  +  T =     0.03 sec
  [bmc-prof 380] wall=  30.186 p=     1 | ifo=  0.734(sd=0.187 nx=0.000 tfo=0.064 cnt=0.483) snap= 0.496 srm=  8.207 sat=  6.216(set=0.375 slv=5.839 max=5.8390 n=1) cex=R/T/F=0/0/1 trsplit=0 sim=14.080(rmp=0.402 run=13.677 n=1 d=0) incr=loc/full/maxdirty/keys=0/0/0/0 chk= 0.000(d=1) stat= 0.157 rest= 0.297
  [bmc-incr i=381 repr=1 active=1382/176534 POs=1]
BMC : c =    1380  cl =   4503  lit =  176533  p =     0  d =     0  f =     1  +  T =     0.03 sec
  [bmc-prof 381] wall=  30.792 p=     1 | ifo=  0.742(sd=0.185 nx=0.000 tfo=0.059 cnt=0.498) snap= 0.280 srm=  7.556 sat=  4.798(set=0.176 slv=4.621 max=4.6206 n=1) cex=R/T/F=0/0/1 trsplit=0 sim=16.667(rmp=0.417 run=16.248 n=1 d=0) incr=loc/full/maxdirty/keys=0/0/0/0 chk= 0.000(d=1) stat= 0.454 rest= 0.295
  [bmc-incr i=382 repr=1 active=1381/176533 POs=1]
BMC : c =    1379  cl =   4503  lit =  176532  p =     0  d =     0  f =     1  +  T =     0.03 sec
  [bmc-prof 382] wall=  31.631 p=     1 | ifo=  1.422(sd=0.429 nx=0.000 tfo=0.054 cnt=0.938) snap= 0.294 srm=  9.308 sat=  5.166(set=0.189 slv=4.975 max=4.9754 n=1) cex=R/T/F=0/0/1 trsplit=0 sim=14.976(rmp=0.454 run=14.521 n=1 d=0) incr=loc/full/maxdirty/keys=0/0/0/0 chk= 0.000(d=1) stat= 0.159 rest= 0.305
  [bmc-incr i=383 repr=1 active=1380/176532 POs=1]
BMC : c =    1378  cl =   4503  lit =  176531  p =     0  d =     0  f =     1  +  T =     0.03 sec
  [bmc-prof 383] wall=  28.506 p=     1 | ifo=  0.772(sd=0.197 nx=0.000 tfo=0.079 cnt=0.497) snap= 0.285 srm=  7.877 sat=  4.826(set=0.175 slv=4.649 max=4.6489 n=1) cex=R/T/F=0/0/1 trsplit=0 sim=14.282(rmp=0.406 run=13.876 n=1 d=0) incr=loc/full/maxdirty/keys=0/0/0/0 chk= 0.000(d=1) stat= 0.162 rest= 0.302
  [bmc-incr i=384 repr=1 active=1379/176531 POs=1]
BMC : c =    1377  cl =   4503  lit =  176530  p =     0  d =     0  f =     1  +  T =     0.03 sec
  [bmc-prof 384] wall=  28.370 p=     1 | ifo=  0.972(sd=0.191 nx=0.000 tfo=0.065 cnt=0.716) snap= 0.287 srm=  7.751 sat=  4.819(set=0.170 slv=4.647 max=4.6472 n=1) cex=R/T/F=0/0/1 trsplit=0 sim=14.090(rmp=0.416 run=13.673 n=1 d=0) incr=loc/full/maxdirty/keys=0/0/0/0 chk= 0.000(d=1) stat= 0.156 rest= 0.296
  [bmc-incr i=385 repr=1 active=1378/176530 POs=1]
BMC : c =    1376  cl =   4503  lit =  176529  p =     0  d =     0  f =     1  +  T =     0.03 sec
  [bmc-prof 385] wall=  28.229 p=     1 | ifo=  0.731(sd=0.177 nx=0.000 tfo=0.071 cnt=0.483) snap= 0.287 srm=  7.628 sat=  5.045(set=0.160 slv=4.884 max=4.8838 n=1) cex=R/T/F=0/0/1 trsplit=0 sim=14.093(rmp=0.402 run=13.691 n=1 d=0) incr=loc/full/maxdirty/keys=0/0/0/0 chk= 0.000(d=1) stat= 0.154 rest= 0.290
  [bmc-incr i=386 repr=1 active=1377/176529 POs=1]
BMC : c =    1375  cl =   4503  lit =  176528  p =     0  d =     0  f =     1  +  T =     0.03 sec
  [bmc-prof 386] wall=  28.053 p=     1 | ifo=  0.713(sd=0.174 nx=0.000 tfo=0.049 cnt=0.490) snap= 0.282 srm=  7.618 sat=  4.814(set=0.165 slv=4.646 max=4.6463 n=1) cex=R/T/F=0/0/1 trsplit=0 sim=14.173(rmp=0.432 run=13.740 n=1 d=0) incr=loc/full/maxdirty/keys=0/0/0/0 chk= 0.000(d=1) stat= 0.162 rest= 0.290
  [bmc-incr i=387 repr=1 active=1376/176528 POs=1]
BMC : c =    1374  cl =   4503  lit =  176527  p =     0  d =     0  f =     1  +  T =     0.03 sec
  [bmc-prof 387] wall=  27.967 p=     1 | ifo=  0.733(sd=0.194 nx=0.000 tfo=0.057 cnt=0.482) snap= 0.297 srm=  7.623 sat=  4.822(set=0.160 slv=4.660 max=4.6603 n=1) cex=R/T/F=0/0/1 trsplit=0 sim=14.041(rmp=0.398 run=13.643 n=1 d=0) incr=loc/full/maxdirty/keys=0/0/0/0 chk= 0.000(d=1) stat= 0.154 rest= 0.296
  [bmc-incr i=388 repr=1 active=1375/176527 POs=1]
BMC : c =    1373  cl =   4503  lit =  176526  p =     0  d =     0  f =     1  +  T =     0.03 sec
  [bmc-prof 388] wall=  28.293 p=     1 | ifo=  0.706(sd=0.174 nx=0.000 tfo=0.046 cnt=0.486) snap= 0.289 srm=  7.655 sat=  4.863(set=0.159 slv=4.702 max=4.7022 n=1) cex=R/T/F=0/0/1 trsplit=0 sim=14.296(rmp=0.392 run=13.903 n=1 d=0) incr=loc/full/maxdirty/keys=0/0/0/0 chk= 0.000(d=1) stat= 0.164 rest= 0.320
  [bmc-incr i=389 repr=1 active=1374/176526 POs=1]
BMC : c =    1372  cl =   4503  lit =  176525  p =     0  d =     0  f =     1  +  T =     0.03 sec
  [bmc-prof 389] wall=  31.658 p=     1 | ifo=  0.723(sd=0.179 nx=0.000 tfo=0.053 cnt=0.491) snap= 0.288 srm=  7.957 sat=  4.836(set=0.173 slv=4.660 max=4.6604 n=1) cex=R/T/F=0/0/1 trsplit=0 sim=17.405(rmp=0.411 run=16.993 n=1 d=0) incr=loc/full/maxdirty/keys=0/0/0/0 chk= 0.000(d=1) stat= 0.156 rest= 0.293
  [bmc-incr i=390 repr=1 active=1373/176525 POs=1]
BMC : c =    1371  cl =   4503  lit =  176524  p =     0  d =     0  f =     1  +  T =     0.03 sec
  [bmc-prof 390] wall=  31.328 p=     1 | ifo=  0.791(sd=0.177 nx=0.000 tfo=0.058 cnt=0.557) snap= 0.294 srm= 10.955 sat=  4.818(set=0.163 slv=4.653 max=4.6532 n=1) cex=R/T/F=0/0/1 trsplit=0 sim=14.017(rmp=0.403 run=13.613 n=1 d=0) incr=loc/full/maxdirty/keys=0/0/0/0 chk= 0.000(d=1) stat= 0.157 rest= 0.296
  [bmc-incr i=391 repr=1 active=1372/176524 POs=1]
BMC : c =    1370  cl =   4503  lit =  176523  p =     0  d =     0  f =     1  +  T =     0.03 sec
  [bmc-prof 391] wall=  28.376 p=     1 | ifo=  0.703(sd=0.173 nx=0.000 tfo=0.048 cnt=0.483) snap= 0.286 srm=  7.671 sat=  4.862(set=0.204 slv=4.657 max=4.6566 n=1) cex=R/T/F=0/0/1 trsplit=0 sim=14.395(rmp=0.410 run=13.985 n=1 d=0) incr=loc/full/maxdirty/keys=0/0/0/0 chk= 0.000(d=1) stat= 0.159 rest= 0.299
  [bmc-incr i=392 repr=1 active=1371/176523 POs=1]
BMC : c =    1369  cl =   4503  lit =  176522  p =     0  d =     0  f =     1  +  T =     0.03 sec
  [bmc-prof 392] wall=  28.385 p=     1 | ifo=  1.031(sd=0.178 nx=0.000 tfo=0.059 cnt=0.794) snap= 0.285 srm=  7.737 sat=  4.818(set=0.169 slv=4.648 max=4.6477 n=1) cex=R/T/F=0/0/1 trsplit=0 sim=14.041(rmp=0.402 run=13.638 n=1 d=0) incr=loc/full/maxdirty/keys=0/0/0/0 chk= 0.000(d=1) stat= 0.165 rest= 0.307
  [bmc-incr i=393 repr=1 active=1370/176522 POs=1]
BMC : c =    1368  cl =   4503  lit =  176521  p =     0  d =     0  f =     1  +  T =     0.03 sec
  [bmc-prof 393] wall=  31.990 p=     1 | ifo=  0.714(sd=0.175 nx=0.000 tfo=0.059 cnt=0.480) snap= 0.290 srm=  7.768 sat=  5.240(set=0.159 slv=5.079 max=5.0793 n=1) cex=R/T/F=0/0/1 trsplit=0 sim=17.520(rmp=0.434 run=17.085 n=1 d=0) incr=loc/full/maxdirty/keys=0/0/0/0 chk= 0.000(d=1) stat= 0.159 rest= 0.298
  [bmc-incr i=394 repr=1 active=1369/176521 POs=1]
BMC : c =    1367  cl =   4503  lit =  176520  p =     0  d =     0  f =     1  +  T =     0.03 sec
  [bmc-prof 394] wall=  29.066 p=     1 | ifo=  0.820(sd=0.177 nx=0.000 tfo=0.057 cnt=0.586) snap= 0.281 srm=  7.639 sat=  4.843(set=0.161 slv=4.680 max=4.6802 n=1) cex=R/T/F=0/0/1 trsplit=0 sim=15.032(rmp=0.402 run=14.629 n=1 d=0) incr=loc/full/maxdirty/keys=0/0/0/0 chk= 0.000(d=1) stat= 0.156 rest= 0.295
  [bmc-incr i=395 repr=1 active=1368/176520 POs=1]
BMC : c =    1366  cl =   4503  lit =  176519  p =     0  d =     0  f =     1  +  T =     0.03 sec
  [bmc-prof 395] wall=  28.140 p=     1 | ifo=  0.733(sd=0.181 nx=0.000 tfo=0.058 cnt=0.495) snap= 0.280 srm=  7.681 sat=  4.850(set=0.170 slv=4.678 max=4.6781 n=1) cex=R/T/F=0/0/1 trsplit=0 sim=14.059(rmp=0.401 run=13.657 n=1 d=0) incr=loc/full/maxdirty/keys=0/0/0/0 chk= 0.000(d=1) stat= 0.241 rest= 0.296
  [bmc-incr i=396 repr=1 active=1367/176519 POs=1]
BMC : c =    1365  cl =   4503  lit =  176518  p =     0  d =     0  f =     1  +  T =     0.03 sec
  [bmc-prof 396] wall=  29.544 p=     1 | ifo=  0.727(sd=0.176 nx=0.000 tfo=0.054 cnt=0.497) snap= 0.282 srm=  7.645 sat=  4.851(set=0.168 slv=4.682 max=4.6820 n=1) cex=R/T/F=0/0/1 trsplit=0 sim=15.562(rmp=1.250 run=14.311 n=1 d=0) incr=loc/full/maxdirty/keys=0/0/0/0 chk= 0.000(d=1) stat= 0.160 rest= 0.316
  [bmc-incr i=397 repr=1 active=1366/176518 POs=1]
BMC : c =    1364  cl =   4503  lit =  176517  p =     0  d =     0  f =     1  +  T =     0.03 sec
  [bmc-prof 397] wall=  28.068 p=     1 | ifo=  0.752(sd=0.180 nx=0.000 tfo=0.062 cnt=0.510) snap= 0.292 srm=  7.791 sat=  4.856(set=0.165 slv=4.689 max=4.6888 n=1) cex=R/T/F=0/0/1 trsplit=0 sim=13.917(rmp=0.409 run=13.506 n=1 d=0) incr=loc/full/maxdirty/keys=0/0/0/0 chk= 0.000(d=1) stat= 0.156 rest= 0.305
  [bmc-incr i=398 repr=1 active=1365/176517 POs=1]
BMC : c =    1363  cl =   4503  lit =  176516  p =     0  d =     0  f =     1  +  T =     0.03 sec
  [bmc-prof 398] wall=  28.176 p=     1 | ifo=  0.712(sd=0.175 nx=0.000 tfo=0.055 cnt=0.482) snap= 0.282 srm=  7.854 sat=  4.848(set=0.164 slv=4.682 max=4.6824 n=1) cex=R/T/F=0/0/1 trsplit=0 sim=14.024(rmp=0.405 run=13.619 n=1 d=0) incr=loc/full/maxdirty/keys=0/0/0/0 chk= 0.000(d=1) stat= 0.155 rest= 0.301
  [bmc-incr i=399 repr=1 active=1364/176516 POs=1]
BMC : c =    1362  cl =   4503  lit =  176515  p =     0  d =     0  f =     1  +  T =     0.03 sec
  [bmc-prof 399] wall=  29.053 p=     1 | ifo=  0.737(sd=0.174 nx=0.000 tfo=0.049 cnt=0.514) snap= 0.282 srm=  7.783 sat=  4.886(set=0.162 slv=4.722 max=4.7223 n=1) cex=R/T/F=0/0/1 trsplit=0 sim=14.885(rmp=0.396 run=14.488 n=1 d=0) incr=loc/full/maxdirty/keys=0/0/0/0 chk= 0.000(d=1) stat= 0.162 rest= 0.317
  [bmc-incr i=400 repr=1 active=1363/176515 POs=1]
BMC : c =    1361  cl =   4503  lit =  176514  p =     0  d =     0  f =     1  +  T =     0.03 sec
  [bmc-prof 400] wall=  28.841 p=     1 | ifo=  0.725(sd=0.178 nx=0.000 tfo=0.051 cnt=0.496) snap= 0.287 srm=  7.910 sat=  4.968(set=0.201 slv=4.765 max=4.7653 n=1) cex=R/T/F=0/0/1 trsplit=0 sim=14.502(rmp=0.439 run=14.062 n=1 d=0) incr=loc/full/maxdirty/keys=0/0/0/0 chk= 0.000(d=1) stat= 0.156 rest= 0.294
  [bmc-incr i=401 repr=1 active=1362/176514 POs=1]
BMC : c =    1360  cl =   4503  lit =  176513  p =     0  d =     0  f =     1  +  T =     0.03 sec
  [bmc-prof 401] wall=  29.614 p=     1 | ifo=  0.740(sd=0.191 nx=0.000 tfo=0.060 cnt=0.489) snap= 0.304 srm=  7.893 sat=  5.029(set=0.170 slv=4.858 max=4.8575 n=1) cex=R/T/F=0/0/1 trsplit=0 sim=15.183(rmp=0.508 run=14.674 n=1 d=0) incr=loc/full/maxdirty/keys=0/0/0/0 chk= 0.000(d=1) stat= 0.158 rest= 0.308
  [bmc-incr i=402 repr=1 active=1361/176513 POs=1]
BMC : c =    1359  cl =   4503  lit =  176512  p =     0  d =     0  f =     1  +  T =     0.03 sec
  [bmc-prof 402] wall=  28.306 p=     1 | ifo=  0.744(sd=0.179 nx=0.000 tfo=0.070 cnt=0.496) snap= 0.283 srm=  7.623 sat=  5.172(set=0.161 slv=5.007 max=5.0066 n=1) cex=R/T/F=0/0/1 trsplit=0 sim=13.990(rmp=0.398 run=13.592 n=1 d=0) incr=loc/full/maxdirty/keys=0/0/0/0 chk= 0.000(d=1) stat= 0.155 rest= 0.337
  [bmc-incr i=403 repr=1 active=1360/176512 POs=1]
BMC : c =    1358  cl =   4503  lit =  176511  p =     0  d =     0  f =     1  +  T =     0.03 sec
  [bmc-prof 403] wall=  28.109 p=     1 | ifo=  0.731(sd=0.183 nx=0.000 tfo=0.059 cnt=0.489) snap= 0.282 srm=  7.640 sat=  4.951(set=0.171 slv=4.779 max=4.7788 n=1) cex=R/T/F=0/0/1 trsplit=0 sim=14.055(rmp=0.406 run=13.649 n=1 d=0) incr=loc/full/maxdirty/keys=0/0/0/0 chk= 0.000(d=1) stat= 0.156 rest= 0.293
  [bmc-incr i=404 repr=1 active=1359/176511 POs=1]
BMC : c =    1357  cl =   4503  lit =  176510  p =     0  d =     0  f =     1  +  T =     0.03 sec
  [bmc-prof 404] wall=  29.510 p=     1 | ifo=  0.749(sd=0.179 nx=0.000 tfo=0.076 cnt=0.493) snap= 0.283 srm=  7.680 sat=  4.864(set=0.166 slv=4.696 max=4.6957 n=1) cex=R/T/F=0/0/1 trsplit=0 sim=15.430(rmp=0.497 run=14.932 n=1 d=0) incr=loc/full/maxdirty/keys=0/0/0/0 chk= 0.000(d=1) stat= 0.212 rest= 0.293
  [bmc-incr i=405 repr=1 active=1358/176510 POs=1]
BMC : c =    1356  cl =   4503  lit =  176509  p =     0  d =     0  f =     1  +  T =     0.03 sec
  [bmc-prof 405] wall=  29.490 p=     1 | ifo=  0.736(sd=0.183 nx=0.000 tfo=0.060 cnt=0.492) snap= 0.308 srm=  7.680 sat=  5.154(set=0.168 slv=4.984 max=4.9838 n=1) cex=R/T/F=0/0/1 trsplit=0 sim=15.130(rmp=0.442 run=14.687 n=1 d=0) incr=loc/full/maxdirty/keys=0/0/0/0 chk= 0.000(d=1) stat= 0.167 rest= 0.316
  [bmc-incr i=406 repr=1 active=1357/176509 POs=1]
BMC : c =    1355  cl =   4503  lit =  176508  p =     0  d =     0  f =     1  +  T =     0.03 sec
  [bmc-prof 406] wall=  29.193 p=     1 | ifo=  0.711(sd=0.176 nx=0.000 tfo=0.053 cnt=0.482) snap= 0.284 srm=  7.604 sat=  4.912(set=0.180 slv=4.730 max=4.7300 n=1) cex=R/T/F=0/0/1 trsplit=0 sim=15.216(rmp=0.433 run=14.782 n=1 d=0) incr=loc/full/maxdirty/keys=0/0/0/0 chk= 0.000(d=1) stat= 0.161 rest= 0.305
  [bmc-incr i=407 repr=1 active=1356/176508 POs=1]
BMC : c =    1354  cl =   4503  lit =  176507  p =     0  d =     0  f =     1  +  T =     0.03 sec
  [bmc-prof 407] wall=  28.801 p=     1 | ifo=  0.724(sd=0.181 nx=0.000 tfo=0.062 cnt=0.481) snap= 0.297 srm=  8.065 sat=  5.052(set=0.168 slv=4.882 max=4.8824 n=1) cex=R/T/F=0/0/1 trsplit=0 sim=14.206(rmp=0.403 run=13.803 n=1 d=0) incr=loc/full/maxdirty/keys=0/0/0/0 chk= 0.000(d=1) stat= 0.161 rest= 0.295
  [bmc-incr i=408 repr=1 active=1355/176507 POs=1]
BMC : c =    1353  cl =   4503  lit =  176506  p =     0  d =     0  f =     1  +  T =     0.03 sec
  [bmc-prof 408] wall=  28.096 p=     1 | ifo=  0.715(sd=0.176 nx=0.000 tfo=0.056 cnt=0.482) snap= 0.290 srm=  7.559 sat=  4.887(set=0.161 slv=4.725 max=4.7245 n=1) cex=R/T/F=0/0/1 trsplit=0 sim=14.202(rmp=0.406 run=13.795 n=1 d=0) incr=loc/full/maxdirty/keys=0/0/0/0 chk= 0.000(d=1) stat= 0.153 rest= 0.291
  [bmc-incr i=409 repr=1 active=1354/176506 POs=1]
BMC : c =    1352  cl =   4503  lit =  176505  p =     0  d =     0  f =     1  +  T =     0.03 sec
  [bmc-prof 409] wall=  31.400 p=     1 | ifo=  1.072(sd=0.175 nx=0.000 tfo=0.046 cnt=0.850) snap= 0.287 srm=  9.858 sat=  4.961(set=0.162 slv=4.798 max=4.7980 n=1) cex=R/T/F=0/0/1 trsplit=0 sim=14.721(rmp=0.429 run=14.291 n=1 d=0) incr=loc/full/maxdirty/keys=0/0/0/0 chk= 0.000(d=1) stat= 0.163 rest= 0.339
  [bmc-incr i=410 repr=1 active=1353/176505 POs=1]
BMC : c =    1351  cl =   4503  lit =  176504  p =     0  d =     0  f =     1  +  T =     0.03 sec
  [bmc-prof 410] wall=  28.873 p=     1 | ifo=  0.735(sd=0.179 nx=0.000 tfo=0.064 cnt=0.492) snap= 0.296 srm=  7.940 sat=  4.901(set=0.176 slv=4.723 max=4.7229 n=1) cex=R/T/F=0/0/1 trsplit=0 sim=14.511(rmp=0.412 run=14.097 n=1 d=0) incr=loc/full/maxdirty/keys=0/0/0/0 chk= 0.000(d=1) stat= 0.172 rest= 0.318
  [bmc-incr i=411 repr=1 active=1352/176504 POs=1]
BMC : c =    1350  cl =   4503  lit =  176503  p =     0  d =     0  f =     1  +  T =     0.03 sec
  [bmc-prof 411] wall=  28.860 p=     1 | ifo=  0.774(sd=0.189 nx=0.000 tfo=0.082 cnt=0.503) snap= 0.287 srm=  8.079 sat=  4.913(set=0.194 slv=4.717 max=4.7172 n=1) cex=R/T/F=0/0/1 trsplit=0 sim=14.353(rmp=0.430 run=13.922 n=1 d=0) incr=loc/full/maxdirty/keys=0/0/0/0 chk= 0.000(d=1) stat= 0.155 rest= 0.299
  [bmc-incr i=412 repr=1 active=1351/176503 POs=1]
BMC : c =    1349  cl =   4503  lit =  176502  p =     0  d =     0  f =     1  +  T =     0.03 sec
  [bmc-prof 412] wall=  29.100 p=     1 | ifo=  0.788(sd=0.211 nx=0.000 tfo=0.084 cnt=0.494) snap= 0.284 srm=  8.500 sat=  4.888(set=0.173 slv=4.713 max=4.7131 n=1) cex=R/T/F=0/0/1 trsplit=0 sim=14.193(rmp=0.397 run=13.796 n=1 d=0) incr=loc/full/maxdirty/keys=0/0/0/0 chk= 0.000(d=1) stat= 0.155 rest= 0.292
  [bmc-incr i=413 repr=1 active=1350/176502 POs=1]
BMC : c =    1348  cl =   4503  lit =  176501  p =     0  d =     0  f =     1  +  T =     0.03 sec
  [bmc-prof 413] wall=  28.288 p=     1 | ifo=  0.744(sd=0.177 nx=0.000 tfo=0.074 cnt=0.492) snap= 0.284 srm=  7.801 sat=  4.885(set=0.174 slv=4.709 max=4.7092 n=1) cex=R/T/F=0/0/1 trsplit=0 sim=14.077(rmp=0.407 run=13.670 n=1 d=0) incr=loc/full/maxdirty/keys=0/0/0/0 chk= 0.000(d=1) stat= 0.206 rest= 0.291
  [bmc-incr i=414 repr=1 active=1349/176501 POs=1]
BMC : c =    1347  cl =   4503  lit =  176500  p =     0  d =     0  f =     1  +  T =     0.03 sec
  [bmc-prof 414] wall=  29.968 p=     1 | ifo=  0.724(sd=0.188 nx=0.000 tfo=0.053 cnt=0.482) snap= 0.283 srm=  7.572 sat=  4.999(set=0.185 slv=4.812 max=4.8119 n=1) cex=R/T/F=0/0/1 trsplit=0 sim=15.706(rmp=0.445 run=15.260 n=1 d=0) incr=loc/full/maxdirty/keys=0/0/0/0 chk= 0.000(d=1) stat= 0.191 rest= 0.494
  [bmc-incr i=415 repr=1 active=1348/176500 POs=1]
BMC : c =    1346  cl =   4503  lit =  176499  p =     0  d =     0  f =     1  +  T =     0.03 sec
  [bmc-prof 415] wall=  29.632 p=     1 | ifo=  0.728(sd=0.180 nx=0.000 tfo=0.064 cnt=0.484) snap= 0.285 srm=  8.055 sat=  5.119(set=0.169 slv=4.949 max=4.9487 n=1) cex=R/T/F=0/0/1 trsplit=0 sim=14.996(rmp=0.397 run=14.599 n=1 d=0) incr=loc/full/maxdirty/keys=0/0/0/0 chk= 0.000(d=1) stat= 0.156 rest= 0.293
  [bmc-incr i=416 repr=1 active=1347/176499 POs=1]
BMC : c =    1345  cl =   4503  lit =  176498  p =     0  d =     0  f =     1  +  T =     0.03 sec
  [bmc-prof 416] wall=  28.109 p=     1 | ifo=  0.723(sd=0.185 nx=0.000 tfo=0.055 cnt=0.482) snap= 0.280 srm=  7.549 sat=  5.012(set=0.168 slv=4.842 max=4.8424 n=1) cex=R/T/F=0/0/1 trsplit=0 sim=14.000(rmp=0.403 run=13.596 n=1 d=0) incr=loc/full/maxdirty/keys=0/0/0/0 chk= 0.000(d=1) stat= 0.157 rest= 0.388
  [bmc-incr i=417 repr=1 active=1346/176498 POs=1]
BMC : c =    1344  cl =   4503  lit =  176497  p =     0  d =     0  f =     1  +  T =     0.03 sec
  [bmc-prof 417] wall=  28.462 p=     1 | ifo=  0.725(sd=0.178 nx=0.000 tfo=0.057 cnt=0.490) snap= 0.296 srm=  7.589 sat=  4.889(set=0.160 slv=4.727 max=4.7271 n=1) cex=R/T/F=0/0/1 trsplit=0 sim=14.503(rmp=0.399 run=14.102 n=1 d=0) incr=loc/full/maxdirty/keys=0/0/0/0 chk= 0.000(d=1) stat= 0.161 rest= 0.299
  [bmc-incr i=418 repr=1 active=1345/176497 POs=1]
BMC : c =    1343  cl =   4503  lit =  176496  p =     0  d =     0  f =     1  +  T =     0.03 sec
  [bmc-prof 418] wall=  28.332 p=     1 | ifo=  0.734(sd=0.194 nx=0.000 tfo=0.058 cnt=0.482) snap= 0.284 srm=  7.707 sat=  4.908(set=0.166 slv=4.740 max=4.7402 n=1) cex=R/T/F=0/0/1 trsplit=0 sim=14.237(rmp=0.419 run=13.818 n=1 d=0) incr=loc/full/maxdirty/keys=0/0/0/0 chk= 0.000(d=1) stat= 0.156 rest= 0.305
  [bmc-incr i=419 repr=1 active=1344/176496 POs=1]
BMC : c =    1342  cl =   4503  lit =  176495  p =     0  d =     0  f =     1  +  T =     0.03 sec
  [bmc-prof 419] wall=  29.077 p=     1 | ifo=  0.752(sd=0.189 nx=0.000 tfo=0.060 cnt=0.503) snap= 0.291 srm=  7.884 sat=  4.901(set=0.182 slv=4.716 max=4.7165 n=1) cex=R/T/F=0/0/1 trsplit=0 sim=14.785(rmp=0.459 run=14.325 n=1 d=0) incr=loc/full/maxdirty/keys=0/0/0/0 chk= 0.000(d=1) stat= 0.164 rest= 0.301
  [bmc-incr i=420 repr=1 active=1343/176495 POs=1]
BMC : c =    1341  cl =   4503  lit =  176494  p =     0  d =     0  f =     1  +  T =     0.03 sec
  [bmc-prof 420] wall=  28.134 p=     1 | ifo=  0.724(sd=0.178 nx=0.000 tfo=0.063 cnt=0.483) snap= 0.286 srm=  7.678 sat=  4.869(set=0.163 slv=4.703 max=4.7033 n=1) cex=R/T/F=0/0/1 trsplit=0 sim=14.136(rmp=0.409 run=13.726 n=1 d=0) incr=loc/full/maxdirty/keys=0/0/0/0 chk= 0.000(d=1) stat= 0.153 rest= 0.289
  [bmc-incr i=421 repr=1 active=1342/176494 POs=1]
BMC : c =    1340  cl =   4503  lit =  176493  p =     0  d =     0  f =     1  +  T =     0.03 sec
  [bmc-prof 421] wall=  28.157 p=     1 | ifo=  0.813(sd=0.176 nx=0.000 tfo=0.055 cnt=0.582) snap= 0.287 srm=  7.653 sat=  4.901(set=0.163 slv=4.736 max=4.7356 n=1) cex=R/T/F=0/0/1 trsplit=0 sim=14.057(rmp=0.413 run=13.643 n=1 d=0) incr=loc/full/maxdirty/keys=0/0/0/0 chk= 0.000(d=1) stat= 0.155 rest= 0.291
  [bmc-incr i=422 repr=1 active=1341/176493 POs=1]
BMC : c =    1339  cl =   4503  lit =  176492  p =     0  d =     0  f =     1  +  T =     0.03 sec
  [bmc-prof 422] wall=  28.281 p=     1 | ifo=  0.722(sd=0.173 nx=0.000 tfo=0.051 cnt=0.498) snap= 0.281 srm=  7.704 sat=  4.983(set=0.166 slv=4.815 max=4.8151 n=1) cex=R/T/F=0/0/1 trsplit=0 sim=14.096(rmp=0.394 run=13.702 n=1 d=0) incr=loc/full/maxdirty/keys=0/0/0/0 chk= 0.000(d=1) stat= 0.156 rest= 0.339
  [bmc-incr i=423 repr=1 active=1340/176492 POs=1]
BMC : c =    1338  cl =   4503  lit =  176491  p =     0  d =     0  f =     1  +  T =     0.03 sec
  [bmc-prof 423] wall=  28.691 p=     1 | ifo=  0.700(sd=0.174 nx=0.000 tfo=0.045 cnt=0.481) snap= 0.293 srm=  7.975 sat=  5.103(set=0.171 slv=4.930 max=4.9296 n=1) cex=R/T/F=0/0/1 trsplit=0 sim=14.173(rmp=0.419 run=13.753 n=1 d=0) incr=loc/full/maxdirty/keys=0/0/0/0 chk= 0.000(d=1) stat= 0.155 rest= 0.292
  [bmc-incr i=424 repr=1 active=1339/176491 POs=1]
BMC : c =    1337  cl =   4503  lit =  176490  p =     0  d =     0  f =     1  +  T =     0.04 sec
  [bmc-prof 424] wall=  36.566 p=     1 | ifo=  0.736(sd=0.187 nx=0.000 tfo=0.059 cnt=0.490) snap= 0.294 srm= 13.560 sat=  6.401(set=0.182 slv=6.216 max=6.2159 n=1) cex=R/T/F=0/0/1 trsplit=0 sim=15.023(rmp=0.764 run=14.258 n=1 d=0) incr=loc/full/maxdirty/keys=0/0/0/0 chk= 0.000(d=1) stat= 0.156 rest= 0.395
  [bmc-incr i=425 repr=1 active=1338/176490 POs=1]
BMC : c =    1336  cl =   4503  lit =  176489  p =     0  d =     0  f =     1  +  T =     0.03 sec
  [bmc-prof 425] wall=  28.273 p=     1 | ifo=  0.728(sd=0.185 nx=0.000 tfo=0.060 cnt=0.483) snap= 0.280 srm=  7.595 sat=  4.906(set=0.162 slv=4.743 max=4.7426 n=1) cex=R/T/F=0/0/1 trsplit=0 sim=14.311(rmp=0.400 run=13.911 n=1 d=0) incr=loc/full/maxdirty/keys=0/0/0/0 chk= 0.000(d=1) stat= 0.158 rest= 0.294
  [bmc-incr i=426 repr=1 active=1337/176489 POs=1]
BMC : c =    1335  cl =   4503  lit =  176488  p =     0  d =     0  f =     1  +  T =     0.03 sec
  [bmc-prof 426] wall=  28.633 p=     1 | ifo=  0.787(sd=0.175 nx=0.000 tfo=0.049 cnt=0.563) snap= 0.282 srm=  7.574 sat=  4.933(set=0.168 slv=4.763 max=4.7633 n=1) cex=R/T/F=0/0/1 trsplit=0 sim=14.594(rmp=0.404 run=14.189 n=1 d=0) incr=loc/full/maxdirty/keys=0/0/0/0 chk= 0.000(d=1) stat= 0.168 rest= 0.295
  [bmc-incr i=427 repr=1 active=1336/176488 POs=1]
BMC : c =    1334  cl =   4503  lit =  176487  p =     0  d =     0  f =     1  +  T =     0.03 sec
  [bmc-prof 427] wall=  29.502 p=     1 | ifo=  0.778(sd=0.201 nx=0.000 tfo=0.080 cnt=0.497) snap= 0.288 srm=  8.601 sat=  4.934(set=0.180 slv=4.752 max=4.7520 n=1) cex=R/T/F=0/0/1 trsplit=0 sim=14.451(rmp=0.427 run=14.023 n=1 d=0) incr=loc/full/maxdirty/keys=0/0/0/0 chk= 0.000(d=1) stat= 0.153 rest= 0.297
  [bmc-incr i=428 repr=1 active=1335/176487 POs=1]
BMC : c =    1333  cl =   4503  lit =  176486  p =     0  d =     0  f =     1  +  T =     0.03 sec
  [bmc-prof 428] wall=  28.889 p=     1 | ifo=  0.730(sd=0.181 nx=0.000 tfo=0.059 cnt=0.491) snap= 0.293 srm=  8.428 sat=  4.896(set=0.166 slv=4.729 max=4.7286 n=1) cex=R/T/F=0/0/1 trsplit=0 sim=14.072(rmp=0.395 run=13.676 n=1 d=0) incr=loc/full/maxdirty/keys=0/0/0/0 chk= 0.000(d=1) stat= 0.168 rest= 0.302
  [bmc-incr i=429 repr=1 active=1334/176486 POs=1]
BMC : c =    1332  cl =   4503  lit =  176485  p =     0  d =     0  f =     1  +  T =     0.03 sec
  [bmc-prof 429] wall=  28.705 p=     1 | ifo=  0.747(sd=0.186 nx=0.000 tfo=0.056 cnt=0.505) snap= 0.307 srm=  7.849 sat=  5.159(set=0.162 slv=4.994 max=4.9937 n=1) cex=R/T/F=0/0/1 trsplit=0 sim=14.191(rmp=0.417 run=13.774 n=1 d=0) incr=loc/full/maxdirty/keys=0/0/0/0 chk= 0.000(d=1) stat= 0.158 rest= 0.295
  [bmc-incr i=430 repr=1 active=1333/176485 POs=1]
BMC : c =    1331  cl =   4503  lit =  176484  p =     0  d =     0  f =     1  +  T =     0.03 sec
  [bmc-prof 430] wall=  28.594 p=     1 | ifo=  0.745(sd=0.192 nx=0.000 tfo=0.069 cnt=0.483) snap= 0.283 srm=  7.858 sat=  4.929(set=0.163 slv=4.763 max=4.7634 n=1) cex=R/T/F=0/0/1 trsplit=0 sim=14.322(rmp=0.400 run=13.921 n=1 d=0) incr=loc/full/maxdirty/keys=0/0/0/0 chk= 0.000(d=1) stat= 0.167 rest= 0.291
  [bmc-incr i=431 repr=1 active=1332/176484 POs=1]
BMC : c =    1330  cl =   4503  lit =  176483  p =     0  d =     0  f =     1  +  T =     0.03 sec
  [bmc-prof 431] wall=  28.417 p=     1 | ifo=  0.716(sd=0.174 nx=0.000 tfo=0.051 cnt=0.491) snap= 0.283 srm=  7.745 sat=  4.942(set=0.164 slv=4.775 max=4.7754 n=1) cex=R/T/F=0/0/1 trsplit=0 sim=14.202(rmp=0.415 run=13.786 n=1 d=0) incr=loc/full/maxdirty/keys=0/0/0/0 chk= 0.000(d=1) stat= 0.162 rest= 0.366
  [bmc-incr i=432 repr=1 active=1331/176483 POs=1]
BMC : c =    1329  cl =   4503  lit =  176482  p =     0  d =     0  f =     1  +  T =     0.03 sec
  [bmc-prof 432] wall=  32.356 p=     1 | ifo=  0.725(sd=0.189 nx=0.000 tfo=0.053 cnt=0.483) snap= 1.087 srm=  9.698 sat=  5.659(set=0.566 slv=5.091 max=5.0908 n=1) cex=R/T/F=0/0/1 trsplit=0 sim=14.717(rmp=0.442 run=14.274 n=1 d=0) incr=loc/full/maxdirty/keys=0/0/0/0 chk= 0.000(d=1) stat= 0.157 rest= 0.314
  [bmc-incr i=433 repr=1 active=1330/176482 POs=1]
BMC : c =    1328  cl =   4503  lit =  176481  p =     0  d =     0  f =     1  +  T =     0.03 sec
  [bmc-prof 433] wall=  28.165 p=     1 | ifo=  0.738(sd=0.180 nx=0.000 tfo=0.057 cnt=0.501) snap= 0.283 srm=  7.787 sat=  4.911(set=0.164 slv=4.745 max=4.7452 n=1) cex=R/T/F=0/0/1 trsplit=0 sim=13.983(rmp=0.401 run=13.581 n=1 d=0) incr=loc/full/maxdirty/keys=0/0/0/0 chk= 0.000(d=1) stat= 0.160 rest= 0.303
  [bmc-incr i=434 repr=1 active=1329/176481 POs=1]
BMC : c =    1327  cl =   4503  lit =  176480  p =     0  d =     0  f =     1  +  T =     0.03 sec
  [bmc-prof 434] wall=  28.827 p=     1 | ifo=  0.763(sd=0.196 nx=0.000 tfo=0.073 cnt=0.495) snap= 0.297 srm=  7.780 sat=  4.902(set=0.162 slv=4.739 max=4.7387 n=1) cex=R/T/F=0/0/1 trsplit=0 sim=14.632(rmp=0.405 run=14.226 n=1 d=0) incr=loc/full/maxdirty/keys=0/0/0/0 chk= 0.000(d=1) stat= 0.157 rest= 0.295
  [bmc-incr i=435 repr=1 active=1328/176480 POs=1]
BMC : c =    1326  cl =   4503  lit =  176479  p =     0  d =     0  f =     1  +  T =     0.03 sec
  [bmc-prof 435] wall=  29.936 p=     1 | ifo=  0.766(sd=0.196 nx=0.000 tfo=0.075 cnt=0.495) snap= 0.286 srm=  8.802 sat=  5.130(set=0.180 slv=4.948 max=4.9478 n=1) cex=R/T/F=0/0/1 trsplit=0 sim=14.499(rmp=0.447 run=14.051 n=1 d=0) incr=loc/full/maxdirty/keys=0/0/0/0 chk= 0.000(d=1) stat= 0.156 rest= 0.297
  [bmc-incr i=436 repr=1 active=1327/176479 POs=1]
BMC : c =    1325  cl =   4503  lit =  176478  p =     0  d =     0  f =     1  +  T =     0.03 sec
  [bmc-prof 436] wall=  29.610 p=     1 | ifo=  0.756(sd=0.180 nx=0.000 tfo=0.064 cnt=0.512) snap= 0.300 srm=  8.027 sat=  4.988(set=0.180 slv=4.806 max=4.8056 n=1) cex=R/T/F=0/0/1 trsplit=0 sim=15.067(rmp=0.402 run=14.663 n=1 d=0) incr=loc/full/maxdirty/keys=0/0/0/0 chk= 0.000(d=1) stat= 0.160 rest= 0.313
  [bmc-incr i=437 repr=1 active=1326/176478 POs=1]
BMC : c =    1324  cl =   4503  lit =  176477  p =     0  d =     0  f =     1  +  T =     0.03 sec
  [bmc-prof 437] wall=  28.650 p=     1 | ifo=  0.735(sd=0.191 nx=0.000 tfo=0.059 cnt=0.486) snap= 0.294 srm=  8.009 sat=  4.934(set=0.178 slv=4.753 max=4.7534 n=1) cex=R/T/F=0/0/1 trsplit=0 sim=14.232(rmp=0.405 run=13.826 n=1 d=0) incr=loc/full/maxdirty/keys=0/0/0/0 chk= 0.000(d=1) stat= 0.156 rest= 0.290
  [bmc-incr i=438 repr=1 active=1325/176477 POs=1]
BMC : c =    1323  cl =   4503  lit =  176476  p =     0  d =     0  f =     1  +  T =     0.03 sec
  [bmc-prof 438] wall=  28.165 p=     1 | ifo=  0.732(sd=0.181 nx=0.000 tfo=0.059 cnt=0.492) snap= 0.290 srm=  7.672 sat=  4.978(set=0.176 slv=4.800 max=4.7999 n=1) cex=R/T/F=0/0/1 trsplit=0 sim=14.053(rmp=0.401 run=13.651 n=1 d=0) incr=loc/full/maxdirty/keys=0/0/0/0 chk= 0.000(d=1) stat= 0.153 rest= 0.289
  [bmc-incr i=439 repr=1 active=1324/176476 POs=1]
BMC : c =    1322  cl =   4503  lit =  176475  p =     0  d =     0  f =     1  +  T =     0.03 sec
  [bmc-prof 439] wall=  29.263 p=     1 | ifo=  0.708(sd=0.175 nx=0.000 tfo=0.049 cnt=0.484) snap= 0.460 srm=  7.702 sat=  5.600(set=0.662 slv=4.936 max=4.9362 n=1) cex=R/T/F=0/0/1 trsplit=0 sim=14.328(rmp=0.421 run=13.906 n=1 d=0) incr=loc/full/maxdirty/keys=0/0/0/0 chk= 0.000(d=1) stat= 0.164 rest= 0.301
  [bmc-incr i=440 repr=1 active=1323/176475 POs=1]
BMC : c =    1321  cl =   4503  lit =  176474  p =     0  d =     0  f =     1  +  T =     0.03 sec
  [bmc-prof 440] wall=  28.067 p=     1 | ifo=  0.713(sd=0.176 nx=0.000 tfo=0.046 cnt=0.491) snap= 0.289 srm=  7.590 sat=  5.000(set=0.160 slv=4.838 max=4.8385 n=1) cex=R/T/F=0/0/1 trsplit=0 sim=14.022(rmp=0.395 run=13.626 n=1 d=0) incr=loc/full/maxdirty/keys=0/0/0/0 chk= 0.000(d=1) stat= 0.164 rest= 0.289
  [bmc-incr i=441 repr=1 active=1322/176474 POs=1]
BMC : c =    1320  cl =   4503  lit =  176473  p =     0  d =     0  f =     1  +  T =     0.03 sec
  [bmc-prof 441] wall=  28.936 p=     1 | ifo=  0.698(sd=0.175 nx=0.000 tfo=0.042 cnt=0.480) snap= 0.283 srm=  7.650 sat=  4.924(set=0.162 slv=4.760 max=4.7598 n=1) cex=R/T/F=0/0/1 trsplit=0 sim=14.919(rmp=0.727 run=14.192 n=1 d=0) incr=loc/full/maxdirty/keys=0/0/0/0 chk= 0.000(d=1) stat= 0.161 rest= 0.301
  [bmc-incr i=442 repr=1 active=1321/176473 POs=1]
BMC : c =    1319  cl =   4503  lit =  176472  p =     0  d =     0  f =     1  +  T =     0.03 sec
  [bmc-prof 442] wall=  28.445 p=     1 | ifo=  0.749(sd=0.204 nx=0.000 tfo=0.060 cnt=0.485) snap= 0.291 srm=  7.865 sat=  5.018(set=0.169 slv=4.847 max=4.8465 n=1) cex=R/T/F=0/0/1 trsplit=0 sim=14.072(rmp=0.403 run=13.668 n=1 d=0) incr=loc/full/maxdirty/keys=0/0/0/0 chk= 0.000(d=1) stat= 0.156 rest= 0.293
  [bmc-incr i=443 repr=1 active=1320/176472 POs=1]
BMC : c =    1318  cl =   4503  lit =  176471  p =     0  d =     0  f =     1  +  T =     0.03 sec
  [bmc-prof 443] wall=  28.630 p=     1 | ifo=  1.040(sd=0.200 nx=0.000 tfo=0.249 cnt=0.591) snap= 0.288 srm=  7.742 sat=  4.933(set=0.162 slv=4.769 max=4.7692 n=1) cex=R/T/F=0/0/1 trsplit=0 sim=14.171(rmp=0.402 run=13.768 n=1 d=0) incr=loc/full/maxdirty/keys=0/0/0/0 chk= 0.000(d=1) stat= 0.164 rest= 0.291
  [bmc-incr i=444 repr=1 active=1319/176471 POs=1]
BMC : c =    1317  cl =   4503  lit =  176470  p =     0  d =     0  f =     1  +  T =     0.03 sec
  [bmc-prof 444] wall=  32.877 p=     1 | ifo=  0.747(sd=0.196 nx=0.000 tfo=0.052 cnt=0.498) snap= 0.297 srm= 10.276 sat=  5.680(set=0.542 slv=5.135 max=5.1349 n=1) cex=R/T/F=0/0/1 trsplit=0 sim=15.258(rmp=0.441 run=14.816 n=1 d=0) incr=loc/full/maxdirty/keys=0/0/0/0 chk= 0.000(d=1) stat= 0.190 rest= 0.429
  [bmc-incr i=445 repr=1 active=1318/176470 POs=1]
BMC : c =    1316  cl =   4503  lit =  176469  p =     0  d =     0  f =     1  +  T =     0.03 sec
  [bmc-prof 445] wall=  28.934 p=     1 | ifo=  0.779(sd=0.195 nx=0.000 tfo=0.088 cnt=0.496) snap= 0.287 srm=  8.057 sat=  4.970(set=0.189 slv=4.779 max=4.7795 n=1) cex=R/T/F=0/0/1 trsplit=0 sim=14.392(rmp=0.405 run=13.986 n=1 d=0) incr=loc/full/maxdirty/keys=0/0/0/0 chk= 0.000(d=1) stat= 0.157 rest= 0.292
  [bmc-incr i=446 repr=1 active=1317/176469 POs=1]
BMC : c =    1315  cl =   4503  lit =  176468  p =     0  d =     0  f =     1  +  T =     0.03 sec
  [bmc-prof 446] wall=  28.626 p=     1 | ifo=  0.733(sd=0.177 nx=0.000 tfo=0.058 cnt=0.498) snap= 0.282 srm=  7.619 sat=  4.925(set=0.160 slv=4.763 max=4.7632 n=1) cex=R/T/F=0/0/1 trsplit=0 sim=14.617(rmp=0.415 run=14.201 n=1 d=0) incr=loc/full/maxdirty/keys=0/0/0/0 chk= 0.000(d=1) stat= 0.158 rest= 0.292
  [bmc-incr i=447 repr=1 active=1316/176468 POs=1]
BMC : c =    1314  cl =   4503  lit =  176467  p =     0  d =     0  f =     1  +  T =     0.03 sec
  [bmc-prof 447] wall=  29.446 p=     1 | ifo=  1.295(sd=0.689 nx=0.000 tfo=0.076 cnt=0.530) snap= 0.286 srm=  8.365 sat=  4.938(set=0.166 slv=4.770 max=4.7704 n=1) cex=R/T/F=0/0/1 trsplit=0 sim=14.114(rmp=0.416 run=13.697 n=1 d=0) incr=loc/full/maxdirty/keys=0/0/0/0 chk= 0.000(d=1) stat= 0.157 rest= 0.291
  [bmc-incr i=448 repr=1 active=1315/176467 POs=1]
BMC : c =    1313  cl =   4503  lit =  176466  p =     0  d =     0  f =     1  +  T =     0.03 sec
  [bmc-prof 448] wall=  28.302 p=     1 | ifo=  0.806(sd=0.173 nx=0.000 tfo=0.050 cnt=0.584) snap= 0.291 srm=  7.687 sat=  4.987(set=0.163 slv=4.822 max=4.8221 n=1) cex=R/T/F=0/0/1 trsplit=0 sim=14.076(rmp=0.404 run=13.672 n=1 d=0) incr=loc/full/maxdirty/keys=0/0/0/0 chk= 0.000(d=1) stat= 0.157 rest= 0.298
  [bmc-incr i=449 repr=1 active=1314/176466 POs=1]
BMC : c =    1312  cl =   4503  lit =  176465  p =     0  d =     0  f =     1  +  T =     0.03 sec
  [bmc-prof 449] wall=  29.073 p=     1 | ifo=  0.724(sd=0.177 nx=0.000 tfo=0.050 cnt=0.497) snap= 0.297 srm=  7.653 sat=  5.587(set=0.162 slv=5.422 max=5.4224 n=1) cex=R/T/F=0/0/1 trsplit=0 sim=14.342(rmp=0.455 run=13.887 n=1 d=0) incr=loc/full/maxdirty/keys=0/0/0/0 chk= 0.000(d=1) stat= 0.162 rest= 0.308
  [bmc-incr i=450 repr=1 active=1313/176465 POs=1]
BMC : c =    1311  cl =   4503  lit =  176464  p =     0  d =     0  f =     1  +  T =     0.03 sec
  [bmc-prof 450] wall=  28.225 p=     1 | ifo=  0.773(sd=0.184 nx=0.000 tfo=0.086 cnt=0.503) snap= 0.293 srm=  7.768 sat=  4.945(set=0.165 slv=4.778 max=4.7783 n=1) cex=R/T/F=0/0/1 trsplit=0 sim=13.996(rmp=0.409 run=13.586 n=1 d=0) incr=loc/full/maxdirty/keys=0/0/0/0 chk= 0.000(d=1) stat= 0.160 rest= 0.289
  [bmc-incr i=451 repr=1 active=1312/176464 POs=1]
BMC : c =    1310  cl =   4503  lit =  176463  p =     0  d =     0  f =     1  +  T =     0.03 sec
  [bmc-prof 451] wall=  28.271 p=     1 | ifo=  0.713(sd=0.175 nx=0.000 tfo=0.048 cnt=0.490) snap= 0.280 srm=  7.729 sat=  4.937(set=0.158 slv=4.777 max=4.7775 n=1) cex=R/T/F=0/0/1 trsplit=0 sim=14.168(rmp=0.411 run=13.756 n=1 d=0) incr=loc/full/maxdirty/keys=0/0/0/0 chk= 0.000(d=1) stat= 0.153 rest= 0.290
  [bmc-incr i=452 repr=1 active=1311/176463 POs=1]
BMC : c =    1309  cl =   4503  lit =  176462  p =     0  d =     0  f =     1  +  T =     0.03 sec
  [bmc-prof 452] wall=  28.351 p=     1 | ifo=  0.716(sd=0.182 nx=0.000 tfo=0.046 cnt=0.488) snap= 0.285 srm=  7.669 sat=  4.996(set=0.179 slv=4.816 max=4.8156 n=1) cex=R/T/F=0/0/1 trsplit=0 sim=14.180(rmp=0.410 run=13.769 n=1 d=0) incr=loc/full/maxdirty/keys=0/0/0/0 chk= 0.000(d=1) stat= 0.160 rest= 0.344
  [bmc-incr i=453 repr=1 active=1310/176462 POs=1]
BMC : c =    1308  cl =   4503  lit =  176461  p =     0  d =     0  f =     1  +  T =     0.03 sec
  [bmc-prof 453] wall=  31.669 p=     1 | ifo=  0.721(sd=0.177 nx=0.000 tfo=0.051 cnt=0.493) snap= 0.288 srm=  8.495 sat=  4.996(set=0.184 slv=4.810 max=4.8105 n=1) cex=R/T/F=0/0/1 trsplit=0 sim=16.704(rmp=0.431 run=16.272 n=1 d=0) incr=loc/full/maxdirty/keys=0/0/0/0 chk= 0.000(d=1) stat= 0.168 rest= 0.297
  [bmc-incr i=454 repr=1 active=1309/176461 POs=1]
BMC : c =    1307  cl =   4503  lit =  176460  p =     0  d =     0  f =     1  +  T =     0.03 sec
  [bmc-prof 454] wall=  31.148 p=     1 | ifo=  0.718(sd=0.179 nx=0.000 tfo=0.057 cnt=0.483) snap= 0.291 srm= 10.032 sat=  4.983(set=0.180 slv=4.801 max=4.8007 n=1) cex=R/T/F=0/0/1 trsplit=0 sim=14.649(rmp=0.455 run=14.193 n=1 d=0) incr=loc/full/maxdirty/keys=0/0/0/0 chk= 0.000(d=1) stat= 0.167 rest= 0.307
  [bmc-incr i=455 repr=1 active=1308/176460 POs=1]
BMC : c =    1306  cl =   4503  lit =  176459  p =     0  d =     0  f =     1  +  T =     0.03 sec
  [bmc-prof 455] wall=  28.246 p=     1 | ifo=  0.732(sd=0.180 nx=0.000 tfo=0.060 cnt=0.492) snap= 0.290 srm=  7.684 sat=  5.038(set=0.169 slv=4.867 max=4.8674 n=1) cex=R/T/F=0/0/1 trsplit=0 sim=14.056(rmp=0.395 run=13.660 n=1 d=0) incr=loc/full/maxdirty/keys=0/0/0/0 chk= 0.000(d=1) stat= 0.154 rest= 0.291
  [bmc-incr i=456 repr=1 active=1307/176459 POs=1]
BMC : c =    1305  cl =   4503  lit =  176458  p =     0  d =     0  f =     1  +  T =     0.03 sec
  [bmc-prof 456] wall=  28.221 p=     1 | ifo=  0.721(sd=0.175 nx=0.000 tfo=0.052 cnt=0.494) snap= 0.282 srm=  7.636 sat=  4.995(set=0.162 slv=4.831 max=4.8310 n=1) cex=R/T/F=0/0/1 trsplit=0 sim=14.143(rmp=0.413 run=13.730 n=1 d=0) incr=loc/full/maxdirty/keys=0/0/0/0 chk= 0.000(d=1) stat= 0.155 rest= 0.290
  [bmc-incr i=457 repr=1 active=1306/176458 POs=1]
BMC : c =    1304  cl =   4503  lit =  176457  p =     0  d =     0  f =     1  +  T =     0.03 sec
  [bmc-prof 457] wall=  29.103 p=     1 | ifo=  0.714(sd=0.174 nx=0.000 tfo=0.048 cnt=0.492) snap= 0.283 srm=  7.637 sat=  4.987(set=0.159 slv=4.826 max=4.8256 n=1) cex=R/T/F=0/0/1 trsplit=0 sim=15.041(rmp=1.380 run=13.660 n=1 d=0) incr=loc/full/maxdirty/keys=0/0/0/0 chk= 0.000(d=1) stat= 0.153 rest= 0.289
  [bmc-incr i=458 repr=1 active=1305/176457 POs=1]
BMC : c =    1303  cl =   4503  lit =  176456  p =     0  d =     0  f =     1  +  T =     0.03 sec
  [bmc-prof 458] wall=  30.746 p=     1 | ifo=  0.727(sd=0.195 nx=0.000 tfo=0.051 cnt=0.481) snap= 0.283 srm=  7.661 sat=  4.961(set=0.162 slv=4.797 max=4.7975 n=1) cex=R/T/F=0/0/1 trsplit=0 sim=16.649(rmp=0.400 run=16.248 n=1 d=0) incr=loc/full/maxdirty/keys=0/0/0/0 chk= 0.000(d=1) stat= 0.164 rest= 0.301
  [bmc-incr i=459 repr=1 active=1304/176456 POs=1]
BMC : c =    1302  cl =   4503  lit =  176455  p =     0  d =     0  f =     1  +  T =     0.04 sec
  [bmc-prof 459] wall=  37.239 p=     1 | ifo=  1.318(sd=0.180 nx=0.000 tfo=0.128 cnt=1.011) snap= 0.309 srm= 14.954 sat=  5.610(set=0.184 slv=5.424 max=5.4242 n=1) cex=R/T/F=0/0/1 trsplit=0 sim=14.583(rmp=0.412 run=14.169 n=1 d=0) incr=loc/full/maxdirty/keys=0/0/0/0 chk= 0.000(d=1) stat= 0.160 rest= 0.305
  [bmc-incr i=460 repr=1 active=1303/176455 POs=1]
BMC : c =    1301  cl =   4503  lit =  176454  p =     0  d =     0  f =     1  +  T =     0.03 sec
  [bmc-prof 460] wall=  29.146 p=     1 | ifo=  0.746(sd=0.199 nx=0.000 tfo=0.063 cnt=0.484) snap= 0.290 srm=  7.682 sat=  5.518(set=0.165 slv=5.350 max=5.3500 n=1) cex=R/T/F=0/0/1 trsplit=0 sim=14.447(rmp=0.428 run=14.018 n=1 d=0) incr=loc/full/maxdirty/keys=0/0/0/0 chk= 0.000(d=1) stat= 0.157 rest= 0.307
  [bmc-incr i=461 repr=1 active=1302/176454 POs=1]
BMC : c =    1300  cl =   4503  lit =  176453  p =     0  d =     0  f =     1  +  T =     0.03 sec
  [bmc-prof 461] wall=  29.000 p=     1 | ifo=  0.713(sd=0.175 nx=0.000 tfo=0.047 cnt=0.491) snap= 0.296 srm=  7.611 sat=  5.002(set=0.162 slv=4.839 max=4.8388 n=1) cex=R/T/F=0/0/1 trsplit=0 sim=14.891(rmp=0.418 run=14.472 n=1 d=0) incr=loc/full/maxdirty/keys=0/0/0/0 chk= 0.000(d=1) stat= 0.162 rest= 0.324
  [bmc-incr i=462 repr=1 active=1301/176453 POs=1]
BMC : c =    1299  cl =   4503  lit =  176452  p =     0  d =     0  f =     1  +  T =     0.03 sec
  [bmc-prof 462] wall=  32.516 p=     1 | ifo=  0.740(sd=0.181 nx=0.000 tfo=0.059 cnt=0.500) snap= 0.308 srm=  9.305 sat=  5.019(set=0.170 slv=4.848 max=4.8476 n=1) cex=R/T/F=0/0/1 trsplit=0 sim=16.676(rmp=0.399 run=16.277 n=1 d=0) incr=loc/full/maxdirty/keys=0/0/0/0 chk= 0.000(d=1) stat= 0.168 rest= 0.300
  [bmc-incr i=463 repr=1 active=1300/176452 POs=1]
BMC : c =    1298  cl =   4503  lit =  176451  p =     0  d =     0  f =     1  +  T =     0.03 sec
  [bmc-prof 463] wall=  28.956 p=     1 | ifo=  0.795(sd=0.216 nx=0.000 tfo=0.094 cnt=0.484) snap= 0.285 srm=  7.763 sat=  4.982(set=0.180 slv=4.801 max=4.8011 n=1) cex=R/T/F=0/0/1 trsplit=0 sim=14.685(rmp=0.532 run=14.152 n=1 d=0) incr=loc/full/maxdirty/keys=0/0/0/0 chk= 0.000(d=1) stat= 0.156 rest= 0.291
  [bmc-incr i=464 repr=1 active=1299/176451 POs=1]
BMC : c =    1297  cl =   4503  lit =  176450  p =     0  d =     0  f =     1  +  T =     0.03 sec
  [bmc-prof 464] wall=  29.939 p=     1 | ifo=  1.100(sd=0.180 nx=0.000 tfo=0.057 cnt=0.863) snap= 0.294 srm=  7.730 sat=  5.059(set=0.165 slv=4.892 max=4.8924 n=1) cex=R/T/F=0/0/1 trsplit=0 sim=15.308(rmp=0.401 run=14.906 n=1 d=0) incr=loc/full/maxdirty/keys=0/0/0/0 chk= 0.000(d=1) stat= 0.156 rest= 0.291
  [bmc-incr i=465 repr=1 active=1298/176450 POs=1]
BMC : c =    1296  cl =   4503  lit =  176449  p =     0  d =     0  f =     1  +  T =     0.03 sec
  [bmc-prof 465] wall=  30.898 p=     1 | ifo=  0.718(sd=0.173 nx=0.000 tfo=0.049 cnt=0.496) snap= 0.301 srm=  7.889 sat=  4.969(set=0.163 slv=4.805 max=4.8046 n=1) cex=R/T/F=0/0/1 trsplit=0 sim=16.564(rmp=0.605 run=15.958 n=1 d=0) incr=loc/full/maxdirty/keys=0/0/0/0 chk= 0.000(d=1) stat= 0.166 rest= 0.291
  [bmc-incr i=466 repr=1 active=1297/176449 POs=1]
BMC : c =    1295  cl =   4503  lit =  176448  p =     0  d =     0  f =     1  +  T =     0.03 sec
  [bmc-prof 466] wall=  28.367 p=     1 | ifo=  0.721(sd=0.174 nx=0.000 tfo=0.055 cnt=0.493) snap= 0.290 srm=  7.652 sat=  4.988(set=0.169 slv=4.817 max=4.8168 n=1) cex=R/T/F=0/0/1 trsplit=0 sim=14.256(rmp=0.401 run=13.854 n=1 d=0) incr=loc/full/maxdirty/keys=0/0/0/0 chk= 0.000(d=1) stat= 0.160 rest= 0.300
  [bmc-incr i=467 repr=1 active=1296/176448 POs=1]
BMC : c =    1294  cl =   4503  lit =  176447  p =     0  d =     0  f =     1  +  T =     0.03 sec
  [bmc-prof 467] wall=  28.405 p=     1 | ifo=  0.736(sd=0.196 nx=0.000 tfo=0.057 cnt=0.483) snap= 0.286 srm=  7.861 sat=  4.996(set=0.172 slv=4.823 max=4.8228 n=1) cex=R/T/F=0/0/1 trsplit=0 sim=14.072(rmp=0.401 run=13.670 n=1 d=0) incr=loc/full/maxdirty/keys=0/0/0/0 chk= 0.000(d=1) stat= 0.153 rest= 0.300
  [bmc-incr i=468 repr=1 active=1295/176447 POs=1]
BMC : c =    1293  cl =   4503  lit =  176446  p =     0  d =     0  f =     1  +  T =     0.03 sec
  [bmc-prof 468] wall=  28.509 p=     1 | ifo=  0.726(sd=0.175 nx=0.000 tfo=0.053 cnt=0.498) snap= 0.282 srm=  7.882 sat=  4.984(set=0.163 slv=4.819 max=4.8193 n=1) cex=R/T/F=0/0/1 trsplit=0 sim=14.189(rmp=0.403 run=13.786 n=1 d=0) incr=loc/full/maxdirty/keys=0/0/0/0 chk= 0.000(d=1) stat= 0.156 rest= 0.290
  [bmc-incr i=469 repr=1 active=1294/176446 POs=1]
BMC : c =    1292  cl =   4503  lit =  176445  p =     0  d =     0  f =     1  +  T =     0.03 sec
  [bmc-prof 469] wall=  28.242 p=     1 | ifo=  0.714(sd=0.175 nx=0.000 tfo=0.048 cnt=0.490) snap= 0.283 srm=  7.622 sat=  5.009(set=0.171 slv=4.837 max=4.8371 n=1) cex=R/T/F=0/0/1 trsplit=0 sim=14.137(rmp=0.406 run=13.730 n=1 d=0) incr=loc/full/maxdirty/keys=0/0/0/0 chk= 0.000(d=1) stat= 0.162 rest= 0.315
  [bmc-incr i=470 repr=1 active=1293/176445 POs=1]
BMC : c =    1291  cl =   4503  lit =  176444  p =     0  d =     0  f =     1  +  T =     0.03 sec
  [bmc-prof 470] wall=  32.183 p=     1 | ifo=  0.731(sd=0.181 nx=0.000 tfo=0.058 cnt=0.492) snap= 0.374 srm= 11.388 sat=  5.008(set=0.179 slv=4.827 max=4.8270 n=1) cex=R/T/F=0/0/1 trsplit=0 sim=14.231(rmp=0.422 run=13.809 n=1 d=0) incr=loc/full/maxdirty/keys=0/0/0/0 chk= 0.000(d=1) stat= 0.155 rest= 0.296
  [bmc-incr i=471 repr=1 active=1292/176444 POs=1]
BMC : c =    1290  cl =   4503  lit =  176443  p =     0  d =     0  f =     1  +  T =     0.03 sec
  [bmc-prof 471] wall=  29.227 p=     1 | ifo=  0.729(sd=0.178 nx=0.000 tfo=0.062 cnt=0.488) snap= 0.283 srm=  7.581 sat=  5.116(set=0.174 slv=4.940 max=4.9404 n=1) cex=R/T/F=0/0/1 trsplit=0 sim=14.989(rmp=0.464 run=14.524 n=1 d=0) incr=loc/full/maxdirty/keys=0/0/0/0 chk= 0.000(d=1) stat= 0.173 rest= 0.356
  [bmc-incr i=472 repr=1 active=1291/176443 POs=1]
BMC : c =    1289  cl =   4503  lit =  176442  p =     0  d =     0  f =     1  +  T =     0.03 sec
  [bmc-prof 472] wall=  28.581 p=     1 | ifo=  0.740(sd=0.181 nx=0.000 tfo=0.057 cnt=0.502) snap= 0.290 srm=  7.946 sat=  5.057(set=0.170 slv=4.885 max=4.8848 n=1) cex=R/T/F=0/0/1 trsplit=0 sim=14.099(rmp=0.410 run=13.689 n=1 d=0) incr=loc/full/maxdirty/keys=0/0/0/0 chk= 0.000(d=1) stat= 0.155 rest= 0.294
  [bmc-incr i=473 repr=1 active=1290/176442 POs=1]
BMC : c =    1288  cl =   4503  lit =  176441  p =     0  d =     0  f =     1  +  T =     0.03 sec
  [bmc-prof 473] wall=  28.280 p=     1 | ifo=  0.752(sd=0.203 nx=0.000 tfo=0.063 cnt=0.486) snap= 0.291 srm=  7.645 sat=  5.043(set=0.162 slv=4.879 max=4.8794 n=1) cex=R/T/F=0/0/1 trsplit=0 sim=14.104(rmp=0.402 run=13.702 n=1 d=0) incr=loc/full/maxdirty/keys=0/0/0/0 chk= 0.000(d=1) stat= 0.154 rest= 0.289
  [bmc-incr i=474 repr=1 active=1289/176441 POs=1]
BMC : c =    1287  cl =   4503  lit =  176440  p =     0  d =     0  f =     1  +  T =     0.03 sec
  [bmc-prof 474] wall=  28.737 p=     1 | ifo=  0.721(sd=0.177 nx=0.000 tfo=0.042 cnt=0.502) snap= 0.279 srm=  7.767 sat=  5.008(set=0.163 slv=4.843 max=4.8430 n=1) cex=R/T/F=0/0/1 trsplit=0 sim=14.420(rmp=0.403 run=14.016 n=1 d=0) incr=loc/full/maxdirty/keys=0/0/0/0 chk= 0.000(d=1) stat= 0.160 rest= 0.383
  [bmc-incr i=475 repr=1 active=1288/176440 POs=1]
BMC : c =    1286  cl =   4503  lit =  176439  p =     0  d =     0  f =     1  +  T =     0.03 sec
  [bmc-prof 475] wall=  30.719 p=     1 | ifo=  0.716(sd=0.188 nx=0.000 tfo=0.045 cnt=0.483) snap= 0.285 srm=  7.711 sat=  5.003(set=0.169 slv=4.832 max=4.8321 n=1) cex=R/T/F=0/0/1 trsplit=0 sim=15.979(rmp=0.397 run=15.579 n=1 d=0) incr=loc/full/maxdirty/keys=0/0/0/0 chk= 0.001(d=1) stat= 0.169 rest= 0.855
  [bmc-incr i=476 repr=1 active=1287/176439 POs=1]
BMC : c =    1285  cl =   4503  lit =  176438  p =     0  d =     0  f =     1  +  T =     0.03 sec
  [bmc-prof 476] wall=  28.736 p=     1 | ifo=  0.726(sd=0.177 nx=0.000 tfo=0.054 cnt=0.495) snap= 0.285 srm=  7.868 sat=  5.016(set=0.174 slv=4.840 max=4.8401 n=1) cex=R/T/F=0/0/1 trsplit=0 sim=14.397(rmp=0.405 run=13.992 n=1 d=0) incr=loc/full/maxdirty/keys=0/0/0/0 chk= 0.000(d=1) stat= 0.155 rest= 0.290
  [bmc-incr i=477 repr=1 active=1286/176438 POs=1]
BMC : c =    1284  cl =   4503  lit =  176437  p =     0  d =     0  f =     1  +  T =     0.03 sec
  [bmc-prof 477] wall=  28.798 p=     1 | ifo=  0.729(sd=0.177 nx=0.000 tfo=0.057 cnt=0.495) snap= 0.279 srm=  7.588 sat=  5.020(set=0.162 slv=4.856 max=4.8564 n=1) cex=R/T/F=0/0/1 trsplit=0 sim=14.736(rmp=0.401 run=14.334 n=1 d=0) incr=loc/full/maxdirty/keys=0/0/0/0 chk= 0.000(d=1) stat= 0.156 rest= 0.291
  [bmc-incr i=478 repr=1 active=1285/176437 POs=1]
BMC : c =    1283  cl =   4503  lit =  176436  p =     0  d =     0  f =     1  +  T =     0.03 sec
  [bmc-prof 478] wall=  29.391 p=     1 | ifo=  0.854(sd=0.175 nx=0.000 tfo=0.045 cnt=0.635) snap= 0.298 srm=  7.600 sat=  5.129(set=0.162 slv=4.965 max=4.9646 n=1) cex=R/T/F=0/0/1 trsplit=0 sim=14.945(rmp=0.424 run=14.519 n=1 d=0) incr=loc/full/maxdirty/keys=0/0/0/0 chk= 0.000(d=1) stat= 0.260 rest= 0.305
  [bmc-incr i=479 repr=1 active=1284/176436 POs=1]
BMC : c =    1282  cl =   4503  lit =  176435  p =     0  d =     0  f =     1  +  T =     0.03 sec
  [bmc-prof 479] wall=  28.741 p=     1 | ifo=  0.756(sd=0.180 nx=0.000 tfo=0.053 cnt=0.523) snap= 0.288 srm=  7.934 sat=  5.030(set=0.177 slv=4.851 max=4.8512 n=1) cex=R/T/F=0/0/1 trsplit=0 sim=14.195(rmp=0.471 run=13.723 n=1 d=0) incr=loc/full/maxdirty/keys=0/0/0/0 chk= 0.000(d=1) stat= 0.157 rest= 0.381
  [bmc-incr i=480 repr=1 active=1283/176435 POs=1]
BMC : c =    1281  cl =   4503  lit =  176434  p =     0  d =     0  f =     1  +  T =     0.03 sec
  [bmc-prof 480] wall=  28.428 p=     1 | ifo=  0.726(sd=0.177 nx=0.000 tfo=0.051 cnt=0.499) snap= 0.282 srm=  7.612 sat=  5.075(set=0.175 slv=4.899 max=4.8990 n=1) cex=R/T/F=0/0/1 trsplit=0 sim=14.285(rmp=0.423 run=13.862 n=1 d=0) incr=loc/full/maxdirty/keys=0/0/0/0 chk= 0.000(d=1) stat= 0.154 rest= 0.292
  [bmc-incr i=481 repr=1 active=1282/176434 POs=1]
BMC : c =    1280  cl =   4503  lit =  176433  p =     0  d =     0  f =     1  +  T =     0.03 sec
  [bmc-prof 481] wall=  29.131 p=     1 | ifo=  0.735(sd=0.187 nx=0.000 tfo=0.052 cnt=0.496) snap= 0.302 srm=  8.011 sat=  5.088(set=0.179 slv=4.907 max=4.9066 n=1) cex=R/T/F=0/0/1 trsplit=0 sim=14.549(rmp=0.402 run=14.147 n=1 d=0) incr=loc/full/maxdirty/keys=0/0/0/0 chk= 0.000(d=1) stat= 0.157 rest= 0.289
  [bmc-incr i=482 repr=1 active=1281/176433 POs=1]
BMC : c =    1279  cl =   4503  lit =  176432  p =     0  d =     0  f =     1  +  T =     0.03 sec
  [bmc-prof 482] wall=  31.426 p=     1 | ifo=  0.711(sd=0.174 nx=0.000 tfo=0.049 cnt=0.488) snap= 0.302 srm=  9.331 sat=  5.066(set=0.178 slv=4.886 max=4.8862 n=1) cex=R/T/F=0/0/1 trsplit=0 sim=15.565(rmp=0.426 run=15.138 n=1 d=0) incr=loc/full/maxdirty/keys=0/0/0/0 chk= 0.000(d=1) stat= 0.159 rest= 0.293
  [bmc-incr i=483 repr=1 active=1280/176432 POs=1]
BMC : c =    1278  cl =   4503  lit =  176431  p =     0  d =     0  f =     1  +  T =     0.03 sec
  [bmc-prof 483] wall=  28.656 p=     1 | ifo=  0.736(sd=0.176 nx=0.000 tfo=0.064 cnt=0.497) snap= 0.284 srm=  7.758 sat=  5.053(set=0.167 slv=4.884 max=4.8838 n=1) cex=R/T/F=0/0/1 trsplit=0 sim=14.359(rmp=0.409 run=13.949 n=1 d=0) incr=loc/full/maxdirty/keys=0/0/0/0 chk= 0.000(d=1) stat= 0.162 rest= 0.304
  [bmc-incr i=484 repr=1 active=1279/176431 POs=1]
BMC : c =    1277  cl =   4503  lit =  176430  p =     0  d =     0  f =     1  +  T =     0.03 sec
  [bmc-prof 484] wall=  28.798 p=     1 | ifo=  0.730(sd=0.175 nx=0.000 tfo=0.053 cnt=0.503) snap= 0.287 srm=  7.813 sat=  5.067(set=0.176 slv=4.889 max=4.8887 n=1) cex=R/T/F=0/0/1 trsplit=0 sim=14.451(rmp=0.440 run=14.010 n=1 d=0) incr=loc/full/maxdirty/keys=0/0/0/0 chk= 0.000(d=1) stat= 0.155 rest= 0.295
  [bmc-incr i=485 repr=1 active=1278/176430 POs=1]
BMC : c =    1276  cl =   4503  lit =  176429  p =     0  d =     0  f =     1  +  T =     0.03 sec
  [bmc-prof 485] wall=  28.489 p=     1 | ifo=  0.745(sd=0.194 nx=0.000 tfo=0.061 cnt=0.490) snap= 0.284 srm=  7.732 sat=  5.101(set=0.165 slv=4.934 max=4.9344 n=1) cex=R/T/F=0/0/1 trsplit=0 sim=14.182(rmp=0.409 run=13.772 n=1 d=0) incr=loc/full/maxdirty/keys=0/0/0/0 chk= 0.000(d=1) stat= 0.156 rest= 0.289
  [bmc-incr i=486 repr=1 active=1277/176429 POs=1]
BMC : c =    1275  cl =   4503  lit =  176428  p =     0  d =     0  f =     1  +  T =     0.03 sec
  [bmc-prof 486] wall=  28.345 p=     1 | ifo=  0.720(sd=0.174 nx=0.000 tfo=0.051 cnt=0.495) snap= 0.289 srm=  7.712 sat=  5.037(set=0.176 slv=4.859 max=4.8593 n=1) cex=R/T/F=0/0/1 trsplit=0 sim=14.112(rmp=0.404 run=13.707 n=1 d=0) incr=loc/full/maxdirty/keys=0/0/0/0 chk= 0.000(d=1) stat= 0.155 rest= 0.320
  [bmc-incr i=487 repr=1 active=1276/176428 POs=1]
BMC : c =    1274  cl =   4503  lit =  176427  p =     0  d =     0  f =     1  +  T =     0.03 sec
  [bmc-prof 487] wall=  28.943 p=     1 | ifo=  0.708(sd=0.177 nx=0.000 tfo=0.048 cnt=0.482) snap= 0.283 srm=  7.745 sat=  5.128(set=0.161 slv=4.965 max=4.9650 n=1) cex=R/T/F=0/0/1 trsplit=0 sim=14.615(rmp=0.398 run=14.216 n=1 d=0) incr=loc/full/maxdirty/keys=0/0/0/0 chk= 0.000(d=1) stat= 0.162 rest= 0.303
  [bmc-incr i=488 repr=1 active=1275/176427 POs=1]
BMC : c =    1273  cl =   4503  lit =  176426  p =     0  d =     0  f =     1  +  T =     0.03 sec
  [bmc-prof 488] wall=  30.323 p=     1 | ifo=  0.751(sd=0.181 nx=0.000 tfo=0.082 cnt=0.487) snap= 0.291 srm=  8.114 sat=  6.202(set=0.180 slv=6.020 max=6.0195 n=1) cex=R/T/F=0/0/1 trsplit=0 sim=14.492(rmp=0.405 run=14.085 n=1 d=0) incr=loc/full/maxdirty/keys=0/0/0/0 chk= 0.000(d=1) stat= 0.163 rest= 0.311
  [bmc-incr i=489 repr=1 active=1274/176426 POs=1]
BMC : c =    1272  cl =   4503  lit =  176425  p =     0  d =     0  f =     1  +  T =     0.03 sec
  [bmc-prof 489] wall=  29.120 p=     1 | ifo=  0.739(sd=0.199 nx=0.000 tfo=0.057 cnt=0.483) snap= 0.286 srm=  7.858 sat=  5.201(set=0.178 slv=5.022 max=5.0218 n=1) cex=R/T/F=0/0/1 trsplit=0 sim=14.567(rmp=0.449 run=14.117 n=1 d=0) incr=loc/full/maxdirty/keys=0/0/0/0 chk= 0.000(d=1) stat= 0.159 rest= 0.309
  [bmc-incr i=490 repr=1 active=1273/176425 POs=1]
BMC : c =    1271  cl =   4503  lit =  176424  p =     0  d =     0  f =     1  +  T =     0.03 sec
  [bmc-prof 490] wall=  28.768 p=     1 | ifo=  0.717(sd=0.178 nx=0.000 tfo=0.057 cnt=0.482) snap= 0.285 srm=  7.999 sat=  5.184(set=0.189 slv=4.993 max=4.9929 n=1) cex=R/T/F=0/0/1 trsplit=0 sim=14.132(rmp=0.401 run=13.731 n=1 d=0) incr=loc/full/maxdirty/keys=0/0/0/0 chk= 0.000(d=1) stat= 0.154 rest= 0.298
  [bmc-incr i=491 repr=1 active=1272/176424 POs=1]
BMC : c =    1270  cl =   4503  lit =  176423  p =     0  d =     0  f =     1  +  T =     0.03 sec
  [bmc-prof 491] wall=  29.292 p=     1 | ifo=  0.719(sd=0.179 nx=0.000 tfo=0.059 cnt=0.482) snap= 0.291 srm=  7.664 sat=  5.115(set=0.171 slv=4.942 max=4.9423 n=1) cex=R/T/F=0/0/1 trsplit=0 sim=14.977(rmp=0.400 run=14.576 n=1 d=0) incr=loc/full/maxdirty/keys=0/0/0/0 chk= 0.000(d=1) stat= 0.153 rest= 0.372
  [bmc-incr i=492 repr=1 active=1271/176423 POs=1]
BMC : c =    1269  cl =   4503  lit =  176422  p =     0  d =     0  f =     1  +  T =     0.03 sec
  [bmc-prof 492] wall=  28.241 p=     1 | ifo=  0.719(sd=0.191 nx=0.000 tfo=0.048 cnt=0.481) snap= 0.282 srm=  7.635 sat=  5.144(set=0.163 slv=4.980 max=4.9799 n=1) cex=R/T/F=0/0/1 trsplit=0 sim=14.018(rmp=0.396 run=13.622 n=1 d=0) incr=loc/full/maxdirty/keys=0/0/0/0 chk= 0.000(d=1) stat= 0.153 rest= 0.289
  [bmc-incr i=493 repr=1 active=1270/176422 POs=1]
BMC : c =    1268  cl =   4503  lit =  176421  p =     0  d =     0  f =     1  +  T =     0.03 sec
  [bmc-prof 493] wall=  28.996 p=     1 | ifo=  0.706(sd=0.175 nx=0.000 tfo=0.043 cnt=0.488) snap= 0.281 srm=  7.769 sat=  5.094(set=0.171 slv=4.921 max=4.9214 n=1) cex=R/T/F=0/0/1 trsplit=0 sim=14.680(rmp=0.431 run=14.249 n=1 d=0) incr=loc/full/maxdirty/keys=0/0/0/0 chk= 0.000(d=1) stat= 0.160 rest= 0.305
  [bmc-incr i=494 repr=1 active=1269/176421 POs=1]
BMC : c =    1267  cl =   4503  lit =  176420  p =     0  d =     0  f =     1  +  T =     0.03 sec
  [bmc-prof 494] wall=  28.543 p=     1 | ifo=  0.739(sd=0.182 nx=0.000 tfo=0.071 cnt=0.485) snap= 0.300 srm=  7.795 sat=  5.104(set=0.167 slv=4.935 max=4.9347 n=1) cex=R/T/F=0/0/1 trsplit=0 sim=14.160(rmp=0.472 run=13.688 n=1 d=0) incr=loc/full/maxdirty/keys=0/0/0/0 chk= 0.000(d=1) stat= 0.156 rest= 0.289
  [bmc-incr i=495 repr=1 active=1268/176420 POs=1]
BMC : c =    1266  cl =   4503  lit =  176419  p =     0  d =     0  f =     1  +  T =     0.03 sec
  [bmc-prof 495] wall=  28.337 p=     1 | ifo=  0.715(sd=0.176 nx=0.000 tfo=0.049 cnt=0.490) snap= 0.284 srm=  7.833 sat=  5.047(set=0.180 slv=4.866 max=4.8662 n=1) cex=R/T/F=0/0/1 trsplit=0 sim=14.000(rmp=0.393 run=13.606 n=1 d=0) incr=loc/full/maxdirty/keys=0/0/0/0 chk= 0.000(d=1) stat= 0.163 rest= 0.295
  [bmc-incr i=496 repr=1 active=1267/176419 POs=1]
BMC : c =    1265  cl =   4503  lit =  176418  p =     0  d =     0  f =     1  +  T =     0.03 sec
  [bmc-prof 496] wall=  29.237 p=     1 | ifo=  0.708(sd=0.177 nx=0.000 tfo=0.049 cnt=0.482) snap= 0.293 srm=  7.730 sat=  5.045(set=0.165 slv=4.879 max=4.8789 n=1) cex=R/T/F=0/0/1 trsplit=0 sim=15.000(rmp=0.412 run=14.587 n=1 d=0) incr=loc/full/maxdirty/keys=0/0/0/0 chk= 0.000(d=1) stat= 0.162 rest= 0.300
  [bmc-incr i=497 repr=1 active=1266/176418 POs=1]
BMC : c =    1264  cl =   4503  lit =  176417  p =     0  d =     0  f =     1  +  T =     0.03 sec
  [bmc-prof 497] wall=  30.691 p=     1 | ifo=  0.731(sd=0.176 nx=0.000 tfo=0.050 cnt=0.504) snap= 0.296 srm=  9.615 sat=  5.177(set=0.180 slv=4.995 max=4.9948 n=1) cex=R/T/F=0/0/1 trsplit=0 sim=14.409(rmp=0.445 run=13.964 n=1 d=0) incr=loc/full/maxdirty/keys=0/0/0/0 chk= 0.000(d=1) stat= 0.157 rest= 0.307
  [bmc-incr i=498 repr=1 active=1265/176417 POs=1]
BMC : c =    1263  cl =   4503  lit =  176416  p =     0  d =     0  f =     1  +  T =     0.03 sec
  [bmc-prof 498] wall=  30.584 p=     1 | ifo=  0.716(sd=0.179 nx=0.000 tfo=0.056 cnt=0.482) snap= 0.426 srm=  7.953 sat=  5.575(set=0.480 slv=5.092 max=5.0924 n=1) cex=R/T/F=0/0/1 trsplit=0 sim=15.443(rmp=0.455 run=14.988 n=1 d=0) incr=loc/full/maxdirty/keys=0/0/0/0 chk= 0.000(d=1) stat= 0.171 rest= 0.300
  [bmc-incr i=499 repr=1 active=1264/176416 POs=1]
BMC : c =    1262  cl =   4503  lit =  176415  p =     0  d =     0  f =     1  +  T =     0.03 sec
  [bmc-prof 499] wall=  28.395 p=     1 | ifo=  0.716(sd=0.178 nx=0.000 tfo=0.055 cnt=0.483) snap= 0.284 srm=  7.766 sat=  5.052(set=0.165 slv=4.886 max=4.8860 n=1) cex=R/T/F=0/0/1 trsplit=0 sim=14.117(rmp=0.404 run=13.713 n=1 d=0) incr=loc/full/maxdirty/keys=0/0/0/0 chk= 0.000(d=1) stat= 0.168 rest= 0.291
  [bmc-incr i=500 repr=1 active=1263/176415 POs=1]
BMC : c =    1261  cl =   4503  lit =  176414  p =     0  d =     0  f =     1  +  T =     0.03 sec
  [bmc-prof 500] wall=  28.456 p=     1 | ifo=  0.718(sd=0.173 nx=0.000 tfo=0.049 cnt=0.496) snap= 0.294 srm=  7.674 sat=  5.133(set=0.208 slv=4.923 max=4.9232 n=1) cex=R/T/F=0/0/1 trsplit=0 sim=14.190(rmp=0.406 run=13.784 n=1 d=0) incr=loc/full/maxdirty/keys=0/0/0/0 chk= 0.000(d=1) stat= 0.156 rest= 0.290
  [bmc-incr i=501 repr=1 active=1262/176414 POs=1]
BMC : c =    1260  cl =   4503  lit =  176413  p =     0  d =     0  f =     1  +  T =     0.03 sec
  [bmc-prof 501] wall=  28.937 p=     1 | ifo=  0.749(sd=0.196 nx=0.000 tfo=0.070 cnt=0.482) snap= 0.281 srm=  7.720 sat=  5.055(set=0.174 slv=4.879 max=4.8789 n=1) cex=R/T/F=0/0/1 trsplit=0 sim=14.634(rmp=0.428 run=14.206 n=1 d=0) incr=loc/full/maxdirty/keys=0/0/0/0 chk= 0.000(d=1) stat= 0.167 rest= 0.331
  [bmc-incr i=502 repr=1 active=1261/176413 POs=1]
BMC : c =    1259  cl =   4503  lit =  176412  p =     0  d =     0  f =     1  +  T =     0.03 sec
  [bmc-prof 502] wall=  29.780 p=     1 | ifo=  0.744(sd=0.181 nx=0.000 tfo=0.055 cnt=0.508) snap= 0.292 srm=  7.968 sat=  5.085(set=0.190 slv=4.892 max=4.8924 n=1) cex=R/T/F=0/0/1 trsplit=0 sim=15.227(rmp=0.407 run=14.819 n=1 d=0) incr=loc/full/maxdirty/keys=0/0/0/0 chk= 0.000(d=1) stat= 0.165 rest= 0.298
  [bmc-incr i=503 repr=1 active=1260/176412 POs=1]
BMC : c =    1258  cl =   4503  lit =  176411  p =     0  d =     0  f =     1  +  T =     0.03 sec
  [bmc-prof 503] wall=  28.408 p=     1 | ifo=  0.722(sd=0.178 nx=0.000 tfo=0.057 cnt=0.486) snap= 0.291 srm=  7.609 sat=  5.061(set=0.165 slv=4.895 max=4.8951 n=1) cex=R/T/F=0/0/1 trsplit=0 sim=14.275(rmp=0.407 run=13.867 n=1 d=0) incr=loc/full/maxdirty/keys=0/0/0/0 chk= 0.000(d=1) stat= 0.161 rest= 0.289
  [bmc-incr i=504 repr=1 active=1259/176411 POs=1]
BMC : c =    1257  cl =   4503  lit =  176410  p =     0  d =     0  f =     1  +  T =     0.03 sec
  [bmc-prof 504] wall=  28.480 p=     1 | ifo=  0.721(sd=0.175 nx=0.000 tfo=0.050 cnt=0.496) snap= 0.294 srm=  7.735 sat=  5.083(set=0.166 slv=4.915 max=4.9150 n=1) cex=R/T/F=0/0/1 trsplit=0 sim=14.199(rmp=0.397 run=13.802 n=1 d=0) incr=loc/full/maxdirty/keys=0/0/0/0 chk= 0.000(d=1) stat= 0.155 rest= 0.293
  [bmc-incr i=505 repr=1 active=1258/176410 POs=1]
BMC : c =    1256  cl =   4503  lit =  176409  p =     0  d =     0  f =     1  +  T =     0.03 sec
  [bmc-prof 505] wall=  29.262 p=     1 | ifo=  0.718(sd=0.176 nx=0.000 tfo=0.047 cnt=0.494) snap= 0.303 srm=  7.725 sat=  5.145(set=0.164 slv=4.979 max=4.9787 n=1) cex=R/T/F=0/0/1 trsplit=0 sim=14.894(rmp=0.436 run=14.457 n=1 d=0) incr=loc/full/maxdirty/keys=0/0/0/0 chk= 0.000(d=1) stat= 0.161 rest= 0.316
  [bmc-incr i=506 repr=1 active=1257/176409 POs=1]
BMC : c =    1255  cl =   4503  lit =  176408  p =     0  d =     0  f =     1  +  T =     0.03 sec
  [bmc-prof 506] wall=  32.180 p=     1 | ifo=  0.735(sd=0.194 nx=0.000 tfo=0.057 cnt=0.484) snap= 0.281 srm=  8.643 sat=  5.158(set=0.165 slv=4.991 max=4.9906 n=1) cex=R/T/F=0/0/1 trsplit=0 sim=16.886(rmp=0.441 run=16.444 n=1 d=0) incr=loc/full/maxdirty/keys=0/0/0/0 chk= 0.000(d=1) stat= 0.161 rest= 0.316
  [bmc-incr i=507 repr=1 active=1256/176408 POs=1]
BMC : c =    1254  cl =   4503  lit =  176407  p =     0  d =     0  f =     1  +  T =     0.03 sec
  [bmc-prof 507] wall=  28.763 p=     1 | ifo=  0.744(sd=0.185 nx=0.000 tfo=0.074 cnt=0.485) snap= 0.288 srm=  7.724 sat=  5.241(set=0.170 slv=5.069 max=5.0690 n=1) cex=R/T/F=0/0/1 trsplit=0 sim=14.294(rmp=0.419 run=13.874 n=1 d=0) incr=loc/full/maxdirty/keys=0/0/0/0 chk= 0.000(d=1) stat= 0.175 rest= 0.296
  [bmc-incr i=508 repr=1 active=1255/176407 POs=1]
BMC : c =    1253  cl =   4503  lit =  176406  p =     0  d =     0  f =     1  +  T =     0.03 sec
  [bmc-prof 508] wall=  28.554 p=     1 | ifo=  0.750(sd=0.194 nx=0.000 tfo=0.055 cnt=0.501) snap= 0.283 srm=  7.801 sat=  5.104(set=0.168 slv=4.933 max=4.9334 n=1) cex=R/T/F=0/0/1 trsplit=0 sim=14.165(rmp=0.457 run=13.707 n=1 d=0) incr=loc/full/maxdirty/keys=0/0/0/0 chk= 0.000(d=1) stat= 0.156 rest= 0.295
  [bmc-incr i=509 repr=1 active=1254/176406 POs=1]
BMC : c =    1252  cl =   4503  lit =  176405  p =     0  d =     0  f =     1  +  T =     0.03 sec
  [bmc-prof 509] wall=  28.623 p=     1 | ifo=  0.725(sd=0.178 nx=0.000 tfo=0.052 cnt=0.495) snap= 0.292 srm=  7.781 sat=  5.091(set=0.165 slv=4.924 max=4.9241 n=1) cex=R/T/F=0/0/1 trsplit=0 sim=14.285(rmp=0.409 run=13.876 n=1 d=0) incr=loc/full/maxdirty/keys=0/0/0/0 chk= 0.000(d=1) stat= 0.154 rest= 0.294
  [bmc-incr i=510 repr=1 active=1253/176405 POs=1]
BMC : c =    1251  cl =   4503  lit =  176404  p =     0  d =     0  f =     1  +  T =     0.03 sec
  [bmc-prof 510] wall=  28.939 p=     1 | ifo=  0.721(sd=0.175 nx=0.000 tfo=0.065 cnt=0.481) snap= 0.283 srm=  7.626 sat=  5.139(set=0.170 slv=4.966 max=4.9664 n=1) cex=R/T/F=0/0/1 trsplit=0 sim=14.703(rmp=0.393 run=14.309 n=1 d=0) incr=loc/full/maxdirty/keys=0/0/0/0 chk= 0.000(d=1) stat= 0.163 rest= 0.304
  [bmc-incr i=511 repr=1 active=1252/176404 POs=1]
BMC : c =    1250  cl =   4503  lit =  176403  p =     0  d =     0  f =     1  +  T =     0.03 sec
  [bmc-prof 511] wall=  29.426 p=     1 | ifo=  0.726(sd=0.178 nx=0.000 tfo=0.055 cnt=0.492) snap= 0.285 srm=  8.660 sat=  5.098(set=0.178 slv=4.919 max=4.9186 n=1) cex=R/T/F=0/0/1 trsplit=0 sim=13.990(rmp=0.418 run=13.570 n=1 d=0) incr=loc/full/maxdirty/keys=0/0/0/0 chk= 0.000(d=1) stat= 0.372 rest= 0.295
  [bmc-incr i=512 repr=1 active=1251/176403 POs=1]
BMC : c =    1249  cl =   4503  lit =  176402  p =     0  d =     0  f =     1  +  T =     0.03 sec
  [bmc-prof 512] wall=  28.446 p=     1 | ifo=  0.803(sd=0.208 nx=0.000 tfo=0.089 cnt=0.506) snap= 0.283 srm=  7.697 sat=  5.118(set=0.164 slv=4.952 max=4.9523 n=1) cex=R/T/F=0/0/1 trsplit=0 sim=14.104(rmp=0.406 run=13.697 n=1 d=0) incr=loc/full/maxdirty/keys=0/0/0/0 chk= 0.000(d=1) stat= 0.153 rest= 0.288
  [bmc-incr i=513 repr=1 active=1250/176402 POs=1]
BMC : c =    1248  cl =   4503  lit =  176401  p =     0  d =     0  f =     1  +  T =     0.03 sec
  [bmc-prof 513] wall=  28.442 p=     1 | ifo=  0.710(sd=0.175 nx=0.000 tfo=0.044 cnt=0.491) snap= 0.293 srm=  7.823 sat=  5.095(set=0.165 slv=4.927 max=4.9275 n=1) cex=R/T/F=0/0/1 trsplit=0 sim=14.043(rmp=0.404 run=13.638 n=1 d=0) incr=loc/full/maxdirty/keys=0/0/0/0 chk= 0.000(d=1) stat= 0.167 rest= 0.309
  [bmc-incr i=514 repr=1 active=1249/176401 POs=1]
BMC : c =    1247  cl =   4503  lit =  176400  p =     0  d =     0  f =     1  +  T =     0.04 sec
  [bmc-prof 514] wall=  40.606 p=     1 | ifo=  0.746(sd=0.177 nx=0.000 tfo=0.054 cnt=0.516) snap= 0.304 srm=  8.696 sat=  7.314(set=0.218 slv=7.094 max=7.0939 n=1) cex=R/T/F=0/0/1 trsplit=0 sim=23.039(rmp=0.458 run=22.580 n=1 d=0) incr=loc/full/maxdirty/keys=0/0/0/0 chk= 0.000(d=1) stat= 0.170 rest= 0.336
  [bmc-incr i=515 repr=1 active=1248/176400 POs=1]
BMC : c =    1246  cl =   4503  lit =  176399  p =     0  d =     0  f =     1  +  T =     0.03 sec
  [bmc-prof 515] wall=  29.758 p=     1 | ifo=  0.799(sd=0.182 nx=0.000 tfo=0.058 cnt=0.559) snap= 0.295 srm=  8.358 sat=  5.184(set=0.184 slv=4.998 max=4.9978 n=1) cex=R/T/F=0/0/1 trsplit=0 sim=14.617(rmp=0.465 run=14.150 n=1 d=0) incr=loc/full/maxdirty/keys=0/0/0/0 chk= 0.000(d=1) stat= 0.185 rest= 0.320
  [bmc-incr i=516 repr=1 active=1247/176399 POs=1]
BMC : c =    1245  cl =   4503  lit =  176398  p =     0  d =     0  f =     1  +  T =     0.03 sec
  [bmc-prof 516] wall=  30.722 p=     1 | ifo=  0.760(sd=0.200 nx=0.000 tfo=0.067 cnt=0.493) snap= 0.333 srm=  8.382 sat=  5.410(set=0.212 slv=5.195 max=5.1953 n=1) cex=R/T/F=0/0/1 trsplit=0 sim=15.338(rmp=0.485 run=14.852 n=1 d=0) incr=loc/full/maxdirty/keys=0/0/0/0 chk= 0.000(d=1) stat= 0.165 rest= 0.334
  [bmc-incr i=517 repr=1 active=1246/176398 POs=1]
BMC : c =    1244  cl =   4503  lit =  176397  p =     0  d =     0  f =     1  +  T =     0.03 sec
  [bmc-prof 517] wall=  29.741 p=     1 | ifo=  0.765(sd=0.188 nx=0.000 tfo=0.059 cnt=0.518) snap= 0.296 srm=  8.196 sat=  5.330(set=0.198 slv=5.121 max=5.1211 n=1) cex=R/T/F=0/0/1 trsplit=0 sim=14.678(rmp=0.419 run=14.258 n=1 d=0) incr=loc/full/maxdirty/keys=0/0/0/0 chk= 0.000(d=1) stat= 0.174 rest= 0.302
  [bmc-incr i=518 repr=1 active=1245/176397 POs=1]
BMC : c =    1243  cl =   4503  lit =  176396  p =     0  d =     0  f =     1  +  T =     0.03 sec
  [bmc-prof 518] wall=  29.505 p=     1 | ifo=  0.753(sd=0.186 nx=0.000 tfo=0.058 cnt=0.509) snap= 0.302 srm=  7.946 sat=  5.325(set=0.183 slv=5.141 max=5.1407 n=1) cex=R/T/F=0/0/1 trsplit=0 sim=14.692(rmp=0.413 run=14.278 n=1 d=0) incr=loc/full/maxdirty/keys=0/0/0/0 chk= 0.000(d=1) stat= 0.167 rest= 0.319
  [bmc-incr i=519 repr=1 active=1244/176396 POs=1]
BMC : c =    1242  cl =   4503  lit =  176395  p =     0  d =     0  f =     1  +  T =     0.03 sec
  [bmc-prof 519] wall=  30.698 p=     1 | ifo=  0.765(sd=0.187 nx=0.000 tfo=0.060 cnt=0.518) snap= 0.309 srm=  9.056 sat=  5.346(set=0.190 slv=5.154 max=5.1542 n=1) cex=R/T/F=0/0/1 trsplit=0 sim=14.752(rmp=0.434 run=14.317 n=1 d=0) incr=loc/full/maxdirty/keys=0/0/0/0 chk= 0.000(d=1) stat= 0.161 rest= 0.310
  [bmc-incr i=520 repr=1 active=1243/176395 POs=1]
BMC : c =    1241  cl =   4503  lit =  176394  p =     0  d =     0  f =     1  +  T =     0.03 sec
  [bmc-prof 520] wall=  29.317 p=     1 | ifo=  0.756(sd=0.188 nx=0.000 tfo=0.057 cnt=0.511) snap= 0.298 srm=  7.963 sat=  5.375(set=0.188 slv=5.185 max=5.1847 n=1) cex=R/T/F=0/0/1 trsplit=0 sim=14.416(rmp=0.402 run=14.013 n=1 d=0) incr=loc/full/maxdirty/keys=0/0/0/0 chk= 0.000(d=1) stat= 0.212 rest= 0.299
  [bmc-incr i=521 repr=1 active=1242/176394 POs=1]
BMC : c =    1240  cl =   4503  lit =  176393  p =     0  d =     0  f =     1  +  T =     0.03 sec
  [bmc-prof 521] wall=  28.379 p=     1 | ifo=  0.736(sd=0.181 nx=0.000 tfo=0.061 cnt=0.493) snap= 0.282 srm=  7.724 sat=  5.146(set=0.164 slv=4.980 max=4.9800 n=1) cex=R/T/F=0/0/1 trsplit=0 sim=14.038(rmp=0.413 run=13.624 n=1 d=0) incr=loc/full/maxdirty/keys=0/0/0/0 chk= 0.000(d=1) stat= 0.163 rest= 0.291
  [bmc-incr i=522 repr=1 active=1241/176393 POs=1]
BMC : c =    1239  cl =   4503  lit =  176392  p =     0  d =     0  f =     1  +  T =     0.03 sec
  [bmc-prof 522] wall=  29.923 p=     1 | ifo=  0.760(sd=0.194 nx=0.000 tfo=0.074 cnt=0.492) snap= 0.292 srm=  7.631 sat=  5.151(set=0.163 slv=4.986 max=4.9864 n=1) cex=R/T/F=0/0/1 trsplit=0 sim=15.405(rmp=0.447 run=14.958 n=1 d=0) incr=loc/full/maxdirty/keys=0/0/0/0 chk= 0.000(d=1) stat= 0.345 rest= 0.339
  [bmc-incr i=523 repr=1 active=1240/176392 POs=1]
BMC : c =    1238  cl =   4503  lit =  176391  p =     0  d =     0  f =     1  +  T =     0.03 sec
  [bmc-prof 523] wall=  28.803 p=     1 | ifo=  0.720(sd=0.181 nx=0.000 tfo=0.056 cnt=0.484) snap= 0.292 srm=  7.758 sat=  5.268(set=0.170 slv=5.096 max=5.0963 n=1) cex=R/T/F=0/0/1 trsplit=0 sim=14.290(rmp=0.411 run=13.879 n=1 d=0) incr=loc/full/maxdirty/keys=0/0/0/0 chk= 0.000(d=1) stat= 0.164 rest= 0.310
  [bmc-incr i=524 repr=1 active=1239/176391 POs=1]
BMC : c =    1237  cl =   4503  lit =  176390  p =     0  d =     0  f =     1  +  T =     0.03 sec
  [bmc-prof 524] wall=  28.188 p=     1 | ifo=  0.747(sd=0.186 nx=0.000 tfo=0.059 cnt=0.502) snap= 0.286 srm=  7.684 sat=  5.102(set=0.169 slv=4.931 max=4.9305 n=1) cex=R/T/F=0/0/1 trsplit=0 sim=13.918(rmp=0.393 run=13.525 n=1 d=0) incr=loc/full/maxdirty/keys=0/0/0/0 chk= 0.000(d=1) stat= 0.155 rest= 0.296
  [bmc-incr i=525 repr=1 active=1238/176390 POs=1]
BMC : c =    1236  cl =   4503  lit =  176389  p =     0  d =     0  f =     1  +  T =     0.03 sec
  [bmc-prof 525] wall=  28.561 p=     1 | ifo=  0.718(sd=0.180 nx=0.000 tfo=0.054 cnt=0.484) snap= 0.297 srm=  7.629 sat=  5.157(set=0.166 slv=4.990 max=4.9895 n=1) cex=R/T/F=0/0/1 trsplit=0 sim=14.312(rmp=0.419 run=13.893 n=1 d=0) incr=loc/full/maxdirty/keys=0/0/0/0 chk= 0.000(d=1) stat= 0.154 rest= 0.292
  [bmc-incr i=526 repr=1 active=1237/176389 POs=1]
BMC : c =    1235  cl =   4503  lit =  176388  p =     0  d =     0  f =     1  +  T =     0.03 sec
  [bmc-prof 526] wall=  28.160 p=     1 | ifo=  0.712(sd=0.177 nx=0.000 tfo=0.046 cnt=0.489) snap= 0.280 srm=  7.651 sat=  5.095(set=0.162 slv=4.932 max=4.9317 n=1) cex=R/T/F=0/0/1 trsplit=0 sim=13.959(rmp=0.400 run=13.559 n=1 d=0) incr=loc/full/maxdirty/keys=0/0/0/0 chk= 0.000(d=1) stat= 0.161 rest= 0.300
  [bmc-incr i=527 repr=1 active=1236/176388 POs=1]
BMC : c =    1234  cl =   4503  lit =  176387  p =     0  d =     0  f =     1  +  T =     0.03 sec
  [bmc-prof 527] wall=  29.320 p=     1 | ifo=  0.802(sd=0.187 nx=0.000 tfo=0.051 cnt=0.565) snap= 0.308 srm=  7.945 sat=  5.510(set=0.193 slv=5.315 max=5.3147 n=1) cex=R/T/F=0/0/1 trsplit=0 sim=14.277(rmp=0.427 run=13.850 n=1 d=0) incr=loc/full/maxdirty/keys=0/0/0/0 chk= 0.000(d=1) stat= 0.170 rest= 0.307
  [bmc-incr i=528 repr=1 active=1235/176387 POs=1]
BMC : c =    1233  cl =   4503  lit =  176386  p =     0  d =     0  f =     1  +  T =     0.03 sec
  [bmc-prof 528] wall=  28.549 p=     1 | ifo=  0.721(sd=0.181 nx=0.000 tfo=0.057 cnt=0.483) snap= 0.285 srm=  7.904 sat=  5.134(set=0.173 slv=4.959 max=4.9590 n=1) cex=R/T/F=0/0/1 trsplit=0 sim=14.060(rmp=0.415 run=13.645 n=1 d=0) incr=loc/full/maxdirty/keys=0/0/0/0 chk= 0.000(d=1) stat= 0.156 rest= 0.289
  [bmc-incr i=529 repr=1 active=1234/176386 POs=1]
BMC : c =    1232  cl =   4503  lit =  176385  p =     0  d =     0  f =     1  +  T =     0.03 sec
  [bmc-prof 529] wall=  28.360 p=     1 | ifo=  0.742(sd=0.192 nx=0.000 tfo=0.068 cnt=0.482) snap= 0.287 srm=  7.727 sat=  5.112(set=0.165 slv=4.946 max=4.9458 n=1) cex=R/T/F=0/0/1 trsplit=0 sim=13.999(rmp=0.409 run=13.589 n=1 d=0) incr=loc/full/maxdirty/keys=0/0/0/0 chk= 0.000(d=1) stat= 0.202 rest= 0.292
  [bmc-incr i=530 repr=1 active=1233/176385 POs=1]
BMC : c =    1231  cl =   4503  lit =  176384  p =     0  d =     0  f =     1  +  T =     0.03 sec
  [bmc-prof 530] wall=  29.062 p=     1 | ifo=  0.715(sd=0.175 nx=0.000 tfo=0.050 cnt=0.489) snap= 0.302 srm=  7.894 sat=  5.156(set=0.165 slv=4.990 max=4.9897 n=1) cex=R/T/F=0/0/1 trsplit=0 sim=14.548(rmp=0.404 run=14.144 n=1 d=0) incr=loc/full/maxdirty/keys=0/0/0/0 chk= 0.000(d=1) stat= 0.155 rest= 0.291
  [bmc-incr i=531 repr=1 active=1232/176384 POs=1]
BMC : c =    1230  cl =   4503  lit =  176383  p =     0  d =     0  f =     1  +  T =     0.04 sec
  [bmc-prof 531] wall=  35.668 p=     1 | ifo=  0.727(sd=0.173 nx=0.000 tfo=0.051 cnt=0.502) snap= 0.282 srm=  7.737 sat=  5.166(set=0.165 slv=4.999 max=4.9987 n=1) cex=R/T/F=0/0/1 trsplit=0 sim=21.282(rmp=0.746 run=20.535 n=1 d=0) incr=loc/full/maxdirty/keys=0/0/0/0 chk= 0.000(d=1) stat= 0.166 rest= 0.309
  [bmc-incr i=532 repr=1 active=1231/176383 POs=1]
BMC : c =    1229  cl =   4503  lit =  176382  p =     0  d =     0  f =     1  +  T =     0.03 sec
  [bmc-prof 532] wall=  30.388 p=     1 | ifo=  0.813(sd=0.177 nx=0.000 tfo=0.051 cnt=0.586) snap= 0.290 srm=  7.799 sat=  5.191(set=0.189 slv=5.000 max=5.0002 n=1) cex=R/T/F=0/0/1 trsplit=0 sim=15.778(rmp=0.396 run=15.381 n=1 d=0) incr=loc/full/maxdirty/keys=0/0/0/0 chk= 0.000(d=1) stat= 0.187 rest= 0.329
  [bmc-incr i=533 repr=1 active=1230/176382 POs=1]
BMC : c =    1228  cl =   4503  lit =  176381  p =     0  d =     0  f =     1  +  T =     0.03 sec
  [bmc-prof 533] wall=  28.940 p=     1 | ifo=  0.813(sd=0.230 nx=0.000 tfo=0.065 cnt=0.518) snap= 0.335 srm=  8.080 sat=  5.153(set=0.205 slv=4.947 max=4.9465 n=1) cex=R/T/F=0/0/1 trsplit=0 sim=13.967(rmp=0.487 run=13.480 n=1 d=0) incr=loc/full/maxdirty/keys=0/0/0/0 chk= 0.000(d=1) stat= 0.174 rest= 0.419
  [bmc-incr i=534 repr=1 active=1229/176381 POs=1]
BMC : c =    1227  cl =   4503  lit =  176380  p =     0  d =     0  f =     1  +  T =     0.03 sec
  [bmc-prof 534] wall=  28.734 p=     1 | ifo=  0.810(sd=0.219 nx=0.000 tfo=0.061 cnt=0.530) snap= 0.322 srm=  8.355 sat=  5.161(set=0.203 slv=4.955 max=4.9549 n=1) cex=R/T/F=0/0/1 trsplit=0 sim=13.574(rmp=0.489 run=13.084 n=1 d=0) incr=loc/full/maxdirty/keys=0/0/0/0 chk= 0.000(d=1) stat= 0.179 rest= 0.334
  [bmc-incr i=535 repr=1 active=1228/176380 POs=1]
BMC : c =    1226  cl =   4503  lit =  176379  p =     0  d =     0  f =     1  +  T =     0.03 sec
  [bmc-prof 535] wall=  28.230 p=     1 | ifo=  0.815(sd=0.219 nx=0.000 tfo=0.062 cnt=0.534) snap= 0.335 srm=  8.048 sat=  5.163(set=0.203 slv=4.958 max=4.9575 n=1) cex=R/T/F=0/0/1 trsplit=0 sim=13.369(rmp=0.492 run=12.877 n=1 d=0) incr=loc/full/maxdirty/keys=0/0/0/0 chk= 0.000(d=1) stat= 0.176 rest= 0.324
  [bmc-incr i=536 repr=1 active=1227/176379 POs=1]
BMC : c =    1225  cl =   4503  lit =  176378  p =     0  d =     0  f =     1  +  T =     0.04 sec
  [bmc-prof 536] wall=  36.591 p=     1 | ifo=  0.788(sd=0.211 nx=0.000 tfo=0.053 cnt=0.524) snap= 0.389 srm=  9.084 sat=  9.589(set=0.171 slv=9.415 max=9.4154 n=1) cex=R/T/F=0/0/1 trsplit=0 sim=16.270(rmp=0.453 run=15.816 n=1 d=0) incr=loc/full/maxdirty/keys=0/0/0/0 chk= 0.000(d=1) stat= 0.156 rest= 0.316
  [bmc-incr i=537 repr=1 active=1226/176378 POs=1]
BMC : c =    1224  cl =   4503  lit =  176377  p =     0  d =     0  f =     1  +  T =     0.03 sec
  [bmc-prof 537] wall=  28.037 p=     1 | ifo=  0.716(sd=0.178 nx=0.000 tfo=0.056 cnt=0.482) snap= 0.283 srm=  7.562 sat=  5.141(set=0.176 slv=4.964 max=4.9636 n=1) cex=R/T/F=0/0/1 trsplit=0 sim=13.894(rmp=0.396 run=13.497 n=1 d=0) incr=loc/full/maxdirty/keys=0/0/0/0 chk= 0.000(d=1) stat= 0.153 rest= 0.288
  [bmc-incr i=538 repr=1 active=1225/176377 POs=1]
BMC : c =    1223  cl =   4503  lit =  176376  p =     0  d =     0  f =     1  +  T =     0.03 sec
  [bmc-prof 538] wall=  28.181 p=     1 | ifo=  0.703(sd=0.174 nx=0.000 tfo=0.043 cnt=0.486) snap= 0.283 srm=  7.675 sat=  5.135(set=0.175 slv=4.959 max=4.9586 n=1) cex=R/T/F=0/0/1 trsplit=0 sim=13.897(rmp=0.405 run=13.491 n=1 d=0) incr=loc/full/maxdirty/keys=0/0/0/0 chk= 0.000(d=1) stat= 0.154 rest= 0.334
  [bmc-incr i=539 repr=1 active=1224/176376 POs=1]
BMC : c =    1222  cl =   4503  lit =  176375  p =     0  d =     0  f =     1  +  T =     0.03 sec
  [bmc-prof 539] wall=  28.334 p=     1 | ifo=  0.787(sd=0.247 nx=0.000 tfo=0.041 cnt=0.498) snap= 0.281 srm=  7.612 sat=  5.129(set=0.165 slv=4.962 max=4.9623 n=1) cex=R/T/F=0/0/1 trsplit=0 sim=14.071(rmp=0.408 run=13.663 n=1 d=0) incr=loc/full/maxdirty/keys=0/0/0/0 chk= 0.000(d=1) stat= 0.155 rest= 0.299
  [bmc-incr i=540 repr=1 active=1223/176375 POs=1]
BMC : c =    1221  cl =   4503  lit =  176374  p =     0  d =     0  f =     1  +  T =     0.03 sec
  [bmc-prof 540] wall=  29.874 p=     1 | ifo=  0.719(sd=0.180 nx=0.000 tfo=0.050 cnt=0.489) snap= 0.298 srm=  8.183 sat=  5.165(set=0.183 slv=4.980 max=4.9798 n=1) cex=R/T/F=0/0/1 trsplit=0 sim=15.045(rmp=0.431 run=14.613 n=1 d=0) incr=loc/full/maxdirty/keys=0/0/0/0 chk= 0.000(d=1) stat= 0.165 rest= 0.298
  [bmc-incr i=541 repr=1 active=1222/176374 POs=1]
BMC : c =    1220  cl =   4503  lit =  176373  p =     0  d =     0  f =     1  +  T =     0.03 sec
  [bmc-prof 541] wall=  31.210 p=     1 | ifo=  0.716(sd=0.179 nx=0.000 tfo=0.055 cnt=0.483) snap= 0.293 srm=  7.744 sat=  5.205(set=0.188 slv=5.015 max=5.0153 n=1) cex=R/T/F=0/0/1 trsplit=0 sim=16.800(rmp=0.407 run=16.393 n=1 d=0) incr=loc/full/maxdirty/keys=0/0/0/0 chk= 0.000(d=1) stat= 0.158 rest= 0.293
  [bmc-incr i=542 repr=1 active=1221/176373 POs=1]
BMC : c =    1219  cl =   4503  lit =  176372  p =     0  d =     0  f =     1  +  T =     0.03 sec
  [bmc-prof 542] wall=  27.992 p=     1 | ifo=  0.719(sd=0.175 nx=0.000 tfo=0.063 cnt=0.481) snap= 0.314 srm=  7.503 sat=  5.133(set=0.166 slv=4.966 max=4.9657 n=1) cex=R/T/F=0/0/1 trsplit=0 sim=13.859(rmp=0.405 run=13.454 n=1 d=0) incr=loc/full/maxdirty/keys=0/0/0/0 chk= 0.000(d=1) stat= 0.156 rest= 0.307
  [bmc-incr i=543 repr=1 active=1220/176372 POs=1]
BMC : c =    1218  cl =   4503  lit =  176371  p =     0  d =     0  f =     1  +  T =     0.03 sec
  [bmc-prof 543] wall=  28.279 p=     1 | ifo=  0.715(sd=0.176 nx=0.000 tfo=0.051 cnt=0.489) snap= 0.283 srm=  7.722 sat=  5.146(set=0.168 slv=4.976 max=4.9764 n=1) cex=R/T/F=0/0/1 trsplit=0 sim=13.966(rmp=0.394 run=13.572 n=1 d=0) incr=loc/full/maxdirty/keys=0/0/0/0 chk= 0.000(d=1) stat= 0.155 rest= 0.291
  [bmc-incr i=544 repr=1 active=1219/176371 POs=1]
BMC : c =    1217  cl =   4503  lit =  176370  p =     0  d =     0  f =     1  +  T =     0.03 sec
  [bmc-prof 544] wall=  29.676 p=     1 | ifo=  0.761(sd=0.193 nx=0.000 tfo=0.070 cnt=0.498) snap= 0.285 srm=  7.681 sat=  5.164(set=0.170 slv=4.993 max=4.9929 n=1) cex=R/T/F=0/0/1 trsplit=0 sim=14.514(rmp=0.408 run=14.103 n=1 d=0) incr=loc/full/maxdirty/keys=0/0/0/0 chk= 0.000(d=1) stat= 0.525 rest= 0.745
  [bmc-incr i=545 repr=1 active=1218/176370 POs=1]
BMC : c =    1216  cl =   4503  lit =  176369  p =     0  d =     0  f =     1  +  T =     0.03 sec
  [bmc-prof 545] wall=  30.204 p=     1 | ifo=  0.983(sd=0.440 nx=0.000 tfo=0.055 cnt=0.489) snap= 0.295 srm=  8.131 sat=  6.031(set=0.192 slv=5.837 max=5.8368 n=1) cex=R/T/F=0/0/1 trsplit=0 sim=14.303(rmp=0.423 run=13.878 n=1 d=0) incr=loc/full/maxdirty/keys=0/0/0/0 chk= 0.000(d=1) stat= 0.155 rest= 0.306
  [bmc-incr i=546 repr=1 active=1217/176369 POs=1]
BMC : c =    1215  cl =   4503  lit =  176368  p =     0  d =     0  f =     1  +  T =     0.03 sec
  [bmc-prof 546] wall=  32.881 p=     1 | ifo=  0.727(sd=0.179 nx=0.000 tfo=0.055 cnt=0.493) snap= 0.407 srm= 10.858 sat=  5.229(set=0.201 slv=5.026 max=5.0260 n=1) cex=R/T/F=0/0/1 trsplit=0 sim=15.205(rmp=0.403 run=14.802 n=1 d=0) incr=loc/full/maxdirty/keys=0/0/0/0 chk= 0.000(d=1) stat= 0.160 rest= 0.295
  [bmc-incr i=547 repr=1 active=1216/176368 POs=1]
BMC : c =    1214  cl =   4503  lit =  176367  p =     0  d =     0  f =     1  +  T =     0.03 sec
  [bmc-prof 547] wall=  28.768 p=     1 | ifo=  0.766(sd=0.186 nx=0.000 tfo=0.054 cnt=0.526) snap= 0.282 srm=  8.043 sat=  5.163(set=0.180 slv=4.981 max=4.9813 n=1) cex=R/T/F=0/0/1 trsplit=0 sim=14.004(rmp=0.406 run=13.597 n=1 d=0) incr=loc/full/maxdirty/keys=0/0/0/0 chk= 0.000(d=1) stat= 0.165 rest= 0.345
  [bmc-incr i=548 repr=1 active=1215/176367 POs=1]
BMC : c =    1213  cl =   4503  lit =  176366  p =     0  d =     0  f =     1  +  T =     0.03 sec
  [bmc-prof 548] wall=  30.643 p=     1 | ifo=  0.767(sd=0.195 nx=0.000 tfo=0.074 cnt=0.497) snap= 0.371 srm=  7.642 sat=  5.311(set=0.174 slv=5.134 max=5.1345 n=1) cex=R/T/F=0/0/1 trsplit=0 sim=16.070(rmp=0.523 run=15.545 n=1 d=0) incr=loc/full/maxdirty/keys=0/0/0/0 chk= 0.000(d=1) stat= 0.160 rest= 0.322
  [bmc-incr i=549 repr=1 active=1214/176366 POs=1]
BMC : c =    1212  cl =   4503  lit =  176365  p =     0  d =     0  f =     1  +  T =     0.03 sec
  [bmc-prof 549] wall=  29.354 p=     1 | ifo=  0.711(sd=0.178 nx=0.000 tfo=0.052 cnt=0.481) snap= 0.297 srm=  8.250 sat=  5.171(set=0.177 slv=4.992 max=4.9916 n=1) cex=R/T/F=0/0/1 trsplit=0 sim=14.457(rmp=0.414 run=14.041 n=1 d=0) incr=loc/full/maxdirty/keys=0/0/0/0 chk= 0.000(d=1) stat= 0.176 rest= 0.292
  [bmc-incr i=550 repr=1 active=1213/176365 POs=1]
BMC : c =    1211  cl =   4503  lit =  176364  p =     0  d =     0  f =     1  +  T =     0.03 sec
  [bmc-prof 550] wall=  28.235 p=     1 | ifo=  0.721(sd=0.178 nx=0.000 tfo=0.055 cnt=0.489) snap= 0.282 srm=  7.604 sat=  5.194(set=0.166 slv=5.026 max=5.0259 n=1) cex=R/T/F=0/0/1 trsplit=0 sim=13.979(rmp=0.401 run=13.577 n=1 d=0) incr=loc/full/maxdirty/keys=0/0/0/0 chk= 0.000(d=1) stat= 0.155 rest= 0.300
  [bmc-incr i=551 repr=1 active=1212/176364 POs=1]
BMC : c =    1210  cl =   4503  lit =  176363  p =     0  d =     0  f =     1  +  T =     0.03 sec
  [bmc-prof 551] wall=  29.454 p=     1 | ifo=  0.705(sd=0.176 nx=0.000 tfo=0.050 cnt=0.479) snap= 0.289 srm=  7.665 sat=  5.414(set=0.167 slv=5.246 max=5.2458 n=1) cex=R/T/F=0/0/1 trsplit=0 sim=14.871(rmp=0.415 run=14.454 n=1 d=0) incr=loc/full/maxdirty/keys=0/0/0/0 chk= 0.000(d=1) stat= 0.205 rest= 0.305
  [bmc-incr i=552 repr=1 active=1211/176363 POs=1]
BMC : c =    1209  cl =   4503  lit =  176362  p =     0  d =     0  f =     1  +  T =     0.03 sec
  [bmc-prof 552] wall=  29.314 p=     1 | ifo=  0.735(sd=0.181 nx=0.000 tfo=0.057 cnt=0.498) snap= 0.296 srm=  8.487 sat=  5.192(set=0.179 slv=5.011 max=5.0109 n=1) cex=R/T/F=0/0/1 trsplit=0 sim=14.156(rmp=0.404 run=13.751 n=1 d=0) incr=loc/full/maxdirty/keys=0/0/0/0 chk= 0.000(d=1) stat= 0.156 rest= 0.292
  [bmc-incr i=553 repr=1 active=1210/176362 POs=1]
BMC : c =    1208  cl =   4503  lit =  176361  p =     0  d =     0  f =     1  +  T =     0.03 sec
  [bmc-prof 553] wall=  29.386 p=     1 | ifo=  0.719(sd=0.175 nx=0.000 tfo=0.053 cnt=0.490) snap= 0.282 srm=  7.737 sat=  5.168(set=0.167 slv=5.000 max=4.9999 n=1) cex=R/T/F=0/0/1 trsplit=0 sim=15.006(rmp=0.400 run=14.605 n=1 d=0) incr=loc/full/maxdirty/keys=0/0/0/0 chk= 0.000(d=1) stat= 0.165 rest= 0.308
  [bmc-incr i=554 repr=1 active=1209/176361 POs=1]
BMC : c =    1207  cl =   4503  lit =  176360  p =     0  d =     0  f =     1  +  T =     0.03 sec
  [bmc-prof 554] wall=  28.584 p=     1 | ifo=  0.766(sd=0.180 nx=0.000 tfo=0.055 cnt=0.531) snap= 0.286 srm=  8.070 sat=  5.178(set=0.172 slv=5.004 max=5.0043 n=1) cex=R/T/F=0/0/1 trsplit=0 sim=13.835(rmp=0.405 run=13.430 n=1 d=0) incr=loc/full/maxdirty/keys=0/0/0/0 chk= 0.000(d=1) stat= 0.157 rest= 0.292
  [bmc-incr i=555 repr=1 active=1208/176360 POs=1]
BMC : c =    1206  cl =   4503  lit =  176359  p =     0  d =     0  f =     1  +  T =     0.03 sec
  [bmc-prof 555] wall=  28.285 p=     1 | ifo=  0.789(sd=0.200 nx=0.000 tfo=0.083 cnt=0.506) snap= 0.282 srm=  7.623 sat=  5.163(set=0.165 slv=4.997 max=4.9969 n=1) cex=R/T/F=0/0/1 trsplit=0 sim=13.979(rmp=0.420 run=13.558 n=1 d=0) incr=loc/full/maxdirty/keys=0/0/0/0 chk= 0.000(d=1) stat= 0.155 rest= 0.294
  [bmc-incr i=556 repr=1 active=1207/176359 POs=1]
BMC : c =    1205  cl =   4503  lit =  176358  p =     0  d =     0  f =     1  +  T =     0.03 sec
  [bmc-prof 556] wall=  28.920 p=     1 | ifo=  0.703(sd=0.180 nx=0.000 tfo=0.042 cnt=0.481) snap= 0.287 srm=  7.642 sat=  5.242(set=0.240 slv=5.001 max=5.0009 n=1) cex=R/T/F=0/0/1 trsplit=0 sim=14.584(rmp=0.402 run=14.182 n=1 d=0) incr=loc/full/maxdirty/keys=0/0/0/0 chk= 0.000(d=1) stat= 0.160 rest= 0.300
  [bmc-incr i=557 repr=1 active=1206/176358 POs=1]
BMC : c =    1204  cl =   4503  lit =  176357  p =     0  d =     0  f =     1  +  T =     0.03 sec
  [bmc-prof 557] wall=  30.043 p=     1 | ifo=  0.726(sd=0.179 nx=0.000 tfo=0.055 cnt=0.492) snap= 0.284 srm=  8.248 sat=  5.393(set=0.164 slv=5.227 max=5.2274 n=1) cex=R/T/F=0/0/1 trsplit=0 sim=14.856(rmp=0.491 run=14.364 n=1 d=0) incr=loc/full/maxdirty/keys=0/0/0/0 chk= 0.000(d=1) stat= 0.166 rest= 0.370
  [bmc-incr i=558 repr=1 active=1205/176357 POs=1]
BMC : c =    1203  cl =   4503  lit =  176356  p =     0  d =     0  f =     1  +  T =     0.03 sec
  [bmc-prof 558] wall=  29.047 p=     1 | ifo=  0.730(sd=0.182 nx=0.000 tfo=0.065 cnt=0.483) snap= 0.295 srm=  7.929 sat=  5.360(set=0.176 slv=5.182 max=5.1817 n=1) cex=R/T/F=0/0/1 trsplit=0 sim=14.159(rmp=0.417 run=13.741 n=1 d=0) incr=loc/full/maxdirty/keys=0/0/0/0 chk= 0.000(d=1) stat= 0.248 rest= 0.326
  [bmc-incr i=559 repr=1 active=1204/176356 POs=1]
BMC : c =    1202  cl =   4503  lit =  176355  p =     0  d =     0  f =     1  +  T =     0.03 sec
  [bmc-prof 559] wall=  30.431 p=     1 | ifo=  0.783(sd=0.202 nx=0.000 tfo=0.090 cnt=0.491) snap= 0.293 srm=  7.604 sat=  5.310(set=0.164 slv=5.144 max=5.1436 n=1) cex=R/T/F=0/0/1 trsplit=0 sim=15.959(rmp=0.406 run=15.552 n=1 d=0) incr=loc/full/maxdirty/keys=0/0/0/0 chk= 0.000(d=1) stat= 0.173 rest= 0.309
  [bmc-incr i=560 repr=1 active=1203/176355 POs=1]
BMC : c =    1201  cl =   4503  lit =  176354  p =     0  d =     0  f =     1  +  T =     0.03 sec
  [bmc-prof 560] wall=  28.643 p=     1 | ifo=  0.773(sd=0.205 nx=0.000 tfo=0.047 cnt=0.521) snap= 0.335 srm=  8.153 sat=  5.299(set=0.205 slv=5.092 max=5.0919 n=1) cex=R/T/F=0/0/1 trsplit=0 sim=13.584(rmp=0.495 run=13.088 n=1 d=0) incr=loc/full/maxdirty/keys=0/0/0/0 chk= 0.000(d=1) stat= 0.172 rest= 0.327
  [bmc-incr i=561 repr=1 active=1202/176354 POs=1]
BMC : c =    1200  cl =   4503  lit =  176353  p =     0  d =     0  f =     1  +  T =     0.03 sec
  [bmc-prof 561] wall=  27.920 p=     1 | ifo=  0.779(sd=0.208 nx=0.000 tfo=0.058 cnt=0.513) snap= 0.320 srm=  7.826 sat=  5.283(set=0.188 slv=5.093 max=5.0934 n=1) cex=R/T/F=0/0/1 trsplit=0 sim=13.218(rmp=0.469 run=12.749 n=1 d=0) incr=loc/full/maxdirty/keys=0/0/0/0 chk= 0.000(d=1) stat= 0.171 rest= 0.323
  [bmc-incr i=562 repr=1 active=1201/176353 POs=1]
BMC : c =    1199  cl =   4503  lit =  176352  p =     0  d =     0  f =     1  +  T =     0.03 sec
  [bmc-prof 562] wall=  28.724 p=     1 | ifo=  0.774(sd=0.204 nx=0.000 tfo=0.045 cnt=0.524) snap= 0.322 srm=  7.973 sat=  5.270(set=0.190 slv=5.078 max=5.0780 n=1) cex=R/T/F=0/0/1 trsplit=0 sim=13.899(rmp=0.470 run=13.428 n=1 d=0) incr=loc/full/maxdirty/keys=0/0/0/0 chk= 0.000(d=1) stat= 0.162 rest= 0.325
  [bmc-incr i=563 repr=1 active=1200/176352 POs=1]
BMC : c =    1198  cl =   4503  lit =  176351  p =     0  d =     0  f =     1  +  T =     0.03 sec
  [bmc-prof 563] wall=  28.613 p=     1 | ifo=  0.709(sd=0.177 nx=0.000 tfo=0.049 cnt=0.483) snap= 0.293 srm=  7.787 sat=  5.213(set=0.179 slv=5.033 max=5.0326 n=1) cex=R/T/F=0/0/1 trsplit=0 sim=14.165(rmp=0.418 run=13.747 n=1 d=0) incr=loc/full/maxdirty/keys=0/0/0/0 chk= 0.000(d=1) stat= 0.154 rest= 0.292
  [bmc-incr i=564 repr=1 active=1199/176351 POs=1]
BMC : c =    1197  cl =   4503  lit =  176350  p =     0  d =     0  f =     1  +  T =     0.03 sec
  [bmc-prof 564] wall=  28.679 p=     1 | ifo=  0.709(sd=0.178 nx=0.000 tfo=0.050 cnt=0.481) snap= 0.284 srm=  7.884 sat=  5.199(set=0.175 slv=5.022 max=5.0217 n=1) cex=R/T/F=0/0/1 trsplit=0 sim=14.132(rmp=0.419 run=13.712 n=1 d=0) incr=loc/full/maxdirty/keys=0/0/0/0 chk= 0.000(d=1) stat= 0.159 rest= 0.312
  [bmc-incr i=565 repr=1 active=1198/176350 POs=1]
BMC : c =    1196  cl =   4503  lit =  176349  p =     0  d =     0  f =     1  +  T =     0.03 sec
  [bmc-prof 565] wall=  28.352 p=     1 | ifo=  0.770(sd=0.204 nx=0.000 tfo=0.082 cnt=0.484) snap= 0.291 srm=  7.697 sat=  5.189(set=0.165 slv=5.022 max=5.0221 n=1) cex=R/T/F=0/0/1 trsplit=0 sim=13.961(rmp=0.408 run=13.552 n=1 d=0) incr=loc/full/maxdirty/keys=0/0/0/0 chk= 0.000(d=1) stat= 0.155 rest= 0.289
  [bmc-incr i=566 repr=1 active=1197/176349 POs=1]
BMC : c =    1195  cl =   4503  lit =  176348  p =     0  d =     0  f =     1  +  T =     0.03 sec
  [bmc-prof 566] wall=  30.107 p=     1 | ifo=  0.707(sd=0.173 nx=0.000 tfo=0.041 cnt=0.493) snap= 0.286 srm=  7.889 sat=  5.200(set=0.171 slv=5.027 max=5.0270 n=1) cex=R/T/F=0/0/1 trsplit=0 sim=15.549(rmp=0.413 run=15.134 n=1 d=0) incr=loc/full/maxdirty/keys=0/0/0/0 chk= 0.000(d=1) stat= 0.166 rest= 0.309
  [bmc-incr i=567 repr=1 active=1196/176348 POs=1]
BMC : c =    1194  cl =   4503  lit =  176347  p =     0  d =     0  f =     1  +  T =     0.03 sec
  [bmc-prof 567] wall=  28.641 p=     1 | ifo=  0.727(sd=0.182 nx=0.000 tfo=0.053 cnt=0.492) snap= 0.288 srm=  7.857 sat=  5.212(set=0.180 slv=5.029 max=5.0294 n=1) cex=R/T/F=0/0/1 trsplit=0 sim=14.113(rmp=0.400 run=13.712 n=1 d=0) incr=loc/full/maxdirty/keys=0/0/0/0 chk= 0.000(d=1) stat= 0.154 rest= 0.290
  [bmc-incr i=568 repr=1 active=1195/176347 POs=1]
BMC : c =    1193  cl =   4503  lit =  176346  p =     0  d =     0  f =     1  +  T =     0.03 sec
  [bmc-prof 568] wall=  28.761 p=     1 | ifo=  0.725(sd=0.178 nx=0.000 tfo=0.055 cnt=0.492) snap= 0.285 srm=  8.082 sat=  5.203(set=0.175 slv=5.026 max=5.0261 n=1) cex=R/T/F=0/0/1 trsplit=0 sim=14.015(rmp=0.410 run=13.604 n=1 d=0) incr=loc/full/maxdirty/keys=0/0/0/0 chk= 0.000(d=1) stat= 0.157 rest= 0.293
  [bmc-incr i=569 repr=1 active=1194/176346 POs=1]
BMC : c =    1192  cl =   4503  lit =  176345  p =     0  d =     0  f =     1  +  T =     0.03 sec
  [bmc-prof 569] wall=  28.654 p=     1 | ifo=  0.713(sd=0.174 nx=0.000 tfo=0.047 cnt=0.491) snap= 0.279 srm=  7.633 sat=  5.214(set=0.166 slv=5.047 max=5.0468 n=1) cex=R/T/F=0/0/1 trsplit=0 sim=14.351(rmp=0.409 run=13.942 n=1 d=0) incr=loc/full/maxdirty/keys=0/0/0/0 chk= 0.000(d=1) stat= 0.166 rest= 0.299
  [bmc-incr i=570 repr=1 active=1193/176345 POs=1]
BMC : c =    1191  cl =   4503  lit =  176344  p =     0  d =     0  f =     1  +  T =     0.03 sec
  [bmc-prof 570] wall=  28.994 p=     1 | ifo=  0.709(sd=0.179 nx=0.000 tfo=0.051 cnt=0.479) snap= 0.282 srm=  7.810 sat=  5.665(set=0.169 slv=5.494 max=5.4941 n=1) cex=R/T/F=0/0/1 trsplit=0 sim=14.075(rmp=0.407 run=13.668 n=1 d=0) incr=loc/full/maxdirty/keys=0/0/0/0 chk= 0.000(d=1) stat= 0.156 rest= 0.296
  [bmc-incr i=571 repr=1 active=1192/176344 POs=1]
BMC : c =    1190  cl =   4503  lit =  176343  p =     0  d =     0  f =     1  +  T =     0.03 sec
  [bmc-prof 571] wall=  28.501 p=     1 | ifo=  0.718(sd=0.176 nx=0.000 tfo=0.051 cnt=0.491) snap= 0.280 srm=  7.634 sat=  5.224(set=0.167 slv=5.055 max=5.0554 n=1) cex=R/T/F=0/0/1 trsplit=0 sim=14.187(rmp=0.417 run=13.769 n=1 d=0) incr=loc/full/maxdirty/keys=0/0/0/0 chk= 0.000(d=1) stat= 0.161 rest= 0.296
  [bmc-incr i=572 repr=1 active=1191/176343 POs=1]
BMC : c =    1189  cl =   4503  lit =  176342  p =     0  d =     0  f =     1  +  T =     0.03 sec
  [bmc-prof 572] wall=  28.277 p=     1 | ifo=  0.716(sd=0.182 nx=0.000 tfo=0.055 cnt=0.479) snap= 0.293 srm=  7.729 sat=  5.217(set=0.170 slv=5.046 max=5.0457 n=1) cex=R/T/F=0/0/1 trsplit=0 sim=13.879(rmp=0.400 run=13.478 n=1 d=0) incr=loc/full/maxdirty/keys=0/0/0/0 chk= 0.000(d=1) stat= 0.155 rest= 0.288
  [bmc-incr i=573 repr=1 active=1190/176342 POs=1]
BMC : c =    1188  cl =   4503  lit =  176341  p =     0  d =     0  f =     1  +  T =     0.03 sec
  [bmc-prof 573] wall=  28.401 p=     1 | ifo=  0.704(sd=0.175 nx=0.000 tfo=0.049 cnt=0.480) snap= 0.289 srm=  7.669 sat=  5.206(set=0.165 slv=5.040 max=5.0396 n=1) cex=R/T/F=0/0/1 trsplit=0 sim=14.084(rmp=0.402 run=13.681 n=1 d=0) incr=loc/full/maxdirty/keys=0/0/0/0 chk= 0.000(d=1) stat= 0.158 rest= 0.291
  [bmc-incr i=574 repr=1 active=1189/176341 POs=1]
BMC : c =    1187  cl =   4503  lit =  176340  p =     0  d =     0  f =     1  +  T =     0.03 sec
  [bmc-prof 574] wall=  28.569 p=     1 | ifo=  0.756(sd=0.195 nx=0.000 tfo=0.071 cnt=0.490) snap= 0.282 srm=  7.710 sat=  5.218(set=0.170 slv=5.046 max=5.0463 n=1) cex=R/T/F=0/0/1 trsplit=0 sim=14.093(rmp=0.414 run=13.679 n=1 d=0) incr=loc/full/maxdirty/keys=0/0/0/0 chk= 0.000(d=1) stat= 0.219 rest= 0.290
  [bmc-incr i=575 repr=1 active=1188/176340 POs=1]
BMC : c =    1186  cl =   4503  lit =  176339  p =     0  d =     0  f =     1  +  T =     0.04 sec
  [bmc-prof 575] wall=  40.796 p=     1 | ifo=  0.712(sd=0.173 nx=0.000 tfo=0.045 cnt=0.494) snap= 0.297 srm=  7.744 sat=  6.266(set=0.166 slv=6.094 max=6.0936 n=1) cex=R/T/F=0/0/1 trsplit=0 sim=24.921(rmp=1.495 run=23.426 n=1 d=0) incr=loc/full/maxdirty/keys=0/0/0/0 chk= 0.000(d=1) stat= 0.159 rest= 0.697
  [bmc-incr i=576 repr=1 active=1187/176339 POs=1]
BMC : c =    1185  cl =   4503  lit =  176338  p =     0  d =     0  f =     1  +  T =     0.03 sec
  [bmc-prof 576] wall=  29.398 p=     1 | ifo=  0.735(sd=0.182 nx=0.000 tfo=0.060 cnt=0.493) snap= 0.285 srm=  7.988 sat=  5.277(set=0.183 slv=5.092 max=5.0920 n=1) cex=R/T/F=0/0/1 trsplit=0 sim=14.657(rmp=0.400 run=14.255 n=1 d=0) incr=loc/full/maxdirty/keys=0/0/0/0 chk= 0.000(d=1) stat= 0.157 rest= 0.299
  [bmc-incr i=577 repr=1 active=1186/176338 POs=1]
BMC : c =    1184  cl =   4503  lit =  176337  p =     0  d =     0  f =     1  +  T =     0.03 sec
  [bmc-prof 577] wall=  28.766 p=     1 | ifo=  0.724(sd=0.178 nx=0.000 tfo=0.053 cnt=0.493) snap= 0.282 srm=  7.688 sat=  5.306(set=0.169 slv=5.135 max=5.1346 n=1) cex=R/T/F=0/0/1 trsplit=0 sim=14.273(rmp=0.417 run=13.855 n=1 d=0) incr=loc/full/maxdirty/keys=0/0/0/0 chk= 0.000(d=1) stat= 0.163 rest= 0.330
  [bmc-incr i=578 repr=1 active=1185/176337 POs=1]
BMC : c =    1183  cl =   4503  lit =  176336  p =     0  d =     0  f =     1  +  T =     0.03 sec
  [bmc-prof 578] wall=  30.114 p=     1 | ifo=  0.712(sd=0.177 nx=0.000 tfo=0.049 cnt=0.486) snap= 0.331 srm=  8.564 sat=  5.251(set=0.191 slv=5.058 max=5.0584 n=1) cex=R/T/F=0/0/1 trsplit=0 sim=14.808(rmp=0.436 run=14.371 n=1 d=0) incr=loc/full/maxdirty/keys=0/0/0/0 chk= 0.000(d=1) stat= 0.157 rest= 0.290
  [bmc-incr i=579 repr=1 active=1184/176336 POs=1]
BMC : c =    1182  cl =   4503  lit =  176335  p =     0  d =     0  f =     1  +  T =     0.03 sec
  [bmc-prof 579] wall=  28.588 p=     1 | ifo=  0.711(sd=0.177 nx=0.000 tfo=0.053 cnt=0.481) snap= 0.292 srm=  7.651 sat=  5.264(set=0.172 slv=5.091 max=5.0906 n=1) cex=R/T/F=0/0/1 trsplit=0 sim=14.224(rmp=0.406 run=13.818 n=1 d=0) incr=loc/full/maxdirty/keys=0/0/0/0 chk= 0.000(d=1) stat= 0.156 rest= 0.290
  [bmc-incr i=580 repr=1 active=1183/176335 POs=1]
BMC : c =    1181  cl =   4503  lit =  176334  p =     0  d =     0  f =     1  +  T =     0.03 sec
  [bmc-prof 580] wall=  29.896 p=     1 | ifo=  0.722(sd=0.174 nx=0.000 tfo=0.046 cnt=0.503) snap= 0.294 srm=  7.578 sat=  5.315(set=0.166 slv=5.147 max=5.1470 n=1) cex=R/T/F=0/0/1 trsplit=0 sim=15.510(rmp=0.443 run=15.066 n=1 d=0) incr=loc/full/maxdirty/keys=0/0/0/0 chk= 0.000(d=1) stat= 0.165 rest= 0.310
  [bmc-incr i=581 repr=1 active=1182/176334 POs=1]
BMC : c =    1180  cl =   4503  lit =  176333  p =     0  d =     0  f =     1  +  T =     0.03 sec
  [bmc-prof 581] wall=  30.420 p=     1 | ifo=  0.740(sd=0.190 nx=0.000 tfo=0.055 cnt=0.495) snap= 0.290 srm=  7.764 sat=  6.512(set=0.166 slv=6.344 max=6.3436 n=1) cex=R/T/F=0/0/1 trsplit=0 sim=14.631(rmp=0.519 run=14.112 n=1 d=0) incr=loc/full/maxdirty/keys=0/0/0/0 chk= 0.000(d=1) stat= 0.156 rest= 0.326
  [bmc-incr i=582 repr=1 active=1181/176333 POs=1]
BMC : c =    1179  cl =   4503  lit =  176332  p =     0  d =     0  f =     1  +  T =     0.03 sec
  [bmc-prof 582] wall=  28.064 p=     1 | ifo=  0.717(sd=0.184 nx=0.000 tfo=0.051 cnt=0.482) snap= 0.282 srm=  7.518 sat=  5.267(set=0.165 slv=5.101 max=5.1011 n=1) cex=R/T/F=0/0/1 trsplit=0 sim=13.836(rmp=0.400 run=13.435 n=1 d=0) incr=loc/full/maxdirty/keys=0/0/0/0 chk= 0.000(d=1) stat= 0.154 rest= 0.290
  [bmc-incr i=583 repr=1 active=1180/176332 POs=1]
BMC : c =    1178  cl =   4503  lit =  176331  p =     0  d =     0  f =     1  +  T =     0.03 sec
  [bmc-prof 583] wall=  28.292 p=     1 | ifo=  0.717(sd=0.175 nx=0.000 tfo=0.044 cnt=0.498) snap= 0.283 srm=  7.585 sat=  5.237(set=0.166 slv=5.070 max=5.0702 n=1) cex=R/T/F=0/0/1 trsplit=0 sim=14.018(rmp=0.394 run=13.623 n=1 d=0) incr=loc/full/maxdirty/keys=0/0/0/0 chk= 0.000(d=1) stat= 0.162 rest= 0.290
  [bmc-incr i=584 repr=1 active=1179/176331 POs=1]
BMC : c =    1177  cl =   4503  lit =  176330  p =     0  d =     0  f =     1  +  T =     0.03 sec
  [bmc-prof 584] wall=  29.085 p=     1 | ifo=  0.692(sd=0.173 nx=0.000 tfo=0.039 cnt=0.479) snap= 0.286 srm=  7.752 sat=  5.576(set=0.196 slv=5.378 max=5.3783 n=1) cex=R/T/F=0/0/1 trsplit=0 sim=14.317(rmp=0.429 run=13.887 n=1 d=0) incr=loc/full/maxdirty/keys=0/0/0/0 chk= 0.000(d=1) stat= 0.155 rest= 0.307
  [bmc-incr i=585 repr=1 active=1178/176330 POs=1]
BMC : c =    1176  cl =   4503  lit =  176329  p =     0  d =     0  f =     1  +  T =     0.03 sec
  [bmc-prof 585] wall=  28.905 p=     1 | ifo=  0.711(sd=0.178 nx=0.000 tfo=0.053 cnt=0.480) snap= 0.284 srm=  8.069 sat=  5.251(set=0.172 slv=5.076 max=5.0764 n=1) cex=R/T/F=0/0/1 trsplit=0 sim=14.144(rmp=0.411 run=13.733 n=1 d=0) incr=loc/full/maxdirty/keys=0/0/0/0 chk= 0.000(d=1) stat= 0.157 rest= 0.289
  [bmc-incr i=586 repr=1 active=1177/176329 POs=1]
BMC : c =    1175  cl =   4503  lit =  176328  p =     0  d =     0  f =     1  +  T =     0.03 sec
  [bmc-prof 586] wall=  28.649 p=     1 | ifo=  0.704(sd=0.176 nx=0.000 tfo=0.048 cnt=0.480) snap= 0.287 srm=  7.790 sat=  5.262(set=0.187 slv=5.073 max=5.0731 n=1) cex=R/T/F=0/0/1 trsplit=0 sim=14.151(rmp=0.406 run=13.744 n=1 d=0) incr=loc/full/maxdirty/keys=0/0/0/0 chk= 0.000(d=1) stat= 0.155 rest= 0.300
  [bmc-incr i=587 repr=1 active=1176/176328 POs=1]
BMC : c =    1174  cl =   4503  lit =  176327  p =     0  d =     0  f =     1  +  T =     0.03 sec
  [bmc-prof 587] wall=  28.540 p=     1 | ifo=  0.699(sd=0.174 nx=0.000 tfo=0.043 cnt=0.481) snap= 0.281 srm=  7.617 sat=  5.243(set=0.166 slv=5.075 max=5.0751 n=1) cex=R/T/F=0/0/1 trsplit=0 sim=14.175(rmp=0.420 run=13.755 n=1 d=0) incr=loc/full/maxdirty/keys=0/0/0/0 chk= 0.000(d=1) stat= 0.227 rest= 0.297
  [bmc-incr i=588 repr=1 active=1175/176327 POs=1]
BMC : c =    1173  cl =   4503  lit =  176326  p =     0  d =     0  f =     1  +  T =     0.03 sec
  [bmc-prof 588] wall=  28.972 p=     1 | ifo=  0.711(sd=0.180 nx=0.000 tfo=0.049 cnt=0.482) snap= 0.290 srm=  7.662 sat=  5.569(set=0.170 slv=5.396 max=5.3963 n=1) cex=R/T/F=0/0/1 trsplit=0 sim=14.259(rmp=0.419 run=13.838 n=1 d=0) incr=loc/full/maxdirty/keys=0/0/0/0 chk= 0.000(d=1) stat= 0.161 rest= 0.320
  [bmc-incr i=589 repr=1 active=1174/176326 POs=1]
BMC : c =    1172  cl =   4503  lit =  176325  p =     0  d =     0  f =     1  +  T =     0.03 sec
  [bmc-prof 589] wall=  28.866 p=     1 | ifo=  0.731(sd=0.178 nx=0.000 tfo=0.057 cnt=0.495) snap= 0.284 srm=  8.013 sat=  5.287(set=0.185 slv=5.100 max=5.1002 n=1) cex=R/T/F=0/0/1 trsplit=0 sim=14.103(rmp=0.429 run=13.673 n=1 d=0) incr=loc/full/maxdirty/keys=0/0/0/0 chk= 0.000(d=1) stat= 0.156 rest= 0.291
  [bmc-incr i=590 repr=1 active=1173/176325 POs=1]
BMC : c =    1171  cl =   4503  lit =  176324  p =     0  d =     0  f =     1  +  T =     0.03 sec
  [bmc-prof 590] wall=  28.589 p=     1 | ifo=  0.732(sd=0.184 nx=0.000 tfo=0.059 cnt=0.489) snap= 0.293 srm=  7.762 sat=  5.256(set=0.166 slv=5.088 max=5.0882 n=1) cex=R/T/F=0/0/1 trsplit=0 sim=14.103(rmp=0.411 run=13.692 n=1 d=0) incr=loc/full/maxdirty/keys=0/0/0/0 chk= 0.000(d=1) stat= 0.154 rest= 0.289
  [bmc-incr i=591 repr=1 active=1172/176324 POs=1]
BMC : c =    1170  cl =   4503  lit =  176323  p =     0  d =     0  f =     1  +  T =     0.03 sec
  [bmc-prof 591] wall=  28.302 p=     1 | ifo=  0.690(sd=0.172 nx=0.000 tfo=0.037 cnt=0.480) snap= 0.300 srm=  7.709 sat=  5.250(set=0.167 slv=5.082 max=5.0819 n=1) cex=R/T/F=0/0/1 trsplit=0 sim=13.906(rmp=0.397 run=13.508 n=1 d=0) incr=loc/full/maxdirty/keys=0/0/0/0 chk= 0.000(d=1) stat= 0.155 rest= 0.293
  [bmc-incr i=592 repr=1 active=1171/176323 POs=1]
BMC : c =    1169  cl =   4503  lit =  176322  p =     0  d =     0  f =     1  +  T =     0.03 sec
  [bmc-prof 592] wall=  28.626 p=     1 | ifo=  0.706(sd=0.173 nx=0.000 tfo=0.040 cnt=0.492) snap= 0.283 srm=  7.881 sat=  5.257(set=0.169 slv=5.087 max=5.0867 n=1) cex=R/T/F=0/0/1 trsplit=0 sim=14.029(rmp=0.398 run=13.630 n=1 d=0) incr=loc/full/maxdirty/keys=0/0/0/0 chk= 0.000(d=1) stat= 0.162 rest= 0.309
  [bmc-incr i=593 repr=1 active=1170/176322 POs=1]
BMC : c =    1168  cl =   4503  lit =  176321  p =     0  d =     0  f =     1  +  T =     0.03 sec
  [bmc-prof 593] wall=  29.521 p=     1 | ifo=  0.705(sd=0.179 nx=0.000 tfo=0.046 cnt=0.480) snap= 0.290 srm=  8.312 sat=  5.535(set=0.194 slv=5.339 max=5.3392 n=1) cex=R/T/F=0/0/1 trsplit=0 sim=14.226(rmp=0.468 run=13.758 n=1 d=0) incr=loc/full/maxdirty/keys=0/0/0/0 chk= 0.000(d=1) stat= 0.155 rest= 0.298
  [bmc-incr i=594 repr=1 active=1169/176321 POs=1]
BMC : c =    1167  cl =   4503  lit =  176320  p =     0  d =     0  f =     1  +  T =     0.03 sec
  [bmc-prof 594] wall=  28.526 p=     1 | ifo=  0.719(sd=0.179 nx=0.000 tfo=0.052 cnt=0.488) snap= 0.282 srm=  7.733 sat=  5.259(set=0.167 slv=5.091 max=5.0909 n=1) cex=R/T/F=0/0/1 trsplit=0 sim=14.088(rmp=0.405 run=13.682 n=1 d=0) incr=loc/full/maxdirty/keys=0/0/0/0 chk= 0.000(d=1) stat= 0.154 rest= 0.290
  [bmc-incr i=595 repr=1 active=1168/176320 POs=1]
BMC : c =    1166  cl =   4503  lit =  176319  p =     0  d =     0  f =     1  +  T =     0.03 sec
  [bmc-prof 595] wall=  28.664 p=     1 | ifo=  0.718(sd=0.177 nx=0.000 tfo=0.058 cnt=0.482) snap= 0.362 srm=  7.758 sat=  5.276(set=0.170 slv=5.105 max=5.1045 n=1) cex=R/T/F=0/0/1 trsplit=0 sim=14.107(rmp=0.397 run=13.710 n=1 d=0) incr=loc/full/maxdirty/keys=0/0/0/0 chk= 0.000(d=1) stat= 0.155 rest= 0.288
  [bmc-incr i=596 repr=1 active=1167/176319 POs=1]
BMC : c =    1165  cl =   4503  lit =  176318  p =     0  d =     0  f =     1  +  T =     0.03 sec
  [bmc-prof 596] wall=  28.631 p=     1 | ifo=  0.698(sd=0.173 nx=0.000 tfo=0.045 cnt=0.479) snap= 0.295 srm=  7.790 sat=  5.325(set=0.168 slv=5.156 max=5.1558 n=1) cex=R/T/F=0/0/1 trsplit=0 sim=14.035(rmp=0.420 run=13.615 n=1 d=0) incr=loc/full/maxdirty/keys=0/0/0/0 chk= 0.000(d=1) stat= 0.174 rest= 0.312
  [bmc-incr i=597 repr=1 active=1166/176318 POs=1]
BMC : c =    1164  cl =   4503  lit =  176317  p =     0  d =     0  f =     1  +  T =     0.03 sec
  [bmc-prof 597] wall=  29.151 p=     1 | ifo=  0.713(sd=0.178 nx=0.000 tfo=0.046 cnt=0.489) snap= 0.283 srm=  8.352 sat=  5.372(set=0.175 slv=5.195 max=5.1951 n=1) cex=R/T/F=0/0/1 trsplit=0 sim=13.982(rmp=0.417 run=13.564 n=1 d=0) incr=loc/full/maxdirty/keys=0/0/0/0 chk= 0.000(d=1) stat= 0.156 rest= 0.292
  [bmc-incr i=598 repr=1 active=1165/176317 POs=1]
BMC : c =    1163  cl =   4503  lit =  176316  p =     0  d =     0  f =     1  +  T =     0.03 sec
  [bmc-prof 598] wall=  32.604 p=     1 | ifo=  0.721(sd=0.185 nx=0.000 tfo=0.048 cnt=0.488) snap= 0.287 srm=  8.504 sat=  5.498(set=0.183 slv=5.312 max=5.3124 n=1) cex=R/T/F=0/0/1 trsplit=0 sim=17.142(rmp=0.423 run=16.719 n=1 d=0) incr=loc/full/maxdirty/keys=0/0/0/0 chk= 0.000(d=1) stat= 0.157 rest= 0.296
  [bmc-incr i=599 repr=1 active=1164/176316 POs=1]
BMC : c =    1162  cl =   4503  lit =  176315  p =     0  d =     0  f =     1  +  T =     0.03 sec
  [bmc-prof 599] wall=  34.660 p=     1 | ifo=  0.728(sd=0.180 nx=0.000 tfo=0.056 cnt=0.492) snap= 0.282 srm=  7.698 sat=  5.339(set=0.203 slv=5.134 max=5.1337 n=1) cex=R/T/F=0/0/1 trsplit=0 sim=20.043(rmp=0.420 run=19.622 n=1 d=0) incr=loc/full/maxdirty/keys=0/0/0/0 chk= 0.000(d=1) stat= 0.212 rest= 0.359
  [bmc-incr i=600 repr=1 active=1163/176315 POs=1]
BMC : c =    1161  cl =   4503  lit =  176314  p =     0  d =     0  f =     1  +  T =     0.03 sec
  [bmc-prof 600] wall=  30.205 p=     1 | ifo=  1.019(sd=0.226 nx=0.000 tfo=0.047 cnt=0.746) snap= 0.297 srm=  8.157 sat=  5.289(set=0.164 slv=5.122 max=5.1224 n=1) cex=R/T/F=0/0/1 trsplit=0 sim=14.933(rmp=0.435 run=14.497 n=1 d=0) incr=loc/full/maxdirty/keys=0/0/0/0 chk= 0.000(d=1) stat= 0.184 rest= 0.327
  [bmc-incr i=601 repr=1 active=1162/176314 POs=1]
BMC : c =    1160  cl =   4503  lit =  176313  p =     0  d =     0  f =     1  +  T =     0.03 sec
  [bmc-prof 601] wall=  33.112 p=     1 | ifo=  0.822(sd=0.231 nx=0.000 tfo=0.054 cnt=0.537) snap= 0.321 srm=  8.033 sat=  5.316(set=0.200 slv=5.114 max=5.1137 n=1) cex=R/T/F=0/0/1 trsplit=0 sim=18.138(rmp=0.471 run=17.666 n=1 d=0) incr=loc/full/maxdirty/keys=0/0/0/0 chk= 0.001(d=1) stat= 0.168 rest= 0.312
  [bmc-incr i=602 repr=1 active=1161/176313 POs=1]
BMC : c =    1159  cl =   4503  lit =  176312  p =     0  d =     0  f =     1  +  T =     0.03 sec
  [bmc-prof 602] wall=  28.744 p=     1 | ifo=  0.743(sd=0.178 nx=0.000 tfo=0.052 cnt=0.513) snap= 0.291 srm=  7.876 sat=  5.302(set=0.175 slv=5.126 max=5.1258 n=1) cex=R/T/F=0/0/1 trsplit=0 sim=14.082(rmp=0.399 run=13.682 n=1 d=0) incr=loc/full/maxdirty/keys=0/0/0/0 chk= 0.000(d=1) stat= 0.154 rest= 0.295
  [bmc-incr i=603 repr=1 active=1160/176312 POs=1]
BMC : c =    1158  cl =   4503  lit =  176311  p =     0  d =     0  f =     1  +  T =     0.03 sec
  [bmc-prof 603] wall=  31.748 p=     1 | ifo=  0.709(sd=0.178 nx=0.000 tfo=0.050 cnt=0.481) snap= 0.299 srm=  9.040 sat=  6.502(set=0.186 slv=6.315 max=6.3153 n=1) cex=R/T/F=0/0/1 trsplit=0 sim=14.742(rmp=0.421 run=14.321 n=1 d=0) incr=loc/full/maxdirty/keys=0/0/0/0 chk= 0.000(d=1) stat= 0.156 rest= 0.300
  [bmc-incr i=604 repr=1 active=1159/176311 POs=1]
BMC : c =    1157  cl =   4503  lit =  176310  p =     0  d =     0  f =     1  +  T =     0.03 sec
  [bmc-prof 604] wall=  28.905 p=     1 | ifo=  0.819(sd=0.189 nx=0.000 tfo=0.061 cnt=0.569) snap= 0.317 srm=  7.824 sat=  5.305(set=0.167 slv=5.136 max=5.1363 n=1) cex=R/T/F=0/0/1 trsplit=0 sim=14.188(rmp=0.478 run=13.709 n=1 d=0) incr=loc/full/maxdirty/keys=0/0/0/0 chk= 0.000(d=1) stat= 0.164 rest= 0.289
  [bmc-incr i=605 repr=1 active=1158/176310 POs=1]
BMC : c =    1156  cl =   4503  lit =  176309  p =     0  d =     0  f =     1  +  T =     0.03 sec
  [bmc-prof 605] wall=  32.475 p=     1 | ifo=  0.697(sd=0.172 nx=0.000 tfo=0.038 cnt=0.487) snap= 0.299 srm=  7.948 sat=  5.436(set=0.183 slv=5.251 max=5.2514 n=1) cex=R/T/F=0/0/1 trsplit=0 sim=16.574(rmp=0.422 run=16.150 n=1 d=0) incr=loc/full/maxdirty/keys=0/0/0/0 chk= 0.001(d=1) stat= 0.521 rest= 1.000
  [bmc-incr i=606 repr=1 active=1157/176309 POs=1]
BMC : c =    1155  cl =   4503  lit =  176308  p =     0  d =     0  f =     1  +  T =     0.03 sec
  [bmc-prof 606] wall=  32.919 p=     1 | ifo=  2.100(sd=0.554 nx=0.000 tfo=0.097 cnt=1.449) snap= 0.295 srm= 10.451 sat=  5.328(set=0.189 slv=5.136 max=5.1365 n=1) cex=R/T/F=0/0/1 trsplit=0 sim=14.292(rmp=0.426 run=13.865 n=1 d=0) incr=loc/full/maxdirty/keys=0/0/0/0 chk= 0.000(d=1) stat= 0.157 rest= 0.296
  [bmc-incr i=607 repr=1 active=1156/176308 POs=1]
BMC : c =    1154  cl =   4503  lit =  176307  p =     0  d =     0  f =     1  +  T =     0.03 sec
  [bmc-prof 607] wall=  28.811 p=     1 | ifo=  0.740(sd=0.179 nx=0.000 tfo=0.055 cnt=0.506) snap= 0.293 srm=  7.855 sat=  5.305(set=0.171 slv=5.131 max=5.1312 n=1) cex=R/T/F=0/0/1 trsplit=0 sim=14.173(rmp=0.413 run=13.759 n=1 d=0) incr=loc/full/maxdirty/keys=0/0/0/0 chk= 0.000(d=1) stat= 0.153 rest= 0.292
  [bmc-incr i=608 repr=1 active=1155/176307 POs=1]
BMC : c =    1153  cl =   4503  lit =  176306  p =     0  d =     0  f =     1  +  T =     0.03 sec
  [bmc-prof 608] wall=  31.773 p=     1 | ifo=  0.714(sd=0.178 nx=0.000 tfo=0.048 cnt=0.487) snap= 0.729 srm=  9.153 sat=  5.332(set=0.167 slv=5.163 max=5.1634 n=1) cex=R/T/F=0/0/1 trsplit=0 sim=15.388(rmp=0.407 run=14.981 n=1 d=0) incr=loc/full/maxdirty/keys=0/0/0/0 chk= 0.000(d=1) stat= 0.155 rest= 0.302
  [bmc-incr i=609 repr=1 active=1154/176306 POs=1]
BMC : c =    1152  cl =   4503  lit =  176305  p =     0  d =     0  f =     1  +  T =     0.03 sec
  [bmc-prof 609] wall=  28.471 p=     1 | ifo=  0.714(sd=0.173 nx=0.000 tfo=0.043 cnt=0.498) snap= 0.283 srm=  7.694 sat=  5.298(set=0.167 slv=5.129 max=5.1292 n=1) cex=R/T/F=0/0/1 trsplit=0 sim=14.018(rmp=0.412 run=13.605 n=1 d=0) incr=loc/full/maxdirty/keys=0/0/0/0 chk= 0.000(d=1) stat= 0.162 rest= 0.302
  [bmc-incr i=610 repr=1 active=1153/176305 POs=1]
BMC : c =    1151  cl =   4503  lit =  176304  p =     0  d =     0  f =     1  +  T =     0.03 sec
  [bmc-prof 610] wall=  29.356 p=     1 | ifo=  1.126(sd=0.179 nx=0.000 tfo=0.048 cnt=0.900) snap= 0.290 srm=  7.920 sat=  5.329(set=0.189 slv=5.137 max=5.1375 n=1) cex=R/T/F=0/0/1 trsplit=0 sim=14.227(rmp=0.429 run=13.797 n=1 d=0) incr=loc/full/maxdirty/keys=0/0/0/0 chk= 0.000(d=1) stat= 0.156 rest= 0.308
  [bmc-incr i=611 repr=1 active=1152/176304 POs=1]
BMC : c =    1150  cl =   4503  lit =  176303  p =     0  d =     0  f =     1  +  T =     0.03 sec
  [bmc-prof 611] wall=  28.453 p=     1 | ifo=  0.714(sd=0.180 nx=0.000 tfo=0.052 cnt=0.482) snap= 0.290 srm=  7.690 sat=  5.302(set=0.167 slv=5.133 max=5.1331 n=1) cex=R/T/F=0/0/1 trsplit=0 sim=14.011(rmp=0.403 run=13.607 n=1 d=0) incr=loc/full/maxdirty/keys=0/0/0/0 chk= 0.000(d=1) stat= 0.156 rest= 0.290
  [bmc-incr i=612 repr=1 active=1151/176303 POs=1]
BMC : c =    1149  cl =   4503  lit =  176302  p =     0  d =     0  f =     1  +  T =     0.03 sec
  [bmc-prof 612] wall=  28.297 p=     1 | ifo=  0.707(sd=0.174 nx=0.000 tfo=0.043 cnt=0.489) snap= 0.279 srm=  7.626 sat=  5.301(set=0.167 slv=5.132 max=5.1325 n=1) cex=R/T/F=0/0/1 trsplit=0 sim=13.923(rmp=0.395 run=13.527 n=1 d=0) incr=loc/full/maxdirty/keys=0/0/0/0 chk= 0.000(d=1) stat= 0.153 rest= 0.308
  [bmc-incr i=613 repr=1 active=1150/176302 POs=1]
BMC : c =    1148  cl =   4503  lit =  176301  p =     0  d =     0  f =     1  +  T =     0.03 sec
  [bmc-prof 613] wall=  28.535 p=     1 | ifo=  0.702(sd=0.182 nx=0.000 tfo=0.039 cnt=0.480) snap= 0.281 srm=  7.631 sat=  5.376(set=0.166 slv=5.209 max=5.2093 n=1) cex=R/T/F=0/0/1 trsplit=0 sim=14.097(rmp=0.395 run=13.701 n=1 d=0) incr=loc/full/maxdirty/keys=0/0/0/0 chk= 0.000(d=1) stat= 0.159 rest= 0.290
  [bmc-incr i=614 repr=1 active=1149/176301 POs=1]
BMC : c =    1147  cl =   4503  lit =  176300  p =     0  d =     0  f =     1  +  T =     0.03 sec
  [bmc-prof 614] wall=  28.552 p=     1 | ifo=  0.740(sd=0.192 nx=0.000 tfo=0.055 cnt=0.494) snap= 0.289 srm=  7.676 sat=  5.329(set=0.164 slv=5.164 max=5.1638 n=1) cex=R/T/F=0/0/1 trsplit=0 sim=14.061(rmp=0.421 run=13.639 n=1 d=0) incr=loc/full/maxdirty/keys=0/0/0/0 chk= 0.000(d=1) stat= 0.158 rest= 0.298
  [bmc-incr i=615 repr=1 active=1148/176300 POs=1]
BMC : c =    1146  cl =   4503  lit =  176299  p =     0  d =     0  f =     1  +  T =     0.03 sec
  [bmc-prof 615] wall=  30.127 p=     1 | ifo=  0.783(sd=0.213 nx=0.000 tfo=0.077 cnt=0.492) snap= 0.303 srm=  7.999 sat=  6.175(set=0.190 slv=5.982 max=5.9823 n=1) cex=R/T/F=0/0/1 trsplit=0 sim=14.409(rmp=0.439 run=13.970 n=1 d=0) incr=loc/full/maxdirty/keys=0/0/0/0 chk= 0.000(d=1) stat= 0.157 rest= 0.300
  [bmc-incr i=616 repr=1 active=1147/176299 POs=1]
BMC : c =    1145  cl =   4503  lit =  176298  p =     0  d =     0  f =     1  +  T =     0.03 sec
  [bmc-prof 616] wall=  29.118 p=     1 | ifo=  0.718(sd=0.183 nx=0.000 tfo=0.053 cnt=0.481) snap= 0.293 srm=  7.763 sat=  5.322(set=0.171 slv=5.149 max=5.1487 n=1) cex=R/T/F=0/0/1 trsplit=0 sim=14.574(rmp=0.408 run=14.165 n=1 d=0) incr=loc/full/maxdirty/keys=0/0/0/0 chk= 0.000(d=1) stat= 0.158 rest= 0.291
  [bmc-incr i=617 repr=1 active=1146/176298 POs=1]
BMC : c =    1144  cl =   4503  lit =  176297  p =     0  d =     0  f =     1  +  T =     0.03 sec
  [bmc-prof 617] wall=  28.795 p=     1 | ifo=  0.724(sd=0.175 nx=0.000 tfo=0.051 cnt=0.497) snap= 0.282 srm=  7.897 sat=  5.399(set=0.184 slv=5.214 max=5.2141 n=1) cex=R/T/F=0/0/1 trsplit=0 sim=14.047(rmp=0.409 run=13.637 n=1 d=0) incr=loc/full/maxdirty/keys=0/0/0/0 chk= 0.000(d=1) stat= 0.155 rest= 0.291
  [bmc-incr i=618 repr=1 active=1145/176297 POs=1]
BMC : c =    1143  cl =   4503  lit =  176296  p =     0  d =     0  f =     1  +  T =     0.03 sec
  [bmc-prof 618] wall=  30.075 p=     1 | ifo=  0.709(sd=0.174 nx=0.000 tfo=0.046 cnt=0.489) snap= 0.281 srm=  7.627 sat=  5.376(set=0.168 slv=5.207 max=5.2068 n=1) cex=R/T/F=0/0/1 trsplit=0 sim=15.615(rmp=0.462 run=15.152 n=1 d=0) incr=loc/full/maxdirty/keys=0/0/0/0 chk= 0.000(d=1) stat= 0.158 rest= 0.308
  [bmc-incr i=619 repr=1 active=1144/176296 POs=1]
BMC : c =    1142  cl =   4503  lit =  176295  p =     0  d =     0  f =     1  +  T =     0.03 sec
  [bmc-prof 619] wall=  30.046 p=     1 | ifo=  0.710(sd=0.178 nx=0.000 tfo=0.052 cnt=0.480) snap= 0.309 srm=  7.692 sat=  5.929(set=0.181 slv=5.744 max=5.7445 n=1) cex=R/T/F=0/0/1 trsplit=0 sim=14.918(rmp=0.427 run=14.490 n=1 d=0) incr=loc/full/maxdirty/keys=0/0/0/0 chk= 0.000(d=1) stat= 0.171 rest= 0.317
  [bmc-incr i=620 repr=1 active=1143/176295 POs=1]
BMC : c =    1141  cl =   4503  lit =  176294  p =     0  d =     0  f =     1  +  T =     0.03 sec
  [bmc-prof 620] wall=  28.730 p=     1 | ifo=  0.796(sd=0.210 nx=0.000 tfo=0.075 cnt=0.510) snap= 0.283 srm=  7.634 sat=  5.482(set=0.165 slv=5.314 max=5.3137 n=1) cex=R/T/F=0/0/1 trsplit=0 sim=14.086(rmp=0.413 run=13.672 n=1 d=0) incr=loc/full/maxdirty/keys=0/0/0/0 chk= 0.000(d=1) stat= 0.154 rest= 0.296
  [bmc-incr i=621 repr=1 active=1142/176294 POs=1]
BMC : c =    1140  cl =   4503  lit =  176293  p =     0  d =     0  f =     1  +  T =     0.03 sec
  [bmc-prof 621] wall=  28.388 p=     1 | ifo=  0.718(sd=0.176 nx=0.000 tfo=0.049 cnt=0.493) snap= 0.282 srm=  7.672 sat=  5.315(set=0.168 slv=5.146 max=5.1456 n=1) cex=R/T/F=0/0/1 trsplit=0 sim=13.956(rmp=0.400 run=13.556 n=1 d=0) incr=loc/full/maxdirty/keys=0/0/0/0 chk= 0.000(d=1) stat= 0.155 rest= 0.290
  [bmc-incr i=622 repr=1 active=1141/176293 POs=1]
BMC : c =    1139  cl =   4503  lit =  176292  p =     0  d =     0  f =     1  +  T =     0.03 sec
  [bmc-prof 622] wall=  28.731 p=     1 | ifo=  0.695(sd=0.174 nx=0.000 tfo=0.043 cnt=0.479) snap= 0.282 srm=  7.598 sat=  5.322(set=0.175 slv=5.146 max=5.1463 n=1) cex=R/T/F=0/0/1 trsplit=0 sim=14.386(rmp=0.402 run=13.984 n=1 d=0) incr=loc/full/maxdirty/keys=0/0/0/0 chk= 0.000(d=1) stat= 0.155 rest= 0.292
  [bmc-incr i=623 repr=1 active=1140/176292 POs=1]
BMC : c =    1138  cl =   4503  lit =  176291  p =     0  d =     0  f =     1  +  T =     0.04 sec
  [bmc-prof 623] wall=  36.977 p=     1 | ifo=  0.747(sd=0.194 nx=0.000 tfo=0.059 cnt=0.494) snap= 0.301 srm=  7.556 sat=  5.451(set=0.163 slv=5.287 max=5.2873 n=1) cex=R/T/F=0/0/1 trsplit=0 sim=22.419(rmp=0.414 run=22.004 n=1 d=0) incr=loc/full/maxdirty/keys=0/0/0/0 chk= 0.000(d=1) stat= 0.172 rest= 0.331
  [bmc-incr i=624 repr=1 active=1139/176291 POs=1]
BMC : c =    1137  cl =   4503  lit =  176290  p =     0  d =     0  f =     1  +  T =     0.03 sec
  [bmc-prof 624] wall=  29.320 p=     1 | ifo=  0.726(sd=0.184 nx=0.000 tfo=0.055 cnt=0.487) snap= 0.301 srm=  8.052 sat=  5.486(set=0.208 slv=5.276 max=5.2763 n=1) cex=R/T/F=0/0/1 trsplit=0 sim=14.307(rmp=0.427 run=13.879 n=1 d=0) incr=loc/full/maxdirty/keys=0/0/0/0 chk= 0.000(d=1) stat= 0.156 rest= 0.292
  [bmc-incr i=625 repr=1 active=1138/176290 POs=1]
BMC : c =    1136  cl =   4503  lit =  176289  p =     0  d =     0  f =     1  +  T =     0.03 sec
  [bmc-prof 625] wall=  28.662 p=     1 | ifo=  0.728(sd=0.180 nx=0.000 tfo=0.055 cnt=0.493) snap= 0.287 srm=  7.769 sat=  5.357(set=0.174 slv=5.181 max=5.1814 n=1) cex=R/T/F=0/0/1 trsplit=0 sim=14.049(rmp=0.397 run=13.652 n=1 d=0) incr=loc/full/maxdirty/keys=0/0/0/0 chk= 0.000(d=1) stat= 0.175 rest= 0.296
  [bmc-incr i=626 repr=1 active=1137/176289 POs=1]
BMC : c =    1135  cl =   4503  lit =  176288  p =     0  d =     0  f =     1  +  T =     0.03 sec
  [bmc-prof 626] wall=  28.930 p=     1 | ifo=  0.737(sd=0.180 nx=0.000 tfo=0.059 cnt=0.498) snap= 0.282 srm=  7.817 sat=  5.343(set=0.170 slv=5.172 max=5.1716 n=1) cex=R/T/F=0/0/1 trsplit=0 sim=14.286(rmp=0.403 run=13.882 n=1 d=0) incr=loc/full/maxdirty/keys=0/0/0/0 chk= 0.000(d=1) stat= 0.163 rest= 0.301
  [bmc-incr i=627 repr=1 active=1136/176288 POs=1]
BMC : c =    1134  cl =   4503  lit =  176287  p =     0  d =     0  f =     1  +  T =     0.03 sec
  [bmc-prof 627] wall=  29.495 p=     1 | ifo=  0.714(sd=0.179 nx=0.000 tfo=0.046 cnt=0.489) snap= 0.306 srm=  8.046 sat=  5.408(set=0.201 slv=5.205 max=5.2052 n=1) cex=R/T/F=0/0/1 trsplit=0 sim=14.492(rmp=0.435 run=14.056 n=1 d=0) incr=loc/full/maxdirty/keys=0/0/0/0 chk= 0.000(d=1) stat= 0.222 rest= 0.307
  [bmc-incr i=628 repr=1 active=1135/176287 POs=1]
BMC : c =    1133  cl =   4503  lit =  176286  p =     0  d =     0  f =     1  +  T =     0.03 sec
  [bmc-prof 628] wall=  32.320 p=     1 | ifo=  0.756(sd=0.191 nx=0.000 tfo=0.067 cnt=0.498) snap= 0.286 srm=  7.713 sat=  5.349(set=0.169 slv=5.178 max=5.1777 n=1) cex=R/T/F=0/0/1 trsplit=0 sim=17.559(rmp=0.399 run=17.158 n=1 d=0) incr=loc/full/maxdirty/keys=0/0/0/0 chk= 0.000(d=1) stat= 0.268 rest= 0.389
  [bmc-incr i=629 repr=1 active=1134/176286 POs=1]
BMC : c =    1132  cl =   4503  lit =  176285  p =     0  d =     0  f =     1  +  T =     0.03 sec
  [bmc-prof 629] wall=  34.803 p=     1 | ifo=  2.151(sd=0.698 nx=0.000 tfo=0.096 cnt=1.357) snap= 0.283 srm= 10.782 sat=  6.487(set=0.166 slv=6.320 max=6.3196 n=1) cex=R/T/F=0/0/1 trsplit=0 sim=14.643(rmp=0.434 run=14.208 n=1 d=0) incr=loc/full/maxdirty/keys=0/0/0/0 chk= 0.000(d=1) stat= 0.155 rest= 0.300
  [bmc-incr i=630 repr=1 active=1133/176285 POs=1]
BMC : c =    1131  cl =   4503  lit =  176284  p =     0  d =     0  f =     1  +  T =     0.03 sec
  [bmc-prof 630] wall=  32.975 p=     1 | ifo=  0.708(sd=0.174 nx=0.000 tfo=0.045 cnt=0.490) snap= 0.286 srm=  9.501 sat=  6.684(set=0.168 slv=6.515 max=6.5147 n=1) cex=R/T/F=0/0/1 trsplit=0 sim=15.326(rmp=0.468 run=14.857 n=1 d=0) incr=loc/full/maxdirty/keys=0/0/0/0 chk= 0.000(d=1) stat= 0.154 rest= 0.316
  [bmc-incr i=631 repr=1 active=1132/176284 POs=1]
BMC : c =    1130  cl =   4503  lit =  176283  p =     0  d =     0  f =     1  +  T =     0.03 sec
  [bmc-prof 631] wall=  31.681 p=     1 | ifo=  0.698(sd=0.176 nx=0.000 tfo=0.042 cnt=0.481) snap= 0.283 srm=  7.583 sat=  5.348(set=0.170 slv=5.177 max=5.1771 n=1) cex=R/T/F=0/0/1 trsplit=0 sim=17.293(rmp=0.395 run=16.896 n=1 d=0) incr=loc/full/maxdirty/keys=0/0/0/0 chk= 0.000(d=1) stat= 0.168 rest= 0.309
  [bmc-incr i=632 repr=1 active=1131/176283 POs=1]
BMC : c =    1129  cl =   4503  lit =  176282  p =     0  d =     0  f =     1  +  T =     0.03 sec
  [bmc-prof 632] wall=  29.050 p=     1 | ifo=  0.729(sd=0.180 nx=0.000 tfo=0.053 cnt=0.496) snap= 0.289 srm=  7.920 sat=  5.435(set=0.180 slv=5.252 max=5.2521 n=1) cex=R/T/F=0/0/1 trsplit=0 sim=14.228(rmp=0.420 run=13.807 n=1 d=0) incr=loc/full/maxdirty/keys=0/0/0/0 chk= 0.000(d=1) stat= 0.154 rest= 0.296
  [bmc-incr i=633 repr=1 active=1130/176282 POs=1]
BMC : c =    1128  cl =   4503  lit =  176281  p =     0  d =     0  f =     1  +  T =     0.03 sec
  [bmc-prof 633] wall=  28.726 p=     1 | ifo=  0.720(sd=0.179 nx=0.000 tfo=0.052 cnt=0.489) snap= 0.293 srm=  7.579 sat=  5.365(set=0.167 slv=5.196 max=5.1962 n=1) cex=R/T/F=0/0/1 trsplit=0 sim=14.197(rmp=0.437 run=13.759 n=1 d=0) incr=loc/full/maxdirty/keys=0/0/0/0 chk= 0.000(d=1) stat= 0.162 rest= 0.409
  [bmc-incr i=634 repr=1 active=1129/176281 POs=1]
BMC : c =    1127  cl =   4503  lit =  176280  p =     0  d =     0  f =     1  +  T =     0.03 sec
  [bmc-prof 634] wall=  28.672 p=     1 | ifo=  0.708(sd=0.177 nx=0.000 tfo=0.048 cnt=0.483) snap= 0.289 srm=  7.709 sat=  5.354(set=0.176 slv=5.176 max=5.1762 n=1) cex=R/T/F=0/0/1 trsplit=0 sim=14.150(rmp=0.407 run=13.742 n=1 d=0) incr=loc/full/maxdirty/keys=0/0/0/0 chk= 0.000(d=1) stat= 0.161 rest= 0.302
  [bmc-incr i=635 repr=1 active=1128/176280 POs=1]
BMC : c =    1126  cl =   4503  lit =  176279  p =     0  d =     0  f =     1  +  T =     0.03 sec
  [bmc-prof 635] wall=  29.581 p=     1 | ifo=  0.705(sd=0.177 nx=0.000 tfo=0.044 cnt=0.483) snap= 0.283 srm=  7.810 sat=  5.494(set=0.177 slv=5.315 max=5.3150 n=1) cex=R/T/F=0/0/1 trsplit=0 sim=14.832(rmp=0.416 run=14.415 n=1 d=0) incr=loc/full/maxdirty/keys=0/0/0/0 chk= 0.000(d=1) stat= 0.159 rest= 0.298
  [bmc-incr i=636 repr=1 active=1127/176279 POs=1]
BMC : c =    1125  cl =   4503  lit =  176278  p =     0  d =     0  f =     1  +  T =     0.03 sec
  [bmc-prof 636] wall=  30.276 p=     1 | ifo=  0.715(sd=0.180 nx=0.000 tfo=0.052 cnt=0.483) snap= 0.283 srm=  9.230 sat=  5.410(set=0.168 slv=5.241 max=5.2412 n=1) cex=R/T/F=0/0/1 trsplit=0 sim=14.144(rmp=0.407 run=13.737 n=1 d=0) incr=loc/full/maxdirty/keys=0/0/0/0 chk= 0.000(d=1) stat= 0.204 rest= 0.290
  [bmc-incr i=637 repr=1 active=1126/176278 POs=1]
BMC : c =    1124  cl =   4503  lit =  176277  p =     0  d =     0  f =     1  +  T =     0.03 sec
  [bmc-prof 637] wall=  28.879 p=     1 | ifo=  0.707(sd=0.176 nx=0.000 tfo=0.040 cnt=0.491) snap= 0.296 srm=  7.685 sat=  5.526(set=0.166 slv=5.358 max=5.3585 n=1) cex=R/T/F=0/0/1 trsplit=0 sim=14.158(rmp=0.392 run=13.765 n=1 d=0) incr=loc/full/maxdirty/keys=0/0/0/0 chk= 0.000(d=1) stat= 0.188 rest= 0.317
  [bmc-incr i=638 repr=1 active=1125/176277 POs=1]
BMC : c =    1123  cl =   4503  lit =  176276  p =     0  d =     0  f =     1  +  T =     0.04 sec
  [bmc-prof 638] wall=  37.035 p=     1 | ifo=  0.760(sd=0.207 nx=0.000 tfo=0.046 cnt=0.508) snap= 0.551 srm= 14.848 sat=  6.985(set=0.314 slv=6.669 max=6.6691 n=1) cex=R/T/F=0/0/1 trsplit=0 sim=13.387(rmp=0.499 run=12.888 n=1 d=0) incr=loc/full/maxdirty/keys=0/0/0/0 chk= 0.000(d=1) stat= 0.170 rest= 0.334
  [bmc-incr i=639 repr=1 active=1124/176276 POs=1]
BMC : c =    1122  cl =   4503  lit =  176275  p =     0  d =     0  f =     1  +  T =     0.03 sec
  [bmc-prof 639] wall=  27.952 p=     1 | ifo=  0.754(sd=0.206 nx=0.000 tfo=0.041 cnt=0.508) snap= 0.326 srm=  7.803 sat=  5.387(set=0.199 slv=5.186 max=5.1862 n=1) cex=R/T/F=0/0/1 trsplit=0 sim=13.187(rmp=0.471 run=12.715 n=1 d=0) incr=loc/full/maxdirty/keys=0/0/0/0 chk= 0.000(d=1) stat= 0.170 rest= 0.326
  [bmc-incr i=640 repr=1 active=1123/176275 POs=1]
BMC : c =    1121  cl =   4503  lit =  176274  p =     0  d =     0  f =     1  +  T =     0.03 sec
  [bmc-prof 640] wall=  29.476 p=     1 | ifo=  0.762(sd=0.203 nx=0.000 tfo=0.039 cnt=0.519) snap= 0.315 srm=  7.837 sat=  5.457(set=0.191 slv=5.265 max=5.2649 n=1) cex=R/T/F=0/0/1 trsplit=0 sim=14.642(rmp=0.426 run=14.215 n=1 d=0) incr=loc/full/maxdirty/keys=0/0/0/0 chk= 0.000(d=1) stat= 0.159 rest= 0.304
  [bmc-incr i=641 repr=1 active=1122/176274 POs=1]
BMC : c =    1120  cl =   4503  lit =  176273  p =     0  d =     0  f =     1  +  T =     0.04 sec
  [bmc-prof 641] wall=  35.747 p=     1 | ifo=  0.709(sd=0.176 nx=0.000 tfo=0.042 cnt=0.490) snap= 0.290 srm=  7.645 sat=  6.711(set=0.179 slv=6.530 max=6.5296 n=1) cex=R/T/F=0/0/1 trsplit=0 sim=19.677(rmp=1.488 run=18.188 n=1 d=0) incr=loc/full/maxdirty/keys=0/0/0/0 chk= 0.000(d=1) stat= 0.163 rest= 0.552
  [bmc-incr i=642 repr=1 active=1121/176273 POs=1]
BMC : c =    1119  cl =   4503  lit =  176272  p =     0  d =     0  f =     1  +  T =     0.03 sec
  [bmc-prof 642] wall=  30.298 p=     1 | ifo=  0.728(sd=0.189 nx=0.000 tfo=0.052 cnt=0.486) snap= 0.296 srm=  7.810 sat=  5.405(set=0.179 slv=5.224 max=5.2239 n=1) cex=R/T/F=0/0/1 trsplit=0 sim=15.608(rmp=0.419 run=15.188 n=1 d=0) incr=loc/full/maxdirty/keys=0/0/0/0 chk= 0.000(d=1) stat= 0.159 rest= 0.292
  [bmc-incr i=643 repr=1 active=1120/176272 POs=1]
BMC : c =    1118  cl =   4503  lit =  176271  p =     0  d =     0  f =     1  +  T =     0.03 sec
  [bmc-prof 643] wall=  30.112 p=     1 | ifo=  0.720(sd=0.179 nx=0.000 tfo=0.049 cnt=0.492) snap= 0.320 srm=  8.239 sat=  5.449(set=0.192 slv=5.254 max=5.2545 n=1) cex=R/T/F=0/0/1 trsplit=0 sim=14.899(rmp=0.463 run=14.435 n=1 d=0) incr=loc/full/maxdirty/keys=0/0/0/0 chk= 0.000(d=1) stat= 0.166 rest= 0.319
  [bmc-incr i=644 repr=1 active=1119/176271 POs=1]
BMC : c =    1117  cl =   4503  lit =  176270  p =     0  d =     0  f =     1  +  T =     0.03 sec
  [bmc-prof 644] wall=  28.930 p=     1 | ifo=  0.742(sd=0.186 nx=0.000 tfo=0.051 cnt=0.505) snap= 0.286 srm=  7.933 sat=  5.421(set=0.178 slv=5.241 max=5.2406 n=1) cex=R/T/F=0/0/1 trsplit=0 sim=14.104(rmp=0.398 run=13.705 n=1 d=0) incr=loc/full/maxdirty/keys=0/0/0/0 chk= 0.000(d=1) stat= 0.153 rest= 0.291
  [bmc-incr i=645 repr=1 active=1118/176270 POs=1]
BMC : c =    1116  cl =   4503  lit =  176269  p =     0  d =     0  f =     1  +  T =     0.03 sec
  [bmc-prof 645] wall=  28.352 p=     1 | ifo=  0.717(sd=0.185 nx=0.000 tfo=0.051 cnt=0.480) snap= 0.295 srm=  7.598 sat=  5.383(set=0.163 slv=5.218 max=5.2179 n=1) cex=R/T/F=0/0/1 trsplit=0 sim=13.860(rmp=0.401 run=13.459 n=1 d=0) incr=loc/full/maxdirty/keys=0/0/0/0 chk= 0.000(d=1) stat= 0.211 rest= 0.288
  [bmc-incr i=646 repr=1 active=1117/176269 POs=1]
BMC : c =    1115  cl =   4503  lit =  176268  p =     0  d =     0  f =     1  +  T =     0.03 sec
  [bmc-prof 646] wall=  28.774 p=     1 | ifo=  0.707(sd=0.191 nx=0.000 tfo=0.039 cnt=0.477) snap= 0.283 srm=  7.663 sat=  5.438(set=0.166 slv=5.270 max=5.2703 n=1) cex=R/T/F=0/0/1 trsplit=0 sim=14.240(rmp=0.396 run=13.844 n=1 d=0) incr=loc/full/maxdirty/keys=0/0/0/0 chk= 0.000(d=1) stat= 0.154 rest= 0.289
  [bmc-incr i=647 repr=1 active=1116/176268 POs=1]
BMC : c =    1114  cl =   4503  lit =  176267  p =     0  d =     0  f =     1  +  T =     0.03 sec
  [bmc-prof 647] wall=  28.817 p=     1 | ifo=  0.701(sd=0.174 nx=0.000 tfo=0.037 cnt=0.489) snap= 0.292 srm=  7.811 sat=  5.394(set=0.175 slv=5.217 max=5.2173 n=1) cex=R/T/F=0/0/1 trsplit=0 sim=14.169(rmp=0.417 run=13.752 n=1 d=0) incr=loc/full/maxdirty/keys=0/0/0/0 chk= 0.000(d=1) stat= 0.156 rest= 0.293
  [bmc-incr i=648 repr=1 active=1115/176267 POs=1]
BMC : c =    1113  cl =   4503  lit =  176266  p =     0  d =     0  f =     1  +  T =     0.03 sec
  [bmc-prof 648] wall=  34.897 p=     1 | ifo=  0.755(sd=0.200 nx=0.000 tfo=0.071 cnt=0.484) snap= 0.563 srm= 11.518 sat=  7.074(set=0.472 slv=6.599 max=6.5994 n=1) cex=R/T/F=0/0/1 trsplit=0 sim=14.517(rmp=0.489 run=14.027 n=1 d=0) incr=loc/full/maxdirty/keys=0/0/0/0 chk= 0.000(d=1) stat= 0.156 rest= 0.313
  [bmc-incr i=649 repr=1 active=1114/176266 POs=1]
BMC : c =    1112  cl =   4503  lit =  176265  p =     0  d =     0  f =     1  +  T =     0.03 sec
  [bmc-prof 649] wall=  28.635 p=     1 | ifo=  0.724(sd=0.178 nx=0.000 tfo=0.049 cnt=0.496) snap= 0.284 srm=  7.822 sat=  5.403(set=0.181 slv=5.220 max=5.2198 n=1) cex=R/T/F=0/0/1 trsplit=0 sim=13.956(rmp=0.401 run=13.555 n=1 d=0) incr=loc/full/maxdirty/keys=0/0/0/0 chk= 0.000(d=1) stat= 0.156 rest= 0.291
  [bmc-incr i=650 repr=1 active=1113/176265 POs=1]
BMC : c =    1111  cl =   4503  lit =  176264  p =     0  d =     0  f =     1  +  T =     0.03 sec
  [bmc-prof 650] wall=  29.999 p=     1 | ifo=  0.706(sd=0.175 nx=0.000 tfo=0.042 cnt=0.489) snap= 0.297 srm=  7.638 sat=  5.399(set=0.173 slv=5.224 max=5.2243 n=1) cex=R/T/F=0/0/1 trsplit=0 sim=15.495(rmp=0.402 run=15.093 n=1 d=0) incr=loc/full/maxdirty/keys=0/0/0/0 chk= 0.000(d=1) stat= 0.159 rest= 0.305
  [bmc-incr i=651 repr=1 active=1112/176264 POs=1]
BMC : c =    1110  cl =   4503  lit =  176263  p =     0  d =     0  f =     1  +  T =     0.03 sec
  [bmc-prof 651] wall=  31.048 p=     1 | ifo=  0.744(sd=0.192 nx=0.000 tfo=0.051 cnt=0.501) snap= 0.290 srm=  8.994 sat=  6.097(set=0.191 slv=5.904 max=5.9040 n=1) cex=R/T/F=0/0/1 trsplit=0 sim=14.461(rmp=0.427 run=14.033 n=1 d=0) incr=loc/full/maxdirty/keys=0/0/0/0 chk= 0.000(d=1) stat= 0.163 rest= 0.299
  [bmc-incr i=652 repr=1 active=1111/176263 POs=1]
BMC : c =    1109  cl =   4503  lit =  176262  p =     0  d =     0  f =     1  +  T =     0.03 sec
  [bmc-prof 652] wall=  33.006 p=     1 | ifo=  0.712(sd=0.180 nx=0.000 tfo=0.049 cnt=0.483) snap= 0.304 srm=  7.868 sat=  5.740(set=0.174 slv=5.564 max=5.5638 n=1) cex=R/T/F=0/0/1 trsplit=0 sim=17.538(rmp=0.430 run=17.107 n=1 d=0) incr=loc/full/maxdirty/keys=0/0/0/0 chk= 0.000(d=1) stat= 0.331 rest= 0.512
  [bmc-incr i=653 repr=1 active=1110/176262 POs=1]
BMC : c =    1108  cl =   4503  lit =  176261  p =     0  d =     0  f =     1  +  T =     0.03 sec
  [bmc-prof 653] wall=  30.101 p=     1 | ifo=  1.344(sd=0.366 nx=0.000 tfo=0.070 cnt=0.908) snap= 0.319 srm=  8.862 sat=  5.512(set=0.197 slv=5.313 max=5.3132 n=1) cex=R/T/F=0/0/1 trsplit=0 sim=13.558(rmp=0.480 run=13.077 n=1 d=0) incr=loc/full/maxdirty/keys=0/0/0/0 chk= 0.000(d=1) stat= 0.172 rest= 0.334
  [bmc-incr i=654 repr=1 active=1109/176261 POs=1]
BMC : c =    1107  cl =   4503  lit =  176260  p =     0  d =     0  f =     1  +  T =     0.03 sec
  [bmc-prof 654] wall=  28.992 p=     1 | ifo=  0.845(sd=0.250 nx=0.000 tfo=0.077 cnt=0.518) snap= 0.320 srm=  8.289 sat=  5.515(set=0.195 slv=5.318 max=5.3184 n=1) cex=R/T/F=0/0/1 trsplit=0 sim=13.446(rmp=0.477 run=12.968 n=1 d=0) incr=loc/full/maxdirty/keys=0/0/0/0 chk= 0.000(d=1) stat= 0.170 rest= 0.408
  [bmc-incr i=655 repr=1 active=1108/176260 POs=1]
BMC : c =    1106  cl =   4503  lit =  176259  p =     0  d =     0  f =     1  +  T =     0.03 sec
  [bmc-prof 655] wall=  28.313 p=     1 | ifo=  0.763(sd=0.204 nx=0.000 tfo=0.042 cnt=0.517) snap= 0.332 srm=  7.917 sat=  5.431(set=0.195 slv=5.234 max=5.2343 n=1) cex=R/T/F=0/0/1 trsplit=0 sim=13.366(rmp=0.507 run=12.858 n=1 d=0) incr=loc/full/maxdirty/keys=0/0/0/0 chk= 0.000(d=1) stat= 0.169 rest= 0.335
  [bmc-incr i=656 repr=1 active=1107/176259 POs=1]
BMC : c =    1105  cl =   4503  lit =  176258  p =     0  d =     0  f =     1  +  T =     0.03 sec
  [bmc-prof 656] wall=  28.990 p=     1 | ifo=  0.766(sd=0.207 nx=0.000 tfo=0.044 cnt=0.515) snap= 0.318 srm=  7.913 sat=  5.521(set=0.191 slv=5.328 max=5.3285 n=1) cex=R/T/F=0/0/1 trsplit=0 sim=13.989(rmp=0.522 run=13.465 n=1 d=0) incr=loc/full/maxdirty/keys=0/0/0/0 chk= 0.000(d=1) stat= 0.162 rest= 0.321
  [bmc-incr i=657 repr=1 active=1106/176258 POs=1]
BMC : c =    1104  cl =   4503  lit =  176257  p =     0  d =     0  f =     1  +  T =     0.03 sec
  [bmc-prof 657] wall=  30.163 p=     1 | ifo=  0.712(sd=0.180 nx=0.000 tfo=0.049 cnt=0.483) snap= 0.295 srm=  8.471 sat=  5.565(set=0.181 slv=5.383 max=5.3829 n=1) cex=R/T/F=0/0/1 trsplit=0 sim=14.647(rmp=0.431 run=14.216 n=1 d=0) incr=loc/full/maxdirty/keys=0/0/0/0 chk= 0.000(d=1) stat= 0.156 rest= 0.315
  [bmc-incr i=658 repr=1 active=1105/176257 POs=1]
BMC : c =    1103  cl =   4503  lit =  176256  p =     0  d =     0  f =     1  +  T =     0.03 sec
  [bmc-prof 658] wall=  30.411 p=     1 | ifo=  0.718(sd=0.177 nx=0.000 tfo=0.045 cnt=0.496) snap= 0.282 srm=  7.727 sat=  5.439(set=0.166 slv=5.271 max=5.2712 n=1) cex=R/T/F=0/0/1 trsplit=0 sim=15.797(rmp=0.401 run=15.394 n=1 d=0) incr=loc/full/maxdirty/keys=0/0/0/0 chk= 0.000(d=1) stat= 0.158 rest= 0.291
  [bmc-incr i=659 repr=1 active=1104/176256 POs=1]
BMC : c =    1102  cl =   4503  lit =  176255  p =     0  d =     0  f =     1  +  T =     0.03 sec
  [bmc-prof 659] wall=  29.287 p=     1 | ifo=  0.711(sd=0.175 nx=0.000 tfo=0.041 cnt=0.494) snap= 0.282 srm=  8.228 sat=  5.425(set=0.175 slv=5.249 max=5.2485 n=1) cex=R/T/F=0/0/1 trsplit=0 sim=14.174(rmp=0.408 run=13.765 n=1 d=0) incr=loc/full/maxdirty/keys=0/0/0/0 chk= 0.000(d=1) stat= 0.173 rest= 0.294
  [bmc-incr i=660 repr=1 active=1103/176255 POs=1]
BMC : c =    1101  cl =   4503  lit =  176254  p =     0  d =     0  f =     1  +  T =     0.03 sec
  [bmc-prof 660] wall=  29.268 p=     1 | ifo=  0.748(sd=0.200 nx=0.000 tfo=0.050 cnt=0.499) snap= 0.302 srm=  7.894 sat=  5.486(set=0.232 slv=5.252 max=5.2518 n=1) cex=R/T/F=0/0/1 trsplit=0 sim=14.377(rmp=0.449 run=13.927 n=1 d=0) incr=loc/full/maxdirty/keys=0/0/0/0 chk= 0.000(d=1) stat= 0.155 rest= 0.305
  [bmc-incr i=661 repr=1 active=1102/176254 POs=1]
BMC : c =    1100  cl =   4503  lit =  176253  p =     0  d =     0  f =     1  +  T =     0.04 sec
  [bmc-prof 661] wall=  36.376 p=     1 | ifo=  0.712(sd=0.181 nx=0.000 tfo=0.048 cnt=0.482) snap= 0.293 srm= 14.113 sat=  6.128(set=0.202 slv=5.924 max=5.9236 n=1) cex=R/T/F=0/0/1 trsplit=0 sim=14.674(rmp=0.430 run=14.243 n=1 d=0) incr=loc/full/maxdirty/keys=0/0/0/0 chk= 0.000(d=1) stat= 0.157 rest= 0.298
  [bmc-incr i=662 repr=1 active=1101/176253 POs=1]
BMC : c =    1099  cl =   4503  lit =  176252  p =     0  d =     0  f =     1  +  T =     0.03 sec
  [bmc-prof 662] wall=  29.901 p=     1 | ifo=  0.730(sd=0.193 nx=0.000 tfo=0.054 cnt=0.482) snap= 0.281 srm=  7.746 sat=  6.408(set=0.168 slv=6.238 max=6.2381 n=1) cex=R/T/F=0/0/1 trsplit=0 sim=14.287(rmp=0.416 run=13.870 n=1 d=0) incr=loc/full/maxdirty/keys=0/0/0/0 chk= 0.000(d=1) stat= 0.157 rest= 0.292
  [bmc-incr i=663 repr=1 active=1100/176252 POs=1]
BMC : c =    1098  cl =   4503  lit =  176251  p =     0  d =     0  f =     1  +  T =     0.04 sec
  [bmc-prof 663] wall=  35.791 p=     1 | ifo=  0.711(sd=0.184 nx=0.000 tfo=0.045 cnt=0.482) snap= 0.289 srm=  7.735 sat=  6.651(set=0.172 slv=6.477 max=6.4769 n=1) cex=R/T/F=0/0/1 trsplit=0 sim=19.894(rmp=0.490 run=19.403 n=1 d=0) incr=loc/full/maxdirty/keys=0/0/0/0 chk= 0.000(d=1) stat= 0.157 rest= 0.354
  [bmc-incr i=664 repr=1 active=1099/176251 POs=1]
BMC : c =    1097  cl =   4503  lit =  176250  p =     0  d =     0  f =     1  +  T =     0.03 sec
  [bmc-prof 664] wall=  33.450 p=     1 | ifo=  0.722(sd=0.186 nx=0.000 tfo=0.042 cnt=0.493) snap= 0.562 srm=  7.759 sat=  9.301(set=0.184 slv=9.114 max=9.1139 n=1) cex=R/T/F=0/0/1 trsplit=0 sim=14.637(rmp=0.437 run=14.200 n=1 d=0) incr=loc/full/maxdirty/keys=0/0/0/0 chk= 0.000(d=1) stat= 0.157 rest= 0.312
  [bmc-incr i=665 repr=1 active=1098/176250 POs=1]
BMC : c =    1096  cl =   4503  lit =  176249  p =     0  d =     0  f =     1  +  T =     0.03 sec
  [bmc-prof 665] wall=  28.967 p=     1 | ifo=  0.728(sd=0.193 nx=0.000 tfo=0.049 cnt=0.486) snap= 0.284 srm=  7.909 sat=  5.457(set=0.170 slv=5.285 max=5.2846 n=1) cex=R/T/F=0/0/1 trsplit=0 sim=14.142(rmp=0.450 run=13.692 n=1 d=0) incr=loc/full/maxdirty/keys=0/0/0/0 chk= 0.000(d=1) stat= 0.156 rest= 0.290
  [bmc-incr i=666 repr=1 active=1097/176249 POs=1]
BMC : c =    1095  cl =   4503  lit =  176248  p =     0  d =     0  f =     1  +  T =     0.03 sec
  [bmc-prof 666] wall=  29.324 p=     1 | ifo=  0.719(sd=0.184 nx=0.000 tfo=0.043 cnt=0.492) snap= 0.283 srm=  7.831 sat=  5.784(set=0.167 slv=5.615 max=5.6153 n=1) cex=R/T/F=0/0/1 trsplit=0 sim=14.180(rmp=0.421 run=13.759 n=1 d=0) incr=loc/full/maxdirty/keys=0/0/0/0 chk= 0.000(d=1) stat= 0.189 rest= 0.337
  [bmc-incr i=667 repr=1 active=1096/176248 POs=1]
BMC : c =    1094  cl =   4503  lit =  176247  p =     0  d =     0  f =     1  +  T =     0.03 sec
  [bmc-prof 667] wall=  33.812 p=     1 | ifo=  0.920(sd=0.217 nx=0.000 tfo=0.053 cnt=0.650) snap= 0.307 srm= 11.001 sat=  6.026(set=0.256 slv=5.768 max=5.7683 n=1) cex=R/T/F=0/0/1 trsplit=0 sim=15.092(rmp=0.628 run=14.463 n=1 d=0) incr=loc/full/maxdirty/keys=0/0/0/0 chk= 0.000(d=1) stat= 0.159 rest= 0.306
  [bmc-incr i=668 repr=1 active=1095/176247 POs=1]
BMC : c =    1093  cl =   4503  lit =  176246  p =     0  d =     0  f =     1  +  T =     0.03 sec
  [bmc-prof 668] wall=  28.870 p=     1 | ifo=  0.726(sd=0.182 nx=0.000 tfo=0.051 cnt=0.492) snap= 0.282 srm=  7.758 sat=  5.488(set=0.175 slv=5.311 max=5.3111 n=1) cex=R/T/F=0/0/1 trsplit=0 sim=14.163(rmp=0.404 run=13.758 n=1 d=0) incr=loc/full/maxdirty/keys=0/0/0/0 chk= 0.000(d=1) stat= 0.159 rest= 0.295
  [bmc-incr i=669 repr=1 active=1094/176246 POs=1]
BMC : c =    1092  cl =   4503  lit =  176245  p =     0  d =     0  f =     1  +  T =     0.03 sec
  [bmc-prof 669] wall=  28.571 p=     1 | ifo=  0.725(sd=0.180 nx=0.000 tfo=0.050 cnt=0.495) snap= 0.282 srm=  7.722 sat=  5.471(set=0.178 slv=5.290 max=5.2903 n=1) cex=R/T/F=0/0/1 trsplit=0 sim=13.927(rmp=0.405 run=13.521 n=1 d=0) incr=loc/full/maxdirty/keys=0/0/0/0 chk= 0.000(d=1) stat= 0.155 rest= 0.290
  [bmc-incr i=670 repr=1 active=1093/176245 POs=1]
BMC : c =    1091  cl =   4503  lit =  176244  p =     0  d =     0  f =     1  +  T =     0.03 sec
  [bmc-prof 670] wall=  28.732 p=     1 | ifo=  0.730(sd=0.187 nx=0.000 tfo=0.049 cnt=0.495) snap= 0.282 srm=  7.726 sat=  5.451(set=0.172 slv=5.277 max=5.2767 n=1) cex=R/T/F=0/0/1 trsplit=0 sim=14.095(rmp=0.404 run=13.691 n=1 d=0) incr=loc/full/maxdirty/keys=0/0/0/0 chk= 0.000(d=1) stat= 0.153 rest= 0.295
  [bmc-incr i=671 repr=1 active=1092/176244 POs=1]
BMC : c =    1090  cl =   4503  lit =  176243  p =     0  d =     0  f =     1  +  T =     0.03 sec
  [bmc-prof 671] wall=  28.415 p=     1 | ifo=  0.712(sd=0.186 nx=0.000 tfo=0.046 cnt=0.480) snap= 0.281 srm=  7.700 sat=  5.445(set=0.173 slv=5.271 max=5.2706 n=1) cex=R/T/F=0/0/1 trsplit=0 sim=13.825(rmp=0.391 run=13.433 n=1 d=0) incr=loc/full/maxdirty/keys=0/0/0/0 chk= 0.000(d=1) stat= 0.154 rest= 0.298
  [bmc-incr i=672 repr=1 active=1091/176243 POs=1]
BMC : c =    1089  cl =   4503  lit =  176242  p =     0  d =     0  f =     1  +  T =     0.03 sec
  [bmc-prof 672] wall=  28.902 p=     1 | ifo=  0.713(sd=0.177 nx=0.000 tfo=0.049 cnt=0.487) snap= 0.300 srm=  7.851 sat=  5.452(set=0.175 slv=5.276 max=5.2757 n=1) cex=R/T/F=0/0/1 trsplit=0 sim=14.132(rmp=0.413 run=13.719 n=1 d=0) incr=loc/full/maxdirty/keys=0/0/0/0 chk= 0.000(d=1) stat= 0.157 rest= 0.298
  [bmc-incr i=673 repr=1 active=1090/176242 POs=1]
BMC : c =    1088  cl =   4503  lit =  176241  p =     0  d =     0  f =     1  +  T =     0.03 sec
  [bmc-prof 673] wall=  31.127 p=     1 | ifo=  0.718(sd=0.178 nx=0.000 tfo=0.049 cnt=0.490) snap= 0.290 srm=  7.790 sat=  5.465(set=0.182 slv=5.281 max=5.2810 n=1) cex=R/T/F=0/0/1 trsplit=0 sim=16.363(rmp=1.115 run=15.248 n=1 d=0) incr=loc/full/maxdirty/keys=0/0/0/0 chk= 0.000(d=1) stat= 0.172 rest= 0.329
  [bmc-incr i=674 repr=1 active=1089/176241 POs=1]
BMC : c =    1087  cl =   4503  lit =  176240  p =     0  d =     0  f =     1  +  T =     0.03 sec
  [bmc-prof 674] wall=  32.150 p=     1 | ifo=  0.795(sd=0.222 nx=0.000 tfo=0.054 cnt=0.519) snap= 0.669 srm=  9.741 sat=  6.518(set=0.174 slv=6.342 max=6.3422 n=1) cex=R/T/F=0/0/1 trsplit=0 sim=13.939(rmp=0.417 run=13.521 n=1 d=0) incr=loc/full/maxdirty/keys=0/0/0/0 chk= 0.000(d=1) stat= 0.171 rest= 0.316
  [bmc-incr i=675 repr=1 active=1088/176240 POs=1]
BMC : c =    1086  cl =   4503  lit =  176239  p =     0  d =     0  f =     1  +  T =     0.03 sec
  [bmc-prof 675] wall=  28.237 p=     1 | ifo=  0.778(sd=0.217 nx=0.000 tfo=0.047 cnt=0.513) snap= 0.318 srm=  7.949 sat=  5.472(set=0.195 slv=5.275 max=5.2751 n=1) cex=R/T/F=0/0/1 trsplit=0 sim=13.229(rmp=0.491 run=12.737 n=1 d=0) incr=loc/full/maxdirty/keys=0/0/0/0 chk= 0.000(d=1) stat= 0.168 rest= 0.323
  [bmc-incr i=676 repr=1 active=1087/176239 POs=1]
BMC : c =    1085  cl =   4503  lit =  176238  p =     0  d =     0  f =     1  +  T =     0.03 sec
  [bmc-prof 676] wall=  29.806 p=     1 | ifo=  0.762(sd=0.210 nx=0.000 tfo=0.043 cnt=0.509) snap= 0.287 srm=  7.995 sat=  5.485(set=0.175 slv=5.308 max=5.3083 n=1) cex=R/T/F=0/0/1 trsplit=0 sim=14.794(rmp=0.476 run=14.318 n=1 d=0) incr=loc/full/maxdirty/keys=0/0/0/0 chk= 0.000(d=1) stat= 0.163 rest= 0.320
  [bmc-incr i=677 repr=1 active=1086/176238 POs=1]
BMC : c =    1084  cl =   4503  lit =  176237  p =     0  d =     0  f =     1  +  T =     0.03 sec
  [bmc-prof 677] wall=  30.104 p=     1 | ifo=  0.722(sd=0.182 nx=0.000 tfo=0.049 cnt=0.492) snap= 0.284 srm=  7.864 sat=  5.562(set=0.178 slv=5.382 max=5.3817 n=1) cex=R/T/F=0/0/1 trsplit=0 sim=15.191(rmp=0.466 run=14.724 n=1 d=0) incr=loc/full/maxdirty/keys=0/0/0/0 chk= 0.000(d=1) stat= 0.166 rest= 0.315
  [bmc-incr i=678 repr=1 active=1085/176237 POs=1]
BMC : c =    1083  cl =   4503  lit =  176236  p =     0  d =     0  f =     1  +  T =     0.03 sec
  [bmc-prof 678] wall=  29.157 p=     1 | ifo=  0.718(sd=0.180 nx=0.000 tfo=0.054 cnt=0.484) snap= 0.292 srm=  7.886 sat=  5.530(set=0.178 slv=5.350 max=5.3500 n=1) cex=R/T/F=0/0/1 trsplit=0 sim=14.270(rmp=0.423 run=13.847 n=1 d=0) incr=loc/full/maxdirty/keys=0/0/0/0 chk= 0.000(d=1) stat= 0.161 rest= 0.300
  [bmc-incr i=679 repr=1 active=1084/176236 POs=1]
BMC : c =    1082  cl =   4503  lit =  176235  p =     0  d =     0  f =     1  +  T =     0.03 sec
  [bmc-prof 679] wall=  29.305 p=     1 | ifo=  0.726(sd=0.192 nx=0.000 tfo=0.053 cnt=0.482) snap= 0.295 srm=  7.657 sat=  5.477(set=0.175 slv=5.301 max=5.3009 n=1) cex=R/T/F=0/0/1 trsplit=0 sim=14.666(rmp=0.398 run=14.267 n=1 d=0) incr=loc/full/maxdirty/keys=0/0/0/0 chk= 0.000(d=1) stat= 0.172 rest= 0.312
  [bmc-incr i=680 repr=1 active=1083/176235 POs=1]
BMC : c =    1081  cl =   4503  lit =  176234  p =     0  d =     0  f =     1  +  T =     0.03 sec
  [bmc-prof 680] wall=  30.380 p=     1 | ifo=  0.984(sd=0.183 nx=0.000 tfo=0.053 cnt=0.748) snap= 0.284 srm=  7.658 sat=  6.783(set=0.173 slv=6.609 max=6.6089 n=1) cex=R/T/F=0/0/1 trsplit=0 sim=14.182(rmp=0.419 run=13.763 n=1 d=0) incr=loc/full/maxdirty/keys=0/0/0/0 chk= 0.000(d=1) stat= 0.172 rest= 0.315
  [bmc-incr i=681 repr=1 active=1082/176234 POs=1]
BMC : c =    1080  cl =   4503  lit =  176233  p =     0  d =     0  f =     1  +  T =     0.03 sec
  [bmc-prof 681] wall=  29.938 p=     1 | ifo=  0.717(sd=0.179 nx=0.000 tfo=0.052 cnt=0.486) snap= 0.291 srm=  7.974 sat=  5.526(set=0.193 slv=5.331 max=5.3310 n=1) cex=R/T/F=0/0/1 trsplit=0 sim=14.958(rmp=0.445 run=14.513 n=1 d=0) incr=loc/full/maxdirty/keys=0/0/0/0 chk= 0.000(d=1) stat= 0.164 rest= 0.308
  [bmc-incr i=682 repr=1 active=1081/176233 POs=1]
BMC : c =    1079  cl =   4503  lit =  176232  p =     0  d =     0  f =     1  +  T =     0.03 sec
  [bmc-prof 682] wall=  29.888 p=     1 | ifo=  0.752(sd=0.187 nx=0.000 tfo=0.052 cnt=0.514) snap= 0.302 srm=  8.005 sat=  5.727(set=0.187 slv=5.539 max=5.5391 n=1) cex=R/T/F=0/0/1 trsplit=0 sim=14.628(rmp=0.409 run=14.218 n=1 d=0) incr=loc/full/maxdirty/keys=0/0/0/0 chk= 0.000(d=1) stat= 0.161 rest= 0.312
  [bmc-incr i=683 repr=1 active=1080/176232 POs=1]
BMC : c =    1078  cl =   4503  lit =  176231  p =     0  d =     0  f =     1  +  T =     0.03 sec
  [bmc-prof 683] wall=  29.632 p=     1 | ifo=  0.728(sd=0.182 nx=0.000 tfo=0.047 cnt=0.499) snap= 0.300 srm=  7.917 sat=  5.692(set=0.178 slv=5.513 max=5.5125 n=1) cex=R/T/F=0/0/1 trsplit=0 sim=14.522(rmp=0.415 run=14.106 n=1 d=0) incr=loc/full/maxdirty/keys=0/0/0/0 chk= 0.000(d=1) stat= 0.163 rest= 0.310
  [bmc-incr i=684 repr=1 active=1079/176231 POs=1]
BMC : c =    1077  cl =   4503  lit =  176230  p =     0  d =     0  f =     1  +  T =     0.03 sec
  [bmc-prof 684] wall=  29.963 p=     1 | ifo=  0.733(sd=0.190 nx=0.000 tfo=0.044 cnt=0.499) snap= 0.288 srm=  8.337 sat=  5.518(set=0.194 slv=5.321 max=5.3210 n=1) cex=R/T/F=0/0/1 trsplit=0 sim=14.623(rmp=0.453 run=14.170 n=1 d=0) incr=loc/full/maxdirty/keys=0/0/0/0 chk= 0.000(d=1) stat= 0.158 rest= 0.307
  [bmc-incr i=685 repr=1 active=1078/176230 POs=1]
BMC : c =    1076  cl =   4503  lit =  176229  p =     0  d =     0  f =     1  +  T =     0.03 sec
  [bmc-prof 685] wall=  29.631 p=     1 | ifo=  0.731(sd=0.193 nx=0.000 tfo=0.050 cnt=0.489) snap= 0.293 srm=  7.891 sat=  5.707(set=0.190 slv=5.516 max=5.5158 n=1) cex=R/T/F=0/0/1 trsplit=0 sim=14.528(rmp=0.416 run=14.111 n=1 d=0) incr=loc/full/maxdirty/keys=0/0/0/0 chk= 0.000(d=1) stat= 0.167 rest= 0.313
  [bmc-incr i=686 repr=1 active=1077/176229 POs=1]
BMC : c =    1075  cl =   4503  lit =  176228  p =     0  d =     0  f =     1  +  T =     0.03 sec
  [bmc-prof 686] wall=  29.193 p=     1 | ifo=  0.749(sd=0.189 nx=0.000 tfo=0.051 cnt=0.509) snap= 0.288 srm=  8.118 sat=  5.515(set=0.190 slv=5.322 max=5.3220 n=1) cex=R/T/F=0/0/1 trsplit=0 sim=14.076(rmp=0.404 run=13.672 n=1 d=0) incr=loc/full/maxdirty/keys=0/0/0/0 chk= 0.000(d=1) stat= 0.157 rest= 0.291
  [bmc-incr i=687 repr=1 active=1076/176228 POs=1]
BMC : c =    1074  cl =   4503  lit =  176227  p =     0  d =     0  f =     1  +  T =     0.03 sec
  [bmc-prof 687] wall=  28.737 p=     1 | ifo=  0.712(sd=0.181 nx=0.000 tfo=0.049 cnt=0.482) snap= 0.291 srm=  7.781 sat=  5.537(set=0.178 slv=5.358 max=5.3578 n=1) cex=R/T/F=0/0/1 trsplit=0 sim=13.969(rmp=0.402 run=13.566 n=1 d=0) incr=loc/full/maxdirty/keys=0/0/0/0 chk= 0.000(d=1) stat= 0.156 rest= 0.291
  [bmc-incr i=688 repr=1 active=1075/176227 POs=1]
BMC : c =    1073  cl =   4503  lit =  176226  p =     0  d =     0  f =     1  +  T =     0.03 sec
  [bmc-prof 688] wall=  28.731 p=     1 | ifo=  0.770(sd=0.202 nx=0.000 tfo=0.077 cnt=0.491) snap= 0.281 srm=  7.774 sat=  5.524(set=0.170 slv=5.351 max=5.3514 n=1) cex=R/T/F=0/0/1 trsplit=0 sim=13.941(rmp=0.399 run=13.542 n=1 d=0) incr=loc/full/maxdirty/keys=0/0/0/0 chk= 0.000(d=1) stat= 0.152 rest= 0.289
  [bmc-incr i=689 repr=1 active=1074/176226 POs=1]
BMC : c =    1072  cl =   4503  lit =  176225  p =     0  d =     0  f =     1  +  T =     0.03 sec
  [bmc-prof 689] wall=  28.761 p=     1 | ifo=  0.700(sd=0.176 nx=0.000 tfo=0.043 cnt=0.480) snap= 0.282 srm=  7.751 sat=  5.504(set=0.172 slv=5.330 max=5.3297 n=1) cex=R/T/F=0/0/1 trsplit=0 sim=14.080(rmp=0.395 run=13.684 n=1 d=0) incr=loc/full/maxdirty/keys=0/0/0/0 chk= 0.000(d=1) stat= 0.154 rest= 0.288
  [bmc-incr i=690 repr=1 active=1073/176225 POs=1]
BMC : c =    1071  cl =   4503  lit =  176224  p =     0  d =     0  f =     1  +  T =     0.03 sec
  [bmc-prof 690] wall=  29.413 p=     1 | ifo=  0.771(sd=0.205 nx=0.000 tfo=0.072 cnt=0.494) snap= 0.293 srm=  7.894 sat=  5.591(set=0.203 slv=5.386 max=5.3864 n=1) cex=R/T/F=0/0/1 trsplit=0 sim=14.409(rmp=0.442 run=13.967 n=1 d=0) incr=loc/full/maxdirty/keys=0/0/0/0 chk= 0.000(d=1) stat= 0.154 rest= 0.301
  [bmc-incr i=691 repr=1 active=1072/176224 POs=1]
BMC : c =    1070  cl =   4503  lit =  176223  p =     0  d =     0  f =     1  +  T =     0.03 sec
  [bmc-prof 691] wall=  28.568 p=     1 | ifo=  0.704(sd=0.177 nx=0.000 tfo=0.048 cnt=0.479) snap= 0.284 srm=  7.761 sat=  5.516(set=0.178 slv=5.336 max=5.3359 n=1) cex=R/T/F=0/0/1 trsplit=0 sim=13.862(rmp=0.392 run=13.469 n=1 d=0) incr=loc/full/maxdirty/keys=0/0/0/0 chk= 0.000(d=1) stat= 0.154 rest= 0.288
  [bmc-incr i=692 repr=1 active=1071/176223 POs=1]
BMC : c =    1069  cl =   4503  lit =  176222  p =     0  d =     0  f =     1  +  T =     0.03 sec
  [bmc-prof 692] wall=  28.891 p=     1 | ifo=  0.703(sd=0.178 nx=0.000 tfo=0.047 cnt=0.478) snap= 0.283 srm=  7.948 sat=  5.498(set=0.172 slv=5.325 max=5.3246 n=1) cex=R/T/F=0/0/1 trsplit=0 sim=14.002(rmp=0.404 run=13.598 n=1 d=0) incr=loc/full/maxdirty/keys=0/0/0/0 chk= 0.000(d=1) stat= 0.161 rest= 0.295
  [bmc-incr i=693 repr=1 active=1070/176222 POs=1]
BMC : c =    1068  cl =   4503  lit =  176221  p =     0  d =     0  f =     1  +  T =     0.03 sec
  [bmc-prof 693] wall=  28.992 p=     1 | ifo=  0.697(sd=0.175 nx=0.000 tfo=0.045 cnt=0.477) snap= 0.281 srm=  7.809 sat=  5.499(set=0.173 slv=5.325 max=5.3254 n=1) cex=R/T/F=0/0/1 trsplit=0 sim=14.229(rmp=0.400 run=13.828 n=1 d=0) incr=loc/full/maxdirty/keys=0/0/0/0 chk= 0.000(d=1) stat= 0.163 rest= 0.314
  [bmc-incr i=694 repr=1 active=1069/176221 POs=1]
BMC : c =    1067  cl =   4503  lit =  176220  p =     0  d =     0  f =     1  +  T =     0.03 sec
  [bmc-prof 694] wall=  29.661 p=     1 | ifo=  0.717(sd=0.181 nx=0.000 tfo=0.053 cnt=0.482) snap= 0.289 srm=  7.991 sat=  5.563(set=0.185 slv=5.376 max=5.3757 n=1) cex=R/T/F=0/0/1 trsplit=0 sim=14.629(rmp=0.460 run=14.168 n=1 d=0) incr=loc/full/maxdirty/keys=0/0/0/0 chk= 0.000(d=1) stat= 0.158 rest= 0.314
  [bmc-incr i=695 repr=1 active=1068/176220 POs=1]
BMC : c =    1066  cl =   4503  lit =  176219  p =     0  d =     0  f =     1  +  T =     0.03 sec
  [bmc-prof 695] wall=  29.175 p=     1 | ifo=  0.725(sd=0.191 nx=0.000 tfo=0.051 cnt=0.483) snap= 0.290 srm=  7.927 sat=  5.531(set=0.189 slv=5.340 max=5.3397 n=1) cex=R/T/F=0/0/1 trsplit=0 sim=14.259(rmp=0.407 run=13.852 n=1 d=0) incr=loc/full/maxdirty/keys=0/0/0/0 chk= 0.000(d=1) stat= 0.154 rest= 0.289
  [bmc-incr i=696 repr=1 active=1067/176219 POs=1]
BMC : c =    1065  cl =   4503  lit =  176218  p =     0  d =     0  f =     1  +  T =     0.03 sec
  [bmc-prof 696] wall=  29.088 p=     1 | ifo=  0.722(sd=0.190 nx=0.000 tfo=0.051 cnt=0.481) snap= 0.316 srm=  7.945 sat=  5.566(set=0.213 slv=5.350 max=5.3505 n=1) cex=R/T/F=0/0/1 trsplit=0 sim=14.086(rmp=0.409 run=13.677 n=1 d=0) incr=loc/full/maxdirty/keys=0/0/0/0 chk= 0.000(d=1) stat= 0.154 rest= 0.299
  [bmc-incr i=697 repr=1 active=1066/176218 POs=1]
BMC : c =    1064  cl =   4503  lit =  176217  p =     0  d =     0  f =     1  +  T =     0.03 sec
  [bmc-prof 697] wall=  28.277 p=     1 | ifo=  0.710(sd=0.179 nx=0.000 tfo=0.049 cnt=0.481) snap= 0.283 srm=  7.775 sat=  5.549(set=0.184 slv=5.362 max=5.3619 n=1) cex=R/T/F=0/0/1 trsplit=0 sim=13.460(rmp=0.474 run=12.986 n=1 d=0) incr=loc/full/maxdirty/keys=0/0/0/0 chk= 0.000(d=1) stat= 0.172 rest= 0.328
  [bmc-incr i=698 repr=1 active=1065/176217 POs=1]
BMC : c =    1063  cl =   4503  lit =  176216  p =     0  d =     0  f =     1  +  T =     0.03 sec
  [bmc-prof 698] wall=  30.162 p=     1 | ifo=  0.794(sd=0.228 nx=0.000 tfo=0.052 cnt=0.514) snap= 0.333 srm=  8.704 sat=  5.566(set=0.196 slv=5.368 max=5.3679 n=1) cex=R/T/F=0/0/1 trsplit=0 sim=14.274(rmp=0.494 run=13.779 n=1 d=0) incr=loc/full/maxdirty/keys=0/0/0/0 chk= 0.000(d=1) stat= 0.161 rest= 0.329
  [bmc-incr i=699 repr=1 active=1064/176216 POs=1]
BMC : c =    1062  cl =   4503  lit =  176215  p =     0  d =     0  f =     1  +  T =     0.03 sec
  [bmc-prof 699] wall=  34.195 p=     1 | ifo=  0.726(sd=0.182 nx=0.000 tfo=0.051 cnt=0.493) snap= 0.347 srm=  8.241 sat=  5.702(set=0.208 slv=5.492 max=5.4920 n=1) cex=R/T/F=0/0/1 trsplit=0 sim=18.691(rmp=0.415 run=18.275 n=1 d=0) incr=loc/full/maxdirty/keys=0/0/0/0 chk= 0.000(d=1) stat= 0.174 rest= 0.315
  [bmc-incr i=700 repr=1 active=1063/176215 POs=1]
BMC : c =    1061  cl =   4503  lit =  176214  p =     0  d =     0  f =     1  +  T =     0.03 sec
  [bmc-prof 700] wall=  31.862 p=     1 | ifo=  1.222(sd=0.270 nx=0.000 tfo=0.093 cnt=0.859) snap= 0.322 srm= 10.096 sat=  6.254(set=0.194 slv=6.058 max=6.0575 n=1) cex=R/T/F=0/0/1 trsplit=0 sim=13.460(rmp=0.503 run=12.956 n=1 d=0) incr=loc/full/maxdirty/keys=0/0/0/0 chk= 0.000(d=1) stat= 0.170 rest= 0.338
  [bmc-incr i=701 repr=1 active=1062/176214 POs=1]
BMC : c =    1060  cl =   4503  lit =  176213  p =     0  d =     0  f =     1  +  T =     0.03 sec
  [bmc-prof 701] wall=  32.963 p=     1 | ifo=  0.776(sd=0.214 nx=0.000 tfo=0.044 cnt=0.517) snap= 0.335 srm= 10.371 sat=  5.864(set=0.200 slv=5.662 max=5.6620 n=1) cex=R/T/F=0/0/1 trsplit=0 sim=15.155(rmp=0.504 run=14.650 n=1 d=0) incr=loc/full/maxdirty/keys=0/0/0/0 chk= 0.000(d=1) stat= 0.159 rest= 0.303
  [bmc-incr i=702 repr=1 active=1061/176213 POs=1]
BMC : c =    1059  cl =   4503  lit =  176212  p =     0  d =     0  f =     1  +  T =     0.03 sec
  [bmc-prof 702] wall=  29.529 p=     1 | ifo=  0.747(sd=0.195 nx=0.000 tfo=0.051 cnt=0.502) snap= 0.286 srm=  8.419 sat=  5.585(set=0.169 slv=5.415 max=5.4148 n=1) cex=R/T/F=0/0/1 trsplit=0 sim=14.043(rmp=0.405 run=13.637 n=1 d=0) incr=loc/full/maxdirty/keys=0/0/0/0 chk= 0.000(d=1) stat= 0.156 rest= 0.293
  [bmc-incr i=703 repr=1 active=1060/176212 POs=1]
BMC : c =    1058  cl =   4503  lit =  176211  p =     0  d =     0  f =     1  +  T =     0.03 sec
  [bmc-prof 703] wall=  28.590 p=     1 | ifo=  0.709(sd=0.184 nx=0.000 tfo=0.044 cnt=0.481) snap= 0.282 srm=  7.662 sat=  5.604(set=0.172 slv=5.430 max=5.4301 n=1) cex=R/T/F=0/0/1 trsplit=0 sim=13.885(rmp=0.397 run=13.487 n=1 d=0) incr=loc/full/maxdirty/keys=0/0/0/0 chk= 0.000(d=1) stat= 0.155 rest= 0.294
  [bmc-incr i=704 repr=1 active=1059/176211 POs=1]
BMC : c =    1057  cl =   4503  lit =  176210  p =     0  d =     0  f =     1  +  T =     0.03 sec
  [bmc-prof 704] wall=  28.854 p=     1 | ifo=  0.704(sd=0.179 nx=0.000 tfo=0.046 cnt=0.479) snap= 0.284 srm=  7.755 sat=  5.604(set=0.179 slv=5.423 max=5.4233 n=1) cex=R/T/F=0/0/1 trsplit=0 sim=14.058(rmp=0.410 run=13.647 n=1 d=0) incr=loc/full/maxdirty/keys=0/0/0/0 chk= 0.000(d=1) stat= 0.155 rest= 0.294
  [bmc-incr i=705 repr=1 active=1058/176210 POs=1]
BMC : c =    1056  cl =   4503  lit =  176209  p =     0  d =     0  f =     1  +  T =     0.03 sec
  [bmc-prof 705] wall=  28.728 p=     1 | ifo=  0.694(sd=0.175 nx=0.000 tfo=0.040 cnt=0.479) snap= 0.282 srm=  7.705 sat=  5.521(set=0.170 slv=5.349 max=5.3494 n=1) cex=R/T/F=0/0/1 trsplit=0 sim=14.085(rmp=0.395 run=13.689 n=1 d=0) incr=loc/full/maxdirty/keys=0/0/0/0 chk= 0.000(d=1) stat= 0.153 rest= 0.289
  [bmc-incr i=706 repr=1 active=1057/176209 POs=1]
BMC : c =    1055  cl =   4503  lit =  176208  p =     0  d =     0  f =     1  +  T =     0.03 sec
  [bmc-prof 706] wall=  30.038 p=     1 | ifo=  0.703(sd=0.184 nx=0.000 tfo=0.038 cnt=0.481) snap= 0.282 srm=  7.562 sat=  5.527(set=0.169 slv=5.356 max=5.3555 n=1) cex=R/T/F=0/0/1 trsplit=0 sim=15.496(rmp=0.406 run=15.089 n=1 d=0) incr=loc/full/maxdirty/keys=0/0/0/0 chk= 0.000(d=1) stat= 0.177 rest= 0.290
  [bmc-incr i=707 repr=1 active=1056/176208 POs=1]
BMC : c =    1054  cl =   4503  lit =  176207  p =     0  d =     0  f =     1  +  T =     0.03 sec
  [bmc-prof 707] wall=  32.405 p=     1 | ifo=  0.700(sd=0.174 nx=0.000 tfo=0.044 cnt=0.482) snap= 0.296 srm= 10.687 sat=  5.608(set=0.167 slv=5.439 max=5.4393 n=1) cex=R/T/F=0/0/1 trsplit=0 sim=14.630(rmp=0.397 run=14.232 n=1 d=0) incr=loc/full/maxdirty/keys=0/0/0/0 chk= 0.000(d=1) stat= 0.165 rest= 0.318
  [bmc-incr i=708 repr=1 active=1055/176207 POs=1]
BMC : c =    1053  cl =   4503  lit =  176206  p =     0  d =     0  f =     1  +  T =     0.03 sec
  [bmc-prof 708] wall=  31.975 p=     1 | ifo=  0.714(sd=0.180 nx=0.000 tfo=0.042 cnt=0.492) snap= 0.286 srm=  8.287 sat=  5.709(set=0.180 slv=5.527 max=5.5274 n=1) cex=R/T/F=0/0/1 trsplit=0 sim=16.497(rmp=0.410 run=16.086 n=1 d=0) incr=loc/full/maxdirty/keys=0/0/0/0 chk= 0.000(d=1) stat= 0.176 rest= 0.305
  [bmc-incr i=709 repr=1 active=1054/176206 POs=1]
BMC : c =    1052  cl =   4503  lit =  176205  p =     0  d =     0  f =     1  +  T =     0.03 sec
  [bmc-prof 709] wall=  29.677 p=     1 | ifo=  0.733(sd=0.184 nx=0.000 tfo=0.044 cnt=0.504) snap= 0.282 srm=  7.569 sat=  5.593(set=0.167 slv=5.424 max=5.4243 n=1) cex=R/T/F=0/0/1 trsplit=0 sim=15.050(rmp=0.424 run=14.626 n=1 d=0) incr=loc/full/maxdirty/keys=0/0/0/0 chk= 0.000(d=1) stat= 0.157 rest= 0.292
  [bmc-incr i=710 repr=1 active=1053/176205 POs=1]
BMC : c =    1051  cl =   4503  lit =  176204  p =     0  d =     0  f =     1  +  T =     0.03 sec
  [bmc-prof 710] wall=  30.195 p=     1 | ifo=  0.694(sd=0.176 nx=0.000 tfo=0.037 cnt=0.481) snap= 0.291 srm=  7.604 sat=  5.605(set=0.170 slv=5.433 max=5.4330 n=1) cex=R/T/F=0/0/1 trsplit=0 sim=15.525(rmp=0.395 run=15.130 n=1 d=0) incr=loc/full/maxdirty/keys=0/0/0/0 chk= 0.000(d=1) stat= 0.165 rest= 0.311
  [bmc-incr i=711 repr=1 active=1052/176204 POs=1]
BMC : c =    1050  cl =   4503  lit =  176203  p =     0  d =     0  f =     1  +  T =     0.03 sec
  [bmc-prof 711] wall=  32.171 p=     1 | ifo=  0.699(sd=0.181 nx=0.000 tfo=0.040 cnt=0.479) snap= 0.331 srm= 10.055 sat=  5.980(set=0.261 slv=5.717 max=5.7169 n=1) cex=R/T/F=0/0/1 trsplit=0 sim=14.597(rmp=0.450 run=14.146 n=1 d=0) incr=loc/full/maxdirty/keys=0/0/0/0 chk= 0.000(d=1) stat= 0.173 rest= 0.335
  [bmc-incr i=712 repr=1 active=1051/176203 POs=1]
BMC : c =    1049  cl =   4503  lit =  176202  p =     0  d =     0  f =     1  +  T =     0.03 sec
  [bmc-prof 712] wall=  29.083 p=     1 | ifo=  0.787(sd=0.218 nx=0.000 tfo=0.080 cnt=0.489) snap= 0.290 srm=  7.704 sat=  5.618(set=0.177 slv=5.438 max=5.4384 n=1) cex=R/T/F=0/0/1 trsplit=0 sim=14.230(rmp=0.405 run=13.824 n=1 d=0) incr=loc/full/maxdirty/keys=0/0/0/0 chk= 0.000(d=1) stat= 0.158 rest= 0.296
  [bmc-incr i=713 repr=1 active=1050/176202 POs=1]
BMC : c =    1048  cl =   4503  lit =  176201  p =     0  d =     0  f =     1  +  T =     0.03 sec
  [bmc-prof 713] wall=  32.781 p=     1 | ifo=  0.741(sd=0.181 nx=0.000 tfo=0.051 cnt=0.509) snap= 0.283 srm=  7.729 sat=  6.299(set=0.177 slv=6.120 max=6.1198 n=1) cex=R/T/F=0/0/1 trsplit=0 sim=17.249(rmp=0.444 run=16.804 n=1 d=0) incr=loc/full/maxdirty/keys=0/0/0/0 chk= 0.000(d=1) stat= 0.161 rest= 0.318
  [bmc-incr i=714 repr=1 active=1049/176201 POs=1]
BMC : c =    1047  cl =   4503  lit =  176200  p =     0  d =     0  f =     1  +  T =     0.03 sec
  [bmc-prof 714] wall=  28.912 p=     1 | ifo=  0.714(sd=0.180 nx=0.000 tfo=0.048 cnt=0.486) snap= 0.288 srm=  7.799 sat=  5.560(set=0.179 slv=5.379 max=5.3794 n=1) cex=R/T/F=0/0/1 trsplit=0 sim=14.080(rmp=0.400 run=13.679 n=1 d=0) incr=loc/full/maxdirty/keys=0/0/0/0 chk= 0.000(d=1) stat= 0.162 rest= 0.309
  [bmc-incr i=715 repr=1 active=1048/176200 POs=1]
BMC : c =    1046  cl =   4503  lit =  176199  p =     0  d =     0  f =     1  +  T =     0.03 sec
  [bmc-prof 715] wall=  32.041 p=     1 | ifo=  0.732(sd=0.193 nx=0.000 tfo=0.054 cnt=0.485) snap= 0.308 srm= 10.194 sat=  5.795(set=0.183 slv=5.611 max=5.6107 n=1) cex=R/T/F=0/0/1 trsplit=0 sim=14.545(rmp=0.420 run=14.124 n=1 d=0) incr=loc/full/maxdirty/keys=0/0/0/0 chk= 0.000(d=1) stat= 0.164 rest= 0.304
  [bmc-incr i=716 repr=1 active=1047/176199 POs=1]
BMC : c =    1045  cl =   4503  lit =  176198  p =     0  d =     0  f =     1  +  T =     0.03 sec
  [bmc-prof 716] wall=  29.579 p=     1 | ifo=  0.723(sd=0.177 nx=0.000 tfo=0.050 cnt=0.496) snap= 0.281 srm=  7.781 sat=  5.712(set=0.169 slv=5.541 max=5.5412 n=1) cex=R/T/F=0/0/1 trsplit=0 sim=14.575(rmp=0.398 run=14.176 n=1 d=0) incr=loc/full/maxdirty/keys=0/0/0/0 chk= 0.000(d=1) stat= 0.157 rest= 0.351
  [bmc-incr i=717 repr=1 active=1046/176198 POs=1]
BMC : c =    1044  cl =   4503  lit =  176197  p =     0  d =     0  f =     1  +  T =     0.03 sec
  [bmc-prof 717] wall=  34.208 p=     1 | ifo=  0.812(sd=0.232 nx=0.000 tfo=0.053 cnt=0.527) snap= 0.287 srm= 12.084 sat=  6.048(set=0.195 slv=5.851 max=5.8515 n=1) cex=R/T/F=0/0/1 trsplit=0 sim=14.498(rmp=0.472 run=14.025 n=1 d=0) incr=loc/full/maxdirty/keys=0/0/0/0 chk= 0.000(d=1) stat= 0.161 rest= 0.317
  [bmc-incr i=718 repr=1 active=1045/176197 POs=1]
BMC : c =    1043  cl =   4503  lit =  176196  p =     0  d =     0  f =     1  +  T =     0.03 sec
  [bmc-prof 718] wall=  29.728 p=     1 | ifo=  0.711(sd=0.180 nx=0.000 tfo=0.048 cnt=0.482) snap= 0.414 srm=  7.966 sat=  5.912(set=0.237 slv=5.673 max=5.6735 n=1) cex=R/T/F=0/0/1 trsplit=0 sim=14.224(rmp=0.416 run=13.807 n=1 d=0) incr=loc/full/maxdirty/keys=0/0/0/0 chk= 0.000(d=1) stat= 0.184 rest= 0.317
  [bmc-incr i=719 repr=1 active=1044/176196 POs=1]
BMC : c =    1042  cl =   4503  lit =  176195  p =     0  d =     0  f =     1  +  T =     0.03 sec
  [bmc-prof 719] wall=  34.370 p=     1 | ifo=  0.784(sd=0.221 nx=0.000 tfo=0.052 cnt=0.511) snap= 0.285 srm=  7.971 sat=  7.262(set=0.171 slv=7.089 max=7.0886 n=1) cex=R/T/F=0/0/1 trsplit=0 sim=17.538(rmp=0.504 run=17.034 n=1 d=0) incr=loc/full/maxdirty/keys=0/0/0/0 chk= 0.000(d=1) stat= 0.176 rest= 0.354
  [bmc-incr i=720 repr=1 active=1043/176195 POs=1]
BMC : c =    1041  cl =   4503  lit =  176194  p =     0  d =     0  f =     1  +  T =     0.03 sec
  [bmc-prof 720] wall=  28.800 p=     1 | ifo=  0.775(sd=0.213 nx=0.000 tfo=0.050 cnt=0.511) snap= 0.329 srm=  7.914 sat=  5.582(set=0.195 slv=5.385 max=5.3852 n=1) cex=R/T/F=0/0/1 trsplit=0 sim=13.576(rmp=0.476 run=13.099 n=1 d=0) incr=loc/full/maxdirty/keys=0/0/0/0 chk= 0.000(d=1) stat= 0.274 rest= 0.350
  [bmc-incr i=721 repr=1 active=1042/176194 POs=1]
BMC : c =    1040  cl =   4503  lit =  176193  p =     0  d =     0  f =     1  +  T =     0.03 sec
  [bmc-prof 721] wall=  29.031 p=     1 | ifo=  0.863(sd=0.267 nx=0.000 tfo=0.070 cnt=0.526) snap= 0.338 srm=  8.309 sat=  5.630(set=0.221 slv=5.407 max=5.4071 n=1) cex=R/T/F=0/0/1 trsplit=0 sim=13.385(rmp=0.491 run=12.894 n=1 d=0) incr=loc/full/maxdirty/keys=0/0/0/0 chk= 0.000(d=1) stat= 0.175 rest= 0.330
  [bmc-incr i=722 repr=1 active=1041/176193 POs=1]
BMC : c =    1039  cl =   4503  lit =  176192  p =     0  d =     0  f =     1  +  T =     0.03 sec
  [bmc-prof 722] wall=  28.808 p=     1 | ifo=  0.805(sd=0.219 nx=0.000 tfo=0.052 cnt=0.534) snap= 0.321 srm=  8.068 sat=  5.722(set=0.201 slv=5.519 max=5.5191 n=1) cex=R/T/F=0/0/1 trsplit=0 sim=13.393(rmp=0.493 run=12.900 n=1 d=0) incr=loc/full/maxdirty/keys=0/0/0/0 chk= 0.000(d=1) stat= 0.170 rest= 0.330
  [bmc-incr i=723 repr=1 active=1040/176192 POs=1]
BMC : c =    1038  cl =   4503  lit =  176191  p =     0  d =     0  f =     1  +  T =     0.03 sec
  [bmc-prof 723] wall=  33.375 p=     1 | ifo=  0.879(sd=0.265 nx=0.000 tfo=0.084 cnt=0.530) snap= 0.317 srm=  7.947 sat=  5.890(set=0.204 slv=5.683 max=5.6831 n=1) cex=R/T/F=0/0/1 trsplit=0 sim=17.880(rmp=0.425 run=17.454 n=1 d=0) incr=loc/full/maxdirty/keys=0/0/0/0 chk= 0.000(d=1) stat= 0.158 rest= 0.303
  [bmc-incr i=724 repr=1 active=1039/176191 POs=1]
BMC : c =    1037  cl =   4503  lit =  176190  p =     0  d =     0  f =     1  +  T =     0.03 sec
  [bmc-prof 724] wall=  31.264 p=     1 | ifo=  0.820(sd=0.238 nx=0.000 tfo=0.092 cnt=0.490) snap= 0.489 srm=  8.319 sat=  5.800(set=0.243 slv=5.555 max=5.5548 n=1) cex=R/T/F=0/0/1 trsplit=0 sim=15.363(rmp=0.482 run=14.880 n=1 d=0) incr=loc/full/maxdirty/keys=0/0/0/0 chk= 0.000(d=1) stat= 0.162 rest= 0.310
  [bmc-incr i=725 repr=1 active=1038/176190 POs=1]
BMC : c =    1036  cl =   4503  lit =  176189  p =     0  d =     0  f =     1  +  T =     0.03 sec
  [bmc-prof 725] wall=  28.978 p=     1 | ifo=  0.728(sd=0.183 nx=0.000 tfo=0.051 cnt=0.494) snap= 0.288 srm=  7.705 sat=  5.603(set=0.177 slv=5.423 max=5.4235 n=1) cex=R/T/F=0/0/1 trsplit=0 sim=14.126(rmp=0.417 run=13.708 n=1 d=0) incr=loc/full/maxdirty/keys=0/0/0/0 chk= 0.000(d=1) stat= 0.226 rest= 0.302
  [bmc-incr i=726 repr=1 active=1037/176189 POs=1]
BMC : c =    1035  cl =   4503  lit =  176188  p =     0  d =     0  f =     1  +  T =     0.03 sec
  [bmc-prof 726] wall=  30.672 p=     1 | ifo=  0.732(sd=0.183 nx=0.000 tfo=0.047 cnt=0.502) snap= 0.282 srm=  8.085 sat=  6.807(set=0.259 slv=6.547 max=6.5468 n=1) cex=R/T/F=0/0/1 trsplit=0 sim=14.306(rmp=0.418 run=13.887 n=1 d=0) incr=loc/full/maxdirty/keys=0/0/0/0 chk= 0.000(d=1) stat= 0.162 rest= 0.297
  [bmc-incr i=727 repr=1 active=1036/176188 POs=1]
BMC : c =    1034  cl =   4503  lit =  176187  p =     0  d =     0  f =     1  +  T =     0.03 sec
  [bmc-prof 727] wall=  29.915 p=     1 | ifo=  0.727(sd=0.179 nx=0.000 tfo=0.053 cnt=0.494) snap= 0.283 srm=  7.818 sat=  5.727(set=0.177 slv=5.548 max=5.5476 n=1) cex=R/T/F=0/0/1 trsplit=0 sim=14.867(rmp=0.432 run=14.435 n=1 d=0) incr=loc/full/maxdirty/keys=0/0/0/0 chk= 0.000(d=1) stat= 0.177 rest= 0.316
  [bmc-incr i=728 repr=1 active=1035/176187 POs=1]
BMC : c =    1033  cl =   4503  lit =  176186  p =     0  d =     0  f =     1  +  T =     0.03 sec
  [bmc-prof 728] wall=  30.699 p=     1 | ifo=  0.773(sd=0.196 nx=0.000 tfo=0.050 cnt=0.526) snap= 0.310 srm=  8.337 sat=  5.859(set=0.199 slv=5.658 max=5.6576 n=1) cex=R/T/F=0/0/1 trsplit=0 sim=14.945(rmp=0.439 run=14.506 n=1 d=0) incr=loc/full/maxdirty/keys=0/0/0/0 chk= 0.000(d=1) stat= 0.164 rest= 0.311
  [bmc-incr i=729 repr=1 active=1034/176186 POs=1]
BMC : c =    1032  cl =   4503  lit =  176185  p =     0  d =     0  f =     1  +  T =     0.03 sec
  [bmc-prof 729] wall=  30.109 p=     1 | ifo=  0.768(sd=0.195 nx=0.000 tfo=0.048 cnt=0.526) snap= 0.305 srm=  8.161 sat=  5.809(set=0.180 slv=5.627 max=5.6274 n=1) cex=R/T/F=0/0/1 trsplit=0 sim=14.596(rmp=0.416 run=14.180 n=1 d=0) incr=loc/full/maxdirty/keys=0/0/0/0 chk= 0.000(d=1) stat= 0.169 rest= 0.300
  [bmc-incr i=730 repr=1 active=1033/176185 POs=1]
BMC : c =    1031  cl =   4503  lit =  176184  p =     0  d =     0  f =     1  +  T =     0.03 sec
  [bmc-prof 730] wall=  29.267 p=     1 | ifo=  0.722(sd=0.180 nx=0.000 tfo=0.044 cnt=0.498) snap= 0.293 srm=  7.798 sat=  5.731(set=0.176 slv=5.553 max=5.5535 n=1) cex=R/T/F=0/0/1 trsplit=0 sim=14.264(rmp=0.420 run=13.843 n=1 d=0) incr=loc/full/maxdirty/keys=0/0/0/0 chk= 0.000(d=1) stat= 0.161 rest= 0.297
  [bmc-incr i=731 repr=1 active=1032/176184 POs=1]
BMC : c =    1030  cl =   4503  lit =  176183  p =     0  d =     0  f =     1  +  T =     0.03 sec
  [bmc-prof 731] wall=  29.514 p=     1 | ifo=  0.803(sd=0.213 nx=0.000 tfo=0.090 cnt=0.501) snap= 0.286 srm=  7.863 sat=  5.607(set=0.184 slv=5.420 max=5.4205 n=1) cex=R/T/F=0/0/1 trsplit=0 sim=14.473(rmp=0.440 run=14.032 n=1 d=0) incr=loc/full/maxdirty/keys=0/0/0/0 chk= 0.001(d=1) stat= 0.164 rest= 0.317
  [bmc-incr i=732 repr=1 active=1031/176183 POs=1]
BMC : c =    1029  cl =   4503  lit =  176182  p =     0  d =     0  f =     1  +  T =     0.03 sec
  [bmc-prof 732] wall=  28.866 p=     1 | ifo=  0.721(sd=0.181 nx=0.000 tfo=0.052 cnt=0.488) snap= 0.287 srm=  7.822 sat=  5.594(set=0.173 slv=5.420 max=5.4195 n=1) cex=R/T/F=0/0/1 trsplit=0 sim=13.979(rmp=0.396 run=13.582 n=1 d=0) incr=loc/full/maxdirty/keys=0/0/0/0 chk= 0.000(d=1) stat= 0.163 rest= 0.299
  [bmc-incr i=733 repr=1 active=1030/176182 POs=1]
BMC : c =    1028  cl =   4503  lit =  176181  p =     0  d =     0  f =     1  +  T =     0.03 sec
  [bmc-prof 733] wall=  28.930 p=     1 | ifo=  0.783(sd=0.211 nx=0.000 tfo=0.078 cnt=0.494) snap= 0.284 srm=  7.713 sat=  5.595(set=0.173 slv=5.421 max=5.4208 n=1) cex=R/T/F=0/0/1 trsplit=0 sim=14.008(rmp=0.400 run=13.607 n=1 d=0) incr=loc/full/maxdirty/keys=0/0/0/0 chk= 0.000(d=1) stat= 0.169 rest= 0.378
  [bmc-incr i=734 repr=1 active=1029/176181 POs=1]
BMC : c =    1027  cl =   4503  lit =  176180  p =     0  d =     0  f =     1  +  T =     0.03 sec
  [bmc-prof 734] wall=  31.126 p=     1 | ifo=  0.722(sd=0.181 nx=0.000 tfo=0.047 cnt=0.493) snap= 0.284 srm=  8.770 sat=  6.575(set=0.181 slv=6.391 max=6.3912 n=1) cex=R/T/F=0/0/1 trsplit=0 sim=14.272(rmp=0.443 run=13.828 n=1 d=0) incr=loc/full/maxdirty/keys=0/0/0/0 chk= 0.000(d=1) stat= 0.177 rest= 0.327
  [bmc-incr i=735 repr=1 active=1028/176180 POs=1]
BMC : c =    1026  cl =   4503  lit =  176179  p =     0  d =     0  f =     1  +  T =     0.03 sec
  [bmc-prof 735] wall=  29.377 p=     1 | ifo=  0.786(sd=0.219 nx=0.000 tfo=0.084 cnt=0.482) snap= 0.281 srm=  7.629 sat=  5.597(set=0.171 slv=5.424 max=5.4242 n=1) cex=R/T/F=0/0/1 trsplit=0 sim=14.604(rmp=0.407 run=14.196 n=1 d=0) incr=loc/full/maxdirty/keys=0/0/0/0 chk= 0.000(d=1) stat= 0.174 rest= 0.306
  [bmc-incr i=736 repr=1 active=1027/176179 POs=1]
BMC : c =    1025  cl =   4503  lit =  176178  p =     0  d =     0  f =     1  +  T =     0.03 sec
  [bmc-prof 736] wall=  29.844 p=     1 | ifo=  1.121(sd=0.176 nx=0.000 tfo=0.043 cnt=0.901) snap= 0.290 srm=  7.754 sat=  5.873(set=0.169 slv=5.701 max=5.7009 n=1) cex=R/T/F=0/0/1 trsplit=0 sim=14.352(rmp=0.403 run=13.949 n=1 d=0) incr=loc/full/maxdirty/keys=0/0/0/0 chk= 0.000(d=1) stat= 0.157 rest= 0.297
  [bmc-incr i=737 repr=1 active=1026/176178 POs=1]
BMC : c =    1024  cl =   4503  lit =  176177  p =     0  d =     0  f =     1  +  T =     0.03 sec
  [bmc-prof 737] wall=  28.854 p=     1 | ifo=  0.709(sd=0.181 nx=0.000 tfo=0.037 cnt=0.491) snap= 0.283 srm=  7.752 sat=  5.630(set=0.169 slv=5.459 max=5.4586 n=1) cex=R/T/F=0/0/1 trsplit=0 sim=14.040(rmp=0.401 run=13.639 n=1 d=0) incr=loc/full/maxdirty/keys=0/0/0/0 chk= 0.000(d=1) stat= 0.152 rest= 0.288
  [bmc-incr i=738 repr=1 active=1025/176177 POs=1]
BMC : c =    1023  cl =   4503  lit =  176176  p =     0  d =     0  f =     1  +  T =     0.03 sec
  [bmc-prof 738] wall=  29.037 p=     1 | ifo=  0.704(sd=0.188 nx=0.000 tfo=0.033 cnt=0.483) snap= 0.291 srm=  7.731 sat=  5.700(set=0.168 slv=5.531 max=5.5310 n=1) cex=R/T/F=0/0/1 trsplit=0 sim=14.168(rmp=0.400 run=13.767 n=1 d=0) incr=loc/full/maxdirty/keys=0/0/0/0 chk= 0.000(d=1) stat= 0.155 rest= 0.288
  [bmc-incr i=739 repr=1 active=1024/176176 POs=1]
BMC : c =    1022  cl =   4503  lit =  176175  p =     0  d =     0  f =     1  +  T =     0.03 sec
  [bmc-prof 739] wall=  33.001 p=     1 | ifo=  0.689(sd=0.180 nx=0.000 tfo=0.030 cnt=0.479) snap= 0.282 srm=  8.195 sat=  5.723(set=0.174 slv=5.547 max=5.5474 n=1) cex=R/T/F=0/0/1 trsplit=0 sim=17.177(rmp=0.435 run=16.740 n=1 d=0) incr=loc/full/maxdirty/keys=0/0/0/0 chk= 0.000(d=1) stat= 0.374 rest= 0.561
  [bmc-incr i=740 repr=1 active=1023/176175 POs=1]
BMC : c =    1021  cl =   4503  lit =  176174  p =     0  d =     0  f =     1  +  T =     0.03 sec
  [bmc-prof 740] wall=  29.281 p=     1 | ifo=  0.863(sd=0.290 nx=0.000 tfo=0.050 cnt=0.522) snap= 0.327 srm=  8.476 sat=  5.639(set=0.206 slv=5.431 max=5.4312 n=1) cex=R/T/F=0/0/1 trsplit=0 sim=13.306(rmp=0.496 run=12.810 n=1 d=0) incr=loc/full/maxdirty/keys=0/0/0/0 chk= 0.000(d=1) stat= 0.344 rest= 0.326
  [bmc-incr i=741 repr=1 active=1022/176174 POs=1]
BMC : c =    1020  cl =   4503  lit =  176173  p =     0  d =     0  f =     1  +  T =     0.04 sec
  [bmc-prof 741] wall=  36.858 p=     1 | ifo=  0.843(sd=0.258 nx=0.000 tfo=0.065 cnt=0.520) snap= 0.322 srm=  7.898 sat=  5.649(set=0.204 slv=5.444 max=5.4436 n=1) cex=R/T/F=0/0/1 trsplit=0 sim=21.645(rmp=0.494 run=21.150 n=1 d=0) incr=loc/full/maxdirty/keys=0/0/0/0 chk= 0.000(d=1) stat= 0.161 rest= 0.341
  [bmc-incr i=742 repr=1 active=1021/176173 POs=1]
BMC : c =    1019  cl =   4503  lit =  176172  p =     0  d =     0  f =     1  +  T =     0.03 sec
  [bmc-prof 742] wall=  30.185 p=     1 | ifo=  0.718(sd=0.179 nx=0.000 tfo=0.047 cnt=0.491) snap= 0.284 srm=  7.789 sat=  5.815(set=0.178 slv=5.635 max=5.6350 n=1) cex=R/T/F=0/0/1 trsplit=0 sim=15.113(rmp=0.395 run=14.718 n=1 d=0) incr=loc/full/maxdirty/keys=0/0/0/0 chk= 0.000(d=1) stat= 0.173 rest= 0.293
  [bmc-incr i=743 repr=1 active=1020/176172 POs=1]
BMC : c =    1018  cl =   4503  lit =  176171  p =     0  d =     0  f =     1  +  T =     0.03 sec
  [bmc-prof 743] wall=  30.052 p=     1 | ifo=  0.809(sd=0.222 nx=0.000 tfo=0.044 cnt=0.544) snap= 0.323 srm=  8.609 sat=  6.168(set=0.217 slv=5.950 max=5.9498 n=1) cex=R/T/F=0/0/1 trsplit=0 sim=13.630(rmp=0.500 run=13.130 n=1 d=0) incr=loc/full/maxdirty/keys=0/0/0/0 chk= 0.000(d=1) stat= 0.174 rest= 0.339
  [bmc-incr i=744 repr=1 active=1019/176171 POs=1]
BMC : c =    1017  cl =   4503  lit =  176170  p =     0  d =     0  f =     1  +  T =     0.03 sec
  [bmc-prof 744] wall=  30.249 p=     1 | ifo=  0.795(sd=0.221 nx=0.000 tfo=0.047 cnt=0.526) snap= 0.317 srm=  7.900 sat=  5.998(set=0.173 slv=5.824 max=5.8236 n=1) cex=R/T/F=0/0/1 trsplit=0 sim=14.761(rmp=0.481 run=14.279 n=1 d=0) incr=loc/full/maxdirty/keys=0/0/0/0 chk= 0.000(d=1) stat= 0.163 rest= 0.315
  [bmc-incr i=745 repr=1 active=1018/176170 POs=1]
BMC : c =    1016  cl =   4503  lit =  176169  p =     0  d =     0  f =     1  +  T =     0.03 sec
  [bmc-prof 745] wall=  29.422 p=     1 | ifo=  0.719(sd=0.189 nx=0.000 tfo=0.047 cnt=0.482) snap= 0.303 srm=  8.084 sat=  6.133(set=0.186 slv=5.945 max=5.9448 n=1) cex=R/T/F=0/0/1 trsplit=0 sim=13.667(rmp=0.522 run=13.145 n=1 d=0) incr=loc/full/maxdirty/keys=0/0/0/0 chk= 0.000(d=1) stat= 0.176 rest= 0.339
  [bmc-incr i=746 repr=1 active=1017/176169 POs=1]
BMC : c =    1015  cl =   4503  lit =  176168  p =     0  d =     0  f =     1  +  T =     0.03 sec
  [bmc-prof 746] wall=  28.665 p=     1 | ifo=  0.798(sd=0.220 nx=0.000 tfo=0.051 cnt=0.527) snap= 0.318 srm=  7.917 sat=  5.647(set=0.196 slv=5.449 max=5.4494 n=1) cex=R/T/F=0/0/1 trsplit=0 sim=13.473(rmp=0.494 run=12.979 n=1 d=0) incr=loc/full/maxdirty/keys=0/0/0/0 chk= 0.000(d=1) stat= 0.169 rest= 0.343
  [bmc-incr i=747 repr=1 active=1016/176168 POs=1]
BMC : c =    1014  cl =   4503  lit =  176167  p =     0  d =     0  f =     1  +  T =     0.03 sec
  [bmc-prof 747] wall=  28.465 p=     1 | ifo=  0.761(sd=0.216 nx=0.000 tfo=0.034 cnt=0.512) snap= 0.315 srm=  7.858 sat=  5.669(set=0.192 slv=5.475 max=5.4752 n=1) cex=R/T/F=0/0/1 trsplit=0 sim=13.371(rmp=0.475 run=12.896 n=1 d=0) incr=loc/full/maxdirty/keys=0/0/0/0 chk= 0.000(d=1) stat= 0.168 rest= 0.321
  [bmc-incr i=748 repr=1 active=1015/176167 POs=1]
BMC : c =    1013  cl =   4503  lit =  176166  p =     0  d =     0  f =     1  +  T =     0.03 sec
  [bmc-prof 748] wall=  29.196 p=     1 | ifo=  0.753(sd=0.203 nx=0.000 tfo=0.034 cnt=0.516) snap= 0.321 srm=  7.903 sat=  5.649(set=0.197 slv=5.450 max=5.4500 n=1) cex=R/T/F=0/0/1 trsplit=0 sim=14.081(rmp=0.492 run=13.588 n=1 d=0) incr=loc/full/maxdirty/keys=0/0/0/0 chk= 0.000(d=1) stat= 0.165 rest= 0.324
  [bmc-incr i=749 repr=1 active=1014/176166 POs=1]
BMC : c =    1012  cl =   4503  lit =  176165  p =     0  d =     0  f =     1  +  T =     0.03 sec
  [bmc-prof 749] wall=  31.881 p=     1 | ifo=  0.707(sd=0.180 nx=0.000 tfo=0.044 cnt=0.483) snap= 0.285 srm= 10.296 sat=  5.676(set=0.189 slv=5.485 max=5.4851 n=1) cex=R/T/F=0/0/1 trsplit=0 sim=14.454(rmp=0.414 run=14.038 n=1 d=0) incr=loc/full/maxdirty/keys=0/0/0/0 chk= 0.000(d=1) stat= 0.158 rest= 0.304
  [bmc-incr i=750 repr=1 active=1013/176165 POs=1]
BMC : c =    1011  cl =   4503  lit =  176164  p =     0  d =     0  f =     1  +  T =     0.03 sec
  [bmc-prof 750] wall=  29.672 p=     1 | ifo=  0.709(sd=0.179 nx=0.000 tfo=0.045 cnt=0.484) snap= 0.293 srm=  7.991 sat=  5.940(set=0.189 slv=5.749 max=5.7490 n=1) cex=R/T/F=0/0/1 trsplit=0 sim=14.218(rmp=0.407 run=13.810 n=1 d=0) incr=loc/full/maxdirty/keys=0/0/0/0 chk= 0.000(d=1) stat= 0.164 rest= 0.357
  [bmc-incr i=751 repr=1 active=1012/176164 POs=1]
BMC : c =    1010  cl =   4503  lit =  176163  p =     0  d =     0  f =     1  +  T =     0.03 sec
  [bmc-prof 751] wall=  29.251 p=     1 | ifo=  0.715(sd=0.181 nx=0.000 tfo=0.050 cnt=0.484) snap= 0.286 srm=  8.014 sat=  5.660(set=0.191 slv=5.467 max=5.4669 n=1) cex=R/T/F=0/0/1 trsplit=0 sim=14.131(rmp=0.438 run=13.692 n=1 d=0) incr=loc/full/maxdirty/keys=0/0/0/0 chk= 0.000(d=1) stat= 0.155 rest= 0.290
  [bmc-incr i=752 repr=1 active=1011/176163 POs=1]
BMC : c =    1009  cl =   4503  lit =  176162  p =     0  d =     0  f =     1  +  T =     0.03 sec
  [bmc-prof 752] wall=  28.927 p=     1 | ifo=  0.719(sd=0.180 nx=0.000 tfo=0.048 cnt=0.491) snap= 0.283 srm=  7.597 sat=  5.658(set=0.171 slv=5.485 max=5.4850 n=1) cex=R/T/F=0/0/1 trsplit=0 sim=14.140(rmp=0.410 run=13.730 n=1 d=0) incr=loc/full/maxdirty/keys=0/0/0/0 chk= 0.000(d=1) stat= 0.237 rest= 0.293
  [bmc-incr i=753 repr=1 active=1010/176162 POs=1]
BMC : c =    1008  cl =   4503  lit =  176161  p =     0  d =     0  f =     1  +  T =     0.03 sec
  [bmc-prof 753] wall=  29.144 p=     1 | ifo=  0.771(sd=0.206 nx=0.000 tfo=0.066 cnt=0.499) snap= 0.283 srm=  7.664 sat=  5.641(set=0.171 slv=5.468 max=5.4679 n=1) cex=R/T/F=0/0/1 trsplit=0 sim=14.339(rmp=0.504 run=13.835 n=1 d=0) incr=loc/full/maxdirty/keys=0/0/0/0 chk= 0.000(d=1) stat= 0.157 rest= 0.289
  [bmc-incr i=754 repr=1 active=1009/176161 POs=1]
BMC : c =    1007  cl =   4503  lit =  176160  p =     0  d =     0  f =     1  +  T =     0.03 sec
  [bmc-prof 754] wall=  29.997 p=     1 | ifo=  0.688(sd=0.173 nx=0.000 tfo=0.036 cnt=0.478) snap= 0.313 srm=  7.906 sat=  5.746(set=0.196 slv=5.548 max=5.5484 n=1) cex=R/T/F=0/0/1 trsplit=0 sim=14.876(rmp=0.455 run=14.421 n=1 d=0) incr=loc/full/maxdirty/keys=0/0/0/0 chk= 0.000(d=1) stat= 0.156 rest= 0.312
  [bmc-incr i=755 repr=1 active=1008/176160 POs=1]
BMC : c =    1006  cl =   4503  lit =  176159  p =     0  d =     0  f =     1  +  T =     0.03 sec
  [bmc-prof 755] wall=  28.823 p=     1 | ifo=  0.709(sd=0.180 nx=0.000 tfo=0.048 cnt=0.482) snap= 0.290 srm=  7.822 sat=  5.656(set=0.177 slv=5.477 max=5.4765 n=1) cex=R/T/F=0/0/1 trsplit=0 sim=13.893(rmp=0.419 run=13.473 n=1 d=0) incr=loc/full/maxdirty/keys=0/0/0/0 chk= 0.000(d=1) stat= 0.155 rest= 0.298
  [bmc-incr i=756 repr=1 active=1007/176159 POs=1]
BMC : c =    1005  cl =   4503  lit =  176158  p =     0  d =     0  f =     1  +  T =     0.03 sec
  [bmc-prof 756] wall=  28.834 p=     1 | ifo=  0.698(sd=0.175 nx=0.000 tfo=0.043 cnt=0.480) snap= 0.295 srm=  7.696 sat=  5.662(set=0.171 slv=5.490 max=5.4898 n=1) cex=R/T/F=0/0/1 trsplit=0 sim=13.979(rmp=0.403 run=13.576 n=1 d=0) incr=loc/full/maxdirty/keys=0/0/0/0 chk= 0.000(d=1) stat= 0.154 rest= 0.351
  [bmc-incr i=757 repr=1 active=1006/176158 POs=1]
BMC : c =    1004  cl =   4503  lit =  176157  p =     0  d =     0  f =     1  +  T =     0.03 sec
  [bmc-prof 757] wall=  29.196 p=     1 | ifo=  0.702(sd=0.177 nx=0.000 tfo=0.036 cnt=0.489) snap= 0.286 srm=  7.740 sat=  5.669(set=0.170 slv=5.497 max=5.4966 n=1) cex=R/T/F=0/0/1 trsplit=0 sim=14.344(rmp=0.419 run=13.925 n=1 d=0) incr=loc/full/maxdirty/keys=0/0/0/0 chk= 0.000(d=1) stat= 0.158 rest= 0.298
  [bmc-incr i=758 repr=1 active=1005/176157 POs=1]
BMC : c =    1003  cl =   4503  lit =  176156  p =     0  d =     0  f =     1  +  T =     0.03 sec
  [bmc-prof 758] wall=  30.780 p=     1 | ifo=  0.786(sd=0.259 nx=0.000 tfo=0.041 cnt=0.485) snap= 0.284 srm=  7.776 sat=  7.128(set=0.174 slv=6.952 max=6.9517 n=1) cex=R/T/F=0/0/1 trsplit=0 sim=14.268(rmp=0.430 run=13.837 n=1 d=0) incr=loc/full/maxdirty/keys=0/0/0/0 chk= 0.000(d=1) stat= 0.226 rest= 0.312
  [bmc-incr i=759 repr=1 active=1004/176156 POs=1]
BMC : c =    1002  cl =   4503  lit =  176155  p =     0  d =     0  f =     1  +  T =     0.03 sec
  [bmc-prof 759] wall=  29.062 p=     1 | ifo=  0.726(sd=0.193 nx=0.000 tfo=0.049 cnt=0.484) snap= 0.284 srm=  7.637 sat=  5.859(set=0.181 slv=5.676 max=5.6757 n=1) cex=R/T/F=0/0/1 trsplit=0 sim=14.092(rmp=0.404 run=13.688 n=1 d=0) incr=loc/full/maxdirty/keys=0/0/0/0 chk= 0.000(d=1) stat= 0.165 rest= 0.300
  [bmc-incr i=760 repr=1 active=1003/176155 POs=1]
BMC : c =    1001  cl =   4503  lit =  176154  p =     0  d =     0  f =     1  +  T =     0.03 sec
  [bmc-prof 760] wall=  29.345 p=     1 | ifo=  0.836(sd=0.285 nx=0.000 tfo=0.068 cnt=0.483) snap= 0.300 srm=  7.705 sat=  5.925(set=0.170 slv=5.754 max=5.7536 n=1) cex=R/T/F=0/0/1 trsplit=0 sim=14.074(rmp=0.400 run=13.674 n=1 d=0) incr=loc/full/maxdirty/keys=0/0/0/0 chk= 0.000(d=1) stat= 0.154 rest= 0.350
  [bmc-incr i=761 repr=1 active=1002/176154 POs=1]
BMC : c =    1000  cl =   4503  lit =  176153  p =     0  d =     0  f =     1  +  T =     0.03 sec
  [bmc-prof 761] wall=  31.362 p=     1 | ifo=  0.701(sd=0.175 nx=0.000 tfo=0.047 cnt=0.479) snap= 0.289 srm=  7.646 sat=  5.646(set=0.170 slv=5.475 max=5.4751 n=1) cex=R/T/F=0/0/1 trsplit=0 sim=16.477(rmp=0.404 run=16.072 n=1 d=0) incr=loc/full/maxdirty/keys=0/0/0/0 chk= 0.000(d=1) stat= 0.240 rest= 0.362
  [bmc-incr i=762 repr=1 active=1001/176153 POs=1]
BMC : c =     999  cl =   4503  lit =  176152  p =     0  d =     0  f =     1  +  T =     0.03 sec
  [bmc-prof 762] wall=  32.142 p=     1 | ifo=  0.765(sd=0.184 nx=0.000 tfo=0.050 cnt=0.531) snap= 0.315 srm= 10.302 sat=  5.926(set=0.193 slv=5.730 max=5.7297 n=1) cex=R/T/F=0/0/1 trsplit=0 sim=14.376(rmp=0.435 run=13.940 n=1 d=0) incr=loc/full/maxdirty/keys=0/0/0/0 chk= 0.000(d=1) stat= 0.157 rest= 0.302
  [bmc-incr i=763 repr=1 active=1000/176152 POs=1]
BMC : c =     998  cl =   4503  lit =  176151  p =     0  d =     0  f =     1  +  T =     0.03 sec
  [bmc-prof 763] wall=  28.723 p=     1 | ifo=  0.707(sd=0.178 nx=0.000 tfo=0.048 cnt=0.482) snap= 0.288 srm=  7.595 sat=  5.681(set=0.174 slv=5.506 max=5.5055 n=1) cex=R/T/F=0/0/1 trsplit=0 sim=14.000(rmp=0.397 run=13.602 n=1 d=0) incr=loc/full/maxdirty/keys=0/0/0/0 chk= 0.000(d=1) stat= 0.156 rest= 0.296
  [bmc-incr i=764 repr=1 active=999/176151 POs=1]
BMC : c =     997  cl =   4503  lit =  176150  p =     0  d =     0  f =     1  +  T =     0.03 sec
  [bmc-prof 764] wall=  30.476 p=     1 | ifo=  0.687(sd=0.173 nx=0.000 tfo=0.034 cnt=0.481) snap= 0.280 srm=  7.645 sat=  5.717(set=0.170 slv=5.546 max=5.5459 n=1) cex=R/T/F=0/0/1 trsplit=0 sim=15.699(rmp=0.398 run=15.301 n=1 d=0) incr=loc/full/maxdirty/keys=0/0/0/0 chk= 0.000(d=1) stat= 0.156 rest= 0.290
  [bmc-incr i=765 repr=1 active=998/176150 POs=1]
BMC : c =     996  cl =   4503  lit =  176149  p =     0  d =     0  f =     1  +  T =     0.03 sec
  [bmc-prof 765] wall=  28.992 p=     1 | ifo=  0.731(sd=0.178 nx=0.000 tfo=0.042 cnt=0.511) snap= 0.295 srm=  7.754 sat=  5.701(set=0.171 slv=5.528 max=5.5284 n=1) cex=R/T/F=0/0/1 trsplit=0 sim=14.029(rmp=0.393 run=13.634 n=1 d=0) incr=loc/full/maxdirty/keys=0/0/0/0 chk= 0.000(d=1) stat= 0.165 rest= 0.318
  [bmc-incr i=766 repr=1 active=997/176149 POs=1]
BMC : c =     995  cl =   4503  lit =  176148  p =     0  d =     0  f =     1  +  T =     0.03 sec
  [bmc-prof 766] wall=  29.422 p=     1 | ifo=  0.724(sd=0.187 nx=0.000 tfo=0.043 cnt=0.494) snap= 0.289 srm=  7.871 sat=  5.713(set=0.205 slv=5.507 max=5.5066 n=1) cex=R/T/F=0/0/1 trsplit=0 sim=14.289(rmp=0.421 run=13.867 n=1 d=0) incr=loc/full/maxdirty/keys=0/0/0/0 chk= 0.000(d=1) stat= 0.244 rest= 0.292
  [bmc-incr i=767 repr=1 active=996/176148 POs=1]
BMC : c =     994  cl =   4503  lit =  176147  p =     0  d =     0  f =     1  +  T =     0.03 sec
  [bmc-prof 767] wall=  30.885 p=     1 | ifo=  0.784(sd=0.180 nx=0.000 tfo=0.046 cnt=0.559) snap= 0.281 srm=  7.678 sat=  5.688(set=0.185 slv=5.501 max=5.5006 n=1) cex=R/T/F=0/0/1 trsplit=0 sim=15.858(rmp=0.398 run=15.458 n=1 d=0) incr=loc/full/maxdirty/keys=0/0/0/0 chk= 0.000(d=1) stat= 0.187 rest= 0.408
  [bmc-incr i=768 repr=1 active=995/176147 POs=1]
BMC : c =     993  cl =   4503  lit =  176146  p =     0  d =     0  f =     1  +  T =     0.03 sec
  [bmc-prof 768] wall=  29.657 p=     1 | ifo=  0.741(sd=0.187 nx=0.000 tfo=0.050 cnt=0.505) snap= 0.312 srm=  8.213 sat=  5.789(set=0.206 slv=5.582 max=5.5816 n=1) cex=R/T/F=0/0/1 trsplit=0 sim=14.148(rmp=0.428 run=13.719 n=1 d=0) incr=loc/full/maxdirty/keys=0/0/0/0 chk= 0.000(d=1) stat= 0.156 rest= 0.297
  [bmc-incr i=769 repr=1 active=994/176146 POs=1]
BMC : c =     992  cl =   4503  lit =  176145  p =     0  d =     0  f =     1  +  T =     0.03 sec
  [bmc-prof 769] wall=  28.953 p=     1 | ifo=  0.795(sd=0.229 nx=0.000 tfo=0.080 cnt=0.486) snap= 0.281 srm=  7.671 sat=  5.689(set=0.170 slv=5.517 max=5.5171 n=1) cex=R/T/F=0/0/1 trsplit=0 sim=14.073(rmp=0.400 run=13.673 n=1 d=0) incr=loc/full/maxdirty/keys=0/0/0/0 chk= 0.000(d=1) stat= 0.155 rest= 0.289
  [bmc-incr i=770 repr=1 active=993/176145 POs=1]
BMC : c =     991  cl =   4503  lit =  176144  p =     0  d =     0  f =     1  +  T =     0.03 sec
  [bmc-prof 770] wall=  33.144 p=     1 | ifo=  0.757(sd=0.174 nx=0.000 tfo=0.034 cnt=0.549) snap= 0.297 srm= 11.643 sat=  5.697(set=0.172 slv=5.523 max=5.5234 n=1) cex=R/T/F=0/0/1 trsplit=0 sim=14.255(rmp=0.410 run=13.844 n=1 d=0) incr=loc/full/maxdirty/keys=0/0/0/0 chk= 0.000(d=1) stat= 0.204 rest= 0.290
  [bmc-incr i=771 repr=1 active=992/176144 POs=1]
BMC : c =     990  cl =   4503  lit =  176143  p =     0  d =     0  f =     1  +  T =     0.03 sec
  [bmc-prof 771] wall=  30.874 p=     1 | ifo=  0.689(sd=0.175 nx=0.000 tfo=0.036 cnt=0.477) snap= 0.290 srm=  7.602 sat=  5.683(set=0.171 slv=5.511 max=5.5108 n=1) cex=R/T/F=0/0/1 trsplit=0 sim=15.938(rmp=0.416 run=15.519 n=1 d=0) incr=loc/full/maxdirty/keys=0/0/0/0 chk= 0.000(d=1) stat= 0.156 rest= 0.516
  [bmc-incr i=772 repr=1 active=991/176143 POs=1]
BMC : c =     989  cl =   4503  lit =  176142  p =     0  d =     0  f =     1  +  T =     0.03 sec
  [bmc-prof 772] wall=  34.292 p=     1 | ifo=  0.695(sd=0.179 nx=0.000 tfo=0.034 cnt=0.481) snap= 0.279 srm=  7.606 sat=  8.885(set=0.171 slv=8.712 max=8.7120 n=1) cex=R/T/F=0/0/1 trsplit=0 sim=16.329(rmp=0.952 run=15.377 n=1 d=0) incr=loc/full/maxdirty/keys=0/0/0/0 chk= 0.000(d=1) stat= 0.174 rest= 0.324
  [bmc-incr i=773 repr=1 active=990/176142 POs=1]
BMC : c =     988  cl =   4503  lit =  176141  p =     0  d =     0  f =     1  +  T =     0.03 sec
  [bmc-prof 773] wall=  29.557 p=     1 | ifo=  0.847(sd=0.195 nx=0.000 tfo=0.045 cnt=0.607) snap= 0.294 srm=  7.988 sat=  5.827(set=0.171 slv=5.655 max=5.6546 n=1) cex=R/T/F=0/0/1 trsplit=0 sim=14.150(rmp=0.394 run=13.756 n=1 d=0) incr=loc/full/maxdirty/keys=0/0/0/0 chk= 0.000(d=1) stat= 0.161 rest= 0.289
  [bmc-incr i=774 repr=1 active=989/176141 POs=1]
BMC : c =     987  cl =   4503  lit =  176140  p =     0  d =     0  f =     1  +  T =     0.03 sec
  [bmc-prof 774] wall=  29.868 p=     1 | ifo=  0.686(sd=0.175 nx=0.000 tfo=0.032 cnt=0.479) snap= 0.280 srm=  7.866 sat=  5.746(set=0.179 slv=5.566 max=5.5656 n=1) cex=R/T/F=0/0/1 trsplit=0 sim=14.822(rmp=0.394 run=14.427 n=1 d=0) incr=loc/full/maxdirty/keys=0/0/0/0 chk= 0.000(d=1) stat= 0.163 rest= 0.304
  [bmc-incr i=775 repr=1 active=988/176140 POs=1]
BMC : c =     986  cl =   4503  lit =  176139  p =     0  d =     0  f =     1  +  T =     0.03 sec
  [bmc-prof 775] wall=  32.885 p=     1 | ifo=  0.703(sd=0.176 nx=0.000 tfo=0.036 cnt=0.491) snap= 0.284 srm= 10.906 sat=  6.206(set=0.186 slv=6.018 max=6.0185 n=1) cex=R/T/F=0/0/1 trsplit=0 sim=14.333(rmp=0.429 run=13.903 n=1 d=0) incr=loc/full/maxdirty/keys=0/0/0/0 chk= 0.000(d=1) stat= 0.156 rest= 0.296
  [bmc-incr i=776 repr=1 active=987/176139 POs=1]
BMC : c =     985  cl =   4503  lit =  176138  p =     0  d =     0  f =     1  +  T =     0.03 sec
  [bmc-prof 776] wall=  28.725 p=     1 | ifo=  0.721(sd=0.179 nx=0.000 tfo=0.046 cnt=0.496) snap= 0.283 srm=  7.640 sat=  5.702(set=0.175 slv=5.524 max=5.5242 n=1) cex=R/T/F=0/0/1 trsplit=0 sim=13.933(rmp=0.398 run=13.534 n=1 d=0) incr=loc/full/maxdirty/keys=0/0/0/0 chk= 0.000(d=1) stat= 0.156 rest= 0.291
  [bmc-incr i=777 repr=1 active=986/176138 POs=1]
BMC : c =     984  cl =   4503  lit =  176137  p =     0  d =     0  f =     1  +  T =     0.03 sec
  [bmc-prof 777] wall=  28.717 p=     1 | ifo=  0.709(sd=0.177 nx=0.000 tfo=0.040 cnt=0.491) snap= 0.282 srm=  7.606 sat=  5.726(set=0.171 slv=5.554 max=5.5535 n=1) cex=R/T/F=0/0/1 trsplit=0 sim=13.923(rmp=0.412 run=13.511 n=1 d=0) incr=loc/full/maxdirty/keys=0/0/0/0 chk= 0.000(d=1) stat= 0.176 rest= 0.295
  [bmc-incr i=778 repr=1 active=985/176137 POs=1]
BMC : c =     983  cl =   4503  lit =  176136  p =     0  d =     0  f =     1  +  T =     0.03 sec
  [bmc-prof 778] wall=  30.654 p=     1 | ifo=  0.722(sd=0.193 nx=0.000 tfo=0.046 cnt=0.484) snap= 0.285 srm=  9.039 sat=  5.787(set=0.186 slv=5.599 max=5.5991 n=1) cex=R/T/F=0/0/1 trsplit=0 sim=14.354(rmp=0.429 run=13.925 n=1 d=0) incr=loc/full/maxdirty/keys=0/0/0/0 chk= 0.000(d=1) stat= 0.163 rest= 0.304
  [bmc-incr i=779 repr=1 active=984/176136 POs=1]
BMC : c =     982  cl =   4503  lit =  176135  p =     0  d =     0  f =     1  +  T =     0.03 sec
  [bmc-prof 779] wall=  29.904 p=     1 | ifo=  0.711(sd=0.184 nx=0.000 tfo=0.045 cnt=0.482) snap= 0.287 srm=  7.700 sat=  6.051(set=0.179 slv=5.716 max=5.7162 n=1) cex=R/T/F=0/0/1 trsplit=0 sim=14.532(rmp=0.425 run=14.106 n=1 d=0) incr=loc/full/maxdirty/keys=0/0/0/0 chk= 0.000(d=1) stat= 0.159 rest= 0.463
  [bmc-incr i=780 repr=1 active=983/176135 POs=1]
BMC : c =     981  cl =   4503  lit =  176134  p =     0  d =     0  f =     1  +  T =     0.03 sec
  [bmc-prof 780] wall=  28.804 p=     1 | ifo=  0.726(sd=0.187 nx=0.000 tfo=0.046 cnt=0.493) snap= 0.282 srm=  7.720 sat=  5.716(set=0.178 slv=5.536 max=5.5364 n=1) cex=R/T/F=0/0/1 trsplit=0 sim=13.914(rmp=0.396 run=13.517 n=1 d=0) incr=loc/full/maxdirty/keys=0/0/0/0 chk= 0.000(d=1) stat= 0.157 rest= 0.289
  [bmc-incr i=781 repr=1 active=982/176134 POs=1]
BMC : c =     980  cl =   4503  lit =  176133  p =     0  d =     0  f =     1  +  T =     0.03 sec
  [bmc-prof 781] wall=  28.824 p=     1 | ifo=  0.699(sd=0.177 nx=0.000 tfo=0.039 cnt=0.483) snap= 0.280 srm=  7.723 sat=  5.711(set=0.169 slv=5.541 max=5.5408 n=1) cex=R/T/F=0/0/1 trsplit=0 sim=13.969(rmp=0.401 run=13.567 n=1 d=0) incr=loc/full/maxdirty/keys=0/0/0/0 chk= 0.000(d=1) stat= 0.153 rest= 0.289
  [bmc-incr i=782 repr=1 active=981/176133 POs=1]
BMC : c =     979  cl =   4503  lit =  176132  p =     0  d =     0  f =     1  +  T =     0.03 sec
  [bmc-prof 782] wall=  30.178 p=     1 | ifo=  0.702(sd=0.175 nx=0.000 tfo=0.037 cnt=0.490) snap= 0.293 srm=  7.662 sat=  5.710(set=0.172 slv=5.537 max=5.5368 n=1) cex=R/T/F=0/0/1 trsplit=0 sim=15.158(rmp=0.403 run=14.754 n=1 d=0) incr=loc/full/maxdirty/keys=0/0/0/0 chk= 0.000(d=1) stat= 0.167 rest= 0.486
  [bmc-incr i=783 repr=1 active=980/176132 POs=1]
BMC : c =     978  cl =   4503  lit =  176131  p =     0  d =     0  f =     1  +  T =     0.03 sec
  [bmc-prof 783] wall=  30.473 p=     1 | ifo=  0.701(sd=0.180 nx=0.000 tfo=0.040 cnt=0.481) snap= 0.285 srm=  7.782 sat=  5.729(set=0.182 slv=5.546 max=5.5456 n=1) cex=R/T/F=0/0/1 trsplit=0 sim=15.525(rmp=0.411 run=15.113 n=1 d=0) incr=loc/full/maxdirty/keys=0/0/0/0 chk= 0.000(d=1) stat= 0.157 rest= 0.294
  [bmc-incr i=784 repr=1 active=979/176131 POs=1]
BMC : c =     977  cl =   4503  lit =  176130  p =     0  d =     0  f =     1  +  T =     0.03 sec
  [bmc-prof 784] wall=  30.197 p=     1 | ifo=  0.698(sd=0.177 nx=0.000 tfo=0.041 cnt=0.480) snap= 0.286 srm=  8.237 sat=  5.834(set=0.189 slv=5.643 max=5.6429 n=1) cex=R/T/F=0/0/1 trsplit=0 sim=14.178(rmp=0.436 run=13.741 n=1 d=0) incr=loc/full/maxdirty/keys=0/0/0/0 chk= 0.000(d=1) stat= 0.660 rest= 0.304
  [bmc-incr i=785 repr=1 active=978/176130 POs=1]
BMC : c =     976  cl =   4503  lit =  176129  p =     0  d =     0  f =     1  +  T =     0.03 sec
  [bmc-prof 785] wall=  29.773 p=     1 | ifo=  0.723(sd=0.193 nx=0.000 tfo=0.045 cnt=0.485) snap= 0.288 srm=  8.386 sat=  5.733(set=0.181 slv=5.550 max=5.5496 n=1) cex=R/T/F=0/0/1 trsplit=0 sim=14.175(rmp=0.409 run=13.765 n=1 d=0) incr=loc/full/maxdirty/keys=0/0/0/0 chk= 0.000(d=1) stat= 0.170 rest= 0.298
  [bmc-incr i=786 repr=1 active=977/176129 POs=1]
BMC : c =     975  cl =   4503  lit =  176128  p =     0  d =     0  f =     1  +  T =     0.03 sec
  [bmc-prof 786] wall=  29.025 p=     1 | ifo=  0.710(sd=0.178 nx=0.000 tfo=0.050 cnt=0.482) snap= 0.283 srm=  7.753 sat=  5.723(set=0.175 slv=5.546 max=5.5460 n=1) cex=R/T/F=0/0/1 trsplit=0 sim=14.111(rmp=0.420 run=13.691 n=1 d=0) incr=loc/full/maxdirty/keys=0/0/0/0 chk= 0.000(d=1) stat= 0.155 rest= 0.290
  [bmc-incr i=787 repr=1 active=976/176128 POs=1]
BMC : c =     974  cl =   4503  lit =  176127  p =     0  d =     0  f =     1  +  T =     0.03 sec
  [bmc-prof 787] wall=  29.492 p=     1 | ifo=  0.713(sd=0.180 nx=0.000 tfo=0.045 cnt=0.488) snap= 0.280 srm=  7.740 sat=  6.108(set=0.170 slv=5.937 max=5.9372 n=1) cex=R/T/F=0/0/1 trsplit=0 sim=14.203(rmp=0.425 run=13.777 n=1 d=0) incr=loc/full/maxdirty/keys=0/0/0/0 chk= 0.000(d=1) stat= 0.155 rest= 0.292
  [bmc-incr i=788 repr=1 active=975/176127 POs=1]
BMC : c =     973  cl =   4503  lit =  176126  p =     0  d =     0  f =     1  +  T =     0.03 sec
  [bmc-prof 788] wall=  29.018 p=     1 | ifo=  0.698(sd=0.175 nx=0.000 tfo=0.036 cnt=0.488) snap= 0.286 srm=  7.805 sat=  5.828(set=0.171 slv=5.655 max=5.6546 n=1) cex=R/T/F=0/0/1 trsplit=0 sim=13.907(rmp=0.401 run=13.506 n=1 d=0) incr=loc/full/maxdirty/keys=0/0/0/0 chk= 0.000(d=1) stat= 0.154 rest= 0.341
  [bmc-incr i=789 repr=1 active=974/176126 POs=1]
BMC : c =     972  cl =   4503  lit =  176125  p =     0  d =     0  f =     1  +  T =     0.03 sec
  [bmc-prof 789] wall=  28.783 p=     1 | ifo=  0.687(sd=0.175 nx=0.000 tfo=0.033 cnt=0.479) snap= 0.283 srm=  7.638 sat=  5.728(set=0.181 slv=5.547 max=5.5466 n=1) cex=R/T/F=0/0/1 trsplit=0 sim=14.006(rmp=0.402 run=13.603 n=1 d=0) incr=loc/full/maxdirty/keys=0/0/0/0 chk= 0.000(d=1) stat= 0.153 rest= 0.288
  [bmc-incr i=790 repr=1 active=973/176125 POs=1]
BMC : c =     971  cl =   4503  lit =  176124  p =     0  d =     0  f =     1  +  T =     0.03 sec
  [bmc-prof 790] wall=  29.339 p=     1 | ifo=  0.695(sd=0.173 nx=0.000 tfo=0.041 cnt=0.480) snap= 0.282 srm=  7.729 sat=  5.790(set=0.173 slv=5.616 max=5.6160 n=1) cex=R/T/F=0/0/1 trsplit=0 sim=14.397(rmp=0.416 run=13.980 n=1 d=0) incr=loc/full/maxdirty/keys=0/0/0/0 chk= 0.000(d=1) stat= 0.156 rest= 0.290
  [bmc-incr i=791 repr=1 active=972/176124 POs=1]
BMC : c =     970  cl =   4503  lit =  176123  p =     0  d =     0  f =     1  +  T =     0.03 sec
  [bmc-prof 791] wall=  29.022 p=     1 | ifo=  0.702(sd=0.175 nx=0.000 tfo=0.037 cnt=0.490) snap= 0.293 srm=  7.715 sat=  5.735(set=0.173 slv=5.561 max=5.5613 n=1) cex=R/T/F=0/0/1 trsplit=0 sim=14.118(rmp=0.403 run=13.714 n=1 d=0) incr=loc/full/maxdirty/keys=0/0/0/0 chk= 0.000(d=1) stat= 0.160 rest= 0.299
  [bmc-incr i=792 repr=1 active=971/176123 POs=1]
BMC : c =     969  cl =   4503  lit =  176122  p =     0  d =     0  f =     1  +  T =     0.03 sec
  [bmc-prof 792] wall=  32.827 p=     1 | ifo=  0.696(sd=0.177 nx=0.000 tfo=0.039 cnt=0.480) snap= 0.285 srm=  7.995 sat=  5.748(set=0.185 slv=5.560 max=5.5605 n=1) cex=R/T/F=0/0/1 trsplit=0 sim=17.647(rmp=0.417 run=17.229 n=1 d=0) incr=loc/full/maxdirty/keys=0/0/0/0 chk= 0.000(d=1) stat= 0.158 rest= 0.298
  [bmc-incr i=793 repr=1 active=970/176122 POs=1]
BMC : c =     968  cl =   4503  lit =  176121  p =     0  d =     0  f =     1  +  T =     0.03 sec
  [bmc-prof 793] wall=  29.917 p=     1 | ifo=  0.743(sd=0.179 nx=0.000 tfo=0.043 cnt=0.520) snap= 0.287 srm=  8.053 sat=  5.742(set=0.179 slv=5.561 max=5.5612 n=1) cex=R/T/F=0/0/1 trsplit=0 sim=14.643(rmp=0.409 run=14.233 n=1 d=0) incr=loc/full/maxdirty/keys=0/0/0/0 chk= 0.000(d=1) stat= 0.155 rest= 0.292
  [bmc-incr i=794 repr=1 active=969/176121 POs=1]
BMC : c =     967  cl =   4503  lit =  176120  p =     0  d =     0  f =     1  +  T =     0.03 sec
  [bmc-prof 794] wall=  29.120 p=     1 | ifo=  0.711(sd=0.175 nx=0.000 tfo=0.054 cnt=0.482) snap= 0.293 srm=  7.593 sat=  5.737(set=0.171 slv=5.565 max=5.5647 n=1) cex=R/T/F=0/0/1 trsplit=0 sim=14.027(rmp=0.402 run=13.624 n=1 d=0) incr=loc/full/maxdirty/keys=0/0/0/0 chk= 0.000(d=1) stat= 0.167 rest= 0.592
  [bmc-incr i=795 repr=1 active=968/176120 POs=1]
BMC : c =     966  cl =   4503  lit =  176119  p =     0  d =     0  f =     1  +  T =     0.03 sec
  [bmc-prof 795] wall=  30.167 p=     1 | ifo=  0.782(sd=0.180 nx=0.000 tfo=0.045 cnt=0.557) snap= 0.300 srm=  8.435 sat=  5.777(set=0.204 slv=5.572 max=5.5719 n=1) cex=R/T/F=0/0/1 trsplit=0 sim=14.405(rmp=0.450 run=13.954 n=1 d=0) incr=loc/full/maxdirty/keys=0/0/0/0 chk= 0.000(d=1) stat= 0.160 rest= 0.307
  [bmc-incr i=796 repr=1 active=967/176119 POs=1]
BMC : c =     965  cl =   4503  lit =  176118  p =     0  d =     0  f =     1  +  T =     0.03 sec
  [bmc-prof 796] wall=  29.718 p=     1 | ifo=  0.723(sd=0.191 nx=0.000 tfo=0.048 cnt=0.484) snap= 0.285 srm=  7.713 sat=  5.756(set=0.175 slv=5.580 max=5.5797 n=1) cex=R/T/F=0/0/1 trsplit=0 sim=14.778(rmp=0.399 run=14.378 n=1 d=0) incr=loc/full/maxdirty/keys=0/0/0/0 chk= 0.000(d=1) stat= 0.161 rest= 0.301
  [bmc-incr i=797 repr=1 active=966/176118 POs=1]
BMC : c =     964  cl =   4503  lit =  176117  p =     0  d =     0  f =     1  +  T =     0.03 sec
  [bmc-prof 797] wall=  30.980 p=     1 | ifo=  0.758(sd=0.176 nx=0.000 tfo=0.042 cnt=0.540) snap= 0.281 srm=  8.909 sat=  6.389(set=0.196 slv=6.191 max=6.1912 n=1) cex=R/T/F=0/0/1 trsplit=0 sim=14.192(rmp=0.442 run=13.750 n=1 d=0) incr=loc/full/maxdirty/keys=0/0/0/0 chk= 0.000(d=1) stat= 0.157 rest= 0.294
  [bmc-incr i=798 repr=1 active=965/176117 POs=1]
BMC : c =     963  cl =   4503  lit =  176116  p =     0  d =     0  f =     1  +  T =     0.03 sec
  [bmc-prof 798] wall=  35.087 p=     1 | ifo=  0.716(sd=0.177 nx=0.000 tfo=0.039 cnt=0.501) snap= 0.301 srm=  7.734 sat= 10.086(set=0.172 slv=9.908 max=9.9079 n=1) cex=R/T/F=0/0/1 trsplit=0 sim=15.590(rmp=1.110 run=14.479 n=1 d=0) incr=loc/full/maxdirty/keys=0/0/0/0 chk= 0.000(d=1) stat= 0.156 rest= 0.504
  [bmc-incr i=799 repr=1 active=964/176116 POs=1]
BMC : c =     962  cl =   4503  lit =  176115  p =     0  d =     0  f =     1  +  T =     0.04 sec
  [bmc-prof 799] wall=  37.985 p=     1 | ifo=  0.697(sd=0.175 nx=0.000 tfo=0.033 cnt=0.489) snap= 1.080 srm= 10.283 sat= 10.704(set=0.570 slv=10.130 max=10.1305 n=1) cex=R/T/F=0/0/1 trsplit=0 sim=14.703(rmp=0.670 run=14.032 n=1 d=0) incr=loc/full/maxdirty/keys=0/0/0/0 chk= 0.000(d=1) stat= 0.157 rest= 0.361
  [bmc-incr i=800 repr=1 active=963/176115 POs=1]
BMC : c =     961  cl =   4503  lit =  176114  p =     0  d =     0  f =     1  +  T =     0.03 sec
  [bmc-prof 800] wall=  29.566 p=     1 | ifo=  0.741(sd=0.187 nx=0.000 tfo=0.049 cnt=0.505) snap= 0.285 srm=  7.651 sat=  5.845(set=0.173 slv=5.670 max=5.6700 n=1) cex=R/T/F=0/0/1 trsplit=0 sim=14.594(rmp=0.399 run=14.195 n=1 d=0) incr=loc/full/maxdirty/keys=0/0/0/0 chk= 0.000(d=1) stat= 0.156 rest= 0.294
  [bmc-incr i=801 repr=1 active=962/176114 POs=1]
BMC : c =     960  cl =   4503  lit =  176113  p =     0  d =     0  f =     1  +  T =     0.03 sec
  [bmc-prof 801] wall=  29.992 p=     1 | ifo=  0.699(sd=0.176 nx=0.000 tfo=0.042 cnt=0.480) snap= 0.314 srm=  7.918 sat=  5.831(set=0.206 slv=5.623 max=5.6231 n=1) cex=R/T/F=0/0/1 trsplit=0 sim=14.756(rmp=0.451 run=14.304 n=1 d=0) incr=loc/full/maxdirty/keys=0/0/0/0 chk= 0.000(d=1) stat= 0.158 rest= 0.316
  [bmc-incr i=802 repr=1 active=961/176113 POs=1]
BMC : c =     959  cl =   4503  lit =  176112  p =     0  d =     0  f =     1  +  T =     0.03 sec
  [bmc-prof 802] wall=  29.062 p=     1 | ifo=  0.737(sd=0.188 nx=0.000 tfo=0.062 cnt=0.487) snap= 0.284 srm=  7.727 sat=  5.876(set=0.181 slv=5.693 max=5.6932 n=1) cex=R/T/F=0/0/1 trsplit=0 sim=13.989(rmp=0.395 run=13.593 n=1 d=0) incr=loc/full/maxdirty/keys=0/0/0/0 chk= 0.000(d=1) stat= 0.160 rest= 0.290
  [bmc-incr i=803 repr=1 active=960/176112 POs=1]
BMC : c =     958  cl =   4503  lit =  176111  p =     0  d =     0  f =     1  +  T =     0.03 sec
  [bmc-prof 803] wall=  29.207 p=     1 | ifo=  0.702(sd=0.175 nx=0.000 tfo=0.041 cnt=0.486) snap= 0.283 srm=  7.743 sat=  5.845(set=0.184 slv=5.660 max=5.6596 n=1) cex=R/T/F=0/0/1 trsplit=0 sim=14.176(rmp=0.401 run=13.774 n=1 d=0) incr=loc/full/maxdirty/keys=0/0/0/0 chk= 0.000(d=1) stat= 0.158 rest= 0.299
  [bmc-incr i=804 repr=1 active=959/176111 POs=1]
BMC : c =     957  cl =   4503  lit =  176110  p =     0  d =     0  f =     1  +  T =     0.03 sec
  [bmc-prof 804] wall=  31.283 p=     1 | ifo=  0.730(sd=0.186 nx=0.000 tfo=0.042 cnt=0.502) snap= 0.282 srm=  7.992 sat=  6.261(set=0.177 slv=6.082 max=6.0823 n=1) cex=R/T/F=0/0/1 trsplit=0 sim=15.526(rmp=0.447 run=15.078 n=1 d=0) incr=loc/full/maxdirty/keys=0/0/0/0 chk= 0.000(d=1) stat= 0.168 rest= 0.324
  [bmc-incr i=805 repr=1 active=958/176110 POs=1]
BMC : c =     956  cl =   4503  lit =  176109  p =     0  d =     0  f =     1  +  T =     0.03 sec
  [bmc-prof 805] wall=  28.906 p=     1 | ifo=  0.750(sd=0.188 nx=0.000 tfo=0.042 cnt=0.520) snap= 0.281 srm=  7.637 sat=  5.831(set=0.171 slv=5.659 max=5.6590 n=1) cex=R/T/F=0/0/1 trsplit=0 sim=13.948(rmp=0.402 run=13.546 n=1 d=0) incr=loc/full/maxdirty/keys=0/0/0/0 chk= 0.000(d=1) stat= 0.155 rest= 0.303
  [bmc-incr i=806 repr=1 active=957/176109 POs=1]
BMC : c =     955  cl =   4503  lit =  176108  p =     0  d =     0  f =     1  +  T =     0.03 sec
  [bmc-prof 806] wall=  28.706 p=     1 | ifo=  0.723(sd=0.180 nx=0.000 tfo=0.040 cnt=0.503) snap= 0.282 srm=  7.596 sat=  5.759(set=0.171 slv=5.586 max=5.5859 n=1) cex=R/T/F=0/0/1 trsplit=0 sim=13.896(rmp=0.456 run=13.439 n=1 d=0) incr=loc/full/maxdirty/keys=0/0/0/0 chk= 0.000(d=1) stat= 0.153 rest= 0.297
  [bmc-incr i=807 repr=1 active=956/176108 POs=1]
BMC : c =     954  cl =   4503  lit =  176107  p =     0  d =     0  f =     1  +  T =     0.03 sec
  [bmc-prof 807] wall=  29.328 p=     1 | ifo=  0.702(sd=0.183 nx=0.000 tfo=0.034 cnt=0.485) snap= 0.289 srm=  7.650 sat=  5.763(set=0.170 slv=5.591 max=5.5913 n=1) cex=R/T/F=0/0/1 trsplit=0 sim=14.429(rmp=0.403 run=14.025 n=1 d=0) incr=loc/full/maxdirty/keys=0/0/0/0 chk= 0.000(d=1) stat= 0.190 rest= 0.307
  [bmc-incr i=808 repr=1 active=955/176107 POs=1]
BMC : c =     953  cl =   4503  lit =  176106  p =     0  d =     0  f =     1  +  T =     0.03 sec
  [bmc-prof 808] wall=  29.478 p=     1 | ifo=  0.708(sd=0.180 nx=0.000 tfo=0.038 cnt=0.490) snap= 0.286 srm=  7.916 sat=  5.821(set=0.198 slv=5.621 max=5.6212 n=1) cex=R/T/F=0/0/1 trsplit=0 sim=14.287(rmp=0.416 run=13.871 n=1 d=0) incr=loc/full/maxdirty/keys=0/0/0/0 chk= 0.000(d=1) stat= 0.167 rest= 0.292
  [bmc-incr i=809 repr=1 active=954/176106 POs=1]
BMC : c =     952  cl =   4503  lit =  176105  p =     0  d =     0  f =     1  +  T =     0.03 sec
  [bmc-prof 809] wall=  29.143 p=     1 | ifo=  0.768(sd=0.218 nx=0.000 tfo=0.064 cnt=0.486) snap= 0.282 srm=  7.735 sat=  5.778(set=0.181 slv=5.595 max=5.5952 n=1) cex=R/T/F=0/0/1 trsplit=0 sim=14.129(rmp=0.406 run=13.722 n=1 d=0) incr=loc/full/maxdirty/keys=0/0/0/0 chk= 0.000(d=1) stat= 0.163 rest= 0.289
  [bmc-incr i=810 repr=1 active=953/176105 POs=1]
BMC : c =     951  cl =   4503  lit =  176104  p =     0  d =     0  f =     1  +  T =     0.03 sec
  [bmc-prof 810] wall=  29.296 p=     1 | ifo=  0.687(sd=0.174 nx=0.000 tfo=0.035 cnt=0.479) snap= 0.283 srm=  7.728 sat=  5.934(set=0.177 slv=5.755 max=5.7554 n=1) cex=R/T/F=0/0/1 trsplit=0 sim=14.205(rmp=0.410 run=13.795 n=1 d=0) incr=loc/full/maxdirty/keys=0/0/0/0 chk= 0.000(d=1) stat= 0.159 rest= 0.299
  [bmc-incr i=811 repr=1 active=952/176104 POs=1]
BMC : c =     950  cl =   4503  lit =  176103  p =     0  d =     0  f =     1  +  T =     0.03 sec
  [bmc-prof 811] wall=  34.368 p=     1 | ifo=  0.795(sd=0.224 nx=0.000 tfo=0.070 cnt=0.501) snap= 0.292 srm=  8.115 sat=  6.095(set=0.197 slv=5.896 max=5.8959 n=1) cex=R/T/F=0/0/1 trsplit=0 sim=18.563(rmp=0.430 run=18.132 n=1 d=0) incr=loc/full/maxdirty/keys=0/0/0/0 chk= 0.000(d=1) stat= 0.176 rest= 0.332
  [bmc-incr i=812 repr=1 active=951/176103 POs=1]
BMC : c =     949  cl =   4503  lit =  176102  p =     0  d =     0  f =     1  +  T =     0.03 sec
  [bmc-prof 812] wall=  29.995 p=     1 | ifo=  0.737(sd=0.194 nx=0.000 tfo=0.044 cnt=0.500) snap= 0.432 srm=  8.281 sat=  5.843(set=0.202 slv=5.639 max=5.6389 n=1) cex=R/T/F=0/0/1 trsplit=0 sim=14.248(rmp=0.412 run=13.834 n=1 d=0) incr=loc/full/maxdirty/keys=0/0/0/0 chk= 0.000(d=1) stat= 0.157 rest= 0.296
  [bmc-incr i=813 repr=1 active=950/176102 POs=1]
BMC : c =     948  cl =   4503  lit =  176101  p =     0  d =     0  f =     1  +  T =     0.03 sec
  [bmc-prof 813] wall=  29.063 p=     1 | ifo=  0.707(sd=0.179 nx=0.000 tfo=0.044 cnt=0.483) snap= 0.283 srm=  7.629 sat=  5.781(set=0.172 slv=5.607 max=5.6069 n=1) cex=R/T/F=0/0/1 trsplit=0 sim=14.213(rmp=0.480 run=13.732 n=1 d=0) incr=loc/full/maxdirty/keys=0/0/0/0 chk= 0.000(d=1) stat= 0.154 rest= 0.296
  [bmc-incr i=814 repr=1 active=949/176101 POs=1]
BMC : c =     947  cl =   4503  lit =  176100  p =     0  d =     0  f =     1  +  T =     0.03 sec
  [bmc-prof 814] wall=  28.921 p=     1 | ifo=  0.687(sd=0.174 nx=0.000 tfo=0.035 cnt=0.478) snap= 0.283 srm=  7.639 sat=  5.788(set=0.175 slv=5.612 max=5.6118 n=1) cex=R/T/F=0/0/1 trsplit=0 sim=14.075(rmp=0.438 run=13.637 n=1 d=0) incr=loc/full/maxdirty/keys=0/0/0/0 chk= 0.000(d=1) stat= 0.155 rest= 0.293
  [bmc-incr i=815 repr=1 active=948/176100 POs=1]
BMC : c =     946  cl =   4503  lit =  176099  p =     0  d =     0  f =     1  +  T =     0.03 sec
  [bmc-prof 815] wall=  33.227 p=     1 | ifo=  0.787(sd=0.232 nx=0.000 tfo=0.063 cnt=0.492) snap= 0.286 srm=  8.095 sat=  5.796(set=0.177 slv=5.617 max=5.6172 n=1) cex=R/T/F=0/0/1 trsplit=0 sim=16.727(rmp=0.404 run=16.320 n=1 d=0) incr=loc/full/maxdirty/keys=0/0/0/0 chk= 0.001(d=1) stat= 0.648 rest= 0.886
  [bmc-incr i=816 repr=1 active=947/176099 POs=1]
BMC : c =     945  cl =   4503  lit =  176098  p =     0  d =     0  f =     1  +  T =     0.03 sec
  [bmc-prof 816] wall=  32.108 p=     1 | ifo=  0.807(sd=0.261 nx=0.000 tfo=0.042 cnt=0.504) snap= 0.283 srm= 10.371 sat=  6.287(set=0.180 slv=6.105 max=6.1046 n=1) cex=R/T/F=0/0/1 trsplit=0 sim=13.908(rmp=0.408 run=13.499 n=1 d=0) incr=loc/full/maxdirty/keys=0/0/0/0 chk= 0.000(d=1) stat= 0.156 rest= 0.295
  [bmc-incr i=817 repr=1 active=946/176098 POs=1]
BMC : c =     944  cl =   4503  lit =  176097  p =     0  d =     0  f =     1  +  T =     0.03 sec
  [bmc-prof 817] wall=  30.339 p=     1 | ifo=  0.712(sd=0.177 nx=0.000 tfo=0.044 cnt=0.490) snap= 0.296 srm=  8.504 sat=  5.939(set=0.189 slv=5.747 max=5.7472 n=1) cex=R/T/F=0/0/1 trsplit=0 sim=14.428(rmp=0.427 run=14.001 n=1 d=0) incr=loc/full/maxdirty/keys=0/0/0/0 chk= 0.000(d=1) stat= 0.168 rest= 0.292
  [bmc-incr i=818 repr=1 active=945/176097 POs=1]
BMC : c =     943  cl =   4503  lit =  176096  p =     0  d =     0  f =     1  +  T =     0.03 sec
  [bmc-prof 818] wall=  30.901 p=     1 | ifo=  0.721(sd=0.183 nx=0.000 tfo=0.042 cnt=0.496) snap= 0.291 srm=  8.296 sat=  6.180(set=0.198 slv=5.980 max=5.9797 n=1) cex=R/T/F=0/0/1 trsplit=0 sim=14.622(rmp=0.438 run=14.184 n=1 d=0) incr=loc/full/maxdirty/keys=0/0/0/0 chk= 0.002(d=1) stat= 0.161 rest= 0.628
  [bmc-incr i=819 repr=1 active=944/176096 POs=1]
BMC : c =     942  cl =   4503  lit =  176095  p =     0  d =     0  f =     1  +  T =     0.03 sec
  [bmc-prof 819] wall=  32.243 p=     1 | ifo=  0.717(sd=0.181 nx=0.000 tfo=0.044 cnt=0.493) snap= 0.475 srm=  9.060 sat=  7.323(set=0.289 slv=7.032 max=7.0317 n=1) cex=R/T/F=0/0/1 trsplit=0 sim=14.211(rmp=0.431 run=13.780 n=1 d=0) incr=loc/full/maxdirty/keys=0/0/0/0 chk= 0.000(d=1) stat= 0.164 rest= 0.293
  [bmc-incr i=820 repr=1 active=943/176095 POs=1]
BMC : c =     941  cl =   4503  lit =  176094  p =     0  d =     0  f =     1  +  T =     0.03 sec
  [bmc-prof 820] wall=  29.400 p=     1 | ifo=  0.701(sd=0.176 nx=0.000 tfo=0.044 cnt=0.481) snap= 0.285 srm=  7.738 sat=  5.803(set=0.182 slv=5.619 max=5.6186 n=1) cex=R/T/F=0/0/1 trsplit=0 sim=14.426(rmp=0.405 run=14.020 n=1 d=0) incr=loc/full/maxdirty/keys=0/0/0/0 chk= 0.000(d=1) stat= 0.156 rest= 0.291
  [bmc-incr i=821 repr=1 active=942/176094 POs=1]
BMC : c =     940  cl =   4503  lit =  176093  p =     0  d =     0  f =     1  +  T =     0.03 sec
  [bmc-prof 821] wall=  29.790 p=     1 | ifo=  0.699(sd=0.177 nx=0.000 tfo=0.041 cnt=0.481) snap= 0.285 srm=  8.229 sat=  6.028(set=0.201 slv=5.825 max=5.8247 n=1) cex=R/T/F=0/0/1 trsplit=0 sim=14.102(rmp=0.426 run=13.675 n=1 d=0) incr=loc/full/maxdirty/keys=0/0/0/0 chk= 0.000(d=1) stat= 0.156 rest= 0.293
  [bmc-incr i=822 repr=1 active=941/176093 POs=1]
BMC : c =     939  cl =   4503  lit =  176092  p =     0  d =     0  f =     1  +  T =     0.03 sec
  [bmc-prof 822] wall=  28.723 p=     1 | ifo=  0.708(sd=0.178 nx=0.000 tfo=0.039 cnt=0.491) snap= 0.284 srm=  7.680 sat=  5.801(set=0.175 slv=5.624 max=5.6239 n=1) cex=R/T/F=0/0/1 trsplit=0 sim=13.806(rmp=0.397 run=13.408 n=1 d=0) incr=loc/full/maxdirty/keys=0/0/0/0 chk= 0.000(d=1) stat= 0.155 rest= 0.288
  [bmc-incr i=823 repr=1 active=940/176092 POs=1]
BMC : c =     938  cl =   4503  lit =  176091  p =     0  d =     0  f =     1  +  T =     0.03 sec
  [bmc-prof 823] wall=  30.431 p=     1 | ifo=  0.694(sd=0.174 nx=0.000 tfo=0.033 cnt=0.487) snap= 0.281 srm=  7.659 sat=  6.040(set=0.170 slv=5.867 max=5.8672 n=1) cex=R/T/F=0/0/1 trsplit=0 sim=15.274(rmp=0.428 run=14.846 n=1 d=0) incr=loc/full/maxdirty/keys=0/0/0/0 chk= 0.000(d=1) stat= 0.175 rest= 0.308
  [bmc-incr i=824 repr=1 active=939/176091 POs=1]
BMC : c =     937  cl =   4503  lit =  176090  p =     0  d =     0  f =     1  +  T =     0.03 sec
  [bmc-prof 824] wall=  30.173 p=     1 | ifo=  0.724(sd=0.203 nx=0.000 tfo=0.032 cnt=0.489) snap= 0.344 srm=  7.582 sat=  5.884(set=0.173 slv=5.710 max=5.7102 n=1) cex=R/T/F=0/0/1 trsplit=0 sim=15.181(rmp=0.426 run=14.754 n=1 d=0) incr=loc/full/maxdirty/keys=0/0/0/0 chk= 0.000(d=1) stat= 0.157 rest= 0.299
  [bmc-incr i=825 repr=1 active=938/176090 POs=1]
BMC : c =     936  cl =   4503  lit =  176089  p =     0  d =     0  f =     1  +  T =     0.03 sec
  [bmc-prof 825] wall=  30.768 p=     1 | ifo=  0.723(sd=0.178 nx=0.000 tfo=0.042 cnt=0.504) snap= 0.281 srm=  7.922 sat=  6.095(set=0.173 slv=5.921 max=5.9207 n=1) cex=R/T/F=0/0/1 trsplit=0 sim=15.289(rmp=0.401 run=14.887 n=1 d=0) incr=loc/full/maxdirty/keys=0/0/0/0 chk= 0.000(d=1) stat= 0.156 rest= 0.301
  [bmc-incr i=826 repr=1 active=937/176089 POs=1]
BMC : c =     935  cl =   4503  lit =  176088  p =     0  d =     0  f =     1  +  T =     0.03 sec
  [bmc-prof 826] wall=  28.959 p=     1 | ifo=  0.696(sd=0.175 nx=0.000 tfo=0.038 cnt=0.483) snap= 0.283 srm=  7.660 sat=  5.830(set=0.172 slv=5.656 max=5.6559 n=1) cex=R/T/F=0/0/1 trsplit=0 sim=14.042(rmp=0.395 run=13.646 n=1 d=0) incr=loc/full/maxdirty/keys=0/0/0/0 chk= 0.000(d=1) stat= 0.160 rest= 0.289
  [bmc-incr i=827 repr=1 active=936/176088 POs=1]
BMC : c =     934  cl =   4503  lit =  176087  p =     0  d =     0  f =     1  +  T =     0.03 sec
  [bmc-prof 827] wall=  31.403 p=     1 | ifo=  0.703(sd=0.176 nx=0.000 tfo=0.038 cnt=0.489) snap= 0.281 srm=  7.568 sat=  5.882(set=0.168 slv=5.712 max=5.7125 n=1) cex=R/T/F=0/0/1 trsplit=0 sim=16.448(rmp=0.402 run=16.044 n=1 d=0) incr=loc/full/maxdirty/keys=0/0/0/0 chk= 0.000(d=1) stat= 0.187 rest= 0.333
  [bmc-incr i=828 repr=1 active=935/176087 POs=1]
BMC : c =     933  cl =   4503  lit =  176086  p =     0  d =     0  f =     1  +  T =     0.03 sec
  [bmc-prof 828] wall=  32.510 p=     1 | ifo=  0.797(sd=0.222 nx=0.000 tfo=0.074 cnt=0.501) snap= 0.286 srm=  8.979 sat=  6.959(set=0.188 slv=6.768 max=6.7677 n=1) cex=R/T/F=0/0/1 trsplit=0 sim=15.001(rmp=0.451 run=14.548 n=1 d=0) incr=loc/full/maxdirty/keys=0/0/0/0 chk= 0.000(d=1) stat= 0.160 rest= 0.328
  [bmc-incr i=829 repr=1 active=934/176086 POs=1]
BMC : c =     932  cl =   4503  lit =  176085  p =     0  d =     0  f =     1  +  T =     0.03 sec
  [bmc-prof 829] wall=  29.341 p=     1 | ifo=  0.758(sd=0.180 nx=0.000 tfo=0.043 cnt=0.535) snap= 0.296 srm=  7.984 sat=  5.855(set=0.188 slv=5.665 max=5.6653 n=1) cex=R/T/F=0/0/1 trsplit=0 sim=13.992(rmp=0.408 run=13.584 n=1 d=0) incr=loc/full/maxdirty/keys=0/0/0/0 chk= 0.000(d=1) stat= 0.165 rest= 0.291
  [bmc-incr i=830 repr=1 active=933/176085 POs=1]
BMC : c =     931  cl =   4503  lit =  176084  p =     0  d =     0  f =     1  +  T =     0.03 sec
  [bmc-prof 830] wall=  32.514 p=     1 | ifo=  0.709(sd=0.184 nx=0.000 tfo=0.043 cnt=0.481) snap= 0.304 srm=  8.355 sat=  6.905(set=0.174 slv=6.729 max=6.7293 n=1) cex=R/T/F=0/0/1 trsplit=0 sim=15.783(rmp=0.498 run=15.284 n=1 d=0) incr=loc/full/maxdirty/keys=0/0/0/0 chk= 0.000(d=1) stat= 0.157 rest= 0.302
  [bmc-incr i=831 repr=1 active=932/176084 POs=1]
BMC : c =     930  cl =   4503  lit =  176083  p =     0  d =     0  f =     1  +  T =     0.04 sec
  [bmc-prof 831] wall=  35.432 p=     1 | ifo=  0.713(sd=0.177 nx=0.000 tfo=0.043 cnt=0.492) snap= 0.282 srm=  7.806 sat=  6.074(set=0.173 slv=5.899 max=5.8992 n=1) cex=R/T/F=0/0/1 trsplit=0 sim=20.083(rmp=0.492 run=19.591 n=1 d=0) incr=loc/full/maxdirty/keys=0/0/0/0 chk= 0.000(d=1) stat= 0.166 rest= 0.307
  [bmc-incr i=832 repr=1 active=931/176083 POs=1]
BMC : c =     929  cl =   4503  lit =  176082  p =     0  d =     0  f =     1  +  T =     0.03 sec
  [bmc-prof 832] wall=  30.333 p=     1 | ifo=  0.716(sd=0.191 nx=0.000 tfo=0.043 cnt=0.482) snap= 0.290 srm=  8.202 sat=  5.913(set=0.191 slv=5.720 max=5.7203 n=1) cex=R/T/F=0/0/1 trsplit=0 sim=14.759(rmp=0.415 run=14.343 n=1 d=0) incr=loc/full/maxdirty/keys=0/0/0/0 chk= 0.000(d=1) stat= 0.158 rest= 0.294
  [bmc-incr i=833 repr=1 active=930/176082 POs=1]
BMC : c =     928  cl =   4503  lit =  176081  p =     0  d =     0  f =     1  +  T =     0.03 sec
  [bmc-prof 833] wall=  30.310 p=     1 | ifo=  0.736(sd=0.175 nx=0.000 tfo=0.044 cnt=0.517) snap= 0.281 srm=  7.863 sat=  5.923(set=0.174 slv=5.747 max=5.7470 n=1) cex=R/T/F=0/0/1 trsplit=0 sim=15.033(rmp=0.412 run=14.621 n=1 d=0) incr=loc/full/maxdirty/keys=0/0/0/0 chk= 0.000(d=1) stat= 0.169 rest= 0.306
  [bmc-incr i=834 repr=1 active=929/176081 POs=1]
BMC : c =     927  cl =   4503  lit =  176080  p =     0  d =     0  f =     1  +  T =     0.03 sec
  [bmc-prof 834] wall=  34.427 p=     1 | ifo=  0.711(sd=0.192 nx=0.000 tfo=0.038 cnt=0.481) snap= 0.280 srm=  7.761 sat=  8.533(set=0.180 slv=8.351 max=8.3506 n=1) cex=R/T/F=0/0/1 trsplit=0 sim=16.599(rmp=1.419 run=15.179 n=1 d=0) incr=loc/full/maxdirty/keys=0/0/0/0 chk= 0.000(d=1) stat= 0.164 rest= 0.378
  [bmc-incr i=835 repr=1 active=928/176080 POs=1]
BMC : c =     926  cl =   4503  lit =  176079  p =     0  d =     0  f =     1  +  T =     0.03 sec
  [bmc-prof 835] wall=  30.121 p=     1 | ifo=  0.719(sd=0.190 nx=0.000 tfo=0.046 cnt=0.484) snap= 0.285 srm=  8.268 sat=  6.005(set=0.177 slv=5.827 max=5.8268 n=1) cex=R/T/F=0/0/1 trsplit=0 sim=14.337(rmp=0.406 run=13.931 n=1 d=0) incr=loc/full/maxdirty/keys=0/0/0/0 chk= 0.000(d=1) stat= 0.156 rest= 0.349
  [bmc-incr i=836 repr=1 active=927/176079 POs=1]
BMC : c =     925  cl =   4503  lit =  176078  p =     0  d =     0  f =     1  +  T =     0.03 sec
  [bmc-prof 836] wall=  33.051 p=     1 | ifo=  0.702(sd=0.175 nx=0.000 tfo=0.039 cnt=0.489) snap= 0.300 srm=  9.162 sat=  5.848(set=0.173 slv=5.673 max=5.6731 n=1) cex=R/T/F=0/0/1 trsplit=0 sim=16.335(rmp=0.413 run=15.920 n=1 d=0) incr=loc/full/maxdirty/keys=0/0/0/0 chk= 0.000(d=1) stat= 0.209 rest= 0.494
  [bmc-incr i=837 repr=1 active=926/176078 POs=1]
BMC : c =     924  cl =   4503  lit =  176077  p =     0  d =     0  f =     1  +  T =     0.03 sec
  [bmc-prof 837] wall=  30.483 p=     1 | ifo=  0.793(sd=0.216 nx=0.000 tfo=0.048 cnt=0.530) snap= 0.327 srm=  8.977 sat=  5.895(set=0.216 slv=5.677 max=5.6774 n=1) cex=R/T/F=0/0/1 trsplit=0 sim=13.978(rmp=0.508 run=13.470 n=1 d=0) incr=loc/full/maxdirty/keys=0/0/0/0 chk= 0.000(d=1) stat= 0.176 rest= 0.337
  [bmc-incr i=838 repr=1 active=925/176077 POs=1]
BMC : c =     923  cl =   4503  lit =  176076  p =     0  d =     0  f =     1  +  T =     0.03 sec
  [bmc-prof 838] wall=  29.018 p=     1 | ifo=  0.778(sd=0.218 nx=0.000 tfo=0.047 cnt=0.513) snap= 0.318 srm=  7.980 sat=  5.878(set=0.200 slv=5.676 max=5.6762 n=1) cex=R/T/F=0/0/1 trsplit=0 sim=13.550(rmp=0.485 run=13.064 n=1 d=0) incr=loc/full/maxdirty/keys=0/0/0/0 chk= 0.000(d=1) stat= 0.184 rest= 0.330
  [bmc-incr i=839 repr=1 active=924/176076 POs=1]
BMC : c =     922  cl =   4503  lit =  176075  p =     0  d =     0  f =     1  +  T =     0.03 sec
  [bmc-prof 839] wall=  28.938 p=     1 | ifo=  0.767(sd=0.215 nx=0.000 tfo=0.042 cnt=0.510) snap= 0.329 srm=  7.978 sat=  5.870(set=0.202 slv=5.666 max=5.6663 n=1) cex=R/T/F=0/0/1 trsplit=0 sim=13.502(rmp=0.487 run=13.015 n=1 d=0) incr=loc/full/maxdirty/keys=0/0/0/0 chk= 0.000(d=1) stat= 0.168 rest= 0.323
  [bmc-incr i=840 repr=1 active=923/176075 POs=1]
BMC : c =     921  cl =   4503  lit =  176074  p =     0  d =     0  f =     1  +  T =     0.03 sec
  [bmc-prof 840] wall=  30.042 p=     1 | ifo=  0.839(sd=0.257 nx=0.000 tfo=0.060 cnt=0.522) snap= 0.328 srm=  7.992 sat=  5.934(set=0.197 slv=5.736 max=5.7355 n=1) cex=R/T/F=0/0/1 trsplit=0 sim=14.468(rmp=0.439 run=14.027 n=1 d=0) incr=loc/full/maxdirty/keys=0/0/0/0 chk= 0.000(d=1) stat= 0.166 rest= 0.316
  [bmc-incr i=841 repr=1 active=922/176074 POs=1]
BMC : c =     920  cl =   4503  lit =  176073  p =     0  d =     0  f =     1  +  T =     0.03 sec
  [bmc-prof 841] wall=  31.469 p=     1 | ifo=  0.747(sd=0.202 nx=0.000 tfo=0.040 cnt=0.505) snap= 0.286 srm=  9.822 sat=  5.878(set=0.187 slv=5.690 max=5.6899 n=1) cex=R/T/F=0/0/1 trsplit=0 sim=14.280(rmp=0.414 run=13.865 n=1 d=0) incr=loc/full/maxdirty/keys=0/0/0/0 chk= 0.000(d=1) stat= 0.158 rest= 0.299
  [bmc-incr i=842 repr=1 active=921/176073 POs=1]
BMC : c =     919  cl =   4503  lit =  176072  p =     0  d =     0  f =     1  +  T =     0.03 sec
  [bmc-prof 842] wall=  30.498 p=     1 | ifo=  0.778(sd=0.213 nx=0.000 tfo=0.068 cnt=0.497) snap= 0.282 srm=  7.642 sat=  6.555(set=0.171 slv=6.381 max=6.3814 n=1) cex=R/T/F=0/0/1 trsplit=0 sim=14.745(rmp=0.441 run=14.303 n=1 d=0) incr=loc/full/maxdirty/keys=0/0/0/0 chk= 0.000(d=1) stat= 0.166 rest= 0.329
  [bmc-incr i=843 repr=1 active=920/176072 POs=1]
BMC : c =     918  cl =   4503  lit =  176071  p =     0  d =     0  f =     1  +  T =     0.03 sec
  [bmc-prof 843] wall=  30.379 p=     1 | ifo=  0.703(sd=0.178 nx=0.000 tfo=0.036 cnt=0.489) snap= 0.290 srm=  7.729 sat=  6.134(set=0.182 slv=5.950 max=5.9501 n=1) cex=R/T/F=0/0/1 trsplit=0 sim=15.065(rmp=0.445 run=14.620 n=1 d=0) incr=loc/full/maxdirty/keys=0/0/0/0 chk= 0.000(d=1) stat= 0.160 rest= 0.299
  [bmc-incr i=844 repr=1 active=919/176071 POs=1]
BMC : c =     917  cl =   4503  lit =  176070  p =     0  d =     0  f =     1  +  T =     0.03 sec
  [bmc-prof 844] wall=  30.759 p=     1 | ifo=  0.717(sd=0.178 nx=0.000 tfo=0.044 cnt=0.494) snap= 0.283 srm=  7.620 sat=  6.007(set=0.178 slv=5.826 max=5.8259 n=1) cex=R/T/F=0/0/1 trsplit=0 sim=15.616(rmp=0.421 run=15.194 n=1 d=0) incr=loc/full/maxdirty/keys=0/0/0/0 chk= 0.000(d=1) stat= 0.185 rest= 0.330
  [bmc-incr i=845 repr=1 active=918/176070 POs=1]
BMC : c =     916  cl =   4503  lit =  176069  p =     0  d =     0  f =     1  +  T =     0.03 sec
  [bmc-prof 845] wall=  30.517 p=     1 | ifo=  0.747(sd=0.192 nx=0.000 tfo=0.046 cnt=0.509) snap= 0.290 srm=  8.279 sat=  5.969(set=0.203 slv=5.764 max=5.7638 n=1) cex=R/T/F=0/0/1 trsplit=0 sim=14.775(rmp=0.429 run=14.345 n=1 d=0) incr=loc/full/maxdirty/keys=0/0/0/0 chk= 0.000(d=1) stat= 0.155 rest= 0.302
  [bmc-incr i=846 repr=1 active=917/176069 POs=1]
BMC : c =     915  cl =   4503  lit =  176068  p =     0  d =     0  f =     1  +  T =     0.03 sec
  [bmc-prof 846] wall=  30.450 p=     1 | ifo=  0.709(sd=0.178 nx=0.000 tfo=0.044 cnt=0.487) snap= 0.335 srm=  8.162 sat=  7.031(set=0.213 slv=6.816 max=6.8160 n=1) cex=R/T/F=0/0/1 trsplit=0 sim=13.694(rmp=0.585 run=13.109 n=1 d=0) incr=loc/full/maxdirty/keys=0/0/0/0 chk= 0.000(d=1) stat= 0.180 rest= 0.339
  [bmc-incr i=847 repr=1 active=916/176068 POs=1]
BMC : c =     914  cl =   4503  lit =  176067  p =     0  d =     0  f =     1  +  T =     0.03 sec
  [bmc-prof 847] wall=  29.098 p=     1 | ifo=  0.786(sd=0.219 nx=0.000 tfo=0.052 cnt=0.516) snap= 0.344 srm=  8.021 sat=  5.891(set=0.208 slv=5.680 max=5.6803 n=1) cex=R/T/F=0/0/1 trsplit=0 sim=13.558(rmp=0.542 run=13.015 n=1 d=0) incr=loc/full/maxdirty/keys=0/0/0/0 chk= 0.000(d=1) stat= 0.172 rest= 0.326
  [bmc-incr i=848 repr=1 active=915/176067 POs=1]
BMC : c =     913  cl =   4503  lit =  176066  p =     0  d =     0  f =     1  +  T =     0.03 sec
  [bmc-prof 848] wall=  34.463 p=     1 | ifo=  0.850(sd=0.253 nx=0.000 tfo=0.064 cnt=0.533) snap= 0.292 srm= 11.735 sat=  6.669(set=0.194 slv=6.473 max=6.4729 n=1) cex=R/T/F=0/0/1 trsplit=0 sim=14.465(rmp=0.428 run=14.036 n=1 d=0) incr=loc/full/maxdirty/keys=0/0/0/0 chk= 0.000(d=1) stat= 0.156 rest= 0.297
  [bmc-incr i=849 repr=1 active=914/176066 POs=1]
BMC : c =     912  cl =   4503  lit =  176065  p =     0  d =     0  f =     1  +  T =     0.03 sec
  [bmc-prof 849] wall=  30.590 p=     1 | ifo=  0.710(sd=0.179 nx=0.000 tfo=0.042 cnt=0.490) snap= 0.285 srm=  7.797 sat=  7.394(set=0.173 slv=7.219 max=7.2194 n=1) cex=R/T/F=0/0/1 trsplit=0 sim=13.958(rmp=0.400 run=13.557 n=1 d=0) incr=loc/full/maxdirty/keys=0/0/0/0 chk= 0.000(d=1) stat= 0.156 rest= 0.290
  [bmc-incr i=850 repr=1 active=913/176065 POs=1]
BMC : c =     911  cl =   4503  lit =  176064  p =     0  d =     0  f =     1  +  T =     0.03 sec
  [bmc-prof 850] wall=  30.578 p=     1 | ifo=  0.703(sd=0.184 nx=0.000 tfo=0.038 cnt=0.481) snap= 0.282 srm=  7.616 sat=  5.976(set=0.173 slv=5.802 max=5.8021 n=1) cex=R/T/F=0/0/1 trsplit=0 sim=15.126(rmp=0.394 run=14.731 n=1 d=0) incr=loc/full/maxdirty/keys=0/0/0/0 chk= 0.000(d=1) stat= 0.166 rest= 0.708
  [bmc-incr i=851 repr=1 active=912/176064 POs=1]
BMC : c =     910  cl =   4503  lit =  176063  p =     0  d =     0  f =     1  +  T =     0.03 sec
  [bmc-prof 851] wall=  31.662 p=     1 | ifo=  1.160(sd=0.190 nx=0.000 tfo=0.478 cnt=0.492) snap= 0.292 srm=  8.311 sat=  6.102(set=0.209 slv=5.891 max=5.8910 n=1) cex=R/T/F=0/0/1 trsplit=0 sim=15.297(rmp=0.911 run=14.385 n=1 d=0) incr=loc/full/maxdirty/keys=0/0/0/0 chk= 0.000(d=1) stat= 0.164 rest= 0.335
  [bmc-incr i=852 repr=1 active=911/176063 POs=1]
BMC : c =     909  cl =   4503  lit =  176062  p =     0  d =     0  f =     1  +  T =     0.03 sec
  [bmc-prof 852] wall=  30.633 p=     1 | ifo=  0.746(sd=0.208 nx=0.000 tfo=0.055 cnt=0.484) snap= 0.298 srm=  8.252 sat=  6.063(set=0.205 slv=5.856 max=5.8560 n=1) cex=R/T/F=0/0/1 trsplit=0 sim=14.769(rmp=0.483 run=14.285 n=1 d=0) incr=loc/full/maxdirty/keys=0/0/0/0 chk= 0.000(d=1) stat= 0.164 rest= 0.340
  [bmc-incr i=853 repr=1 active=910/176062 POs=1]
BMC : c =     908  cl =   4503  lit =  176061  p =     0  d =     0  f =     1  +  T =     0.03 sec
  [bmc-prof 853] wall=  30.594 p=     1 | ifo=  0.755(sd=0.183 nx=0.000 tfo=0.046 cnt=0.526) snap= 0.345 srm=  8.185 sat=  5.958(set=0.206 slv=5.749 max=5.7495 n=1) cex=R/T/F=0/0/1 trsplit=0 sim=14.874(rmp=0.451 run=14.422 n=1 d=0) incr=loc/full/maxdirty/keys=0/0/0/0 chk= 0.000(d=1) stat= 0.171 rest= 0.307
  [bmc-incr i=854 repr=1 active=909/176061 POs=1]
BMC : c =     907  cl =   4503  lit =  176060  p =     0  d =     0  f =     1  +  T =     0.03 sec
  [bmc-prof 854] wall=  29.299 p=     1 | ifo=  0.724(sd=0.192 nx=0.000 tfo=0.045 cnt=0.488) snap= 0.286 srm=  7.880 sat=  5.908(set=0.186 slv=5.720 max=5.7203 n=1) cex=R/T/F=0/0/1 trsplit=0 sim=14.058(rmp=0.411 run=13.646 n=1 d=0) incr=loc/full/maxdirty/keys=0/0/0/0 chk= 0.000(d=1) stat= 0.154 rest= 0.289
  [bmc-incr i=855 repr=1 active=908/176060 POs=1]
BMC : c =     906  cl =   4503  lit =  176059  p =     0  d =     0  f =     1  +  T =     0.03 sec
  [bmc-prof 855] wall=  29.674 p=     1 | ifo=  0.718(sd=0.180 nx=0.000 tfo=0.042 cnt=0.496) snap= 0.284 srm=  7.838 sat=  5.974(set=0.187 slv=5.785 max=5.7850 n=1) cex=R/T/F=0/0/1 trsplit=0 sim=14.398(rmp=0.424 run=13.974 n=1 d=0) incr=loc/full/maxdirty/keys=0/0/0/0 chk= 0.000(d=1) stat= 0.165 rest= 0.296
  [bmc-incr i=856 repr=1 active=907/176059 POs=1]
BMC : c =     905  cl =   4503  lit =  176058  p =     0  d =     0  f =     1  +  T =     0.03 sec
  [bmc-prof 856] wall=  29.943 p=     1 | ifo=  0.702(sd=0.177 nx=0.000 tfo=0.043 cnt=0.482) snap= 0.309 srm=  7.941 sat=  6.107(set=0.197 slv=5.908 max=5.9076 n=1) cex=R/T/F=0/0/1 trsplit=0 sim=14.430(rmp=0.427 run=14.002 n=1 d=0) incr=loc/full/maxdirty/keys=0/0/0/0 chk= 0.000(d=1) stat= 0.157 rest= 0.296
  [bmc-incr i=857 repr=1 active=906/176058 POs=1]
BMC : c =     904  cl =   4503  lit =  176057  p =     0  d =     0  f =     1  +  T =     0.03 sec
  [bmc-prof 857] wall=  30.150 p=     1 | ifo=  0.716(sd=0.179 nx=0.000 tfo=0.041 cnt=0.496) snap= 0.317 srm=  7.904 sat=  5.984(set=0.205 slv=5.777 max=5.7767 n=1) cex=R/T/F=0/0/1 trsplit=0 sim=14.774(rmp=0.445 run=14.328 n=1 d=0) incr=loc/full/maxdirty/keys=0/0/0/0 chk= 0.000(d=1) stat= 0.156 rest= 0.299
  [bmc-incr i=858 repr=1 active=905/176057 POs=1]
BMC : c =     903  cl =   4503  lit =  176056  p =     0  d =     0  f =     1  +  T =     0.03 sec
  [bmc-prof 858] wall=  29.497 p=     1 | ifo=  0.712(sd=0.178 nx=0.000 tfo=0.052 cnt=0.482) snap= 0.283 srm=  7.889 sat=  6.051(set=0.176 slv=5.873 max=5.8726 n=1) cex=R/T/F=0/0/1 trsplit=0 sim=14.118(rmp=0.393 run=13.724 n=1 d=0) incr=loc/full/maxdirty/keys=0/0/0/0 chk= 0.000(d=1) stat= 0.155 rest= 0.289
  [bmc-incr i=859 repr=1 active=904/176056 POs=1]
BMC : c =     902  cl =   4503  lit =  176055  p =     0  d =     0  f =     1  +  T =     0.03 sec
  [bmc-prof 859] wall=  29.487 p=     1 | ifo=  0.701(sd=0.173 nx=0.000 tfo=0.048 cnt=0.480) snap= 0.281 srm=  7.708 sat=  6.042(set=0.206 slv=5.835 max=5.8351 n=1) cex=R/T/F=0/0/1 trsplit=0 sim=14.256(rmp=0.398 run=13.857 n=1 d=0) incr=loc/full/maxdirty/keys=0/0/0/0 chk= 0.000(d=1) stat= 0.164 rest= 0.334
  [bmc-incr i=860 repr=1 active=903/176055 POs=1]
BMC : c =     901  cl =   4503  lit =  176054  p =     0  d =     0  f =     1  +  T =     0.03 sec
  [bmc-prof 860] wall=  29.833 p=     1 | ifo=  0.725(sd=0.179 nx=0.000 tfo=0.046 cnt=0.499) snap= 0.314 srm=  7.993 sat=  6.103(set=0.185 slv=5.915 max=5.9153 n=1) cex=R/T/F=0/0/1 trsplit=0 sim=14.253(rmp=0.410 run=13.843 n=1 d=0) incr=loc/full/maxdirty/keys=0/0/0/0 chk= 0.000(d=1) stat= 0.154 rest= 0.291
  [bmc-incr i=861 repr=1 active=902/176054 POs=1]
BMC : c =     900  cl =   4503  lit =  176053  p =     0  d =     0  f =     1  +  T =     0.04 sec
  [bmc-prof 861] wall=  38.191 p=     1 | ifo=  0.704(sd=0.176 nx=0.000 tfo=0.039 cnt=0.489) snap= 0.283 srm=  7.793 sat=  6.136(set=0.172 slv=5.963 max=5.9626 n=1) cex=R/T/F=0/0/1 trsplit=0 sim=22.778(rmp=1.646 run=21.132 n=1 d=0) incr=loc/full/maxdirty/keys=0/0/0/0 chk= 0.000(d=1) stat= 0.161 rest= 0.335
  [bmc-incr i=862 repr=1 active=901/176053 POs=1]
BMC : c =     899  cl =   4503  lit =  176052  p =     0  d =     0  f =     1  +  T =     0.03 sec
  [bmc-prof 862] wall=  29.517 p=     1 | ifo=  0.854(sd=0.189 nx=0.000 tfo=0.044 cnt=0.621) snap= 0.286 srm=  7.843 sat=  5.906(set=0.181 slv=5.723 max=5.7233 n=1) cex=R/T/F=0/0/1 trsplit=0 sim=14.180(rmp=0.401 run=13.779 n=1 d=0) incr=loc/full/maxdirty/keys=0/0/0/0 chk= 0.000(d=1) stat= 0.155 rest= 0.293
  [bmc-incr i=863 repr=1 active=900/176052 POs=1]
BMC : c =     898  cl =   4503  lit =  176051  p =     0  d =     0  f =     1  +  T =     0.03 sec
  [bmc-prof 863] wall=  29.926 p=     1 | ifo=  0.704(sd=0.176 nx=0.000 tfo=0.039 cnt=0.490) snap= 0.284 srm=  7.719 sat=  5.919(set=0.175 slv=5.743 max=5.7427 n=1) cex=R/T/F=0/0/1 trsplit=0 sim=14.836(rmp=0.411 run=14.424 n=1 d=0) incr=loc/full/maxdirty/keys=0/0/0/0 chk= 0.000(d=1) stat= 0.168 rest= 0.295
  [bmc-incr i=864 repr=1 active=899/176051 POs=1]
BMC : c =     897  cl =   4503  lit =  176050  p =     0  d =     0  f =     1  +  T =     0.03 sec
  [bmc-prof 864] wall=  32.597 p=     1 | ifo=  0.707(sd=0.175 nx=0.000 tfo=0.040 cnt=0.492) snap= 0.317 srm= 10.373 sat=  6.107(set=0.192 slv=5.913 max=5.9134 n=1) cex=R/T/F=0/0/1 trsplit=0 sim=14.573(rmp=0.443 run=14.129 n=1 d=0) incr=loc/full/maxdirty/keys=0/0/0/0 chk= 0.000(d=1) stat= 0.184 rest= 0.336
  [bmc-incr i=865 repr=1 active=898/176050 POs=1]
BMC : c =     896  cl =   4503  lit =  176049  p =     0  d =     0  f =     1  +  T =     0.03 sec
  [bmc-prof 865] wall=  29.390 p=     1 | ifo=  0.867(sd=0.225 nx=0.000 tfo=0.118 cnt=0.525) snap= 0.321 srm=  7.923 sat=  5.958(set=0.214 slv=5.743 max=5.7429 n=1) cex=R/T/F=0/0/1 trsplit=0 sim=13.838(rmp=0.477 run=13.360 n=1 d=0) incr=loc/full/maxdirty/keys=0/0/0/0 chk= 0.000(d=1) stat= 0.163 rest= 0.319
  [bmc-incr i=866 repr=1 active=897/176049 POs=1]
BMC : c =     895  cl =   4503  lit =  176048  p =     0  d =     0  f =     1  +  T =     0.03 sec
  [bmc-prof 866] wall=  31.125 p=     1 | ifo=  0.702(sd=0.179 nx=0.000 tfo=0.041 cnt=0.482) snap= 0.292 srm=  8.783 sat=  5.999(set=0.200 slv=5.797 max=5.7971 n=1) cex=R/T/F=0/0/1 trsplit=0 sim=14.823(rmp=0.449 run=14.373 n=1 d=0) incr=loc/full/maxdirty/keys=0/0/0/0 chk= 0.000(d=1) stat= 0.166 rest= 0.359
  [bmc-incr i=867 repr=1 active=896/176048 POs=1]
BMC : c =     894  cl =   4503  lit =  176047  p =     0  d =     0  f =     1  +  T =     0.03 sec
  [bmc-prof 867] wall=  30.874 p=     1 | ifo=  0.721(sd=0.185 nx=0.000 tfo=0.041 cnt=0.494) snap= 0.304 srm=  8.690 sat=  6.064(set=0.206 slv=5.856 max=5.8561 n=1) cex=R/T/F=0/0/1 trsplit=0 sim=14.640(rmp=0.436 run=14.204 n=1 d=0) incr=loc/full/maxdirty/keys=0/0/0/0 chk= 0.000(d=1) stat= 0.158 rest= 0.297
  [bmc-incr i=868 repr=1 active=895/176047 POs=1]
BMC : c =     893  cl =   4503  lit =  176046  p =     0  d =     0  f =     1  +  T =     0.03 sec
  [bmc-prof 868] wall=  29.737 p=     1 | ifo=  0.765(sd=0.201 nx=0.000 tfo=0.063 cnt=0.501) snap= 0.492 srm=  7.790 sat=  6.038(set=0.174 slv=5.863 max=5.8629 n=1) cex=R/T/F=0/0/1 trsplit=0 sim=14.200(rmp=0.394 run=13.806 n=1 d=0) incr=loc/full/maxdirty/keys=0/0/0/0 chk= 0.000(d=1) stat= 0.157 rest= 0.293
  [bmc-incr i=869 repr=1 active=894/176046 POs=1]
BMC : c =     892  cl =   4503  lit =  176045  p =     0  d =     0  f =     1  +  T =     0.04 sec
  [bmc-prof 869] wall=  41.522 p=     1 | ifo=  0.815(sd=0.200 nx=0.000 tfo=0.055 cnt=0.561) snap= 0.832 srm= 14.324 sat= 10.683(set=0.470 slv=10.210 max=10.2103 n=1) cex=R/T/F=0/0/1 trsplit=0 sim=13.836(rmp=0.593 run=13.243 n=1 d=0) incr=loc/full/maxdirty/keys=0/0/0/0 chk= 0.000(d=1) stat= 0.180 rest= 0.851
  [bmc-incr i=870 repr=1 active=893/176045 POs=1]
BMC : c =     891  cl =   4503  lit =  176044  p =     0  d =     0  f =     1  +  T =     0.03 sec
  [bmc-prof 870] wall=  29.741 p=     1 | ifo=  0.694(sd=0.175 nx=0.000 tfo=0.035 cnt=0.484) snap= 0.381 srm=  7.924 sat=  6.618(set=0.289 slv=6.327 max=6.3273 n=1) cex=R/T/F=0/0/1 trsplit=0 sim=13.616(rmp=0.502 run=13.113 n=1 d=0) incr=loc/full/maxdirty/keys=0/0/0/0 chk= 0.000(d=1) stat= 0.171 rest= 0.337
  [bmc-incr i=871 repr=1 active=892/176044 POs=1]
BMC : c =     890  cl =   4503  lit =  176043  p =     0  d =     0  f =     1  +  T =     0.03 sec
  [bmc-prof 871] wall=  29.152 p=     1 | ifo=  0.916(sd=0.207 nx=0.000 tfo=0.038 cnt=0.671) snap= 0.326 srm=  7.844 sat=  5.946(set=0.199 slv=5.745 max=5.7450 n=1) cex=R/T/F=0/0/1 trsplit=0 sim=13.621(rmp=0.467 run=13.154 n=1 d=0) incr=loc/full/maxdirty/keys=0/0/0/0 chk= 0.000(d=1) stat= 0.172 rest= 0.327
  [bmc-incr i=872 repr=1 active=891/176043 POs=1]
BMC : c =     889  cl =   4503  lit =  176042  p =     0  d =     0  f =     1  +  T =     0.03 sec
  [bmc-prof 872] wall=  28.990 p=     1 | ifo=  0.833(sd=0.241 nx=0.000 tfo=0.046 cnt=0.546) snap= 0.316 srm=  7.886 sat=  5.945(set=0.203 slv=5.741 max=5.7412 n=1) cex=R/T/F=0/0/1 trsplit=0 sim=13.497(rmp=0.471 run=13.025 n=1 d=0) incr=loc/full/maxdirty/keys=0/0/0/0 chk= 0.000(d=1) stat= 0.181 rest= 0.330
  [bmc-incr i=873 repr=1 active=890/176042 POs=1]
BMC : c =     888  cl =   4503  lit =  176041  p =     0  d =     0  f =     1  +  T =     0.03 sec
  [bmc-prof 873] wall=  30.598 p=     1 | ifo=  0.761(sd=0.216 nx=0.000 tfo=0.035 cnt=0.510) snap= 0.298 srm=  8.037 sat=  6.161(set=0.195 slv=5.963 max=5.9631 n=1) cex=R/T/F=0/0/1 trsplit=0 sim=14.859(rmp=0.439 run=14.418 n=1 d=0) incr=loc/full/maxdirty/keys=0/0/0/0 chk= 0.000(d=1) stat= 0.160 rest= 0.323
  [bmc-incr i=874 repr=1 active=889/176041 POs=1]
BMC : c =     887  cl =   4503  lit =  176040  p =     0  d =     0  f =     1  +  T =     0.03 sec
  [bmc-prof 874] wall=  29.210 p=     1 | ifo=  0.714(sd=0.182 nx=0.000 tfo=0.044 cnt=0.489) snap= 0.283 srm=  7.755 sat=  5.941(set=0.182 slv=5.757 max=5.7570 n=1) cex=R/T/F=0/0/1 trsplit=0 sim=14.075(rmp=0.397 run=13.678 n=1 d=0) incr=loc/full/maxdirty/keys=0/0/0/0 chk= 0.000(d=1) stat= 0.152 rest= 0.289
  [bmc-incr i=875 repr=1 active=888/176040 POs=1]
BMC : c =     886  cl =   4503  lit =  176039  p =     0  d =     0  f =     1  +  T =     0.03 sec
  [bmc-prof 875] wall=  30.221 p=     1 | ifo=  0.696(sd=0.177 nx=0.000 tfo=0.039 cnt=0.480) snap= 0.305 srm=  7.987 sat=  6.026(set=0.183 slv=5.841 max=5.8410 n=1) cex=R/T/F=0/0/1 trsplit=0 sim=14.750(rmp=0.434 run=14.315 n=1 d=0) incr=loc/full/maxdirty/keys=0/0/0/0 chk= 0.000(d=1) stat= 0.164 rest= 0.292
  [bmc-incr i=876 repr=1 active=887/176039 POs=1]
BMC : c =     885  cl =   4503  lit =  176038  p =     0  d =     0  f =     1  +  T =     0.03 sec
  [bmc-prof 876] wall=  32.206 p=     1 | ifo=  0.691(sd=0.174 nx=0.000 tfo=0.037 cnt=0.480) snap= 0.292 srm=  7.913 sat=  7.906(set=0.186 slv=7.718 max=7.7180 n=1) cex=R/T/F=0/0/1 trsplit=0 sim=14.895(rmp=0.620 run=14.274 n=1 d=0) incr=loc/full/maxdirty/keys=0/0/0/0 chk= 0.000(d=1) stat= 0.158 rest= 0.350
  [bmc-incr i=877 repr=1 active=886/176038 POs=1]
BMC : c =     884  cl =   4503  lit =  176037  p =     0  d =     0  f =     1  +  T =     0.03 sec
  [bmc-prof 877] wall=  29.162 p=     1 | ifo=  0.714(sd=0.185 nx=0.000 tfo=0.040 cnt=0.489) snap= 0.284 srm=  7.733 sat=  5.973(set=0.189 slv=5.782 max=5.7822 n=1) cex=R/T/F=0/0/1 trsplit=0 sim=13.995(rmp=0.394 run=13.600 n=1 d=0) incr=loc/full/maxdirty/keys=0/0/0/0 chk= 0.000(d=1) stat= 0.166 rest= 0.296
  [bmc-incr i=878 repr=1 active=885/176037 POs=1]
BMC : c =     883  cl =   4503  lit =  176036  p =     0  d =     0  f =     1  +  T =     0.03 sec
  [bmc-prof 878] wall=  29.549 p=     1 | ifo=  0.706(sd=0.185 nx=0.000 tfo=0.039 cnt=0.482) snap= 0.283 srm=  7.588 sat=  5.996(set=0.173 slv=5.820 max=5.8200 n=1) cex=R/T/F=0/0/1 trsplit=0 sim=14.511(rmp=0.450 run=14.060 n=1 d=0) incr=loc/full/maxdirty/keys=0/0/0/0 chk= 0.000(d=1) stat= 0.157 rest= 0.309
  [bmc-incr i=879 repr=1 active=884/176036 POs=1]
BMC : c =     882  cl =   4503  lit =  176035  p =     0  d =     0  f =     1  +  T =     0.03 sec
  [bmc-prof 879] wall=  28.986 p=     1 | ifo=  0.726(sd=0.192 nx=0.000 tfo=0.051 cnt=0.483) snap= 0.294 srm=  7.618 sat=  5.951(set=0.177 slv=5.772 max=5.7717 n=1) cex=R/T/F=0/0/1 trsplit=0 sim=13.933(rmp=0.406 run=13.526 n=1 d=0) incr=loc/full/maxdirty/keys=0/0/0/0 chk= 0.000(d=1) stat= 0.167 rest= 0.296
  [bmc-incr i=880 repr=1 active=883/176035 POs=1]
BMC : c =     881  cl =   4503  lit =  176034  p =     0  d =     0  f =     1  +  T =     0.03 sec
  [bmc-prof 880] wall=  29.555 p=     1 | ifo=  0.705(sd=0.183 nx=0.000 tfo=0.043 cnt=0.479) snap= 0.281 srm=  7.735 sat=  5.979(set=0.174 slv=5.803 max=5.8025 n=1) cex=R/T/F=0/0/1 trsplit=0 sim=14.384(rmp=0.442 run=13.942 n=1 d=0) incr=loc/full/maxdirty/keys=0/0/0/0 chk= 0.000(d=1) stat= 0.172 rest= 0.299
  [bmc-incr i=881 repr=1 active=882/176034 POs=1]
BMC : c =     880  cl =   4503  lit =  176033  p =     0  d =     0  f =     1  +  T =     0.03 sec
  [bmc-prof 881] wall=  29.136 p=     1 | ifo=  0.710(sd=0.178 nx=0.000 tfo=0.043 cnt=0.489) snap= 0.283 srm=  7.731 sat=  5.946(set=0.172 slv=5.772 max=5.7719 n=1) cex=R/T/F=0/0/1 trsplit=0 sim=14.020(rmp=0.454 run=13.565 n=1 d=0) incr=loc/full/maxdirty/keys=0/0/0/0 chk= 0.000(d=1) stat= 0.156 rest= 0.290
  [bmc-incr i=882 repr=1 active=881/176033 POs=1]
BMC : c =     879  cl =   4503  lit =  176032  p =     0  d =     0  f =     1  +  T =     0.03 sec
  [bmc-prof 882] wall=  29.261 p=     1 | ifo=  0.701(sd=0.176 nx=0.000 tfo=0.037 cnt=0.488) snap= 0.281 srm=  7.643 sat=  6.091(set=0.180 slv=5.909 max=5.9093 n=1) cex=R/T/F=0/0/1 trsplit=0 sim=14.097(rmp=0.408 run=13.688 n=1 d=0) incr=loc/full/maxdirty/keys=0/0/0/0 chk= 0.000(d=1) stat= 0.153 rest= 0.294
  [bmc-incr i=883 repr=1 active=880/176032 POs=1]
BMC : c =     878  cl =   4503  lit =  176031  p =     0  d =     0  f =     1  +  T =     0.04 sec
  [bmc-prof 883] wall=  36.247 p=     1 | ifo=  0.706(sd=0.183 nx=0.000 tfo=0.036 cnt=0.488) snap= 0.937 srm=  7.864 sat= 11.007(set=0.193 slv=10.811 max=10.8106 n=1) cex=R/T/F=0/0/1 trsplit=0 sim=15.218(rmp=0.465 run=14.752 n=1 d=0) incr=loc/full/maxdirty/keys=0/0/0/0 chk= 0.000(d=1) stat= 0.169 rest= 0.345
  [bmc-incr i=884 repr=1 active=879/176031 POs=1]
BMC : c =     877  cl =   4503  lit =  176030  p =     0  d =     0  f =     1  +  T =     0.03 sec
  [bmc-prof 884] wall=  29.907 p=     1 | ifo=  1.225(sd=0.181 nx=0.000 tfo=0.067 cnt=0.977) snap= 0.287 srm=  7.908 sat=  5.969(set=0.184 slv=5.784 max=5.7835 n=1) cex=R/T/F=0/0/1 trsplit=0 sim=14.054(rmp=0.474 run=13.579 n=1 d=0) incr=loc/full/maxdirty/keys=0/0/0/0 chk= 0.000(d=1) stat= 0.164 rest= 0.300
  [bmc-incr i=885 repr=1 active=878/176030 POs=1]
BMC : c =     876  cl =   4503  lit =  176029  p =     0  d =     0  f =     1  +  T =     0.03 sec
  [bmc-prof 885] wall=  29.210 p=     1 | ifo=  0.763(sd=0.208 nx=0.000 tfo=0.070 cnt=0.485) snap= 0.292 srm=  7.719 sat=  6.009(set=0.174 slv=5.833 max=5.8333 n=1) cex=R/T/F=0/0/1 trsplit=0 sim=13.982(rmp=0.463 run=13.519 n=1 d=0) incr=loc/full/maxdirty/keys=0/0/0/0 chk= 0.000(d=1) stat= 0.154 rest= 0.291
  [bmc-incr i=886 repr=1 active=877/176029 POs=1]
BMC : c =     875  cl =   4503  lit =  176028  p =     0  d =     0  f =     1  +  T =     0.03 sec
  [bmc-prof 886] wall=  29.244 p=     1 | ifo=  0.690(sd=0.174 nx=0.000 tfo=0.030 cnt=0.486) snap= 0.295 srm=  7.696 sat=  5.955(set=0.173 slv=5.781 max=5.7809 n=1) cex=R/T/F=0/0/1 trsplit=0 sim=14.164(rmp=0.406 run=13.757 n=1 d=0) incr=loc/full/maxdirty/keys=0/0/0/0 chk= 0.000(d=1) stat= 0.155 rest= 0.290
  [bmc-incr i=887 repr=1 active=876/176028 POs=1]
BMC : c =     874  cl =   4503  lit =  176027  p =     0  d =     0  f =     1  +  T =     0.03 sec
  [bmc-prof 887] wall=  29.412 p=     1 | ifo=  0.706(sd=0.176 nx=0.000 tfo=0.042 cnt=0.487) snap= 0.287 srm=  7.999 sat=  5.961(set=0.177 slv=5.781 max=5.7813 n=1) cex=R/T/F=0/0/1 trsplit=0 sim=14.017(rmp=0.395 run=13.622 n=1 d=0) incr=loc/full/maxdirty/keys=0/0/0/0 chk= 0.000(d=1) stat= 0.153 rest= 0.289
  [bmc-incr i=888 repr=1 active=875/176027 POs=1]
BMC : c =     873  cl =   4503  lit =  176026  p =     0  d =     0  f =     1  +  T =     0.03 sec
  [bmc-prof 888] wall=  31.067 p=     1 | ifo=  0.684(sd=0.174 nx=0.000 tfo=0.030 cnt=0.480) snap= 0.286 srm=  8.512 sat=  6.744(set=0.176 slv=6.566 max=6.5657 n=1) cex=R/T/F=0/0/1 trsplit=0 sim=14.356(rmp=0.431 run=13.925 n=1 d=0) incr=loc/full/maxdirty/keys=0/0/0/0 chk= 0.000(d=1) stat= 0.160 rest= 0.324
  [bmc-incr i=889 repr=1 active=874/176026 POs=1]
BMC : c =     872  cl =   4503  lit =  176025  p =     0  d =     0  f =     1  +  T =     0.03 sec
  [bmc-prof 889] wall=  29.270 p=     1 | ifo=  0.746(sd=0.223 nx=0.000 tfo=0.037 cnt=0.486) snap= 0.282 srm=  7.626 sat=  5.965(set=0.174 slv=5.789 max=5.7894 n=1) cex=R/T/F=0/0/1 trsplit=0 sim=14.176(rmp=0.394 run=13.780 n=1 d=0) incr=loc/full/maxdirty/keys=0/0/0/0 chk= 0.000(d=1) stat= 0.170 rest= 0.304
  [bmc-incr i=890 repr=1 active=873/176025 POs=1]
BMC : c =     871  cl =   4503  lit =  176024  p =     0  d =     0  f =     1  +  T =     0.03 sec
  [bmc-prof 890] wall=  30.033 p=     1 | ifo=  0.708(sd=0.179 nx=0.000 tfo=0.040 cnt=0.489) snap= 0.307 srm=  7.873 sat=  5.982(set=0.190 slv=5.790 max=5.7905 n=1) cex=R/T/F=0/0/1 trsplit=0 sim=14.707(rmp=0.423 run=14.283 n=1 d=0) incr=loc/full/maxdirty/keys=0/0/0/0 chk= 0.000(d=1) stat= 0.159 rest= 0.296
  [bmc-incr i=891 repr=1 active=872/176024 POs=1]
BMC : c =     870  cl =   4503  lit =  176023  p =     0  d =     0  f =     1  +  T =     0.03 sec
  [bmc-prof 891] wall=  31.854 p=     1 | ifo=  0.705(sd=0.186 nx=0.000 tfo=0.039 cnt=0.480) snap= 0.284 srm=  8.837 sat=  6.537(set=0.176 slv=6.359 max=6.3586 n=1) cex=R/T/F=0/0/1 trsplit=0 sim=14.950(rmp=0.411 run=14.537 n=1 d=0) incr=loc/full/maxdirty/keys=0/0/0/0 chk= 0.000(d=1) stat= 0.238 rest= 0.304
  [bmc-incr i=892 repr=1 active=871/176023 POs=1]
BMC : c =     869  cl =   4503  lit =  176022  p =     0  d =     0  f =     1  +  T =     0.03 sec
  [bmc-prof 892] wall=  29.277 p=     1 | ifo=  0.759(sd=0.221 nx=0.000 tfo=0.050 cnt=0.488) snap= 0.294 srm=  7.776 sat=  5.987(set=0.185 slv=5.801 max=5.8005 n=1) cex=R/T/F=0/0/1 trsplit=0 sim=14.019(rmp=0.469 run=13.549 n=1 d=0) incr=loc/full/maxdirty/keys=0/0/0/0 chk= 0.000(d=1) stat= 0.154 rest= 0.289
  [bmc-incr i=893 repr=1 active=870/176022 POs=1]
BMC : c =     868  cl =   4503  lit =  176021  p =     0  d =     0  f =     1  +  T =     0.03 sec
  [bmc-prof 893] wall=  30.312 p=     1 | ifo=  0.704(sd=0.175 nx=0.000 tfo=0.038 cnt=0.492) snap= 0.283 srm=  7.651 sat=  6.651(set=0.175 slv=6.474 max=6.4742 n=1) cex=R/T/F=0/0/1 trsplit=0 sim=14.555(rmp=0.454 run=14.101 n=1 d=0) incr=loc/full/maxdirty/keys=0/0/0/0 chk= 0.000(d=1) stat= 0.157 rest= 0.310
  [bmc-incr i=894 repr=1 active=869/176021 POs=1]
BMC : c =     867  cl =   4503  lit =  176020  p =     0  d =     0  f =     1  +  T =     0.03 sec
  [bmc-prof 894] wall=  29.339 p=     1 | ifo=  0.737(sd=0.184 nx=0.000 tfo=0.048 cnt=0.505) snap= 0.283 srm=  7.751 sat=  5.980(set=0.176 slv=5.802 max=5.8020 n=1) cex=R/T/F=0/0/1 trsplit=0 sim=14.103(rmp=0.402 run=13.700 n=1 d=0) incr=loc/full/maxdirty/keys=0/0/0/0 chk= 0.000(d=1) stat= 0.169 rest= 0.316
  [bmc-incr i=895 repr=1 active=868/176020 POs=1]
BMC : c =     866  cl =   4503  lit =  176019  p =     0  d =     0  f =     1  +  T =     0.03 sec
  [bmc-prof 895] wall=  29.669 p=     1 | ifo=  0.702(sd=0.181 nx=0.000 tfo=0.041 cnt=0.480) snap= 0.284 srm=  7.986 sat=  6.015(set=0.193 slv=5.820 max=5.8199 n=1) cex=R/T/F=0/0/1 trsplit=0 sim=14.177(rmp=0.420 run=13.757 n=1 d=0) incr=loc/full/maxdirty/keys=0/0/0/0 chk= 0.000(d=1) stat= 0.210 rest= 0.294
  [bmc-incr i=896 repr=1 active=867/176019 POs=1]
BMC : c =     865  cl =   4503  lit =  176018  p =     0  d =     0  f =     1  +  T =     0.03 sec
  [bmc-prof 896] wall=  29.290 p=     1 | ifo=  0.706(sd=0.182 nx=0.000 tfo=0.043 cnt=0.481) snap= 0.291 srm=  7.766 sat=  5.989(set=0.178 slv=5.809 max=5.8094 n=1) cex=R/T/F=0/0/1 trsplit=0 sim=14.092(rmp=0.400 run=13.692 n=1 d=0) incr=loc/full/maxdirty/keys=0/0/0/0 chk= 0.000(d=1) stat= 0.156 rest= 0.290
  [bmc-incr i=897 repr=1 active=866/176018 POs=1]
BMC : c =     864  cl =   4503  lit =  176017  p =     0  d =     0  f =     1  +  T =     0.03 sec
  [bmc-prof 897] wall=  29.570 p=     1 | ifo=  0.703(sd=0.176 nx=0.000 tfo=0.041 cnt=0.486) snap= 0.288 srm=  7.927 sat=  6.053(set=0.200 slv=5.851 max=5.8508 n=1) cex=R/T/F=0/0/1 trsplit=0 sim=14.147(rmp=0.440 run=13.707 n=1 d=0) incr=loc/full/maxdirty/keys=0/0/0/0 chk= 0.000(d=1) stat= 0.155 rest= 0.296
  [bmc-incr i=898 repr=1 active=865/176017 POs=1]
BMC : c =     863  cl =   4503  lit =  176016  p =     0  d =     0  f =     1  +  T =     0.03 sec
  [bmc-prof 898] wall=  29.295 p=     1 | ifo=  0.700(sd=0.178 nx=0.000 tfo=0.039 cnt=0.483) snap= 0.299 srm=  7.843 sat=  6.089(set=0.183 slv=5.904 max=5.9035 n=1) cex=R/T/F=0/0/1 trsplit=0 sim=13.923(rmp=0.392 run=13.531 n=1 d=0) incr=loc/full/maxdirty/keys=0/0/0/0 chk= 0.000(d=1) stat= 0.153 rest= 0.288
  [bmc-incr i=899 repr=1 active=864/176016 POs=1]
BMC : c =     862  cl =   4503  lit =  176015  p =     0  d =     0  f =     1  +  T =     0.03 sec
  [bmc-prof 899] wall=  30.519 p=     1 | ifo=  0.697(sd=0.182 nx=0.000 tfo=0.033 cnt=0.483) snap= 0.291 srm=  7.858 sat=  6.022(set=0.173 slv=5.848 max=5.8476 n=1) cex=R/T/F=0/0/1 trsplit=0 sim=15.184(rmp=0.395 run=14.788 n=1 d=0) incr=loc/full/maxdirty/keys=0/0/0/0 chk= 0.000(d=1) stat= 0.163 rest= 0.303
  [bmc-incr i=900 repr=1 active=863/176015 POs=1]
BMC : c =     861  cl =   4503  lit =  176014  p =     0  d =     0  f =     1  +  T =     0.03 sec
  [bmc-prof 900] wall=  29.734 p=     1 | ifo=  0.707(sd=0.180 nx=0.000 tfo=0.035 cnt=0.492) snap= 0.282 srm=  7.748 sat=  6.017(set=0.189 slv=5.826 max=5.8259 n=1) cex=R/T/F=0/0/1 trsplit=0 sim=14.516(rmp=0.417 run=14.098 n=1 d=0) incr=loc/full/maxdirty/keys=0/0/0/0 chk= 0.000(d=1) stat= 0.160 rest= 0.304
  [bmc-incr i=901 repr=1 active=862/176014 POs=1]
BMC : c =     860  cl =   4503  lit =  176013  p =     0  d =     0  f =     1  +  T =     0.03 sec
  [bmc-prof 901] wall=  29.641 p=     1 | ifo=  0.714(sd=0.180 nx=0.000 tfo=0.043 cnt=0.491) snap= 0.287 srm=  8.020 sat=  6.016(set=0.191 slv=5.824 max=5.8238 n=1) cex=R/T/F=0/0/1 trsplit=0 sim=14.153(rmp=0.414 run=13.739 n=1 d=0) incr=loc/full/maxdirty/keys=0/0/0/0 chk= 0.000(d=1) stat= 0.158 rest= 0.293
  [bmc-incr i=902 repr=1 active=861/176013 POs=1]
BMC : c =     859  cl =   4503  lit =  176012  p =     0  d =     0  f =     1  +  T =     0.03 sec
  [bmc-prof 902] wall=  29.379 p=     1 | ifo=  0.715(sd=0.186 nx=0.000 tfo=0.041 cnt=0.487) snap= 0.298 srm=  7.822 sat=  6.041(set=0.177 slv=5.862 max=5.8621 n=1) cex=R/T/F=0/0/1 trsplit=0 sim=14.046(rmp=0.401 run=13.644 n=1 d=0) incr=loc/full/maxdirty/keys=0/0/0/0 chk= 0.000(d=1) stat= 0.156 rest= 0.301
  [bmc-incr i=903 repr=1 active=860/176012 POs=1]
BMC : c =     858  cl =   4503  lit =  176011  p =     0  d =     0  f =     1  +  T =     0.03 sec
  [bmc-prof 903] wall=  29.645 p=     1 | ifo=  0.694(sd=0.177 nx=0.000 tfo=0.039 cnt=0.479) snap= 0.300 srm=  8.016 sat=  6.039(set=0.183 slv=5.854 max=5.8542 n=1) cex=R/T/F=0/0/1 trsplit=0 sim=14.141(rmp=0.408 run=13.732 n=1 d=0) incr=loc/full/maxdirty/keys=0/0/0/0 chk= 0.000(d=1) stat= 0.157 rest= 0.298
  [bmc-incr i=904 repr=1 active=859/176011 POs=1]
BMC : c =     857  cl =   4503  lit =  176010  p =     0  d =     0  f =     1  +  T =     0.03 sec
  [bmc-prof 904] wall=  30.425 p=     1 | ifo=  0.742(sd=0.203 nx=0.000 tfo=0.058 cnt=0.482) snap= 0.282 srm=  7.794 sat=  7.142(set=0.182 slv=6.958 max=6.9577 n=1) cex=R/T/F=0/0/1 trsplit=0 sim=13.962(rmp=0.396 run=13.565 n=1 d=0) incr=loc/full/maxdirty/keys=0/0/0/0 chk= 0.000(d=1) stat= 0.206 rest= 0.297
  [bmc-incr i=905 repr=1 active=858/176010 POs=1]
BMC : c =     856  cl =   4503  lit =  176009  p =     0  d =     0  f =     1  +  T =     0.03 sec
  [bmc-prof 905] wall=  29.377 p=     1 | ifo=  0.687(sd=0.174 nx=0.000 tfo=0.035 cnt=0.479) snap= 0.292 srm=  7.751 sat=  6.146(set=0.175 slv=5.969 max=5.9690 n=1) cex=R/T/F=0/0/1 trsplit=0 sim=14.056(rmp=0.404 run=13.652 n=1 d=0) incr=loc/full/maxdirty/keys=0/0/0/0 chk= 0.000(d=1) stat= 0.155 rest= 0.289
  [bmc-incr i=906 repr=1 active=857/176009 POs=1]
BMC : c =     855  cl =   4503  lit =  176008  p =     0  d =     0  f =     1  +  T =     0.03 sec
  [bmc-prof 906] wall=  33.892 p=     1 | ifo=  0.730(sd=0.195 nx=0.000 tfo=0.053 cnt=0.482) snap= 0.282 srm=  7.779 sat=  6.018(set=0.179 slv=5.838 max=5.8375 n=1) cex=R/T/F=0/0/1 trsplit=0 sim=18.615(rmp=0.416 run=18.198 n=1 d=0) incr=loc/full/maxdirty/keys=0/0/0/0 chk= 0.000(d=1) stat= 0.166 rest= 0.301
  [bmc-incr i=907 repr=1 active=856/176008 POs=1]
BMC : c =     854  cl =   4503  lit =  176007  p =     0  d =     0  f =     1  +  T =     0.03 sec
  [bmc-prof 907] wall=  30.823 p=     1 | ifo=  0.722(sd=0.182 nx=0.000 tfo=0.040 cnt=0.500) snap= 0.294 srm=  8.736 sat=  6.260(set=0.185 slv=6.073 max=6.0727 n=1) cex=R/T/F=0/0/1 trsplit=0 sim=14.350(rmp=0.423 run=13.927 n=1 d=0) incr=loc/full/maxdirty/keys=0/0/0/0 chk= 0.000(d=1) stat= 0.155 rest= 0.305
  [bmc-incr i=908 repr=1 active=855/176007 POs=1]
BMC : c =     853  cl =   4503  lit =  176006  p =     0  d =     0  f =     1  +  T =     0.03 sec
  [bmc-prof 908] wall=  32.771 p=     1 | ifo=  0.711(sd=0.175 nx=0.000 tfo=0.037 cnt=0.499) snap= 0.285 srm=  7.841 sat=  9.054(set=0.174 slv=8.877 max=8.8774 n=1) cex=R/T/F=0/0/1 trsplit=0 sim=14.360(rmp=0.410 run=13.950 n=1 d=0) incr=loc/full/maxdirty/keys=0/0/0/0 chk= 0.000(d=1) stat= 0.183 rest= 0.336
  [bmc-incr i=909 repr=1 active=854/176006 POs=1]
BMC : c =     852  cl =   4503  lit =  176005  p =     0  d =     0  f =     1  +  T =     0.03 sec
  [bmc-prof 909] wall=  32.364 p=     1 | ifo=  0.788(sd=0.217 nx=0.000 tfo=0.048 cnt=0.524) snap= 0.463 srm=  9.387 sat=  6.315(set=0.280 slv=6.033 max=6.0330 n=1) cex=R/T/F=0/0/1 trsplit=0 sim=14.856(rmp=0.493 run=14.362 n=1 d=0) incr=loc/full/maxdirty/keys=0/0/0/0 chk= 0.000(d=1) stat= 0.196 rest= 0.358
  [bmc-incr i=910 repr=1 active=853/176005 POs=1]
BMC : c =     851  cl =   4503  lit =  176004  p =     0  d =     0  f =     1  +  T =     0.03 sec
  [bmc-prof 910] wall=  31.341 p=     1 | ifo=  0.783(sd=0.222 nx=0.000 tfo=0.043 cnt=0.518) snap= 0.325 srm=  8.167 sat=  6.688(set=0.212 slv=6.470 max=6.4700 n=1) cex=R/T/F=0/0/1 trsplit=0 sim=14.708(rmp=0.440 run=14.268 n=1 d=0) incr=loc/full/maxdirty/keys=0/0/0/0 chk= 0.000(d=1) stat= 0.246 rest= 0.424
  [bmc-incr i=911 repr=1 active=852/176004 POs=1]
BMC : c =     850  cl =   4503  lit =  176003  p =     0  d =     0  f =     1  +  T =     0.03 sec
  [bmc-prof 911] wall=  29.721 p=     1 | ifo=  0.714(sd=0.189 nx=0.000 tfo=0.042 cnt=0.483) snap= 0.283 srm=  7.684 sat=  6.381(set=0.178 slv=6.200 max=6.2004 n=1) cex=R/T/F=0/0/1 trsplit=0 sim=14.137(rmp=0.441 run=13.695 n=1 d=0) incr=loc/full/maxdirty/keys=0/0/0/0 chk= 0.000(d=1) stat= 0.185 rest= 0.335
  [bmc-incr i=912 repr=1 active=851/176003 POs=1]
BMC : c =     849  cl =   4503  lit =  176002  p =     0  d =     0  f =     1  +  T =     0.03 sec
  [bmc-prof 912] wall=  31.395 p=     1 | ifo=  0.905(sd=0.320 nx=0.000 tfo=0.049 cnt=0.535) snap= 0.297 srm=  9.459 sat=  6.223(set=0.204 slv=6.017 max=6.0169 n=1) cex=R/T/F=0/0/1 trsplit=0 sim=14.015(rmp=0.421 run=13.594 n=1 d=0) incr=loc/full/maxdirty/keys=0/0/0/0 chk= 0.000(d=1) stat= 0.162 rest= 0.333
  [bmc-incr i=913 repr=1 active=850/176002 POs=1]
BMC : c =     848  cl =   4503  lit =  176001  p =     0  d =     0  f =     1  +  T =     0.03 sec
  [bmc-prof 913] wall=  30.047 p=     1 | ifo=  0.756(sd=0.206 nx=0.000 tfo=0.066 cnt=0.484) snap= 0.282 srm=  7.711 sat=  6.100(set=0.174 slv=5.924 max=5.9242 n=1) cex=R/T/F=0/0/1 trsplit=0 sim=14.612(rmp=0.435 run=14.176 n=1 d=0) incr=loc/full/maxdirty/keys=0/0/0/0 chk= 0.000(d=1) stat= 0.258 rest= 0.328
  [bmc-incr i=914 repr=1 active=849/176001 POs=1]
BMC : c =     847  cl =   4503  lit =  176000  p =     0  d =     0  f =     1  +  T =     0.03 sec
  [bmc-prof 914] wall=  30.104 p=     1 | ifo=  0.746(sd=0.210 nx=0.000 tfo=0.044 cnt=0.492) snap= 0.290 srm=  7.777 sat=  6.073(set=0.184 slv=5.887 max=5.8872 n=1) cex=R/T/F=0/0/1 trsplit=0 sim=14.054(rmp=0.417 run=13.637 n=1 d=0) incr=loc/full/maxdirty/keys=0/0/0/0 chk= 0.001(d=1) stat= 0.402 rest= 0.760
  [bmc-incr i=915 repr=1 active=848/176000 POs=1]
BMC : c =     846  cl =   4503  lit =  175999  p =     0  d =     0  f =     1  +  T =     0.03 sec
  [bmc-prof 915] wall=  29.730 p=     1 | ifo=  0.708(sd=0.185 nx=0.000 tfo=0.039 cnt=0.485) snap= 0.284 srm=  8.457 sat=  6.035(set=0.175 slv=5.858 max=5.8581 n=1) cex=R/T/F=0/0/1 trsplit=0 sim=13.803(rmp=0.398 run=13.404 n=1 d=0) incr=loc/full/maxdirty/keys=0/0/0/0 chk= 0.000(d=1) stat= 0.155 rest= 0.289
  [bmc-incr i=916 repr=1 active=847/175999 POs=1]
BMC : c =     845  cl =   4503  lit =  175998  p =     0  d =     0  f =     1  +  T =     0.03 sec
  [bmc-prof 916] wall=  32.120 p=     1 | ifo=  0.707(sd=0.182 nx=0.000 tfo=0.031 cnt=0.494) snap= 0.301 srm=  7.914 sat=  7.903(set=0.195 slv=7.705 max=7.7046 n=1) cex=R/T/F=0/0/1 trsplit=0 sim=14.481(rmp=0.413 run=14.067 n=1 d=0) incr=loc/full/maxdirty/keys=0/0/0/0 chk= 0.000(d=1) stat= 0.467 rest= 0.348
  [bmc-incr i=917 repr=1 active=846/175998 POs=1]
BMC : c =     844  cl =   4503  lit =  175997  p =     0  d =     0  f =     1  +  T =     0.03 sec
  [bmc-prof 917] wall=  30.002 p=     1 | ifo=  0.777(sd=0.210 nx=0.000 tfo=0.063 cnt=0.505) snap= 0.280 srm=  8.288 sat=  6.045(set=0.175 slv=5.868 max=5.8681 n=1) cex=R/T/F=0/0/1 trsplit=0 sim=14.027(rmp=0.399 run=13.627 n=1 d=0) incr=loc/full/maxdirty/keys=0/0/0/0 chk= 0.000(d=1) stat= 0.156 rest= 0.430
  [bmc-incr i=918 repr=1 active=845/175997 POs=1]
BMC : c =     843  cl =   4503  lit =  175996  p =     0  d =     0  f =     1  +  T =     0.03 sec
  [bmc-prof 918] wall=  29.844 p=     1 | ifo=  0.703(sd=0.187 nx=0.000 tfo=0.036 cnt=0.480) snap= 0.285 srm=  8.120 sat=  6.055(set=0.182 slv=5.872 max=5.8718 n=1) cex=R/T/F=0/0/1 trsplit=0 sim=14.228(rmp=0.405 run=13.822 n=1 d=0) incr=loc/full/maxdirty/keys=0/0/0/0 chk= 0.000(d=1) stat= 0.158 rest= 0.294
  [bmc-incr i=919 repr=1 active=844/175996 POs=1]
BMC : c =     842  cl =   4503  lit =  175995  p =     0  d =     0  f =     1  +  T =     0.03 sec
  [bmc-prof 919] wall=  29.285 p=     1 | ifo=  0.705(sd=0.176 nx=0.000 tfo=0.039 cnt=0.489) snap= 0.283 srm=  7.822 sat=  6.052(set=0.179 slv=5.870 max=5.8702 n=1) cex=R/T/F=0/0/1 trsplit=0 sim=13.979(rmp=0.406 run=13.572 n=1 d=0) incr=loc/full/maxdirty/keys=0/0/0/0 chk= 0.000(d=1) stat= 0.154 rest= 0.290
  [bmc-incr i=920 repr=1 active=843/175995 POs=1]
BMC : c =     841  cl =   4503  lit =  175994  p =     0  d =     0  f =     1  +  T =     0.03 sec
  [bmc-prof 920] wall=  31.340 p=     1 | ifo=  0.692(sd=0.176 nx=0.000 tfo=0.037 cnt=0.479) snap= 0.282 srm=  7.886 sat=  6.056(set=0.188 slv=5.866 max=5.8658 n=1) cex=R/T/F=0/0/1 trsplit=0 sim=15.962(rmp=0.406 run=15.555 n=1 d=0) incr=loc/full/maxdirty/keys=0/0/0/0 chk= 0.000(d=1) stat= 0.158 rest= 0.305
  [bmc-incr i=921 repr=1 active=842/175994 POs=1]
BMC : c =     840  cl =   4503  lit =  175993  p =     0  d =     0  f =     1  +  T =     0.03 sec
  [bmc-prof 921] wall=  31.560 p=     1 | ifo=  0.716(sd=0.185 nx=0.000 tfo=0.041 cnt=0.489) snap= 0.349 srm=  8.552 sat=  6.365(set=0.208 slv=6.156 max=6.1559 n=1) cex=R/T/F=0/0/1 trsplit=0 sim=14.788(rmp=0.417 run=14.370 n=1 d=0) incr=loc/full/maxdirty/keys=0/0/0/0 chk= 0.000(d=1) stat= 0.297 rest= 0.492
  [bmc-incr i=922 repr=1 active=841/175993 POs=1]
BMC : c =     839  cl =   4503  lit =  175992  p =     0  d =     0  f =     1  +  T =     0.03 sec
  [bmc-prof 922] wall=  34.533 p=     1 | ifo=  1.280(sd=0.338 nx=0.000 tfo=0.049 cnt=0.894) snap= 0.334 srm=  8.644 sat=  6.158(set=0.178 slv=5.979 max=5.9789 n=1) cex=R/T/F=0/0/1 trsplit=0 sim=17.262(rmp=0.400 run=16.861 n=1 d=0) incr=loc/full/maxdirty/keys=0/0/0/0 chk= 0.000(d=1) stat= 0.376 rest= 0.478
  [bmc-incr i=923 repr=1 active=840/175992 POs=1]
BMC : c =     838  cl =   4503  lit =  175991  p =     0  d =     0  f =     1  +  T =     0.03 sec
  [bmc-prof 923] wall=  30.283 p=     1 | ifo=  1.193(sd=0.320 nx=0.000 tfo=0.041 cnt=0.833) snap= 0.283 srm=  8.223 sat=  6.091(set=0.184 slv=5.906 max=5.9059 n=1) cex=R/T/F=0/0/1 trsplit=0 sim=14.035(rmp=0.400 run=13.635 n=1 d=0) incr=loc/full/maxdirty/keys=0/0/0/0 chk= 0.000(d=1) stat= 0.159 rest= 0.297
  [bmc-incr i=924 repr=1 active=839/175991 POs=1]
BMC : c =     837  cl =   4503  lit =  175990  p =     0  d =     0  f =     1  +  T =     0.03 sec
  [bmc-prof 924] wall=  29.199 p=     1 | ifo=  0.762(sd=0.211 nx=0.000 tfo=0.059 cnt=0.493) snap= 0.282 srm=  7.693 sat=  6.065(set=0.175 slv=5.888 max=5.8878 n=1) cex=R/T/F=0/0/1 trsplit=0 sim=13.953(rmp=0.397 run=13.556 n=1 d=0) incr=loc/full/maxdirty/keys=0/0/0/0 chk= 0.000(d=1) stat= 0.155 rest= 0.289
  [bmc-incr i=925 repr=1 active=838/175990 POs=1]
BMC : c =     836  cl =   4503  lit =  175989  p =     0  d =     0  f =     1  +  T =     0.03 sec
  [bmc-prof 925] wall=  29.038 p=     1 | ifo=  0.686(sd=0.174 nx=0.000 tfo=0.032 cnt=0.480) snap= 0.291 srm=  7.684 sat=  6.066(set=0.176 slv=5.888 max=5.8881 n=1) cex=R/T/F=0/0/1 trsplit=0 sim=13.871(rmp=0.395 run=13.475 n=1 d=0) incr=loc/full/maxdirty/keys=0/0/0/0 chk= 0.000(d=1) stat= 0.153 rest= 0.288
  [bmc-incr i=926 repr=1 active=837/175989 POs=1]
BMC : c =     835  cl =   4503  lit =  175988  p =     0  d =     0  f =     1  +  T =     0.03 sec
  [bmc-prof 926] wall=  29.213 p=     1 | ifo=  0.749(sd=0.174 nx=0.000 tfo=0.028 cnt=0.547) snap= 0.282 srm=  7.667 sat=  6.085(set=0.174 slv=5.910 max=5.9095 n=1) cex=R/T/F=0/0/1 trsplit=0 sim=13.971(rmp=0.401 run=13.570 n=1 d=0) incr=loc/full/maxdirty/keys=0/0/0/0 chk= 0.000(d=1) stat= 0.159 rest= 0.300
  [bmc-incr i=927 repr=1 active=836/175988 POs=1]
BMC : c =     834  cl =   4503  lit =  175987  p =     0  d =     0  f =     1  +  T =     0.03 sec
  [bmc-prof 927] wall=  31.212 p=     1 | ifo=  0.700(sd=0.180 nx=0.000 tfo=0.032 cnt=0.489) snap= 0.298 srm=  8.848 sat=  6.395(set=0.198 slv=6.195 max=6.1947 n=1) cex=R/T/F=0/0/1 trsplit=0 sim=14.511(rmp=0.459 run=14.051 n=1 d=0) incr=loc/full/maxdirty/keys=0/0/0/0 chk= 0.000(d=1) stat= 0.159 rest= 0.300
  [bmc-incr i=928 repr=1 active=835/175987 POs=1]
BMC : c =     833  cl =   4503  lit =  175986  p =     0  d =     0  f =     1  +  T =     0.03 sec
  [bmc-prof 928] wall=  29.791 p=     1 | ifo=  0.708(sd=0.188 nx=0.000 tfo=0.039 cnt=0.481) snap= 0.284 srm=  7.733 sat=  6.132(set=0.181 slv=5.948 max=5.9482 n=1) cex=R/T/F=0/0/1 trsplit=0 sim=14.456(rmp=0.458 run=13.998 n=1 d=0) incr=loc/full/maxdirty/keys=0/0/0/0 chk= 0.000(d=1) stat= 0.159 rest= 0.317
  [bmc-incr i=929 repr=1 active=834/175986 POs=1]
BMC : c =     832  cl =   4503  lit =  175985  p =     0  d =     0  f =     1  +  T =     0.03 sec
  [bmc-prof 929] wall=  29.784 p=     1 | ifo=  0.784(sd=0.253 nx=0.000 tfo=0.042 cnt=0.488) snap= 0.292 srm=  7.740 sat=  6.109(set=0.182 slv=5.924 max=5.9240 n=1) cex=R/T/F=0/0/1 trsplit=0 sim=14.295(rmp=0.439 run=13.855 n=1 d=0) incr=loc/full/maxdirty/keys=0/0/0/0 chk= 0.000(d=1) stat= 0.168 rest= 0.397
  [bmc-incr i=930 repr=1 active=833/175985 POs=1]
BMC : c =     831  cl =   4503  lit =  175984  p =     0  d =     0  f =     1  +  T =     0.03 sec
  [bmc-prof 930] wall=  29.654 p=     1 | ifo=  0.711(sd=0.181 nx=0.000 tfo=0.046 cnt=0.484) snap= 0.301 srm=  7.960 sat=  6.126(set=0.191 slv=5.934 max=5.9335 n=1) cex=R/T/F=0/0/1 trsplit=0 sim=14.103(rmp=0.408 run=13.694 n=1 d=0) incr=loc/full/maxdirty/keys=0/0/0/0 chk= 0.000(d=1) stat= 0.159 rest= 0.295
  [bmc-incr i=931 repr=1 active=832/175984 POs=1]
BMC : c =     830  cl =   4503  lit =  175983  p =     0  d =     0  f =     1  +  T =     0.03 sec
  [bmc-prof 931] wall=  31.595 p=     1 | ifo=  0.850(sd=0.211 nx=0.000 tfo=0.064 cnt=0.575) snap= 0.819 srm=  7.708 sat=  6.204(set=0.178 slv=6.025 max=6.0253 n=1) cex=R/T/F=0/0/1 trsplit=0 sim=15.466(rmp=1.088 run=14.377 n=1 d=0) incr=loc/full/maxdirty/keys=0/0/0/0 chk= 0.000(d=1) stat= 0.159 rest= 0.389
  [bmc-incr i=932 repr=1 active=831/175983 POs=1]
BMC : c =     829  cl =   4503  lit =  175982  p =     0  d =     0  f =     1  +  T =     0.03 sec
  [bmc-prof 932] wall=  30.320 p=     1 | ifo=  0.752(sd=0.193 nx=0.000 tfo=0.050 cnt=0.510) snap= 0.291 srm=  7.637 sat=  6.555(set=0.175 slv=6.378 max=6.3778 n=1) cex=R/T/F=0/0/1 trsplit=0 sim=14.603(rmp=0.439 run=14.163 n=1 d=0) incr=loc/full/maxdirty/keys=0/0/0/0 chk= 0.000(d=1) stat= 0.171 rest= 0.312
  [bmc-incr i=933 repr=1 active=830/175982 POs=1]
BMC : c =     828  cl =   4503  lit =  175981  p =     0  d =     0  f =     1  +  T =     0.03 sec
  [bmc-prof 933] wall=  30.139 p=     1 | ifo=  0.727(sd=0.191 nx=0.000 tfo=0.042 cnt=0.493) snap= 0.282 srm=  8.206 sat=  6.089(set=0.178 slv=5.908 max=5.9084 n=1) cex=R/T/F=0/0/1 trsplit=0 sim=14.389(rmp=0.546 run=13.842 n=1 d=0) incr=loc/full/maxdirty/keys=0/0/0/0 chk= 0.000(d=1) stat= 0.157 rest= 0.290
  [bmc-incr i=934 repr=1 active=829/175981 POs=1]
BMC : c =     827  cl =   4503  lit =  175980  p =     0  d =     0  f =     1  +  T =     0.03 sec
  [bmc-prof 934] wall=  32.216 p=     1 | ifo=  0.716(sd=0.185 nx=0.000 tfo=0.040 cnt=0.491) snap= 0.283 srm=  7.756 sat=  6.125(set=0.179 slv=5.943 max=5.9434 n=1) cex=R/T/F=0/0/1 trsplit=0 sim=16.880(rmp=0.403 run=16.476 n=1 d=0) incr=loc/full/maxdirty/keys=0/0/0/0 chk= 0.000(d=1) stat= 0.162 rest= 0.293
  [bmc-incr i=935 repr=1 active=828/175980 POs=1]
BMC : c =     826  cl =   4503  lit =  175979  p =     0  d =     0  f =     1  +  T =     0.03 sec
  [bmc-prof 935] wall=  29.510 p=     1 | ifo=  0.691(sd=0.175 nx=0.000 tfo=0.038 cnt=0.478) snap= 0.286 srm=  7.771 sat=  6.092(set=0.183 slv=5.907 max=5.9073 n=1) cex=R/T/F=0/0/1 trsplit=0 sim=14.213(rmp=0.407 run=13.805 n=1 d=0) incr=loc/full/maxdirty/keys=0/0/0/0 chk= 0.000(d=1) stat= 0.154 rest= 0.302
  [bmc-incr i=936 repr=1 active=827/175979 POs=1]
BMC : c =     825  cl =   4503  lit =  175978  p =     0  d =     0  f =     1  +  T =     0.03 sec
  [bmc-prof 936] wall=  29.946 p=     1 | ifo=  0.711(sd=0.181 nx=0.000 tfo=0.040 cnt=0.490) snap= 0.285 srm=  7.800 sat=  6.094(set=0.182 slv=5.910 max=5.9104 n=1) cex=R/T/F=0/0/1 trsplit=0 sim=14.602(rmp=0.402 run=14.200 n=1 d=0) incr=loc/full/maxdirty/keys=0/0/0/0 chk= 0.000(d=1) stat= 0.158 rest= 0.295
  [bmc-incr i=937 repr=1 active=826/175978 POs=1]
BMC : c =     824  cl =   4503  lit =  175977  p =     0  d =     0  f =     1  +  T =     0.03 sec
  [bmc-prof 937] wall=  29.954 p=     1 | ifo=  0.749(sd=0.205 nx=0.000 tfo=0.061 cnt=0.483) snap= 0.283 srm=  7.802 sat=  6.102(set=0.175 slv=5.925 max=5.9252 n=1) cex=R/T/F=0/0/1 trsplit=0 sim=14.571(rmp=0.405 run=14.166 n=1 d=0) incr=loc/full/maxdirty/keys=0/0/0/0 chk= 0.000(d=1) stat= 0.157 rest= 0.289
  [bmc-incr i=938 repr=1 active=825/175977 POs=1]
BMC : c =     823  cl =   4503  lit =  175976  p =     0  d =     0  f =     1  +  T =     0.03 sec
  [bmc-prof 938] wall=  29.240 p=     1 | ifo=  0.691(sd=0.177 nx=0.000 tfo=0.035 cnt=0.479) snap= 0.302 srm=  7.709 sat=  6.089(set=0.177 slv=5.910 max=5.9100 n=1) cex=R/T/F=0/0/1 trsplit=0 sim=14.001(rmp=0.394 run=13.606 n=1 d=0) incr=loc/full/maxdirty/keys=0/0/0/0 chk= 0.000(d=1) stat= 0.161 rest= 0.288
  [bmc-incr i=939 repr=1 active=824/175976 POs=1]
BMC : c =     822  cl =   4503  lit =  175975  p =     0  d =     0  f =     1  +  T =     0.03 sec
  [bmc-prof 939] wall=  30.486 p=     1 | ifo=  0.691(sd=0.173 nx=0.000 tfo=0.031 cnt=0.486) snap= 0.289 srm=  7.839 sat=  6.660(set=0.192 slv=6.465 max=6.4649 n=1) cex=R/T/F=0/0/1 trsplit=0 sim=14.536(rmp=0.440 run=14.096 n=1 d=0) incr=loc/full/maxdirty/keys=0/0/0/0 chk= 0.000(d=1) stat= 0.167 rest= 0.304
  [bmc-incr i=940 repr=1 active=823/175975 POs=1]
BMC : c =     821  cl =   4503  lit =  175974  p =     0  d =     0  f =     1  +  T =     0.03 sec
  [bmc-prof 940] wall=  29.435 p=     1 | ifo=  0.701(sd=0.180 nx=0.000 tfo=0.039 cnt=0.482) snap= 0.298 srm=  7.653 sat=  6.100(set=0.180 slv=5.918 max=5.9177 n=1) cex=R/T/F=0/0/1 trsplit=0 sim=14.155(rmp=0.395 run=13.759 n=1 d=0) incr=loc/full/maxdirty/keys=0/0/0/0 chk= 0.000(d=1) stat= 0.153 rest= 0.373
  [bmc-incr i=941 repr=1 active=822/175974 POs=1]
BMC : c =     820  cl =   4503  lit =  175973  p =     0  d =     0  f =     1  +  T =     0.03 sec
  [bmc-prof 941] wall=  29.253 p=     1 | ifo=  0.691(sd=0.176 nx=0.000 tfo=0.035 cnt=0.480) snap= 0.281 srm=  7.743 sat=  6.105(set=0.184 slv=5.919 max=5.9191 n=1) cex=R/T/F=0/0/1 trsplit=0 sim=13.992(rmp=0.399 run=13.592 n=1 d=0) incr=loc/full/maxdirty/keys=0/0/0/0 chk= 0.000(d=1) stat= 0.153 rest= 0.288
  [bmc-incr i=942 repr=1 active=821/175973 POs=1]
BMC : c =     819  cl =   4503  lit =  175972  p =     0  d =     0  f =     1  +  T =     0.03 sec
  [bmc-prof 942] wall=  29.452 p=     1 | ifo=  0.689(sd=0.182 nx=0.000 tfo=0.030 cnt=0.478) snap= 0.283 srm=  7.775 sat=  6.127(set=0.175 slv=5.950 max=5.9504 n=1) cex=R/T/F=0/0/1 trsplit=0 sim=14.134(rmp=0.402 run=13.731 n=1 d=0) incr=loc/full/maxdirty/keys=0/0/0/0 chk= 0.000(d=1) stat= 0.154 rest= 0.289
  [bmc-incr i=943 repr=1 active=820/175972 POs=1]
BMC : c =     818  cl =   4503  lit =  175971  p =     0  d =     0  f =     1  +  T =     0.03 sec
  [bmc-prof 943] wall=  32.389 p=     1 | ifo=  0.701(sd=0.173 nx=0.000 tfo=0.029 cnt=0.498) snap= 0.287 srm=  7.779 sat=  6.213(set=0.186 slv=6.025 max=6.0253 n=1) cex=R/T/F=0/0/1 trsplit=0 sim=16.950(rmp=0.417 run=16.532 n=1 d=0) incr=loc/full/maxdirty/keys=0/0/0/0 chk= 0.000(d=1) stat= 0.161 rest= 0.298
  [bmc-incr i=944 repr=1 active=819/175971 POs=1]
BMC : c =     817  cl =   4503  lit =  175970  p =     0  d =     0  f =     1  +  T =     0.03 sec
  [bmc-prof 944] wall=  29.688 p=     1 | ifo=  0.700(sd=0.181 nx=0.000 tfo=0.035 cnt=0.484) snap= 0.286 srm=  7.807 sat=  6.116(set=0.180 slv=5.935 max=5.9347 n=1) cex=R/T/F=0/0/1 trsplit=0 sim=14.319(rmp=0.397 run=13.921 n=1 d=0) incr=loc/full/maxdirty/keys=0/0/0/0 chk= 0.000(d=1) stat= 0.161 rest= 0.299
  [bmc-incr i=945 repr=1 active=818/175970 POs=1]
BMC : c =     816  cl =   4503  lit =  175969  p =     0  d =     0  f =     1  +  T =     0.03 sec
  [bmc-prof 945] wall=  31.211 p=     1 | ifo=  0.711(sd=0.182 nx=0.000 tfo=0.040 cnt=0.488) snap= 0.283 srm=  7.935 sat=  7.216(set=0.196 slv=7.017 max=7.0167 n=1) cex=R/T/F=0/0/1 trsplit=0 sim=14.570(rmp=0.468 run=14.101 n=1 d=0) incr=loc/full/maxdirty/keys=0/0/0/0 chk= 0.000(d=1) stat= 0.168 rest= 0.328
  [bmc-incr i=946 repr=1 active=817/175969 POs=1]
BMC : c =     815  cl =   4503  lit =  175968  p =     0  d =     0  f =     1  +  T =     0.03 sec
  [bmc-prof 946] wall=  30.260 p=     1 | ifo=  0.740(sd=0.189 nx=0.000 tfo=0.042 cnt=0.509) snap= 0.297 srm=  8.066 sat=  6.368(set=0.198 slv=6.168 max=6.1680 n=1) cex=R/T/F=0/0/1 trsplit=0 sim=14.327(rmp=0.426 run=13.901 n=1 d=0) incr=loc/full/maxdirty/keys=0/0/0/0 chk= 0.000(d=1) stat= 0.158 rest= 0.304
  [bmc-incr i=947 repr=1 active=816/175968 POs=1]
BMC : c =     814  cl =   4503  lit =  175967  p =     0  d =     0  f =     1  +  T =     0.03 sec
  [bmc-prof 947] wall=  29.719 p=     1 | ifo=  0.713(sd=0.184 nx=0.000 tfo=0.040 cnt=0.490) snap= 0.295 srm=  7.710 sat=  6.213(set=0.179 slv=6.032 max=6.0318 n=1) cex=R/T/F=0/0/1 trsplit=0 sim=14.289(rmp=0.413 run=13.875 n=1 d=0) incr=loc/full/maxdirty/keys=0/0/0/0 chk= 0.000(d=1) stat= 0.178 rest= 0.322
  [bmc-incr i=948 repr=1 active=815/175967 POs=1]
BMC : c =     813  cl =   4503  lit =  175966  p =     0  d =     0  f =     1  +  T =     0.03 sec
  [bmc-prof 948] wall=  31.625 p=     1 | ifo=  0.707(sd=0.179 nx=0.000 tfo=0.044 cnt=0.483) snap= 0.292 srm=  9.427 sat=  6.641(set=0.174 slv=6.465 max=6.4655 n=1) cex=R/T/F=0/0/1 trsplit=0 sim=14.090(rmp=0.404 run=13.685 n=1 d=0) incr=loc/full/maxdirty/keys=0/0/0/0 chk= 0.000(d=1) stat= 0.161 rest= 0.308
  [bmc-incr i=949 repr=1 active=814/175966 POs=1]
BMC : c =     812  cl =   4503  lit =  175965  p =     0  d =     0  f =     1  +  T =     0.03 sec
  [bmc-prof 949] wall=  31.016 p=     1 | ifo=  0.728(sd=0.189 nx=0.000 tfo=0.040 cnt=0.499) snap= 0.291 srm=  7.945 sat=  6.362(set=0.200 slv=6.158 max=6.1585 n=1) cex=R/T/F=0/0/1 trsplit=0 sim=15.236(rmp=0.440 run=14.796 n=1 d=0) incr=loc/full/maxdirty/keys=0/0/0/0 chk= 0.000(d=1) stat= 0.160 rest= 0.294
  [bmc-incr i=950 repr=1 active=813/175965 POs=1]
BMC : c =     811  cl =   4503  lit =  175964  p =     0  d =     0  f =     1  +  T =     0.03 sec
  [bmc-prof 950] wall=  29.347 p=     1 | ifo=  0.707(sd=0.179 nx=0.000 tfo=0.037 cnt=0.491) snap= 0.284 srm=  7.829 sat=  6.116(set=0.178 slv=5.937 max=5.9371 n=1) cex=R/T/F=0/0/1 trsplit=0 sim=13.970(rmp=0.412 run=13.558 n=1 d=0) incr=loc/full/maxdirty/keys=0/0/0/0 chk= 0.000(d=1) stat= 0.152 rest= 0.288
  [bmc-incr i=951 repr=1 active=812/175964 POs=1]
BMC : c =     810  cl =   4503  lit =  175963  p =     0  d =     0  f =     1  +  T =     0.03 sec
  [bmc-prof 951] wall=  29.192 p=     1 | ifo=  0.687(sd=0.174 nx=0.000 tfo=0.027 cnt=0.487) snap= 0.292 srm=  7.632 sat=  6.121(set=0.175 slv=5.945 max=5.9449 n=1) cex=R/T/F=0/0/1 trsplit=0 sim=14.011(rmp=0.413 run=13.598 n=1 d=0) incr=loc/full/maxdirty/keys=0/0/0/0 chk= 0.000(d=1) stat= 0.160 rest= 0.288
  [bmc-incr i=952 repr=1 active=811/175963 POs=1]
BMC : c =     809  cl =   4503  lit =  175962  p =     0  d =     0  f =     1  +  T =     0.03 sec
  [bmc-prof 952] wall=  31.965 p=     1 | ifo=  0.680(sd=0.175 nx=0.000 tfo=0.027 cnt=0.479) snap= 0.294 srm=  8.157 sat=  7.736(set=0.176 slv=7.558 max=7.5583 n=1) cex=R/T/F=0/0/1 trsplit=0 sim=14.641(rmp=0.410 run=14.231 n=1 d=0) incr=loc/full/maxdirty/keys=0/0/0/0 chk= 0.000(d=1) stat= 0.156 rest= 0.301
  [bmc-incr i=953 repr=1 active=810/175962 POs=1]
BMC : c =     808  cl =   4503  lit =  175961  p =     0  d =     0  f =     1  +  T =     0.03 sec
  [bmc-prof 953] wall=  32.590 p=     1 | ifo=  0.701(sd=0.174 nx=0.000 tfo=0.036 cnt=0.491) snap= 0.290 srm=  8.530 sat=  7.182(set=0.191 slv=6.989 max=6.9893 n=1) cex=R/T/F=0/0/1 trsplit=0 sim=15.438(rmp=0.423 run=15.015 n=1 d=0) incr=loc/full/maxdirty/keys=0/0/0/0 chk= 0.000(d=1) stat= 0.156 rest= 0.292
  [bmc-incr i=954 repr=1 active=809/175961 POs=1]
BMC : c =     807  cl =   4503  lit =  175960  p =     0  d =     0  f =     1  +  T =     0.03 sec
  [bmc-prof 954] wall=  29.623 p=     1 | ifo=  0.696(sd=0.174 nx=0.000 tfo=0.033 cnt=0.488) snap= 0.284 srm=  7.700 sat=  6.132(set=0.175 slv=5.956 max=5.9557 n=1) cex=R/T/F=0/0/1 trsplit=0 sim=14.365(rmp=0.393 run=13.972 n=1 d=0) incr=loc/full/maxdirty/keys=0/0/0/0 chk= 0.000(d=1) stat= 0.155 rest= 0.291
  [bmc-incr i=955 repr=1 active=808/175960 POs=1]
BMC : c =     806  cl =   4503  lit =  175959  p =     0  d =     0  f =     1  +  T =     0.03 sec
  [bmc-prof 955] wall=  31.074 p=     1 | ifo=  0.685(sd=0.175 nx=0.000 tfo=0.031 cnt=0.479) snap= 0.286 srm=  8.207 sat=  6.193(set=0.181 slv=6.010 max=6.0099 n=1) cex=R/T/F=0/0/1 trsplit=0 sim=15.240(rmp=0.416 run=14.823 n=1 d=0) incr=loc/full/maxdirty/keys=0/0/0/0 chk= 0.000(d=1) stat= 0.162 rest= 0.300
  [bmc-incr i=956 repr=1 active=807/175959 POs=1]
BMC : c =     805  cl =   4503  lit =  175958  p =     0  d =     0  f =     1  +  T =     0.03 sec
  [bmc-prof 956] wall=  30.017 p=     1 | ifo=  0.731(sd=0.179 nx=0.000 tfo=0.040 cnt=0.512) snap= 0.281 srm=  7.978 sat=  6.364(set=0.182 slv=6.180 max=6.1802 n=1) cex=R/T/F=0/0/1 trsplit=0 sim=14.177(rmp=0.433 run=13.743 n=1 d=0) incr=loc/full/maxdirty/keys=0/0/0/0 chk= 0.000(d=1) stat= 0.155 rest= 0.330
  [bmc-incr i=957 repr=1 active=806/175958 POs=1]
BMC : c =     804  cl =   4503  lit =  175957  p =     0  d =     0  f =     1  +  T =     0.03 sec
  [bmc-prof 957] wall=  29.239 p=     1 | ifo=  0.709(sd=0.181 nx=0.000 tfo=0.039 cnt=0.490) snap= 0.284 srm=  7.659 sat=  6.148(set=0.181 slv=5.966 max=5.9661 n=1) cex=R/T/F=0/0/1 trsplit=0 sim=13.994(rmp=0.398 run=13.595 n=1 d=0) incr=loc/full/maxdirty/keys=0/0/0/0 chk= 0.000(d=1) stat= 0.155 rest= 0.289
  [bmc-incr i=958 repr=1 active=805/175957 POs=1]
BMC : c =     803  cl =   4503  lit =  175956  p =     0  d =     0  f =     1  +  T =     0.03 sec
  [bmc-prof 958] wall=  29.188 p=     1 | ifo=  0.698(sd=0.176 nx=0.000 tfo=0.036 cnt=0.486) snap= 0.282 srm=  7.661 sat=  6.136(set=0.178 slv=5.957 max=5.9566 n=1) cex=R/T/F=0/0/1 trsplit=0 sim=13.962(rmp=0.402 run=13.559 n=1 d=0) incr=loc/full/maxdirty/keys=0/0/0/0 chk= 0.000(d=1) stat= 0.154 rest= 0.295
  [bmc-incr i=959 repr=1 active=804/175956 POs=1]
BMC : c =     802  cl =   4503  lit =  175955  p =     0  d =     0  f =     1  +  T =     0.03 sec
  [bmc-prof 959] wall=  29.329 p=     1 | ifo=  0.684(sd=0.174 nx=0.000 tfo=0.030 cnt=0.480) snap= 0.285 srm=  7.679 sat=  6.159(set=0.175 slv=5.982 max=5.9817 n=1) cex=R/T/F=0/0/1 trsplit=0 sim=14.052(rmp=0.407 run=13.644 n=1 d=0) incr=loc/full/maxdirty/keys=0/0/0/0 chk= 0.000(d=1) stat= 0.160 rest= 0.309
  [bmc-incr i=960 repr=1 active=803/175955 POs=1]
BMC : c =     801  cl =   4503  lit =  175954  p =     0  d =     0  f =     1  +  T =     0.03 sec
  [bmc-prof 960] wall=  31.651 p=     1 | ifo=  0.695(sd=0.178 nx=0.000 tfo=0.035 cnt=0.482) snap= 0.302 srm=  8.603 sat=  7.171(set=0.186 slv=6.983 max=6.9830 n=1) cex=R/T/F=0/0/1 trsplit=0 sim=14.408(rmp=0.411 run=13.996 n=1 d=0) incr=loc/full/maxdirty/keys=0/0/0/0 chk= 0.000(d=1) stat= 0.156 rest= 0.316
  [bmc-incr i=961 repr=1 active=802/175954 POs=1]
BMC : c =     800  cl =   4503  lit =  175953  p =     0  d =     0  f =     1  +  T =     0.03 sec
  [bmc-prof 961] wall=  29.806 p=     1 | ifo=  0.697(sd=0.175 nx=0.000 tfo=0.035 cnt=0.487) snap= 0.282 srm=  7.651 sat=  6.165(set=0.176 slv=5.988 max=5.9884 n=1) cex=R/T/F=0/0/1 trsplit=0 sim=14.558(rmp=0.405 run=14.152 n=1 d=0) incr=loc/full/maxdirty/keys=0/0/0/0 chk= 0.000(d=1) stat= 0.161 rest= 0.291
  [bmc-incr i=962 repr=1 active=801/175953 POs=1]
BMC : c =     799  cl =   4503  lit =  175952  p =     0  d =     0  f =     1  +  T =     0.04 sec
  [bmc-prof 962] wall=  36.089 p=     1 | ifo=  0.695(sd=0.176 nx=0.000 tfo=0.031 cnt=0.488) snap= 0.284 srm=  7.695 sat= 11.968(set=0.184 slv=11.781 max=11.7814 n=1) cex=R/T/F=0/0/1 trsplit=0 sim=14.965(rmp=0.495 run=14.468 n=1 d=0) incr=loc/full/maxdirty/keys=0/0/0/0 chk= 0.000(d=1) stat= 0.163 rest= 0.319
  [bmc-incr i=963 repr=1 active=800/175952 POs=1]
BMC : c =     798  cl =   4503  lit =  175951  p =     0  d =     0  f =     1  +  T =     0.03 sec
  [bmc-prof 963] wall=  30.350 p=     1 | ifo=  0.702(sd=0.180 nx=0.000 tfo=0.038 cnt=0.483) snap= 0.290 srm=  8.547 sat=  6.257(set=0.192 slv=6.063 max=6.0631 n=1) cex=R/T/F=0/0/1 trsplit=0 sim=14.099(rmp=0.411 run=13.688 n=1 d=0) incr=loc/full/maxdirty/keys=0/0/0/0 chk= 0.000(d=1) stat= 0.157 rest= 0.299
  [bmc-incr i=964 repr=1 active=799/175951 POs=1]
BMC : c =     797  cl =   4503  lit =  175950  p =     0  d =     0  f =     1  +  T =     0.03 sec
  [bmc-prof 964] wall=  29.707 p=     1 | ifo=  0.776(sd=0.224 nx=0.000 tfo=0.069 cnt=0.484) snap= 0.281 srm=  7.702 sat=  6.251(set=0.178 slv=6.071 max=6.0714 n=1) cex=R/T/F=0/0/1 trsplit=0 sim=14.252(rmp=0.396 run=13.855 n=1 d=0) incr=loc/full/maxdirty/keys=0/0/0/0 chk= 0.000(d=1) stat= 0.156 rest= 0.288
  [bmc-incr i=965 repr=1 active=798/175950 POs=1]
BMC : c =     796  cl =   4503  lit =  175949  p =     0  d =     0  f =     1  +  T =     0.03 sec
  [bmc-prof 965] wall=  31.150 p=     1 | ifo=  0.737(sd=0.203 nx=0.000 tfo=0.051 cnt=0.483) snap= 0.313 srm=  8.636 sat=  6.250(set=0.197 slv=6.051 max=6.0512 n=1) cex=R/T/F=0/0/1 trsplit=0 sim=14.742(rmp=0.485 run=14.256 n=1 d=0) incr=loc/full/maxdirty/keys=0/0/0/0 chk= 0.000(d=1) stat= 0.160 rest= 0.314
  [bmc-incr i=966 repr=1 active=797/175949 POs=1]
BMC : c =     795  cl =   4503  lit =  175948  p =     0  d =     0  f =     1  +  T =     0.03 sec
  [bmc-prof 966] wall=  30.938 p=     1 | ifo=  0.714(sd=0.184 nx=0.000 tfo=0.047 cnt=0.483) snap= 0.310 srm=  7.812 sat=  6.327(set=0.184 slv=6.141 max=6.1413 n=1) cex=R/T/F=0/0/1 trsplit=0 sim=15.326(rmp=0.403 run=14.922 n=1 d=0) incr=loc/full/maxdirty/keys=0/0/0/0 chk= 0.000(d=1) stat= 0.157 rest= 0.292
  [bmc-incr i=967 repr=1 active=796/175948 POs=1]
BMC : c =     794  cl =   4503  lit =  175947  p =     0  d =     0  f =     1  +  T =     0.03 sec
  [bmc-prof 967] wall=  29.695 p=     1 | ifo=  0.711(sd=0.182 nx=0.000 tfo=0.039 cnt=0.490) snap= 0.318 srm=  7.802 sat=  6.366(set=0.203 slv=6.161 max=6.1613 n=1) cex=R/T/F=0/0/1 trsplit=0 sim=14.055(rmp=0.398 run=13.657 n=1 d=0) incr=loc/full/maxdirty/keys=0/0/0/0 chk= 0.000(d=1) stat= 0.154 rest= 0.289
  [bmc-incr i=968 repr=1 active=795/175947 POs=1]
BMC : c =     793  cl =   4503  lit =  175946  p =     0  d =     0  f =     1  +  T =     0.03 sec
  [bmc-prof 968] wall=  29.510 p=     1 | ifo=  0.703(sd=0.177 nx=0.000 tfo=0.036 cnt=0.490) snap= 0.282 srm=  7.623 sat=  6.225(set=0.175 slv=6.048 max=6.0483 n=1) cex=R/T/F=0/0/1 trsplit=0 sim=14.208(rmp=0.401 run=13.806 n=1 d=0) incr=loc/full/maxdirty/keys=0/0/0/0 chk= 0.000(d=1) stat= 0.163 rest= 0.306
  [bmc-incr i=969 repr=1 active=794/175946 POs=1]
BMC : c =     792  cl =   4503  lit =  175945  p =     0  d =     0  f =     1  +  T =     0.03 sec
  [bmc-prof 969] wall=  31.696 p=     1 | ifo=  0.694(sd=0.177 nx=0.000 tfo=0.038 cnt=0.480) snap= 0.290 srm=  9.533 sat=  6.627(set=0.174 slv=6.451 max=6.4513 n=1) cex=R/T/F=0/0/1 trsplit=0 sim=14.094(rmp=0.404 run=13.690 n=1 d=0) incr=loc/full/maxdirty/keys=0/0/0/0 chk= 0.000(d=1) stat= 0.163 rest= 0.293
  [bmc-incr i=970 repr=1 active=793/175945 POs=1]
BMC : c =     791  cl =   4503  lit =  175944  p =     0  d =     0  f =     1  +  T =     0.03 sec
  [bmc-prof 970] wall=  29.093 p=     1 | ifo=  0.689(sd=0.177 nx=0.000 tfo=0.031 cnt=0.481) snap= 0.288 srm=  7.615 sat=  6.237(set=0.176 slv=6.060 max=6.0596 n=1) cex=R/T/F=0/0/1 trsplit=0 sim=13.820(rmp=0.402 run=13.418 n=1 d=0) incr=loc/full/maxdirty/keys=0/0/0/0 chk= 0.000(d=1) stat= 0.155 rest= 0.288
  [bmc-incr i=971 repr=1 active=792/175944 POs=1]
BMC : c =     790  cl =   4503  lit =  175943  p =     0  d =     0  f =     1  +  T =     0.03 sec
  [bmc-prof 971] wall=  30.028 p=     1 | ifo=  0.678(sd=0.173 nx=0.000 tfo=0.027 cnt=0.478) snap= 0.292 srm=  7.666 sat=  6.467(set=0.183 slv=6.281 max=6.2812 n=1) cex=R/T/F=0/0/1 trsplit=0 sim=14.465(rmp=0.413 run=14.050 n=1 d=0) incr=loc/full/maxdirty/keys=0/0/0/0 chk= 0.000(d=1) stat= 0.161 rest= 0.299
  [bmc-incr i=972 repr=1 active=791/175943 POs=1]
BMC : c =     789  cl =   4503  lit =  175942  p =     0  d =     0  f =     1  +  T =     0.03 sec
  [bmc-prof 972] wall=  30.109 p=     1 | ifo=  0.731(sd=0.182 nx=0.000 tfo=0.043 cnt=0.507) snap= 0.284 srm=  8.044 sat=  6.273(set=0.199 slv=6.072 max=6.0723 n=1) cex=R/T/F=0/0/1 trsplit=0 sim=14.321(rmp=0.411 run=13.909 n=1 d=0) incr=loc/full/maxdirty/keys=0/0/0/0 chk= 0.000(d=1) stat= 0.162 rest= 0.294
  [bmc-incr i=973 repr=1 active=790/175942 POs=1]
BMC : c =     788  cl =   4503  lit =  175941  p =     0  d =     0  f =     1  +  T =     0.03 sec
  [bmc-prof 973] wall=  30.643 p=     1 | ifo=  0.782(sd=0.222 nx=0.000 tfo=0.064 cnt=0.496) snap= 0.290 srm=  7.717 sat=  6.240(set=0.178 slv=6.060 max=6.0603 n=1) cex=R/T/F=0/0/1 trsplit=0 sim=15.171(rmp=0.398 run=14.773 n=1 d=0) incr=loc/full/maxdirty/keys=0/0/0/0 chk= 0.000(d=1) stat= 0.153 rest= 0.290
  [bmc-incr i=974 repr=1 active=789/175941 POs=1]
BMC : c =     787  cl =   4503  lit =  175940  p =     0  d =     0  f =     1  +  T =     0.03 sec
  [bmc-prof 974] wall=  29.981 p=     1 | ifo=  0.684(sd=0.174 nx=0.000 tfo=0.031 cnt=0.479) snap= 0.283 srm=  7.660 sat=  6.391(set=0.186 slv=6.203 max=6.2031 n=1) cex=R/T/F=0/0/1 trsplit=0 sim=14.488(rmp=0.493 run=13.995 n=1 d=0) incr=loc/full/maxdirty/keys=0/0/0/0 chk= 0.000(d=1) stat= 0.156 rest= 0.318
  [bmc-incr i=975 repr=1 active=788/175940 POs=1]
BMC : c =     786  cl =   4503  lit =  175939  p =     0  d =     0  f =     1  +  T =     0.03 sec
  [bmc-prof 975] wall=  29.718 p=     1 | ifo=  0.750(sd=0.203 nx=0.000 tfo=0.047 cnt=0.500) snap= 0.282 srm=  7.643 sat=  6.249(set=0.175 slv=6.072 max=6.0722 n=1) cex=R/T/F=0/0/1 trsplit=0 sim=14.350(rmp=0.397 run=13.953 n=1 d=0) incr=loc/full/maxdirty/keys=0/0/0/0 chk= 0.000(d=1) stat= 0.152 rest= 0.291
  [bmc-incr i=976 repr=1 active=787/175939 POs=1]
BMC : c =     785  cl =   4503  lit =  175938  p =     0  d =     0  f =     1  +  T =     0.03 sec
  [bmc-prof 976] wall=  33.816 p=     1 | ifo=  0.682(sd=0.176 nx=0.000 tfo=0.028 cnt=0.478) snap= 0.299 srm= 12.057 sat=  6.220(set=0.202 slv=6.016 max=6.0157 n=1) cex=R/T/F=0/0/1 trsplit=0 sim=14.100(rmp=0.432 run=13.668 n=1 d=0) incr=loc/full/maxdirty/keys=0/0/0/0 chk= 0.000(d=1) stat= 0.157 rest= 0.301
  [bmc-incr i=977 repr=1 active=786/175938 POs=1]
BMC : c =     784  cl =   4503  lit =  175937  p =     0  d =     0  f =     1  +  T =     0.03 sec
  [bmc-prof 977] wall=  29.377 p=     1 | ifo=  0.697(sd=0.182 nx=0.000 tfo=0.035 cnt=0.480) snap= 0.303 srm=  7.688 sat=  6.179(set=0.176 slv=6.001 max=6.0014 n=1) cex=R/T/F=0/0/1 trsplit=0 sim=14.057(rmp=0.394 run=13.662 n=1 d=0) incr=loc/full/maxdirty/keys=0/0/0/0 chk= 0.000(d=1) stat= 0.164 rest= 0.289
  [bmc-incr i=978 repr=1 active=785/175937 POs=1]
BMC : c =     783  cl =   4503  lit =  175936  p =     0  d =     0  f =     1  +  T =     0.03 sec
  [bmc-prof 978] wall=  33.863 p=     1 | ifo=  0.691(sd=0.176 nx=0.000 tfo=0.035 cnt=0.480) snap= 0.289 srm=  7.953 sat=  6.287(set=0.194 slv=6.090 max=6.0897 n=1) cex=R/T/F=0/0/1 trsplit=0 sim=18.174(rmp=0.442 run=17.732 n=1 d=0) incr=loc/full/maxdirty/keys=0/0/0/0 chk= 0.000(d=1) stat= 0.162 rest= 0.308
  [bmc-incr i=979 repr=1 active=784/175936 POs=1]
BMC : c =     782  cl =   4503  lit =  175935  p =     0  d =     0  f =     1  +  T =     0.03 sec
  [bmc-prof 979] wall=  30.561 p=     1 | ifo=  0.719(sd=0.196 nx=0.000 tfo=0.041 cnt=0.482) snap= 0.299 srm=  8.265 sat=  6.453(set=0.217 slv=6.234 max=6.2338 n=1) cex=R/T/F=0/0/1 trsplit=0 sim=14.360(rmp=0.425 run=13.935 n=1 d=0) incr=loc/full/maxdirty/keys=0/0/0/0 chk= 0.000(d=1) stat= 0.162 rest= 0.302
  [bmc-incr i=980 repr=1 active=783/175935 POs=1]
BMC : c =     781  cl =   4503  lit =  175934  p =     0  d =     0  f =     1  +  T =     0.03 sec
  [bmc-prof 980] wall=  30.051 p=     1 | ifo=  0.742(sd=0.186 nx=0.000 tfo=0.045 cnt=0.512) snap= 0.284 srm=  7.916 sat=  6.303(set=0.190 slv=6.111 max=6.1113 n=1) cex=R/T/F=0/0/1 trsplit=0 sim=14.353(rmp=0.448 run=13.904 n=1 d=0) incr=loc/full/maxdirty/keys=0/0/0/0 chk= 0.000(d=1) stat= 0.155 rest= 0.296
  [bmc-incr i=981 repr=1 active=782/175934 POs=1]
BMC : c =     780  cl =   4503  lit =  175933  p =     0  d =     0  f =     1  +  T =     0.03 sec
  [bmc-prof 981] wall=  30.633 p=     1 | ifo=  0.712(sd=0.193 nx=0.000 tfo=0.038 cnt=0.481) snap= 0.300 srm=  8.558 sat=  6.273(set=0.199 slv=6.066 max=6.0656 n=1) cex=R/T/F=0/0/1 trsplit=0 sim=14.338(rmp=0.421 run=13.916 n=1 d=0) incr=loc/full/maxdirty/keys=0/0/0/0 chk= 0.000(d=1) stat= 0.156 rest= 0.297
  [bmc-incr i=982 repr=1 active=781/175933 POs=1]
BMC : c =     779  cl =   4503  lit =  175932  p =     0  d =     0  f =     1  +  T =     0.03 sec
  [bmc-prof 982] wall=  34.662 p=     1 | ifo=  0.693(sd=0.178 nx=0.000 tfo=0.037 cnt=0.478) snap= 0.287 srm=  7.923 sat=  7.590(set=0.189 slv=7.399 max=7.3988 n=1) cex=R/T/F=0/0/1 trsplit=0 sim=17.712(rmp=0.411 run=17.300 n=1 d=0) incr=loc/full/maxdirty/keys=0/0/0/0 chk= 0.000(d=1) stat= 0.160 rest= 0.298
  [bmc-incr i=983 repr=1 active=780/175932 POs=1]
BMC : c =     778  cl =   4503  lit =  175931  p =     0  d =     0  f =     1  +  T =     0.03 sec
  [bmc-prof 983] wall=  29.895 p=     1 | ifo=  0.702(sd=0.186 nx=0.000 tfo=0.037 cnt=0.479) snap= 0.289 srm=  7.651 sat=  6.588(set=0.176 slv=6.410 max=6.4097 n=1) cex=R/T/F=0/0/1 trsplit=0 sim=14.009(rmp=0.416 run=13.592 n=1 d=0) incr=loc/full/maxdirty/keys=0/0/0/0 chk= 0.000(d=1) stat= 0.161 rest= 0.496
  [bmc-incr i=984 repr=1 active=779/175931 POs=1]
BMC : c =     777  cl =   4503  lit =  175930  p =     0  d =     0  f =     1  +  T =     0.03 sec
  [bmc-prof 984] wall=  29.398 p=     1 | ifo=  0.733(sd=0.192 nx=0.000 tfo=0.047 cnt=0.495) snap= 0.288 srm=  7.628 sat=  6.211(set=0.184 slv=6.025 max=6.0246 n=1) cex=R/T/F=0/0/1 trsplit=0 sim=14.096(rmp=0.404 run=13.691 n=1 d=0) incr=loc/full/maxdirty/keys=0/0/0/0 chk= 0.000(d=1) stat= 0.153 rest= 0.289
  [bmc-incr i=985 repr=1 active=778/175930 POs=1]
BMC : c =     776  cl =   4503  lit =  175929  p =     0  d =     0  f =     1  +  T =     0.03 sec
  [bmc-prof 985] wall=  29.288 p=     1 | ifo=  0.690(sd=0.180 nx=0.000 tfo=0.030 cnt=0.480) snap= 0.283 srm=  7.713 sat=  6.240(set=0.185 slv=6.053 max=6.0532 n=1) cex=R/T/F=0/0/1 trsplit=0 sim=13.913(rmp=0.394 run=13.519 n=1 d=0) incr=loc/full/maxdirty/keys=0/0/0/0 chk= 0.000(d=1) stat= 0.160 rest= 0.289
  [bmc-incr i=986 repr=1 active=777/175929 POs=1]
BMC : c =     775  cl =   4503  lit =  175928  p =     0  d =     0  f =     1  +  T =     0.03 sec
  [bmc-prof 986] wall=  32.193 p=     1 | ifo=  0.692(sd=0.175 nx=0.000 tfo=0.036 cnt=0.481) snap= 0.280 srm=  7.734 sat=  6.281(set=0.178 slv=6.101 max=6.1011 n=1) cex=R/T/F=0/0/1 trsplit=0 sim=16.754(rmp=0.392 run=16.361 n=1 d=0) incr=loc/full/maxdirty/keys=0/0/0/0 chk= 0.000(d=1) stat= 0.157 rest= 0.295
  [bmc-incr i=987 repr=1 active=776/175928 POs=1]
BMC : c =     774  cl =   4503  lit =  175927  p =     0  d =     0  f =     1  +  T =     0.03 sec
  [bmc-prof 987] wall=  30.703 p=     1 | ifo=  0.705(sd=0.176 nx=0.000 tfo=0.038 cnt=0.491) snap= 0.336 srm=  8.182 sat=  6.972(set=0.288 slv=6.682 max=6.6823 n=1) cex=R/T/F=0/0/1 trsplit=0 sim=14.061(rmp=0.398 run=13.663 n=1 d=0) incr=loc/full/maxdirty/keys=0/0/0/0 chk= 0.000(d=1) stat= 0.155 rest= 0.292
  [bmc-incr i=988 repr=1 active=775/175927 POs=1]
BMC : c =     773  cl =   4503  lit =  175926  p =     0  d =     0  f =     1  +  T =     0.03 sec
  [bmc-prof 988] wall=  30.211 p=     1 | ifo=  0.683(sd=0.174 nx=0.000 tfo=0.030 cnt=0.479) snap= 0.301 srm=  8.225 sat=  6.252(set=0.203 slv=6.047 max=6.0469 n=1) cex=R/T/F=0/0/1 trsplit=0 sim=14.289(rmp=0.438 run=13.851 n=1 d=0) incr=loc/full/maxdirty/keys=0/0/0/0 chk= 0.000(d=1) stat= 0.157 rest= 0.302
  [bmc-incr i=989 repr=1 active=774/175926 POs=1]
BMC : c =     772  cl =   4503  lit =  175925  p =     0  d =     0  f =     1  +  T =     0.03 sec
  [bmc-prof 989] wall=  30.823 p=     1 | ifo=  0.772(sd=0.227 nx=0.000 tfo=0.060 cnt=0.484) snap= 0.289 srm=  8.756 sat=  6.355(set=0.326 slv=6.027 max=6.0266 n=1) cex=R/T/F=0/0/1 trsplit=0 sim=14.189(rmp=0.415 run=13.773 n=1 d=0) incr=loc/full/maxdirty/keys=0/0/0/0 chk= 0.000(d=1) stat= 0.159 rest= 0.303
  [bmc-incr i=990 repr=1 active=773/175925 POs=1]
BMC : c =     771  cl =   4503  lit =  175924  p =     0  d =     0  f =     1  +  T =     0.03 sec
  [bmc-prof 990] wall=  29.572 p=     1 | ifo=  0.701(sd=0.183 nx=0.000 tfo=0.037 cnt=0.482) snap= 0.283 srm=  7.800 sat=  6.222(set=0.183 slv=6.037 max=6.0367 n=1) cex=R/T/F=0/0/1 trsplit=0 sim=14.116(rmp=0.422 run=13.694 n=1 d=0) incr=loc/full/maxdirty/keys=0/0/0/0 chk= 0.000(d=1) stat= 0.161 rest= 0.290
  [bmc-incr i=991 repr=1 active=772/175924 POs=1]
BMC : c =     770  cl =   4503  lit =  175923  p =     0  d =     0  f =     1  +  T =     0.03 sec
  [bmc-prof 991] wall=  30.157 p=     1 | ifo=  0.685(sd=0.175 nx=0.000 tfo=0.031 cnt=0.479) snap= 0.280 srm=  7.808 sat=  6.212(set=0.177 slv=6.034 max=6.0337 n=1) cex=R/T/F=0/0/1 trsplit=0 sim=14.721(rmp=0.399 run=14.321 n=1 d=0) incr=loc/full/maxdirty/keys=0/0/0/0 chk= 0.000(d=1) stat= 0.154 rest= 0.296
  [bmc-incr i=992 repr=1 active=771/175923 POs=1]
BMC : c =     769  cl =   4503  lit =  175922  p =     0  d =     0  f =     1  +  T =     0.03 sec
  [bmc-prof 992] wall=  29.874 p=     1 | ifo=  0.691(sd=0.175 nx=0.000 tfo=0.030 cnt=0.487) snap= 0.290 srm=  7.904 sat=  6.242(set=0.189 slv=6.052 max=6.0515 n=1) cex=R/T/F=0/0/1 trsplit=0 sim=14.292(rmp=0.444 run=13.847 n=1 d=0) incr=loc/full/maxdirty/keys=0/0/0/0 chk= 0.000(d=1) stat= 0.156 rest= 0.298
  [bmc-incr i=993 repr=1 active=770/175922 POs=1]
BMC : c =     768  cl =   4503  lit =  175921  p =     0  d =     0  f =     1  +  T =     0.03 sec
  [bmc-prof 993] wall=  29.427 p=     1 | ifo=  0.704(sd=0.187 nx=0.000 tfo=0.036 cnt=0.481) snap= 0.294 srm=  7.655 sat=  6.228(set=0.180 slv=6.046 max=6.0458 n=1) cex=R/T/F=0/0/1 trsplit=0 sim=14.104(rmp=0.403 run=13.700 n=1 d=0) incr=loc/full/maxdirty/keys=0/0/0/0 chk= 0.000(d=1) stat= 0.154 rest= 0.289
  [bmc-incr i=994 repr=1 active=769/175921 POs=1]
BMC : c =     767  cl =   4503  lit =  175920  p =     0  d =     0  f =     1  +  T =     0.04 sec
  [bmc-prof 994] wall=  36.383 p=     1 | ifo=  0.694(sd=0.176 nx=0.000 tfo=0.034 cnt=0.485) snap= 0.281 srm=  7.836 sat=  6.268(set=0.192 slv=6.074 max=6.0741 n=1) cex=R/T/F=0/0/1 trsplit=0 sim=20.831(rmp=0.424 run=20.406 n=1 d=0) incr=loc/full/maxdirty/keys=0/0/0/0 chk= 0.000(d=1) stat= 0.164 rest= 0.308
  [bmc-incr i=995 repr=1 active=768/175920 POs=1]
BMC : c =     766  cl =   4503  lit =  175919  p =     0  d =     0  f =     1  +  T =     0.03 sec
  [bmc-prof 995] wall=  30.046 p=     1 | ifo=  0.706(sd=0.184 nx=0.000 tfo=0.036 cnt=0.485) snap= 0.295 srm=  7.853 sat=  6.249(set=0.187 slv=6.060 max=6.0599 n=1) cex=R/T/F=0/0/1 trsplit=0 sim=14.480(rmp=0.406 run=14.073 n=1 d=0) incr=loc/full/maxdirty/keys=0/0/0/0 chk= 0.000(d=1) stat= 0.158 rest= 0.305
  [bmc-incr i=996 repr=1 active=767/175919 POs=1]
BMC : c =     765  cl =   4503  lit =  175918  p =     0  d =     0  f =     1  +  T =     0.03 sec
  [bmc-prof 996] wall=  29.406 p=     1 | ifo=  0.710(sd=0.182 nx=0.000 tfo=0.047 cnt=0.481) snap= 0.295 srm=  7.770 sat=  6.257(set=0.186 slv=6.069 max=6.0686 n=1) cex=R/T/F=0/0/1 trsplit=0 sim=13.927(rmp=0.396 run=13.531 n=1 d=0) incr=loc/full/maxdirty/keys=0/0/0/0 chk= 0.000(d=1) stat= 0.155 rest= 0.290
  [bmc-incr i=997 repr=1 active=766/175918 POs=1]
BMC : c =     764  cl =   4503  lit =  175917  p =     0  d =     0  f =     1  +  T =     0.03 sec
  [bmc-prof 997] wall=  29.536 p=     1 | ifo=  0.700(sd=0.174 nx=0.000 tfo=0.037 cnt=0.489) snap= 0.282 srm=  7.703 sat=  6.284(set=0.178 slv=6.104 max=6.1042 n=1) cex=R/T/F=0/0/1 trsplit=0 sim=14.124(rmp=0.412 run=13.711 n=1 d=0) incr=loc/full/maxdirty/keys=0/0/0/0 chk= 0.000(d=1) stat= 0.154 rest= 0.289
  [bmc-incr i=998 repr=1 active=765/175917 POs=1]
BMC : c =     763  cl =   4503  lit =  175916  p =     0  d =     0  f =     1  +  T =     0.03 sec
  [bmc-prof 998] wall=  30.648 p=     1 | ifo=  0.694(sd=0.181 nx=0.000 tfo=0.028 cnt=0.485) snap= 0.298 srm=  7.902 sat=  6.319(set=0.192 slv=6.125 max=6.1254 n=1) cex=R/T/F=0/0/1 trsplit=0 sim=14.974(rmp=0.441 run=14.532 n=1 d=0) incr=loc/full/maxdirty/keys=0/0/0/0 chk= 0.000(d=1) stat= 0.160 rest= 0.301
  [bmc-incr i=999 repr=1 active=764/175916 POs=1]
BMC : c =     762  cl =   4503  lit =  175915  p =     0  d =     0  f =     1  +  T =     0.03 sec
  [bmc-prof 999] wall=  30.092 p=     1 | ifo=  0.730(sd=0.180 nx=0.000 tfo=0.038 cnt=0.512) snap= 0.286 srm=  8.089 sat=  6.384(set=0.221 slv=6.161 max=6.1605 n=1) cex=R/T/F=0/0/1 trsplit=0 sim=14.137(rmp=0.404 run=13.732 n=1 d=0) incr=loc/full/maxdirty/keys=0/0/0/0 chk= 0.000(d=1) stat= 0.159 rest= 0.306
  [bmc-incr i=1000 repr=1 active=763/175915 POs=1]
BMC : c =     761  cl =   4503  lit =  175914  p =     0  d =     0  f =     1  +  T =     0.03 sec
  [bmc-prof 1000] wall=  29.840 p=     1 | ifo=  0.708(sd=0.189 nx=0.000 tfo=0.038 cnt=0.481) snap= 0.291 srm=  7.827 sat=  6.269(set=0.188 slv=6.079 max=6.0789 n=1) cex=R/T/F=0/0/1 trsplit=0 sim=14.297(rmp=0.399 run=13.898 n=1 d=0) incr=loc/full/maxdirty/keys=0/0/0/0 chk= 0.000(d=1) stat= 0.156 rest= 0.292
  [bmc-incr i=1001 repr=1 active=762/175914 POs=1]
BMC : c =     760  cl =   4503  lit =  175913  p =     0  d =     0  f =     1  +  T =     0.03 sec
  [bmc-prof 1001] wall=  29.616 p=     1 | ifo=  0.728(sd=0.204 nx=0.000 tfo=0.040 cnt=0.484) snap= 0.286 srm=  7.786 sat=  6.246(set=0.177 slv=6.066 max=6.0661 n=1) cex=R/T/F=0/0/1 trsplit=0 sim=14.127(rmp=0.418 run=13.709 n=1 d=0) incr=loc/full/maxdirty/keys=0/0/0/0 chk= 0.000(d=1) stat= 0.154 rest= 0.289
  [bmc-incr i=1002 repr=1 active=761/175913 POs=1]
BMC : c =     759  cl =   4503  lit =  175912  p =     0  d =     0  f =     1  +  T =     0.03 sec
  [bmc-prof 1002] wall=  29.336 p=     1 | ifo=  0.696(sd=0.186 nx=0.000 tfo=0.028 cnt=0.482) snap= 0.283 srm=  7.762 sat=  6.248(set=0.176 slv=6.071 max=6.0707 n=1) cex=R/T/F=0/0/1 trsplit=0 sim=13.896(rmp=0.399 run=13.497 n=1 d=0) incr=loc/full/maxdirty/keys=0/0/0/0 chk= 0.000(d=1) stat= 0.162 rest= 0.289
  [bmc-incr i=1003 repr=1 active=760/175912 POs=1]
BMC : c =     758  cl =   4503  lit =  175911  p =     0  d =     0  f =     1  +  T =     0.03 sec
  [bmc-prof 1003] wall=  29.841 p=     1 | ifo=  0.683(sd=0.177 nx=0.000 tfo=0.027 cnt=0.479) snap= 0.293 srm=  8.085 sat=  6.357(set=0.191 slv=6.165 max=6.1647 n=1) cex=R/T/F=0/0/1 trsplit=0 sim=13.972(rmp=0.394 run=13.577 n=1 d=0) incr=loc/full/maxdirty/keys=0/0/0/0 chk= 0.000(d=1) stat= 0.155 rest= 0.296
  [bmc-incr i=1004 repr=1 active=759/175911 POs=1]
BMC : c =     757  cl =   4503  lit =  175910  p =     0  d =     0  f =     1  +  T =     0.03 sec
  [bmc-prof 1004] wall=  30.109 p=     1 | ifo=  0.685(sd=0.180 nx=0.000 tfo=0.026 cnt=0.479) snap= 0.290 srm=  7.801 sat=  6.235(set=0.172 slv=6.061 max=6.0611 n=1) cex=R/T/F=0/0/1 trsplit=0 sim=14.640(rmp=0.393 run=14.246 n=1 d=0) incr=loc/full/maxdirty/keys=0/0/0/0 chk= 0.000(d=1) stat= 0.161 rest= 0.298
  [bmc-incr i=1005 repr=1 active=758/175910 POs=1]
BMC : c =     756  cl =   4503  lit =  175909  p =     0  d =     0  f =     1  +  T =     0.03 sec
  [bmc-prof 1005] wall=  29.651 p=     1 | ifo=  0.711(sd=0.190 nx=0.000 tfo=0.034 cnt=0.487) snap= 0.304 srm=  7.946 sat=  6.276(set=0.182 slv=6.092 max=6.0915 n=1) cex=R/T/F=0/0/1 trsplit=0 sim=13.972(rmp=0.398 run=13.574 n=1 d=0) incr=loc/full/maxdirty/keys=0/0/0/0 chk= 0.000(d=1) stat= 0.153 rest= 0.289
  [bmc-incr i=1006 repr=1 active=757/175909 POs=1]
BMC : c =     755  cl =   4503  lit =  175908  p =     0  d =     0  f =     1  +  T =     0.03 sec
  [bmc-prof 1006] wall=  30.506 p=     1 | ifo=  0.699(sd=0.184 nx=0.000 tfo=0.029 cnt=0.486) snap= 0.291 srm=  8.081 sat=  6.307(set=0.180 slv=6.126 max=6.1256 n=1) cex=R/T/F=0/0/1 trsplit=0 sim=14.677(rmp=0.410 run=14.266 n=1 d=0) incr=loc/full/maxdirty/keys=0/0/0/0 chk= 0.000(d=1) stat= 0.158 rest= 0.293
  [bmc-incr i=1007 repr=1 active=756/175908 POs=1]
BMC : c =     754  cl =   4503  lit =  175907  p =     0  d =     0  f =     1  +  T =     0.03 sec
  [bmc-prof 1007] wall=  30.105 p=     1 | ifo=  0.743(sd=0.192 nx=0.000 tfo=0.043 cnt=0.508) snap= 0.293 srm=  7.693 sat=  6.263(set=0.184 slv=6.077 max=6.0774 n=1) cex=R/T/F=0/0/1 trsplit=0 sim=14.660(rmp=0.405 run=14.255 n=1 d=0) incr=loc/full/maxdirty/keys=0/0/0/0 chk= 0.000(d=1) stat= 0.161 rest= 0.292
  [bmc-incr i=1008 repr=1 active=755/175907 POs=1]
BMC : c =     753  cl =   4503  lit =  175906  p =     0  d =     0  f =     1  +  T =     0.03 sec
  [bmc-prof 1008] wall=  30.403 p=     1 | ifo=  0.705(sd=0.178 nx=0.000 tfo=0.033 cnt=0.494) snap= 0.285 srm=  7.865 sat=  6.271(set=0.189 slv=6.081 max=6.0805 n=1) cex=R/T/F=0/0/1 trsplit=0 sim=14.798(rmp=0.418 run=14.379 n=1 d=0) incr=loc/full/maxdirty/keys=0/0/0/0 chk= 0.000(d=1) stat= 0.166 rest= 0.312
  [bmc-incr i=1009 repr=1 active=754/175906 POs=1]
BMC : c =     752  cl =   4503  lit =  175905  p =     0  d =     0  f =     1  +  T =     0.03 sec
  [bmc-prof 1009] wall=  30.075 p=     1 | ifo=  0.699(sd=0.181 nx=0.000 tfo=0.035 cnt=0.483) snap= 0.286 srm=  8.229 sat=  6.301(set=0.202 slv=6.097 max=6.0973 n=1) cex=R/T/F=0/0/1 trsplit=0 sim=14.109(rmp=0.408 run=13.700 n=1 d=0) incr=loc/full/maxdirty/keys=0/0/0/0 chk= 0.000(d=1) stat= 0.157 rest= 0.294
  [bmc-incr i=1010 repr=1 active=753/175905 POs=1]
BMC : c =     751  cl =   4503  lit =  175904  p =     0  d =     0  f =     1  +  T =     0.03 sec
  [bmc-prof 1010] wall=  33.078 p=     1 | ifo=  0.690(sd=0.175 nx=0.000 tfo=0.035 cnt=0.479) snap= 0.291 srm=  7.830 sat=  8.965(set=0.199 slv=8.765 max=8.7648 n=1) cex=R/T/F=0/0/1 trsplit=0 sim=14.846(rmp=0.422 run=14.423 n=1 d=0) incr=loc/full/maxdirty/keys=0/0/0/0 chk= 0.000(d=1) stat= 0.156 rest= 0.300
  [bmc-incr i=1011 repr=1 active=752/175904 POs=1]
BMC : c =     750  cl =   4503  lit =  175903  p =     0  d =     0  f =     1  +  T =     0.03 sec
  [bmc-prof 1011] wall=  30.843 p=     1 | ifo=  0.682(sd=0.174 nx=0.000 tfo=0.029 cnt=0.479) snap= 0.320 srm=  8.384 sat=  6.690(set=0.189 slv=6.498 max=6.4979 n=1) cex=R/T/F=0/0/1 trsplit=0 sim=14.310(rmp=0.444 run=13.865 n=1 d=0) incr=loc/full/maxdirty/keys=0/0/0/0 chk= 0.000(d=1) stat= 0.158 rest= 0.299
  [bmc-incr i=1012 repr=1 active=751/175903 POs=1]
BMC : c =     749  cl =   4503  lit =  175902  p =     0  d =     0  f =     1  +  T =     0.03 sec
  [bmc-prof 1012] wall=  29.860 p=     1 | ifo=  0.737(sd=0.199 nx=0.000 tfo=0.048 cnt=0.489) snap= 0.312 srm=  7.751 sat=  6.286(set=0.200 slv=6.085 max=6.0848 n=1) cex=R/T/F=0/0/1 trsplit=0 sim=14.317(rmp=0.439 run=13.878 n=1 d=0) incr=loc/full/maxdirty/keys=0/0/0/0 chk= 0.000(d=1) stat= 0.157 rest= 0.301
  [bmc-incr i=1013 repr=1 active=750/175902 POs=1]
BMC : c =     748  cl =   4503  lit =  175901  p =     0  d =     0  f =     1  +  T =     0.03 sec
  [bmc-prof 1013] wall=  29.341 p=     1 | ifo=  0.699(sd=0.180 nx=0.000 tfo=0.037 cnt=0.483) snap= 0.281 srm=  7.673 sat=  6.270(set=0.180 slv=6.088 max=6.0877 n=1) cex=R/T/F=0/0/1 trsplit=0 sim=13.976(rmp=0.401 run=13.574 n=1 d=0) incr=loc/full/maxdirty/keys=0/0/0/0 chk= 0.000(d=1) stat= 0.153 rest= 0.288
  [bmc-incr i=1014 repr=1 active=749/175901 POs=1]
BMC : c =     747  cl =   4503  lit =  175900  p =     0  d =     0  f =     1  +  T =     0.03 sec
  [bmc-prof 1014] wall=  29.682 p=     1 | ifo=  0.690(sd=0.174 nx=0.000 tfo=0.030 cnt=0.486) snap= 0.282 srm=  7.719 sat=  6.277(set=0.182 slv=6.094 max=6.0936 n=1) cex=R/T/F=0/0/1 trsplit=0 sim=14.234(rmp=0.400 run=13.834 n=1 d=0) incr=loc/full/maxdirty/keys=0/0/0/0 chk= 0.000(d=1) stat= 0.174 rest= 0.305
  [bmc-incr i=1015 repr=1 active=748/175900 POs=1]
BMC : c =     746  cl =   4503  lit =  175899  p =     0  d =     0  f =     1  +  T =     0.03 sec
  [bmc-prof 1015] wall=  30.215 p=     1 | ifo=  0.710(sd=0.197 nx=0.000 tfo=0.029 cnt=0.484) snap= 0.289 srm=  8.112 sat=  6.331(set=0.219 slv=6.110 max=6.1097 n=1) cex=R/T/F=0/0/1 trsplit=0 sim=14.322(rmp=0.426 run=13.895 n=1 d=0) incr=loc/full/maxdirty/keys=0/0/0/0 chk= 0.000(d=1) stat= 0.155 rest= 0.296
  [bmc-incr i=1016 repr=1 active=747/175899 POs=1]
BMC : c =     745  cl =   4503  lit =  175898  p =     0  d =     0  f =     1  +  T =     0.03 sec
  [bmc-prof 1016] wall=  31.860 p=     1 | ifo=  0.689(sd=0.176 nx=0.000 tfo=0.032 cnt=0.480) snap= 0.299 srm=  7.724 sat=  6.975(set=0.190 slv=6.782 max=6.7820 n=1) cex=R/T/F=0/0/1 trsplit=0 sim=15.694(rmp=0.464 run=15.230 n=1 d=0) incr=loc/full/maxdirty/keys=0/0/0/0 chk= 0.000(d=1) stat= 0.171 rest= 0.308
  [bmc-incr i=1017 repr=1 active=746/175898 POs=1]
BMC : c =     744  cl =   4503  lit =  175897  p =     0  d =     0  f =     1  +  T =     0.03 sec
  [bmc-prof 1017] wall=  30.529 p=     1 | ifo=  0.721(sd=0.190 nx=0.000 tfo=0.037 cnt=0.495) snap= 0.285 srm=  8.242 sat=  6.358(set=0.185 slv=6.171 max=6.1713 n=1) cex=R/T/F=0/0/1 trsplit=0 sim=14.457(rmp=0.409 run=14.047 n=1 d=0) incr=loc/full/maxdirty/keys=0/0/0/0 chk= 0.000(d=1) stat= 0.164 rest= 0.302
  [bmc-incr i=1018 repr=1 active=745/175897 POs=1]
BMC : c =     743  cl =   4503  lit =  175896  p =     0  d =     0  f =     1  +  T =     0.03 sec
  [bmc-prof 1018] wall=  29.566 p=     1 | ifo=  0.740(sd=0.196 nx=0.000 tfo=0.051 cnt=0.493) snap= 0.285 srm=  7.763 sat=  6.355(set=0.180 slv=6.174 max=6.1735 n=1) cex=R/T/F=0/0/1 trsplit=0 sim=13.959(rmp=0.403 run=13.556 n=1 d=0) incr=loc/full/maxdirty/keys=0/0/0/0 chk= 0.000(d=1) stat= 0.156 rest= 0.308
  [bmc-incr i=1019 repr=1 active=744/175896 POs=1]
BMC : c =     742  cl =   4503  lit =  175895  p =     0  d =     0  f =     1  +  T =     0.03 sec
  [bmc-prof 1019] wall=  29.622 p=     1 | ifo=  0.745(sd=0.214 nx=0.000 tfo=0.048 cnt=0.483) snap= 0.292 srm=  7.663 sat=  6.401(set=0.178 slv=6.221 max=6.2208 n=1) cex=R/T/F=0/0/1 trsplit=0 sim=14.076(rmp=0.396 run=13.680 n=1 d=0) incr=loc/full/maxdirty/keys=0/0/0/0 chk= 0.000(d=1) stat= 0.154 rest= 0.290
  [bmc-incr i=1020 repr=1 active=743/175895 POs=1]
BMC : c =     741  cl =   4503  lit =  175894  p =     0  d =     0  f =     1  +  T =     0.03 sec
  [bmc-prof 1020] wall=  29.490 p=     1 | ifo=  0.680(sd=0.174 nx=0.000 tfo=0.026 cnt=0.480) snap= 0.283 srm=  7.902 sat=  6.293(set=0.177 slv=6.115 max=6.1151 n=1) cex=R/T/F=0/0/1 trsplit=0 sim=13.886(rmp=0.396 run=13.490 n=1 d=0) incr=loc/full/maxdirty/keys=0/0/0/0 chk= 0.000(d=1) stat= 0.157 rest= 0.290
  [bmc-incr i=1021 repr=1 active=742/175894 POs=1]
BMC : c =     740  cl =   4503  lit =  175893  p =     0  d =     0  f =     1  +  T =     0.03 sec
  [bmc-prof 1021] wall=  31.494 p=     1 | ifo=  0.724(sd=0.201 nx=0.000 tfo=0.043 cnt=0.481) snap= 0.290 srm=  7.997 sat=  6.592(set=0.195 slv=6.394 max=6.3937 n=1) cex=R/T/F=0/0/1 trsplit=0 sim=15.418(rmp=0.509 run=14.908 n=1 d=0) incr=loc/full/maxdirty/keys=0/0/0/0 chk= 0.000(d=1) stat= 0.158 rest= 0.315
  [bmc-incr i=1022 repr=1 active=741/175893 POs=1]
BMC : c =     739  cl =   4503  lit =  175892  p =     0  d =     0  f =     1  +  T =     0.03 sec
  [bmc-prof 1022] wall=  30.099 p=     1 | ifo=  0.702(sd=0.177 nx=0.000 tfo=0.036 cnt=0.489) snap= 0.371 srm=  7.885 sat=  6.372(set=0.180 slv=6.190 max=6.1904 n=1) cex=R/T/F=0/0/1 trsplit=0 sim=14.321(rmp=0.451 run=13.869 n=1 d=0) incr=loc/full/maxdirty/keys=0/0/0/0 chk= 0.000(d=1) stat= 0.155 rest= 0.292
  [bmc-incr i=1023 repr=1 active=740/175892 POs=1]
BMC : c =     738  cl =   4503  lit =  175891  p =     0  d =     0  f =     1  +  T =     0.03 sec
  [bmc-prof 1023] wall=  29.433 p=     1 | ifo=  0.691(sd=0.176 nx=0.000 tfo=0.032 cnt=0.482) snap= 0.283 srm=  7.656 sat=  6.353(set=0.178 slv=6.174 max=6.1736 n=1) cex=R/T/F=0/0/1 trsplit=0 sim=14.008(rmp=0.394 run=13.614 n=1 d=0) incr=loc/full/maxdirty/keys=0/0/0/0 chk= 0.000(d=1) stat= 0.154 rest= 0.289
  [bmc-incr i=1024 repr=1 active=739/175891 POs=1]
BMC : c =     737  cl =   4503  lit =  175890  p =     0  d =     0  f =     1  +  T =     0.03 sec
  [bmc-prof 1024] wall=  30.512 p=     1 | ifo=  0.689(sd=0.174 nx=0.000 tfo=0.029 cnt=0.485) snap= 0.305 srm=  7.694 sat=  6.738(set=0.242 slv=6.494 max=6.4943 n=1) cex=R/T/F=0/0/1 trsplit=0 sim=14.630(rmp=0.423 run=14.207 n=1 d=0) incr=loc/full/maxdirty/keys=0/0/0/0 chk= 0.000(d=1) stat= 0.153 rest= 0.303
  [bmc-incr i=1025 repr=1 active=738/175890 POs=1]
BMC : c =     736  cl =   4503  lit =  175889  p =     0  d =     0  f =     1  +  T =     0.03 sec
  [bmc-prof 1025] wall=  30.201 p=     1 | ifo=  0.690(sd=0.175 nx=0.000 tfo=0.026 cnt=0.489) snap= 0.300 srm=  7.689 sat=  6.451(set=0.184 slv=6.264 max=6.2645 n=1) cex=R/T/F=0/0/1 trsplit=0 sim=14.594(rmp=0.453 run=14.140 n=1 d=0) incr=loc/full/maxdirty/keys=0/0/0/0 chk= 0.000(d=1) stat= 0.167 rest= 0.310
  [bmc-incr i=1026 repr=1 active=737/175889 POs=1]
BMC : c =     735  cl =   4503  lit =  175888  p =     0  d =     0  f =     1  +  T =     0.03 sec
  [bmc-prof 1026] wall=  30.597 p=     1 | ifo=  0.710(sd=0.184 nx=0.000 tfo=0.039 cnt=0.487) snap= 0.286 srm=  7.848 sat=  6.970(set=0.185 slv=6.782 max=6.7817 n=1) cex=R/T/F=0/0/1 trsplit=0 sim=14.155(rmp=0.538 run=13.616 n=1 d=0) incr=loc/full/maxdirty/keys=0/0/0/0 chk= 0.000(d=1) stat= 0.154 rest= 0.474
  [bmc-incr i=1027 repr=1 active=736/175888 POs=1]
BMC : c =     734  cl =   4503  lit =  175887  p =     0  d =     0  f =     1  +  T =     0.03 sec
  [bmc-prof 1027] wall=  29.451 p=     1 | ifo=  0.700(sd=0.186 nx=0.000 tfo=0.035 cnt=0.479) snap= 0.279 srm=  7.626 sat=  6.348(set=0.178 slv=6.168 max=6.1685 n=1) cex=R/T/F=0/0/1 trsplit=0 sim=14.036(rmp=0.453 run=13.583 n=1 d=0) incr=loc/full/maxdirty/keys=0/0/0/0 chk= 0.000(d=1) stat= 0.159 rest= 0.302
  [bmc-incr i=1028 repr=1 active=735/175887 POs=1]
BMC : c =     733  cl =   4503  lit =  175886  p =     0  d =     0  f =     1  +  T =     0.03 sec
  [bmc-prof 1028] wall=  32.396 p=     1 | ifo=  0.706(sd=0.180 nx=0.000 tfo=0.036 cnt=0.490) snap= 0.644 srm=  8.869 sat=  6.829(set=0.189 slv=6.637 max=6.6370 n=1) cex=R/T/F=0/0/1 trsplit=0 sim=14.683(rmp=0.476 run=14.206 n=1 d=0) incr=loc/full/maxdirty/keys=0/0/0/0 chk= 0.000(d=1) stat= 0.243 rest= 0.422
  [bmc-incr i=1029 repr=1 active=734/175886 POs=1]
BMC : c =     732  cl =   4503  lit =  175885  p =     0  d =     0  f =     1  +  T =     0.03 sec
  [bmc-prof 1029] wall=  30.121 p=     1 | ifo=  0.878(sd=0.239 nx=0.000 tfo=0.038 cnt=0.601) snap= 0.294 srm=  7.964 sat=  6.423(set=0.195 slv=6.226 max=6.2259 n=1) cex=R/T/F=0/0/1 trsplit=0 sim=14.065(rmp=0.430 run=13.634 n=1 d=0) incr=loc/full/maxdirty/keys=0/0/0/0 chk= 0.000(d=1) stat= 0.207 rest= 0.291
  [bmc-incr i=1030 repr=1 active=733/175885 POs=1]
BMC : c =     731  cl =   4503  lit =  175884  p =     0  d =     0  f =     1  +  T =     0.03 sec
  [bmc-prof 1030] wall=  29.572 p=     1 | ifo=  0.704(sd=0.179 nx=0.000 tfo=0.035 cnt=0.491) snap= 0.292 srm=  7.671 sat=  6.387(set=0.180 slv=6.200 max=6.1998 n=1) cex=R/T/F=0/0/1 trsplit=0 sim=14.067(rmp=0.397 run=13.670 n=1 d=0) incr=loc/full/maxdirty/keys=0/0/0/0 chk= 0.000(d=1) stat= 0.158 rest= 0.292
  [bmc-incr i=1031 repr=1 active=732/175884 POs=1]
BMC : c =     730  cl =   4503  lit =  175883  p =     0  d =     0  f =     1  +  T =     0.03 sec
  [bmc-prof 1031] wall=  29.591 p=     1 | ifo=  0.739(sd=0.193 nx=0.000 tfo=0.053 cnt=0.493) snap= 0.279 srm=  7.762 sat=  6.385(set=0.176 slv=6.208 max=6.2077 n=1) cex=R/T/F=0/0/1 trsplit=0 sim=13.982(rmp=0.404 run=13.578 n=1 d=0) incr=loc/full/maxdirty/keys=0/0/0/0 chk= 0.000(d=1) stat= 0.154 rest= 0.288
  [bmc-incr i=1032 repr=1 active=731/175883 POs=1]
BMC : c =     729  cl =   4503  lit =  175882  p =     0  d =     0  f =     1  +  T =     0.04 sec
  [bmc-prof 1032] wall=  35.702 p=     1 | ifo=  0.752(sd=0.174 nx=0.000 tfo=0.026 cnt=0.552) snap= 0.295 srm= 13.084 sat=  6.386(set=0.226 slv=6.158 max=6.1580 n=1) cex=R/T/F=0/0/1 trsplit=0 sim=14.722(rmp=0.414 run=14.306 n=1 d=0) incr=loc/full/maxdirty/keys=0/0/0/0 chk= 0.000(d=1) stat= 0.161 rest= 0.303
  [bmc-incr i=1033 repr=1 active=730/175882 POs=1]
BMC : c =     728  cl =   4503  lit =  175881  p =     0  d =     0  f =     1  +  T =     0.03 sec
  [bmc-prof 1033] wall=  29.706 p=     1 | ifo=  0.760(sd=0.209 nx=0.000 tfo=0.037 cnt=0.514) snap= 0.284 srm=  7.896 sat=  6.412(set=0.198 slv=6.213 max=6.2126 n=1) cex=R/T/F=0/0/1 trsplit=0 sim=13.906(rmp=0.407 run=13.499 n=1 d=0) incr=loc/full/maxdirty/keys=0/0/0/0 chk= 0.000(d=1) stat= 0.155 rest= 0.293
  [bmc-incr i=1034 repr=1 active=729/175881 POs=1]
BMC : c =     727  cl =   4503  lit =  175880  p =     0  d =     0  f =     1  +  T =     0.03 sec
  [bmc-prof 1034] wall=  30.234 p=     1 | ifo=  0.691(sd=0.180 nx=0.000 tfo=0.033 cnt=0.479) snap= 0.305 srm=  7.869 sat=  6.425(set=0.187 slv=6.236 max=6.2355 n=1) cex=R/T/F=0/0/1 trsplit=0 sim=14.462(rmp=0.429 run=14.032 n=1 d=0) incr=loc/full/maxdirty/keys=0/0/0/0 chk= 0.000(d=1) stat= 0.159 rest= 0.322
  [bmc-incr i=1035 repr=1 active=728/175880 POs=1]
BMC : c =     726  cl =   4503  lit =  175879  p =     0  d =     0  f =     1  +  T =     0.03 sec
  [bmc-prof 1035] wall=  29.701 p=     1 | ifo=  0.711(sd=0.181 nx=0.000 tfo=0.037 cnt=0.493) snap= 0.303 srm=  7.869 sat=  6.339(set=0.186 slv=6.151 max=6.1509 n=1) cex=R/T/F=0/0/1 trsplit=0 sim=14.033(rmp=0.403 run=13.629 n=1 d=0) incr=loc/full/maxdirty/keys=0/0/0/0 chk= 0.000(d=1) stat= 0.156 rest= 0.290
  [bmc-incr i=1036 repr=1 active=727/175879 POs=1]
BMC : c =     725  cl =   4503  lit =  175878  p =     0  d =     0  f =     1  +  T =     0.03 sec
  [bmc-prof 1036] wall=  29.471 p=     1 | ifo=  0.694(sd=0.184 nx=0.000 tfo=0.033 cnt=0.478) snap= 0.284 srm=  7.770 sat=  6.351(set=0.186 slv=6.163 max=6.1626 n=1) cex=R/T/F=0/0/1 trsplit=0 sim=13.930(rmp=0.402 run=13.528 n=1 d=0) incr=loc/full/maxdirty/keys=0/0/0/0 chk= 0.000(d=1) stat= 0.154 rest= 0.288
  [bmc-incr i=1037 repr=1 active=726/175878 POs=1]
BMC : c =     724  cl =   4503  lit =  175877  p =     0  d =     0  f =     1  +  T =     0.03 sec
  [bmc-prof 1037] wall=  34.375 p=     1 | ifo=  0.695(sd=0.181 nx=0.000 tfo=0.027 cnt=0.486) snap= 1.089 srm=  8.839 sat=  7.437(set=0.304 slv=7.131 max=7.1306 n=1) cex=R/T/F=0/0/1 trsplit=0 sim=15.841(rmp=0.436 run=15.404 n=1 d=0) incr=loc/full/maxdirty/keys=0/0/0/0 chk= 0.000(d=1) stat= 0.162 rest= 0.312
  [bmc-incr i=1038 repr=1 active=725/175877 POs=1]
BMC : c =     723  cl =   4503  lit =  175876  p =     0  d =     0  f =     1  +  T =     0.03 sec
  [bmc-prof 1038] wall=  29.740 p=     1 | ifo=  0.690(sd=0.180 nx=0.000 tfo=0.031 cnt=0.480) snap= 0.286 srm=  7.874 sat=  6.343(set=0.184 slv=6.157 max=6.1573 n=1) cex=R/T/F=0/0/1 trsplit=0 sim=14.051(rmp=0.403 run=13.647 n=1 d=0) incr=loc/full/maxdirty/keys=0/0/0/0 chk= 0.000(d=1) stat= 0.198 rest= 0.296
  [bmc-incr i=1039 repr=1 active=724/175876 POs=1]
BMC : c =     722  cl =   4503  lit =  175875  p =     0  d =     0  f =     1  +  T =     0.03 sec
  [bmc-prof 1039] wall=  29.646 p=     1 | ifo=  0.704(sd=0.193 nx=0.000 tfo=0.031 cnt=0.480) snap= 0.282 srm=  7.798 sat=  6.332(set=0.179 slv=6.151 max=6.1511 n=1) cex=R/T/F=0/0/1 trsplit=0 sim=14.074(rmp=0.497 run=13.577 n=1 d=0) incr=loc/full/maxdirty/keys=0/0/0/0 chk= 0.000(d=1) stat= 0.167 rest= 0.289
  [bmc-incr i=1040 repr=1 active=723/175875 POs=1]
BMC : c =     721  cl =   4503  lit =  175874  p =     0  d =     0  f =     1  +  T =     0.03 sec
  [bmc-prof 1040] wall=  29.874 p=     1 | ifo=  0.694(sd=0.180 nx=0.000 tfo=0.028 cnt=0.487) snap= 0.283 srm=  7.829 sat=  6.335(set=0.178 slv=6.155 max=6.1554 n=1) cex=R/T/F=0/0/1 trsplit=0 sim=14.288(rmp=0.402 run=13.886 n=1 d=0) incr=loc/full/maxdirty/keys=0/0/0/0 chk= 0.000(d=1) stat= 0.155 rest= 0.290
  [bmc-incr i=1041 repr=1 active=722/175874 POs=1]
BMC : c =     720  cl =   4503  lit =  175873  p =     0  d =     0  f =     1  +  T =     0.03 sec
  [bmc-prof 1041] wall=  32.670 p=     1 | ifo=  0.690(sd=0.174 nx=0.000 tfo=0.028 cnt=0.488) snap= 0.280 srm=  8.160 sat=  6.348(set=0.193 slv=6.153 max=6.1533 n=1) cex=R/T/F=0/0/1 trsplit=0 sim=16.709(rmp=0.418 run=16.290 n=1 d=0) incr=loc/full/maxdirty/keys=0/0/0/0 chk= 0.000(d=1) stat= 0.172 rest= 0.311
  [bmc-incr i=1042 repr=1 active=721/175873 POs=1]
BMC : c =     719  cl =   4503  lit =  175872  p =     0  d =     0  f =     1  +  T =     0.03 sec
  [bmc-prof 1042] wall=  30.123 p=     1 | ifo=  0.696(sd=0.178 nx=0.000 tfo=0.034 cnt=0.483) snap= 0.298 srm=  7.936 sat=  6.737(set=0.189 slv=6.546 max=6.5460 n=1) cex=R/T/F=0/0/1 trsplit=0 sim=14.005(rmp=0.409 run=13.596 n=1 d=0) incr=loc/full/maxdirty/keys=0/0/0/0 chk= 0.000(d=1) stat= 0.156 rest= 0.295
  [bmc-incr i=1043 repr=1 active=720/175872 POs=1]
BMC : c =     718  cl =   4503  lit =  175871  p =     0  d =     0  f =     1  +  T =     0.03 sec
  [bmc-prof 1043] wall=  32.764 p=     1 | ifo=  0.752(sd=0.175 nx=0.000 tfo=0.034 cnt=0.543) snap= 0.290 srm=  8.033 sat=  8.754(set=0.199 slv=8.554 max=8.5536 n=1) cex=R/T/F=0/0/1 trsplit=0 sim=14.464(rmp=0.435 run=14.028 n=1 d=0) incr=loc/full/maxdirty/keys=0/0/0/0 chk= 0.000(d=1) stat= 0.174 rest= 0.297
  [bmc-incr i=1044 repr=1 active=719/175871 POs=1]
BMC : c =     717  cl =   4503  lit =  175870  p =     0  d =     0  f =     1  +  T =     0.03 sec
  [bmc-prof 1044] wall=  30.525 p=     1 | ifo=  0.756(sd=0.207 nx=0.000 tfo=0.061 cnt=0.488) snap= 0.299 srm=  8.085 sat=  6.444(set=0.201 slv=6.240 max=6.2399 n=1) cex=R/T/F=0/0/1 trsplit=0 sim=14.476(rmp=0.435 run=14.040 n=1 d=0) incr=loc/full/maxdirty/keys=0/0/0/0 chk= 0.000(d=1) stat= 0.157 rest= 0.309
  [bmc-incr i=1045 repr=1 active=718/175870 POs=1]
BMC : c =     716  cl =   4503  lit =  175869  p =     0  d =     0  f =     1  +  T =     0.03 sec
  [bmc-prof 1045] wall=  30.067 p=     1 | ifo=  0.706(sd=0.186 nx=0.000 tfo=0.039 cnt=0.481) snap= 0.291 srm=  7.836 sat=  6.387(set=0.197 slv=6.188 max=6.1875 n=1) cex=R/T/F=0/0/1 trsplit=0 sim=14.381(rmp=0.450 run=13.930 n=1 d=0) incr=loc/full/maxdirty/keys=0/0/0/0 chk= 0.000(d=1) stat= 0.157 rest= 0.308
  [bmc-incr i=1046 repr=1 active=717/175869 POs=1]
BMC : c =     715  cl =   4503  lit =  175868  p =     0  d =     0  f =     1  +  T =     0.03 sec
  [bmc-prof 1046] wall=  30.755 p=     1 | ifo=  0.699(sd=0.182 nx=0.000 tfo=0.036 cnt=0.481) snap= 0.307 srm=  7.816 sat=  6.378(set=0.204 slv=6.172 max=6.1723 n=1) cex=R/T/F=0/0/1 trsplit=0 sim=15.106(rmp=0.395 run=14.711 n=1 d=0) incr=loc/full/maxdirty/keys=0/0/0/0 chk= 0.000(d=1) stat= 0.158 rest= 0.291
  [bmc-incr i=1047 repr=1 active=716/175868 POs=1]
BMC : c =     714  cl =   4503  lit =  175867  p =     0  d =     0  f =     1  +  T =     0.03 sec
  [bmc-prof 1047] wall=  31.456 p=     1 | ifo=  0.687(sd=0.174 nx=0.000 tfo=0.033 cnt=0.480) snap= 0.317 srm=  7.971 sat=  7.333(set=0.195 slv=7.136 max=7.1356 n=1) cex=R/T/F=0/0/1 trsplit=0 sim=14.634(rmp=0.409 run=14.225 n=1 d=0) incr=loc/full/maxdirty/keys=0/0/0/0 chk= 0.000(d=1) stat= 0.213 rest= 0.301
  [bmc-incr i=1048 repr=1 active=715/175867 POs=1]
BMC : c =     713  cl =   4503  lit =  175866  p =     0  d =     0  f =     1  +  T =     0.03 sec
  [bmc-prof 1048] wall=  29.805 p=     1 | ifo=  0.692(sd=0.175 nx=0.000 tfo=0.032 cnt=0.485) snap= 0.308 srm=  7.665 sat=  6.432(set=0.211 slv=6.220 max=6.2199 n=1) cex=R/T/F=0/0/1 trsplit=0 sim=14.252(rmp=0.446 run=13.806 n=1 d=0) incr=loc/full/maxdirty/keys=0/0/0/0 chk= 0.000(d=1) stat= 0.156 rest= 0.299
  [bmc-incr i=1049 repr=1 active=714/175866 POs=1]
BMC : c =     712  cl =   4503  lit =  175865  p =     0  d =     0  f =     1  +  T =     0.03 sec
  [bmc-prof 1049] wall=  31.518 p=     1 | ifo=  0.714(sd=0.189 nx=0.000 tfo=0.034 cnt=0.491) snap= 0.288 srm=  7.785 sat=  7.631(set=0.442 slv=7.187 max=7.1875 n=1) cex=R/T/F=0/0/1 trsplit=0 sim=14.636(rmp=0.418 run=14.217 n=1 d=0) incr=loc/full/maxdirty/keys=0/0/0/0 chk= 0.000(d=1) stat= 0.158 rest= 0.307
  [bmc-incr i=1050 repr=1 active=713/175865 POs=1]
BMC : c =     711  cl =   4503  lit =  175864  p =     0  d =     0  f =     1  +  T =     0.03 sec
  [bmc-prof 1050] wall=  29.657 p=     1 | ifo=  0.764(sd=0.224 nx=0.000 tfo=0.052 cnt=0.489) snap= 0.282 srm=  7.700 sat=  6.439(set=0.179 slv=6.259 max=6.2590 n=1) cex=R/T/F=0/0/1 trsplit=0 sim=14.020(rmp=0.391 run=13.628 n=1 d=0) incr=loc/full/maxdirty/keys=0/0/0/0 chk= 0.000(d=1) stat= 0.157 rest= 0.294
  [bmc-incr i=1051 repr=1 active=712/175864 POs=1]
BMC : c =     710  cl =   4503  lit =  175863  p =     0  d =     0  f =     1  +  T =     0.03 sec
  [bmc-prof 1051] wall=  29.917 p=     1 | ifo=  0.690(sd=0.178 nx=0.000 tfo=0.027 cnt=0.485) snap= 0.289 srm=  7.830 sat=  6.404(set=0.179 slv=6.224 max=6.2240 n=1) cex=R/T/F=0/0/1 trsplit=0 sim=14.198(rmp=0.402 run=13.795 n=1 d=0) incr=loc/full/maxdirty/keys=0/0/0/0 chk= 0.000(d=1) stat= 0.183 rest= 0.323
  [bmc-incr i=1052 repr=1 active=711/175863 POs=1]
BMC : c =     709  cl =   4503  lit =  175862  p =     0  d =     0  f =     1  +  T =     0.03 sec
  [bmc-prof 1052] wall=  30.463 p=     1 | ifo=  0.774(sd=0.216 nx=0.000 tfo=0.033 cnt=0.525) snap= 0.329 srm=  8.306 sat=  6.793(set=0.244 slv=6.547 max=6.5471 n=1) cex=R/T/F=0/0/1 trsplit=0 sim=13.745(rmp=0.562 run=13.182 n=1 d=0) incr=loc/full/maxdirty/keys=0/0/0/0 chk= 0.000(d=1) stat= 0.177 rest= 0.338
  [bmc-incr i=1053 repr=1 active=710/175862 POs=1]
BMC : c =     708  cl =   4503  lit =  175861  p =     0  d =     0  f =     1  +  T =     0.03 sec
  [bmc-prof 1053] wall=  30.585 p=     1 | ifo=  0.772(sd=0.219 nx=0.000 tfo=0.035 cnt=0.518) snap= 0.322 srm=  8.090 sat=  7.109(set=0.212 slv=6.896 max=6.8958 n=1) cex=R/T/F=0/0/1 trsplit=0 sim=13.783(rmp=0.485 run=13.298 n=1 d=0) incr=loc/full/maxdirty/keys=0/0/0/0 chk= 0.000(d=1) stat= 0.172 rest= 0.336
  [bmc-incr i=1054 repr=1 active=709/175861 POs=1]
BMC : c =     707  cl =   4503  lit =  175860  p =     0  d =     0  f =     1  +  T =     0.03 sec
  [bmc-prof 1054] wall=  31.133 p=     1 | ifo=  0.769(sd=0.212 nx=0.000 tfo=0.033 cnt=0.525) snap= 0.333 srm=  8.023 sat=  6.470(set=0.207 slv=6.262 max=6.2617 n=1) cex=R/T/F=0/0/1 trsplit=0 sim=15.039(rmp=0.440 run=14.598 n=1 d=0) incr=loc/full/maxdirty/keys=0/0/0/0 chk= 0.000(d=1) stat= 0.185 rest= 0.313
  [bmc-incr i=1055 repr=1 active=708/175860 POs=1]
BMC : c =     706  cl =   4503  lit =  175859  p =     0  d =     0  f =     1  +  T =     0.03 sec
  [bmc-prof 1055] wall=  31.948 p=     1 | ifo=  1.341(sd=0.182 nx=0.000 tfo=0.032 cnt=1.127) snap= 0.283 srm=  8.762 sat=  7.007(set=0.179 slv=6.826 max=6.8264 n=1) cex=R/T/F=0/0/1 trsplit=0 sim=14.077(rmp=0.400 run=13.676 n=1 d=0) incr=loc/full/maxdirty/keys=0/0/0/0 chk= 0.000(d=1) stat= 0.157 rest= 0.321
  [bmc-incr i=1056 repr=1 active=707/175859 POs=1]
BMC : c =     705  cl =   4503  lit =  175858  p =     0  d =     0  f =     1  +  T =     0.03 sec
  [bmc-prof 1056] wall=  29.532 p=     1 | ifo=  0.699(sd=0.176 nx=0.000 tfo=0.034 cnt=0.489) snap= 0.287 srm=  7.659 sat=  6.394(set=0.180 slv=6.213 max=6.2126 n=1) cex=R/T/F=0/0/1 trsplit=0 sim=13.979(rmp=0.404 run=13.574 n=1 d=0) incr=loc/full/maxdirty/keys=0/0/0/0 chk= 0.000(d=1) stat= 0.162 rest= 0.352
  [bmc-incr i=1057 repr=1 active=706/175858 POs=1]
BMC : c =     704  cl =   4503  lit =  175857  p =     0  d =     0  f =     1  +  T =     0.03 sec
  [bmc-prof 1057] wall=  29.760 p=     1 | ifo=  0.690(sd=0.175 nx=0.000 tfo=0.035 cnt=0.480) snap= 0.281 srm=  7.776 sat=  6.384(set=0.179 slv=6.203 max=6.2027 n=1) cex=R/T/F=0/0/1 trsplit=0 sim=14.174(rmp=0.403 run=13.770 n=1 d=0) incr=loc/full/maxdirty/keys=0/0/0/0 chk= 0.000(d=1) stat= 0.161 rest= 0.296
  [bmc-incr i=1058 repr=1 active=705/175857 POs=1]
BMC : c =     703  cl =   4503  lit =  175856  p =     0  d =     0  f =     1  +  T =     0.03 sec
  [bmc-prof 1058] wall=  30.562 p=     1 | ifo=  0.681(sd=0.174 nx=0.000 tfo=0.029 cnt=0.479) snap= 0.281 srm=  7.757 sat=  6.390(set=0.187 slv=6.202 max=6.2021 n=1) cex=R/T/F=0/0/1 trsplit=0 sim=14.990(rmp=0.409 run=14.580 n=1 d=0) incr=loc/full/maxdirty/keys=0/0/0/0 chk= 0.000(d=1) stat= 0.164 rest= 0.299
  [bmc-incr i=1059 repr=1 active=704/175856 POs=1]
BMC : c =     702  cl =   4503  lit =  175855  p =     0  d =     0  f =     1  +  T =     0.03 sec
  [bmc-prof 1059] wall=  29.944 p=     1 | ifo=  0.708(sd=0.177 nx=0.000 tfo=0.033 cnt=0.498) snap= 0.286 srm=  7.950 sat=  6.404(set=0.188 slv=6.215 max=6.2148 n=1) cex=R/T/F=0/0/1 trsplit=0 sim=14.150(rmp=0.412 run=13.738 n=1 d=0) incr=loc/full/maxdirty/keys=0/0/0/0 chk= 0.000(d=1) stat= 0.154 rest= 0.291
  [bmc-incr i=1060 repr=1 active=703/175855 POs=1]
BMC : c =     701  cl =   4503  lit =  175854  p =     0  d =     0  f =     1  +  T =     0.03 sec
  [bmc-prof 1060] wall=  29.837 p=     1 | ifo=  0.694(sd=0.183 nx=0.000 tfo=0.032 cnt=0.480) snap= 0.303 srm=  7.693 sat=  6.425(set=0.194 slv=6.230 max=6.2301 n=1) cex=R/T/F=0/0/1 trsplit=0 sim=14.269(rmp=0.411 run=13.857 n=1 d=0) incr=loc/full/maxdirty/keys=0/0/0/0 chk= 0.000(d=1) stat= 0.161 rest= 0.291
  [bmc-incr i=1061 repr=1 active=702/175854 POs=1]
BMC : c =     700  cl =   4503  lit =  175853  p =     0  d =     0  f =     1  +  T =     0.03 sec
  [bmc-prof 1061] wall=  30.915 p=     1 | ifo=  0.683(sd=0.175 nx=0.000 tfo=0.029 cnt=0.479) snap= 0.290 srm=  8.113 sat=  6.945(set=0.209 slv=6.733 max=6.7333 n=1) cex=R/T/F=0/0/1 trsplit=0 sim=14.421(rmp=0.430 run=13.991 n=1 d=0) incr=loc/full/maxdirty/keys=0/0/0/0 chk= 0.000(d=1) stat= 0.155 rest= 0.307
  [bmc-incr i=1062 repr=1 active=701/175853 POs=1]
BMC : c =     699  cl =   4503  lit =  175852  p =     0  d =     0  f =     1  +  T =     0.03 sec
  [bmc-prof 1062] wall=  31.485 p=     1 | ifo=  0.696(sd=0.181 nx=0.000 tfo=0.034 cnt=0.482) snap= 0.290 srm=  7.908 sat=  6.599(set=0.195 slv=6.401 max=6.4011 n=1) cex=R/T/F=0/0/1 trsplit=0 sim=15.526(rmp=0.435 run=15.090 n=1 d=0) incr=loc/full/maxdirty/keys=0/0/0/0 chk= 0.000(d=1) stat= 0.167 rest= 0.298
  [bmc-incr i=1063 repr=1 active=700/175852 POs=1]
BMC : c =     698  cl =   4503  lit =  175851  p =     0  d =     0  f =     1  +  T =     0.03 sec
  [bmc-prof 1063] wall=  30.467 p=     1 | ifo=  0.721(sd=0.180 nx=0.000 tfo=0.035 cnt=0.505) snap= 0.291 srm=  8.372 sat=  6.417(set=0.184 slv=6.232 max=6.2320 n=1) cex=R/T/F=0/0/1 trsplit=0 sim=14.213(rmp=0.436 run=13.776 n=1 d=0) incr=loc/full/maxdirty/keys=0/0/0/0 chk= 0.000(d=1) stat= 0.155 rest= 0.299
  [bmc-incr i=1064 repr=1 active=699/175851 POs=1]
BMC : c =     697  cl =   4503  lit =  175850  p =     0  d =     0  f =     1  +  T =     0.03 sec
  [bmc-prof 1064] wall=  29.937 p=     1 | ifo=  0.690(sd=0.176 nx=0.000 tfo=0.031 cnt=0.483) snap= 0.290 srm=  7.744 sat=  6.470(set=0.186 slv=6.283 max=6.2826 n=1) cex=R/T/F=0/0/1 trsplit=0 sim=14.283(rmp=0.395 run=13.887 n=1 d=0) incr=loc/full/maxdirty/keys=0/0/0/0 chk= 0.000(d=1) stat= 0.162 rest= 0.297
  [bmc-incr i=1065 repr=1 active=698/175850 POs=1]
BMC : c =     696  cl =   4503  lit =  175849  p =     0  d =     0  f =     1  +  T =     0.03 sec
  [bmc-prof 1065] wall=  30.849 p=     1 | ifo=  0.771(sd=0.216 nx=0.000 tfo=0.034 cnt=0.521) snap= 0.289 srm=  7.918 sat=  7.150(set=0.192 slv=6.957 max=6.9568 n=1) cex=R/T/F=0/0/1 trsplit=0 sim=14.212(rmp=0.609 run=13.601 n=1 d=0) incr=loc/full/maxdirty/keys=0/0/0/0 chk= 0.000(d=1) stat= 0.175 rest= 0.334
  [bmc-incr i=1066 repr=1 active=697/175849 POs=1]
BMC : c =     695  cl =   4503  lit =  175848  p =     0  d =     0  f =     1  +  T =     0.03 sec
  [bmc-prof 1066] wall=  29.531 p=     1 | ifo=  0.788(sd=0.222 nx=0.000 tfo=0.036 cnt=0.530) snap= 0.324 srm=  8.126 sat=  6.436(set=0.215 slv=6.219 max=6.2191 n=1) cex=R/T/F=0/0/1 trsplit=0 sim=13.361(rmp=0.478 run=12.882 n=1 d=0) incr=loc/full/maxdirty/keys=0/0/0/0 chk= 0.000(d=1) stat= 0.171 rest= 0.324
  [bmc-incr i=1067 repr=1 active=696/175848 POs=1]
BMC : c =     694  cl =   4503  lit =  175847  p =     0  d =     0  f =     1  +  T =     0.03 sec
  [bmc-prof 1067] wall=  29.317 p=     1 | ifo=  0.768(sd=0.221 nx=0.000 tfo=0.036 cnt=0.511) snap= 0.317 srm=  7.906 sat=  6.434(set=0.213 slv=6.219 max=6.2191 n=1) cex=R/T/F=0/0/1 trsplit=0 sim=13.386(rmp=0.470 run=12.915 n=1 d=0) incr=loc/full/maxdirty/keys=0/0/0/0 chk= 0.000(d=1) stat= 0.171 rest= 0.335
  [bmc-incr i=1068 repr=1 active=695/175847 POs=1]
BMC : c =     693  cl =   4503  lit =  175846  p =     0  d =     0  f =     1  +  T =     0.03 sec
  [bmc-prof 1068] wall=  29.359 p=     1 | ifo=  0.757(sd=0.208 nx=0.000 tfo=0.030 cnt=0.520) snap= 0.323 srm=  7.960 sat=  6.438(set=0.207 slv=6.230 max=6.2299 n=1) cex=R/T/F=0/0/1 trsplit=0 sim=13.373(rmp=0.496 run=12.877 n=1 d=0) incr=loc/full/maxdirty/keys=0/0/0/0 chk= 0.000(d=1) stat= 0.177 rest= 0.330
  [bmc-incr i=1069 repr=1 active=694/175846 POs=1]
BMC : c =     692  cl =   4503  lit =  175845  p =     0  d =     0  f =     1  +  T =     0.03 sec
  [bmc-prof 1069] wall=  34.360 p=     1 | ifo=  0.820(sd=0.247 nx=0.000 tfo=0.041 cnt=0.533) snap= 0.329 srm=  8.087 sat=  6.792(set=0.223 slv=6.566 max=6.5661 n=1) cex=R/T/F=0/0/1 trsplit=0 sim=17.788(rmp=0.424 run=17.363 n=1 d=0) incr=loc/full/maxdirty/keys=0/0/0/0 chk= 0.000(d=1) stat= 0.194 rest= 0.350
  [bmc-incr i=1070 repr=1 active=693/175845 POs=1]
BMC : c =     691  cl =   4503  lit =  175844  p =     0  d =     0  f =     1  +  T =     0.03 sec
  [bmc-prof 1070] wall=  30.049 p=     1 | ifo=  0.786(sd=0.221 nx=0.000 tfo=0.034 cnt=0.531) snap= 0.327 srm=  8.365 sat=  6.542(set=0.237 slv=6.303 max=6.3032 n=1) cex=R/T/F=0/0/1 trsplit=0 sim=13.522(rmp=0.502 run=13.019 n=1 d=0) incr=loc/full/maxdirty/keys=0/0/0/0 chk= 0.000(d=1) stat= 0.171 rest= 0.335
  [bmc-incr i=1071 repr=1 active=692/175844 POs=1]
BMC : c =     690  cl =   4503  lit =  175843  p =     0  d =     0  f =     1  +  T =     0.03 sec
  [bmc-prof 1071] wall=  34.174 p=     1 | ifo=  0.770(sd=0.220 nx=0.000 tfo=0.036 cnt=0.515) snap= 0.331 srm=  8.291 sat=  8.045(set=0.215 slv=7.824 max=7.8243 n=1) cex=R/T/F=0/0/1 trsplit=0 sim=16.239(rmp=0.445 run=15.793 n=1 d=0) incr=loc/full/maxdirty/keys=0/0/0/0 chk= 0.000(d=1) stat= 0.155 rest= 0.343
  [bmc-incr i=1072 repr=1 active=691/175843 POs=1]
BMC : c =     689  cl =   4503  lit =  175842  p =     0  d =     0  f =     1  +  T =     0.03 sec
  [bmc-prof 1072] wall=  30.130 p=     1 | ifo=  0.697(sd=0.183 nx=0.000 tfo=0.033 cnt=0.482) snap= 0.291 srm=  7.744 sat=  6.812(set=0.179 slv=6.631 max=6.6311 n=1) cex=R/T/F=0/0/1 trsplit=0 sim=14.125(rmp=0.398 run=13.727 n=1 d=0) incr=loc/full/maxdirty/keys=0/0/0/0 chk= 0.000(d=1) stat= 0.160 rest= 0.300
  [bmc-incr i=1073 repr=1 active=690/175842 POs=1]
BMC : c =     688  cl =   4503  lit =  175841  p =     0  d =     0  f =     1  +  T =     0.03 sec
  [bmc-prof 1073] wall=  29.437 p=     1 | ifo=  0.736(sd=0.200 nx=0.000 tfo=0.046 cnt=0.489) snap= 0.280 srm=  7.704 sat=  6.525(set=0.180 slv=6.344 max=6.3438 n=1) cex=R/T/F=0/0/1 trsplit=0 sim=13.703(rmp=0.411 run=13.291 n=1 d=0) incr=loc/full/maxdirty/keys=0/0/0/0 chk= 0.000(d=1) stat= 0.172 rest= 0.316
  [bmc-incr i=1074 repr=1 active=689/175841 POs=1]
BMC : c =     687  cl =   4503  lit =  175840  p =     0  d =     0  f =     1  +  T =     0.03 sec
  [bmc-prof 1074] wall=  30.097 p=     1 | ifo=  0.771(sd=0.221 nx=0.000 tfo=0.035 cnt=0.515) snap= 0.333 srm=  7.988 sat=  7.029(set=0.220 slv=6.808 max=6.8078 n=1) cex=R/T/F=0/0/1 trsplit=0 sim=13.464(rmp=0.475 run=12.989 n=1 d=0) incr=loc/full/maxdirty/keys=0/0/0/0 chk= 0.000(d=1) stat= 0.182 rest= 0.331
  [bmc-incr i=1075 repr=1 active=688/175840 POs=1]
BMC : c =     686  cl =   4503  lit =  175839  p =     0  d =     0  f =     1  +  T =     0.03 sec
  [bmc-prof 1075] wall=  30.472 p=     1 | ifo=  0.749(sd=0.204 nx=0.000 tfo=0.026 cnt=0.519) snap= 0.317 srm=  7.969 sat=  6.509(set=0.203 slv=6.305 max=6.3047 n=1) cex=R/T/F=0/0/1 trsplit=0 sim=14.445(rmp=0.467 run=13.977 n=1 d=0) incr=loc/full/maxdirty/keys=0/0/0/0 chk= 0.000(d=1) stat= 0.167 rest= 0.315
  [bmc-incr i=1076 repr=1 active=687/175839 POs=1]
BMC : c =     685  cl =   4503  lit =  175838  p =     0  d =     0  f =     1  +  T =     0.03 sec
  [bmc-prof 1076] wall=  32.381 p=     1 | ifo=  0.775(sd=0.183 nx=0.000 tfo=0.032 cnt=0.561) snap= 0.293 srm= 10.200 sat=  6.507(set=0.184 slv=6.321 max=6.3214 n=1) cex=R/T/F=0/0/1 trsplit=0 sim=14.156(rmp=0.469 run=13.686 n=1 d=0) incr=loc/full/maxdirty/keys=0/0/0/0 chk= 0.000(d=1) stat= 0.155 rest= 0.294
  [bmc-incr i=1077 repr=1 active=686/175838 POs=1]
BMC : c =     684  cl =   4503  lit =  175837  p =     0  d =     0  f =     1  +  T =     0.03 sec
  [bmc-prof 1077] wall=  30.986 p=     1 | ifo=  0.701(sd=0.177 nx=0.000 tfo=0.028 cnt=0.496) snap= 0.290 srm=  7.814 sat=  6.564(set=0.178 slv=6.385 max=6.3851 n=1) cex=R/T/F=0/0/1 trsplit=0 sim=15.141(rmp=0.402 run=14.738 n=1 d=0) incr=loc/full/maxdirty/keys=0/0/0/0 chk= 0.000(d=1) stat= 0.168 rest= 0.309
  [bmc-incr i=1078 repr=1 active=685/175837 POs=1]
BMC : c =     683  cl =   4503  lit =  175836  p =     0  d =     0  f =     1  +  T =     0.04 sec
  [bmc-prof 1078] wall=  35.446 p=     1 | ifo=  0.715(sd=0.177 nx=0.000 tfo=0.028 cnt=0.510) snap= 0.310 srm= 12.562 sat=  6.871(set=0.215 slv=6.654 max=6.6539 n=1) cex=R/T/F=0/0/1 trsplit=0 sim=14.515(rmp=0.451 run=14.063 n=1 d=0) incr=loc/full/maxdirty/keys=0/0/0/0 chk= 0.000(d=1) stat= 0.162 rest= 0.311
  [bmc-incr i=1079 repr=1 active=684/175836 POs=1]
BMC : c =     682  cl =   4503  lit =  175835  p =     0  d =     0  f =     1  +  T =     0.03 sec
  [bmc-prof 1079] wall=  30.028 p=     1 | ifo=  0.710(sd=0.184 nx=0.000 tfo=0.033 cnt=0.492) snap= 0.286 srm=  7.969 sat=  6.459(set=0.194 slv=6.262 max=6.2623 n=1) cex=R/T/F=0/0/1 trsplit=0 sim=14.145(rmp=0.451 run=13.694 n=1 d=0) incr=loc/full/maxdirty/keys=0/0/0/0 chk= 0.000(d=1) stat= 0.158 rest= 0.300
  [bmc-incr i=1080 repr=1 active=683/175835 POs=1]
BMC : c =     681  cl =   4503  lit =  175834  p =     0  d =     0  f =     1  +  T =     0.03 sec
  [bmc-prof 1080] wall=  30.910 p=     1 | ifo=  0.726(sd=0.184 nx=0.000 tfo=0.035 cnt=0.508) snap= 0.282 srm=  7.871 sat=  6.461(set=0.184 slv=6.275 max=6.2747 n=1) cex=R/T/F=0/0/1 trsplit=0 sim=14.908(rmp=0.404 run=14.503 n=1 d=0) incr=loc/full/maxdirty/keys=0/0/0/0 chk= 0.000(d=1) stat= 0.354 rest= 0.307
  [bmc-incr i=1081 repr=1 active=682/175834 POs=1]
BMC : c =     680  cl =   4503  lit =  175833  p =     0  d =     0  f =     1  +  T =     0.03 sec
  [bmc-prof 1081] wall=  31.187 p=     1 | ifo=  0.762(sd=0.212 nx=0.000 tfo=0.027 cnt=0.523) snap= 0.284 srm=  8.338 sat=  6.568(set=0.180 slv=6.386 max=6.3864 n=1) cex=R/T/F=0/0/1 trsplit=0 sim=14.727(rmp=0.439 run=14.287 n=1 d=0) incr=loc/full/maxdirty/keys=0/0/0/0 chk= 0.000(d=1) stat= 0.163 rest= 0.345
  [bmc-incr i=1082 repr=1 active=681/175833 POs=1]
BMC : c =     679  cl =   4503  lit =  175832  p =     0  d =     0  f =     1  +  T =     0.03 sec
  [bmc-prof 1082] wall=  30.918 p=     1 | ifo=  0.702(sd=0.187 nx=0.000 tfo=0.031 cnt=0.483) snap= 0.325 srm=  8.613 sat=  6.647(set=0.192 slv=6.453 max=6.4532 n=1) cex=R/T/F=0/0/1 trsplit=0 sim=14.184(rmp=0.414 run=13.769 n=1 d=0) incr=loc/full/maxdirty/keys=0/0/0/0 chk= 0.000(d=1) stat= 0.155 rest= 0.292
  [bmc-incr i=1083 repr=1 active=680/175832 POs=1]
BMC : c =     678  cl =   4503  lit =  175831  p =     0  d =     0  f =     1  +  T =     0.03 sec
  [bmc-prof 1083] wall=  29.632 p=     1 | ifo=  0.701(sd=0.188 nx=0.000 tfo=0.031 cnt=0.481) snap= 0.279 srm=  7.664 sat=  6.440(set=0.179 slv=6.259 max=6.2593 n=1) cex=R/T/F=0/0/1 trsplit=0 sim=14.081(rmp=0.395 run=13.685 n=1 d=0) incr=loc/full/maxdirty/keys=0/0/0/0 chk= 0.000(d=1) stat= 0.162 rest= 0.307
  [bmc-incr i=1084 repr=1 active=679/175831 POs=1]
BMC : c =     677  cl =   4503  lit =  175830  p =     0  d =     0  f =     1  +  T =     0.03 sec
  [bmc-prof 1084] wall=  31.244 p=     1 | ifo=  0.743(sd=0.174 nx=0.000 tfo=0.032 cnt=0.536) snap= 0.285 srm=  8.247 sat=  6.993(set=0.178 slv=6.813 max=6.8133 n=1) cex=R/T/F=0/0/1 trsplit=0 sim=14.511(rmp=0.402 run=14.108 n=1 d=0) incr=loc/full/maxdirty/keys=0/0/0/0 chk= 0.000(d=1) stat= 0.163 rest= 0.301
  [bmc-incr i=1085 repr=1 active=678/175830 POs=1]
BMC : c =     676  cl =   4503  lit =  175829  p =     0  d =     0  f =     1  +  T =     0.03 sec
  [bmc-prof 1085] wall=  29.918 p=     1 | ifo=  0.698(sd=0.176 nx=0.000 tfo=0.028 cnt=0.495) snap= 0.282 srm=  7.679 sat=  6.473(set=0.182 slv=6.290 max=6.2901 n=1) cex=R/T/F=0/0/1 trsplit=0 sim=14.335(rmp=0.397 run=13.937 n=1 d=0) incr=loc/full/maxdirty/keys=0/0/0/0 chk= 0.000(d=1) stat= 0.157 rest= 0.293
  [bmc-incr i=1086 repr=1 active=677/175829 POs=1]
BMC : c =     675  cl =   4503  lit =  175828  p =     0  d =     0  f =     1  +  T =     0.03 sec
  [bmc-prof 1086] wall=  29.711 p=     1 | ifo=  0.677(sd=0.173 nx=0.000 tfo=0.026 cnt=0.478) snap= 0.283 srm=  7.653 sat=  6.455(set=0.181 slv=6.272 max=6.2724 n=1) cex=R/T/F=0/0/1 trsplit=0 sim=13.905(rmp=0.403 run=13.502 n=1 d=0) incr=loc/full/maxdirty/keys=0/0/0/0 chk= 0.000(d=1) stat= 0.427 rest= 0.310
  [bmc-incr i=1087 repr=1 active=676/175828 POs=1]
BMC : c =     674  cl =   4503  lit =  175827  p =     0  d =     0  f =     1  +  T =     0.03 sec
  [bmc-prof 1087] wall=  31.267 p=     1 | ifo=  0.721(sd=0.183 nx=0.000 tfo=0.040 cnt=0.498) snap= 0.289 srm=  8.310 sat=  6.582(set=0.197 slv=6.382 max=6.3818 n=1) cex=R/T/F=0/0/1 trsplit=0 sim=14.878(rmp=0.700 run=14.177 n=1 d=0) incr=loc/full/maxdirty/keys=0/0/0/0 chk= 0.000(d=1) stat= 0.165 rest= 0.323
  [bmc-incr i=1088 repr=1 active=675/175827 POs=1]
BMC : c =     673  cl =   4503  lit =  175826  p =     0  d =     0  f =     1  +  T =     0.03 sec
  [bmc-prof 1088] wall=  30.861 p=     1 | ifo=  0.716(sd=0.193 nx=0.000 tfo=0.039 cnt=0.485) snap= 0.289 srm=  8.367 sat=  6.480(set=0.198 slv=6.279 max=6.2792 n=1) cex=R/T/F=0/0/1 trsplit=0 sim=14.527(rmp=0.412 run=14.114 n=1 d=0) incr=loc/full/maxdirty/keys=0/0/0/0 chk= 0.000(d=1) stat= 0.168 rest= 0.314
  [bmc-incr i=1089 repr=1 active=674/175826 POs=1]
BMC : c =     672  cl =   4503  lit =  175825  p =     0  d =     0  f =     1  +  T =     0.03 sec
  [bmc-prof 1089] wall=  30.714 p=     1 | ifo=  0.691(sd=0.180 nx=0.000 tfo=0.030 cnt=0.480) snap= 0.296 srm=  7.820 sat=  6.559(set=0.183 slv=6.374 max=6.3742 n=1) cex=R/T/F=0/0/1 trsplit=0 sim=14.867(rmp=0.536 run=14.330 n=1 d=0) incr=loc/full/maxdirty/keys=0/0/0/0 chk= 0.000(d=1) stat= 0.168 rest= 0.313
  [bmc-incr i=1090 repr=1 active=673/175825 POs=1]
BMC : c =     671  cl =   4503  lit =  175824  p =     0  d =     0  f =     1  +  T =     0.03 sec
  [bmc-prof 1090] wall=  30.139 p=     1 | ifo=  0.711(sd=0.189 nx=0.000 tfo=0.032 cnt=0.490) snap= 0.286 srm=  8.061 sat=  6.511(set=0.193 slv=6.316 max=6.3157 n=1) cex=R/T/F=0/0/1 trsplit=0 sim=14.119(rmp=0.412 run=13.706 n=1 d=0) incr=loc/full/maxdirty/keys=0/0/0/0 chk= 0.000(d=1) stat= 0.154 rest= 0.297
  [bmc-incr i=1091 repr=1 active=672/175824 POs=1]
BMC : c =     670  cl =   4503  lit =  175823  p =     0  d =     0  f =     1  +  T =     0.03 sec
  [bmc-prof 1091] wall=  29.930 p=     1 | ifo=  0.721(sd=0.185 nx=0.000 tfo=0.035 cnt=0.500) snap= 0.283 srm=  7.792 sat=  6.524(set=0.180 slv=6.343 max=6.3435 n=1) cex=R/T/F=0/0/1 trsplit=0 sim=14.102(rmp=0.457 run=13.644 n=1 d=0) incr=loc/full/maxdirty/keys=0/0/0/0 chk= 0.000(d=1) stat= 0.218 rest= 0.290
  [bmc-incr i=1092 repr=1 active=671/175823 POs=1]
BMC : c =     669  cl =   4503  lit =  175822  p =     0  d =     0  f =     1  +  T =     0.03 sec
  [bmc-prof 1092] wall=  32.460 p=     1 | ifo=  0.718(sd=0.181 nx=0.000 tfo=0.057 cnt=0.480) snap= 0.289 srm=  9.585 sat=  7.059(set=0.194 slv=6.863 max=6.8634 n=1) cex=R/T/F=0/0/1 trsplit=0 sim=14.357(rmp=0.450 run=13.907 n=1 d=0) incr=loc/full/maxdirty/keys=0/0/0/0 chk= 0.000(d=1) stat= 0.155 rest= 0.296
  [bmc-incr i=1093 repr=1 active=670/175822 POs=1]
BMC : c =     668  cl =   4503  lit =  175821  p =     0  d =     0  f =     1  +  T =     0.03 sec
  [bmc-prof 1093] wall=  29.484 p=     1 | ifo=  0.687(sd=0.175 nx=0.000 tfo=0.031 cnt=0.481) snap= 0.289 srm=  7.666 sat=  6.471(set=0.180 slv=6.289 max=6.2887 n=1) cex=R/T/F=0/0/1 trsplit=0 sim=13.929(rmp=0.392 run=13.537 n=1 d=0) incr=loc/full/maxdirty/keys=0/0/0/0 chk= 0.000(d=1) stat= 0.152 rest= 0.290
  [bmc-incr i=1094 repr=1 active=669/175821 POs=1]
BMC : c =     667  cl =   4503  lit =  175820  p =     0  d =     0  f =     1  +  T =     0.03 sec
  [bmc-prof 1094] wall=  34.790 p=     1 | ifo=  0.684(sd=0.177 nx=0.000 tfo=0.026 cnt=0.481) snap= 0.288 srm=  7.692 sat=  6.483(set=0.181 slv=6.300 max=6.3004 n=1) cex=R/T/F=0/0/1 trsplit=0 sim=19.136(rmp=0.402 run=18.733 n=1 d=0) incr=loc/full/maxdirty/keys=0/0/0/0 chk= 0.000(d=1) stat= 0.197 rest= 0.309
  [bmc-incr i=1095 repr=1 active=668/175820 POs=1]
BMC : c =     666  cl =   4503  lit =  175819  p =     0  d =     0  f =     1  +  T =     0.03 sec
  [bmc-prof 1095] wall=  33.094 p=     1 | ifo=  1.283(sd=0.338 nx=0.000 tfo=0.041 cnt=0.904) snap= 0.291 srm=  8.507 sat=  7.867(set=0.188 slv=7.677 max=7.6766 n=1) cex=R/T/F=0/0/1 trsplit=0 sim=14.677(rmp=0.440 run=14.236 n=1 d=0) incr=loc/full/maxdirty/keys=0/0/0/0 chk= 0.000(d=1) stat= 0.162 rest= 0.308
  [bmc-incr i=1096 repr=1 active=667/175819 POs=1]
BMC : c =     665  cl =   4503  lit =  175818  p =     0  d =     0  f =     1  +  T =     0.03 sec
  [bmc-prof 1096] wall=  30.717 p=     1 | ifo=  0.717(sd=0.191 nx=0.000 tfo=0.031 cnt=0.495) snap= 0.309 srm=  8.079 sat=  6.604(set=0.199 slv=6.403 max=6.4033 n=1) cex=R/T/F=0/0/1 trsplit=0 sim=14.521(rmp=0.425 run=14.095 n=1 d=0) incr=loc/full/maxdirty/keys=0/0/0/0 chk= 0.000(d=1) stat= 0.173 rest= 0.314
  [bmc-incr i=1097 repr=1 active=666/175818 POs=1]
BMC : c =     664  cl =   4503  lit =  175817  p =     0  d =     0  f =     1  +  T =     0.03 sec
  [bmc-prof 1097] wall=  29.749 p=     1 | ifo=  0.865(sd=0.273 nx=0.000 tfo=0.060 cnt=0.533) snap= 0.325 srm=  8.119 sat=  6.580(set=0.207 slv=6.371 max=6.3714 n=1) cex=R/T/F=0/0/1 trsplit=0 sim=13.249(rmp=0.494 run=12.755 n=1 d=0) incr=loc/full/maxdirty/keys=0/0/0/0 chk= 0.000(d=1) stat= 0.175 rest= 0.436
  [bmc-incr i=1098 repr=1 active=665/175817 POs=1]
BMC : c =     663  cl =   4503  lit =  175816  p =     0  d =     0  f =     1  +  T =     0.03 sec
  [bmc-prof 1098] wall=  34.575 p=     1 | ifo=  0.752(sd=0.209 nx=0.000 tfo=0.033 cnt=0.510) snap= 0.326 srm=  7.979 sat=  7.974(set=0.206 slv=7.765 max=7.7646 n=1) cex=R/T/F=0/0/1 trsplit=0 sim=17.053(rmp=0.439 run=16.613 n=1 d=0) incr=loc/full/maxdirty/keys=0/0/0/0 chk= 0.000(d=1) stat= 0.168 rest= 0.322
  [bmc-incr i=1099 repr=1 active=664/175816 POs=1]
BMC : c =     662  cl =   4503  lit =  175815  p =     0  d =     0  f =     1  +  T =     0.03 sec
  [bmc-prof 1099] wall=  29.678 p=     1 | ifo=  0.697(sd=0.181 nx=0.000 tfo=0.034 cnt=0.482) snap= 0.291 srm=  7.744 sat=  6.503(set=0.184 slv=6.318 max=6.3177 n=1) cex=R/T/F=0/0/1 trsplit=0 sim=13.982(rmp=0.416 run=13.566 n=1 d=0) incr=loc/full/maxdirty/keys=0/0/0/0 chk= 0.000(d=1) stat= 0.170 rest= 0.290
  [bmc-incr i=1100 repr=1 active=663/175815 POs=1]
BMC : c =     661  cl =   4503  lit =  175814  p =     0  d =     0  f =     1  +  T =     0.03 sec
  [bmc-prof 1100] wall=  29.572 p=     1 | ifo=  0.746(sd=0.213 nx=0.000 tfo=0.048 cnt=0.484) snap= 0.280 srm=  7.733 sat=  6.502(set=0.178 slv=6.322 max=6.3224 n=1) cex=R/T/F=0/0/1 trsplit=0 sim=13.870(rmp=0.401 run=13.468 n=1 d=0) incr=loc/full/maxdirty/keys=0/0/0/0 chk= 0.000(d=1) stat= 0.152 rest= 0.289
  [bmc-incr i=1101 repr=1 active=662/175814 POs=1]
BMC : c =     660  cl =   4503  lit =  175813  p =     0  d =     0  f =     1  +  T =     0.03 sec
  [bmc-prof 1101] wall=  29.786 p=     1 | ifo=  0.678(sd=0.176 nx=0.000 tfo=0.026 cnt=0.477) snap= 0.291 srm=  7.683 sat=  6.547(set=0.179 slv=6.366 max=6.3664 n=1) cex=R/T/F=0/0/1 trsplit=0 sim=14.145(rmp=0.393 run=13.752 n=1 d=0) incr=loc/full/maxdirty/keys=0/0/0/0 chk= 0.000(d=1) stat= 0.153 rest= 0.289
  [bmc-incr i=1102 repr=1 active=661/175813 POs=1]
BMC : c =     659  cl =   4503  lit =  175812  p =     0  d =     0  f =     1  +  T =     0.03 sec
  [bmc-prof 1102] wall=  29.577 p=     1 | ifo=  0.679(sd=0.174 nx=0.000 tfo=0.025 cnt=0.480) snap= 0.283 srm=  7.755 sat=  6.550(set=0.180 slv=6.369 max=6.3692 n=1) cex=R/T/F=0/0/1 trsplit=0 sim=13.865(rmp=0.395 run=13.469 n=1 d=0) incr=loc/full/maxdirty/keys=0/0/0/0 chk= 0.000(d=1) stat= 0.155 rest= 0.290
  [bmc-incr i=1103 repr=1 active=660/175812 POs=1]
BMC : c =     658  cl =   4503  lit =  175811  p =     0  d =     0  f =     1  +  T =     0.03 sec
  [bmc-prof 1103] wall=  29.611 p=     1 | ifo=  0.684(sd=0.177 nx=0.000 tfo=0.028 cnt=0.478) snap= 0.281 srm=  7.803 sat=  6.582(set=0.184 slv=6.396 max=6.3957 n=1) cex=R/T/F=0/0/1 trsplit=0 sim=13.813(rmp=0.393 run=13.419 n=1 d=0) incr=loc/full/maxdirty/keys=0/0/0/0 chk= 0.000(d=1) stat= 0.154 rest= 0.295
  [bmc-incr i=1104 repr=1 active=659/175811 POs=1]
BMC : c =     657  cl =   4503  lit =  175810  p =     0  d =     0  f =     1  +  T =     0.03 sec
  [bmc-prof 1104] wall=  32.146 p=     1 | ifo=  0.678(sd=0.174 nx=0.000 tfo=0.025 cnt=0.478) snap= 0.282 srm=  7.756 sat=  6.578(set=0.178 slv=6.398 max=6.3983 n=1) cex=R/T/F=0/0/1 trsplit=0 sim=15.978(rmp=0.406 run=15.569 n=1 d=0) incr=loc/full/maxdirty/keys=0/0/0/0 chk= 0.001(d=1) stat= 0.172 rest= 0.702
  [bmc-incr i=1105 repr=1 active=658/175810 POs=1]
BMC : c =     656  cl =   4503  lit =  175809  p =     0  d =     0  f =     1  +  T =     0.03 sec
  [bmc-prof 1105] wall=  30.695 p=     1 | ifo=  0.719(sd=0.205 nx=0.000 tfo=0.030 cnt=0.484) snap= 0.366 srm=  8.228 sat=  6.528(set=0.203 slv=6.324 max=6.3240 n=1) cex=R/T/F=0/0/1 trsplit=0 sim=14.406(rmp=0.421 run=13.984 n=1 d=0) incr=loc/full/maxdirty/keys=0/0/0/0 chk= 0.000(d=1) stat= 0.155 rest= 0.293
  [bmc-incr i=1106 repr=1 active=657/175809 POs=1]
BMC : c =     655  cl =   4503  lit =  175808  p =     0  d =     0  f =     1  +  T =     0.03 sec
  [bmc-prof 1106] wall=  32.971 p=     1 | ifo=  0.697(sd=0.177 nx=0.000 tfo=0.032 cnt=0.487) snap= 0.287 srm=  8.186 sat=  8.838(set=0.193 slv=8.643 max=8.6429 n=1) cex=R/T/F=0/0/1 trsplit=0 sim=14.515(rmp=0.428 run=14.086 n=1 d=0) incr=loc/full/maxdirty/keys=0/0/0/0 chk= 0.000(d=1) stat= 0.156 rest= 0.292
  [bmc-incr i=1107 repr=1 active=656/175808 POs=1]
BMC : c =     654  cl =   4503  lit =  175807  p =     0  d =     0  f =     1  +  T =     0.03 sec
  [bmc-prof 1107] wall=  29.704 p=     1 | ifo=  0.685(sd=0.175 nx=0.000 tfo=0.030 cnt=0.480) snap= 0.307 srm=  7.706 sat=  6.558(set=0.183 slv=6.374 max=6.3736 n=1) cex=R/T/F=0/0/1 trsplit=0 sim=14.001(rmp=0.407 run=13.593 n=1 d=0) incr=loc/full/maxdirty/keys=0/0/0/0 chk= 0.000(d=1) stat= 0.155 rest= 0.292
  [bmc-incr i=1108 repr=1 active=655/175807 POs=1]
BMC : c =     653  cl =   4503  lit =  175806  p =     0  d =     0  f =     1  +  T =     0.03 sec
  [bmc-prof 1108] wall=  33.195 p=     1 | ifo=  0.684(sd=0.175 nx=0.000 tfo=0.029 cnt=0.479) snap= 0.286 srm=  8.209 sat=  8.145(set=0.183 slv=7.960 max=7.9602 n=1) cex=R/T/F=0/0/1 trsplit=0 sim=15.397(rmp=0.440 run=14.957 n=1 d=0) incr=loc/full/maxdirty/keys=0/0/0/0 chk= 0.000(d=1) stat= 0.163 rest= 0.310
  [bmc-incr i=1109 repr=1 active=654/175806 POs=1]
BMC : c =     652  cl =   4503  lit =  175805  p =     0  d =     0  f =     1  +  T =     0.03 sec
  [bmc-prof 1109] wall=  30.169 p=     1 | ifo=  0.702(sd=0.187 nx=0.000 tfo=0.033 cnt=0.483) snap= 0.284 srm=  7.948 sat=  6.606(set=0.188 slv=6.416 max=6.4162 n=1) cex=R/T/F=0/0/1 trsplit=0 sim=14.174(rmp=0.397 run=13.777 n=1 d=0) incr=loc/full/maxdirty/keys=0/0/0/0 chk= 0.000(d=1) stat= 0.156 rest= 0.298
  [bmc-incr i=1110 repr=1 active=653/175805 POs=1]
BMC : c =     651  cl =   4503  lit =  175804  p =     0  d =     0  f =     1  +  T =     0.03 sec
  [bmc-prof 1110] wall=  30.503 p=     1 | ifo=  0.755(sd=0.175 nx=0.000 tfo=0.055 cnt=0.525) snap= 0.327 srm=  8.667 sat=  6.535(set=0.205 slv=6.328 max=6.3275 n=1) cex=R/T/F=0/0/1 trsplit=0 sim=13.717(rmp=0.546 run=13.171 n=1 d=0) incr=loc/full/maxdirty/keys=0/0/0/0 chk= 0.000(d=1) stat= 0.172 rest= 0.329
  [bmc-incr i=1111 repr=1 active=652/175804 POs=1]
BMC : c =     650  cl =   4503  lit =  175803  p =     0  d =     0  f =     1  +  T =     0.03 sec
  [bmc-prof 1111] wall=  30.771 p=     1 | ifo=  0.735(sd=0.205 nx=0.000 tfo=0.025 cnt=0.505) snap= 0.296 srm=  7.988 sat=  7.035(set=0.190 slv=6.844 max=6.8438 n=1) cex=R/T/F=0/0/1 trsplit=0 sim=14.243(rmp=0.443 run=13.800 n=1 d=0) incr=loc/full/maxdirty/keys=0/0/0/0 chk= 0.000(d=1) stat= 0.164 rest= 0.308
  [bmc-incr i=1112 repr=1 active=651/175803 POs=1]
BMC : c =     649  cl =   4503  lit =  175802  p =     0  d =     0  f =     1  +  T =     0.03 sec
  [bmc-prof 1112] wall=  29.982 p=     1 | ifo=  0.693(sd=0.178 nx=0.000 tfo=0.033 cnt=0.482) snap= 0.305 srm=  7.756 sat=  6.553(set=0.188 slv=6.363 max=6.3625 n=1) cex=R/T/F=0/0/1 trsplit=0 sim=14.212(rmp=0.443 run=13.769 n=1 d=0) incr=loc/full/maxdirty/keys=0/0/0/0 chk= 0.000(d=1) stat= 0.158 rest= 0.305
  [bmc-incr i=1113 repr=1 active=650/175802 POs=1]
BMC : c =     648  cl =   4503  lit =  175801  p =     0  d =     0  f =     1  +  T =     0.03 sec
  [bmc-prof 1113] wall=  29.627 p=     1 | ifo=  0.689(sd=0.179 nx=0.000 tfo=0.030 cnt=0.480) snap= 0.285 srm=  7.802 sat=  6.524(set=0.187 slv=6.334 max=6.3344 n=1) cex=R/T/F=0/0/1 trsplit=0 sim=13.883(rmp=0.399 run=13.484 n=1 d=0) incr=loc/full/maxdirty/keys=0/0/0/0 chk= 0.000(d=1) stat= 0.154 rest= 0.290
  [bmc-incr i=1114 repr=1 active=649/175801 POs=1]
BMC : c =     647  cl =   4503  lit =  175800  p =     0  d =     0  f =     1  +  T =     0.03 sec
  [bmc-prof 1114] wall=  30.551 p=     1 | ifo=  0.699(sd=0.179 nx=0.000 tfo=0.029 cnt=0.491) snap= 0.285 srm=  7.893 sat=  6.573(set=0.186 slv=6.385 max=6.3851 n=1) cex=R/T/F=0/0/1 trsplit=0 sim=14.632(rmp=0.422 run=14.210 n=1 d=0) incr=loc/full/maxdirty/keys=0/0/0/0 chk= 0.000(d=1) stat= 0.167 rest= 0.301
  [bmc-incr i=1115 repr=1 active=648/175800 POs=1]
BMC : c =     646  cl =   4503  lit =  175799  p =     0  d =     0  f =     1  +  T =     0.03 sec
  [bmc-prof 1115] wall=  30.560 p=     1 | ifo=  0.719(sd=0.183 nx=0.000 tfo=0.030 cnt=0.506) snap= 0.297 srm=  8.055 sat=  6.725(set=0.194 slv=6.529 max=6.5290 n=1) cex=R/T/F=0/0/1 trsplit=0 sim=14.295(rmp=0.443 run=13.850 n=1 d=0) incr=loc/full/maxdirty/keys=0/0/0/0 chk= 0.000(d=1) stat= 0.159 rest= 0.309
  [bmc-incr i=1116 repr=1 active=647/175799 POs=1]
BMC : c =     645  cl =   4503  lit =  175798  p =     0  d =     0  f =     1  +  T =     0.03 sec
  [bmc-prof 1116] wall=  29.810 p=     1 | ifo=  0.766(sd=0.226 nx=0.000 tfo=0.051 cnt=0.489) snap= 0.282 srm=  7.856 sat=  6.546(set=0.190 slv=6.354 max=6.3540 n=1) cex=R/T/F=0/0/1 trsplit=0 sim=13.917(rmp=0.413 run=13.504 n=1 d=0) incr=loc/full/maxdirty/keys=0/0/0/0 chk= 0.000(d=1) stat= 0.153 rest= 0.290
  [bmc-incr i=1117 repr=1 active=646/175798 POs=1]
BMC : c =     644  cl =   4503  lit =  175797  p =     0  d =     0  f =     1  +  T =     0.03 sec
  [bmc-prof 1117] wall=  29.864 p=     1 | ifo=  0.682(sd=0.177 nx=0.000 tfo=0.028 cnt=0.477) snap= 0.281 srm=  7.969 sat=  6.528(set=0.179 slv=6.348 max=6.3477 n=1) cex=R/T/F=0/0/1 trsplit=0 sim=13.955(rmp=0.395 run=13.560 n=1 d=0) incr=loc/full/maxdirty/keys=0/0/0/0 chk= 0.000(d=1) stat= 0.153 rest= 0.295
  [bmc-incr i=1118 repr=1 active=645/175797 POs=1]
BMC : c =     643  cl =   4503  lit =  175796  p =     0  d =     0  f =     1  +  T =     0.03 sec
  [bmc-prof 1118] wall=  30.140 p=     1 | ifo=  0.687(sd=0.173 nx=0.000 tfo=0.026 cnt=0.488) snap= 0.282 srm=  7.869 sat=  6.762(set=0.180 slv=6.580 max=6.5802 n=1) cex=R/T/F=0/0/1 trsplit=0 sim=14.096(rmp=0.415 run=13.680 n=1 d=0) incr=loc/full/maxdirty/keys=0/0/0/0 chk= 0.000(d=1) stat= 0.154 rest= 0.290
  [bmc-incr i=1119 repr=1 active=644/175796 POs=1]
BMC : c =     642  cl =   4503  lit =  175795  p =     0  d =     0  f =     1  +  T =     0.04 sec
  [bmc-prof 1119] wall=  35.602 p=     1 | ifo=  0.680(sd=0.174 nx=0.000 tfo=0.027 cnt=0.479) snap= 0.290 srm=  7.871 sat=  6.577(set=0.179 slv=6.396 max=6.3961 n=1) cex=R/T/F=0/0/1 trsplit=0 sim=19.738(rmp=0.399 run=19.338 n=1 d=0) incr=loc/full/maxdirty/keys=0/0/0/0 chk= 0.000(d=1) stat= 0.156 rest= 0.290
  [bmc-incr i=1120 repr=1 active=643/175795 POs=1]
BMC : c =     641  cl =   4503  lit =  175794  p =     0  d =     0  f =     1  +  T =     0.03 sec
  [bmc-prof 1120] wall=  30.901 p=     1 | ifo=  0.708(sd=0.186 nx=0.000 tfo=0.030 cnt=0.492) snap= 0.292 srm=  8.710 sat=  6.591(set=0.185 slv=6.404 max=6.4041 n=1) cex=R/T/F=0/0/1 trsplit=0 sim=14.149(rmp=0.396 run=13.753 n=1 d=0) incr=loc/full/maxdirty/keys=0/0/0/0 chk= 0.000(d=1) stat= 0.154 rest= 0.297
  [bmc-incr i=1121 repr=1 active=642/175794 POs=1]
BMC : c =     640  cl =   4503  lit =  175793  p =     0  d =     0  f =     1  +  T =     0.03 sec
  [bmc-prof 1121] wall=  31.409 p=     1 | ifo=  0.690(sd=0.176 nx=0.000 tfo=0.025 cnt=0.489) snap= 0.281 srm=  7.765 sat=  7.005(set=0.181 slv=6.821 max=6.8213 n=1) cex=R/T/F=0/0/1 trsplit=0 sim=15.170(rmp=0.487 run=14.683 n=1 d=0) incr=loc/full/maxdirty/keys=0/0/0/0 chk= 0.000(d=1) stat= 0.157 rest= 0.339
  [bmc-incr i=1122 repr=1 active=641/175793 POs=1]
BMC : c =     639  cl =   4503  lit =  175792  p =     0  d =     0  f =     1  +  T =     0.03 sec
  [bmc-prof 1122] wall=  30.671 p=     1 | ifo=  0.698(sd=0.181 nx=0.000 tfo=0.033 cnt=0.485) snap= 0.292 srm=  7.832 sat=  6.984(set=0.184 slv=6.797 max=6.7967 n=1) cex=R/T/F=0/0/1 trsplit=0 sim=14.329(rmp=0.431 run=13.898 n=1 d=0) incr=loc/full/maxdirty/keys=0/0/0/0 chk= 0.000(d=1) stat= 0.169 rest= 0.367
  [bmc-incr i=1123 repr=1 active=640/175792 POs=1]
BMC : c =     638  cl =   4503  lit =  175791  p =     0  d =     0  f =     1  +  T =     0.03 sec
  [bmc-prof 1123] wall=  30.045 p=     1 | ifo=  0.724(sd=0.178 nx=0.000 tfo=0.032 cnt=0.514) snap= 0.281 srm=  7.732 sat=  6.595(set=0.190 slv=6.403 max=6.4028 n=1) cex=R/T/F=0/0/1 trsplit=0 sim=14.259(rmp=0.442 run=13.816 n=1 d=0) incr=loc/full/maxdirty/keys=0/0/0/0 chk= 0.000(d=1) stat= 0.156 rest= 0.298
  [bmc-incr i=1124 repr=1 active=639/175791 POs=1]
BMC : c =     637  cl =   4503  lit =  175790  p =     0  d =     0  f =     1  +  T =     0.03 sec
  [bmc-prof 1124] wall=  29.911 p=     1 | ifo=  0.702(sd=0.181 nx=0.000 tfo=0.033 cnt=0.488) snap= 0.284 srm=  7.741 sat=  6.569(set=0.182 slv=6.385 max=6.3850 n=1) cex=R/T/F=0/0/1 trsplit=0 sim=14.165(rmp=0.396 run=13.768 n=1 d=0) incr=loc/full/maxdirty/keys=0/0/0/0 chk= 0.000(d=1) stat= 0.153 rest= 0.297
  [bmc-incr i=1125 repr=1 active=638/175790 POs=1]
BMC : c =     636  cl =   4503  lit =  175789  p =     0  d =     0  f =     1  +  T =     0.03 sec
  [bmc-prof 1125] wall=  34.397 p=     1 | ifo=  0.685(sd=0.175 nx=0.000 tfo=0.026 cnt=0.484) snap= 0.288 srm=  7.877 sat=  9.390(set=0.198 slv=9.187 max=9.1866 n=1) cex=R/T/F=0/0/1 trsplit=0 sim=15.680(rmp=0.461 run=15.218 n=1 d=0) incr=loc/full/maxdirty/keys=0/0/0/0 chk= 0.000(d=1) stat= 0.156 rest= 0.321
  [bmc-incr i=1126 repr=1 active=637/175789 POs=1]
BMC : c =     635  cl =   4503  lit =  175788  p =     0  d =     0  f =     1  +  T =     0.03 sec
  [bmc-prof 1126] wall=  29.773 p=     1 | ifo=  0.687(sd=0.176 nx=0.000 tfo=0.029 cnt=0.481) snap= 0.295 srm=  7.722 sat=  6.545(set=0.180 slv=6.364 max=6.3642 n=1) cex=R/T/F=0/0/1 trsplit=0 sim=14.059(rmp=0.413 run=13.646 n=1 d=0) incr=loc/full/maxdirty/keys=0/0/0/0 chk= 0.000(d=1) stat= 0.153 rest= 0.310
  [bmc-incr i=1127 repr=1 active=636/175788 POs=1]
BMC : c =     634  cl =   4503  lit =  175787  p =     0  d =     0  f =     1  +  T =     0.03 sec
  [bmc-prof 1127] wall=  31.072 p=     1 | ifo=  0.694(sd=0.175 nx=0.000 tfo=0.031 cnt=0.488) snap= 0.289 srm=  7.701 sat=  6.602(set=0.184 slv=6.417 max=6.4166 n=1) cex=R/T/F=0/0/1 trsplit=0 sim=15.263(rmp=0.438 run=14.824 n=1 d=0) incr=loc/full/maxdirty/keys=0/0/0/0 chk= 0.000(d=1) stat= 0.214 rest= 0.308
  [bmc-incr i=1128 repr=1 active=635/175787 POs=1]
BMC : c =     633  cl =   4503  lit =  175786  p =     0  d =     0  f =     1  +  T =     0.03 sec
  [bmc-prof 1128] wall=  31.669 p=     1 | ifo=  0.715(sd=0.181 nx=0.000 tfo=0.034 cnt=0.500) snap= 0.312 srm=  7.821 sat=  7.190(set=0.183 slv=7.004 max=7.0044 n=1) cex=R/T/F=0/0/1 trsplit=0 sim=15.142(rmp=0.441 run=14.701 n=1 d=0) incr=loc/full/maxdirty/keys=0/0/0/0 chk= 0.000(d=1) stat= 0.168 rest= 0.322
  [bmc-incr i=1129 repr=1 active=634/175786 POs=1]
BMC : c =     632  cl =   4503  lit =  175785  p =     0  d =     0  f =     1  +  T =     0.03 sec
  [bmc-prof 1129] wall=  29.868 p=     1 | ifo=  0.752(sd=0.217 nx=0.000 tfo=0.051 cnt=0.484) snap= 0.284 srm=  7.828 sat=  6.570(set=0.192 slv=6.376 max=6.3765 n=1) cex=R/T/F=0/0/1 trsplit=0 sim=13.982(rmp=0.408 run=13.573 n=1 d=0) incr=loc/full/maxdirty/keys=0/0/0/0 chk= 0.000(d=1) stat= 0.153 rest= 0.299
  [bmc-incr i=1130 repr=1 active=633/175785 POs=1]
BMC : c =     631  cl =   4503  lit =  175784  p =     0  d =     0  f =     1  +  T =     0.03 sec
  [bmc-prof 1130] wall=  29.645 p=     1 | ifo=  0.693(sd=0.175 nx=0.000 tfo=0.029 cnt=0.489) snap= 0.283 srm=  7.632 sat=  6.552(set=0.183 slv=6.368 max=6.3683 n=1) cex=R/T/F=0/0/1 trsplit=0 sim=14.034(rmp=0.403 run=13.630 n=1 d=0) incr=loc/full/maxdirty/keys=0/0/0/0 chk= 0.000(d=1) stat= 0.154 rest= 0.297
  [bmc-incr i=1131 repr=1 active=632/175784 POs=1]
BMC : c =     630  cl =   4503  lit =  175783  p =     0  d =     0  f =     1  +  T =     0.03 sec
  [bmc-prof 1131] wall=  30.346 p=     1 | ifo=  0.679(sd=0.174 nx=0.000 tfo=0.025 cnt=0.480) snap= 0.284 srm=  8.098 sat=  6.611(set=0.227 slv=6.383 max=6.3827 n=1) cex=R/T/F=0/0/1 trsplit=0 sim=14.219(rmp=0.421 run=13.798 n=1 d=0) incr=loc/full/maxdirty/keys=0/0/0/0 chk= 0.000(d=1) stat= 0.164 rest= 0.292
  [bmc-incr i=1132 repr=1 active=631/175783 POs=1]
BMC : c =     629  cl =   4503  lit =  175782  p =     0  d =     0  f =     1  +  T =     0.03 sec
  [bmc-prof 1132] wall=  32.626 p=     1 | ifo=  0.687(sd=0.175 nx=0.000 tfo=0.026 cnt=0.486) snap= 0.290 srm=  7.862 sat=  8.747(set=0.199 slv=8.546 max=8.5455 n=1) cex=R/T/F=0/0/1 trsplit=0 sim=14.577(rmp=0.438 run=14.139 n=1 d=0) incr=loc/full/maxdirty/keys=0/0/0/0 chk= 0.001(d=1) stat= 0.159 rest= 0.302
  [bmc-incr i=1133 repr=1 active=630/175782 POs=1]
BMC : c =     628  cl =   4503  lit =  175781  p =     0  d =     0  f =     1  +  T =     0.03 sec
  [bmc-prof 1133] wall=  30.357 p=     1 | ifo=  0.697(sd=0.182 nx=0.000 tfo=0.033 cnt=0.482) snap= 0.284 srm=  8.271 sat=  6.640(set=0.190 slv=6.449 max=6.4487 n=1) cex=R/T/F=0/0/1 trsplit=0 sim=14.019(rmp=0.404 run=13.615 n=1 d=0) incr=loc/full/maxdirty/keys=0/0/0/0 chk= 0.000(d=1) stat= 0.154 rest= 0.291
  [bmc-incr i=1134 repr=1 active=629/175781 POs=1]
BMC : c =     627  cl =   4503  lit =  175780  p =     0  d =     0  f =     1  +  T =     0.03 sec
  [bmc-prof 1134] wall=  30.037 p=     1 | ifo=  0.697(sd=0.177 nx=0.000 tfo=0.031 cnt=0.489) snap= 0.285 srm=  7.980 sat=  6.587(set=0.183 slv=6.402 max=6.4017 n=1) cex=R/T/F=0/0/1 trsplit=0 sim=14.046(rmp=0.438 run=13.607 n=1 d=0) incr=loc/full/maxdirty/keys=0/0/0/0 chk= 0.000(d=1) stat= 0.154 rest= 0.290
  [bmc-incr i=1135 repr=1 active=628/175780 POs=1]
BMC : c =     626  cl =   4503  lit =  175779  p =     0  d =     0  f =     1  +  T =     0.03 sec
  [bmc-prof 1135] wall=  29.964 p=     1 | ifo=  0.680(sd=0.174 nx=0.000 tfo=0.025 cnt=0.481) snap= 0.289 srm=  7.773 sat=  6.662(set=0.178 slv=6.483 max=6.4828 n=1) cex=R/T/F=0/0/1 trsplit=0 sim=14.110(rmp=0.398 run=13.711 n=1 d=0) incr=loc/full/maxdirty/keys=0/0/0/0 chk= 0.000(d=1) stat= 0.152 rest= 0.298
  [bmc-incr i=1136 repr=1 active=627/175779 POs=1]
BMC : c =     625  cl =   4503  lit =  175778  p =     0  d =     0  f =     1  +  T =     0.03 sec
  [bmc-prof 1136] wall=  30.021 p=     1 | ifo=  0.682(sd=0.177 nx=0.000 tfo=0.028 cnt=0.477) snap= 0.280 srm=  7.806 sat=  6.671(set=0.199 slv=6.471 max=6.4707 n=1) cex=R/T/F=0/0/1 trsplit=0 sim=14.088(rmp=0.397 run=13.690 n=1 d=0) incr=loc/full/maxdirty/keys=0/0/0/0 chk= 0.000(d=1) stat= 0.195 rest= 0.298
  [bmc-incr i=1137 repr=1 active=626/175778 POs=1]
BMC : c =     624  cl =   4503  lit =  175777  p =     0  d =     0  f =     1  +  T =     0.03 sec
  [bmc-prof 1137] wall=  33.003 p=     1 | ifo=  0.682(sd=0.178 nx=0.000 tfo=0.024 cnt=0.480) snap= 0.302 srm=  8.029 sat=  6.750(set=0.192 slv=6.556 max=6.5563 n=1) cex=R/T/F=0/0/1 trsplit=0 sim=16.765(rmp=0.431 run=16.333 n=1 d=0) incr=loc/full/maxdirty/keys=0/0/0/0 chk= 0.000(d=1) stat= 0.162 rest= 0.312
  [bmc-incr i=1138 repr=1 active=625/175777 POs=1]
BMC : c =     623  cl =   4503  lit =  175776  p =     0  d =     0  f =     1  +  T =     0.03 sec
  [bmc-prof 1138] wall=  30.199 p=     1 | ifo=  0.696(sd=0.178 nx=0.000 tfo=0.030 cnt=0.488) snap= 0.294 srm=  8.099 sat=  6.686(set=0.208 slv=6.476 max=6.4760 n=1) cex=R/T/F=0/0/1 trsplit=0 sim=13.965(rmp=0.408 run=13.557 n=1 d=0) incr=loc/full/maxdirty/keys=0/0/0/0 chk= 0.000(d=1) stat= 0.155 rest= 0.303
  [bmc-incr i=1139 repr=1 active=624/175776 POs=1]
BMC : c =     622  cl =   4503  lit =  175775  p =     0  d =     0  f =     1  +  T =     0.03 sec
  [bmc-prof 1139] wall=  29.916 p=     1 | ifo=  0.712(sd=0.178 nx=0.000 tfo=0.029 cnt=0.505) snap= 0.290 srm=  7.701 sat=  6.645(set=0.185 slv=6.458 max=6.4577 n=1) cex=R/T/F=0/0/1 trsplit=0 sim=14.115(rmp=0.396 run=13.719 n=1 d=0) incr=loc/full/maxdirty/keys=0/0/0/0 chk= 0.000(d=1) stat= 0.158 rest= 0.294
  [bmc-incr i=1140 repr=1 active=623/175775 POs=1]
BMC : c =     621  cl =   4503  lit =  175774  p =     0  d =     0  f =     1  +  T =     0.03 sec
  [bmc-prof 1140] wall=  31.502 p=     1 | ifo=  0.750(sd=0.238 nx=0.000 tfo=0.030 cnt=0.482) snap= 0.290 srm=  7.837 sat=  6.673(set=0.189 slv=6.482 max=6.4823 n=1) cex=R/T/F=0/0/1 trsplit=0 sim=15.489(rmp=0.411 run=15.077 n=1 d=0) incr=loc/full/maxdirty/keys=0/0/0/0 chk= 0.000(d=1) stat= 0.168 rest= 0.296
  [bmc-incr i=1141 repr=1 active=622/175774 POs=1]
BMC : c =     620  cl =   4503  lit =  175773  p =     0  d =     0  f =     1  +  T =     0.03 sec
  [bmc-prof 1141] wall=  31.900 p=     1 | ifo=  1.631(sd=0.538 nx=0.000 tfo=0.065 cnt=1.028) snap= 0.287 srm=  7.898 sat=  6.699(set=0.192 slv=6.505 max=6.5048 n=1) cex=R/T/F=0/0/1 trsplit=0 sim=14.928(rmp=0.428 run=14.499 n=1 d=0) incr=loc/full/maxdirty/keys=0/0/0/0 chk= 0.000(d=1) stat= 0.159 rest= 0.298
  [bmc-incr i=1142 repr=1 active=621/175773 POs=1]
BMC : c =     619  cl =   4503  lit =  175772  p =     0  d =     0  f =     1  +  T =     0.03 sec
  [bmc-prof 1142] wall=  30.087 p=     1 | ifo=  0.695(sd=0.179 nx=0.000 tfo=0.034 cnt=0.481) snap= 0.285 srm=  7.947 sat=  6.610(set=0.187 slv=6.422 max=6.4218 n=1) cex=R/T/F=0/0/1 trsplit=0 sim=14.095(rmp=0.408 run=13.686 n=1 d=0) incr=loc/full/maxdirty/keys=0/0/0/0 chk= 0.000(d=1) stat= 0.162 rest= 0.292
  [bmc-incr i=1143 repr=1 active=620/175772 POs=1]
BMC : c =     618  cl =   4503  lit =  175771  p =     0  d =     0  f =     1  +  T =     0.03 sec
  [bmc-prof 1143] wall=  32.135 p=     1 | ifo=  0.698(sd=0.185 nx=0.000 tfo=0.032 cnt=0.481) snap= 0.287 srm=  7.912 sat=  6.929(set=0.186 slv=6.741 max=6.7408 n=1) cex=R/T/F=0/0/1 trsplit=0 sim=15.845(rmp=0.406 run=15.437 n=1 d=0) incr=loc/full/maxdirty/keys=0/0/0/0 chk= 0.000(d=1) stat= 0.162 rest= 0.302
  [bmc-incr i=1144 repr=1 active=619/175771 POs=1]
BMC : c =     617  cl =   4503  lit =  175770  p =     0  d =     0  f =     1  +  T =     0.03 sec
  [bmc-prof 1144] wall=  33.739 p=     1 | ifo=  0.857(sd=0.179 nx=0.000 tfo=0.031 cnt=0.647) snap= 0.307 srm= 10.075 sat=  7.815(set=0.213 slv=7.600 max=7.5996 n=1) cex=R/T/F=0/0/1 trsplit=0 sim=14.212(rmp=0.412 run=13.798 n=1 d=0) incr=loc/full/maxdirty/keys=0/0/0/0 chk= 0.000(d=1) stat= 0.163 rest= 0.310
  [bmc-incr i=1145 repr=1 active=618/175770 POs=1]
BMC : c =     616  cl =   4503  lit =  175769  p =     0  d =     0  f =     1  +  T =     0.03 sec
  [bmc-prof 1145] wall=  31.687 p=     1 | ifo=  0.770(sd=0.179 nx=0.000 tfo=0.030 cnt=0.561) snap= 0.304 srm=  9.248 sat=  6.648(set=0.199 slv=6.447 max=6.4467 n=1) cex=R/T/F=0/0/1 trsplit=0 sim=14.204(rmp=0.419 run=13.784 n=1 d=0) incr=loc/full/maxdirty/keys=0/0/0/0 chk= 0.000(d=1) stat= 0.165 rest= 0.348
  [bmc-incr i=1146 repr=1 active=617/175769 POs=1]
BMC : c =     615  cl =   4503  lit =  175768  p =     0  d =     0  f =     1  +  T =     0.03 sec
  [bmc-prof 1146] wall=  30.105 p=     1 | ifo=  0.692(sd=0.178 nx=0.000 tfo=0.031 cnt=0.483) snap= 0.281 srm=  7.871 sat=  6.680(set=0.192 slv=6.486 max=6.4861 n=1) cex=R/T/F=0/0/1 trsplit=0 sim=14.122(rmp=0.406 run=13.716 n=1 d=0) incr=loc/full/maxdirty/keys=0/0/0/0 chk= 0.000(d=1) stat= 0.156 rest= 0.303
  [bmc-incr i=1147 repr=1 active=616/175768 POs=1]
BMC : c =     614  cl =   4503  lit =  175767  p =     0  d =     0  f =     1  +  T =     0.03 sec
  [bmc-prof 1147] wall=  30.146 p=     1 | ifo=  0.689(sd=0.178 nx=0.000 tfo=0.027 cnt=0.485) snap= 0.295 srm=  7.890 sat=  6.643(set=0.186 slv=6.456 max=6.4556 n=1) cex=R/T/F=0/0/1 trsplit=0 sim=14.179(rmp=0.408 run=13.770 n=1 d=0) incr=loc/full/maxdirty/keys=0/0/0/0 chk= 0.000(d=1) stat= 0.157 rest= 0.292
  [bmc-incr i=1148 repr=1 active=615/175767 POs=1]
BMC : c =     613  cl =   4503  lit =  175766  p =     0  d =     0  f =     1  +  T =     0.03 sec
  [bmc-prof 1148] wall=  33.556 p=     1 | ifo=  0.734(sd=0.211 nx=0.000 tfo=0.040 cnt=0.483) snap= 0.599 srm=  8.788 sat=  8.014(set=0.333 slv=7.679 max=7.6794 n=1) cex=R/T/F=0/0/1 trsplit=0 sim=14.953(rmp=0.451 run=14.501 n=1 d=0) incr=loc/full/maxdirty/keys=0/0/0/0 chk= 0.000(d=1) stat= 0.157 rest= 0.311
  [bmc-incr i=1149 repr=1 active=614/175766 POs=1]
BMC : c =     612  cl =   4503  lit =  175765  p =     0  d =     0  f =     1  +  T =     0.03 sec
  [bmc-prof 1149] wall=  30.127 p=     1 | ifo=  0.691(sd=0.178 nx=0.000 tfo=0.031 cnt=0.482) snap= 0.282 srm=  7.671 sat=  6.698(set=0.191 slv=6.505 max=6.5055 n=1) cex=R/T/F=0/0/1 trsplit=0 sim=14.326(rmp=0.411 run=13.914 n=1 d=0) incr=loc/full/maxdirty/keys=0/0/0/0 chk= 0.000(d=1) stat= 0.160 rest= 0.299
  [bmc-incr i=1150 repr=1 active=613/175765 POs=1]
BMC : c =     611  cl =   4503  lit =  175764  p =     0  d =     0  f =     1  +  T =     0.03 sec
  [bmc-prof 1150] wall=  29.766 p=     1 | ifo=  0.700(sd=0.178 nx=0.000 tfo=0.031 cnt=0.490) snap= 0.282 srm=  7.758 sat=  6.666(set=0.187 slv=6.476 max=6.4762 n=1) cex=R/T/F=0/0/1 trsplit=0 sim=13.895(rmp=0.454 run=13.441 n=1 d=0) incr=loc/full/maxdirty/keys=0/0/0/0 chk= 0.000(d=1) stat= 0.172 rest= 0.294
  [bmc-incr i=1151 repr=1 active=612/175764 POs=1]
BMC : c =     610  cl =   4503  lit =  175763  p =     0  d =     0  f =     1  +  T =     0.03 sec
  [bmc-prof 1151] wall=  30.892 p=     1 | ifo=  0.687(sd=0.178 nx=0.000 tfo=0.030 cnt=0.479) snap= 0.313 srm=  8.607 sat=  7.003(set=0.192 slv=6.809 max=6.8088 n=1) cex=R/T/F=0/0/1 trsplit=0 sim=13.787(rmp=0.408 run=13.379 n=1 d=0) incr=loc/full/maxdirty/keys=0/0/0/0 chk= 0.000(d=1) stat= 0.174 rest= 0.321
  [bmc-incr i=1152 repr=1 active=611/175763 POs=1]
BMC : c =     609  cl =   4503  lit =  175762  p =     0  d =     0  f =     1  +  T =     0.03 sec
  [bmc-prof 1152] wall=  32.736 p=     1 | ifo=  0.771(sd=0.209 nx=0.000 tfo=0.032 cnt=0.530) snap= 0.320 srm=  8.660 sat=  7.267(set=0.205 slv=7.059 max=7.0589 n=1) cex=R/T/F=0/0/1 trsplit=0 sim=15.235(rmp=0.462 run=14.772 n=1 d=0) incr=loc/full/maxdirty/keys=0/0/0/0 chk= 0.000(d=1) stat= 0.171 rest= 0.314
  [bmc-incr i=1153 repr=1 active=610/175762 POs=1]
BMC : c =     608  cl =   4503  lit =  175761  p =     0  d =     0  f =     1  +  T =     0.03 sec
  [bmc-prof 1153] wall=  30.233 p=     1 | ifo=  0.755(sd=0.207 nx=0.000 tfo=0.029 cnt=0.520) snap= 0.317 srm=  8.020 sat=  6.675(set=0.209 slv=6.465 max=6.4649 n=1) cex=R/T/F=0/0/1 trsplit=0 sim=13.979(rmp=0.471 run=13.508 n=1 d=0) incr=loc/full/maxdirty/keys=0/0/0/0 chk= 0.000(d=1) stat= 0.160 rest= 0.326
  [bmc-incr i=1154 repr=1 active=609/175761 POs=1]
BMC : c =     607  cl =   4503  lit =  175760  p =     0  d =     0  f =     1  +  T =     0.03 sec
  [bmc-prof 1154] wall=  31.569 p=     1 | ifo=  0.689(sd=0.180 nx=0.000 tfo=0.027 cnt=0.482) snap= 0.288 srm=  7.886 sat=  6.759(set=0.198 slv=6.559 max=6.5591 n=1) cex=R/T/F=0/0/1 trsplit=0 sim=15.492(rmp=0.413 run=15.079 n=1 d=0) incr=loc/full/maxdirty/keys=0/0/0/0 chk= 0.000(d=1) stat= 0.158 rest= 0.296
  [bmc-incr i=1155 repr=1 active=608/175760 POs=1]
BMC : c =     606  cl =   4503  lit =  175759  p =     0  d =     0  f =     1  +  T =     0.03 sec
  [bmc-prof 1155] wall=  32.213 p=     1 | ifo=  0.698(sd=0.177 nx=0.000 tfo=0.028 cnt=0.494) snap= 0.282 srm=  9.429 sat=  6.932(set=0.199 slv=6.732 max=6.7318 n=1) cex=R/T/F=0/0/1 trsplit=0 sim=14.418(rmp=0.402 run=14.015 n=1 d=0) incr=loc/full/maxdirty/keys=0/0/0/0 chk= 0.000(d=1) stat= 0.156 rest= 0.298
  [bmc-incr i=1156 repr=1 active=607/175759 POs=1]
BMC : c =     605  cl =   4503  lit =  175758  p =     0  d =     0  f =     1  +  T =     0.03 sec
  [bmc-prof 1156] wall=  29.842 p=     1 | ifo=  0.700(sd=0.183 nx=0.000 tfo=0.029 cnt=0.489) snap= 0.285 srm=  7.744 sat=  6.640(set=0.181 slv=6.458 max=6.4576 n=1) cex=R/T/F=0/0/1 trsplit=0 sim=14.027(rmp=0.396 run=13.630 n=1 d=0) incr=loc/full/maxdirty/keys=0/0/0/0 chk= 0.000(d=1) stat= 0.156 rest= 0.289
  [bmc-incr i=1157 repr=1 active=606/175758 POs=1]
BMC : c =     604  cl =   4503  lit =  175757  p =     0  d =     0  f =     1  +  T =     0.03 sec
  [bmc-prof 1157] wall=  32.181 p=     1 | ifo=  0.692(sd=0.175 nx=0.000 tfo=0.024 cnt=0.493) snap= 0.347 srm=  7.767 sat=  7.741(set=0.182 slv=7.556 max=7.5560 n=1) cex=R/T/F=0/0/1 trsplit=0 sim=15.140(rmp=0.715 run=14.425 n=1 d=0) incr=loc/full/maxdirty/keys=0/0/0/0 chk= 0.000(d=1) stat= 0.160 rest= 0.335
  [bmc-incr i=1158 repr=1 active=605/175757 POs=1]
BMC : c =     603  cl =   4503  lit =  175756  p =     0  d =     0  f =     1  +  T =     0.03 sec
  [bmc-prof 1158] wall=  29.909 p=     1 | ifo=  0.694(sd=0.181 nx=0.000 tfo=0.031 cnt=0.481) snap= 0.292 srm=  7.813 sat=  6.697(set=0.186 slv=6.510 max=6.5098 n=1) cex=R/T/F=0/0/1 trsplit=0 sim=13.951(rmp=0.415 run=13.535 n=1 d=0) incr=loc/full/maxdirty/keys=0/0/0/0 chk= 0.000(d=1) stat= 0.158 rest= 0.303
  [bmc-incr i=1159 repr=1 active=604/175756 POs=1]
BMC : c =     602  cl =   4503  lit =  175755  p =     0  d =     0  f =     1  +  T =     0.03 sec
  [bmc-prof 1159] wall=  30.203 p=     1 | ifo=  0.752(sd=0.216 nx=0.000 tfo=0.051 cnt=0.485) snap= 0.292 srm=  7.700 sat=  6.649(set=0.181 slv=6.466 max=6.4660 n=1) cex=R/T/F=0/0/1 trsplit=0 sim=14.331(rmp=0.470 run=13.861 n=1 d=0) incr=loc/full/maxdirty/keys=0/0/0/0 chk= 0.000(d=1) stat= 0.167 rest= 0.311
  [bmc-incr i=1160 repr=1 active=603/175755 POs=1]
BMC : c =     601  cl =   4503  lit =  175754  p =     0  d =     0  f =     1  +  T =     0.03 sec
  [bmc-prof 1160] wall=  30.252 p=     1 | ifo=  0.697(sd=0.189 nx=0.000 tfo=0.028 cnt=0.480) snap= 0.285 srm=  8.004 sat=  6.649(set=0.199 slv=6.448 max=6.4477 n=1) cex=R/T/F=0/0/1 trsplit=0 sim=14.146(rmp=0.506 run=13.638 n=1 d=0) incr=loc/full/maxdirty/keys=0/0/0/0 chk= 0.000(d=1) stat= 0.169 rest= 0.303
  [bmc-incr i=1161 repr=1 active=602/175754 POs=1]
BMC : c =     600  cl =   4503  lit =  175753  p =     0  d =     0  f =     1  +  T =     0.03 sec
  [bmc-prof 1161] wall=  30.379 p=     1 | ifo=  0.697(sd=0.178 nx=0.000 tfo=0.034 cnt=0.484) snap= 0.287 srm=  7.992 sat=  6.764(set=0.198 slv=6.564 max=6.5637 n=1) cex=R/T/F=0/0/1 trsplit=0 sim=14.172(rmp=0.423 run=13.748 n=1 d=0) incr=loc/full/maxdirty/keys=0/0/0/0 chk= 0.000(d=1) stat= 0.162 rest= 0.305
  [bmc-incr i=1162 repr=1 active=601/175753 POs=1]
BMC : c =     599  cl =   4503  lit =  175752  p =     0  d =     0  f =     1  +  T =     0.03 sec
  [bmc-prof 1162] wall=  29.940 p=     1 | ifo=  0.763(sd=0.215 nx=0.000 tfo=0.049 cnt=0.498) snap= 0.284 srm=  7.730 sat=  6.716(set=0.182 slv=6.533 max=6.5326 n=1) cex=R/T/F=0/0/1 trsplit=0 sim=14.000(rmp=0.420 run=13.579 n=1 d=0) incr=loc/full/maxdirty/keys=0/0/0/0 chk= 0.000(d=1) stat= 0.155 rest= 0.293
  [bmc-incr i=1163 repr=1 active=600/175752 POs=1]
BMC : c =     598  cl =   4503  lit =  175751  p =     0  d =     0  f =     1  +  T =     0.03 sec
  [bmc-prof 1163] wall=  31.298 p=     1 | ifo=  0.725(sd=0.208 nx=0.000 tfo=0.035 cnt=0.482) snap= 0.280 srm=  7.780 sat=  7.736(set=0.188 slv=7.546 max=7.5455 n=1) cex=R/T/F=0/0/1 trsplit=0 sim=14.314(rmp=0.408 run=13.905 n=1 d=0) incr=loc/full/maxdirty/keys=0/0/0/0 chk= 0.000(d=1) stat= 0.159 rest= 0.303
  [bmc-incr i=1164 repr=1 active=599/175751 POs=1]
BMC : c =     597  cl =   4503  lit =  175750  p =     0  d =     0  f =     1  +  T =     0.03 sec
  [bmc-prof 1164] wall=  31.041 p=     1 | ifo=  0.698(sd=0.182 nx=0.000 tfo=0.026 cnt=0.490) snap= 0.286 srm=  8.076 sat=  6.817(set=0.225 slv=6.590 max=6.5904 n=1) cex=R/T/F=0/0/1 trsplit=0 sim=14.702(rmp=0.440 run=14.262 n=1 d=0) incr=loc/full/maxdirty/keys=0/0/0/0 chk= 0.000(d=1) stat= 0.156 rest= 0.306
  [bmc-incr i=1165 repr=1 active=598/175750 POs=1]
BMC : c =     596  cl =   4503  lit =  175749  p =     0  d =     0  f =     1  +  T =     0.03 sec
  [bmc-prof 1165] wall=  30.778 p=     1 | ifo=  0.693(sd=0.179 nx=0.000 tfo=0.031 cnt=0.483) snap= 0.295 srm=  7.822 sat=  7.287(set=0.186 slv=7.098 max=7.0980 n=1) cex=R/T/F=0/0/1 trsplit=0 sim=14.211(rmp=0.431 run=13.780 n=1 d=0) incr=loc/full/maxdirty/keys=0/0/0/0 chk= 0.000(d=1) stat= 0.155 rest= 0.315
  [bmc-incr i=1166 repr=1 active=597/175749 POs=1]
BMC : c =     595  cl =   4503  lit =  175748  p =     0  d =     0  f =     1  +  T =     0.03 sec
  [bmc-prof 1166] wall=  33.599 p=     1 | ifo=  0.690(sd=0.180 nx=0.000 tfo=0.030 cnt=0.480) snap= 0.855 srm=  9.216 sat=  7.660(set=0.308 slv=7.350 max=7.3502 n=1) cex=R/T/F=0/0/1 trsplit=0 sim=14.727(rmp=0.427 run=14.299 n=1 d=0) incr=loc/full/maxdirty/keys=0/0/0/0 chk= 0.000(d=1) stat= 0.154 rest= 0.296
  [bmc-incr i=1167 repr=1 active=596/175748 POs=1]
BMC : c =     594  cl =   4503  lit =  175747  p =     0  d =     0  f =     1  +  T =     0.03 sec
  [bmc-prof 1167] wall=  30.160 p=     1 | ifo=  0.691(sd=0.185 nx=0.000 tfo=0.029 cnt=0.477) snap= 0.285 srm=  7.798 sat=  6.831(set=0.191 slv=6.638 max=6.6378 n=1) cex=R/T/F=0/0/1 trsplit=0 sim=14.099(rmp=0.413 run=13.685 n=1 d=0) incr=loc/full/maxdirty/keys=0/0/0/0 chk= 0.000(d=1) stat= 0.155 rest= 0.301
  [bmc-incr i=1168 repr=1 active=595/175747 POs=1]
BMC : c =     593  cl =   4503  lit =  175746  p =     0  d =     0  f =     1  +  T =     0.03 sec
  [bmc-prof 1168] wall=  29.852 p=     1 | ifo=  0.695(sd=0.179 nx=0.000 tfo=0.031 cnt=0.485) snap= 0.367 srm=  7.689 sat=  6.677(set=0.184 slv=6.492 max=6.4916 n=1) cex=R/T/F=0/0/1 trsplit=0 sim=13.970(rmp=0.396 run=13.574 n=1 d=0) incr=loc/full/maxdirty/keys=0/0/0/0 chk= 0.000(d=1) stat= 0.153 rest= 0.300
  [bmc-incr i=1169 repr=1 active=594/175746 POs=1]
BMC : c =     592  cl =   4503  lit =  175745  p =     0  d =     0  f =     1  +  T =     0.03 sec
  [bmc-prof 1169] wall=  30.091 p=     1 | ifo=  0.683(sd=0.176 nx=0.000 tfo=0.028 cnt=0.479) snap= 0.301 srm=  7.996 sat=  6.675(set=0.183 slv=6.490 max=6.4898 n=1) cex=R/T/F=0/0/1 trsplit=0 sim=13.958(rmp=0.397 run=13.561 n=1 d=0) incr=loc/full/maxdirty/keys=0/0/0/0 chk= 0.000(d=1) stat= 0.168 rest= 0.309
  [bmc-incr i=1170 repr=1 active=593/175745 POs=1]
BMC : c =     591  cl =   4503  lit =  175744  p =     0  d =     0  f =     1  +  T =     0.03 sec
  [bmc-prof 1170] wall=  31.320 p=     1 | ifo=  0.745(sd=0.217 nx=0.000 tfo=0.044 cnt=0.484) snap= 0.386 srm=  8.180 sat=  6.773(set=0.221 slv=6.551 max=6.5509 n=1) cex=R/T/F=0/0/1 trsplit=0 sim=14.781(rmp=0.418 run=14.363 n=1 d=0) incr=loc/full/maxdirty/keys=0/0/0/0 chk= 0.000(d=1) stat= 0.158 rest= 0.297
  [bmc-incr i=1171 repr=1 active=592/175744 POs=1]
BMC : c =     590  cl =   4503  lit =  175743  p =     0  d =     0  f =     1  +  T =     0.03 sec
  [bmc-prof 1171] wall=  29.932 p=     1 | ifo=  0.690(sd=0.180 nx=0.000 tfo=0.031 cnt=0.479) snap= 0.283 srm=  7.843 sat=  6.716(set=0.184 slv=6.530 max=6.5301 n=1) cex=R/T/F=0/0/1 trsplit=0 sim=13.959(rmp=0.405 run=13.554 n=1 d=0) incr=loc/full/maxdirty/keys=0/0/0/0 chk= 0.000(d=1) stat= 0.153 rest= 0.289
  [bmc-incr i=1172 repr=1 active=591/175743 POs=1]
BMC : c =     589  cl =   4503  lit =  175742  p =     0  d =     0  f =     1  +  T =     0.03 sec
  [bmc-prof 1172] wall=  31.387 p=     1 | ifo=  0.687(sd=0.174 nx=0.000 tfo=0.026 cnt=0.488) snap= 0.287 srm=  8.479 sat=  6.938(set=0.184 slv=6.752 max=6.7525 n=1) cex=R/T/F=0/0/1 trsplit=0 sim=14.534(rmp=0.513 run=14.021 n=1 d=0) incr=loc/full/maxdirty/keys=0/0/0/0 chk= 0.000(d=1) stat= 0.154 rest= 0.307
  [bmc-incr i=1173 repr=1 active=590/175742 POs=1]
BMC : c =     588  cl =   4503  lit =  175741  p =     0  d =     0  f =     1  +  T =     0.03 sec
  [bmc-prof 1173] wall=  32.268 p=     1 | ifo=  0.691(sd=0.175 nx=0.000 tfo=0.027 cnt=0.488) snap= 0.301 srm=  7.827 sat=  6.746(set=0.179 slv=6.565 max=6.5654 n=1) cex=R/T/F=0/0/1 trsplit=0 sim=16.200(rmp=0.400 run=15.799 n=1 d=0) incr=loc/full/maxdirty/keys=0/0/0/0 chk= 0.000(d=1) stat= 0.182 rest= 0.322
  [bmc-incr i=1174 repr=1 active=589/175741 POs=1]
BMC : c =     587  cl =   4503  lit =  175740  p =     0  d =     0  f =     1  +  T =     0.03 sec
  [bmc-prof 1174] wall=  30.091 p=     1 | ifo=  0.768(sd=0.222 nx=0.000 tfo=0.052 cnt=0.493) snap= 0.288 srm=  7.890 sat=  6.711(set=0.188 slv=6.521 max=6.5210 n=1) cex=R/T/F=0/0/1 trsplit=0 sim=13.988(rmp=0.405 run=13.582 n=1 d=0) incr=loc/full/maxdirty/keys=0/0/0/0 chk= 0.000(d=1) stat= 0.155 rest= 0.289
  [bmc-incr i=1175 repr=1 active=588/175740 POs=1]
BMC : c =     586  cl =   4503  lit =  175739  p =     0  d =     0  f =     1  +  T =     0.03 sec
  [bmc-prof 1175] wall=  30.776 p=     1 | ifo=  0.691(sd=0.187 nx=0.000 tfo=0.027 cnt=0.477) snap= 0.286 srm=  8.416 sat=  6.712(set=0.189 slv=6.521 max=6.5212 n=1) cex=R/T/F=0/0/1 trsplit=0 sim=14.225(rmp=0.412 run=13.811 n=1 d=0) incr=loc/full/maxdirty/keys=0/0/0/0 chk= 0.000(d=1) stat= 0.154 rest= 0.292
  [bmc-incr i=1176 repr=1 active=587/175739 POs=1]
BMC : c =     585  cl =   4503  lit =  175738  p =     0  d =     0  f =     1  +  T =     0.03 sec
  [bmc-prof 1176] wall=  32.329 p=     1 | ifo=  0.692(sd=0.175 nx=0.000 tfo=0.027 cnt=0.490) snap= 0.290 srm=  8.637 sat=  7.333(set=0.204 slv=7.127 max=7.1266 n=1) cex=R/T/F=0/0/1 trsplit=0 sim=14.909(rmp=0.458 run=14.450 n=1 d=0) incr=loc/full/maxdirty/keys=0/0/0/0 chk= 0.000(d=1) stat= 0.159 rest= 0.309
  [bmc-incr i=1177 repr=1 active=586/175738 POs=1]
BMC : c =     584  cl =   4503  lit =  175737  p =     0  d =     0  f =     1  +  T =     0.03 sec
  [bmc-prof 1177] wall=  30.897 p=     1 | ifo=  0.708(sd=0.178 nx=0.000 tfo=0.032 cnt=0.497) snap= 0.294 srm=  7.883 sat=  6.758(set=0.189 slv=6.568 max=6.5676 n=1) cex=R/T/F=0/0/1 trsplit=0 sim=14.769(rmp=0.395 run=14.372 n=1 d=0) incr=loc/full/maxdirty/keys=0/0/0/0 chk= 0.000(d=1) stat= 0.169 rest= 0.316
  [bmc-incr i=1178 repr=1 active=585/175737 POs=1]
BMC : c =     583  cl =   4503  lit =  175736  p =     0  d =     0  f =     1  +  T =     0.03 sec
  [bmc-prof 1178] wall=  31.046 p=     1 | ifo=  0.728(sd=0.186 nx=0.000 tfo=0.033 cnt=0.509) snap= 0.296 srm=  8.237 sat=  6.967(set=0.205 slv=6.760 max=6.7602 n=1) cex=R/T/F=0/0/1 trsplit=0 sim=14.351(rmp=0.411 run=13.939 n=1 d=0) incr=loc/full/maxdirty/keys=0/0/0/0 chk= 0.000(d=1) stat= 0.159 rest= 0.307
  [bmc-incr i=1179 repr=1 active=584/175736 POs=1]
BMC : c =     582  cl =   4503  lit =  175735  p =     0  d =     0  f =     1  +  T =     0.03 sec
  [bmc-prof 1179] wall=  30.825 p=     1 | ifo=  0.705(sd=0.182 nx=0.000 tfo=0.026 cnt=0.496) snap= 0.292 srm=  7.954 sat=  6.941(set=0.188 slv=6.752 max=6.7518 n=1) cex=R/T/F=0/0/1 trsplit=0 sim=14.461(rmp=0.412 run=14.049 n=1 d=0) incr=loc/full/maxdirty/keys=0/0/0/0 chk= 0.000(d=1) stat= 0.164 rest= 0.307
  [bmc-incr i=1180 repr=1 active=583/175735 POs=1]
BMC : c =     581  cl =   4503  lit =  175734  p =     0  d =     0  f =     1  +  T =     0.03 sec
  [bmc-prof 1180] wall=  31.000 p=     1 | ifo=  0.700(sd=0.180 nx=0.000 tfo=0.024 cnt=0.495) snap= 0.281 srm=  7.927 sat=  6.773(set=0.184 slv=6.588 max=6.5877 n=1) cex=R/T/F=0/0/1 trsplit=0 sim=14.856(rmp=0.431 run=14.424 n=1 d=0) incr=loc/full/maxdirty/keys=0/0/0/0 chk= 0.000(d=1) stat= 0.159 rest= 0.305
  [bmc-incr i=1181 repr=1 active=582/175734 POs=1]
BMC : c =     580  cl =   4503  lit =  175733  p =     0  d =     0  f =     1  +  T =     0.03 sec
  [bmc-prof 1181] wall=  30.953 p=     1 | ifo=  0.708(sd=0.188 nx=0.000 tfo=0.031 cnt=0.489) snap= 0.282 srm=  7.875 sat=  6.798(set=0.188 slv=6.609 max=6.6086 n=1) cex=R/T/F=0/0/1 trsplit=0 sim=14.838(rmp=0.409 run=14.428 n=1 d=0) incr=loc/full/maxdirty/keys=0/0/0/0 chk= 0.000(d=1) stat= 0.154 rest= 0.296
  [bmc-incr i=1182 repr=1 active=581/175733 POs=1]
BMC : c =     579  cl =   4503  lit =  175732  p =     0  d =     0  f =     1  +  T =     0.03 sec
  [bmc-prof 1182] wall=  30.130 p=     1 | ifo=  0.685(sd=0.177 nx=0.000 tfo=0.029 cnt=0.479) snap= 0.282 srm=  7.686 sat=  6.693(set=0.181 slv=6.510 max=6.5100 n=1) cex=R/T/F=0/0/1 trsplit=0 sim=14.312(rmp=0.415 run=13.897 n=1 d=0) incr=loc/full/maxdirty/keys=0/0/0/0 chk= 0.000(d=1) stat= 0.166 rest= 0.305
  [bmc-incr i=1183 repr=1 active=580/175732 POs=1]
BMC : c =     578  cl =   4503  lit =  175731  p =     0  d =     0  f =     1  +  T =     0.03 sec
  [bmc-prof 1183] wall=  31.630 p=     1 | ifo=  0.700(sd=0.187 nx=0.000 tfo=0.029 cnt=0.484) snap= 0.300 srm=  8.097 sat=  7.424(set=0.205 slv=7.218 max=7.2177 n=1) cex=R/T/F=0/0/1 trsplit=0 sim=14.597(rmp=0.434 run=14.162 n=1 d=0) incr=loc/full/maxdirty/keys=0/0/0/0 chk= 0.000(d=1) stat= 0.167 rest= 0.344
  [bmc-incr i=1184 repr=1 active=579/175731 POs=1]
BMC : c =     577  cl =   4503  lit =  175730  p =     0  d =     0  f =     1  +  T =     0.03 sec
  [bmc-prof 1184] wall=  31.212 p=     1 | ifo=  0.715(sd=0.180 nx=0.000 tfo=0.030 cnt=0.504) snap= 0.303 srm=  8.321 sat=  6.790(set=0.216 slv=6.572 max=6.5725 n=1) cex=R/T/F=0/0/1 trsplit=0 sim=14.583(rmp=0.472 run=14.110 n=1 d=0) incr=loc/full/maxdirty/keys=0/0/0/0 chk= 0.000(d=1) stat= 0.165 rest= 0.335
  [bmc-incr i=1185 repr=1 active=578/175730 POs=1]
BMC : c =     576  cl =   4503  lit =  175729  p =     0  d =     0  f =     1  +  T =     0.03 sec
  [bmc-prof 1185] wall=  30.948 p=     1 | ifo=  0.704(sd=0.188 nx=0.000 tfo=0.032 cnt=0.484) snap= 0.312 srm=  8.225 sat=  6.747(set=0.208 slv=6.536 max=6.5357 n=1) cex=R/T/F=0/0/1 trsplit=0 sim=14.491(rmp=0.432 run=14.059 n=1 d=0) incr=loc/full/maxdirty/keys=0/0/0/0 chk= 0.000(d=1) stat= 0.166 rest= 0.303
  [bmc-incr i=1186 repr=1 active=577/175729 POs=1]
BMC : c =     575  cl =   4503  lit =  175728  p =     0  d =     0  f =     1  +  T =     0.03 sec
  [bmc-prof 1186] wall=  30.775 p=     1 | ifo=  0.693(sd=0.183 nx=0.000 tfo=0.029 cnt=0.481) snap= 0.291 srm=  8.049 sat=  6.757(set=0.209 slv=6.546 max=6.5459 n=1) cex=R/T/F=0/0/1 trsplit=0 sim=14.503(rmp=0.441 run=14.061 n=1 d=0) incr=loc/full/maxdirty/keys=0/0/0/0 chk= 0.001(d=1) stat= 0.166 rest= 0.316
  [bmc-incr i=1187 repr=1 active=576/175728 POs=1]
BMC : c =     574  cl =   4503  lit =  175727  p =     0  d =     0  f =     1  +  T =     0.03 sec
  [bmc-prof 1187] wall=  30.728 p=     1 | ifo=  0.765(sd=0.225 nx=0.000 tfo=0.053 cnt=0.486) snap= 0.283 srm=  7.918 sat=  6.753(set=0.208 slv=6.542 max=6.5417 n=1) cex=R/T/F=0/0/1 trsplit=0 sim=14.561(rmp=0.440 run=14.121 n=1 d=0) incr=loc/full/maxdirty/keys=0/0/0/0 chk= 0.000(d=1) stat= 0.155 rest= 0.293
  [bmc-incr i=1188 repr=1 active=575/175727 POs=1]
BMC : c =     573  cl =   4503  lit =  175726  p =     0  d =     0  f =     1  +  T =     0.03 sec
  [bmc-prof 1188] wall=  30.203 p=     1 | ifo=  0.709(sd=0.181 nx=0.000 tfo=0.030 cnt=0.499) snap= 0.283 srm=  7.822 sat=  6.719(set=0.190 slv=6.528 max=6.5282 n=1) cex=R/T/F=0/0/1 trsplit=0 sim=14.215(rmp=0.403 run=13.812 n=1 d=0) incr=loc/full/maxdirty/keys=0/0/0/0 chk= 0.000(d=1) stat= 0.155 rest= 0.298
  [bmc-incr i=1189 repr=1 active=574/175726 POs=1]
BMC : c =     572  cl =   4503  lit =  175725  p =     0  d =     0  f =     1  +  T =     0.03 sec
  [bmc-prof 1189] wall=  31.958 p=     1 | ifo=  0.705(sd=0.185 nx=0.000 tfo=0.031 cnt=0.489) snap= 0.284 srm=  7.923 sat=  6.795(set=0.188 slv=6.606 max=6.6056 n=1) cex=R/T/F=0/0/1 trsplit=0 sim=15.778(rmp=0.408 run=15.369 n=1 d=0) incr=loc/full/maxdirty/keys=0/0/0/0 chk= 0.000(d=1) stat= 0.171 rest= 0.301
  [bmc-incr i=1190 repr=1 active=573/175725 POs=1]
BMC : c =     571  cl =   4503  lit =  175724  p =     0  d =     0  f =     1  +  T =     0.03 sec
  [bmc-prof 1190] wall=  30.465 p=     1 | ifo=  0.711(sd=0.186 nx=0.000 tfo=0.032 cnt=0.492) snap= 0.286 srm=  7.942 sat=  6.747(set=0.202 slv=6.543 max=6.5434 n=1) cex=R/T/F=0/0/1 trsplit=0 sim=14.243(rmp=0.397 run=13.846 n=1 d=0) incr=loc/full/maxdirty/keys=0/0/0/0 chk= 0.000(d=1) stat= 0.200 rest= 0.336
  [bmc-incr i=1191 repr=1 active=572/175724 POs=1]
BMC : c =     570  cl =   4503  lit =  175723  p =     0  d =     0  f =     1  +  T =     0.03 sec
  [bmc-prof 1191] wall=  30.979 p=     1 | ifo=  0.966(sd=0.261 nx=0.000 tfo=0.065 cnt=0.640) snap= 0.318 srm=  9.017 sat=  6.732(set=0.206 slv=6.524 max=6.5238 n=1) cex=R/T/F=0/0/1 trsplit=0 sim=13.452(rmp=0.562 run=12.889 n=1 d=0) incr=loc/full/maxdirty/keys=0/0/0/0 chk= 0.000(d=1) stat= 0.172 rest= 0.322
  [bmc-incr i=1192 repr=1 active=571/175723 POs=1]
BMC : c =     569  cl =   4503  lit =  175722  p =     0  d =     0  f =     1  +  T =     0.03 sec
  [bmc-prof 1192] wall=  30.945 p=     1 | ifo=  0.747(sd=0.205 nx=0.000 tfo=0.023 cnt=0.519) snap= 0.305 srm=  8.049 sat=  6.986(set=0.206 slv=6.778 max=6.7781 n=1) cex=R/T/F=0/0/1 trsplit=0 sim=14.354(rmp=0.467 run=13.887 n=1 d=0) incr=loc/full/maxdirty/keys=0/0/0/0 chk= 0.000(d=1) stat= 0.175 rest= 0.328
  [bmc-incr i=1193 repr=1 active=570/175722 POs=1]
BMC : c =     568  cl =   4503  lit =  175721  p =     0  d =     0  f =     1  +  T =     0.03 sec
  [bmc-prof 1193] wall=  29.805 p=     1 | ifo=  0.791(sd=0.239 nx=0.000 tfo=0.033 cnt=0.520) snap= 0.321 srm=  8.135 sat=  6.804(set=0.218 slv=6.584 max=6.5843 n=1) cex=R/T/F=0/0/1 trsplit=0 sim=13.261(rmp=0.480 run=12.780 n=1 d=0) incr=loc/full/maxdirty/keys=0/0/0/0 chk= 0.000(d=1) stat= 0.170 rest= 0.323
  [bmc-incr i=1194 repr=1 active=569/175721 POs=1]
BMC : c =     567  cl =   4503  lit =  175720  p =     0  d =     0  f =     1  +  T =     0.04 sec
  [bmc-prof 1194] wall=  36.376 p=     1 | ifo=  0.741(sd=0.206 nx=0.000 tfo=0.028 cnt=0.506) snap= 0.296 srm=  8.418 sat= 12.024(set=0.204 slv=11.816 max=11.8163 n=1) cex=R/T/F=0/0/1 trsplit=0 sim=14.431(rmp=0.440 run=13.991 n=1 d=0) incr=loc/full/maxdirty/keys=0/0/0/0 chk= 0.000(d=1) stat= 0.159 rest= 0.307
  [bmc-incr i=1195 repr=1 active=568/175720 POs=1]
BMC : c =     566  cl =   4503  lit =  175719  p =     0  d =     0  f =     1  +  T =     0.03 sec
  [bmc-prof 1195] wall=  29.949 p=     1 | ifo=  0.745(sd=0.235 nx=0.000 tfo=0.029 cnt=0.481) snap= 0.360 srm=  7.747 sat=  6.732(set=0.186 slv=6.545 max=6.5450 n=1) cex=R/T/F=0/0/1 trsplit=0 sim=13.909(rmp=0.404 run=13.504 n=1 d=0) incr=loc/full/maxdirty/keys=0/0/0/0 chk= 0.000(d=1) stat= 0.163 rest= 0.292
  [bmc-incr i=1196 repr=1 active=567/175719 POs=1]
BMC : c =     565  cl =   4503  lit =  175718  p =     0  d =     0  f =     1  +  T =     0.03 sec
  [bmc-prof 1196] wall=  33.502 p=     1 | ifo=  0.717(sd=0.189 nx=0.000 tfo=0.039 cnt=0.490) snap= 0.285 srm=  7.875 sat=  6.758(set=0.197 slv=6.559 max=6.5588 n=1) cex=R/T/F=0/0/1 trsplit=0 sim=17.277(rmp=0.414 run=16.862 n=1 d=0) incr=loc/full/maxdirty/keys=0/0/0/0 chk= 0.000(d=1) stat= 0.286 rest= 0.304
  [bmc-incr i=1197 repr=1 active=566/175718 POs=1]
BMC : c =     564  cl =   4503  lit =  175717  p =     0  d =     0  f =     1  +  T =     0.03 sec
  [bmc-prof 1197] wall=  31.253 p=     1 | ifo=  1.523(sd=0.522 nx=0.000 tfo=0.050 cnt=0.951) snap= 0.296 srm=  7.984 sat=  6.744(set=0.201 slv=6.541 max=6.5410 n=1) cex=R/T/F=0/0/1 trsplit=0 sim=14.259(rmp=0.418 run=13.841 n=1 d=0) incr=loc/full/maxdirty/keys=0/0/0/0 chk= 0.000(d=1) stat= 0.155 rest= 0.292
  [bmc-incr i=1198 repr=1 active=565/175717 POs=1]
BMC : c =     563  cl =   4503  lit =  175716  p =     0  d =     0  f =     1  +  T =     0.03 sec
  [bmc-prof 1198] wall=  30.436 p=     1 | ifo=  0.703(sd=0.180 nx=0.000 tfo=0.031 cnt=0.491) snap= 0.289 srm=  7.749 sat=  6.744(set=0.181 slv=6.561 max=6.5615 n=1) cex=R/T/F=0/0/1 trsplit=0 sim=14.506(rmp=0.393 run=14.112 n=1 d=0) incr=loc/full/maxdirty/keys=0/0/0/0 chk= 0.000(d=1) stat= 0.156 rest= 0.289
  [bmc-incr i=1199 repr=1 active=564/175716 POs=1]
BMC : c =     562  cl =   4503  lit =  175715  p =     0  d =     0  f =     1  +  T =     0.03 sec
  [bmc-prof 1199] wall=  31.018 p=     1 | ifo=  0.686(sd=0.176 nx=0.000 tfo=0.022 cnt=0.488) snap= 0.296 srm=  8.373 sat=  6.752(set=0.181 slv=6.570 max=6.5697 n=1) cex=R/T/F=0/0/1 trsplit=0 sim=14.429(rmp=0.395 run=14.034 n=1 d=0) incr=loc/full/maxdirty/keys=0/0/0/0 chk= 0.000(d=1) stat= 0.166 rest= 0.316
  [bmc-incr i=1200 repr=1 active=563/175715 POs=1]
BMC : c =     561  cl =   4503  lit =  175714  p =     0  d =     0  f =     1  +  T =     0.03 sec
  [bmc-prof 1200] wall=  30.577 p=     1 | ifo=  0.694(sd=0.180 nx=0.000 tfo=0.027 cnt=0.488) snap= 0.331 srm=  8.182 sat=  7.344(set=0.206 slv=7.135 max=7.1351 n=1) cex=R/T/F=0/0/1 trsplit=0 sim=13.505(rmp=0.521 run=12.983 n=1 d=0) incr=loc/full/maxdirty/keys=0/0/0/0 chk= 0.000(d=1) stat= 0.178 rest= 0.343
  [bmc-incr i=1201 repr=1 active=562/175714 POs=1]
BMC : c =     560  cl =   4503  lit =  175713  p =     0  d =     0  f =     1  +  T =     0.03 sec
  [bmc-prof 1201] wall=  32.284 p=     1 | ifo=  0.767(sd=0.220 nx=0.000 tfo=0.032 cnt=0.515) snap= 0.334 srm=  8.711 sat=  6.778(set=0.213 slv=6.564 max=6.5638 n=1) cex=R/T/F=0/0/1 trsplit=0 sim=15.179(rmp=0.498 run=14.680 n=1 d=0) incr=loc/full/maxdirty/keys=0/0/0/0 chk= 0.000(d=1) stat= 0.179 rest= 0.336
  [bmc-incr i=1202 repr=1 active=561/175713 POs=1]
BMC : c =     559  cl =   4503  lit =  175712  p =     0  d =     0  f =     1  +  T =     0.03 sec
  [bmc-prof 1202] wall=  31.743 p=     1 | ifo=  0.818(sd=0.199 nx=0.000 tfo=0.030 cnt=0.589) snap= 0.287 srm=  7.934 sat=  6.784(set=0.181 slv=6.601 max=6.6012 n=1) cex=R/T/F=0/0/1 trsplit=0 sim=15.457(rmp=0.399 run=15.056 n=1 d=0) incr=loc/full/maxdirty/keys=0/0/0/0 chk= 0.000(d=1) stat= 0.163 rest= 0.301
  [bmc-incr i=1203 repr=1 active=560/175712 POs=1]
BMC : c =     558  cl =   4503  lit =  175711  p =     0  d =     0  f =     1  +  T =     0.03 sec
  [bmc-prof 1203] wall=  31.004 p=     1 | ifo=  0.690(sd=0.179 nx=0.000 tfo=0.028 cnt=0.482) snap= 0.439 srm=  8.121 sat=  6.850(set=0.210 slv=6.638 max=6.6376 n=1) cex=R/T/F=0/0/1 trsplit=0 sim=14.444(rmp=0.442 run=14.001 n=1 d=0) incr=loc/full/maxdirty/keys=0/0/0/0 chk= 0.000(d=1) stat= 0.156 rest= 0.304
  [bmc-incr i=1204 repr=1 active=559/175711 POs=1]
BMC : c =     557  cl =   4503  lit =  175710  p =     0  d =     0  f =     1  +  T =     0.03 sec
  [bmc-prof 1204] wall=  30.010 p=     1 | ifo=  0.691(sd=0.180 nx=0.000 tfo=0.029 cnt=0.481) snap= 0.293 srm=  7.772 sat=  6.741(set=0.185 slv=6.555 max=6.5548 n=1) cex=R/T/F=0/0/1 trsplit=0 sim=14.062(rmp=0.405 run=13.657 n=1 d=0) incr=loc/full/maxdirty/keys=0/0/0/0 chk= 0.000(d=1) stat= 0.156 rest= 0.295
  [bmc-incr i=1205 repr=1 active=558/175710 POs=1]
BMC : c =     556  cl =   4503  lit =  175709  p =     0  d =     0  f =     1  +  T =     0.03 sec
  [bmc-prof 1205] wall=  30.696 p=     1 | ifo=  0.773(sd=0.230 nx=0.000 tfo=0.051 cnt=0.492) snap= 0.299 srm=  7.810 sat=  6.746(set=0.186 slv=6.558 max=6.5583 n=1) cex=R/T/F=0/0/1 trsplit=0 sim=14.533(rmp=0.437 run=14.095 n=1 d=0) incr=loc/full/maxdirty/keys=0/0/0/0 chk= 0.000(d=1) stat= 0.161 rest= 0.374
  [bmc-incr i=1206 repr=1 active=557/175709 POs=1]
BMC : c =     555  cl =   4503  lit =  175708  p =     0  d =     0  f =     1  +  T =     0.03 sec
  [bmc-prof 1206] wall=  32.586 p=     1 | ifo=  2.044(sd=0.262 nx=0.000 tfo=0.057 cnt=1.725) snap= 0.286 srm=  8.727 sat=  6.776(set=0.193 slv=6.581 max=6.5808 n=1) cex=R/T/F=0/0/1 trsplit=0 sim=14.302(rmp=0.404 run=13.897 n=1 d=0) incr=loc/full/maxdirty/keys=0/0/0/0 chk= 0.000(d=1) stat= 0.158 rest= 0.293
  [bmc-incr i=1207 repr=1 active=556/175708 POs=1]
BMC : c =     554  cl =   4503  lit =  175707  p =     0  d =     0  f =     1  +  T =     0.03 sec
  [bmc-prof 1207] wall=  29.949 p=     1 | ifo=  0.688(sd=0.180 nx=0.000 tfo=0.029 cnt=0.480) snap= 0.281 srm=  7.738 sat=  6.777(set=0.197 slv=6.577 max=6.5775 n=1) cex=R/T/F=0/0/1 trsplit=0 sim=14.023(rmp=0.404 run=13.618 n=1 d=0) incr=loc/full/maxdirty/keys=0/0/0/0 chk= 0.000(d=1) stat= 0.153 rest= 0.290
  [bmc-incr i=1208 repr=1 active=555/175707 POs=1]
BMC : c =     553  cl =   4503  lit =  175706  p =     0  d =     0  f =     1  +  T =     0.03 sec
  [bmc-prof 1208] wall=  33.117 p=     1 | ifo=  0.678(sd=0.176 nx=0.000 tfo=0.023 cnt=0.479) snap= 0.371 srm=  8.075 sat=  9.225(set=0.207 slv=9.015 max=9.0145 n=1) cex=R/T/F=0/0/1 trsplit=0 sim=14.300(rmp=0.445 run=13.854 n=1 d=0) incr=loc/full/maxdirty/keys=0/0/0/0 chk= 0.000(d=1) stat= 0.166 rest= 0.303
  [bmc-incr i=1209 repr=1 active=554/175706 POs=1]
BMC : c =     552  cl =   4503  lit =  175705  p =     0  d =     0  f =     1  +  T =     0.03 sec
  [bmc-prof 1209] wall=  30.289 p=     1 | ifo=  0.683(sd=0.177 nx=0.000 tfo=0.025 cnt=0.481) snap= 0.283 srm=  7.713 sat=  6.768(set=0.184 slv=6.583 max=6.5830 n=1) cex=R/T/F=0/0/1 trsplit=0 sim=14.389(rmp=0.414 run=13.974 n=1 d=0) incr=loc/full/maxdirty/keys=0/0/0/0 chk= 0.000(d=1) stat= 0.159 rest= 0.294
  [bmc-incr i=1210 repr=1 active=553/175705 POs=1]
BMC : c =     551  cl =   4503  lit =  175704  p =     0  d =     0  f =     1  +  T =     0.03 sec
  [bmc-prof 1210] wall=  33.302 p=     1 | ifo=  0.715(sd=0.206 nx=0.000 tfo=0.028 cnt=0.481) snap= 0.298 srm= 10.674 sat=  6.795(set=0.209 slv=6.584 max=6.5841 n=1) cex=R/T/F=0/0/1 trsplit=0 sim=14.351(rmp=0.444 run=13.906 n=1 d=0) incr=loc/full/maxdirty/keys=0/0/0/0 chk= 0.000(d=1) stat= 0.161 rest= 0.308
  [bmc-incr i=1211 repr=1 active=552/175704 POs=1]
BMC : c =     550  cl =   4503  lit =  175703  p =     0  d =     0  f =     1  +  T =     0.03 sec
  [bmc-prof 1211] wall=  30.674 p=     1 | ifo=  0.746(sd=0.207 nx=0.000 tfo=0.046 cnt=0.492) snap= 0.284 srm=  8.280 sat=  6.763(set=0.186 slv=6.576 max=6.5759 n=1) cex=R/T/F=0/0/1 trsplit=0 sim=14.148(rmp=0.396 run=13.751 n=1 d=0) incr=loc/full/maxdirty/keys=0/0/0/0 chk= 0.000(d=1) stat= 0.162 rest= 0.291
  [bmc-incr i=1212 repr=1 active=551/175703 POs=1]
BMC : c =     549  cl =   4503  lit =  175702  p =     0  d =     0  f =     1  +  T =     0.03 sec
  [bmc-prof 1212] wall=  32.739 p=     1 | ifo=  0.694(sd=0.175 nx=0.000 tfo=0.026 cnt=0.493) snap= 0.283 srm=  7.900 sat=  6.853(set=0.187 slv=6.663 max=6.6633 n=1) cex=R/T/F=0/0/1 trsplit=0 sim=16.539(rmp=0.411 run=16.127 n=1 d=0) incr=loc/full/maxdirty/keys=0/0/0/0 chk= 0.000(d=1) stat= 0.167 rest= 0.303
  [bmc-incr i=1213 repr=1 active=550/175702 POs=1]
BMC : c =     548  cl =   4503  lit =  175701  p =     0  d =     0  f =     1  +  T =     0.03 sec
  [bmc-prof 1213] wall=  30.973 p=     1 | ifo=  0.720(sd=0.181 nx=0.000 tfo=0.028 cnt=0.511) snap= 0.300 srm=  7.843 sat=  6.866(set=0.193 slv=6.671 max=6.6714 n=1) cex=R/T/F=0/0/1 trsplit=0 sim=14.785(rmp=0.399 run=14.386 n=1 d=0) incr=loc/full/maxdirty/keys=0/0/0/0 chk= 0.000(d=1) stat= 0.167 rest= 0.292
  [bmc-incr i=1214 repr=1 active=549/175701 POs=1]
BMC : c =     547  cl =   4503  lit =  175700  p =     0  d =     0  f =     1  +  T =     0.03 sec
  [bmc-prof 1214] wall=  30.165 p=     1 | ifo=  0.681(sd=0.178 nx=0.000 tfo=0.026 cnt=0.478) snap= 0.288 srm=  7.852 sat=  6.861(set=0.184 slv=6.676 max=6.6758 n=1) cex=R/T/F=0/0/1 trsplit=0 sim=14.037(rmp=0.396 run=13.640 n=1 d=0) incr=loc/full/maxdirty/keys=0/0/0/0 chk= 0.000(d=1) stat= 0.155 rest= 0.289
  [bmc-incr i=1215 repr=1 active=548/175700 POs=1]
BMC : c =     546  cl =   4503  lit =  175699  p =     0  d =     0  f =     1  +  T =     0.03 sec
  [bmc-prof 1215] wall=  29.985 p=     1 | ifo=  0.685(sd=0.183 nx=0.000 tfo=0.023 cnt=0.478) snap= 0.282 srm=  7.728 sat=  6.852(set=0.183 slv=6.667 max=6.6674 n=1) cex=R/T/F=0/0/1 trsplit=0 sim=13.996(rmp=0.394 run=13.601 n=1 d=0) incr=loc/full/maxdirty/keys=0/0/0/0 chk= 0.000(d=1) stat= 0.153 rest= 0.289
  [bmc-incr i=1216 repr=1 active=547/175699 POs=1]
BMC : c =     545  cl =   4503  lit =  175698  p =     0  d =     0  f =     1  +  T =     0.03 sec
  [bmc-prof 1216] wall=  30.764 p=     1 | ifo=  0.682(sd=0.174 nx=0.000 tfo=0.023 cnt=0.485) snap= 0.290 srm=  7.898 sat=  6.851(set=0.184 slv=6.666 max=6.6663 n=1) cex=R/T/F=0/0/1 trsplit=0 sim=14.548(rmp=0.396 run=14.151 n=1 d=0) incr=loc/full/maxdirty/keys=0/0/0/0 chk= 0.000(d=1) stat= 0.204 rest= 0.290
  [bmc-incr i=1217 repr=1 active=546/175698 POs=1]
BMC : c =     544  cl =   4503  lit =  175697  p =     0  d =     0  f =     1  +  T =     0.03 sec
  [bmc-prof 1217] wall=  31.033 p=     1 | ifo=  0.703(sd=0.175 nx=0.000 tfo=0.023 cnt=0.505) snap= 0.346 srm=  8.403 sat=  7.133(set=0.215 slv=6.917 max=6.9167 n=1) cex=R/T/F=0/0/1 trsplit=0 sim=14.003(rmp=0.394 run=13.608 n=1 d=0) incr=loc/full/maxdirty/keys=0/0/0/0 chk= 0.000(d=1) stat= 0.157 rest= 0.289
  [bmc-incr i=1218 repr=1 active=545/175697 POs=1]
BMC : c =     543  cl =   4503  lit =  175696  p =     0  d =     0  f =     1  +  T =     0.03 sec
  [bmc-prof 1218] wall=  31.012 p=     1 | ifo=  0.707(sd=0.201 nx=0.000 tfo=0.022 cnt=0.484) snap= 0.287 srm=  7.815 sat=  6.938(set=0.183 slv=6.753 max=6.7532 n=1) cex=R/T/F=0/0/1 trsplit=0 sim=14.784(rmp=0.403 run=14.380 n=1 d=0) incr=loc/full/maxdirty/keys=0/0/0/0 chk= 0.000(d=1) stat= 0.174 rest= 0.307
  [bmc-incr i=1219 repr=1 active=544/175696 POs=1]
BMC : c =     542  cl =   4503  lit =  175695  p =     0  d =     0  f =     1  +  T =     0.03 sec
  [bmc-prof 1219] wall=  30.140 p=     1 | ifo=  0.768(sd=0.180 nx=0.000 tfo=0.025 cnt=0.563) snap= 0.330 srm=  8.367 sat=  6.845(set=0.230 slv=6.614 max=6.6139 n=1) cex=R/T/F=0/0/1 trsplit=0 sim=13.303(rmp=0.515 run=12.788 n=1 d=0) incr=loc/full/maxdirty/keys=0/0/0/0 chk= 0.000(d=1) stat= 0.172 rest= 0.355
  [bmc-incr i=1220 repr=1 active=543/175695 POs=1]
BMC : c =     541  cl =   4503  lit =  175694  p =     0  d =     0  f =     1  +  T =     0.03 sec
  [bmc-prof 1220] wall=  31.085 p=     1 | ifo=  0.788(sd=0.245 nx=0.000 tfo=0.030 cnt=0.513) snap= 0.326 srm=  8.015 sat=  6.883(set=0.284 slv=6.597 max=6.5975 n=1) cex=R/T/F=0/0/1 trsplit=0 sim=14.555(rmp=0.484 run=14.071 n=1 d=0) incr=loc/full/maxdirty/keys=0/0/0/0 chk= 0.000(d=1) stat= 0.177 rest= 0.342
  [bmc-incr i=1221 repr=1 active=542/175694 POs=1]
BMC : c =     540  cl =   4503  lit =  175693  p =     0  d =     0  f =     1  +  T =     0.03 sec
  [bmc-prof 1221] wall=  34.771 p=     1 | ifo=  0.750(sd=0.211 nx=0.000 tfo=0.027 cnt=0.512) snap= 0.303 srm=  8.619 sat=  7.048(set=0.197 slv=6.848 max=6.8484 n=1) cex=R/T/F=0/0/1 trsplit=0 sim=17.521(rmp=0.627 run=16.893 n=1 d=0) incr=loc/full/maxdirty/keys=0/0/0/0 chk= 0.000(d=1) stat= 0.174 rest= 0.355
  [bmc-incr i=1222 repr=1 active=541/175693 POs=1]
BMC : c =     539  cl =   4503  lit =  175692  p =     0  d =     0  f =     1  +  T =     0.03 sec
  [bmc-prof 1222] wall=  30.264 p=     1 | ifo=  0.709(sd=0.187 nx=0.000 tfo=0.028 cnt=0.494) snap= 0.289 srm=  7.888 sat=  6.805(set=0.196 slv=6.608 max=6.6079 n=1) cex=R/T/F=0/0/1 trsplit=0 sim=14.113(rmp=0.418 run=13.694 n=1 d=0) incr=loc/full/maxdirty/keys=0/0/0/0 chk= 0.000(d=1) stat= 0.159 rest= 0.301
  [bmc-incr i=1223 repr=1 active=540/175692 POs=1]
BMC : c =     538  cl =   4503  lit =  175691  p =     0  d =     0  f =     1  +  T =     0.03 sec
  [bmc-prof 1223] wall=  30.875 p=     1 | ifo=  0.685(sd=0.179 nx=0.000 tfo=0.027 cnt=0.480) snap= 0.286 srm=  8.056 sat=  6.805(set=0.184 slv=6.619 max=6.6190 n=1) cex=R/T/F=0/0/1 trsplit=0 sim=14.542(rmp=0.414 run=14.127 n=1 d=0) incr=loc/full/maxdirty/keys=0/0/0/0 chk= 0.000(d=1) stat= 0.165 rest= 0.337
  [bmc-incr i=1224 repr=1 active=539/175691 POs=1]
BMC : c =     537  cl =   4503  lit =  175690  p =     0  d =     0  f =     1  +  T =     0.03 sec
  [bmc-prof 1224] wall=  31.110 p=     1 | ifo=  0.735(sd=0.208 nx=0.000 tfo=0.042 cnt=0.486) snap= 0.302 srm=  8.230 sat=  6.841(set=0.215 slv=6.624 max=6.6244 n=1) cex=R/T/F=0/0/1 trsplit=0 sim=14.512(rmp=0.446 run=14.064 n=1 d=0) incr=loc/full/maxdirty/keys=0/0/0/0 chk= 0.000(d=1) stat= 0.183 rest= 0.306
  [bmc-incr i=1225 repr=1 active=538/175690 POs=1]
BMC : c =     536  cl =   4503  lit =  175689  p =     0  d =     0  f =     1  +  T =     0.03 sec
  [bmc-prof 1225] wall=  30.576 p=     1 | ifo=  0.964(sd=0.240 nx=0.000 tfo=0.044 cnt=0.680) snap= 0.284 srm=  8.143 sat=  6.815(set=0.185 slv=6.628 max=6.6280 n=1) cex=R/T/F=0/0/1 trsplit=0 sim=13.878(rmp=0.393 run=13.484 n=1 d=0) incr=loc/full/maxdirty/keys=0/0/0/0 chk= 0.000(d=1) stat= 0.203 rest= 0.289
  [bmc-incr i=1226 repr=1 active=537/175689 POs=1]
BMC : c =     535  cl =   4503  lit =  175688  p =     0  d =     0  f =     1  +  T =     0.03 sec
  [bmc-prof 1226] wall=  31.925 p=     1 | ifo=  0.682(sd=0.173 nx=0.000 tfo=0.026 cnt=0.483) snap= 0.284 srm=  7.851 sat=  7.326(set=0.196 slv=7.127 max=7.1270 n=1) cex=R/T/F=0/0/1 trsplit=0 sim=15.317(rmp=0.438 run=14.879 n=1 d=0) incr=loc/full/maxdirty/keys=0/0/0/0 chk= 0.000(d=1) stat= 0.157 rest= 0.307
  [bmc-incr i=1227 repr=1 active=536/175688 POs=1]
BMC : c =     534  cl =   4503  lit =  175687  p =     0  d =     0  f =     1  +  T =     0.03 sec
  [bmc-prof 1227] wall=  31.315 p=     1 | ifo=  0.679(sd=0.175 nx=0.000 tfo=0.024 cnt=0.480) snap= 0.284 srm=  8.155 sat=  6.920(set=0.258 slv=6.660 max=6.6599 n=1) cex=R/T/F=0/0/1 trsplit=0 sim=14.822(rmp=0.434 run=14.387 n=1 d=0) incr=loc/full/maxdirty/keys=0/0/0/0 chk= 0.000(d=1) stat= 0.158 rest= 0.296
  [bmc-incr i=1228 repr=1 active=535/175687 POs=1]
BMC : c =     533  cl =   4503  lit =  175686  p =     0  d =     0  f =     1  +  T =     0.03 sec
  [bmc-prof 1228] wall=  32.633 p=     1 | ifo=  0.711(sd=0.193 nx=0.000 tfo=0.028 cnt=0.490) snap= 0.298 srm=  9.105 sat=  6.895(set=0.203 slv=6.690 max=6.6902 n=1) cex=R/T/F=0/0/1 trsplit=0 sim=15.160(rmp=0.424 run=14.736 n=1 d=0) incr=loc/full/maxdirty/keys=0/0/0/0 chk= 0.000(d=1) stat= 0.161 rest= 0.302
  [bmc-incr i=1229 repr=1 active=534/175686 POs=1]
BMC : c =     532  cl =   4503  lit =  175685  p =     0  d =     0  f =     1  +  T =     0.03 sec
  [bmc-prof 1229] wall=  30.410 p=     1 | ifo=  0.703(sd=0.183 nx=0.000 tfo=0.029 cnt=0.492) snap= 0.283 srm=  8.117 sat=  6.819(set=0.190 slv=6.627 max=6.6274 n=1) cex=R/T/F=0/0/1 trsplit=0 sim=14.040(rmp=0.409 run=13.630 n=1 d=0) incr=loc/full/maxdirty/keys=0/0/0/0 chk= 0.000(d=1) stat= 0.155 rest= 0.293
  [bmc-incr i=1230 repr=1 active=533/175685 POs=1]
BMC : c =     531  cl =   4503  lit =  175684  p =     0  d =     0  f =     1  +  T =     0.03 sec
  [bmc-prof 1230] wall=  30.491 p=     1 | ifo=  0.696(sd=0.178 nx=0.000 tfo=0.027 cnt=0.491) snap= 0.295 srm=  7.808 sat=  6.894(set=0.187 slv=6.704 max=6.7044 n=1) cex=R/T/F=0/0/1 trsplit=0 sim=14.338(rmp=0.407 run=13.930 n=1 d=0) incr=loc/full/maxdirty/keys=0/0/0/0 chk= 0.000(d=1) stat= 0.165 rest= 0.295
  [bmc-incr i=1231 repr=1 active=532/175684 POs=1]
BMC : c =     530  cl =   4503  lit =  175683  p =     0  d =     0  f =     1  +  T =     0.03 sec
  [bmc-prof 1231] wall=  31.430 p=     1 | ifo=  0.682(sd=0.177 nx=0.000 tfo=0.026 cnt=0.479) snap= 0.300 srm=  8.162 sat=  7.388(set=0.187 slv=7.198 max=7.1984 n=1) cex=R/T/F=0/0/1 trsplit=0 sim=14.446(rmp=0.432 run=14.013 n=1 d=0) incr=loc/full/maxdirty/keys=0/0/0/0 chk= 0.000(d=1) stat= 0.155 rest= 0.298
  [bmc-incr i=1232 repr=1 active=531/175683 POs=1]
BMC : c =     529  cl =   4503  lit =  175682  p =     0  d =     0  f =     1  +  T =     0.03 sec
  [bmc-prof 1232] wall=  30.801 p=     1 | ifo=  0.707(sd=0.186 nx=0.000 tfo=0.025 cnt=0.496) snap= 0.284 srm=  8.214 sat=  6.836(set=0.190 slv=6.644 max=6.6437 n=1) cex=R/T/F=0/0/1 trsplit=0 sim=14.301(rmp=0.459 run=13.841 n=1 d=0) incr=loc/full/maxdirty/keys=0/0/0/0 chk= 0.000(d=1) stat= 0.155 rest= 0.304
  [bmc-incr i=1233 repr=1 active=530/175682 POs=1]
BMC : c =     528  cl =   4503  lit =  175681  p =     0  d =     0  f =     1  +  T =     0.03 sec
  [bmc-prof 1233] wall=  31.688 p=     1 | ifo=  0.681(sd=0.175 nx=0.000 tfo=0.023 cnt=0.483) snap= 0.289 srm=  7.808 sat=  6.826(set=0.184 slv=6.640 max=6.6397 n=1) cex=R/T/F=0/0/1 trsplit=0 sim=15.470(rmp=0.399 run=15.070 n=1 d=0) incr=loc/full/maxdirty/keys=0/0/0/0 chk= 0.000(d=1) stat= 0.156 rest= 0.457
  [bmc-incr i=1234 repr=1 active=529/175681 POs=1]
BMC : c =     527  cl =   4503  lit =  175680  p =     0  d =     0  f =     1  +  T =     0.03 sec
  [bmc-prof 1234] wall=  31.183 p=     1 | ifo=  0.690(sd=0.174 nx=0.000 tfo=0.024 cnt=0.491) snap= 0.288 srm=  8.368 sat=  6.904(set=0.184 slv=6.719 max=6.7188 n=1) cex=R/T/F=0/0/1 trsplit=0 sim=14.426(rmp=0.395 run=14.031 n=1 d=0) incr=loc/full/maxdirty/keys=0/0/0/0 chk= 0.000(d=1) stat= 0.208 rest= 0.298
  [bmc-incr i=1235 repr=1 active=528/175680 POs=1]
BMC : c =     526  cl =   4503  lit =  175679  p =     0  d =     0  f =     1  +  T =     0.03 sec
  [bmc-prof 1235] wall=  30.695 p=     1 | ifo=  0.708(sd=0.200 nx=0.000 tfo=0.026 cnt=0.482) snap= 0.284 srm=  7.903 sat=  6.867(set=0.191 slv=6.675 max=6.6745 n=1) cex=R/T/F=0/0/1 trsplit=0 sim=14.394(rmp=0.399 run=13.994 n=1 d=0) incr=loc/full/maxdirty/keys=0/0/0/0 chk= 0.000(d=1) stat= 0.162 rest= 0.377
  [bmc-incr i=1236 repr=1 active=527/175679 POs=1]
BMC : c =     525  cl =   4503  lit =  175678  p =     0  d =     0  f =     1  +  T =     0.03 sec
  [bmc-prof 1236] wall=  31.463 p=     1 | ifo=  0.713(sd=0.178 nx=0.000 tfo=0.027 cnt=0.509) snap= 0.290 srm=  8.097 sat=  6.837(set=0.193 slv=6.642 max=6.6419 n=1) cex=R/T/F=0/0/1 trsplit=0 sim=15.073(rmp=0.398 run=14.674 n=1 d=0) incr=loc/full/maxdirty/keys=0/0/0/0 chk= 0.000(d=1) stat= 0.158 rest= 0.294
  [bmc-incr i=1237 repr=1 active=526/175678 POs=1]
BMC : c =     524  cl =   4503  lit =  175677  p =     0  d =     0  f =     1  +  T =     0.03 sec
  [bmc-prof 1237] wall=  31.896 p=     1 | ifo=  0.689(sd=0.177 nx=0.000 tfo=0.020 cnt=0.491) snap= 0.310 srm=  7.978 sat=  6.906(set=0.195 slv=6.710 max=6.7096 n=1) cex=R/T/F=0/0/1 trsplit=0 sim=15.537(rmp=0.543 run=14.993 n=1 d=0) incr=loc/full/maxdirty/keys=0/0/0/0 chk= 0.000(d=1) stat= 0.161 rest= 0.315
  [bmc-incr i=1238 repr=1 active=525/175677 POs=1]
BMC : c =     523  cl =   4503  lit =  175676  p =     0  d =     0  f =     1  +  T =     0.03 sec
  [bmc-prof 1238] wall=  30.651 p=     1 | ifo=  0.691(sd=0.181 nx=0.000 tfo=0.026 cnt=0.485) snap= 0.288 srm=  8.072 sat=  6.954(set=0.195 slv=6.757 max=6.7566 n=1) cex=R/T/F=0/0/1 trsplit=0 sim=14.191(rmp=0.409 run=13.781 n=1 d=0) incr=loc/full/maxdirty/keys=0/0/0/0 chk= 0.000(d=1) stat= 0.158 rest= 0.297
  [bmc-incr i=1239 repr=1 active=524/175676 POs=1]
BMC : c =     522  cl =   4503  lit =  175675  p =     0  d =     0  f =     1  +  T =     0.03 sec
  [bmc-prof 1239] wall=  30.678 p=     1 | ifo=  0.698(sd=0.189 nx=0.000 tfo=0.025 cnt=0.484) snap= 0.285 srm=  7.764 sat=  6.993(set=0.187 slv=6.803 max=6.8032 n=1) cex=R/T/F=0/0/1 trsplit=0 sim=14.492(rmp=0.411 run=14.081 n=1 d=0) incr=loc/full/maxdirty/keys=0/0/0/0 chk= 0.000(d=1) stat= 0.154 rest= 0.292
  [bmc-incr i=1240 repr=1 active=523/175675 POs=1]
BMC : c =     521  cl =   4503  lit =  175674  p =     0  d =     0  f =     1  +  T =     0.03 sec
  [bmc-prof 1240] wall=  30.616 p=     1 | ifo=  0.718(sd=0.188 nx=0.000 tfo=0.048 cnt=0.483) snap= 0.288 srm=  7.962 sat=  6.890(set=0.206 slv=6.682 max=6.6817 n=1) cex=R/T/F=0/0/1 trsplit=0 sim=14.283(rmp=0.417 run=13.866 n=1 d=0) incr=loc/full/maxdirty/keys=0/0/0/0 chk= 0.000(d=1) stat= 0.160 rest= 0.314
  [bmc-incr i=1241 repr=1 active=522/175674 POs=1]
BMC : c =     520  cl =   4503  lit =  175673  p =     0  d =     0  f =     1  +  T =     0.03 sec
  [bmc-prof 1241] wall=  30.630 p=     1 | ifo=  0.776(sd=0.232 nx=0.000 tfo=0.047 cnt=0.497) snap= 0.294 srm=  8.115 sat=  6.962(set=0.197 slv=6.763 max=6.7630 n=1) cex=R/T/F=0/0/1 trsplit=0 sim=14.041(rmp=0.402 run=13.638 n=1 d=0) incr=loc/full/maxdirty/keys=0/0/0/0 chk= 0.000(d=1) stat= 0.153 rest= 0.288
  [bmc-incr i=1242 repr=1 active=521/175673 POs=1]
BMC : c =     519  cl =   4503  lit =  175672  p =     0  d =     0  f =     1  +  T =     0.04 sec
  [bmc-prof 1242] wall=  39.186 p=     1 | ifo=  0.680(sd=0.177 nx=0.000 tfo=0.024 cnt=0.479) snap= 1.103 srm= 10.969 sat=  9.293(set=0.826 slv=8.463 max=8.4634 n=1) cex=R/T/F=0/0/1 trsplit=0 sim=16.640(rmp=0.501 run=16.139 n=1 d=0) incr=loc/full/maxdirty/keys=0/0/0/0 chk= 0.000(d=1) stat= 0.166 rest= 0.334
  [bmc-incr i=1243 repr=1 active=520/175672 POs=1]
BMC : c =     518  cl =   4503  lit =  175671  p =     0  d =     0  f =     1  +  T =     0.03 sec
  [bmc-prof 1243] wall=  31.016 p=     1 | ifo=  0.722(sd=0.199 nx=0.000 tfo=0.025 cnt=0.499) snap= 0.282 srm=  7.770 sat=  6.955(set=0.187 slv=6.766 max=6.7658 n=1) cex=R/T/F=0/0/1 trsplit=0 sim=14.725(rmp=0.427 run=14.297 n=1 d=0) incr=loc/full/maxdirty/keys=0/0/0/0 chk= 0.000(d=1) stat= 0.157 rest= 0.404
  [bmc-incr i=1244 repr=1 active=519/175671 POs=1]
BMC : c =     517  cl =   4503  lit =  175670  p =     0  d =     0  f =     1  +  T =     0.03 sec
  [bmc-prof 1244] wall=  31.396 p=     1 | ifo=  0.684(sd=0.173 nx=0.000 tfo=0.024 cnt=0.487) snap= 0.283 srm=  8.328 sat=  6.951(set=0.192 slv=6.758 max=6.7575 n=1) cex=R/T/F=0/0/1 trsplit=0 sim=14.610(rmp=0.451 run=14.158 n=1 d=0) incr=loc/full/maxdirty/keys=0/0/0/0 chk= 0.000(d=1) stat= 0.223 rest= 0.317
  [bmc-incr i=1245 repr=1 active=518/175670 POs=1]
BMC : c =     516  cl =   4503  lit =  175669  p =     0  d =     0  f =     1  +  T =     0.03 sec
  [bmc-prof 1245] wall=  31.084 p=     1 | ifo=  0.705(sd=0.186 nx=0.000 tfo=0.028 cnt=0.492) snap= 0.304 srm=  7.858 sat=  6.915(set=0.195 slv=6.716 max=6.7164 n=1) cex=R/T/F=0/0/1 trsplit=0 sim=14.762(rmp=0.410 run=14.351 n=1 d=0) incr=loc/full/maxdirty/keys=0/0/0/0 chk= 0.000(d=1) stat= 0.186 rest= 0.354
  [bmc-incr i=1246 repr=1 active=517/175669 POs=1]
BMC : c =     515  cl =   4503  lit =  175668  p =     0  d =     0  f =     1  +  T =     0.03 sec
  [bmc-prof 1246] wall=  31.315 p=     1 | ifo=  0.937(sd=0.226 nx=0.000 tfo=0.030 cnt=0.681) snap= 0.281 srm=  8.410 sat=  7.037(set=0.184 slv=6.852 max=6.8522 n=1) cex=R/T/F=0/0/1 trsplit=0 sim=14.202(rmp=0.402 run=13.799 n=1 d=0) incr=loc/full/maxdirty/keys=0/0/0/0 chk= 0.000(d=1) stat= 0.156 rest= 0.290
  [bmc-incr i=1247 repr=1 active=516/175668 POs=1]
BMC : c =     514  cl =   4503  lit =  175667  p =     0  d =     0  f =     1  +  T =     0.03 sec
  [bmc-prof 1247] wall=  31.490 p=     1 | ifo=  0.689(sd=0.174 nx=0.000 tfo=0.019 cnt=0.496) snap= 0.316 srm=  7.894 sat=  6.927(set=0.184 slv=6.741 max=6.7410 n=1) cex=R/T/F=0/0/1 trsplit=0 sim=15.208(rmp=0.419 run=14.788 n=1 d=0) incr=loc/full/maxdirty/keys=0/0/0/0 chk= 0.000(d=1) stat= 0.157 rest= 0.299
  [bmc-incr i=1248 repr=1 active=515/175667 POs=1]
BMC : c =     513  cl =   4503  lit =  175666  p =     0  d =     0  f =     1  +  T =     0.03 sec
  [bmc-prof 1248] wall=  30.799 p=     1 | ifo=  0.684(sd=0.177 nx=0.000 tfo=0.026 cnt=0.481) snap= 0.282 srm=  7.778 sat=  7.328(set=0.217 slv=7.109 max=7.1095 n=1) cex=R/T/F=0/0/1 trsplit=0 sim=14.272(rmp=0.401 run=13.870 n=1 d=0) incr=loc/full/maxdirty/keys=0/0/0/0 chk= 0.000(d=1) stat= 0.155 rest= 0.299
  [bmc-incr i=1249 repr=1 active=514/175666 POs=1]
BMC : c =     512  cl =   4503  lit =  175665  p =     0  d =     0  f =     1  +  T =     0.03 sec
  [bmc-prof 1249] wall=  30.362 p=     1 | ifo=  0.678(sd=0.177 nx=0.000 tfo=0.023 cnt=0.479) snap= 0.286 srm=  7.721 sat=  7.128(set=0.183 slv=6.943 max=6.9431 n=1) cex=R/T/F=0/0/1 trsplit=0 sim=14.104(rmp=0.421 run=13.682 n=1 d=0) incr=loc/full/maxdirty/keys=0/0/0/0 chk= 0.000(d=1) stat= 0.154 rest= 0.291
  [bmc-incr i=1250 repr=1 active=513/175665 POs=1]
BMC : c =     511  cl =   4503  lit =  175664  p =     0  d =     0  f =     1  +  T =     0.03 sec
  [bmc-prof 1250] wall=  31.777 p=     1 | ifo=  0.683(sd=0.173 nx=0.000 tfo=0.023 cnt=0.487) snap= 0.280 srm=  7.745 sat=  6.932(set=0.199 slv=6.731 max=6.7311 n=1) cex=R/T/F=0/0/1 trsplit=0 sim=15.674(rmp=0.455 run=15.218 n=1 d=0) incr=loc/full/maxdirty/keys=0/0/0/0 chk= 0.000(d=1) stat= 0.159 rest= 0.304
  [bmc-incr i=1251 repr=1 active=512/175664 POs=1]
BMC : c =     510  cl =   4503  lit =  175663  p =     0  d =     0  f =     1  +  T =     0.04 sec
  [bmc-prof 1251] wall=  35.300 p=     1 | ifo=  0.707(sd=0.181 nx=0.000 tfo=0.030 cnt=0.495) snap= 0.282 srm=  7.830 sat=  7.131(set=0.184 slv=6.945 max=6.9445 n=1) cex=R/T/F=0/0/1 trsplit=0 sim=18.875(rmp=1.045 run=17.829 n=1 d=0) incr=loc/full/maxdirty/keys=0/0/0/0 chk= 0.000(d=1) stat= 0.154 rest= 0.320
  [bmc-incr i=1252 repr=1 active=511/175663 POs=1]
BMC : c =     509  cl =   4503  lit =  175662  p =     0  d =     0  f =     1  +  T =     0.03 sec
  [bmc-prof 1252] wall=  31.141 p=     1 | ifo=  0.693(sd=0.182 nx=0.000 tfo=0.024 cnt=0.487) snap= 0.292 srm=  7.709 sat=  7.669(set=0.185 slv=7.482 max=7.4818 n=1) cex=R/T/F=0/0/1 trsplit=0 sim=14.320(rmp=0.425 run=13.894 n=1 d=0) incr=loc/full/maxdirty/keys=0/0/0/0 chk= 0.000(d=1) stat= 0.163 rest= 0.296
  [bmc-incr i=1253 repr=1 active=510/175662 POs=1]
BMC : c =     508  cl =   4503  lit =  175661  p =     0  d =     0  f =     1  +  T =     0.03 sec
  [bmc-prof 1253] wall=  31.468 p=     1 | ifo=  0.676(sd=0.176 nx=0.000 tfo=0.021 cnt=0.478) snap= 0.295 srm=  7.761 sat=  7.379(set=0.184 slv=7.193 max=7.1929 n=1) cex=R/T/F=0/0/1 trsplit=0 sim=14.887(rmp=0.442 run=14.445 n=1 d=0) incr=loc/full/maxdirty/keys=0/0/0/0 chk= 0.000(d=1) stat= 0.158 rest= 0.312
  [bmc-incr i=1254 repr=1 active=509/175661 POs=1]
BMC : c =     507  cl =   4503  lit =  175660  p =     0  d =     0  f =     1  +  T =     0.03 sec
  [bmc-prof 1254] wall=  30.316 p=     1 | ifo=  0.696(sd=0.180 nx=0.000 tfo=0.026 cnt=0.490) snap= 0.292 srm=  7.775 sat=  7.050(set=0.186 slv=6.862 max=6.8618 n=1) cex=R/T/F=0/0/1 trsplit=0 sim=14.045(rmp=0.393 run=13.652 n=1 d=0) incr=loc/full/maxdirty/keys=0/0/0/0 chk= 0.000(d=1) stat= 0.168 rest= 0.291
  [bmc-incr i=1255 repr=1 active=508/175660 POs=1]
BMC : c =     506  cl =   4503  lit =  175659  p =     0  d =     0  f =     1  +  T =     0.03 sec
  [bmc-prof 1255] wall=  30.779 p=     1 | ifo=  0.679(sd=0.175 nx=0.000 tfo=0.023 cnt=0.481) snap= 0.288 srm=  7.832 sat=  7.117(set=0.193 slv=6.922 max=6.9222 n=1) cex=R/T/F=0/0/1 trsplit=0 sim=14.394(rmp=0.404 run=13.989 n=1 d=0) incr=loc/full/maxdirty/keys=0/0/0/0 chk= 0.000(d=1) stat= 0.162 rest= 0.306
  [bmc-incr i=1256 repr=1 active=507/175659 POs=1]
BMC : c =     505  cl =   4503  lit =  175658  p =     0  d =     0  f =     1  +  T =     0.04 sec
  [bmc-prof 1256] wall=  35.909 p=     1 | ifo=  0.744(sd=0.202 nx=0.000 tfo=0.025 cnt=0.517) snap= 0.337 srm=  8.638 sat= 10.993(set=0.233 slv=10.758 max=10.7577 n=1) cex=R/T/F=0/0/1 trsplit=0 sim=14.727(rmp=0.545 run=14.181 n=1 d=0) incr=loc/full/maxdirty/keys=0/0/0/0 chk= 0.000(d=1) stat= 0.158 rest= 0.312
  [bmc-incr i=1257 repr=1 active=506/175658 POs=1]
BMC : c =     504  cl =   4503  lit =  175657  p =     0  d =     0  f =     1  +  T =     0.03 sec
  [bmc-prof 1257] wall=  31.603 p=     1 | ifo=  0.696(sd=0.186 nx=0.000 tfo=0.026 cnt=0.484) snap= 0.374 srm=  8.590 sat=  7.087(set=0.226 slv=6.859 max=6.8586 n=1) cex=R/T/F=0/0/1 trsplit=0 sim=14.376(rmp=0.413 run=13.961 n=1 d=0) incr=loc/full/maxdirty/keys=0/0/0/0 chk= 0.000(d=1) stat= 0.164 rest= 0.318
  [bmc-incr i=1258 repr=1 active=505/175657 POs=1]
BMC : c =     503  cl =   4503  lit =  175656  p =     0  d =     0  f =     1  +  T =     0.03 sec
  [bmc-prof 1258] wall=  30.491 p=     1 | ifo=  0.685(sd=0.177 nx=0.000 tfo=0.026 cnt=0.481) snap= 0.285 srm=  8.146 sat=  6.915(set=0.202 slv=6.711 max=6.7105 n=1) cex=R/T/F=0/0/1 trsplit=0 sim=14.013(rmp=0.414 run=13.599 n=1 d=0) incr=loc/full/maxdirty/keys=0/0/0/0 chk= 0.000(d=1) stat= 0.155 rest= 0.292
  [bmc-incr i=1259 repr=1 active=504/175656 POs=1]
BMC : c =     502  cl =   4503  lit =  175655  p =     0  d =     0  f =     1  +  T =     0.03 sec
  [bmc-prof 1259] wall=  31.430 p=     1 | ifo=  0.688(sd=0.175 nx=0.000 tfo=0.025 cnt=0.489) snap= 0.283 srm=  8.755 sat=  6.917(set=0.196 slv=6.719 max=6.7190 n=1) cex=R/T/F=0/0/1 trsplit=0 sim=14.332(rmp=0.399 run=13.932 n=1 d=0) incr=loc/full/maxdirty/keys=0/0/0/0 chk= 0.000(d=1) stat= 0.158 rest= 0.297
  [bmc-incr i=1260 repr=1 active=503/175655 POs=1]
BMC : c =     501  cl =   4503  lit =  175654  p =     0  d =     0  f =     1  +  T =     0.03 sec
  [bmc-prof 1260] wall=  30.481 p=     1 | ifo=  0.690(sd=0.177 nx=0.000 tfo=0.023 cnt=0.490) snap= 0.295 srm=  8.036 sat=  6.940(set=0.192 slv=6.746 max=6.7462 n=1) cex=R/T/F=0/0/1 trsplit=0 sim=14.048(rmp=0.397 run=13.650 n=1 d=0) incr=loc/full/maxdirty/keys=0/0/0/0 chk= 0.000(d=1) stat= 0.170 rest= 0.303
  [bmc-incr i=1261 repr=1 active=502/175654 POs=1]
BMC : c =     500  cl =   4503  lit =  175653  p =     0  d =     0  f =     1  +  T =     0.03 sec
  [bmc-prof 1261] wall=  31.305 p=     1 | ifo=  0.696(sd=0.180 nx=0.000 tfo=0.025 cnt=0.490) snap= 0.291 srm=  8.410 sat=  6.934(set=0.196 slv=6.736 max=6.7360 n=1) cex=R/T/F=0/0/1 trsplit=0 sim=14.497(rmp=0.408 run=14.088 n=1 d=0) incr=loc/full/maxdirty/keys=0/0/0/0 chk= 0.000(d=1) stat= 0.181 rest= 0.297
  [bmc-incr i=1262 repr=1 active=501/175653 POs=1]
BMC : c =     499  cl =   4503  lit =  175652  p =     0  d =     0  f =     1  +  T =     0.03 sec
  [bmc-prof 1262] wall=  30.296 p=     1 | ifo=  0.684(sd=0.177 nx=0.000 tfo=0.025 cnt=0.481) snap= 0.336 srm=  7.938 sat=  6.912(set=0.190 slv=6.721 max=6.7209 n=1) cex=R/T/F=0/0/1 trsplit=0 sim=13.980(rmp=0.406 run=13.573 n=1 d=0) incr=loc/full/maxdirty/keys=0/0/0/0 chk= 0.000(d=1) stat= 0.155 rest= 0.290
  [bmc-incr i=1263 repr=1 active=500/175652 POs=1]
BMC : c =     498  cl =   4503  lit =  175651  p =     0  d =     0  f =     1  +  T =     0.03 sec
  [bmc-prof 1263] wall=  30.790 p=     1 | ifo=  0.684(sd=0.175 nx=0.000 tfo=0.023 cnt=0.486) snap= 0.293 srm=  7.968 sat=  6.937(set=0.186 slv=6.750 max=6.7496 n=1) cex=R/T/F=0/0/1 trsplit=0 sim=14.460(rmp=0.404 run=14.056 n=1 d=0) incr=loc/full/maxdirty/keys=0/0/0/0 chk= 0.000(d=1) stat= 0.156 rest= 0.292
  [bmc-incr i=1264 repr=1 active=499/175651 POs=1]
BMC : c =     497  cl =   4503  lit =  175650  p =     0  d =     0  f =     1  +  T =     0.03 sec
  [bmc-prof 1264] wall=  30.251 p=     1 | ifo=  0.678(sd=0.177 nx=0.000 tfo=0.022 cnt=0.479) snap= 0.281 srm=  7.873 sat=  6.940(set=0.188 slv=6.751 max=6.7505 n=1) cex=R/T/F=0/0/1 trsplit=0 sim=14.034(rmp=0.401 run=13.633 n=1 d=0) incr=loc/full/maxdirty/keys=0/0/0/0 chk= 0.000(d=1) stat= 0.155 rest= 0.290
  [bmc-incr i=1265 repr=1 active=498/175650 POs=1]
BMC : c =     496  cl =   4503  lit =  175649  p =     0  d =     0  f =     1  +  T =     0.03 sec
  [bmc-prof 1265] wall=  31.394 p=     1 | ifo=  0.679(sd=0.174 nx=0.000 tfo=0.020 cnt=0.485) snap= 0.307 srm=  8.050 sat=  7.019(set=0.193 slv=6.825 max=6.8247 n=1) cex=R/T/F=0/0/1 trsplit=0 sim=14.781(rmp=0.427 run=14.354 n=1 d=0) incr=loc/full/maxdirty/keys=0/0/0/0 chk= 0.000(d=1) stat= 0.267 rest= 0.291
  [bmc-incr i=1266 repr=1 active=497/175649 POs=1]
BMC : c =     495  cl =   4503  lit =  175648  p =     0  d =     0  f =     1  +  T =     0.03 sec
  [bmc-prof 1266] wall=  32.240 p=     1 | ifo=  0.690(sd=0.176 nx=0.000 tfo=0.024 cnt=0.491) snap= 0.303 srm=  7.914 sat=  7.299(set=0.208 slv=7.089 max=7.0886 n=1) cex=R/T/F=0/0/1 trsplit=0 sim=15.549(rmp=0.443 run=15.105 n=1 d=0) incr=loc/full/maxdirty/keys=0/0/0/0 chk= 0.000(d=1) stat= 0.173 rest= 0.312
  [bmc-incr i=1267 repr=1 active=496/175648 POs=1]
BMC : c =     494  cl =   4503  lit =  175647  p =     0  d =     0  f =     1  +  T =     0.03 sec
  [bmc-prof 1267] wall=  31.581 p=     1 | ifo=  0.743(sd=0.212 nx=0.000 tfo=0.027 cnt=0.504) snap= 0.332 srm=  8.059 sat=  6.955(set=0.192 slv=6.762 max=6.7619 n=1) cex=R/T/F=0/0/1 trsplit=0 sim=15.046(rmp=0.414 run=14.631 n=1 d=0) incr=loc/full/maxdirty/keys=0/0/0/0 chk= 0.000(d=1) stat= 0.155 rest= 0.291
  [bmc-incr i=1268 repr=1 active=495/175647 POs=1]
BMC : c =     493  cl =   4503  lit =  175646  p =     0  d =     0  f =     1  +  T =     0.03 sec
  [bmc-prof 1268] wall=  30.486 p=     1 | ifo=  0.696(sd=0.179 nx=0.000 tfo=0.025 cnt=0.492) snap= 0.310 srm=  7.758 sat=  6.924(set=0.190 slv=6.732 max=6.7318 n=1) cex=R/T/F=0/0/1 trsplit=0 sim=14.347(rmp=0.405 run=13.942 n=1 d=0) incr=loc/full/maxdirty/keys=0/0/0/0 chk= 0.000(d=1) stat= 0.155 rest= 0.296
  [bmc-incr i=1269 repr=1 active=494/175646 POs=1]
BMC : c =     492  cl =   4503  lit =  175645  p =     0  d =     0  f =     1  +  T =     0.03 sec
  [bmc-prof 1269] wall=  34.813 p=     1 | ifo=  0.686(sd=0.175 nx=0.000 tfo=0.023 cnt=0.487) snap= 0.301 srm=  7.977 sat=  7.025(set=0.195 slv=6.828 max=6.8281 n=1) cex=R/T/F=0/0/1 trsplit=0 sim=18.287(rmp=0.447 run=17.839 n=1 d=0) incr=loc/full/maxdirty/keys=0/0/0/0 chk= 0.001(d=1) stat= 0.209 rest= 0.327
  [bmc-incr i=1270 repr=1 active=493/175645 POs=1]
BMC : c =     491  cl =   4503  lit =  175644  p =     0  d =     0  f =     1  +  T =     0.03 sec
  [bmc-prof 1270] wall=  30.331 p=     1 | ifo=  0.755(sd=0.217 nx=0.000 tfo=0.026 cnt=0.511) snap= 0.290 srm=  7.775 sat=  6.929(set=0.186 slv=6.741 max=6.7411 n=1) cex=R/T/F=0/0/1 trsplit=0 sim=14.139(rmp=0.394 run=13.744 n=1 d=0) incr=loc/full/maxdirty/keys=0/0/0/0 chk= 0.000(d=1) stat= 0.154 rest= 0.289
  [bmc-incr i=1271 repr=1 active=492/175644 POs=1]
BMC : c =     490  cl =   4503  lit =  175643  p =     0  d =     0  f =     1  +  T =     0.03 sec
  [bmc-prof 1271] wall=  30.405 p=     1 | ifo=  0.687(sd=0.176 nx=0.000 tfo=0.023 cnt=0.488) snap= 0.304 srm=  7.766 sat=  6.955(set=0.212 slv=6.742 max=6.7417 n=1) cex=R/T/F=0/0/1 trsplit=0 sim=14.219(rmp=0.403 run=13.815 n=1 d=0) incr=loc/full/maxdirty/keys=0/0/0/0 chk= 0.000(d=1) stat= 0.173 rest= 0.300
  [bmc-incr i=1272 repr=1 active=491/175643 POs=1]
BMC : c =     489  cl =   4503  lit =  175642  p =     0  d =     0  f =     1  +  T =     0.03 sec
  [bmc-prof 1272] wall=  30.715 p=     1 | ifo=  0.701(sd=0.184 nx=0.000 tfo=0.023 cnt=0.493) snap= 0.298 srm=  8.026 sat=  6.941(set=0.193 slv=6.746 max=6.7457 n=1) cex=R/T/F=0/0/1 trsplit=0 sim=14.298(rmp=0.398 run=13.900 n=1 d=0) incr=loc/full/maxdirty/keys=0/0/0/0 chk= 0.000(d=1) stat= 0.156 rest= 0.296
  [bmc-incr i=1273 repr=1 active=490/175642 POs=1]
BMC : c =     488  cl =   4503  lit =  175641  p =     0  d =     0  f =     1  +  T =     0.04 sec
  [bmc-prof 1273] wall=  36.298 p=     1 | ifo=  0.700(sd=0.176 nx=0.000 tfo=0.024 cnt=0.501) snap= 0.335 srm=  8.693 sat=  7.844(set=0.214 slv=7.627 max=7.6267 n=1) cex=R/T/F=0/0/1 trsplit=0 sim=18.044(rmp=0.748 run=17.294 n=1 d=0) incr=loc/full/maxdirty/keys=0/0/0/0 chk= 0.000(d=1) stat= 0.167 rest= 0.515
  [bmc-incr i=1274 repr=1 active=489/175641 POs=1]
BMC : c =     487  cl =   4503  lit =  175640  p =     0  d =     0  f =     1  +  T =     0.03 sec
  [bmc-prof 1274] wall=  31.528 p=     1 | ifo=  0.688(sd=0.182 nx=0.000 tfo=0.026 cnt=0.480) snap= 0.312 srm=  8.304 sat=  7.145(set=0.199 slv=6.944 max=6.9441 n=1) cex=R/T/F=0/0/1 trsplit=0 sim=14.629(rmp=0.449 run=14.180 n=1 d=0) incr=loc/full/maxdirty/keys=0/0/0/0 chk= 0.000(d=1) stat= 0.157 rest= 0.293
  [bmc-incr i=1275 repr=1 active=488/175640 POs=1]
BMC : c =     486  cl =   4503  lit =  175639  p =     0  d =     0  f =     1  +  T =     0.03 sec
  [bmc-prof 1275] wall=  30.480 p=     1 | ifo=  0.708(sd=0.177 nx=0.000 tfo=0.023 cnt=0.508) snap= 0.291 srm=  7.804 sat=  7.158(set=0.185 slv=6.971 max=6.9710 n=1) cex=R/T/F=0/0/1 trsplit=0 sim=14.058(rmp=0.395 run=13.663 n=1 d=0) incr=loc/full/maxdirty/keys=0/0/0/0 chk= 0.000(d=1) stat= 0.157 rest= 0.303
  [bmc-incr i=1276 repr=1 active=487/175639 POs=1]
BMC : c =     485  cl =   4503  lit =  175638  p =     0  d =     0  f =     1  +  T =     0.03 sec
  [bmc-prof 1276] wall=  31.396 p=     1 | ifo=  0.704(sd=0.192 nx=0.000 tfo=0.033 cnt=0.479) snap= 0.281 srm=  7.891 sat=  7.047(set=0.186 slv=6.859 max=6.8594 n=1) cex=R/T/F=0/0/1 trsplit=0 sim=15.016(rmp=0.430 run=14.585 n=1 d=0) incr=loc/full/maxdirty/keys=0/0/0/0 chk= 0.000(d=1) stat= 0.160 rest= 0.298
  [bmc-incr i=1277 repr=1 active=486/175638 POs=1]
BMC : c =     484  cl =   4503  lit =  175637  p =     0  d =     0  f =     1  +  T =     0.03 sec
  [bmc-prof 1277] wall=  30.516 p=     1 | ifo=  0.710(sd=0.202 nx=0.000 tfo=0.025 cnt=0.482) snap= 0.287 srm=  7.899 sat=  7.054(set=0.188 slv=6.863 max=6.8634 n=1) cex=R/T/F=0/0/1 trsplit=0 sim=14.120(rmp=0.394 run=13.725 n=1 d=0) incr=loc/full/maxdirty/keys=0/0/0/0 chk= 0.000(d=1) stat= 0.156 rest= 0.290
  [bmc-incr i=1278 repr=1 active=485/175637 POs=1]
BMC : c =     483  cl =   4503  lit =  175636  p =     0  d =     0  f =     1  +  T =     0.03 sec
  [bmc-prof 1278] wall=  31.213 p=     1 | ifo=  0.709(sd=0.174 nx=0.000 tfo=0.023 cnt=0.512) snap= 0.282 srm=  7.955 sat=  6.978(set=0.186 slv=6.791 max=6.7912 n=1) cex=R/T/F=0/0/1 trsplit=0 sim=14.841(rmp=1.279 run=13.561 n=1 d=0) incr=loc/full/maxdirty/keys=0/0/0/0 chk= 0.000(d=1) stat= 0.160 rest= 0.289
  [bmc-incr i=1279 repr=1 active=484/175636 POs=1]
BMC : c =     482  cl =   4503  lit =  175635  p =     0  d =     0  f =     1  +  T =     0.03 sec
  [bmc-prof 1279] wall=  31.364 p=     1 | ifo=  0.915(sd=0.178 nx=0.000 tfo=0.019 cnt=0.719) snap= 0.313 srm=  8.242 sat=  7.111(set=0.191 slv=6.918 max=6.9180 n=1) cex=R/T/F=0/0/1 trsplit=0 sim=14.292(rmp=0.412 run=13.879 n=1 d=0) incr=loc/full/maxdirty/keys=0/0/0/0 chk= 0.000(d=1) stat= 0.181 rest= 0.310
  [bmc-incr i=1280 repr=1 active=483/175635 POs=1]
BMC : c =     481  cl =   4503  lit =  175634  p =     0  d =     0  f =     1  +  T =     0.03 sec
  [bmc-prof 1280] wall=  30.561 p=     1 | ifo=  0.735(sd=0.208 nx=0.000 tfo=0.034 cnt=0.493) snap= 0.281 srm=  7.958 sat=  7.090(set=0.186 slv=6.903 max=6.9033 n=1) cex=R/T/F=0/0/1 trsplit=0 sim=13.959(rmp=0.407 run=13.552 n=1 d=0) incr=loc/full/maxdirty/keys=0/0/0/0 chk= 0.000(d=1) stat= 0.236 rest= 0.302
  [bmc-incr i=1281 repr=1 active=482/175634 POs=1]
BMC : c =     480  cl =   4503  lit =  175633  p =     0  d =     0  f =     1  +  T =     0.04 sec
  [bmc-prof 1281] wall=  36.574 p=     1 | ifo=  0.754(sd=0.219 nx=0.000 tfo=0.022 cnt=0.513) snap= 0.330 srm=  8.059 sat= 10.381(set=0.211 slv=10.168 max=10.1680 n=1) cex=R/T/F=0/0/1 trsplit=0 sim=16.568(rmp=0.498 run=16.068 n=1 d=0) incr=loc/full/maxdirty/keys=0/0/0/0 chk= 0.000(d=1) stat= 0.162 rest= 0.321
  [bmc-incr i=1282 repr=1 active=481/175633 POs=1]
BMC : c =     479  cl =   4503  lit =  175632  p =     0  d =     0  f =     1  +  T =     0.03 sec
  [bmc-prof 1282] wall=  30.811 p=     1 | ifo=  0.708(sd=0.179 nx=0.000 tfo=0.039 cnt=0.490) snap= 0.293 srm=  7.960 sat=  6.991(set=0.200 slv=6.789 max=6.7890 n=1) cex=R/T/F=0/0/1 trsplit=0 sim=14.373(rmp=0.417 run=13.956 n=1 d=0) incr=loc/full/maxdirty/keys=0/0/0/0 chk= 0.000(d=1) stat= 0.176 rest= 0.310
  [bmc-incr i=1283 repr=1 active=480/175632 POs=1]
BMC : c =     478  cl =   4503  lit =  175631  p =     0  d =     0  f =     1  +  T =     0.03 sec
  [bmc-prof 1283] wall=  30.883 p=     1 | ifo=  0.696(sd=0.175 nx=0.000 tfo=0.022 cnt=0.499) snap= 0.300 srm=  7.940 sat=  7.189(set=0.190 slv=6.990 max=6.9901 n=1) cex=R/T/F=0/0/1 trsplit=0 sim=14.287(rmp=0.421 run=13.866 n=1 d=0) incr=loc/full/maxdirty/keys=0/0/0/0 chk= 0.000(d=1) stat= 0.169 rest= 0.303
  [bmc-incr i=1284 repr=1 active=479/175631 POs=1]
BMC : c =     477  cl =   4503  lit =  175630  p =     0  d =     0  f =     1  +  T =     0.03 sec
  [bmc-prof 1284] wall=  31.672 p=     1 | ifo=  0.678(sd=0.178 nx=0.000 tfo=0.023 cnt=0.477) snap= 0.305 srm=  7.962 sat=  7.023(set=0.187 slv=6.835 max=6.8351 n=1) cex=R/T/F=0/0/1 trsplit=0 sim=15.231(rmp=0.403 run=14.827 n=1 d=0) incr=loc/full/maxdirty/keys=0/0/0/0 chk= 0.000(d=1) stat= 0.165 rest= 0.307
  [bmc-incr i=1285 repr=1 active=478/175630 POs=1]
BMC : c =     476  cl =   4503  lit =  175629  p =     0  d =     0  f =     1  +  T =     0.03 sec
  [bmc-prof 1285] wall=  30.940 p=     1 | ifo=  0.693(sd=0.178 nx=0.000 tfo=0.023 cnt=0.493) snap= 0.289 srm=  8.133 sat=  7.001(set=0.200 slv=6.799 max=6.7989 n=1) cex=R/T/F=0/0/1 trsplit=0 sim=14.377(rmp=0.418 run=13.958 n=1 d=0) incr=loc/full/maxdirty/keys=0/0/0/0 chk= 0.000(d=1) stat= 0.154 rest= 0.292
  [bmc-incr i=1286 repr=1 active=477/175629 POs=1]
BMC : c =     475  cl =   4503  lit =  175628  p =     0  d =     0  f =     1  +  T =     0.03 sec
  [bmc-prof 1286] wall=  30.299 p=     1 | ifo=  0.687(sd=0.176 nx=0.000 tfo=0.023 cnt=0.488) snap= 0.299 srm=  7.821 sat=  6.996(set=0.197 slv=6.796 max=6.7964 n=1) cex=R/T/F=0/0/1 trsplit=0 sim=14.049(rmp=0.399 run=13.650 n=1 d=0) incr=loc/full/maxdirty/keys=0/0/0/0 chk= 0.000(d=1) stat= 0.153 rest= 0.295
  [bmc-incr i=1287 repr=1 active=476/175628 POs=1]
BMC : c =     474  cl =   4503  lit =  175627  p =     0  d =     0  f =     1  +  T =     0.04 sec
  [bmc-prof 1287] wall=  37.747 p=     1 | ifo=  0.685(sd=0.187 nx=0.000 tfo=0.016 cnt=0.482) snap= 0.280 srm=  7.939 sat=  7.419(set=0.195 slv=7.222 max=7.2216 n=1) cex=R/T/F=0/0/1 trsplit=0 sim=20.734(rmp=0.443 run=20.290 n=1 d=0) incr=loc/full/maxdirty/keys=0/0/0/0 chk= 0.000(d=1) stat= 0.286 rest= 0.404
  [bmc-incr i=1288 repr=1 active=475/175627 POs=1]
BMC : c =     473  cl =   4503  lit =  175626  p =     0  d =     0  f =     1  +  T =     0.03 sec
  [bmc-prof 1288] wall=  30.809 p=     1 | ifo=  0.749(sd=0.182 nx=0.000 tfo=0.023 cnt=0.544) snap= 0.307 srm=  8.069 sat=  6.978(set=0.192 slv=6.784 max=6.7839 n=1) cex=R/T/F=0/0/1 trsplit=0 sim=14.252(rmp=0.490 run=13.762 n=1 d=0) incr=loc/full/maxdirty/keys=0/0/0/0 chk= 0.000(d=1) stat= 0.156 rest= 0.296
  [bmc-incr i=1289 repr=1 active=474/175626 POs=1]
BMC : c =     472  cl =   4503  lit =  175625  p =     0  d =     0  f =     1  +  T =     0.03 sec
  [bmc-prof 1289] wall=  34.307 p=     1 | ifo=  0.676(sd=0.175 nx=0.000 tfo=0.020 cnt=0.481) snap= 0.297 srm=  7.979 sat=  7.993(set=0.205 slv=7.785 max=7.7851 n=1) cex=R/T/F=0/0/1 trsplit=0 sim=16.901(rmp=0.439 run=16.461 n=1 d=0) incr=loc/full/maxdirty/keys=0/0/0/0 chk= 0.000(d=1) stat= 0.155 rest= 0.307
  [bmc-incr i=1290 repr=1 active=473/175625 POs=1]
BMC : c =     471  cl =   4503  lit =  175624  p =     0  d =     0  f =     1  +  T =     0.03 sec
  [bmc-prof 1290] wall=  30.668 p=     1 | ifo=  0.681(sd=0.178 nx=0.000 tfo=0.022 cnt=0.481) snap= 0.283 srm=  7.789 sat=  7.048(set=0.184 slv=6.862 max=6.8622 n=1) cex=R/T/F=0/0/1 trsplit=0 sim=14.415(rmp=0.406 run=14.008 n=1 d=0) incr=loc/full/maxdirty/keys=0/0/0/0 chk= 0.000(d=1) stat= 0.158 rest= 0.291
  [bmc-incr i=1291 repr=1 active=472/175624 POs=1]
BMC : c =     470  cl =   4503  lit =  175623  p =     0  d =     0  f =     1  +  T =     0.03 sec
  [bmc-prof 1291] wall=  30.962 p=     1 | ifo=  0.720(sd=0.197 nx=0.000 tfo=0.032 cnt=0.491) snap= 0.282 srm=  7.861 sat=  7.060(set=0.185 slv=6.874 max=6.8744 n=1) cex=R/T/F=0/0/1 trsplit=0 sim=14.559(rmp=0.396 run=14.163 n=1 d=0) incr=loc/full/maxdirty/keys=0/0/0/0 chk= 0.000(d=1) stat= 0.163 rest= 0.316
  [bmc-incr i=1292 repr=1 active=471/175623 POs=1]
BMC : c =     469  cl =   4503  lit =  175622  p =     0  d =     0  f =     1  +  T =     0.03 sec
  [bmc-prof 1292] wall=  31.758 p=     1 | ifo=  0.747(sd=0.221 nx=0.000 tfo=0.033 cnt=0.493) snap= 0.293 srm=  8.231 sat=  7.304(set=0.193 slv=7.108 max=7.1082 n=1) cex=R/T/F=0/0/1 trsplit=0 sim=14.706(rmp=0.459 run=14.246 n=1 d=0) incr=loc/full/maxdirty/keys=0/0/0/0 chk= 0.000(d=1) stat= 0.160 rest= 0.317
  [bmc-incr i=1293 repr=1 active=470/175622 POs=1]
BMC : c =     468  cl =   4503  lit =  175621  p =     0  d =     0  f =     1  +  T =     0.03 sec
  [bmc-prof 1293] wall=  30.534 p=     1 | ifo=  0.733(sd=0.179 nx=0.000 tfo=0.026 cnt=0.529) snap= 0.290 srm=  7.953 sat=  7.021(set=0.199 slv=6.820 max=6.8202 n=1) cex=R/T/F=0/0/1 trsplit=0 sim=14.070(rmp=0.396 run=13.673 n=1 d=0) incr=loc/full/maxdirty/keys=0/0/0/0 chk= 0.000(d=1) stat= 0.165 rest= 0.301
  [bmc-incr i=1294 repr=1 active=469/175621 POs=1]
BMC : c =     467  cl =   4503  lit =  175620  p =     0  d =     0  f =     1  +  T =     0.03 sec
  [bmc-prof 1294] wall=  30.485 p=     1 | ifo=  0.675(sd=0.176 nx=0.000 tfo=0.022 cnt=0.478) snap= 0.291 srm=  8.001 sat=  6.991(set=0.192 slv=6.798 max=6.7979 n=1) cex=R/T/F=0/0/1 trsplit=0 sim=14.076(rmp=0.406 run=13.670 n=1 d=0) incr=loc/full/maxdirty/keys=0/0/0/0 chk= 0.000(d=1) stat= 0.160 rest= 0.290
  [bmc-incr i=1295 repr=1 active=468/175620 POs=1]
BMC : c =     466  cl =   4503  lit =  175619  p =     0  d =     0  f =     1  +  T =     0.03 sec
  [bmc-prof 1295] wall=  30.414 p=     1 | ifo=  0.671(sd=0.174 nx=0.000 tfo=0.019 cnt=0.477) snap= 0.290 srm=  7.895 sat=  7.046(set=0.185 slv=6.859 max=6.8585 n=1) cex=R/T/F=0/0/1 trsplit=0 sim=14.069(rmp=0.409 run=13.660 n=1 d=0) incr=loc/full/maxdirty/keys=0/0/0/0 chk= 0.000(d=1) stat= 0.153 rest= 0.289
  [bmc-incr i=1296 repr=1 active=467/175619 POs=1]
BMC : c =     465  cl =   4503  lit =  175618  p =     0  d =     0  f =     1  +  T =     0.03 sec
  [bmc-prof 1296] wall=  31.412 p=     1 | ifo=  0.677(sd=0.172 nx=0.000 tfo=0.019 cnt=0.486) snap= 0.347 srm=  8.549 sat=  7.094(set=0.226 slv=6.866 max=6.8660 n=1) cex=R/T/F=0/0/1 trsplit=0 sim=14.295(rmp=0.436 run=13.859 n=1 d=0) incr=loc/full/maxdirty/keys=0/0/0/0 chk= 0.000(d=1) stat= 0.155 rest= 0.295
  [bmc-incr i=1297 repr=1 active=466/175618 POs=1]
BMC : c =     464  cl =   4503  lit =  175617  p =     0  d =     0  f =     1  +  T =     0.03 sec
  [bmc-prof 1297] wall=  32.130 p=     1 | ifo=  0.683(sd=0.184 nx=0.000 tfo=0.020 cnt=0.479) snap= 0.284 srm=  8.343 sat=  7.044(set=0.186 slv=6.857 max=6.8566 n=1) cex=R/T/F=0/0/1 trsplit=0 sim=15.323(rmp=0.463 run=14.859 n=1 d=0) incr=loc/full/maxdirty/keys=0/0/0/0 chk= 0.001(d=1) stat= 0.158 rest= 0.295
  [bmc-incr i=1298 repr=1 active=465/175617 POs=1]
BMC : c =     463  cl =   4503  lit =  175616  p =     0  d =     0  f =     1  +  T =     0.03 sec
  [bmc-prof 1298] wall=  31.094 p=     1 | ifo=  0.740(sd=0.239 nx=0.000 tfo=0.023 cnt=0.478) snap= 0.286 srm=  8.096 sat=  7.235(set=0.218 slv=7.014 max=7.0138 n=1) cex=R/T/F=0/0/1 trsplit=0 sim=14.278(rmp=0.418 run=13.859 n=1 d=0) incr=loc/full/maxdirty/keys=0/0/0/0 chk= 0.000(d=1) stat= 0.162 rest= 0.297
  [bmc-incr i=1299 repr=1 active=464/175616 POs=1]
BMC : c =     462  cl =   4503  lit =  175615  p =     0  d =     0  f =     1  +  T =     0.03 sec
  [bmc-prof 1299] wall=  33.000 p=     1 | ifo=  0.705(sd=0.179 nx=0.000 tfo=0.022 cnt=0.504) snap= 0.336 srm=  8.230 sat=  9.085(set=0.223 slv=8.860 max=8.8602 n=1) cex=R/T/F=0/0/1 trsplit=0 sim=14.192(rmp=0.421 run=13.771 n=1 d=0) incr=loc/full/maxdirty/keys=0/0/0/0 chk= 0.000(d=1) stat= 0.158 rest= 0.294
  [bmc-incr i=1300 repr=1 active=463/175615 POs=1]
BMC : c =     461  cl =   4503  lit =  175614  p =     0  d =     0  f =     1  +  T =     0.03 sec
  [bmc-prof 1300] wall=  31.383 p=     1 | ifo=  1.479(sd=0.177 nx=0.000 tfo=0.022 cnt=1.280) snap= 0.282 srm=  7.962 sat=  7.046(set=0.195 slv=6.850 max=6.8496 n=1) cex=R/T/F=0/0/1 trsplit=0 sim=14.125(rmp=0.417 run=13.708 n=1 d=0) incr=loc/full/maxdirty/keys=0/0/0/0 chk= 0.000(d=1) stat= 0.179 rest= 0.309
  [bmc-incr i=1301 repr=1 active=462/175614 POs=1]
BMC : c =     460  cl =   4503  lit =  175613  p =     0  d =     0  f =     1  +  T =     0.03 sec
  [bmc-prof 1301] wall=  32.059 p=     1 | ifo=  0.715(sd=0.179 nx=0.000 tfo=0.023 cnt=0.514) snap= 0.308 srm=  8.295 sat=  7.299(set=0.393 slv=6.904 max=6.9037 n=1) cex=R/T/F=0/0/1 trsplit=0 sim=14.980(rmp=0.433 run=14.546 n=1 d=0) incr=loc/full/maxdirty/keys=0/0/0/0 chk= 0.000(d=1) stat= 0.157 rest= 0.305
  [bmc-incr i=1302 repr=1 active=461/175613 POs=1]
BMC : c =     459  cl =   4503  lit =  175612  p =     0  d =     0  f =     1  +  T =     0.03 sec
  [bmc-prof 1302] wall=  30.646 p=     1 | ifo=  0.690(sd=0.180 nx=0.000 tfo=0.023 cnt=0.487) snap= 0.287 srm=  7.845 sat=  7.032(set=0.190 slv=6.840 max=6.8400 n=1) cex=R/T/F=0/0/1 trsplit=0 sim=14.325(rmp=0.413 run=13.911 n=1 d=0) incr=loc/full/maxdirty/keys=0/0/0/0 chk= 0.000(d=1) stat= 0.167 rest= 0.299
  [bmc-incr i=1303 repr=1 active=460/175612 POs=1]
BMC : c =     458  cl =   4503  lit =  175611  p =     0  d =     0  f =     1  +  T =     0.03 sec
  [bmc-prof 1303] wall=  31.359 p=     1 | ifo=  0.702(sd=0.184 nx=0.000 tfo=0.021 cnt=0.497) snap= 0.303 srm=  8.005 sat=  7.154(set=0.189 slv=6.963 max=6.9635 n=1) cex=R/T/F=0/0/1 trsplit=0 sim=14.729(rmp=0.512 run=14.216 n=1 d=0) incr=loc/full/maxdirty/keys=0/0/0/0 chk= 0.000(d=1) stat= 0.159 rest= 0.305
  [bmc-incr i=1304 repr=1 active=459/175611 POs=1]
BMC : c =     457  cl =   4503  lit =  175610  p =     0  d =     0  f =     1  +  T =     0.03 sec
  [bmc-prof 1304] wall=  30.347 p=     1 | ifo=  0.686(sd=0.177 nx=0.000 tfo=0.029 cnt=0.480) snap= 0.284 srm=  7.920 sat=  7.032(set=0.185 slv=6.845 max=6.8446 n=1) cex=R/T/F=0/0/1 trsplit=0 sim=13.973(rmp=0.393 run=13.580 n=1 d=0) incr=loc/full/maxdirty/keys=0/0/0/0 chk= 0.000(d=1) stat= 0.163 rest= 0.288
  [bmc-incr i=1305 repr=1 active=458/175610 POs=1]
BMC : c =     456  cl =   4503  lit =  175609  p =     0  d =     0  f =     1  +  T =     0.03 sec
  [bmc-prof 1305] wall=  31.729 p=     1 | ifo=  0.675(sd=0.174 nx=0.000 tfo=0.024 cnt=0.477) snap= 0.279 srm=  7.812 sat=  7.702(set=0.192 slv=7.508 max=7.5076 n=1) cex=R/T/F=0/0/1 trsplit=0 sim=14.771(rmp=0.439 run=14.331 n=1 d=0) incr=loc/full/maxdirty/keys=0/0/0/0 chk= 0.000(d=1) stat= 0.173 rest= 0.316
  [bmc-incr i=1306 repr=1 active=457/175609 POs=1]
BMC : c =     455  cl =   4503  lit =  175608  p =     0  d =     0  f =     1  +  T =     0.03 sec
  [bmc-prof 1306] wall=  31.678 p=     1 | ifo=  0.716(sd=0.206 nx=0.000 tfo=0.023 cnt=0.487) snap= 0.282 srm=  8.223 sat=  7.490(set=0.198 slv=7.291 max=7.2907 n=1) cex=R/T/F=0/0/1 trsplit=0 sim=14.512(rmp=0.403 run=14.108 n=1 d=0) incr=loc/full/maxdirty/keys=0/0/0/0 chk= 0.000(d=1) stat= 0.157 rest= 0.297
  [bmc-incr i=1307 repr=1 active=456/175608 POs=1]
BMC : c =     454  cl =   4503  lit =  175607  p =     0  d =     0  f =     1  +  T =     0.03 sec
  [bmc-prof 1307] wall=  31.422 p=     1 | ifo=  0.686(sd=0.175 nx=0.000 tfo=0.023 cnt=0.488) snap= 0.282 srm=  7.739 sat=  7.725(set=0.185 slv=7.538 max=7.5377 n=1) cex=R/T/F=0/0/1 trsplit=0 sim=14.497(rmp=0.432 run=14.063 n=1 d=0) incr=loc/full/maxdirty/keys=0/0/0/0 chk= 0.000(d=1) stat= 0.164 rest= 0.329
  [bmc-incr i=1308 repr=1 active=455/175607 POs=1]
BMC : c =     453  cl =   4503  lit =  175606  p =     0  d =     0  f =     1  +  T =     0.03 sec
  [bmc-prof 1308] wall=  30.943 p=     1 | ifo=  0.694(sd=0.180 nx=0.000 tfo=0.023 cnt=0.491) snap= 0.290 srm=  7.983 sat=  7.108(set=0.197 slv=6.909 max=6.9088 n=1) cex=R/T/F=0/0/1 trsplit=0 sim=14.409(rmp=0.415 run=13.994 n=1 d=0) incr=loc/full/maxdirty/keys=0/0/0/0 chk= 0.000(d=1) stat= 0.158 rest= 0.302
  [bmc-incr i=1309 repr=1 active=454/175606 POs=1]
BMC : c =     452  cl =   4503  lit =  175605  p =     0  d =     0  f =     1  +  T =     0.03 sec
  [bmc-prof 1309] wall=  31.507 p=     1 | ifo=  0.713(sd=0.183 nx=0.000 tfo=0.025 cnt=0.504) snap= 0.301 srm=  8.725 sat=  7.090(set=0.193 slv=6.895 max=6.8947 n=1) cex=R/T/F=0/0/1 trsplit=0 sim=14.228(rmp=0.503 run=13.724 n=1 d=0) incr=loc/full/maxdirty/keys=0/0/0/0 chk= 0.000(d=1) stat= 0.156 rest= 0.294
  [bmc-incr i=1310 repr=1 active=453/175605 POs=1]
BMC : c =     451  cl =   4503  lit =  175604  p =     0  d =     0  f =     1  +  T =     0.03 sec
  [bmc-prof 1310] wall=  31.710 p=     1 | ifo=  0.769(sd=0.237 nx=0.000 tfo=0.043 cnt=0.490) snap= 0.283 srm=  8.094 sat=  7.332(set=0.203 slv=7.127 max=7.1270 n=1) cex=R/T/F=0/0/1 trsplit=0 sim=14.773(rmp=0.452 run=14.320 n=1 d=0) incr=loc/full/maxdirty/keys=0/0/0/0 chk= 0.000(d=1) stat= 0.158 rest= 0.301
  [bmc-incr i=1311 repr=1 active=452/175604 POs=1]
BMC : c =     450  cl =   4503  lit =  175603  p =     0  d =     0  f =     1  +  T =     0.03 sec
  [bmc-prof 1311] wall=  30.575 p=     1 | ifo=  0.737(sd=0.195 nx=0.000 tfo=0.033 cnt=0.510) snap= 0.283 srm=  7.813 sat=  7.250(set=0.187 slv=7.061 max=7.0612 n=1) cex=R/T/F=0/0/1 trsplit=0 sim=14.029(rmp=0.403 run=13.626 n=1 d=0) incr=loc/full/maxdirty/keys=0/0/0/0 chk= 0.000(d=1) stat= 0.163 rest= 0.299
  [bmc-incr i=1312 repr=1 active=451/175603 POs=1]
BMC : c =     449  cl =   4503  lit =  175602  p =     0  d =     0  f =     1  +  T =     0.03 sec
  [bmc-prof 1312] wall=  30.490 p=     1 | ifo=  0.679(sd=0.174 nx=0.000 tfo=0.021 cnt=0.484) snap= 0.301 srm=  7.861 sat=  7.173(set=0.194 slv=6.976 max=6.9764 n=1) cex=R/T/F=0/0/1 trsplit=0 sim=13.958(rmp=0.413 run=13.544 n=1 d=0) incr=loc/full/maxdirty/keys=0/0/0/0 chk= 0.000(d=1) stat= 0.183 rest= 0.335
  [bmc-incr i=1313 repr=1 active=450/175602 POs=1]
BMC : c =     448  cl =   4503  lit =  175601  p =     0  d =     0  f =     1  +  T =     0.04 sec
  [bmc-prof 1313] wall=  35.628 p=     1 | ifo=  0.786(sd=0.209 nx=0.000 tfo=0.022 cnt=0.554) snap= 0.327 srm= 12.200 sat=  7.365(set=0.206 slv=7.157 max=7.1574 n=1) cex=R/T/F=0/0/1 trsplit=0 sim=14.490(rmp=0.431 run=14.058 n=1 d=0) incr=loc/full/maxdirty/keys=0/0/0/0 chk= 0.000(d=1) stat= 0.157 rest= 0.302
  [bmc-incr i=1314 repr=1 active=449/175601 POs=1]
BMC : c =     447  cl =   4503  lit =  175600  p =     0  d =     0  f =     1  +  T =     0.03 sec
  [bmc-prof 1314] wall=  31.023 p=     1 | ifo=  0.687(sd=0.178 nx=0.000 tfo=0.021 cnt=0.488) snap= 0.333 srm=  7.919 sat=  7.207(set=0.196 slv=7.008 max=7.0084 n=1) cex=R/T/F=0/0/1 trsplit=0 sim=14.300(rmp=0.437 run=13.863 n=1 d=0) incr=loc/full/maxdirty/keys=0/0/0/0 chk= 0.000(d=1) stat= 0.200 rest= 0.378
  [bmc-incr i=1315 repr=1 active=448/175600 POs=1]
BMC : c =     446  cl =   4503  lit =  175599  p =     0  d =     0  f =     1  +  T =     0.03 sec
  [bmc-prof 1315] wall=  30.647 p=     1 | ifo=  0.690(sd=0.177 nx=0.000 tfo=0.025 cnt=0.488) snap= 0.306 srm=  7.877 sat=  7.065(set=0.189 slv=6.874 max=6.8743 n=1) cex=R/T/F=0/0/1 trsplit=0 sim=14.244(rmp=0.402 run=13.841 n=1 d=0) incr=loc/full/maxdirty/keys=0/0/0/0 chk= 0.000(d=1) stat= 0.158 rest= 0.306
  [bmc-incr i=1316 repr=1 active=447/175599 POs=1]
BMC : c =     445  cl =   4503  lit =  175598  p =     0  d =     0  f =     1  +  T =     0.03 sec
  [bmc-prof 1316] wall=  32.904 p=     1 | ifo=  0.673(sd=0.174 nx=0.000 tfo=0.020 cnt=0.479) snap= 0.284 srm=  9.488 sat=  7.114(set=0.191 slv=6.921 max=6.9210 n=1) cex=R/T/F=0/0/1 trsplit=0 sim=14.880(rmp=0.406 run=14.473 n=1 d=0) incr=loc/full/maxdirty/keys=0/0/0/0 chk= 0.000(d=1) stat= 0.173 rest= 0.293
  [bmc-incr i=1317 repr=1 active=446/175598 POs=1]
BMC : c =     444  cl =   4503  lit =  175597  p =     0  d =     0  f =     1  +  T =     0.04 sec
  [bmc-prof 1317] wall=  43.435 p=     1 | ifo=  0.678(sd=0.179 nx=0.000 tfo=0.019 cnt=0.480) snap= 1.057 srm=  8.947 sat= 16.077(set=0.535 slv=15.538 max=15.5383 n=1) cex=R/T/F=0/0/1 trsplit=0 sim=16.193(rmp=0.561 run=15.631 n=1 d=0) incr=loc/full/maxdirty/keys=0/0/0/0 chk= 0.000(d=1) stat= 0.156 rest= 0.328
  [bmc-incr i=1318 repr=1 active=445/175597 POs=1]
BMC : c =     443  cl =   4503  lit =  175596  p =     0  d =     0  f =     1  +  T =     0.03 sec
  [bmc-prof 1318] wall=  31.280 p=     1 | ifo=  0.696(sd=0.189 nx=0.000 tfo=0.023 cnt=0.484) snap= 0.282 srm=  8.054 sat=  7.161(set=0.203 slv=6.956 max=6.9563 n=1) cex=R/T/F=0/0/1 trsplit=0 sim=14.622(rmp=0.415 run=14.207 n=1 d=0) incr=loc/full/maxdirty/keys=0/0/0/0 chk= 0.000(d=1) stat= 0.158 rest= 0.307
  [bmc-incr i=1319 repr=1 active=444/175596 POs=1]
BMC : c =     442  cl =   4503  lit =  175595  p =     0  d =     0  f =     1  +  T =     0.03 sec
  [bmc-prof 1319] wall=  31.971 p=     1 | ifo=  0.704(sd=0.200 nx=0.000 tfo=0.023 cnt=0.481) snap= 0.313 srm=  8.002 sat=  7.174(set=0.215 slv=6.957 max=6.9574 n=1) cex=R/T/F=0/0/1 trsplit=0 sim=15.305(rmp=0.739 run=14.565 n=1 d=0) incr=loc/full/maxdirty/keys=0/0/0/0 chk= 0.000(d=1) stat= 0.158 rest= 0.314
  [bmc-incr i=1320 repr=1 active=443/175595 POs=1]
BMC : c =     441  cl =   4503  lit =  175594  p =     0  d =     0  f =     1  +  T =     0.03 sec
  [bmc-prof 1320] wall=  30.762 p=     1 | ifo=  0.681(sd=0.177 nx=0.000 tfo=0.025 cnt=0.479) snap= 0.294 srm=  8.137 sat=  7.213(set=0.201 slv=7.009 max=7.0094 n=1) cex=R/T/F=0/0/1 trsplit=0 sim=13.983(rmp=0.399 run=13.583 n=1 d=0) incr=loc/full/maxdirty/keys=0/0/0/0 chk= 0.000(d=1) stat= 0.165 rest= 0.290
  [bmc-incr i=1321 repr=1 active=442/175594 POs=1]
BMC : c =     440  cl =   4503  lit =  175593  p =     0  d =     0  f =     1  +  T =     0.03 sec
  [bmc-prof 1321] wall=  31.458 p=     1 | ifo=  0.676(sd=0.177 nx=0.000 tfo=0.020 cnt=0.478) snap= 0.287 srm=  8.493 sat=  7.125(set=0.198 slv=6.925 max=6.9251 n=1) cex=R/T/F=0/0/1 trsplit=0 sim=14.423(rmp=0.454 run=13.969 n=1 d=0) incr=loc/full/maxdirty/keys=0/0/0/0 chk= 0.000(d=1) stat= 0.156 rest= 0.299
  [bmc-incr i=1322 repr=1 active=441/175593 POs=1]
BMC : c =     439  cl =   4503  lit =  175592  p =     0  d =     0  f =     1  +  T =     0.03 sec
  [bmc-prof 1322] wall=  30.715 p=     1 | ifo=  0.756(sd=0.223 nx=0.000 tfo=0.035 cnt=0.498) snap= 0.283 srm=  7.888 sat=  7.202(set=0.189 slv=7.011 max=7.0114 n=1) cex=R/T/F=0/0/1 trsplit=0 sim=14.141(rmp=0.403 run=13.737 n=1 d=0) incr=loc/full/maxdirty/keys=0/0/0/0 chk= 0.000(d=1) stat= 0.156 rest= 0.289
  [bmc-incr i=1323 repr=1 active=440/175592 POs=1]
BMC : c =     438  cl =   4503  lit =  175591  p =     0  d =     0  f =     1  +  T =     0.03 sec
  [bmc-prof 1323] wall=  31.092 p=     1 | ifo=  0.679(sd=0.182 nx=0.000 tfo=0.019 cnt=0.478) snap= 0.292 srm=  7.921 sat=  7.502(set=0.191 slv=7.309 max=7.3086 n=1) cex=R/T/F=0/0/1 trsplit=0 sim=14.194(rmp=0.431 run=13.762 n=1 d=0) incr=loc/full/maxdirty/keys=0/0/0/0 chk= 0.000(d=1) stat= 0.209 rest= 0.294
  [bmc-incr i=1324 repr=1 active=439/175591 POs=1]
BMC : c =     437  cl =   4503  lit =  175590  p =     0  d =     0  f =     1  +  T =     0.03 sec
  [bmc-prof 1324] wall=  31.124 p=     1 | ifo=  0.680(sd=0.178 nx=0.000 tfo=0.019 cnt=0.484) snap= 0.323 srm=  7.824 sat=  7.198(set=0.188 slv=7.007 max=7.0072 n=1) cex=R/T/F=0/0/1 trsplit=0 sim=14.620(rmp=0.408 run=14.211 n=1 d=0) incr=loc/full/maxdirty/keys=0/0/0/0 chk= 0.000(d=1) stat= 0.165 rest= 0.313
  [bmc-incr i=1325 repr=1 active=438/175590 POs=1]
BMC : c =     436  cl =   4503  lit =  175589  p =     0  d =     0  f =     1  +  T =     0.03 sec
  [bmc-prof 1325] wall=  31.976 p=     1 | ifo=  0.686(sd=0.181 nx=0.000 tfo=0.022 cnt=0.483) snap= 0.296 srm=  8.911 sat=  7.229(set=0.203 slv=7.024 max=7.0241 n=1) cex=R/T/F=0/0/1 trsplit=0 sim=14.404(rmp=0.428 run=13.975 n=1 d=0) incr=loc/full/maxdirty/keys=0/0/0/0 chk= 0.000(d=1) stat= 0.157 rest= 0.292
  [bmc-incr i=1326 repr=1 active=437/175589 POs=1]
BMC : c =     435  cl =   4503  lit =  175588  p =     0  d =     0  f =     1  +  T =     0.03 sec
  [bmc-prof 1326] wall=  30.945 p=     1 | ifo=  0.707(sd=0.178 nx=0.000 tfo=0.022 cnt=0.507) snap= 0.336 srm=  7.957 sat=  7.297(set=0.236 slv=7.058 max=7.0582 n=1) cex=R/T/F=0/0/1 trsplit=0 sim=14.194(rmp=0.400 run=13.794 n=1 d=0) incr=loc/full/maxdirty/keys=0/0/0/0 chk= 0.000(d=1) stat= 0.162 rest= 0.292
  [bmc-incr i=1327 repr=1 active=436/175588 POs=1]
BMC : c =     434  cl =   4503  lit =  175587  p =     0  d =     0  f =     1  +  T =     0.03 sec
  [bmc-prof 1327] wall=  30.524 p=     1 | ifo=  0.679(sd=0.176 nx=0.000 tfo=0.019 cnt=0.484) snap= 0.290 srm=  7.965 sat=  7.087(set=0.188 slv=6.897 max=6.8973 n=1) cex=R/T/F=0/0/1 trsplit=0 sim=14.056(rmp=0.407 run=13.648 n=1 d=0) incr=loc/full/maxdirty/keys=0/0/0/0 chk= 0.000(d=1) stat= 0.154 rest= 0.293
  [bmc-incr i=1328 repr=1 active=435/175587 POs=1]
BMC : c =     433  cl =   4503  lit =  175586  p =     0  d =     0  f =     1  +  T =     0.03 sec
  [bmc-prof 1328] wall=  31.819 p=     1 | ifo=  0.681(sd=0.175 nx=0.000 tfo=0.018 cnt=0.488) snap= 0.291 srm=  8.152 sat=  7.200(set=0.214 slv=6.983 max=6.9831 n=1) cex=R/T/F=0/0/1 trsplit=0 sim=15.026(rmp=0.443 run=14.582 n=1 d=0) incr=loc/full/maxdirty/keys=0/0/0/0 chk= 0.000(d=1) stat= 0.171 rest= 0.297
  [bmc-incr i=1329 repr=1 active=434/175586 POs=1]
BMC : c =     432  cl =   4503  lit =  175585  p =     0  d =     0  f =     1  +  T =     0.04 sec
  [bmc-prof 1329] wall=  36.284 p=     1 | ifo=  0.733(sd=0.206 nx=0.000 tfo=0.043 cnt=0.484) snap= 0.344 srm=  8.196 sat= 11.549(set=0.219 slv=11.328 max=11.3277 n=1) cex=R/T/F=0/0/1 trsplit=0 sim=15.002(rmp=0.575 run=14.427 n=1 d=0) incr=loc/full/maxdirty/keys=0/0/0/0 chk= 0.000(d=1) stat= 0.154 rest= 0.306
  [bmc-incr i=1330 repr=1 active=433/175585 POs=1]
BMC : c =     431  cl =   4503  lit =  175584  p =     0  d =     0  f =     1  +  T =     0.03 sec
  [bmc-prof 1330] wall=  32.822 p=     1 | ifo=  0.744(sd=0.247 nx=0.000 tfo=0.019 cnt=0.478) snap= 0.293 srm=  9.374 sat=  7.347(set=0.241 slv=7.104 max=7.1038 n=1) cex=R/T/F=0/0/1 trsplit=0 sim=14.606(rmp=0.437 run=14.169 n=1 d=0) incr=loc/full/maxdirty/keys=0/0/0/0 chk= 0.000(d=1) stat= 0.158 rest= 0.300
  [bmc-incr i=1331 repr=1 active=432/175584 POs=1]
BMC : c =     430  cl =   4503  lit =  175583  p =     0  d =     0  f =     1  +  T =     0.03 sec
  [bmc-prof 1331] wall=  30.473 p=     1 | ifo=  0.682(sd=0.177 nx=0.000 tfo=0.025 cnt=0.480) snap= 0.291 srm=  7.824 sat=  7.097(set=0.189 slv=6.906 max=6.9062 n=1) cex=R/T/F=0/0/1 trsplit=0 sim=14.135(rmp=0.394 run=13.741 n=1 d=0) incr=loc/full/maxdirty/keys=0/0/0/0 chk= 0.000(d=1) stat= 0.155 rest= 0.290
  [bmc-incr i=1332 repr=1 active=431/175583 POs=1]
BMC : c =     429  cl =   4503  lit =  175582  p =     0  d =     0  f =     1  +  T =     0.03 sec
  [bmc-prof 1332] wall=  33.942 p=     1 | ifo=  1.356(sd=0.175 nx=0.000 tfo=0.017 cnt=1.163) snap= 0.405 srm= 10.379 sat=  7.125(set=0.216 slv=6.907 max=6.9074 n=1) cex=R/T/F=0/0/1 trsplit=0 sim=14.089(rmp=0.423 run=13.665 n=1 d=0) incr=loc/full/maxdirty/keys=0/0/0/0 chk= 0.000(d=1) stat= 0.175 rest= 0.413
  [bmc-incr i=1333 repr=1 active=430/175582 POs=1]
BMC : c =     428  cl =   4503  lit =  175581  p =     0  d =     0  f =     1  +  T =     0.03 sec
  [bmc-prof 1333] wall=  32.899 p=     1 | ifo=  0.702(sd=0.182 nx=0.000 tfo=0.021 cnt=0.499) snap= 0.288 srm=  9.005 sat=  7.835(set=0.206 slv=7.627 max=7.6272 n=1) cex=R/T/F=0/0/1 trsplit=0 sim=14.618(rmp=0.413 run=14.204 n=1 d=0) incr=loc/full/maxdirty/keys=0/0/0/0 chk= 0.000(d=1) stat= 0.154 rest= 0.296
  [bmc-incr i=1334 repr=1 active=429/175581 POs=1]
BMC : c =     427  cl =   4503  lit =  175580  p =     0  d =     0  f =     1  +  T =     0.03 sec
  [bmc-prof 1334] wall=  30.749 p=     1 | ifo=  0.695(sd=0.178 nx=0.000 tfo=0.022 cnt=0.496) snap= 0.283 srm=  7.850 sat=  7.336(set=0.185 slv=7.149 max=7.1494 n=1) cex=R/T/F=0/0/1 trsplit=0 sim=14.131(rmp=0.404 run=13.727 n=1 d=0) incr=loc/full/maxdirty/keys=0/0/0/0 chk= 0.000(d=1) stat= 0.163 rest= 0.291
  [bmc-incr i=1335 repr=1 active=428/175580 POs=1]
BMC : c =     426  cl =   4503  lit =  175579  p =     0  d =     0  f =     1  +  T =     0.03 sec
  [bmc-prof 1335] wall=  31.612 p=     1 | ifo=  0.675(sd=0.173 nx=0.000 tfo=0.015 cnt=0.487) snap= 0.285 srm=  7.771 sat=  7.972(set=0.189 slv=7.782 max=7.7818 n=1) cex=R/T/F=0/0/1 trsplit=0 sim=14.420(rmp=0.449 run=13.970 n=1 d=0) incr=loc/full/maxdirty/keys=0/0/0/0 chk= 0.000(d=1) stat= 0.160 rest= 0.329
  [bmc-incr i=1336 repr=1 active=427/175579 POs=1]
BMC : c =     425  cl =   4503  lit =  175578  p =     0  d =     0  f =     1  +  T =     0.03 sec
  [bmc-prof 1336] wall=  31.400 p=     1 | ifo=  0.690(sd=0.181 nx=0.000 tfo=0.022 cnt=0.487) snap= 0.289 srm=  8.004 sat=  7.281(set=0.224 slv=7.054 max=7.0542 n=1) cex=R/T/F=0/0/1 trsplit=0 sim=14.687(rmp=0.443 run=14.243 n=1 d=0) incr=loc/full/maxdirty/keys=0/0/0/0 chk= 0.000(d=1) stat= 0.155 rest= 0.294
  [bmc-incr i=1337 repr=1 active=426/175578 POs=1]
BMC : c =     424  cl =   4503  lit =  175577  p =     0  d =     0  f =     1  +  T =     0.03 sec
  [bmc-prof 1337] wall=  34.844 p=     1 | ifo=  0.697(sd=0.181 nx=0.000 tfo=0.023 cnt=0.493) snap= 0.305 srm= 10.954 sat=  7.765(set=0.217 slv=7.545 max=7.5453 n=1) cex=R/T/F=0/0/1 trsplit=0 sim=14.651(rmp=0.458 run=14.192 n=1 d=0) incr=loc/full/maxdirty/keys=0/0/0/0 chk= 0.000(d=1) stat= 0.158 rest= 0.314
  [bmc-incr i=1338 repr=1 active=425/175577 POs=1]
BMC : c =     423  cl =   4503  lit =  175576  p =     0  d =     0  f =     1  +  T =     0.03 sec
  [bmc-prof 1338] wall=  30.767 p=     1 | ifo=  0.693(sd=0.188 nx=0.000 tfo=0.024 cnt=0.481) snap= 0.285 srm=  8.047 sat=  7.252(set=0.200 slv=7.050 max=7.0502 n=1) cex=R/T/F=0/0/1 trsplit=0 sim=14.030(rmp=0.407 run=13.622 n=1 d=0) incr=loc/full/maxdirty/keys=0/0/0/0 chk= 0.000(d=1) stat= 0.157 rest= 0.303
  [bmc-incr i=1339 repr=1 active=424/175576 POs=1]
BMC : c =     422  cl =   4503  lit =  175575  p =     0  d =     0  f =     1  +  T =     0.03 sec
  [bmc-prof 1339] wall=  30.706 p=     1 | ifo=  0.688(sd=0.176 nx=0.000 tfo=0.021 cnt=0.491) snap= 0.383 srm=  7.820 sat=  7.224(set=0.191 slv=7.032 max=7.0320 n=1) cex=R/T/F=0/0/1 trsplit=0 sim=14.133(rmp=0.403 run=13.729 n=1 d=0) incr=loc/full/maxdirty/keys=0/0/0/0 chk= 0.000(d=1) stat= 0.162 rest= 0.294
  [bmc-incr i=1340 repr=1 active=423/175575 POs=1]
BMC : c =     421  cl =   4503  lit =  175574  p =     0  d =     0  f =     1  +  T =     0.03 sec
  [bmc-prof 1340] wall=  31.215 p=     1 | ifo=  0.676(sd=0.175 nx=0.000 tfo=0.018 cnt=0.482) snap= 0.286 srm=  7.940 sat=  7.253(set=0.189 slv=7.062 max=7.0621 n=1) cex=R/T/F=0/0/1 trsplit=0 sim=14.071(rmp=0.418 run=13.652 n=1 d=0) incr=loc/full/maxdirty/keys=0/0/0/0 chk= 0.000(d=1) stat= 0.564 rest= 0.426
  [bmc-incr i=1341 repr=1 active=422/175574 POs=1]
BMC : c =     420  cl =   4503  lit =  175573  p =     0  d =     0  f =     1  +  T =     0.03 sec
  [bmc-prof 1341] wall=  30.977 p=     1 | ifo=  0.844(sd=0.322 nx=0.000 tfo=0.021 cnt=0.501) snap= 0.309 srm=  8.078 sat=  7.208(set=0.197 slv=7.009 max=7.0087 n=1) cex=R/T/F=0/0/1 trsplit=0 sim=14.081(rmp=0.402 run=13.678 n=1 d=0) incr=loc/full/maxdirty/keys=0/0/0/0 chk= 0.000(d=1) stat= 0.155 rest= 0.301
  [bmc-incr i=1342 repr=1 active=421/175573 POs=1]
BMC : c =     419  cl =   4503  lit =  175572  p =     0  d =     0  f =     1  +  T =     0.03 sec
  [bmc-prof 1342] wall=  30.348 p=     1 | ifo=  0.676(sd=0.175 nx=0.000 tfo=0.021 cnt=0.479) snap= 0.295 srm=  7.813 sat=  7.112(set=0.186 slv=6.924 max=6.9244 n=1) cex=R/T/F=0/0/1 trsplit=0 sim=13.997(rmp=0.401 run=13.595 n=1 d=0) incr=loc/full/maxdirty/keys=0/0/0/0 chk= 0.000(d=1) stat= 0.165 rest= 0.289
  [bmc-incr i=1343 repr=1 active=420/175572 POs=1]
BMC : c =     418  cl =   4503  lit =  175571  p =     0  d =     0  f =     1  +  T =     0.03 sec
  [bmc-prof 1343] wall=  32.979 p=     1 | ifo=  0.676(sd=0.178 nx=0.000 tfo=0.016 cnt=0.481) snap= 0.282 srm=  7.929 sat=  9.595(set=0.187 slv=9.406 max=9.4060 n=1) cex=R/T/F=0/0/1 trsplit=0 sim=14.047(rmp=0.400 run=13.646 n=1 d=0) incr=loc/full/maxdirty/keys=0/0/0/0 chk= 0.000(d=1) stat= 0.160 rest= 0.291
  [bmc-incr i=1344 repr=1 active=419/175571 POs=1]
BMC : c =     417  cl =   4503  lit =  175570  p =     0  d =     0  f =     1  +  T =     0.03 sec
  [bmc-prof 1344] wall=  30.443 p=     1 | ifo=  0.671(sd=0.175 nx=0.000 tfo=0.017 cnt=0.479) snap= 0.281 srm=  7.867 sat=  7.133(set=0.189 slv=6.942 max=6.9425 n=1) cex=R/T/F=0/0/1 trsplit=0 sim=14.049(rmp=0.409 run=13.640 n=1 d=0) incr=loc/full/maxdirty/keys=0/0/0/0 chk= 0.000(d=1) stat= 0.153 rest= 0.288
  [bmc-incr i=1345 repr=1 active=418/175570 POs=1]
BMC : c =     416  cl =   4503  lit =  175569  p =     0  d =     0  f =     1  +  T =     0.03 sec
  [bmc-prof 1345] wall=  31.698 p=     1 | ifo=  0.676(sd=0.175 nx=0.000 tfo=0.016 cnt=0.485) snap= 0.308 srm=  8.074 sat=  7.231(set=0.194 slv=7.035 max=7.0351 n=1) cex=R/T/F=0/0/1 trsplit=0 sim=14.945(rmp=0.412 run=14.532 n=1 d=0) incr=loc/full/maxdirty/keys=0/0/0/0 chk= 0.000(d=1) stat= 0.165 rest= 0.299
  [bmc-incr i=1346 repr=1 active=417/175569 POs=1]
BMC : c =     415  cl =   4503  lit =  175568  p =     0  d =     0  f =     1  +  T =     0.03 sec
  [bmc-prof 1346] wall=  31.711 p=     1 | ifo=  0.694(sd=0.179 nx=0.000 tfo=0.021 cnt=0.494) snap= 0.296 srm=  8.194 sat=  7.446(set=0.203 slv=7.241 max=7.2410 n=1) cex=R/T/F=0/0/1 trsplit=0 sim=14.623(rmp=0.556 run=14.067 n=1 d=0) incr=loc/full/maxdirty/keys=0/0/0/0 chk= 0.000(d=1) stat= 0.156 rest= 0.302
  [bmc-incr i=1347 repr=1 active=416/175568 POs=1]
BMC : c =     414  cl =   4503  lit =  175567  p =     0  d =     0  f =     1  +  T =     0.03 sec
  [bmc-prof 1347] wall=  32.387 p=     1 | ifo=  0.779(sd=0.277 nx=0.000 tfo=0.022 cnt=0.480) snap= 0.449 srm=  7.892 sat=  7.478(set=0.217 slv=7.260 max=7.2596 n=1) cex=R/T/F=0/0/1 trsplit=0 sim=15.301(rmp=1.158 run=14.143 n=1 d=0) incr=loc/full/maxdirty/keys=0/0/0/0 chk= 0.000(d=1) stat= 0.164 rest= 0.324
  [bmc-incr i=1348 repr=1 active=415/175567 POs=1]
BMC : c =     413  cl =   4503  lit =  175566  p =     0  d =     0  f =     1  +  T =     0.03 sec
  [bmc-prof 1348] wall=  31.361 p=     1 | ifo=  0.741(sd=0.236 nx=0.000 tfo=0.024 cnt=0.481) snap= 0.288 srm=  7.849 sat=  7.141(set=0.189 slv=6.950 max=6.9501 n=1) cex=R/T/F=0/0/1 trsplit=0 sim=14.856(rmp=0.395 run=14.460 n=1 d=0) incr=loc/full/maxdirty/keys=0/0/0/0 chk= 0.000(d=1) stat= 0.162 rest= 0.325
  [bmc-incr i=1349 repr=1 active=414/175566 POs=1]
BMC : c =     412  cl =   4503  lit =  175565  p =     0  d =     0  f =     1  +  T =     0.03 sec
  [bmc-prof 1349] wall=  30.882 p=     1 | ifo=  0.682(sd=0.181 nx=0.000 tfo=0.023 cnt=0.479) snap= 0.305 srm=  7.969 sat=  7.245(set=0.199 slv=7.043 max=7.0433 n=1) cex=R/T/F=0/0/1 trsplit=0 sim=14.227(rmp=0.400 run=13.827 n=1 d=0) incr=loc/full/maxdirty/keys=0/0/0/0 chk= 0.000(d=1) stat= 0.154 rest= 0.300
  [bmc-incr i=1350 repr=1 active=413/175565 POs=1]
BMC : c =     411  cl =   4503  lit =  175564  p =     0  d =     0  f =     1  +  T =     0.03 sec
  [bmc-prof 1350] wall=  31.178 p=     1 | ifo=  0.700(sd=0.186 nx=0.000 tfo=0.027 cnt=0.487) snap= 0.297 srm=  8.568 sat=  7.145(set=0.187 slv=6.957 max=6.9567 n=1) cex=R/T/F=0/0/1 trsplit=0 sim=14.023(rmp=0.407 run=13.616 n=1 d=0) incr=loc/full/maxdirty/keys=0/0/0/0 chk= 0.000(d=1) stat= 0.154 rest= 0.291
  [bmc-incr i=1351 repr=1 active=412/175564 POs=1]
BMC : c =     410  cl =   4503  lit =  175563  p =     0  d =     0  f =     1  +  T =     0.04 sec
  [bmc-prof 1351] wall=  37.600 p=     1 | ifo=  0.718(sd=0.205 nx=0.000 tfo=0.027 cnt=0.487) snap= 0.307 srm= 14.281 sat=  7.212(set=0.227 slv=6.983 max=6.9833 n=1) cex=R/T/F=0/0/1 trsplit=0 sim=14.611(rmp=0.473 run=14.137 n=1 d=0) incr=loc/full/maxdirty/keys=0/0/0/0 chk= 0.000(d=1) stat= 0.164 rest= 0.307
  [bmc-incr i=1352 repr=1 active=411/175563 POs=1]
BMC : c =     409  cl =   4503  lit =  175562  p =     0  d =     0  f =     1  +  T =     0.03 sec
  [bmc-prof 1352] wall=  31.082 p=     1 | ifo=  0.681(sd=0.178 nx=0.000 tfo=0.022 cnt=0.481) snap= 0.281 srm=  7.824 sat=  7.173(set=0.204 slv=6.967 max=6.9671 n=1) cex=R/T/F=0/0/1 trsplit=0 sim=14.635(rmp=0.393 run=14.241 n=1 d=0) incr=loc/full/maxdirty/keys=0/0/0/0 chk= 0.000(d=1) stat= 0.172 rest= 0.316
  [bmc-incr i=1353 repr=1 active=410/175562 POs=1]
BMC : c =     408  cl =   4503  lit =  175561  p =     0  d =     0  f =     1  +  T =     0.03 sec
  [bmc-prof 1353] wall=  34.051 p=     1 | ifo=  0.702(sd=0.182 nx=0.000 tfo=0.021 cnt=0.499) snap= 0.287 srm=  8.403 sat=  9.008(set=0.202 slv=8.805 max=8.8048 n=1) cex=R/T/F=0/0/1 trsplit=0 sim=15.201(rmp=0.422 run=14.778 n=1 d=0) incr=loc/full/maxdirty/keys=0/0/0/0 chk= 0.000(d=1) stat= 0.156 rest= 0.295
  [bmc-incr i=1354 repr=1 active=409/175561 POs=1]
BMC : c =     407  cl =   4503  lit =  175560  p =     0  d =     0  f =     1  +  T =     0.03 sec
  [bmc-prof 1354] wall=  32.022 p=     1 | ifo=  0.723(sd=0.194 nx=0.000 tfo=0.022 cnt=0.507) snap= 0.294 srm=  7.896 sat=  8.183(set=0.196 slv=7.985 max=7.9850 n=1) cex=R/T/F=0/0/1 trsplit=0 sim=14.462(rmp=0.424 run=14.037 n=1 d=0) incr=loc/full/maxdirty/keys=0/0/0/0 chk= 0.000(d=1) stat= 0.160 rest= 0.305
  [bmc-incr i=1355 repr=1 active=408/175560 POs=1]
BMC : c =     406  cl =   4503  lit =  175559  p =     0  d =     0  f =     1  +  T =     0.03 sec
  [bmc-prof 1355] wall=  30.792 p=     1 | ifo=  0.704(sd=0.181 nx=0.000 tfo=0.021 cnt=0.502) snap= 0.294 srm=  7.907 sat=  7.308(set=0.196 slv=7.110 max=7.1097 n=1) cex=R/T/F=0/0/1 trsplit=0 sim=14.125(rmp=0.401 run=13.723 n=1 d=0) incr=loc/full/maxdirty/keys=0/0/0/0 chk= 0.000(d=1) stat= 0.164 rest= 0.290
  [bmc-incr i=1356 repr=1 active=407/175559 POs=1]
BMC : c =     405  cl =   4503  lit =  175558  p =     0  d =     0  f =     1  +  T =     0.03 sec
  [bmc-prof 1356] wall=  30.740 p=     1 | ifo=  0.672(sd=0.174 nx=0.000 tfo=0.020 cnt=0.477) snap= 0.298 srm=  7.733 sat=  7.293(set=0.186 slv=7.104 max=7.1043 n=1) cex=R/T/F=0/0/1 trsplit=0 sim=14.285(rmp=0.430 run=13.855 n=1 d=0) incr=loc/full/maxdirty/keys=0/0/0/0 chk= 0.000(d=1) stat= 0.155 rest= 0.305
  [bmc-incr i=1357 repr=1 active=406/175558 POs=1]
BMC : c =     404  cl =   4503  lit =  175557  p =     0  d =     0  f =     1  +  T =     0.03 sec
  [bmc-prof 1357] wall=  30.557 p=     1 | ifo=  0.688(sd=0.185 nx=0.000 tfo=0.023 cnt=0.480) snap= 0.406 srm=  7.833 sat=  7.181(set=0.189 slv=6.990 max=6.9897 n=1) cex=R/T/F=0/0/1 trsplit=0 sim=14.002(rmp=0.406 run=13.596 n=1 d=0) incr=loc/full/maxdirty/keys=0/0/0/0 chk= 0.000(d=1) stat= 0.155 rest= 0.291
  [bmc-incr i=1358 repr=1 active=405/175557 POs=1]
BMC : c =     403  cl =   4503  lit =  175556  p =     0  d =     0  f =     1  +  T =     0.03 sec
  [bmc-prof 1358] wall=  30.582 p=     1 | ifo=  0.692(sd=0.178 nx=0.000 tfo=0.020 cnt=0.494) snap= 0.290 srm=  7.930 sat=  7.263(set=0.201 slv=7.060 max=7.0602 n=1) cex=R/T/F=0/0/1 trsplit=0 sim=13.957(rmp=0.397 run=13.560 n=1 d=0) incr=loc/full/maxdirty/keys=0/0/0/0 chk= 0.000(d=1) stat= 0.152 rest= 0.296
  [bmc-incr i=1359 repr=1 active=404/175556 POs=1]
BMC : c =     402  cl =   4503  lit =  175555  p =     0  d =     0  f =     1  +  T =     0.03 sec
  [bmc-prof 1359] wall=  30.901 p=     1 | ifo=  0.667(sd=0.174 nx=0.000 tfo=0.017 cnt=0.476) snap= 0.285 srm=  8.007 sat=  7.355(set=0.189 slv=7.165 max=7.1647 n=1) cex=R/T/F=0/0/1 trsplit=0 sim=14.142(rmp=0.400 run=13.741 n=1 d=0) incr=loc/full/maxdirty/keys=0/0/0/0 chk= 0.000(d=1) stat= 0.155 rest= 0.290
  [bmc-incr i=1360 repr=1 active=403/175555 POs=1]
BMC : c =     401  cl =   4503  lit =  175554  p =     0  d =     0  f =     1  +  T =     0.03 sec
  [bmc-prof 1360] wall=  30.683 p=     1 | ifo=  0.679(sd=0.175 nx=0.000 tfo=0.016 cnt=0.487) snap= 0.311 srm=  7.862 sat=  7.271(set=0.187 slv=7.082 max=7.0823 n=1) cex=R/T/F=0/0/1 trsplit=0 sim=14.101(rmp=0.398 run=13.703 n=1 d=0) incr=loc/full/maxdirty/keys=0/0/0/0 chk= 0.001(d=1) stat= 0.167 rest= 0.291
  [bmc-incr i=1361 repr=1 active=402/175554 POs=1]
BMC : c =     400  cl =   4503  lit =  175553  p =     0  d =     0  f =     1  +  T =     0.03 sec
  [bmc-prof 1361] wall=  30.731 p=     1 | ifo=  0.709(sd=0.196 nx=0.000 tfo=0.025 cnt=0.488) snap= 0.283 srm=  7.958 sat=  7.270(set=0.196 slv=7.072 max=7.0722 n=1) cex=R/T/F=0/0/1 trsplit=0 sim=14.038(rmp=0.404 run=13.633 n=1 d=0) incr=loc/full/maxdirty/keys=0/0/0/0 chk= 0.000(d=1) stat= 0.158 rest= 0.314
  [bmc-incr i=1362 repr=1 active=401/175553 POs=1]
BMC : c =     399  cl =   4503  lit =  175552  p =     0  d =     0  f =     1  +  T =     0.03 sec
  [bmc-prof 1362] wall=  31.508 p=     1 | ifo=  0.688(sd=0.187 nx=0.000 tfo=0.018 cnt=0.483) snap= 0.287 srm=  8.755 sat=  7.203(set=0.201 slv=7.000 max=7.0002 n=1) cex=R/T/F=0/0/1 trsplit=0 sim=14.113(rmp=0.414 run=13.698 n=1 d=0) incr=loc/full/maxdirty/keys=0/0/0/0 chk= 0.000(d=1) stat= 0.157 rest= 0.306
  [bmc-incr i=1363 repr=1 active=400/175552 POs=1]
BMC : c =     398  cl =   4503  lit =  175551  p =     0  d =     0  f =     1  +  T =     0.03 sec
  [bmc-prof 1363] wall=  31.586 p=     1 | ifo=  0.677(sd=0.177 nx=0.000 tfo=0.020 cnt=0.480) snap= 0.284 srm=  8.086 sat=  7.559(set=0.208 slv=7.349 max=7.3488 n=1) cex=R/T/F=0/0/1 trsplit=0 sim=14.511(rmp=0.419 run=14.091 n=1 d=0) incr=loc/full/maxdirty/keys=0/0/0/0 chk= 0.000(d=1) stat= 0.164 rest= 0.306
  [bmc-incr i=1364 repr=1 active=399/175551 POs=1]
BMC : c =     397  cl =   4503  lit =  175550  p =     0  d =     0  f =     1  +  T =     0.03 sec
  [bmc-prof 1364] wall=  33.557 p=     1 | ifo=  0.681(sd=0.178 nx=0.000 tfo=0.021 cnt=0.482) snap= 0.286 srm=  8.035 sat=  9.155(set=0.192 slv=8.960 max=8.9599 n=1) cex=R/T/F=0/0/1 trsplit=0 sim=14.919(rmp=0.472 run=14.447 n=1 d=0) incr=loc/full/maxdirty/keys=0/0/0/0 chk= 0.000(d=1) stat= 0.160 rest= 0.321
  [bmc-incr i=1365 repr=1 active=398/175550 POs=1]
BMC : c =     396  cl =   4503  lit =  175549  p =     0  d =     0  f =     1  +  T =     0.03 sec
  [bmc-prof 1365] wall=  30.719 p=     1 | ifo=  0.691(sd=0.188 nx=0.000 tfo=0.022 cnt=0.481) snap= 0.283 srm=  7.868 sat=  7.224(set=0.190 slv=7.032 max=7.0320 n=1) cex=R/T/F=0/0/1 trsplit=0 sim=14.203(rmp=0.394 run=13.809 n=1 d=0) incr=loc/full/maxdirty/keys=0/0/0/0 chk= 0.000(d=1) stat= 0.160 rest= 0.290
  [bmc-incr i=1366 repr=1 active=397/175549 POs=1]
BMC : c =     395  cl =   4503  lit =  175548  p =     0  d =     0  f =     1  +  T =     0.03 sec
  [bmc-prof 1366] wall=  30.935 p=     1 | ifo=  0.682(sd=0.175 nx=0.000 tfo=0.020 cnt=0.487) snap= 0.288 srm=  7.826 sat=  7.206(set=0.189 slv=7.015 max=7.0148 n=1) cex=R/T/F=0/0/1 trsplit=0 sim=14.477(rmp=0.396 run=14.081 n=1 d=0) incr=loc/full/maxdirty/keys=0/0/0/0 chk= 0.000(d=1) stat= 0.155 rest= 0.300
  [bmc-incr i=1367 repr=1 active=396/175548 POs=1]
BMC : c =     394  cl =   4503  lit =  175547  p =     0  d =     0  f =     1  +  T =     0.04 sec
  [bmc-prof 1367] wall=  36.024 p=     1 | ifo=  0.718(sd=0.179 nx=0.000 tfo=0.021 cnt=0.518) snap= 0.301 srm=  8.557 sat=  9.851(set=0.229 slv=9.620 max=9.6203 n=1) cex=R/T/F=0/0/1 trsplit=0 sim=16.067(rmp=0.414 run=15.653 n=1 d=0) incr=loc/full/maxdirty/keys=0/0/0/0 chk= 0.000(d=1) stat= 0.230 rest= 0.300
  [bmc-incr i=1368 repr=1 active=395/175547 POs=1]
BMC : c =     393  cl =   4503  lit =  175546  p =     0  d =     0  f =     1  +  T =     0.03 sec
  [bmc-prof 1368] wall=  31.417 p=     1 | ifo=  0.682(sd=0.180 nx=0.000 tfo=0.022 cnt=0.480) snap= 0.282 srm=  7.726 sat=  7.195(set=0.199 slv=6.995 max=6.9952 n=1) cex=R/T/F=0/0/1 trsplit=0 sim=14.075(rmp=0.403 run=13.671 n=1 d=0) incr=loc/full/maxdirty/keys=0/0/0/0 chk= 0.001(d=1) stat= 0.379 rest= 1.077
  [bmc-incr i=1369 repr=1 active=394/175546 POs=1]
BMC : c =     392  cl =   4503  lit =  175545  p =     0  d =     0  f =     1  +  T =     0.03 sec
  [bmc-prof 1369] wall=  32.507 p=     1 | ifo=  0.680(sd=0.178 nx=0.000 tfo=0.022 cnt=0.480) snap= 0.309 srm=  9.470 sat=  7.223(set=0.199 slv=7.021 max=7.0214 n=1) cex=R/T/F=0/0/1 trsplit=0 sim=14.379(rmp=0.421 run=13.957 n=1 d=0) incr=loc/full/maxdirty/keys=0/0/0/0 chk= 0.000(d=1) stat= 0.155 rest= 0.291
  [bmc-incr i=1370 repr=1 active=393/175545 POs=1]
BMC : c =     391  cl =   4503  lit =  175544  p =     0  d =     0  f =     1  +  T =     0.03 sec
  [bmc-prof 1370] wall=  30.546 p=     1 | ifo=  0.747(sd=0.174 nx=0.000 tfo=0.020 cnt=0.553) snap= 0.282 srm=  7.803 sat=  7.207(set=0.190 slv=7.016 max=7.0155 n=1) cex=R/T/F=0/0/1 trsplit=0 sim=14.063(rmp=0.394 run=13.668 n=1 d=0) incr=loc/full/maxdirty/keys=0/0/0/0 chk= 0.000(d=1) stat= 0.155 rest= 0.289
  [bmc-incr i=1371 repr=1 active=392/175544 POs=1]
BMC : c =     390  cl =   4503  lit =  175543  p =     0  d =     0  f =     1  +  T =     0.03 sec
  [bmc-prof 1371] wall=  30.677 p=     1 | ifo=  0.681(sd=0.175 nx=0.000 tfo=0.023 cnt=0.483) snap= 0.294 srm=  7.820 sat=  7.294(set=0.193 slv=7.100 max=7.0998 n=1) cex=R/T/F=0/0/1 trsplit=0 sim=14.139(rmp=0.489 run=13.649 n=1 d=0) incr=loc/full/maxdirty/keys=0/0/0/0 chk= 0.000(d=1) stat= 0.154 rest= 0.295
  [bmc-incr i=1372 repr=1 active=391/175543 POs=1]
BMC : c =     389  cl =   4503  lit =  175542  p =     0  d =     0  f =     1  +  T =     0.03 sec
  [bmc-prof 1372] wall=  32.197 p=     1 | ifo=  0.671(sd=0.176 nx=0.000 tfo=0.017 cnt=0.477) snap= 0.286 srm=  8.083 sat=  8.149(set=0.217 slv=7.929 max=7.9294 n=1) cex=R/T/F=0/0/1 trsplit=0 sim=14.539(rmp=0.442 run=14.096 n=1 d=0) incr=loc/full/maxdirty/keys=0/0/0/0 chk= 0.000(d=1) stat= 0.158 rest= 0.311
  [bmc-incr i=1373 repr=1 active=390/175542 POs=1]
BMC : c =     388  cl =   4503  lit =  175541  p =     0  d =     0  f =     1  +  T =     0.03 sec
  [bmc-prof 1373] wall=  31.562 p=     1 | ifo=  0.694(sd=0.180 nx=0.000 tfo=0.023 cnt=0.492) snap= 0.283 srm=  8.051 sat=  7.313(set=0.201 slv=7.111 max=7.1107 n=1) cex=R/T/F=0/0/1 trsplit=0 sim=14.770(rmp=0.417 run=14.353 n=1 d=0) incr=loc/full/maxdirty/keys=0/0/0/0 chk= 0.000(d=1) stat= 0.153 rest= 0.296
  [bmc-incr i=1374 repr=1 active=389/175541 POs=1]
BMC : c =     387  cl =   4503  lit =  175540  p =     0  d =     0  f =     1  +  T =     0.03 sec
  [bmc-prof 1374] wall=  30.518 p=     1 | ifo=  0.683(sd=0.177 nx=0.000 tfo=0.019 cnt=0.486) snap= 0.299 srm=  7.818 sat=  7.304(set=0.194 slv=7.108 max=7.1081 n=1) cex=R/T/F=0/0/1 trsplit=0 sim=13.965(rmp=0.400 run=13.565 n=1 d=0) incr=loc/full/maxdirty/keys=0/0/0/0 chk= 0.000(d=1) stat= 0.154 rest= 0.296
  [bmc-incr i=1375 repr=1 active=388/175540 POs=1]
BMC : c =     386  cl =   4503  lit =  175539  p =     0  d =     0  f =     1  +  T =     0.03 sec
  [bmc-prof 1375] wall=  31.235 p=     1 | ifo=  0.666(sd=0.173 nx=0.000 tfo=0.016 cnt=0.477) snap= 0.299 srm=  7.882 sat=  7.366(set=0.187 slv=7.177 max=7.1770 n=1) cex=R/T/F=0/0/1 trsplit=0 sim=14.553(rmp=0.396 run=14.156 n=1 d=0) incr=loc/full/maxdirty/keys=0/0/0/0 chk= 0.000(d=1) stat= 0.174 rest= 0.293
  [bmc-incr i=1376 repr=1 active=387/175539 POs=1]
BMC : c =     385  cl =   4503  lit =  175538  p =     0  d =     0  f =     1  +  T =     0.03 sec
  [bmc-prof 1376] wall=  30.877 p=     1 | ifo=  0.699(sd=0.183 nx=0.000 tfo=0.020 cnt=0.495) snap= 0.285 srm=  8.036 sat=  7.339(set=0.196 slv=7.142 max=7.1421 n=1) cex=R/T/F=0/0/1 trsplit=0 sim=14.074(rmp=0.399 run=13.675 n=1 d=0) incr=loc/full/maxdirty/keys=0/0/0/0 chk= 0.000(d=1) stat= 0.153 rest= 0.290
  [bmc-incr i=1377 repr=1 active=386/175538 POs=1]
BMC : c =     384  cl =   4503  lit =  175537  p =     0  d =     0  f =     1  +  T =     0.03 sec
  [bmc-prof 1377] wall=  30.768 p=     1 | ifo=  0.674(sd=0.174 nx=0.000 tfo=0.019 cnt=0.481) snap= 0.372 srm=  7.815 sat=  7.279(set=0.187 slv=7.091 max=7.0912 n=1) cex=R/T/F=0/0/1 trsplit=0 sim=14.168(rmp=0.402 run=13.765 n=1 d=0) incr=loc/full/maxdirty/keys=0/0/0/0 chk= 0.000(d=1) stat= 0.158 rest= 0.301
  [bmc-incr i=1378 repr=1 active=385/175537 POs=1]
BMC : c =     383  cl =   4503  lit =  175536  p =     0  d =     0  f =     1  +  T =     0.04 sec
  [bmc-prof 1378] wall=  36.210 p=     1 | ifo=  0.686(sd=0.178 nx=0.000 tfo=0.020 cnt=0.488) snap= 0.285 srm= 12.188 sat=  8.522(set=0.470 slv=8.049 max=8.0491 n=1) cex=R/T/F=0/0/1 trsplit=0 sim=14.050(rmp=0.412 run=13.638 n=1 d=0) incr=loc/full/maxdirty/keys=0/0/0/0 chk= 0.000(d=1) stat= 0.184 rest= 0.295
  [bmc-incr i=1379 repr=1 active=384/175536 POs=1]
BMC : c =     382  cl =   4503  lit =  175535  p =     0  d =     0  f =     1  +  T =     0.03 sec
  [bmc-prof 1379] wall=  31.746 p=     1 | ifo=  0.676(sd=0.180 nx=0.000 tfo=0.020 cnt=0.476) snap= 0.339 srm=  8.447 sat=  7.701(set=0.215 slv=7.485 max=7.4850 n=1) cex=R/T/F=0/0/1 trsplit=0 sim=14.131(rmp=0.439 run=13.691 n=1 d=0) incr=loc/full/maxdirty/keys=0/0/0/0 chk= 0.000(d=1) stat= 0.158 rest= 0.295
  [bmc-incr i=1380 repr=1 active=383/175535 POs=1]
BMC : c =     381  cl =   4503  lit =  175534  p =     0  d =     0  f =     1  +  T =     0.03 sec
  [bmc-prof 1380] wall=  31.399 p=     1 | ifo=  0.721(sd=0.203 nx=0.000 tfo=0.023 cnt=0.494) snap= 0.288 srm=  8.005 sat=  7.251(set=0.217 slv=7.031 max=7.0314 n=1) cex=R/T/F=0/0/1 trsplit=0 sim=14.667(rmp=0.462 run=14.205 n=1 d=0) incr=loc/full/maxdirty/keys=0/0/0/0 chk= 0.000(d=1) stat= 0.161 rest= 0.306
  [bmc-incr i=1381 repr=1 active=382/175534 POs=1]
BMC : c =     380  cl =   4503  lit =  175533  p =     0  d =     0  f =     1  +  T =     0.03 sec
  [bmc-prof 1381] wall=  31.971 p=     1 | ifo=  0.696(sd=0.182 nx=0.000 tfo=0.023 cnt=0.491) snap= 0.330 srm=  8.337 sat=  7.365(set=0.227 slv=7.135 max=7.1349 n=1) cex=R/T/F=0/0/1 trsplit=0 sim=14.756(rmp=0.417 run=14.338 n=1 d=0) incr=loc/full/maxdirty/keys=0/0/0/0 chk= 0.000(d=1) stat= 0.167 rest= 0.320
  [bmc-incr i=1382 repr=1 active=381/175533 POs=1]
BMC : c =     379  cl =   4503  lit =  175532  p =     0  d =     0  f =     1  +  T =     0.03 sec
  [bmc-prof 1382] wall=  31.531 p=     1 | ifo=  0.781(sd=0.217 nx=0.000 tfo=0.033 cnt=0.531) snap= 0.288 srm=  8.168 sat=  7.245(set=0.193 slv=7.050 max=7.0505 n=1) cex=R/T/F=0/0/1 trsplit=0 sim=14.572(rmp=0.428 run=14.144 n=1 d=0) incr=loc/full/maxdirty/keys=0/0/0/0 chk= 0.000(d=1) stat= 0.161 rest= 0.315
  [bmc-incr i=1383 repr=1 active=380/175532 POs=1]
BMC : c =     378  cl =   4503  lit =  175531  p =     0  d =     0  f =     1  +  T =     0.03 sec
  [bmc-prof 1383] wall=  31.119 p=     1 | ifo=  0.681(sd=0.179 nx=0.000 tfo=0.022 cnt=0.479) snap= 0.289 srm=  8.018 sat=  7.306(set=0.196 slv=7.108 max=7.1077 n=1) cex=R/T/F=0/0/1 trsplit=0 sim=14.369(rmp=0.403 run=13.966 n=1 d=0) incr=loc/full/maxdirty/keys=0/0/0/0 chk= 0.000(d=1) stat= 0.154 rest= 0.302
  [bmc-incr i=1384 repr=1 active=379/175531 POs=1]
BMC : c =     377  cl =   4503  lit =  175530  p =     0  d =     0  f =     1  +  T =     0.03 sec
  [bmc-prof 1384] wall=  30.906 p=     1 | ifo=  0.673(sd=0.177 nx=0.000 tfo=0.019 cnt=0.477) snap= 0.281 srm=  7.788 sat=  7.232(set=0.186 slv=7.044 max=7.0442 n=1) cex=R/T/F=0/0/1 trsplit=0 sim=14.464(rmp=0.409 run=14.054 n=1 d=0) incr=loc/full/maxdirty/keys=0/0/0/0 chk= 0.000(d=1) stat= 0.160 rest= 0.307
  [bmc-incr i=1385 repr=1 active=378/175530 POs=1]
BMC : c =     376  cl =   4503  lit =  175529  p =     0  d =     0  f =     1  +  T =     0.03 sec
  [bmc-prof 1385] wall=  31.247 p=     1 | ifo=  0.691(sd=0.191 nx=0.000 tfo=0.021 cnt=0.479) snap= 0.291 srm=  8.009 sat=  7.305(set=0.197 slv=7.107 max=7.1069 n=1) cex=R/T/F=0/0/1 trsplit=0 sim=14.494(rmp=0.398 run=14.096 n=1 d=0) incr=loc/full/maxdirty/keys=0/0/0/0 chk= 0.000(d=1) stat= 0.167 rest= 0.290
  [bmc-incr i=1386 repr=1 active=377/175529 POs=1]
BMC : c =     375  cl =   4503  lit =  175528  p =     0  d =     0  f =     1  +  T =     0.03 sec
  [bmc-prof 1386] wall=  31.758 p=     1 | ifo=  0.701(sd=0.174 nx=0.000 tfo=0.023 cnt=0.504) snap= 0.283 srm=  7.907 sat=  7.260(set=0.187 slv=7.071 max=7.0708 n=1) cex=R/T/F=0/0/1 trsplit=0 sim=15.137(rmp=0.467 run=14.669 n=1 d=0) incr=loc/full/maxdirty/keys=0/0/0/0 chk= 0.000(d=1) stat= 0.160 rest= 0.310
  [bmc-incr i=1387 repr=1 active=376/175528 POs=1]
BMC : c =     374  cl =   4503  lit =  175527  p =     0  d =     0  f =     1  +  T =     0.03 sec
  [bmc-prof 1387] wall=  31.056 p=     1 | ifo=  0.693(sd=0.182 nx=0.000 tfo=0.019 cnt=0.492) snap= 0.284 srm=  8.069 sat=  7.300(set=0.198 slv=7.100 max=7.1004 n=1) cex=R/T/F=0/0/1 trsplit=0 sim=14.265(rmp=0.397 run=13.867 n=1 d=0) incr=loc/full/maxdirty/keys=0/0/0/0 chk= 0.000(d=1) stat= 0.156 rest= 0.289
  [bmc-incr i=1388 repr=1 active=375/175527 POs=1]
BMC : c =     373  cl =   4503  lit =  175526  p =     0  d =     0  f =     1  +  T =     0.03 sec
  [bmc-prof 1388] wall=  33.557 p=     1 | ifo=  0.710(sd=0.178 nx=0.000 tfo=0.018 cnt=0.513) snap= 0.288 srm=  8.201 sat=  9.634(set=0.215 slv=9.416 max=9.4164 n=1) cex=R/T/F=0/0/1 trsplit=0 sim=14.255(rmp=0.415 run=13.840 n=1 d=0) incr=loc/full/maxdirty/keys=0/0/0/0 chk= 0.000(d=1) stat= 0.156 rest= 0.314
  [bmc-incr i=1389 repr=1 active=374/175526 POs=1]
BMC : c =     372  cl =   4503  lit =  175525  p =     0  d =     0  f =     1  +  T =     0.03 sec
  [bmc-prof 1389] wall=  30.624 p=     1 | ifo=  0.678(sd=0.175 nx=0.000 tfo=0.021 cnt=0.483) snap= 0.284 srm=  7.766 sat=  7.434(set=0.198 slv=7.234 max=7.2339 n=1) cex=R/T/F=0/0/1 trsplit=0 sim=14.006(rmp=0.409 run=13.596 n=1 d=0) incr=loc/full/maxdirty/keys=0/0/0/0 chk= 0.000(d=1) stat= 0.153 rest= 0.303
  [bmc-incr i=1390 repr=1 active=373/175525 POs=1]
BMC : c =     371  cl =   4503  lit =  175524  p =     0  d =     0  f =     1  +  T =     0.03 sec
  [bmc-prof 1390] wall=  31.846 p=     1 | ifo=  0.675(sd=0.177 nx=0.000 tfo=0.019 cnt=0.479) snap= 0.296 srm=  8.199 sat=  7.854(set=0.197 slv=7.654 max=7.6544 n=1) cex=R/T/F=0/0/1 trsplit=0 sim=14.370(rmp=0.428 run=13.941 n=1 d=0) incr=loc/full/maxdirty/keys=0/0/0/0 chk= 0.000(d=1) stat= 0.155 rest= 0.296
  [bmc-incr i=1391 repr=1 active=372/175524 POs=1]
BMC : c =     370  cl =   4503  lit =  175523  p =     0  d =     0  f =     1  +  T =     0.03 sec
  [bmc-prof 1391] wall=  30.832 p=     1 | ifo=  0.684(sd=0.177 nx=0.000 tfo=0.019 cnt=0.488) snap= 0.283 srm=  7.953 sat=  7.379(set=0.189 slv=7.189 max=7.1887 n=1) cex=R/T/F=0/0/1 trsplit=0 sim=14.087(rmp=0.402 run=13.685 n=1 d=0) incr=loc/full/maxdirty/keys=0/0/0/0 chk= 0.000(d=1) stat= 0.155 rest= 0.290
  [bmc-incr i=1392 repr=1 active=371/175523 POs=1]
BMC : c =     369  cl =   4503  lit =  175522  p =     0  d =     0  f =     1  +  T =     0.03 sec
  [bmc-prof 1392] wall=  31.546 p=     1 | ifo=  0.698(sd=0.176 nx=0.000 tfo=0.017 cnt=0.504) snap= 0.281 srm=  7.898 sat=  7.372(set=0.196 slv=7.175 max=7.1749 n=1) cex=R/T/F=0/0/1 trsplit=0 sim=14.852(rmp=0.408 run=14.443 n=1 d=0) incr=loc/full/maxdirty/keys=0/0/0/0 chk= 0.000(d=1) stat= 0.155 rest= 0.290
  [bmc-incr i=1393 repr=1 active=370/175522 POs=1]
BMC : c =     368  cl =   4503  lit =  175521  p =     0  d =     0  f =     1  +  T =     0.03 sec
  [bmc-prof 1393] wall=  32.131 p=     1 | ifo=  0.684(sd=0.177 nx=0.000 tfo=0.016 cnt=0.491) snap= 0.291 srm=  7.930 sat=  7.379(set=0.190 slv=7.187 max=7.1872 n=1) cex=R/T/F=0/0/1 trsplit=0 sim=15.346(rmp=0.405 run=14.940 n=1 d=0) incr=loc/full/maxdirty/keys=0/0/0/0 chk= 0.000(d=1) stat= 0.168 rest= 0.332
  [bmc-incr i=1394 repr=1 active=369/175521 POs=1]
BMC : c =     367  cl =   4503  lit =  175520  p =     0  d =     0  f =     1  +  T =     0.03 sec
  [bmc-prof 1394] wall=  31.111 p=     1 | ifo=  0.681(sd=0.182 nx=0.000 tfo=0.020 cnt=0.479) snap= 0.292 srm=  7.962 sat=  7.469(set=0.206 slv=7.261 max=7.2613 n=1) cex=R/T/F=0/0/1 trsplit=0 sim=14.255(rmp=0.426 run=13.829 n=1 d=0) incr=loc/full/maxdirty/keys=0/0/0/0 chk= 0.000(d=1) stat= 0.156 rest= 0.297
  [bmc-incr i=1395 repr=1 active=368/175520 POs=1]
BMC : c =     366  cl =   4503  lit =  175519  p =     0  d =     0  f =     1  +  T =     0.03 sec
  [bmc-prof 1395] wall=  30.594 p=     1 | ifo=  0.677(sd=0.176 nx=0.000 tfo=0.020 cnt=0.480) snap= 0.382 srm=  7.870 sat=  7.265(set=0.187 slv=7.077 max=7.0766 n=1) cex=R/T/F=0/0/1 trsplit=0 sim=13.945(rmp=0.401 run=13.543 n=1 d=0) incr=loc/full/maxdirty/keys=0/0/0/0 chk= 0.000(d=1) stat= 0.153 rest= 0.301
  [bmc-incr i=1396 repr=1 active=367/175519 POs=1]
BMC : c =     365  cl =   4503  lit =  175518  p =     0  d =     0  f =     1  +  T =     0.04 sec
  [bmc-prof 1396] wall=  36.555 p=     1 | ifo=  0.683(sd=0.183 nx=0.000 tfo=0.017 cnt=0.484) snap= 0.284 srm=  8.051 sat=  9.567(set=0.204 slv=9.360 max=9.3605 n=1) cex=R/T/F=0/0/1 trsplit=0 sim=17.460(rmp=0.526 run=16.932 n=1 d=0) incr=loc/full/maxdirty/keys=0/0/0/0 chk= 0.000(d=1) stat= 0.169 rest= 0.342
  [bmc-incr i=1397 repr=1 active=366/175518 POs=1]
BMC : c =     364  cl =   4503  lit =  175517  p =     0  d =     0  f =     1  +  T =     0.03 sec
  [bmc-prof 1397] wall=  31.282 p=     1 | ifo=  0.879(sd=0.180 nx=0.000 tfo=0.019 cnt=0.681) snap= 0.297 srm=  8.383 sat=  7.288(set=0.202 slv=7.084 max=7.0843 n=1) cex=R/T/F=0/0/1 trsplit=0 sim=13.989(rmp=0.421 run=13.567 n=1 d=0) incr=loc/full/maxdirty/keys=0/0/0/0 chk= 0.000(d=1) stat= 0.156 rest= 0.290
  [bmc-incr i=1398 repr=1 active=365/175517 POs=1]
BMC : c =     363  cl =   4503  lit =  175516  p =     0  d =     0  f =     1  +  T =     0.03 sec
  [bmc-prof 1398] wall=  33.278 p=     1 | ifo=  0.686(sd=0.178 nx=0.000 tfo=0.019 cnt=0.489) snap= 0.310 srm=  7.829 sat=  7.421(set=0.200 slv=7.218 max=7.2184 n=1) cex=R/T/F=0/0/1 trsplit=0 sim=16.556(rmp=0.423 run=16.132 n=1 d=0) incr=loc/full/maxdirty/keys=0/0/0/0 chk= 0.000(d=1) stat= 0.164 rest= 0.311
  [bmc-incr i=1399 repr=1 active=364/175516 POs=1]
BMC : c =     362  cl =   4503  lit =  175515  p =     0  d =     0  f =     1  +  T =     0.03 sec
  [bmc-prof 1399] wall=  32.243 p=     1 | ifo=  0.682(sd=0.180 nx=0.000 tfo=0.020 cnt=0.482) snap= 0.292 srm=  8.893 sat=  7.426(set=0.212 slv=7.213 max=7.2130 n=1) cex=R/T/F=0/0/1 trsplit=0 sim=14.478(rmp=0.435 run=14.043 n=1 d=0) incr=loc/full/maxdirty/keys=0/0/0/0 chk= 0.000(d=1) stat= 0.159 rest= 0.312
  [bmc-incr i=1400 repr=1 active=363/175515 POs=1]
BMC : c =     361  cl =   4503  lit =  175514  p =     0  d =     0  f =     1  +  T =     0.03 sec
  [bmc-prof 1400] wall=  30.752 p=     1 | ifo=  0.754(sd=0.214 nx=0.000 tfo=0.033 cnt=0.506) snap= 0.291 srm=  7.850 sat=  7.289(set=0.188 slv=7.098 max=7.0984 n=1) cex=R/T/F=0/0/1 trsplit=0 sim=14.102(rmp=0.392 run=13.709 n=1 d=0) incr=loc/full/maxdirty/keys=0/0/0/0 chk= 0.000(d=1) stat= 0.160 rest= 0.306
  [bmc-incr i=1401 repr=1 active=362/175514 POs=1]
BMC : c =     360  cl =   4503  lit =  175513  p =     0  d =     0  f =     1  +  T =     0.03 sec
  [bmc-prof 1401] wall=  31.742 p=     1 | ifo=  0.695(sd=0.189 nx=0.000 tfo=0.020 cnt=0.486) snap= 0.288 srm=  8.741 sat=  7.329(set=0.207 slv=7.120 max=7.1196 n=1) cex=R/T/F=0/0/1 trsplit=0 sim=14.230(rmp=0.423 run=13.807 n=1 d=0) incr=loc/full/maxdirty/keys=0/0/0/0 chk= 0.000(d=1) stat= 0.168 rest= 0.292
  [bmc-incr i=1402 repr=1 active=361/175513 POs=1]
BMC : c =     359  cl =   4503  lit =  175512  p =     0  d =     0  f =     1  +  T =     0.03 sec
  [bmc-prof 1402] wall=  30.688 p=     1 | ifo=  0.672(sd=0.177 nx=0.000 tfo=0.020 cnt=0.476) snap= 0.285 srm=  7.815 sat=  7.311(set=0.196 slv=7.114 max=7.1138 n=1) cex=R/T/F=0/0/1 trsplit=0 sim=14.164(rmp=0.456 run=13.708 n=1 d=0) incr=loc/full/maxdirty/keys=0/0/0/0 chk= 0.000(d=1) stat= 0.152 rest= 0.288
  [bmc-incr i=1403 repr=1 active=360/175512 POs=1]
BMC : c =     358  cl =   4503  lit =  175511  p =     0  d =     0  f =     1  +  T =     0.04 sec
  [bmc-prof 1403] wall=  36.295 p=     1 | ifo=  0.686(sd=0.186 nx=0.000 tfo=0.015 cnt=0.485) snap= 0.282 srm=  7.832 sat= 12.187(set=0.188 slv=11.993 max=11.9928 n=1) cex=R/T/F=0/0/1 trsplit=0 sim=14.388(rmp=0.438 run=13.948 n=1 d=0) incr=loc/full/maxdirty/keys=0/0/0/0 chk= 0.000(d=1) stat= 0.272 rest= 0.649
  [bmc-incr i=1404 repr=1 active=359/175511 POs=1]
BMC : c =     357  cl =   4503  lit =  175510  p =     0  d =     0  f =     1  +  T =     0.03 sec
  [bmc-prof 1404] wall=  31.483 p=     1 | ifo=  0.789(sd=0.254 nx=0.000 tfo=0.038 cnt=0.498) snap= 0.292 srm=  8.250 sat=  7.315(set=0.211 slv=7.101 max=7.1005 n=1) cex=R/T/F=0/0/1 trsplit=0 sim=14.386(rmp=0.423 run=13.962 n=1 d=0) incr=loc/full/maxdirty/keys=0/0/0/0 chk= 0.000(d=1) stat= 0.158 rest= 0.293
  [bmc-incr i=1405 repr=1 active=358/175510 POs=1]
BMC : c =     356  cl =   4503  lit =  175509  p =     0  d =     0  f =     1  +  T =     0.03 sec
  [bmc-prof 1405] wall=  30.633 p=     1 | ifo=  0.682(sd=0.183 nx=0.000 tfo=0.020 cnt=0.479) snap= 0.283 srm=  7.892 sat=  7.305(set=0.205 slv=7.097 max=7.0973 n=1) cex=R/T/F=0/0/1 trsplit=0 sim=14.025(rmp=0.411 run=13.613 n=1 d=0) incr=loc/full/maxdirty/keys=0/0/0/0 chk= 0.000(d=1) stat= 0.155 rest= 0.291
  [bmc-incr i=1406 repr=1 active=357/175509 POs=1]
BMC : c =     355  cl =   4503  lit =  175508  p =     0  d =     0  f =     1  +  T =     0.03 sec
  [bmc-prof 1406] wall=  30.653 p=     1 | ifo=  0.682(sd=0.181 nx=0.000 tfo=0.021 cnt=0.479) snap= 0.282 srm=  7.846 sat=  7.300(set=0.198 slv=7.099 max=7.0994 n=1) cex=R/T/F=0/0/1 trsplit=0 sim=14.087(rmp=0.421 run=13.666 n=1 d=0) incr=loc/full/maxdirty/keys=0/0/0/0 chk= 0.000(d=1) stat= 0.156 rest= 0.300
  [bmc-incr i=1407 repr=1 active=356/175508 POs=1]
BMC : c =     354  cl =   4503  lit =  175507  p =     0  d =     0  f =     1  +  T =     0.03 sec
  [bmc-prof 1407] wall=  31.117 p=     1 | ifo=  0.696(sd=0.181 nx=0.000 tfo=0.020 cnt=0.494) snap= 0.290 srm=  7.917 sat=  7.416(set=0.199 slv=7.215 max=7.2151 n=1) cex=R/T/F=0/0/1 trsplit=0 sim=14.349(rmp=0.413 run=13.935 n=1 d=0) incr=loc/full/maxdirty/keys=0/0/0/0 chk= 0.000(d=1) stat= 0.155 rest= 0.294
  [bmc-incr i=1408 repr=1 active=355/175507 POs=1]
BMC : c =     353  cl =   4503  lit =  175506  p =     0  d =     0  f =     1  +  T =     0.03 sec
  [bmc-prof 1408] wall=  31.121 p=     1 | ifo=  0.692(sd=0.179 nx=0.000 tfo=0.019 cnt=0.493) snap= 0.287 srm=  7.908 sat=  7.380(set=0.195 slv=7.183 max=7.1829 n=1) cex=R/T/F=0/0/1 trsplit=0 sim=14.400(rmp=0.438 run=13.961 n=1 d=0) incr=loc/full/maxdirty/keys=0/0/0/0 chk= 0.000(d=1) stat= 0.160 rest= 0.296
  [bmc-incr i=1409 repr=1 active=354/175506 POs=1]
BMC : c =     352  cl =   4503  lit =  175505  p =     0  d =     0  f =     1  +  T =     0.03 sec
  [bmc-prof 1409] wall=  30.909 p=     1 | ifo=  0.673(sd=0.179 nx=0.000 tfo=0.018 cnt=0.476) snap= 0.282 srm=  7.758 sat=  7.409(set=0.190 slv=7.217 max=7.2173 n=1) cex=R/T/F=0/0/1 trsplit=0 sim=14.322(rmp=0.401 run=13.920 n=1 d=0) incr=loc/full/maxdirty/keys=0/0/0/0 chk= 0.000(d=1) stat= 0.162 rest= 0.304
  [bmc-incr i=1410 repr=1 active=353/175505 POs=1]
BMC : c =     351  cl =   4503  lit =  175504  p =     0  d =     0  f =     1  +  T =     0.03 sec
  [bmc-prof 1410] wall=  31.576 p=     1 | ifo=  0.706(sd=0.182 nx=0.000 tfo=0.020 cnt=0.504) snap= 0.299 srm=  8.298 sat=  7.332(set=0.226 slv=7.104 max=7.1044 n=1) cex=R/T/F=0/0/1 trsplit=0 sim=14.490(rmp=0.439 run=14.050 n=1 d=0) incr=loc/full/maxdirty/keys=0/0/0/0 chk= 0.000(d=1) stat= 0.157 rest= 0.293
  [bmc-incr i=1411 repr=1 active=352/175504 POs=1]
BMC : c =     350  cl =   4503  lit =  175503  p =     0  d =     0  f =     1  +  T =     0.03 sec
  [bmc-prof 1411] wall=  30.490 p=     1 | ifo=  0.678(sd=0.181 nx=0.000 tfo=0.018 cnt=0.480) snap= 0.294 srm=  7.814 sat=  7.288(set=0.197 slv=7.089 max=7.0892 n=1) cex=R/T/F=0/0/1 trsplit=0 sim=13.960(rmp=0.399 run=13.560 n=1 d=0) incr=loc/full/maxdirty/keys=0/0/0/0 chk= 0.000(d=1) stat= 0.157 rest= 0.299
  [bmc-incr i=1412 repr=1 active=351/175503 POs=1]
BMC : c =     349  cl =   4503  lit =  175502  p =     0  d =     0  f =     1  +  T =     0.03 sec
  [bmc-prof 1412] wall=  32.221 p=     1 | ifo=  0.683(sd=0.178 nx=0.000 tfo=0.018 cnt=0.486) snap= 0.282 srm=  8.006 sat=  7.352(set=0.192 slv=7.158 max=7.1585 n=1) cex=R/T/F=0/0/1 trsplit=0 sim=15.322(rmp=0.408 run=14.913 n=1 d=0) incr=loc/full/maxdirty/keys=0/0/0/0 chk= 0.000(d=1) stat= 0.240 rest= 0.336
  [bmc-incr i=1413 repr=1 active=350/175502 POs=1]
BMC : c =     348  cl =   4503  lit =  175501  p =     0  d =     0  f =     1  +  T =     0.04 sec
  [bmc-prof 1413] wall=  38.330 p=     1 | ifo=  0.734(sd=0.191 nx=0.000 tfo=0.022 cnt=0.521) snap= 0.303 srm= 14.337 sat=  7.628(set=0.213 slv=7.412 max=7.4125 n=1) cex=R/T/F=0/0/1 trsplit=0 sim=14.827(rmp=0.439 run=14.387 n=1 d=0) incr=loc/full/maxdirty/keys=0/0/0/0 chk= 0.000(d=1) stat= 0.184 rest= 0.317
  [bmc-incr i=1414 repr=1 active=349/175501 POs=1]
BMC : c =     347  cl =   4503  lit =  175500  p =     0  d =     0  f =     1  +  T =     0.03 sec
  [bmc-prof 1414] wall=  32.791 p=     1 | ifo=  0.690(sd=0.182 nx=0.000 tfo=0.021 cnt=0.487) snap= 0.291 srm=  8.326 sat=  7.718(set=0.235 slv=7.480 max=7.4802 n=1) cex=R/T/F=0/0/1 trsplit=0 sim=15.273(rmp=0.457 run=14.815 n=1 d=0) incr=loc/full/maxdirty/keys=0/0/0/0 chk= 0.000(d=1) stat= 0.169 rest= 0.323
  [bmc-incr i=1415 repr=1 active=348/175500 POs=1]
BMC : c =     346  cl =   4503  lit =  175499  p =     0  d =     0  f =     1  +  T =     0.03 sec
  [bmc-prof 1415] wall=  33.664 p=     1 | ifo=  0.723(sd=0.187 nx=0.000 tfo=0.020 cnt=0.516) snap= 0.313 srm=  8.864 sat=  7.979(set=0.255 slv=7.722 max=7.7221 n=1) cex=R/T/F=0/0/1 trsplit=0 sim=15.308(rmp=0.487 run=14.821 n=1 d=0) incr=loc/full/maxdirty/keys=0/0/0/0 chk= 0.000(d=1) stat= 0.161 rest= 0.315
  [bmc-incr i=1416 repr=1 active=347/175499 POs=1]
BMC : c =     345  cl =   4503  lit =  175498  p =     0  d =     0  f =     1  +  T =     0.03 sec
  [bmc-prof 1416] wall=  31.894 p=     1 | ifo=  0.713(sd=0.186 nx=0.000 tfo=0.021 cnt=0.507) snap= 0.311 srm=  8.064 sat=  7.427(set=0.225 slv=7.200 max=7.2000 n=1) cex=R/T/F=0/0/1 trsplit=0 sim=14.922(rmp=0.413 run=14.508 n=1 d=0) incr=loc/full/maxdirty/keys=0/0/0/0 chk= 0.000(d=1) stat= 0.158 rest= 0.299
  [bmc-incr i=1417 repr=1 active=346/175498 POs=1]
BMC : c =     344  cl =   4503  lit =  175497  p =     0  d =     0  f =     1  +  T =     0.03 sec
  [bmc-prof 1417] wall=  32.185 p=     1 | ifo=  0.824(sd=0.198 nx=0.000 tfo=0.021 cnt=0.604) snap= 0.325 srm=  8.389 sat=  7.597(set=0.226 slv=7.368 max=7.3676 n=1) cex=R/T/F=0/0/1 trsplit=0 sim=14.509(rmp=0.505 run=14.003 n=1 d=0) incr=loc/full/maxdirty/keys=0/0/0/0 chk= 0.000(d=1) stat= 0.239 rest= 0.303
  [bmc-incr i=1418 repr=1 active=345/175497 POs=1]
BMC : c =     343  cl =   4503  lit =  175496  p =     0  d =     0  f =     1  +  T =     0.03 sec
  [bmc-prof 1418] wall=  32.661 p=     1 | ifo=  0.784(sd=0.189 nx=0.000 tfo=0.024 cnt=0.571) snap= 0.354 srm=  9.393 sat=  7.661(set=0.260 slv=7.399 max=7.3986 n=1) cex=R/T/F=0/0/1 trsplit=0 sim=13.932(rmp=0.517 run=13.415 n=1 d=0) incr=loc/full/maxdirty/keys=0/0/0/0 chk= 0.000(d=1) stat= 0.188 rest= 0.349
  [bmc-incr i=1419 repr=1 active=344/175496 POs=1]
BMC : c =     342  cl =   4503  lit =  175495  p =     0  d =     0  f =     1  +  T =     0.03 sec
  [bmc-prof 1419] wall=  31.507 p=     1 | ifo=  0.778(sd=0.218 nx=0.000 tfo=0.020 cnt=0.540) snap= 0.337 srm=  8.338 sat=  7.574(set=0.222 slv=7.351 max=7.3508 n=1) cex=R/T/F=0/0/1 trsplit=0 sim=13.989(rmp=0.494 run=13.494 n=1 d=0) incr=loc/full/maxdirty/keys=0/0/0/0 chk= 0.000(d=1) stat= 0.167 rest= 0.324
  [bmc-incr i=1420 repr=1 active=343/175495 POs=1]
BMC : c =     341  cl =   4503  lit =  175494  p =     0  d =     0  f =     1  +  T =     0.03 sec
  [bmc-prof 1420] wall=  32.169 p=     1 | ifo=  0.729(sd=0.208 nx=0.000 tfo=0.022 cnt=0.499) snap= 0.295 srm=  8.463 sat=  7.751(set=0.218 slv=7.531 max=7.5310 n=1) cex=R/T/F=0/0/1 trsplit=0 sim=14.479(rmp=0.418 run=14.061 n=1 d=0) incr=loc/full/maxdirty/keys=0/0/0/0 chk= 0.000(d=1) stat= 0.156 rest= 0.295
  [bmc-incr i=1421 repr=1 active=342/175494 POs=1]
BMC : c =     340  cl =   4503  lit =  175493  p =     0  d =     0  f =     1  +  T =     0.03 sec
  [bmc-prof 1421] wall=  31.055 p=     1 | ifo=  0.684(sd=0.178 nx=0.000 tfo=0.021 cnt=0.485) snap= 0.290 srm=  7.892 sat=  7.567(set=0.315 slv=7.250 max=7.2502 n=1) cex=R/T/F=0/0/1 trsplit=0 sim=14.125(rmp=0.397 run=13.727 n=1 d=0) incr=loc/full/maxdirty/keys=0/0/0/0 chk= 0.000(d=1) stat= 0.157 rest= 0.342
  [bmc-incr i=1422 repr=1 active=341/175493 POs=1]
BMC : c =     339  cl =   4503  lit =  175492  p =     0  d =     0  f =     1  +  T =     0.03 sec
  [bmc-prof 1422] wall=  31.002 p=     1 | ifo=  0.666(sd=0.176 nx=0.000 tfo=0.013 cnt=0.477) snap= 0.294 srm=  7.960 sat=  7.394(set=0.191 slv=7.201 max=7.2006 n=1) cex=R/T/F=0/0/1 trsplit=0 sim=14.243(rmp=0.411 run=13.832 n=1 d=0) incr=loc/full/maxdirty/keys=0/0/0/0 chk= 0.000(d=1) stat= 0.154 rest= 0.291
  [bmc-incr i=1423 repr=1 active=340/175492 POs=1]
BMC : c =     338  cl =   4503  lit =  175491  p =     0  d =     0  f =     1  +  T =     0.03 sec
  [bmc-prof 1423] wall=  30.950 p=     1 | ifo=  0.698(sd=0.174 nx=0.000 tfo=0.015 cnt=0.509) snap= 0.305 srm=  7.928 sat=  7.389(set=0.204 slv=7.183 max=7.1835 n=1) cex=R/T/F=0/0/1 trsplit=0 sim=14.175(rmp=0.409 run=13.765 n=1 d=0) incr=loc/full/maxdirty/keys=0/0/0/0 chk= 0.000(d=1) stat= 0.155 rest= 0.301
  [bmc-incr i=1424 repr=1 active=339/175491 POs=1]
BMC : c =     337  cl =   4503  lit =  175490  p =     0  d =     0  f =     1  +  T =     0.03 sec
  [bmc-prof 1424] wall=  31.468 p=     1 | ifo=  0.684(sd=0.177 nx=0.000 tfo=0.014 cnt=0.494) snap= 0.294 srm=  8.139 sat=  7.762(set=0.195 slv=7.564 max=7.5642 n=1) cex=R/T/F=0/0/1 trsplit=0 sim=14.140(rmp=0.419 run=13.721 n=1 d=0) incr=loc/full/maxdirty/keys=0/0/0/0 chk= 0.000(d=1) stat= 0.156 rest= 0.293
  [bmc-incr i=1425 repr=1 active=338/175490 POs=1]
BMC : c =     336  cl =   4503  lit =  175489  p =     0  d =     0  f =     1  +  T =     0.03 sec
  [bmc-prof 1425] wall=  31.174 p=     1 | ifo=  0.677(sd=0.175 nx=0.000 tfo=0.015 cnt=0.487) snap= 0.282 srm=  7.842 sat=  7.483(set=0.196 slv=7.285 max=7.2853 n=1) cex=R/T/F=0/0/1 trsplit=0 sim=14.408(rmp=0.437 run=13.971 n=1 d=0) incr=loc/full/maxdirty/keys=0/0/0/0 chk= 0.000(d=1) stat= 0.170 rest= 0.311
  [bmc-incr i=1426 repr=1 active=337/175489 POs=1]
BMC : c =     335  cl =   4503  lit =  175488  p =     0  d =     0  f =     1  +  T =     0.03 sec
  [bmc-prof 1426] wall=  32.292 p=     1 | ifo=  0.770(sd=0.181 nx=0.000 tfo=0.018 cnt=0.571) snap= 0.317 srm=  9.155 sat=  7.530(set=0.213 slv=7.315 max=7.3152 n=1) cex=R/T/F=0/0/1 trsplit=0 sim=14.068(rmp=0.413 run=13.654 n=1 d=0) incr=loc/full/maxdirty/keys=0/0/0/0 chk= 0.000(d=1) stat= 0.157 rest= 0.295
  [bmc-incr i=1427 repr=1 active=336/175488 POs=1]
BMC : c =     334  cl =   4503  lit =  175487  p =     0  d =     0  f =     1  +  T =     0.03 sec
  [bmc-prof 1427] wall=  31.236 p=     1 | ifo=  0.692(sd=0.182 nx=0.000 tfo=0.019 cnt=0.491) snap= 0.302 srm=  7.922 sat=  7.379(set=0.196 slv=7.181 max=7.1811 n=1) cex=R/T/F=0/0/1 trsplit=0 sim=14.486(rmp=0.395 run=14.090 n=1 d=0) incr=loc/full/maxdirty/keys=0/0/0/0 chk= 0.000(d=1) stat= 0.159 rest= 0.295
  [bmc-incr i=1428 repr=1 active=335/175487 POs=1]
BMC : c =     333  cl =   4503  lit =  175486  p =     0  d =     0  f =     1  +  T =     0.03 sec
  [bmc-prof 1428] wall=  31.861 p=     1 | ifo=  0.794(sd=0.266 nx=0.000 tfo=0.017 cnt=0.511) snap= 0.281 srm=  7.936 sat=  7.600(set=0.193 slv=7.405 max=7.4052 n=1) cex=R/T/F=0/0/1 trsplit=0 sim=14.783(rmp=0.418 run=14.364 n=1 d=0) incr=loc/full/maxdirty/keys=0/0/0/0 chk= 0.000(d=1) stat= 0.163 rest= 0.303
  [bmc-incr i=1429 repr=1 active=334/175486 POs=1]
BMC : c =     332  cl =   4503  lit =  175485  p =     0  d =     0  f =     1  +  T =     0.03 sec
  [bmc-prof 1429] wall=  31.597 p=     1 | ifo=  0.684(sd=0.178 nx=0.000 tfo=0.018 cnt=0.488) snap= 0.283 srm=  8.308 sat=  7.397(set=0.221 slv=7.174 max=7.1743 n=1) cex=R/T/F=0/0/1 trsplit=0 sim=14.463(rmp=0.420 run=14.042 n=1 d=0) incr=loc/full/maxdirty/keys=0/0/0/0 chk= 0.000(d=1) stat= 0.154 rest= 0.307
  [bmc-incr i=1430 repr=1 active=333/175485 POs=1]
BMC : c =     331  cl =   4503  lit =  175484  p =     0  d =     0  f =     1  +  T =     0.04 sec
  [bmc-prof 1430] wall=  35.801 p=     1 | ifo=  0.674(sd=0.179 nx=0.000 tfo=0.019 cnt=0.476) snap= 0.355 srm=  8.388 sat=  7.468(set=0.259 slv=7.207 max=7.2066 n=1) cex=R/T/F=0/0/1 trsplit=0 sim=18.437(rmp=0.424 run=18.012 n=1 d=0) incr=loc/full/maxdirty/keys=0/0/0/0 chk= 0.000(d=1) stat= 0.168 rest= 0.312
  [bmc-incr i=1431 repr=1 active=332/175484 POs=1]
BMC : c =     330  cl =   4503  lit =  175483  p =     0  d =     0  f =     1  +  T =     0.03 sec
  [bmc-prof 1431] wall=  31.521 p=     1 | ifo=  0.706(sd=0.181 nx=0.000 tfo=0.034 cnt=0.491) snap= 0.306 srm=  8.193 sat=  7.421(set=0.214 slv=7.205 max=7.2050 n=1) cex=R/T/F=0/0/1 trsplit=0 sim=14.448(rmp=0.421 run=14.026 n=1 d=0) incr=loc/full/maxdirty/keys=0/0/0/0 chk= 0.000(d=1) stat= 0.154 rest= 0.292
  [bmc-incr i=1432 repr=1 active=331/175483 POs=1]
BMC : c =     329  cl =   4503  lit =  175482  p =     0  d =     0  f =     1  +  T =     0.03 sec
  [bmc-prof 1432] wall=  32.720 p=     1 | ifo=  0.692(sd=0.182 nx=0.000 tfo=0.018 cnt=0.491) snap= 0.342 srm=  8.077 sat=  7.427(set=0.228 slv=7.197 max=7.1972 n=1) cex=R/T/F=0/0/1 trsplit=0 sim=15.700(rmp=0.527 run=15.171 n=1 d=0) incr=loc/full/maxdirty/keys=0/0/0/0 chk= 0.000(d=1) stat= 0.161 rest= 0.321
  [bmc-incr i=1433 repr=1 active=330/175482 POs=1]
BMC : c =     328  cl =   4503  lit =  175481  p =     0  d =     0  f =     1  +  T =     0.03 sec
  [bmc-prof 1433] wall=  31.498 p=     1 | ifo=  0.694(sd=0.193 nx=0.000 tfo=0.020 cnt=0.481) snap= 0.290 srm=  8.116 sat=  7.503(set=0.195 slv=7.306 max=7.3059 n=1) cex=R/T/F=0/0/1 trsplit=0 sim=14.427(rmp=0.401 run=14.026 n=1 d=0) incr=loc/full/maxdirty/keys=0/0/0/0 chk= 0.000(d=1) stat= 0.158 rest= 0.310
  [bmc-incr i=1434 repr=1 active=329/175481 POs=1]
BMC : c =     327  cl =   4503  lit =  175480  p =     0  d =     0  f =     1  +  T =     0.03 sec
  [bmc-prof 1434] wall=  31.989 p=     1 | ifo=  0.704(sd=0.187 nx=0.000 tfo=0.020 cnt=0.496) snap= 0.295 srm=  8.464 sat=  7.643(set=0.200 slv=7.441 max=7.4405 n=1) cex=R/T/F=0/0/1 trsplit=0 sim=14.432(rmp=0.450 run=13.982 n=1 d=0) incr=loc/full/maxdirty/keys=0/0/0/0 chk= 0.000(d=1) stat= 0.156 rest= 0.295
  [bmc-incr i=1435 repr=1 active=328/175480 POs=1]
BMC : c =     326  cl =   4503  lit =  175479  p =     0  d =     0  f =     1  +  T =     0.03 sec
  [bmc-prof 1435] wall=  30.834 p=     1 | ifo=  0.686(sd=0.181 nx=0.000 tfo=0.019 cnt=0.486) snap= 0.281 srm=  7.831 sat=  7.469(set=0.198 slv=7.270 max=7.2700 n=1) cex=R/T/F=0/0/1 trsplit=0 sim=14.123(rmp=0.393 run=13.729 n=1 d=0) incr=loc/full/maxdirty/keys=0/0/0/0 chk= 0.000(d=1) stat= 0.155 rest= 0.289
  [bmc-incr i=1436 repr=1 active=327/175479 POs=1]
BMC : c =     325  cl =   4503  lit =  175478  p =     0  d =     0  f =     1  +  T =     0.03 sec
  [bmc-prof 1436] wall=  32.070 p=     1 | ifo=  0.680(sd=0.175 nx=0.000 tfo=0.015 cnt=0.490) snap= 0.288 srm=  8.896 sat=  7.495(set=0.214 slv=7.279 max=7.2793 n=1) cex=R/T/F=0/0/1 trsplit=0 sim=14.257(rmp=0.436 run=13.820 n=1 d=0) incr=loc/full/maxdirty/keys=0/0/0/0 chk= 0.000(d=1) stat= 0.155 rest= 0.299
  [bmc-incr i=1437 repr=1 active=326/175478 POs=1]
BMC : c =     324  cl =   4503  lit =  175477  p =     0  d =     0  f =     1  +  T =     0.03 sec
  [bmc-prof 1437] wall=  30.805 p=     1 | ifo=  0.686(sd=0.179 nx=0.000 tfo=0.018 cnt=0.490) snap= 0.280 srm=  7.903 sat=  7.461(set=0.189 slv=7.271 max=7.2710 n=1) cex=R/T/F=0/0/1 trsplit=0 sim=14.025(rmp=0.395 run=13.629 n=1 d=0) incr=loc/full/maxdirty/keys=0/0/0/0 chk= 0.000(d=1) stat= 0.154 rest= 0.296
  [bmc-incr i=1438 repr=1 active=325/175477 POs=1]
BMC : c =     323  cl =   4503  lit =  175476  p =     0  d =     0  f =     1  +  T =     0.03 sec
  [bmc-prof 1438] wall=  31.670 p=     1 | ifo=  0.664(sd=0.173 nx=0.000 tfo=0.014 cnt=0.476) snap= 0.417 srm=  7.921 sat=  7.471(set=0.195 slv=7.274 max=7.2741 n=1) cex=R/T/F=0/0/1 trsplit=0 sim=14.752(rmp=0.416 run=14.335 n=1 d=0) incr=loc/full/maxdirty/keys=0/0/0/0 chk= 0.000(d=1) stat= 0.153 rest= 0.293
  [bmc-incr i=1439 repr=1 active=324/175476 POs=1]
BMC : c =     322  cl =   4503  lit =  175475  p =     0  d =     0  f =     1  +  T =     0.03 sec
  [bmc-prof 1439] wall=  30.571 p=     1 | ifo=  0.664(sd=0.175 nx=0.000 tfo=0.016 cnt=0.474) snap= 0.289 srm=  7.881 sat=  7.377(set=0.188 slv=7.188 max=7.1878 n=1) cex=R/T/F=0/0/1 trsplit=0 sim=13.843(rmp=0.394 run=13.448 n=1 d=0) incr=loc/full/maxdirty/keys=0/0/0/0 chk= 0.000(d=1) stat= 0.184 rest= 0.332
  [bmc-incr i=1440 repr=1 active=323/175475 POs=1]
BMC : c =     321  cl =   4503  lit =  175474  p =     0  d =     0  f =     1  +  T =     0.03 sec
  [bmc-prof 1440] wall=  33.526 p=     1 | ifo=  0.836(sd=0.252 nx=0.000 tfo=0.027 cnt=0.557) snap= 0.320 srm=  8.731 sat=  8.625(set=0.314 slv=8.309 max=8.3088 n=1) cex=R/T/F=0/0/1 trsplit=0 sim=14.549(rmp=0.487 run=14.061 n=1 d=0) incr=loc/full/maxdirty/keys=0/0/0/0 chk= 0.000(d=1) stat= 0.158 rest= 0.307
  [bmc-incr i=1441 repr=1 active=322/175474 POs=1]
BMC : c =     320  cl =   4503  lit =  175473  p =     0  d =     0  f =     1  +  T =     0.03 sec
  [bmc-prof 1441] wall=  31.293 p=     1 | ifo=  0.846(sd=0.259 nx=0.000 tfo=0.034 cnt=0.552) snap= 0.293 srm=  7.965 sat=  7.461(set=0.196 slv=7.262 max=7.2621 n=1) cex=R/T/F=0/0/1 trsplit=0 sim=14.257(rmp=0.407 run=13.849 n=1 d=0) incr=loc/full/maxdirty/keys=0/0/0/0 chk= 0.000(d=1) stat= 0.164 rest= 0.306
  [bmc-incr i=1442 repr=1 active=321/175473 POs=1]
BMC : c =     319  cl =   4503  lit =  175472  p =     0  d =     0  f =     1  +  T =     0.03 sec
  [bmc-prof 1442] wall=  31.248 p=     1 | ifo=  0.697(sd=0.184 nx=0.000 tfo=0.020 cnt=0.493) snap= 0.287 srm=  8.273 sat=  7.437(set=0.221 slv=7.214 max=7.2142 n=1) cex=R/T/F=0/0/1 trsplit=0 sim=14.077(rmp=0.419 run=13.658 n=1 d=0) incr=loc/full/maxdirty/keys=0/0/0/0 chk= 0.000(d=1) stat= 0.161 rest= 0.315
  [bmc-incr i=1443 repr=1 active=320/175472 POs=1]
BMC : c =     318  cl =   4503  lit =  175471  p =     0  d =     0  f =     1  +  T =     0.03 sec
  [bmc-prof 1443] wall=  32.626 p=     1 | ifo=  0.684(sd=0.182 nx=0.000 tfo=0.018 cnt=0.484) snap= 0.310 srm=  8.125 sat=  7.649(set=0.194 slv=7.453 max=7.4530 n=1) cex=R/T/F=0/0/1 trsplit=0 sim=15.282(rmp=0.417 run=14.864 n=1 d=0) incr=loc/full/maxdirty/keys=0/0/0/0 chk= 0.000(d=1) stat= 0.204 rest= 0.371
  [bmc-incr i=1444 repr=1 active=319/175471 POs=1]
BMC : c =     317  cl =   4503  lit =  175470  p =     0  d =     0  f =     1  +  T =     0.03 sec
  [bmc-prof 1444] wall=  32.212 p=     1 | ifo=  0.819(sd=0.320 nx=0.000 tfo=0.018 cnt=0.481) snap= 0.288 srm=  8.023 sat=  8.389(set=0.198 slv=8.189 max=8.1894 n=1) cex=R/T/F=0/0/1 trsplit=0 sim=14.218(rmp=0.425 run=13.792 n=1 d=0) incr=loc/full/maxdirty/keys=0/0/0/0 chk= 0.000(d=1) stat= 0.163 rest= 0.312
  [bmc-incr i=1445 repr=1 active=318/175470 POs=1]
BMC : c =     316  cl =   4503  lit =  175469  p =     0  d =     0  f =     1  +  T =     0.03 sec
  [bmc-prof 1445] wall=  34.269 p=     1 | ifo=  0.682(sd=0.183 nx=0.000 tfo=0.018 cnt=0.481) snap= 0.282 srm= 10.936 sat=  7.840(set=0.302 slv=7.536 max=7.5359 n=1) cex=R/T/F=0/0/1 trsplit=0 sim=14.082(rmp=0.403 run=13.678 n=1 d=0) incr=loc/full/maxdirty/keys=0/0/0/0 chk= 0.000(d=1) stat= 0.154 rest= 0.293
  [bmc-incr i=1446 repr=1 active=317/175469 POs=1]
BMC : c =     315  cl =   4503  lit =  175468  p =     0  d =     0  f =     1  +  T =     0.03 sec
  [bmc-prof 1446] wall=  30.773 p=     1 | ifo=  0.680(sd=0.183 nx=0.000 tfo=0.018 cnt=0.479) snap= 0.294 srm=  7.764 sat=  7.451(set=0.188 slv=7.262 max=7.2619 n=1) cex=R/T/F=0/0/1 trsplit=0 sim=14.114(rmp=0.401 run=13.711 n=1 d=0) incr=loc/full/maxdirty/keys=0/0/0/0 chk= 0.000(d=1) stat= 0.164 rest= 0.306
  [bmc-incr i=1447 repr=1 active=316/175468 POs=1]
BMC : c =     314  cl =   4503  lit =  175467  p =     0  d =     0  f =     1  +  T =     0.03 sec
  [bmc-prof 1447] wall=  31.333 p=     1 | ifo=  0.695(sd=0.180 nx=0.000 tfo=0.018 cnt=0.496) snap= 0.288 srm=  8.290 sat=  7.437(set=0.204 slv=7.231 max=7.2310 n=1) cex=R/T/F=0/0/1 trsplit=0 sim=14.143(rmp=0.424 run=13.718 n=1 d=0) incr=loc/full/maxdirty/keys=0/0/0/0 chk= 0.000(d=1) stat= 0.154 rest= 0.325
  [bmc-incr i=1448 repr=1 active=315/175467 POs=1]
BMC : c =     313  cl =   4503  lit =  175466  p =     0  d =     0  f =     1  +  T =     0.03 sec
  [bmc-prof 1448] wall=  31.647 p=     1 | ifo=  0.679(sd=0.177 nx=0.000 tfo=0.016 cnt=0.486) snap= 0.282 srm=  8.038 sat=  7.419(set=0.196 slv=7.221 max=7.2206 n=1) cex=R/T/F=0/0/1 trsplit=0 sim=14.748(rmp=0.396 run=14.350 n=1 d=0) incr=loc/full/maxdirty/keys=0/0/0/0 chk= 0.000(d=1) stat= 0.169 rest= 0.311
  [bmc-incr i=1449 repr=1 active=314/175466 POs=1]
BMC : c =     312  cl =   4503  lit =  175465  p =     0  d =     0  f =     1  +  T =     0.03 sec
  [bmc-prof 1449] wall=  33.193 p=     1 | ifo=  0.689(sd=0.191 nx=0.000 tfo=0.018 cnt=0.480) snap= 0.307 srm=  8.979 sat=  7.514(set=0.214 slv=7.298 max=7.2977 n=1) cex=R/T/F=0/0/1 trsplit=0 sim=15.137(rmp=0.423 run=14.713 n=1 d=0) incr=loc/full/maxdirty/keys=0/0/0/0 chk= 0.000(d=1) stat= 0.159 rest= 0.408
  [bmc-incr i=1450 repr=1 active=313/175465 POs=1]
BMC : c =     311  cl =   4503  lit =  175464  p =     0  d =     0  f =     1  +  T =     0.03 sec
  [bmc-prof 1450] wall=  30.853 p=     1 | ifo=  0.692(sd=0.178 nx=0.000 tfo=0.018 cnt=0.496) snap= 0.290 srm=  7.882 sat=  7.543(set=0.193 slv=7.348 max=7.3480 n=1) cex=R/T/F=0/0/1 trsplit=0 sim=13.986(rmp=0.398 run=13.588 n=1 d=0) incr=loc/full/maxdirty/keys=0/0/0/0 chk= 0.000(d=1) stat= 0.153 rest= 0.307
  [bmc-incr i=1451 repr=1 active=312/175464 POs=1]
BMC : c =     310  cl =   4503  lit =  175463  p =     0  d =     0  f =     1  +  T =     0.03 sec
  [bmc-prof 1451] wall=  31.785 p=     1 | ifo=  0.668(sd=0.174 nx=0.000 tfo=0.015 cnt=0.478) snap= 0.291 srm=  7.974 sat=  7.531(set=0.191 slv=7.338 max=7.3381 n=1) cex=R/T/F=0/0/1 trsplit=0 sim=14.875(rmp=0.401 run=14.473 n=1 d=0) incr=loc/full/maxdirty/keys=0/0/0/0 chk= 0.000(d=1) stat= 0.155 rest= 0.292
  [bmc-incr i=1452 repr=1 active=311/175463 POs=1]
BMC : c =     309  cl =   4503  lit =  175462  p =     0  d =     0  f =     1  +  T =     0.03 sec
  [bmc-prof 1452] wall=  34.653 p=     1 | ifo=  0.671(sd=0.178 nx=0.000 tfo=0.016 cnt=0.477) snap= 0.643 srm=  8.052 sat=  7.893(set=0.224 slv=7.666 max=7.6657 n=1) cex=R/T/F=0/0/1 trsplit=0 sim=16.881(rmp=0.521 run=16.359 n=1 d=0) incr=loc/full/maxdirty/keys=0/0/0/0 chk= 0.000(d=1) stat= 0.164 rest= 0.348
  [bmc-incr i=1453 repr=1 active=310/175462 POs=1]
BMC : c =     308  cl =   4503  lit =  175461  p =     0  d =     0  f =     1  +  T =     0.03 sec
  [bmc-prof 1453] wall=  31.024 p=     1 | ifo=  0.681(sd=0.181 nx=0.000 tfo=0.018 cnt=0.482) snap= 0.283 srm=  7.933 sat=  7.491(set=0.193 slv=7.296 max=7.2964 n=1) cex=R/T/F=0/0/1 trsplit=0 sim=14.181(rmp=0.405 run=13.775 n=1 d=0) incr=loc/full/maxdirty/keys=0/0/0/0 chk= 0.000(d=1) stat= 0.155 rest= 0.300
  [bmc-incr i=1454 repr=1 active=309/175461 POs=1]
BMC : c =     307  cl =   4503  lit =  175460  p =     0  d =     0  f =     1  +  T =     0.03 sec
  [bmc-prof 1454] wall=  31.248 p=     1 | ifo=  0.682(sd=0.177 nx=0.000 tfo=0.017 cnt=0.489) snap= 0.292 srm=  8.373 sat=  7.480(set=0.205 slv=7.273 max=7.2735 n=1) cex=R/T/F=0/0/1 trsplit=0 sim=13.959(rmp=0.426 run=13.533 n=1 d=0) incr=loc/full/maxdirty/keys=0/0/0/0 chk= 0.000(d=1) stat= 0.158 rest= 0.303
  [bmc-incr i=1455 repr=1 active=308/175460 POs=1]
BMC : c =     306  cl =   4503  lit =  175459  p =     0  d =     0  f =     1  +  T =     0.03 sec
  [bmc-prof 1455] wall=  30.794 p=     1 | ifo=  0.679(sd=0.187 nx=0.000 tfo=0.015 cnt=0.477) snap= 0.300 srm=  7.867 sat=  7.507(set=0.192 slv=7.313 max=7.3134 n=1) cex=R/T/F=0/0/1 trsplit=0 sim=13.989(rmp=0.405 run=13.584 n=1 d=0) incr=loc/full/maxdirty/keys=0/0/0/0 chk= 0.000(d=1) stat= 0.153 rest= 0.298
  [bmc-incr i=1456 repr=1 active=307/175459 POs=1]
BMC : c =     305  cl =   4503  lit =  175458  p =     0  d =     0  f =     1  +  T =     0.04 sec
  [bmc-prof 1456] wall=  36.053 p=     1 | ifo=  0.668(sd=0.175 nx=0.000 tfo=0.016 cnt=0.477) snap= 0.282 srm=  8.142 sat=  7.431(set=0.200 slv=7.230 max=7.2297 n=1) cex=R/T/F=0/0/1 trsplit=0 sim=19.070(rmp=0.405 run=18.665 n=1 d=0) incr=loc/full/maxdirty/keys=0/0/0/0 chk= 0.000(d=1) stat= 0.162 rest= 0.298
  [bmc-incr i=1457 repr=1 active=306/175458 POs=1]
BMC : c =     304  cl =   4503  lit =  175457  p =     0  d =     0  f =     1  +  T =     0.03 sec
  [bmc-prof 1457] wall=  32.373 p=     1 | ifo=  0.717(sd=0.214 nx=0.000 tfo=0.016 cnt=0.488) snap= 0.294 srm=  8.169 sat=  7.996(set=0.210 slv=7.784 max=7.7840 n=1) cex=R/T/F=0/0/1 trsplit=0 sim=14.692(rmp=0.578 run=14.114 n=1 d=0) incr=loc/full/maxdirty/keys=0/0/0/0 chk= 0.000(d=1) stat= 0.175 rest= 0.329
  [bmc-incr i=1458 repr=1 active=305/175457 POs=1]
BMC : c =     303  cl =   4503  lit =  175456  p =     0  d =     0  f =     1  +  T =     0.03 sec
  [bmc-prof 1458] wall=  33.157 p=     1 | ifo=  0.927(sd=0.226 nx=0.000 tfo=0.019 cnt=0.681) snap= 0.361 srm=  8.667 sat=  7.477(set=0.242 slv=7.233 max=7.2330 n=1) cex=R/T/F=0/0/1 trsplit=0 sim=15.239(rmp=0.497 run=14.741 n=1 d=0) incr=loc/full/maxdirty/keys=0/0/0/0 chk= 0.000(d=1) stat= 0.159 rest= 0.327
  [bmc-incr i=1459 repr=1 active=304/175456 POs=1]
BMC : c =     302  cl =   4503  lit =  175455  p =     0  d =     0  f =     1  +  T =     0.03 sec
  [bmc-prof 1459] wall=  32.187 p=     1 | ifo=  0.701(sd=0.181 nx=0.000 tfo=0.035 cnt=0.485) snap= 0.332 srm=  8.370 sat=  7.909(set=0.229 slv=7.677 max=7.6771 n=1) cex=R/T/F=0/0/1 trsplit=0 sim=14.386(rmp=0.432 run=13.954 n=1 d=0) incr=loc/full/maxdirty/keys=0/0/0/0 chk= 0.000(d=1) stat= 0.172 rest= 0.317
  [bmc-incr i=1460 repr=1 active=303/175455 POs=1]
BMC : c =     301  cl =   4503  lit =  175454  p =     0  d =     0  f =     1  +  T =     0.03 sec
  [bmc-prof 1460] wall=  31.947 p=     1 | ifo=  0.750(sd=0.217 nx=0.000 tfo=0.028 cnt=0.506) snap= 0.288 srm=  7.857 sat=  7.476(set=0.191 slv=7.284 max=7.2837 n=1) cex=R/T/F=0/0/1 trsplit=0 sim=15.071(rmp=0.395 run=14.675 n=1 d=0) incr=loc/full/maxdirty/keys=0/0/0/0 chk= 0.000(d=1) stat= 0.174 rest= 0.330
  [bmc-incr i=1461 repr=1 active=302/175454 POs=1]
BMC : c =     300  cl =   4503  lit =  175453  p =     0  d =     0  f =     1  +  T =     0.03 sec
  [bmc-prof 1461] wall=  32.209 p=     1 | ifo=  0.676(sd=0.180 nx=0.000 tfo=0.017 cnt=0.479) snap= 0.287 srm=  8.200 sat=  8.090(set=0.211 slv=7.877 max=7.8768 n=1) cex=R/T/F=0/0/1 trsplit=0 sim=14.486(rmp=0.427 run=14.058 n=1 d=0) incr=loc/full/maxdirty/keys=0/0/0/0 chk= 0.000(d=1) stat= 0.168 rest= 0.303
  [bmc-incr i=1462 repr=1 active=301/175453 POs=1]
BMC : c =     299  cl =   4503  lit =  175452  p =     0  d =     0  f =     1  +  T =     0.03 sec
  [bmc-prof 1462] wall=  33.904 p=     1 | ifo=  0.716(sd=0.179 nx=0.000 tfo=0.017 cnt=0.520) snap= 0.292 srm=  7.996 sat=  7.674(set=0.193 slv=7.479 max=7.4794 n=1) cex=R/T/F=0/0/1 trsplit=0 sim=16.758(rmp=0.402 run=16.356 n=1 d=0) incr=loc/full/maxdirty/keys=0/0/0/0 chk= 0.000(d=1) stat= 0.162 rest= 0.304
  [bmc-incr i=1463 repr=1 active=300/175452 POs=1]
BMC : c =     298  cl =   4503  lit =  175451  p =     0  d =     0  f =     1  +  T =     0.03 sec
  [bmc-prof 1463] wall=  34.909 p=     1 | ifo=  0.674(sd=0.179 nx=0.000 tfo=0.016 cnt=0.479) snap= 0.457 srm= 10.575 sat=  8.092(set=0.377 slv=7.713 max=7.7132 n=1) cex=R/T/F=0/0/1 trsplit=0 sim=14.631(rmp=0.443 run=14.187 n=1 d=0) incr=loc/full/maxdirty/keys=0/0/0/0 chk= 0.000(d=1) stat= 0.175 rest= 0.305
  [bmc-incr i=1464 repr=1 active=299/175451 POs=1]
BMC : c =     297  cl =   4503  lit =  175450  p =     0  d =     0  f =     1  +  T =     0.03 sec
  [bmc-prof 1464] wall=  33.121 p=     1 | ifo=  0.733(sd=0.220 nx=0.000 tfo=0.028 cnt=0.485) snap= 0.285 srm=  9.709 sat=  7.471(set=0.194 slv=7.275 max=7.2754 n=1) cex=R/T/F=0/0/1 trsplit=0 sim=14.429(rmp=0.424 run=14.004 n=1 d=0) incr=loc/full/maxdirty/keys=0/0/0/0 chk= 0.000(d=1) stat= 0.168 rest= 0.326
  [bmc-incr i=1465 repr=1 active=298/175450 POs=1]
BMC : c =     296  cl =   4503  lit =  175449  p =     0  d =     0  f =     1  +  T =     0.03 sec
  [bmc-prof 1465] wall=  32.327 p=     1 | ifo=  0.729(sd=0.184 nx=0.000 tfo=0.017 cnt=0.528) snap= 0.307 srm=  8.361 sat=  7.543(set=0.201 slv=7.339 max=7.3393 n=1) cex=R/T/F=0/0/1 trsplit=0 sim=14.900(rmp=0.492 run=14.407 n=1 d=0) incr=loc/full/maxdirty/keys=0/0/0/0 chk= 0.000(d=1) stat= 0.163 rest= 0.324
  [bmc-incr i=1466 repr=1 active=297/175449 POs=1]
BMC : c =     295  cl =   4503  lit =  175448  p =     0  d =     0  f =     1  +  T =     0.03 sec
  [bmc-prof 1466] wall=  31.566 p=     1 | ifo=  0.703(sd=0.183 nx=0.000 tfo=0.019 cnt=0.501) snap= 0.303 srm=  7.972 sat=  7.618(set=0.208 slv=7.407 max=7.4066 n=1) cex=R/T/F=0/0/1 trsplit=0 sim=14.500(rmp=0.449 run=14.050 n=1 d=0) incr=loc/full/maxdirty/keys=0/0/0/0 chk= 0.000(d=1) stat= 0.158 rest= 0.314
  [bmc-incr i=1467 repr=1 active=296/175448 POs=1]
BMC : c =     294  cl =   4503  lit =  175447  p =     0  d =     0  f =     1  +  T =     0.03 sec
  [bmc-prof 1467] wall=  30.836 p=     1 | ifo=  0.768(sd=0.181 nx=0.000 tfo=0.019 cnt=0.568) snap= 0.290 srm=  7.818 sat=  7.556(set=0.191 slv=7.363 max=7.3634 n=1) cex=R/T/F=0/0/1 trsplit=0 sim=13.953(rmp=0.402 run=13.550 n=1 d=0) incr=loc/full/maxdirty/keys=0/0/0/0 chk= 0.000(d=1) stat= 0.156 rest= 0.296
  [bmc-incr i=1468 repr=1 active=295/175447 POs=1]
BMC : c =     293  cl =   4503  lit =  175446  p =     0  d =     0  f =     1  +  T =     0.03 sec
  [bmc-prof 1468] wall=  34.585 p=     1 | ifo=  0.694(sd=0.174 nx=0.000 tfo=0.015 cnt=0.505) snap= 0.384 srm= 10.123 sat=  8.337(set=0.211 slv=8.124 max=8.1239 n=1) cex=R/T/F=0/0/1 trsplit=0 sim=14.590(rmp=0.438 run=14.151 n=1 d=0) incr=loc/full/maxdirty/keys=0/0/0/0 chk= 0.000(d=1) stat= 0.159 rest= 0.297
  [bmc-incr i=1469 repr=1 active=294/175446 POs=1]
BMC : c =     292  cl =   4503  lit =  175445  p =     0  d =     0  f =     1  +  T =     0.03 sec
  [bmc-prof 1469] wall=  31.306 p=     1 | ifo=  0.700(sd=0.201 nx=0.000 tfo=0.019 cnt=0.480) snap= 0.287 srm=  8.043 sat=  7.626(set=0.210 slv=7.414 max=7.4139 n=1) cex=R/T/F=0/0/1 trsplit=0 sim=14.189(rmp=0.416 run=13.772 n=1 d=0) incr=loc/full/maxdirty/keys=0/0/0/0 chk= 0.000(d=1) stat= 0.162 rest= 0.298
  [bmc-incr i=1470 repr=1 active=293/175445 POs=1]
BMC : c =     291  cl =   4503  lit =  175444  p =     0  d =     0  f =     1  +  T =     0.03 sec
  [bmc-prof 1470] wall=  32.254 p=     1 | ifo=  0.710(sd=0.195 nx=0.000 tfo=0.018 cnt=0.497) snap= 0.302 srm=  8.254 sat=  7.820(set=0.197 slv=7.620 max=7.6205 n=1) cex=R/T/F=0/0/1 trsplit=0 sim=14.668(rmp=0.419 run=14.248 n=1 d=0) incr=loc/full/maxdirty/keys=0/0/0/0 chk= 0.000(d=1) stat= 0.161 rest= 0.339
  [bmc-incr i=1471 repr=1 active=292/175444 POs=1]
BMC : c =     290  cl =   4503  lit =  175443  p =     0  d =     0  f =     1  +  T =     0.03 sec
  [bmc-prof 1471] wall=  31.046 p=     1 | ifo=  0.695(sd=0.184 nx=0.000 tfo=0.018 cnt=0.493) snap= 0.297 srm=  7.872 sat=  7.489(set=0.198 slv=7.289 max=7.2888 n=1) cex=R/T/F=0/0/1 trsplit=0 sim=14.125(rmp=0.402 run=13.722 n=1 d=0) incr=loc/full/maxdirty/keys=0/0/0/0 chk= 0.000(d=1) stat= 0.273 rest= 0.295
  [bmc-incr i=1472 repr=1 active=291/175443 POs=1]
BMC : c =     289  cl =   4503  lit =  175442  p =     0  d =     0  f =     1  +  T =     0.03 sec
  [bmc-prof 1472] wall=  31.771 p=     1 | ifo=  1.091(sd=0.588 nx=0.000 tfo=0.015 cnt=0.488) snap= 0.290 srm=  7.798 sat=  7.544(set=0.202 slv=7.340 max=7.3401 n=1) cex=R/T/F=0/0/1 trsplit=0 sim=14.593(rmp=0.411 run=14.181 n=1 d=0) incr=loc/full/maxdirty/keys=0/0/0/0 chk= 0.000(d=1) stat= 0.164 rest= 0.291
  [bmc-incr i=1473 repr=1 active=290/175442 POs=1]
BMC : c =     288  cl =   4503  lit =  175441  p =     0  d =     0  f =     1  +  T =     0.04 sec
  [bmc-prof 1473] wall=  41.790 p=     1 | ifo=  0.665(sd=0.174 nx=0.000 tfo=0.013 cnt=0.477) snap= 0.296 srm=  8.063 sat= 14.969(set=0.316 slv=14.651 max=14.6513 n=1) cex=R/T/F=0/0/1 trsplit=0 sim=17.316(rmp=0.431 run=16.884 n=1 d=0) incr=loc/full/maxdirty/keys=0/0/0/0 chk= 0.000(d=1) stat= 0.168 rest= 0.313
  [bmc-incr i=1474 repr=1 active=289/175441 POs=1]
BMC : c =     287  cl =   4503  lit =  175440  p =     0  d =     0  f =     1  +  T =     0.03 sec
  [bmc-prof 1474] wall=  32.145 p=     1 | ifo=  0.673(sd=0.180 nx=0.000 tfo=0.016 cnt=0.478) snap= 0.319 srm=  8.045 sat=  8.005(set=0.196 slv=7.806 max=7.8064 n=1) cex=R/T/F=0/0/1 trsplit=0 sim=14.620(rmp=0.555 run=14.065 n=1 d=0) incr=loc/full/maxdirty/keys=0/0/0/0 chk= 0.000(d=1) stat= 0.162 rest= 0.322
  [bmc-incr i=1475 repr=1 active=288/175440 POs=1]
BMC : c =     286  cl =   4503  lit =  175439  p =     0  d =     0  f =     1  +  T =     0.03 sec
  [bmc-prof 1475] wall=  30.966 p=     1 | ifo=  0.676(sd=0.182 nx=0.000 tfo=0.015 cnt=0.479) snap= 0.285 srm=  7.932 sat=  7.524(set=0.194 slv=7.328 max=7.3283 n=1) cex=R/T/F=0/0/1 trsplit=0 sim=14.099(rmp=0.410 run=13.689 n=1 d=0) incr=loc/full/maxdirty/keys=0/0/0/0 chk= 0.000(d=1) stat= 0.153 rest= 0.297
  [bmc-incr i=1476 repr=1 active=287/175439 POs=1]
BMC : c =     285  cl =   4503  lit =  175438  p =     0  d =     0  f =     1  +  T =     0.03 sec
  [bmc-prof 1476] wall=  31.828 p=     1 | ifo=  0.664(sd=0.174 nx=0.000 tfo=0.013 cnt=0.478) snap= 0.292 srm=  7.877 sat=  7.871(set=0.190 slv=7.679 max=7.6788 n=1) cex=R/T/F=0/0/1 trsplit=0 sim=14.655(rmp=0.455 run=14.200 n=1 d=0) incr=loc/full/maxdirty/keys=0/0/0/0 chk= 0.000(d=1) stat= 0.158 rest= 0.310
  [bmc-incr i=1477 repr=1 active=286/175438 POs=1]
BMC : c =     284  cl =   4503  lit =  175437  p =     0  d =     0  f =     1  +  T =     0.03 sec
  [bmc-prof 1477] wall=  31.466 p=     1 | ifo=  0.700(sd=0.197 nx=0.000 tfo=0.015 cnt=0.488) snap= 0.291 srm=  7.954 sat=  7.633(set=0.195 slv=7.436 max=7.4361 n=1) cex=R/T/F=0/0/1 trsplit=0 sim=14.441(rmp=0.403 run=14.037 n=1 d=0) incr=loc/full/maxdirty/keys=0/0/0/0 chk= 0.000(d=1) stat= 0.154 rest= 0.295
  [bmc-incr i=1478 repr=1 active=285/175437 POs=1]
BMC : c =     283  cl =   4503  lit =  175436  p =     0  d =     0  f =     1  +  T =     0.03 sec
  [bmc-prof 1478] wall=  32.194 p=     1 | ifo=  0.828(sd=0.177 nx=0.000 tfo=0.014 cnt=0.636) snap= 0.282 srm=  8.004 sat=  8.042(set=0.195 slv=7.844 max=7.8444 n=1) cex=R/T/F=0/0/1 trsplit=0 sim=14.513(rmp=0.440 run=14.072 n=1 d=0) incr=loc/full/maxdirty/keys=0/0/0/0 chk= 0.000(d=1) stat= 0.206 rest= 0.319
  [bmc-incr i=1479 repr=1 active=284/175436 POs=1]
BMC : c =     282  cl =   4503  lit =  175435  p =     0  d =     0  f =     1  +  T =     0.04 sec
  [bmc-prof 1479] wall=  40.150 p=     1 | ifo=  7.036(sd=0.183 nx=0.000 tfo=0.017 cnt=6.836) snap= 0.390 srm=  9.556 sat=  7.730(set=0.261 slv=7.467 max=7.4666 n=1) cex=R/T/F=0/0/1 trsplit=0 sim=14.926(rmp=0.470 run=14.456 n=1 d=0) incr=loc/full/maxdirty/keys=0/0/0/0 chk= 0.000(d=1) stat= 0.164 rest= 0.347
  [bmc-incr i=1480 repr=1 active=283/175435 POs=1]
BMC : c =     281  cl =   4503  lit =  175434  p =     0  d =     0  f =     1  +  T =     0.03 sec
  [bmc-prof 1480] wall=  32.013 p=     1 | ifo=  0.711(sd=0.206 nx=0.000 tfo=0.019 cnt=0.487) snap= 0.286 srm=  8.058 sat=  7.628(set=0.217 slv=7.409 max=7.4087 n=1) cex=R/T/F=0/0/1 trsplit=0 sim=14.869(rmp=0.712 run=14.155 n=1 d=0) incr=loc/full/maxdirty/keys=0/0/0/0 chk= 0.000(d=1) stat= 0.157 rest= 0.304
  [bmc-incr i=1481 repr=1 active=282/175434 POs=1]
BMC : c =     280  cl =   4503  lit =  175433  p =     0  d =     0  f =     1  +  T =     0.03 sec
  [bmc-prof 1481] wall=  31.150 p=     1 | ifo=  0.751(sd=0.183 nx=0.000 tfo=0.016 cnt=0.552) snap= 0.290 srm=  7.881 sat=  7.764(set=0.197 slv=7.565 max=7.5650 n=1) cex=R/T/F=0/0/1 trsplit=0 sim=13.995(rmp=0.406 run=13.588 n=1 d=0) incr=loc/full/maxdirty/keys=0/0/0/0 chk= 0.000(d=1) stat= 0.154 rest= 0.315
  [bmc-incr i=1482 repr=1 active=281/175433 POs=1]
BMC : c =     279  cl =   4503  lit =  175432  p =     0  d =     0  f =     1  +  T =     0.03 sec
  [bmc-prof 1482] wall=  31.477 p=     1 | ifo=  0.733(sd=0.176 nx=0.000 tfo=0.015 cnt=0.541) snap= 0.296 srm=  8.098 sat=  7.642(set=0.199 slv=7.441 max=7.4408 n=1) cex=R/T/F=0/0/1 trsplit=0 sim=14.252(rmp=0.410 run=13.841 n=1 d=0) incr=loc/full/maxdirty/keys=0/0/0/0 chk= 0.000(d=1) stat= 0.157 rest= 0.300
  [bmc-incr i=1483 repr=1 active=280/175432 POs=1]
BMC : c =     278  cl =   4503  lit =  175431  p =     0  d =     0  f =     1  +  T =     0.04 sec
  [bmc-prof 1483] wall=  37.502 p=     1 | ifo=  0.680(sd=0.175 nx=0.000 tfo=0.015 cnt=0.490) snap= 1.186 srm= 10.103 sat= 10.055(set=0.847 slv=9.206 max=9.2064 n=1) cex=R/T/F=0/0/1 trsplit=0 sim=14.955(rmp=0.444 run=14.511 n=1 d=0) incr=loc/full/maxdirty/keys=0/0/0/0 chk= 0.000(d=1) stat= 0.181 rest= 0.341
  [bmc-incr i=1484 repr=1 active=279/175431 POs=1]
BMC : c =     277  cl =   4503  lit =  175430  p =     0  d =     0  f =     1  +  T =     0.03 sec
  [bmc-prof 1484] wall=  31.818 p=     1 | ifo=  0.762(sd=0.225 nx=0.000 tfo=0.018 cnt=0.518) snap= 0.323 srm=  8.209 sat=  7.819(set=0.222 slv=7.594 max=7.5940 n=1) cex=R/T/F=0/0/1 trsplit=0 sim=14.259(rmp=0.415 run=13.843 n=1 d=0) incr=loc/full/maxdirty/keys=0/0/0/0 chk= 0.000(d=1) stat= 0.155 rest= 0.291
  [bmc-incr i=1485 repr=1 active=278/175430 POs=1]
BMC : c =     276  cl =   4503  lit =  175429  p =     0  d =     0  f =     1  +  T =     0.03 sec
  [bmc-prof 1485] wall=  30.950 p=     1 | ifo=  0.674(sd=0.176 nx=0.000 tfo=0.014 cnt=0.483) snap= 0.282 srm=  7.869 sat=  7.629(set=0.198 slv=7.429 max=7.4290 n=1) cex=R/T/F=0/0/1 trsplit=0 sim=14.044(rmp=0.402 run=13.641 n=1 d=0) incr=loc/full/maxdirty/keys=0/0/0/0 chk= 0.000(d=1) stat= 0.155 rest= 0.297
  [bmc-incr i=1486 repr=1 active=277/175429 POs=1]
BMC : c =     275  cl =   4503  lit =  175428  p =     0  d =     0  f =     1  +  T =     0.03 sec
  [bmc-prof 1486] wall=  31.671 p=     1 | ifo=  0.665(sd=0.174 nx=0.000 tfo=0.013 cnt=0.478) snap= 0.282 srm=  8.009 sat=  7.521(set=0.194 slv=7.325 max=7.3253 n=1) cex=R/T/F=0/0/1 trsplit=0 sim=14.750(rmp=0.403 run=14.346 n=1 d=0) incr=loc/full/maxdirty/keys=0/0/0/0 chk= 0.000(d=1) stat= 0.155 rest= 0.289
  [bmc-incr i=1487 repr=1 active=276/175428 POs=1]
BMC : c =     274  cl =   4503  lit =  175427  p =     0  d =     0  f =     1  +  T =     0.03 sec
  [bmc-prof 1487] wall=  31.425 p=     1 | ifo=  0.780(sd=0.174 nx=0.000 tfo=0.012 cnt=0.594) snap= 0.365 srm=  8.204 sat=  7.631(set=0.221 slv=7.408 max=7.4082 n=1) cex=R/T/F=0/0/1 trsplit=0 sim=13.997(rmp=0.413 run=13.584 n=1 d=0) incr=loc/full/maxdirty/keys=0/0/0/0 chk= 0.000(d=1) stat= 0.155 rest= 0.294
  [bmc-incr i=1488 repr=1 active=275/175427 POs=1]
BMC : c =     273  cl =   4503  lit =  175426  p =     0  d =     0  f =     1  +  T =     0.04 sec
  [bmc-prof 1488] wall=  36.104 p=     1 | ifo=  0.676(sd=0.177 nx=0.000 tfo=0.012 cnt=0.487) snap= 0.302 srm=  8.071 sat=  7.576(set=0.205 slv=7.370 max=7.3697 n=1) cex=R/T/F=0/0/1 trsplit=0 sim=19.008(rmp=0.408 run=18.599 n=1 d=0) incr=loc/full/maxdirty/keys=0/0/0/0 chk= 0.000(d=1) stat= 0.165 rest= 0.306
  [bmc-incr i=1489 repr=1 active=274/175426 POs=1]
BMC : c =     272  cl =   4503  lit =  175425  p =     0  d =     0  f =     1  +  T =     0.03 sec
  [bmc-prof 1489] wall=  31.883 p=     1 | ifo=  0.686(sd=0.180 nx=0.000 tfo=0.014 cnt=0.491) snap= 0.291 srm=  8.375 sat=  7.543(set=0.217 slv=7.324 max=7.3240 n=1) cex=R/T/F=0/0/1 trsplit=0 sim=14.534(rmp=0.424 run=14.109 n=1 d=0) incr=loc/full/maxdirty/keys=0/0/0/0 chk= 0.000(d=1) stat= 0.162 rest= 0.292
  [bmc-incr i=1490 repr=1 active=273/175425 POs=1]
BMC : c =     271  cl =   4503  lit =  175424  p =     0  d =     0  f =     1  +  T =     0.03 sec
  [bmc-prof 1490] wall=  31.641 p=     1 | ifo=  0.668(sd=0.178 nx=0.000 tfo=0.014 cnt=0.476) snap= 0.305 srm=  8.399 sat=  7.575(set=0.214 slv=7.359 max=7.3592 n=1) cex=R/T/F=0/0/1 trsplit=0 sim=14.221(rmp=0.397 run=13.823 n=1 d=0) incr=loc/full/maxdirty/keys=0/0/0/0 chk= 0.000(d=1) stat= 0.174 rest= 0.299
  [bmc-incr i=1491 repr=1 active=272/175424 POs=1]
BMC : c =     270  cl =   4503  lit =  175423  p =     0  d =     0  f =     1  +  T =     0.04 sec
  [bmc-prof 1491] wall=  39.528 p=     1 | ifo=  0.672(sd=0.183 nx=0.000 tfo=0.012 cnt=0.478) snap= 0.282 srm= 10.686 sat=  7.849(set=0.191 slv=7.656 max=7.6559 n=1) cex=R/T/F=0/0/1 trsplit=0 sim=19.577(rmp=0.466 run=19.110 n=1 d=0) incr=loc/full/maxdirty/keys=0/0/0/0 chk= 0.000(d=1) stat= 0.156 rest= 0.306
  [bmc-incr i=1492 repr=1 active=271/175423 POs=1]
BMC : c =     269  cl =   4503  lit =  175422  p =     0  d =     0  f =     1  +  T =     0.03 sec
  [bmc-prof 1492] wall=  30.672 p=     1 | ifo=  0.799(sd=0.204 nx=0.000 tfo=0.015 cnt=0.580) snap= 0.287 srm=  7.940 sat=  7.564(set=0.200 slv=7.362 max=7.3624 n=1) cex=R/T/F=0/0/1 trsplit=0 sim=13.543(rmp=0.393 run=13.148 n=1 d=0) incr=loc/full/maxdirty/keys=0/0/0/0 chk= 0.000(d=1) stat= 0.229 rest= 0.311
  [bmc-incr i=1493 repr=1 active=270/175422 POs=1]
BMC : c =     268  cl =   4503  lit =  175421  p =     0  d =     0  f =     1  +  T =     0.03 sec
  [bmc-prof 1493] wall=  33.239 p=     1 | ifo=  0.750(sd=0.212 nx=0.000 tfo=0.014 cnt=0.525) snap= 0.294 srm=  9.108 sat=  8.233(set=0.210 slv=8.020 max=8.0202 n=1) cex=R/T/F=0/0/1 trsplit=0 sim=14.395(rmp=0.452 run=13.943 n=1 d=0) incr=loc/full/maxdirty/keys=0/0/0/0 chk= 0.000(d=1) stat= 0.157 rest= 0.303
  [bmc-incr i=1494 repr=1 active=269/175421 POs=1]
BMC : c =     267  cl =   4503  lit =  175420  p =     0  d =     0  f =     1  +  T =     0.03 sec
  [bmc-prof 1494] wall=  32.995 p=     1 | ifo=  0.673(sd=0.178 nx=0.000 tfo=0.014 cnt=0.480) snap= 0.284 srm=  7.986 sat=  7.605(set=0.193 slv=7.410 max=7.4098 n=1) cex=R/T/F=0/0/1 trsplit=0 sim=15.936(rmp=0.420 run=15.515 n=1 d=0) incr=loc/full/maxdirty/keys=0/0/0/0 chk= 0.000(d=1) stat= 0.184 rest= 0.329
  [bmc-incr i=1495 repr=1 active=268/175420 POs=1]
BMC : c =     266  cl =   4503  lit =  175419  p =     0  d =     0  f =     1  +  T =     0.03 sec
  [bmc-prof 1495] wall=  32.061 p=     1 | ifo=  0.826(sd=0.253 nx=0.000 tfo=0.037 cnt=0.536) snap= 0.292 srm=  8.338 sat=  8.054(set=0.214 slv=7.837 max=7.8367 n=1) cex=R/T/F=0/0/1 trsplit=0 sim=14.027(rmp=0.565 run=13.462 n=1 d=0) incr=loc/full/maxdirty/keys=0/0/0/0 chk= 0.000(d=1) stat= 0.172 rest= 0.351
  [bmc-incr i=1496 repr=1 active=267/175419 POs=1]
BMC : c =     265  cl =   4503  lit =  175418  p =     0  d =     0  f =     1  +  T =     0.03 sec
  [bmc-prof 1496] wall=  31.941 p=     1 | ifo=  0.766(sd=0.233 nx=0.000 tfo=0.014 cnt=0.519) snap= 0.296 srm=  9.019 sat=  7.651(set=0.196 slv=7.452 max=7.4518 n=1) cex=R/T/F=0/0/1 trsplit=0 sim=13.605(rmp=0.506 run=13.098 n=1 d=0) incr=loc/full/maxdirty/keys=0/0/0/0 chk= 0.000(d=1) stat= 0.188 rest= 0.415
  [bmc-incr i=1497 repr=1 active=266/175418 POs=1]
BMC : c =     264  cl =   4503  lit =  175417  p =     0  d =     0  f =     1  +  T =     0.04 sec
  [bmc-prof 1497] wall=  35.677 p=     1 | ifo=  0.774(sd=0.225 nx=0.000 tfo=0.017 cnt=0.533) snap= 0.320 srm=  8.596 sat=  8.743(set=0.260 slv=8.480 max=8.4805 n=1) cex=R/T/F=0/0/1 trsplit=0 sim=16.742(rmp=0.415 run=16.326 n=1 d=0) incr=loc/full/maxdirty/keys=0/0/0/0 chk= 0.000(d=1) stat= 0.178 rest= 0.323
  [bmc-incr i=1498 repr=1 active=265/175417 POs=1]
BMC : c =     263  cl =   4503  lit =  175416  p =     0  d =     0  f =     1  +  T =     0.03 sec
  [bmc-prof 1498] wall=  33.047 p=     1 | ifo=  0.738(sd=0.213 nx=0.000 tfo=0.014 cnt=0.512) snap= 0.318 srm=  8.024 sat=  8.665(set=0.218 slv=8.444 max=8.4438 n=1) cex=R/T/F=0/0/1 trsplit=0 sim=14.821(rmp=0.458 run=14.362 n=1 d=0) incr=loc/full/maxdirty/keys=0/0/0/0 chk= 0.000(d=1) stat= 0.160 rest= 0.321
  [bmc-incr i=1499 repr=1 active=264/175416 POs=1]
BMC : c =     262  cl =   4503  lit =  175415  p =     0  d =     0  f =     1  +  T =     0.03 sec
  [bmc-prof 1499] wall=  30.983 p=     1 | ifo=  0.713(sd=0.193 nx=0.000 tfo=0.014 cnt=0.506) snap= 0.283 srm=  7.839 sat=  7.591(set=0.192 slv=7.398 max=7.3975 n=1) cex=R/T/F=0/0/1 trsplit=0 sim=14.097(rmp=0.400 run=13.696 n=1 d=0) incr=loc/full/maxdirty/keys=0/0/0/0 chk= 0.000(d=1) stat= 0.153 rest= 0.306
  [bmc-incr i=1500 repr=1 active=263/175415 POs=1]
BMC : c =     261  cl =   4503  lit =  175414  p =     0  d =     0  f =     1  +  T =     0.03 sec
  [bmc-prof 1500] wall=  30.938 p=     1 | ifo=  0.676(sd=0.184 nx=0.000 tfo=0.014 cnt=0.478) snap= 0.280 srm=  7.799 sat=  7.600(set=0.189 slv=7.409 max=7.4089 n=1) cex=R/T/F=0/0/1 trsplit=0 sim=14.136(rmp=0.403 run=13.732 n=1 d=0) incr=loc/full/maxdirty/keys=0/0/0/0 chk= 0.000(d=1) stat= 0.153 rest= 0.294
  [bmc-incr i=1501 repr=1 active=262/175414 POs=1]
BMC : c =     260  cl =   4503  lit =  175413  p =     0  d =     0  f =     1  +  T =     0.03 sec
  [bmc-prof 1501] wall=  30.845 p=     1 | ifo=  0.672(sd=0.175 nx=0.000 tfo=0.011 cnt=0.487) snap= 0.284 srm=  7.798 sat=  7.549(set=0.190 slv=7.358 max=7.3576 n=1) cex=R/T/F=0/0/1 trsplit=0 sim=14.042(rmp=0.396 run=13.645 n=1 d=0) incr=loc/full/maxdirty/keys=0/0/0/0 chk= 0.000(d=1) stat= 0.204 rest= 0.296
  [bmc-incr i=1502 repr=1 active=261/175413 POs=1]
BMC : c =     259  cl =   4503  lit =  175412  p =     0  d =     0  f =     1  +  T =     0.03 sec
  [bmc-prof 1502] wall=  31.870 p=     1 | ifo=  0.682(sd=0.190 nx=0.000 tfo=0.012 cnt=0.479) snap= 0.296 srm=  8.203 sat=  7.583(set=0.206 slv=7.375 max=7.3747 n=1) cex=R/T/F=0/0/1 trsplit=0 sim=14.615(rmp=0.438 run=14.175 n=1 d=0) incr=loc/full/maxdirty/keys=0/0/0/0 chk= 0.000(d=1) stat= 0.164 rest= 0.327
  [bmc-incr i=1503 repr=1 active=260/175412 POs=1]
BMC : c =     258  cl =   4503  lit =  175411  p =     0  d =     0  f =     1  +  T =     0.03 sec
  [bmc-prof 1503] wall=  32.755 p=     1 | ifo=  0.684(sd=0.182 nx=0.000 tfo=0.014 cnt=0.488) snap= 0.307 srm=  8.236 sat=  7.869(set=0.282 slv=7.584 max=7.5838 n=1) cex=R/T/F=0/0/1 trsplit=0 sim=15.144(rmp=0.473 run=14.670 n=1 d=0) incr=loc/full/maxdirty/keys=0/0/0/0 chk= 0.000(d=1) stat= 0.176 rest= 0.340
  [bmc-incr i=1504 repr=1 active=259/175411 POs=1]
BMC : c =     257  cl =   4503  lit =  175410  p =     0  d =     0  f =     1  +  T =     0.03 sec
  [bmc-prof 1504] wall=  32.156 p=     1 | ifo=  0.712(sd=0.190 nx=0.000 tfo=0.014 cnt=0.507) snap= 0.320 srm=  8.231 sat=  7.721(set=0.231 slv=7.489 max=7.4886 n=1) cex=R/T/F=0/0/1 trsplit=0 sim=14.678(rmp=0.445 run=14.233 n=1 d=0) incr=loc/full/maxdirty/keys=0/0/0/0 chk= 0.001(d=1) stat= 0.173 rest= 0.320
  [bmc-incr i=1505 repr=1 active=258/175410 POs=1]
BMC : c =     256  cl =   4503  lit =  175409  p =     0  d =     0  f =     1  +  T =     0.03 sec
  [bmc-prof 1505] wall=  31.491 p=     1 | ifo=  0.682(sd=0.182 nx=0.000 tfo=0.015 cnt=0.485) snap= 0.345 srm=  8.478 sat=  7.616(set=0.242 slv=7.371 max=7.3710 n=1) cex=R/T/F=0/0/1 trsplit=0 sim=13.862(rmp=0.519 run=13.342 n=1 d=0) incr=loc/full/maxdirty/keys=0/0/0/0 chk= 0.000(d=1) stat= 0.177 rest= 0.331
  [bmc-incr i=1506 repr=1 active=257/175409 POs=1]
BMC : c =     255  cl =   4503  lit =  175408  p =     0  d =     0  f =     1  +  T =     0.03 sec
  [bmc-prof 1506] wall=  30.941 p=     1 | ifo=  0.769(sd=0.225 nx=0.000 tfo=0.016 cnt=0.528) snap= 0.325 srm=  8.178 sat=  7.589(set=0.250 slv=7.337 max=7.3369 n=1) cex=R/T/F=0/0/1 trsplit=0 sim=13.570(rmp=0.503 run=13.066 n=1 d=0) incr=loc/full/maxdirty/keys=0/0/0/0 chk= 0.000(d=1) stat= 0.173 rest= 0.337
  [bmc-incr i=1507 repr=1 active=256/175408 POs=1]
BMC : c =     254  cl =   4503  lit =  175407  p =     0  d =     0  f =     1  +  T =     0.03 sec
  [bmc-prof 1507] wall=  31.797 p=     1 | ifo=  0.755(sd=0.222 nx=0.000 tfo=0.016 cnt=0.517) snap= 0.295 srm=  8.223 sat=  7.563(set=0.205 slv=7.356 max=7.3562 n=1) cex=R/T/F=0/0/1 trsplit=0 sim=14.490(rmp=0.460 run=14.029 n=1 d=0) incr=loc/full/maxdirty/keys=0/0/0/0 chk= 0.001(d=1) stat= 0.157 rest= 0.314
  [bmc-incr i=1508 repr=1 active=255/175407 POs=1]
BMC : c =     253  cl =   4503  lit =  175406  p =     0  d =     0  f =     1  +  T =     0.03 sec
  [bmc-prof 1508] wall=  32.591 p=     1 | ifo=  0.682(sd=0.181 nx=0.000 tfo=0.015 cnt=0.486) snap= 0.287 srm=  8.096 sat=  7.581(set=0.206 slv=7.373 max=7.3728 n=1) cex=R/T/F=0/0/1 trsplit=0 sim=15.487(rmp=0.401 run=15.085 n=1 d=0) incr=loc/full/maxdirty/keys=0/0/0/0 chk= 0.000(d=1) stat= 0.161 rest= 0.297
  [bmc-incr i=1509 repr=1 active=254/175406 POs=1]
BMC : c =     252  cl =   4503  lit =  175405  p =     0  d =     0  f =     1  +  T =     0.04 sec
  [bmc-prof 1509] wall=  38.162 p=     1 | ifo=  0.686(sd=0.180 nx=0.000 tfo=0.015 cnt=0.491) snap= 1.139 srm= 11.916 sat=  9.117(set=0.896 slv=8.218 max=8.2182 n=1) cex=R/T/F=0/0/1 trsplit=0 sim=14.820(rmp=0.444 run=14.375 n=1 d=0) incr=loc/full/maxdirty/keys=0/0/0/0 chk= 0.000(d=1) stat= 0.162 rest= 0.323
  [bmc-incr i=1510 repr=1 active=253/175405 POs=1]
BMC : c =     251  cl =   4503  lit =  175404  p =     0  d =     0  f =     1  +  T =     0.03 sec
  [bmc-prof 1510] wall=  32.027 p=     1 | ifo=  0.704(sd=0.185 nx=0.000 tfo=0.015 cnt=0.504) snap= 0.293 srm=  8.078 sat=  7.891(set=0.215 slv=7.674 max=7.6742 n=1) cex=R/T/F=0/0/1 trsplit=0 sim=14.528(rmp=0.413 run=14.114 n=1 d=0) incr=loc/full/maxdirty/keys=0/0/0/0 chk= 0.000(d=1) stat= 0.216 rest= 0.316
  [bmc-incr i=1511 repr=1 active=252/175404 POs=1]
BMC : c =     250  cl =   4503  lit =  175403  p =     0  d =     0  f =     1  +  T =     0.03 sec
  [bmc-prof 1511] wall=  32.261 p=     1 | ifo=  0.698(sd=0.188 nx=0.000 tfo=0.015 cnt=0.496) snap= 0.283 srm=  8.033 sat=  8.414(set=0.195 slv=8.216 max=8.2165 n=1) cex=R/T/F=0/0/1 trsplit=0 sim=14.369(rmp=0.427 run=13.941 n=1 d=0) incr=loc/full/maxdirty/keys=0/0/0/0 chk= 0.000(d=1) stat= 0.157 rest= 0.306
  [bmc-incr i=1512 repr=1 active=251/175403 POs=1]
BMC : c =     249  cl =   4503  lit =  175402  p =     0  d =     0  f =     1  +  T =     0.03 sec
  [bmc-prof 1512] wall=  31.071 p=     1 | ifo=  0.672(sd=0.178 nx=0.000 tfo=0.015 cnt=0.479) snap= 0.302 srm=  7.831 sat=  7.708(set=0.203 slv=7.503 max=7.5028 n=1) cex=R/T/F=0/0/1 trsplit=0 sim=14.005(rmp=0.520 run=13.485 n=1 d=0) incr=loc/full/maxdirty/keys=0/0/0/0 chk= 0.000(d=1) stat= 0.189 rest= 0.363
  [bmc-incr i=1513 repr=1 active=250/175402 POs=1]
BMC : c =     248  cl =   4503  lit =  175401  p =     0  d =     0  f =     1  +  T =     0.03 sec
  [bmc-prof 1513] wall=  31.128 p=     1 | ifo=  0.794(sd=0.235 nx=0.000 tfo=0.015 cnt=0.544) snap= 0.323 srm=  8.352 sat=  7.645(set=0.232 slv=7.412 max=7.4115 n=1) cex=R/T/F=0/0/1 trsplit=0 sim=13.496(rmp=0.492 run=13.004 n=1 d=0) incr=loc/full/maxdirty/keys=0/0/0/0 chk= 0.000(d=1) stat= 0.186 rest= 0.332
  [bmc-incr i=1514 repr=1 active=249/175401 POs=1]
BMC : c =     247  cl =   4503  lit =  175400  p =     0  d =     0  f =     1  +  T =     0.03 sec
  [bmc-prof 1514] wall=  31.893 p=     1 | ifo=  0.739(sd=0.214 nx=0.000 tfo=0.015 cnt=0.511) snap= 0.321 srm=  8.161 sat=  7.699(set=0.240 slv=7.457 max=7.4566 n=1) cex=R/T/F=0/0/1 trsplit=0 sim=14.468(rmp=0.467 run=14.000 n=1 d=0) incr=loc/full/maxdirty/keys=0/0/0/0 chk= 0.000(d=1) stat= 0.181 rest= 0.324
  [bmc-incr i=1515 repr=1 active=248/175400 POs=1]
BMC : c =     246  cl =   4503  lit =  175399  p =     0  d =     0  f =     1  +  T =     0.03 sec
  [bmc-prof 1515] wall=  32.550 p=     1 | ifo=  0.680(sd=0.182 nx=0.000 tfo=0.015 cnt=0.483) snap= 0.298 srm=  8.153 sat=  7.978(set=0.205 slv=7.770 max=7.7699 n=1) cex=R/T/F=0/0/1 trsplit=0 sim=14.888(rmp=0.443 run=14.444 n=1 d=0) incr=loc/full/maxdirty/keys=0/0/0/0 chk= 0.000(d=1) stat= 0.159 rest= 0.394
  [bmc-incr i=1516 repr=1 active=247/175399 POs=1]
BMC : c =     245  cl =   4503  lit =  175398  p =     0  d =     0  f =     1  +  T =     0.03 sec
  [bmc-prof 1516] wall=  31.062 p=     1 | ifo=  0.682(sd=0.187 nx=0.000 tfo=0.014 cnt=0.481) snap= 0.289 srm=  7.943 sat=  7.679(set=0.196 slv=7.480 max=7.4801 n=1) cex=R/T/F=0/0/1 trsplit=0 sim=14.012(rmp=0.398 run=13.614 n=1 d=0) incr=loc/full/maxdirty/keys=0/0/0/0 chk= 0.000(d=1) stat= 0.168 rest= 0.290
  [bmc-incr i=1517 repr=1 active=246/175398 POs=1]
BMC : c =     244  cl =   4503  lit =  175397  p =     0  d =     0  f =     1  +  T =     0.03 sec
  [bmc-prof 1517] wall=  31.141 p=     1 | ifo=  0.680(sd=0.181 nx=0.000 tfo=0.014 cnt=0.484) snap= 0.297 srm=  7.837 sat=  7.655(set=0.192 slv=7.461 max=7.4610 n=1) cex=R/T/F=0/0/1 trsplit=0 sim=14.212(rmp=0.394 run=13.817 n=1 d=0) incr=loc/full/maxdirty/keys=0/0/0/0 chk= 0.000(d=1) stat= 0.156 rest= 0.304
  [bmc-incr i=1518 repr=1 active=245/175397 POs=1]
BMC : c =     243  cl =   4503  lit =  175396  p =     0  d =     0  f =     1  +  T =     0.03 sec
  [bmc-prof 1518] wall=  33.477 p=     1 | ifo=  0.679(sd=0.177 nx=0.000 tfo=0.013 cnt=0.488) snap= 0.298 srm=  7.851 sat=  8.812(set=0.195 slv=8.615 max=8.6147 n=1) cex=R/T/F=0/0/1 trsplit=0 sim=15.369(rmp=0.397 run=14.972 n=1 d=0) incr=loc/full/maxdirty/keys=0/0/0/0 chk= 0.000(d=1) stat= 0.163 rest= 0.304
  [bmc-incr i=1519 repr=1 active=244/175396 POs=1]
BMC : c =     242  cl =   4503  lit =  175395  p =     0  d =     0  f =     1  +  T =     0.03 sec
  [bmc-prof 1519] wall=  34.016 p=     1 | ifo=  0.688(sd=0.184 nx=0.000 tfo=0.014 cnt=0.491) snap= 0.296 srm= 10.216 sat=  7.686(set=0.240 slv=7.444 max=7.4441 n=1) cex=R/T/F=0/0/1 trsplit=0 sim=14.605(rmp=0.463 run=14.141 n=1 d=0) incr=loc/full/maxdirty/keys=0/0/0/0 chk= 0.000(d=1) stat= 0.159 rest= 0.365
  [bmc-incr i=1520 repr=1 active=243/175395 POs=1]
BMC : c =     241  cl =   4503  lit =  175394  p =     0  d =     0  f =     1  +  T =     0.03 sec
  [bmc-prof 1520] wall=  32.020 p=     1 | ifo=  0.700(sd=0.182 nx=0.000 tfo=0.015 cnt=0.503) snap= 0.298 srm=  8.248 sat=  7.625(set=0.210 slv=7.413 max=7.4126 n=1) cex=R/T/F=0/0/1 trsplit=0 sim=14.676(rmp=0.403 run=14.272 n=1 d=0) incr=loc/full/maxdirty/keys=0/0/0/0 chk= 0.000(d=1) stat= 0.161 rest= 0.311
  [bmc-incr i=1521 repr=1 active=242/175394 POs=1]
BMC : c =     240  cl =   4503  lit =  175393  p =     0  d =     0  f =     1  +  T =     0.03 sec
  [bmc-prof 1521] wall=  31.553 p=     1 | ifo=  0.689(sd=0.184 nx=0.000 tfo=0.023 cnt=0.482) snap= 0.286 srm=  8.321 sat=  7.655(set=0.228 slv=7.425 max=7.4247 n=1) cex=R/T/F=0/0/1 trsplit=0 sim=14.154(rmp=0.400 run=13.753 n=1 d=0) incr=loc/full/maxdirty/keys=0/0/0/0 chk= 0.000(d=1) stat= 0.152 rest= 0.295
  [bmc-incr i=1522 repr=1 active=241/175393 POs=1]
BMC : c =     239  cl =   4503  lit =  175392  p =     0  d =     0  f =     1  +  T =     0.03 sec
  [bmc-prof 1522] wall=  31.097 p=     1 | ifo=  0.677(sd=0.179 nx=0.000 tfo=0.013 cnt=0.484) snap= 0.282 srm=  7.961 sat=  7.664(set=0.189 slv=7.474 max=7.4742 n=1) cex=R/T/F=0/0/1 trsplit=0 sim=14.056(rmp=0.411 run=13.644 n=1 d=0) incr=loc/full/maxdirty/keys=0/0/0/0 chk= 0.000(d=1) stat= 0.154 rest= 0.302
  [bmc-incr i=1523 repr=1 active=240/175392 POs=1]
BMC : c =     238  cl =   4503  lit =  175391  p =     0  d =     0  f =     1  +  T =     0.03 sec
  [bmc-prof 1523] wall=  32.494 p=     1 | ifo=  0.760(sd=0.173 nx=0.000 tfo=0.010 cnt=0.577) snap= 0.282 srm=  7.768 sat=  7.732(set=0.202 slv=7.528 max=7.5277 n=1) cex=R/T/F=0/0/1 trsplit=0 sim=15.470(rmp=0.408 run=15.061 n=1 d=0) incr=loc/full/maxdirty/keys=0/0/0/0 chk= 0.000(d=1) stat= 0.174 rest= 0.308
  [bmc-incr i=1524 repr=1 active=239/175391 POs=1]
BMC : c =     237  cl =   4503  lit =  175390  p =     0  d =     0  f =     1  +  T =     0.03 sec
  [bmc-prof 1524] wall=  33.756 p=     1 | ifo=  1.470(sd=0.189 nx=0.000 tfo=0.014 cnt=1.267) snap= 0.291 srm=  8.202 sat=  7.735(set=0.204 slv=7.529 max=7.5291 n=1) cex=R/T/F=0/0/1 trsplit=0 sim=15.582(rmp=0.420 run=15.161 n=1 d=0) incr=loc/full/maxdirty/keys=0/0/0/0 chk= 0.000(d=1) stat= 0.159 rest= 0.317
  [bmc-incr i=1525 repr=1 active=238/175390 POs=1]
BMC : c =     236  cl =   4503  lit =  175389  p =     0  d =     0  f =     1  +  T =     0.03 sec
  [bmc-prof 1525] wall=  31.299 p=     1 | ifo=  0.732(sd=0.213 nx=0.000 tfo=0.015 cnt=0.505) snap= 0.286 srm=  8.057 sat=  7.640(set=0.205 slv=7.433 max=7.4333 n=1) cex=R/T/F=0/0/1 trsplit=0 sim=14.123(rmp=0.417 run=13.705 n=1 d=0) incr=loc/full/maxdirty/keys=0/0/0/0 chk= 0.000(d=1) stat= 0.168 rest= 0.294
  [bmc-incr i=1526 repr=1 active=237/175389 POs=1]
BMC : c =     235  cl =   4503  lit =  175388  p =     0  d =     0  f =     1  +  T =     0.03 sec
  [bmc-prof 1526] wall=  32.234 p=     1 | ifo=  0.677(sd=0.178 nx=0.000 tfo=0.012 cnt=0.487) snap= 0.292 srm=  8.011 sat=  8.266(set=0.192 slv=8.071 max=8.0712 n=1) cex=R/T/F=0/0/1 trsplit=0 sim=14.482(rmp=0.806 run=13.675 n=1 d=0) incr=loc/full/maxdirty/keys=0/0/0/0 chk= 0.000(d=1) stat= 0.168 rest= 0.337
  [bmc-incr i=1527 repr=1 active=236/175388 POs=1]
BMC : c =     234  cl =   4503  lit =  175387  p =     0  d =     0  f =     1  +  T =     0.03 sec
  [bmc-prof 1527] wall=  31.297 p=     1 | ifo=  0.676(sd=0.177 nx=0.000 tfo=0.014 cnt=0.485) snap= 0.285 srm=  7.979 sat=  7.640(set=0.205 slv=7.433 max=7.4333 n=1) cex=R/T/F=0/0/1 trsplit=0 sim=14.251(rmp=0.407 run=13.842 n=1 d=0) incr=loc/full/maxdirty/keys=0/0/0/0 chk= 0.000(d=1) stat= 0.163 rest= 0.303
  [bmc-incr i=1528 repr=1 active=235/175387 POs=1]
BMC : c =     233  cl =   4503  lit =  175386  p =     0  d =     0  f =     1  +  T =     0.03 sec
  [bmc-prof 1528] wall=  31.595 p=     1 | ifo=  0.692(sd=0.182 nx=0.000 tfo=0.015 cnt=0.495) snap= 0.303 srm=  8.246 sat=  7.692(set=0.226 slv=7.464 max=7.4639 n=1) cex=R/T/F=0/0/1 trsplit=0 sim=14.207(rmp=0.407 run=13.800 n=1 d=0) incr=loc/full/maxdirty/keys=0/0/0/0 chk= 0.000(d=1) stat= 0.156 rest= 0.298
  [bmc-incr i=1529 repr=1 active=234/175386 POs=1]
BMC : c =     232  cl =   4503  lit =  175385  p =     0  d =     0  f =     1  +  T =     0.04 sec
  [bmc-prof 1529] wall=  36.898 p=     1 | ifo=  0.670(sd=0.178 nx=0.000 tfo=0.013 cnt=0.479) snap= 0.345 srm=  9.982 sat=  8.774(set=0.557 slv=8.215 max=8.2148 n=1) cex=R/T/F=0/0/1 trsplit=0 sim=16.666(rmp=0.419 run=16.246 n=1 d=0) incr=loc/full/maxdirty/keys=0/0/0/0 chk= 0.000(d=1) stat= 0.156 rest= 0.305
  [bmc-incr i=1530 repr=1 active=233/175385 POs=1]
BMC : c =     231  cl =   4503  lit =  175384  p =     0  d =     0  f =     1  +  T =     0.03 sec
  [bmc-prof 1530] wall=  33.506 p=     1 | ifo=  0.677(sd=0.178 nx=0.000 tfo=0.012 cnt=0.487) snap= 0.302 srm=  8.420 sat=  9.353(set=0.205 slv=9.147 max=9.1466 n=1) cex=R/T/F=0/0/1 trsplit=0 sim=14.297(rmp=0.432 run=13.864 n=1 d=0) incr=loc/full/maxdirty/keys=0/0/0/0 chk= 0.000(d=1) stat= 0.157 rest= 0.299
  [bmc-incr i=1531 repr=1 active=232/175384 POs=1]
BMC : c =     230  cl =   4503  lit =  175383  p =     0  d =     0  f =     1  +  T =     0.03 sec
  [bmc-prof 1531] wall=  32.234 p=     1 | ifo=  0.677(sd=0.178 nx=0.000 tfo=0.014 cnt=0.485) snap= 0.281 srm=  7.992 sat=  7.635(set=0.193 slv=7.440 max=7.4400 n=1) cex=R/T/F=0/0/1 trsplit=0 sim=15.176(rmp=0.403 run=14.772 n=1 d=0) incr=loc/full/maxdirty/keys=0/0/0/0 chk= 0.000(d=1) stat= 0.167 rest= 0.306
  [bmc-incr i=1532 repr=1 active=231/175383 POs=1]
BMC : c =     229  cl =   4503  lit =  175382  p =     0  d =     0  f =     1  +  T =     0.03 sec
  [bmc-prof 1532] wall=  31.825 p=     1 | ifo=  0.692(sd=0.192 nx=0.000 tfo=0.014 cnt=0.487) snap= 0.347 srm=  8.175 sat=  7.840(set=0.246 slv=7.592 max=7.5921 n=1) cex=R/T/F=0/0/1 trsplit=0 sim=14.313(rmp=0.435 run=13.877 n=1 d=0) incr=loc/full/maxdirty/keys=0/0/0/0 chk= 0.000(d=1) stat= 0.164 rest= 0.294
  [bmc-incr i=1533 repr=1 active=230/175382 POs=1]
BMC : c =     228  cl =   4503  lit =  175381  p =     0  d =     0  f =     1  +  T =     0.03 sec
  [bmc-prof 1533] wall=  31.171 p=     1 | ifo=  0.670(sd=0.177 nx=0.000 tfo=0.013 cnt=0.480) snap= 0.292 srm=  8.020 sat=  7.699(set=0.199 slv=7.499 max=7.4987 n=1) cex=R/T/F=0/0/1 trsplit=0 sim=14.008(rmp=0.409 run=13.598 n=1 d=0) incr=loc/full/maxdirty/keys=0/0/0/0 chk= 0.000(d=1) stat= 0.169 rest= 0.314
  [bmc-incr i=1534 repr=1 active=229/175381 POs=1]
BMC : c =     227  cl =   4503  lit =  175380  p =     0  d =     0  f =     1  +  T =     0.03 sec
  [bmc-prof 1534] wall=  32.463 p=     1 | ifo=  0.690(sd=0.185 nx=0.000 tfo=0.011 cnt=0.495) snap= 0.304 srm=  8.518 sat=  7.695(set=0.202 slv=7.491 max=7.4914 n=1) cex=R/T/F=0/0/1 trsplit=0 sim=14.803(rmp=0.414 run=14.388 n=1 d=0) incr=loc/full/maxdirty/keys=0/0/0/0 chk= 0.000(d=1) stat= 0.159 rest= 0.294
  [bmc-incr i=1535 repr=1 active=228/175380 POs=1]
BMC : c =     226  cl =   4503  lit =  175379  p =     0  d =     0  f =     1  +  T =     0.03 sec
  [bmc-prof 1535] wall=  31.109 p=     1 | ifo=  0.683(sd=0.181 nx=0.000 tfo=0.011 cnt=0.491) snap= 0.283 srm=  7.937 sat=  7.636(set=0.193 slv=7.442 max=7.4416 n=1) cex=R/T/F=0/0/1 trsplit=0 sim=14.114(rmp=0.410 run=13.704 n=1 d=0) incr=loc/full/maxdirty/keys=0/0/0/0 chk= 0.000(d=1) stat= 0.155 rest= 0.302
  [bmc-incr i=1536 repr=1 active=227/175379 POs=1]
BMC : c =     225  cl =   4503  lit =  175378  p =     0  d =     0  f =     1  +  T =     0.03 sec
  [bmc-prof 1536] wall=  31.613 p=     1 | ifo=  0.658(sd=0.173 nx=0.000 tfo=0.009 cnt=0.476) snap= 0.285 srm=  8.252 sat=  7.654(set=0.205 slv=7.447 max=7.4475 n=1) cex=R/T/F=0/0/1 trsplit=0 sim=14.259(rmp=0.460 run=13.799 n=1 d=0) incr=loc/full/maxdirty/keys=0/0/0/0 chk= 0.000(d=1) stat= 0.183 rest= 0.321
  [bmc-incr i=1537 repr=1 active=226/175378 POs=1]
BMC : c =     224  cl =   4503  lit =  175377  p =     0  d =     0  f =     1  +  T =     0.03 sec
  [bmc-prof 1537] wall=  31.215 p=     1 | ifo=  0.719(sd=0.218 nx=0.000 tfo=0.013 cnt=0.488) snap= 0.297 srm=  8.021 sat=  7.669(set=0.201 slv=7.466 max=7.4661 n=1) cex=R/T/F=0/0/1 trsplit=0 sim=14.056(rmp=0.406 run=13.649 n=1 d=0) incr=loc/full/maxdirty/keys=0/0/0/0 chk= 0.000(d=1) stat= 0.162 rest= 0.290
  [bmc-incr i=1538 repr=1 active=225/175377 POs=1]
BMC : c =     223  cl =   4503  lit =  175376  p =     0  d =     0  f =     1  +  T =     0.03 sec
  [bmc-prof 1538] wall=  30.990 p=     1 | ifo=  0.662(sd=0.176 nx=0.000 tfo=0.012 cnt=0.474) snap= 0.280 srm=  8.011 sat=  7.654(set=0.191 slv=7.461 max=7.4613 n=1) cex=R/T/F=0/0/1 trsplit=0 sim=13.936(rmp=0.401 run=13.534 n=1 d=0) incr=loc/full/maxdirty/keys=0/0/0/0 chk= 0.000(d=1) stat= 0.159 rest= 0.288
  [bmc-incr i=1539 repr=1 active=224/175376 POs=1]
BMC : c =     222  cl =   4503  lit =  175375  p =     0  d =     0  f =     1  +  T =     0.04 sec
  [bmc-prof 1539] wall=  37.163 p=     1 | ifo=  0.656(sd=0.172 nx=0.000 tfo=0.009 cnt=0.475) snap= 0.288 srm=  8.319 sat=  7.708(set=0.204 slv=7.503 max=7.5032 n=1) cex=R/T/F=0/0/1 trsplit=0 sim=19.723(rmp=0.429 run=19.293 n=1 d=0) incr=loc/full/maxdirty/keys=0/0/0/0 chk= 0.000(d=1) stat= 0.159 rest= 0.309
  [bmc-incr i=1540 repr=1 active=223/175375 POs=1]
BMC : c =     221  cl =   4503  lit =  175374  p =     0  d =     0  f =     1  +  T =     0.03 sec
  [bmc-prof 1540] wall=  33.042 p=     1 | ifo=  0.687(sd=0.190 nx=0.000 tfo=0.014 cnt=0.483) snap= 0.304 srm=  9.515 sat=  7.872(set=0.196 slv=7.673 max=7.6731 n=1) cex=R/T/F=0/0/1 trsplit=0 sim=14.180(rmp=0.396 run=13.784 n=1 d=0) incr=loc/full/maxdirty/keys=0/0/0/0 chk= 0.000(d=1) stat= 0.167 rest= 0.317
  [bmc-incr i=1541 repr=1 active=222/175374 POs=1]
BMC : c =     220  cl =   4503  lit =  175373  p =     0  d =     0  f =     1  +  T =     0.03 sec
  [bmc-prof 1541] wall=  32.112 p=     1 | ifo=  0.689(sd=0.182 nx=0.000 tfo=0.014 cnt=0.494) snap= 0.303 srm=  8.388 sat=  7.830(set=0.236 slv=7.591 max=7.5911 n=1) cex=R/T/F=0/0/1 trsplit=0 sim=14.447(rmp=0.433 run=14.014 n=1 d=0) incr=loc/full/maxdirty/keys=0/0/0/0 chk= 0.000(d=1) stat= 0.154 rest= 0.300
  [bmc-incr i=1542 repr=1 active=221/175373 POs=1]
BMC : c =     219  cl =   4503  lit =  175372  p =     0  d =     0  f =     1  +  T =     0.03 sec
  [bmc-prof 1542] wall=  32.247 p=     1 | ifo=  0.728(sd=0.212 nx=0.000 tfo=0.015 cnt=0.501) snap= 0.289 srm=  8.225 sat=  7.709(set=0.215 slv=7.492 max=7.4919 n=1) cex=R/T/F=0/0/1 trsplit=0 sim=14.787(rmp=0.412 run=14.374 n=1 d=0) incr=loc/full/maxdirty/keys=0/0/0/0 chk= 0.000(d=1) stat= 0.188 rest= 0.322
  [bmc-incr i=1543 repr=1 active=220/175372 POs=1]
BMC : c =     218  cl =   4503  lit =  175371  p =     0  d =     0  f =     1  +  T =     0.03 sec
  [bmc-prof 1543] wall=  32.535 p=     1 | ifo=  0.811(sd=0.264 nx=0.000 tfo=0.015 cnt=0.532) snap= 0.308 srm=  8.762 sat=  7.797(set=0.235 slv=7.559 max=7.5588 n=1) cex=R/T/F=0/0/1 trsplit=0 sim=14.396(rmp=0.421 run=13.973 n=1 d=0) incr=loc/full/maxdirty/keys=0/0/0/0 chk= 0.000(d=1) stat= 0.161 rest= 0.301
  [bmc-incr i=1544 repr=1 active=219/175371 POs=1]
BMC : c =     217  cl =   4503  lit =  175370  p =     0  d =     0  f =     1  +  T =     0.03 sec
  [bmc-prof 1544] wall=  31.142 p=     1 | ifo=  0.694(sd=0.179 nx=0.000 tfo=0.013 cnt=0.502) snap= 0.292 srm=  8.062 sat=  7.675(set=0.205 slv=7.468 max=7.4682 n=1) cex=R/T/F=0/0/1 trsplit=0 sim=13.970(rmp=0.404 run=13.566 n=1 d=0) incr=loc/full/maxdirty/keys=0/0/0/0 chk= 0.000(d=1) stat= 0.153 rest= 0.296
  [bmc-incr i=1545 repr=1 active=218/175370 POs=1]
BMC : c =     216  cl =   4503  lit =  175369  p =     0  d =     0  f =     1  +  T =     0.03 sec
  [bmc-prof 1545] wall=  33.208 p=     1 | ifo=  0.677(sd=0.178 nx=0.000 tfo=0.012 cnt=0.487) snap= 0.297 srm=  9.382 sat=  7.942(set=0.210 slv=7.729 max=7.7288 n=1) cex=R/T/F=0/0/1 trsplit=0 sim=14.442(rmp=0.537 run=13.905 n=1 d=0) incr=loc/full/maxdirty/keys=0/0/0/0 chk= 0.000(d=1) stat= 0.154 rest= 0.314
  [bmc-incr i=1546 repr=1 active=217/175369 POs=1]
BMC : c =     215  cl =   4503  lit =  175368  p =     0  d =     0  f =     1  +  T =     0.03 sec
  [bmc-prof 1546] wall=  32.642 p=     1 | ifo=  0.678(sd=0.179 nx=0.000 tfo=0.013 cnt=0.487) snap= 0.293 srm=  8.151 sat=  7.720(set=0.225 slv=7.494 max=7.4936 n=1) cex=R/T/F=0/0/1 trsplit=0 sim=15.334(rmp=0.445 run=14.889 n=1 d=0) incr=loc/full/maxdirty/keys=0/0/0/0 chk= 0.000(d=1) stat= 0.155 rest= 0.309
  [bmc-incr i=1547 repr=1 active=216/175368 POs=1]
BMC : c =     214  cl =   4503  lit =  175367  p =     0  d =     0  f =     1  +  T =     0.03 sec
  [bmc-prof 1547] wall=  31.615 p=     1 | ifo=  0.727(sd=0.177 nx=0.000 tfo=0.015 cnt=0.534) snap= 0.294 srm=  8.136 sat=  7.805(set=0.219 slv=7.584 max=7.5839 n=1) cex=R/T/F=0/0/1 trsplit=0 sim=14.129(rmp=0.406 run=13.722 n=1 d=0) incr=loc/full/maxdirty/keys=0/0/0/0 chk= 0.000(d=1) stat= 0.156 rest= 0.368
  [bmc-incr i=1548 repr=1 active=215/175367 POs=1]
BMC : c =     213  cl =   4503  lit =  175366  p =     0  d =     0  f =     1  +  T =     0.03 sec
  [bmc-prof 1548] wall=  32.004 p=     1 | ifo=  0.662(sd=0.174 nx=0.000 tfo=0.011 cnt=0.477) snap= 0.295 srm=  7.939 sat=  7.664(set=0.192 slv=7.471 max=7.4705 n=1) cex=R/T/F=0/0/1 trsplit=0 sim=14.998(rmp=0.846 run=14.151 n=1 d=0) incr=loc/full/maxdirty/keys=0/0/0/0 chk= 0.000(d=1) stat= 0.156 rest= 0.290
  [bmc-incr i=1549 repr=1 active=214/175366 POs=1]
BMC : c =     212  cl =   4503  lit =  175365  p =     0  d =     0  f =     1  +  T =     0.03 sec
  [bmc-prof 1549] wall=  31.738 p=     1 | ifo=  0.735(sd=0.177 nx=0.000 tfo=0.011 cnt=0.547) snap= 0.289 srm=  7.926 sat=  8.156(set=0.195 slv=7.958 max=7.9584 n=1) cex=R/T/F=0/0/1 trsplit=0 sim=14.156(rmp=0.398 run=13.757 n=1 d=0) incr=loc/full/maxdirty/keys=0/0/0/0 chk= 0.000(d=1) stat= 0.184 rest= 0.292
  [bmc-incr i=1550 repr=1 active=213/175365 POs=1]
BMC : c =     211  cl =   4503  lit =  175364  p =     0  d =     0  f =     1  +  T =     0.04 sec
  [bmc-prof 1550] wall=  36.931 p=     1 | ifo=  0.717(sd=0.183 nx=0.000 tfo=0.012 cnt=0.522) snap= 0.333 srm= 10.946 sat=  9.257(set=0.229 slv=9.027 max=9.0267 n=1) cex=R/T/F=0/0/1 trsplit=0 sim=15.215(rmp=0.587 run=14.627 n=1 d=0) incr=loc/full/maxdirty/keys=0/0/0/0 chk= 0.000(d=1) stat= 0.158 rest= 0.306
  [bmc-incr i=1551 repr=1 active=212/175364 POs=1]
BMC : c =     210  cl =   4503  lit =  175363  p =     0  d =     0  f =     1  +  T =     0.03 sec
  [bmc-prof 1551] wall=  31.507 p=     1 | ifo=  0.674(sd=0.184 nx=0.000 tfo=0.011 cnt=0.479) snap= 0.504 srm=  7.870 sat=  7.688(set=0.196 slv=7.491 max=7.4906 n=1) cex=R/T/F=0/0/1 trsplit=0 sim=14.320(rmp=0.404 run=13.916 n=1 d=0) incr=loc/full/maxdirty/keys=0/0/0/0 chk= 0.000(d=1) stat= 0.158 rest= 0.292
  [bmc-incr i=1552 repr=1 active=211/175363 POs=1]
BMC : c =     209  cl =   4503  lit =  175362  p =     0  d =     0  f =     1  +  T =     0.03 sec
  [bmc-prof 1552] wall=  32.429 p=     1 | ifo=  0.668(sd=0.176 nx=0.000 tfo=0.011 cnt=0.481) snap= 0.641 srm=  7.880 sat=  8.580(set=0.211 slv=8.367 max=8.3667 n=1) cex=R/T/F=0/0/1 trsplit=0 sim=14.179(rmp=0.445 run=13.733 n=1 d=0) incr=loc/full/maxdirty/keys=0/0/0/0 chk= 0.000(d=1) stat= 0.161 rest= 0.319
  [bmc-incr i=1553 repr=1 active=210/175362 POs=1]
BMC : c =     208  cl =   4503  lit =  175361  p =     0  d =     0  f =     1  +  T =     0.03 sec
  [bmc-prof 1553] wall=  31.264 p=     1 | ifo=  0.712(sd=0.219 nx=0.000 tfo=0.012 cnt=0.481) snap= 0.285 srm=  7.939 sat=  7.760(set=0.194 slv=7.564 max=7.5644 n=1) cex=R/T/F=0/0/1 trsplit=0 sim=14.114(rmp=0.405 run=13.709 n=1 d=0) incr=loc/full/maxdirty/keys=0/0/0/0 chk= 0.000(d=1) stat= 0.164 rest= 0.290
  [bmc-incr i=1554 repr=1 active=209/175361 POs=1]
BMC : c =     207  cl =   4503  lit =  175360  p =     0  d =     0  f =     1  +  T =     0.03 sec
  [bmc-prof 1554] wall=  32.237 p=     1 | ifo=  0.663(sd=0.175 nx=0.000 tfo=0.011 cnt=0.477) snap= 0.328 srm=  7.871 sat=  7.876(set=0.196 slv=7.678 max=7.6779 n=1) cex=R/T/F=0/0/1 trsplit=0 sim=15.033(rmp=0.532 run=14.501 n=1 d=0) incr=loc/full/maxdirty/keys=0/0/0/0 chk= 0.000(d=1) stat= 0.159 rest= 0.306
  [bmc-incr i=1555 repr=1 active=208/175360 POs=1]
BMC : c =     206  cl =   4503  lit =  175359  p =     0  d =     0  f =     1  +  T =     0.04 sec
  [bmc-prof 1555] wall=  35.235 p=     1 | ifo=  0.697(sd=0.186 nx=0.000 tfo=0.013 cnt=0.498) snap= 0.302 srm=  8.563 sat= 10.108(set=0.228 slv=9.877 max=9.8767 n=1) cex=R/T/F=0/0/1 trsplit=0 sim=15.008(rmp=0.626 run=14.381 n=1 d=0) incr=loc/full/maxdirty/keys=0/0/0/0 chk= 0.000(d=1) stat= 0.163 rest= 0.394
  [bmc-incr i=1556 repr=1 active=207/175359 POs=1]
BMC : c =     205  cl =   4503  lit =  175358  p =     0  d =     0  f =     1  +  T =     0.03 sec
  [bmc-prof 1556] wall=  34.887 p=     1 | ifo=  0.706(sd=0.187 nx=0.000 tfo=0.015 cnt=0.504) snap= 0.283 srm=  7.894 sat=  7.746(set=0.202 slv=7.541 max=7.5405 n=1) cex=R/T/F=0/0/1 trsplit=0 sim=17.626(rmp=0.571 run=17.054 n=1 d=0) incr=loc/full/maxdirty/keys=0/0/0/0 chk= 0.000(d=1) stat= 0.289 rest= 0.342
  [bmc-incr i=1557 repr=1 active=206/175358 POs=1]
BMC : c =     204  cl =   4503  lit =  175357  p =     0  d =     0  f =     1  +  T =     0.03 sec
  [bmc-prof 1557] wall=  32.862 p=     1 | ifo=  0.692(sd=0.182 nx=0.000 tfo=0.012 cnt=0.498) snap= 0.284 srm=  8.040 sat=  7.993(set=0.203 slv=7.789 max=7.7885 n=1) cex=R/T/F=0/0/1 trsplit=0 sim=15.398(rmp=0.429 run=14.968 n=1 d=0) incr=loc/full/maxdirty/keys=0/0/0/0 chk= 0.000(d=1) stat= 0.157 rest= 0.298
  [bmc-incr i=1558 repr=1 active=205/175357 POs=1]
BMC : c =     203  cl =   4503  lit =  175356  p =     0  d =     0  f =     1  +  T =     0.03 sec
  [bmc-prof 1558] wall=  31.970 p=     1 | ifo=  0.728(sd=0.214 nx=0.000 tfo=0.012 cnt=0.502) snap= 0.289 srm=  8.146 sat=  7.969(set=0.228 slv=7.739 max=7.7390 n=1) cex=R/T/F=0/0/1 trsplit=0 sim=14.365(rmp=0.408 run=13.957 n=1 d=0) incr=loc/full/maxdirty/keys=0/0/0/0 chk= 0.000(d=1) stat= 0.170 rest= 0.304
  [bmc-incr i=1559 repr=1 active=204/175356 POs=1]
BMC : c =     202  cl =   4503  lit =  175355  p =     0  d =     0  f =     1  +  T =     0.03 sec
  [bmc-prof 1559] wall=  33.930 p=     1 | ifo=  0.698(sd=0.192 nx=0.000 tfo=0.013 cnt=0.493) snap= 0.297 srm=  8.553 sat=  8.083(set=0.238 slv=7.841 max=7.8414 n=1) cex=R/T/F=0/0/1 trsplit=0 sim=15.826(rmp=0.464 run=15.361 n=1 d=0) incr=loc/full/maxdirty/keys=0/0/0/0 chk= 0.000(d=1) stat= 0.160 rest= 0.312
  [bmc-incr i=1560 repr=1 active=203/175355 POs=1]
BMC : c =     201  cl =   4503  lit =  175354  p =     0  d =     0  f =     1  +  T =     0.03 sec
  [bmc-prof 1560] wall=  31.967 p=     1 | ifo=  0.694(sd=0.195 nx=0.000 tfo=0.013 cnt=0.485) snap= 0.288 srm=  8.122 sat=  7.926(set=0.207 slv=7.717 max=7.7166 n=1) cex=R/T/F=0/0/1 trsplit=0 sim=14.411(rmp=0.414 run=13.996 n=1 d=0) incr=loc/full/maxdirty/keys=0/0/0/0 chk= 0.000(d=1) stat= 0.199 rest= 0.328
  [bmc-incr i=1561 repr=1 active=202/175354 POs=1]
BMC : c =     200  cl =   4503  lit =  175353  p =     0  d =     0  f =     1  +  T =     0.03 sec
  [bmc-prof 1561] wall=  31.392 p=     1 | ifo=  0.777(sd=0.234 nx=0.000 tfo=0.020 cnt=0.522) snap= 0.322 srm=  8.256 sat=  7.740(set=0.229 slv=7.510 max=7.5100 n=1) cex=R/T/F=0/0/1 trsplit=0 sim=13.813(rmp=0.487 run=13.326 n=1 d=0) incr=loc/full/maxdirty/keys=0/0/0/0 chk= 0.000(d=1) stat= 0.163 rest= 0.320
  [bmc-incr i=1562 repr=1 active=201/175353 POs=1]
BMC : c =     199  cl =   4503  lit =  175352  p =     0  d =     0  f =     1  +  T =     0.03 sec
  [bmc-prof 1562] wall=  31.450 p=     1 | ifo=  0.685(sd=0.184 nx=0.000 tfo=0.013 cnt=0.488) snap= 0.285 srm=  8.122 sat=  7.728(set=0.213 slv=7.512 max=7.5123 n=1) cex=R/T/F=0/0/1 trsplit=0 sim=14.168(rmp=0.409 run=13.758 n=1 d=0) incr=loc/full/maxdirty/keys=0/0/0/0 chk= 0.000(d=1) stat= 0.165 rest= 0.295
  [bmc-incr i=1563 repr=1 active=200/175352 POs=1]
BMC : c =     198  cl =   4503  lit =  175351  p =     0  d =     0  f =     1  +  T =     0.03 sec
  [bmc-prof 1563] wall=  31.020 p=     1 | ifo=  0.672(sd=0.180 nx=0.000 tfo=0.013 cnt=0.479) snap= 0.283 srm=  7.960 sat=  7.716(set=0.205 slv=7.509 max=7.5087 n=1) cex=R/T/F=0/0/1 trsplit=0 sim=13.946(rmp=0.407 run=13.539 n=1 d=0) incr=loc/full/maxdirty/keys=0/0/0/0 chk= 0.000(d=1) stat= 0.154 rest= 0.288
  [bmc-incr i=1564 repr=1 active=199/175351 POs=1]
BMC : c =     197  cl =   4503  lit =  175350  p =     0  d =     0  f =     1  +  T =     0.03 sec
  [bmc-prof 1564] wall=  30.997 p=     1 | ifo=  0.678(sd=0.176 nx=0.000 tfo=0.012 cnt=0.490) snap= 0.281 srm=  7.817 sat=  7.713(set=0.197 slv=7.514 max=7.5143 n=1) cex=R/T/F=0/0/1 trsplit=0 sim=14.052(rmp=0.398 run=13.653 n=1 d=0) incr=loc/full/maxdirty/keys=0/0/0/0 chk= 0.000(d=1) stat= 0.163 rest= 0.291
  [bmc-incr i=1565 repr=1 active=198/175350 POs=1]
BMC : c =     196  cl =   4503  lit =  175349  p =     0  d =     0  f =     1  +  T =     0.03 sec
  [bmc-prof 1565] wall=  31.208 p=     1 | ifo=  0.681(sd=0.180 nx=0.000 tfo=0.012 cnt=0.489) snap= 0.299 srm=  7.936 sat=  7.754(set=0.205 slv=7.547 max=7.5472 n=1) cex=R/T/F=0/0/1 trsplit=0 sim=14.070(rmp=0.400 run=13.669 n=1 d=0) incr=loc/full/maxdirty/keys=0/0/0/0 chk= 0.000(d=1) stat= 0.176 rest= 0.292
  [bmc-incr i=1566 repr=1 active=197/175349 POs=1]
BMC : c =     195  cl =   4503  lit =  175348  p =     0  d =     0  f =     1  +  T =     0.03 sec
  [bmc-prof 1566] wall=  30.929 p=     1 | ifo=  0.717(sd=0.201 nx=0.000 tfo=0.018 cnt=0.498) snap= 0.286 srm=  7.836 sat=  7.744(set=0.210 slv=7.532 max=7.5321 n=1) cex=R/T/F=0/0/1 trsplit=0 sim=13.902(rmp=0.404 run=13.498 n=1 d=0) incr=loc/full/maxdirty/keys=0/0/0/0 chk= 0.000(d=1) stat= 0.153 rest= 0.291
  [bmc-incr i=1567 repr=1 active=196/175348 POs=1]
BMC : c =     194  cl =   4503  lit =  175347  p =     0  d =     0  f =     1  +  T =     0.03 sec
  [bmc-prof 1567] wall=  30.695 p=     1 | ifo=  0.673(sd=0.176 nx=0.000 tfo=0.011 cnt=0.487) snap= 0.281 srm=  7.851 sat=  7.755(set=0.197 slv=7.556 max=7.5561 n=1) cex=R/T/F=0/0/1 trsplit=0 sim=13.650(rmp=0.405 run=13.244 n=1 d=0) incr=loc/full/maxdirty/keys=0/0/0/0 chk= 0.000(d=1) stat= 0.173 rest= 0.313
  [bmc-incr i=1568 repr=1 active=195/175347 POs=1]
BMC : c =     193  cl =   4503  lit =  175346  p =     0  d =     0  f =     1  +  T =     0.03 sec
  [bmc-prof 1568] wall=  33.016 p=     1 | ifo=  0.736(sd=0.215 nx=0.000 tfo=0.012 cnt=0.510) snap= 0.331 srm=  8.379 sat=  8.367(set=0.243 slv=8.121 max=8.1215 n=1) cex=R/T/F=0/0/1 trsplit=0 sim=14.714(rmp=0.475 run=14.238 n=1 d=0) incr=loc/full/maxdirty/keys=0/0/0/0 chk= 0.000(d=1) stat= 0.159 rest= 0.328
  [bmc-incr i=1569 repr=1 active=194/175346 POs=1]
BMC : c =     192  cl =   4503  lit =  175345  p =     0  d =     0  f =     1  +  T =     0.03 sec
  [bmc-prof 1569] wall=  31.350 p=     1 | ifo=  0.684(sd=0.180 nx=0.000 tfo=0.013 cnt=0.490) snap= 0.304 srm=  8.097 sat=  7.808(set=0.215 slv=7.592 max=7.5920 n=1) cex=R/T/F=0/0/1 trsplit=0 sim=14.013(rmp=0.397 run=13.616 n=1 d=0) incr=loc/full/maxdirty/keys=0/0/0/0 chk= 0.000(d=1) stat= 0.154 rest= 0.290
  [bmc-incr i=1570 repr=1 active=193/175345 POs=1]
BMC : c =     191  cl =   4503  lit =  175344  p =     0  d =     0  f =     1  +  T =     0.03 sec
  [bmc-prof 1570] wall=  31.116 p=     1 | ifo=  0.679(sd=0.179 nx=0.000 tfo=0.012 cnt=0.488) snap= 0.283 srm=  7.884 sat=  7.807(set=0.203 slv=7.602 max=7.6021 n=1) cex=R/T/F=0/0/1 trsplit=0 sim=14.019(rmp=0.407 run=13.612 n=1 d=0) incr=loc/full/maxdirty/keys=0/0/0/0 chk= 0.000(d=1) stat= 0.153 rest= 0.290
  [bmc-incr i=1571 repr=1 active=192/175344 POs=1]
BMC : c =     190  cl =   4503  lit =  175343  p =     0  d =     0  f =     1  +  T =     0.03 sec
  [bmc-prof 1571] wall=  31.743 p=     1 | ifo=  0.674(sd=0.177 nx=0.000 tfo=0.012 cnt=0.486) snap= 0.296 srm=  7.904 sat=  7.802(set=0.197 slv=7.603 max=7.6027 n=1) cex=R/T/F=0/0/1 trsplit=0 sim=14.589(rmp=0.469 run=14.118 n=1 d=0) incr=loc/full/maxdirty/keys=0/0/0/0 chk= 0.000(d=1) stat= 0.155 rest= 0.322
  [bmc-incr i=1572 repr=1 active=191/175343 POs=1]
BMC : c =     189  cl =   4503  lit =  175342  p =     0  d =     0  f =     1  +  T =     0.03 sec
  [bmc-prof 1572] wall=  31.383 p=     1 | ifo=  0.690(sd=0.182 nx=0.000 tfo=0.014 cnt=0.493) snap= 0.298 srm=  8.007 sat=  7.763(set=0.205 slv=7.556 max=7.5564 n=1) cex=R/T/F=0/0/1 trsplit=0 sim=14.141(rmp=0.396 run=13.744 n=1 d=0) incr=loc/full/maxdirty/keys=0/0/0/0 chk= 0.000(d=1) stat= 0.169 rest= 0.316
  [bmc-incr i=1573 repr=1 active=190/175342 POs=1]
BMC : c =     188  cl =   4503  lit =  175341  p =     0  d =     0  f =     1  +  T =     0.03 sec
  [bmc-prof 1573] wall=  31.499 p=     1 | ifo=  0.691(sd=0.183 nx=0.000 tfo=0.014 cnt=0.494) snap= 0.307 srm=  8.171 sat=  7.781(set=0.214 slv=7.565 max=7.5653 n=1) cex=R/T/F=0/0/1 trsplit=0 sim=14.106(rmp=0.421 run=13.685 n=1 d=0) incr=loc/full/maxdirty/keys=0/0/0/0 chk= 0.000(d=1) stat= 0.153 rest= 0.290
  [bmc-incr i=1574 repr=1 active=189/175341 POs=1]
BMC : c =     187  cl =   4503  lit =  175340  p =     0  d =     0  f =     1  +  T =     0.03 sec
  [bmc-prof 1574] wall=  31.309 p=     1 | ifo=  0.682(sd=0.182 nx=0.000 tfo=0.012 cnt=0.488) snap= 0.350 srm=  8.178 sat=  7.826(set=0.251 slv=7.573 max=7.5732 n=1) cex=R/T/F=0/0/1 trsplit=0 sim=13.764(rmp=0.521 run=13.243 n=1 d=0) incr=loc/full/maxdirty/keys=0/0/0/0 chk= 0.000(d=1) stat= 0.173 rest= 0.336
  [bmc-incr i=1575 repr=1 active=188/175340 POs=1]
BMC : c =     186  cl =   4503  lit =  175339  p =     0  d =     0  f =     1  +  T =     0.03 sec
  [bmc-prof 1575] wall=  31.312 p=     1 | ifo=  0.758(sd=0.221 nx=0.000 tfo=0.013 cnt=0.524) snap= 0.321 srm=  8.157 sat=  7.765(set=0.225 slv=7.538 max=7.5380 n=1) cex=R/T/F=0/0/1 trsplit=0 sim=13.824(rmp=0.486 run=13.338 n=1 d=0) incr=loc/full/maxdirty/keys=0/0/0/0 chk= 0.000(d=1) stat= 0.166 rest= 0.320
  [bmc-incr i=1576 repr=1 active=187/175339 POs=1]
BMC : c =     185  cl =   4503  lit =  175338  p =     0  d =     0  f =     1  +  T =     0.03 sec
  [bmc-prof 1576] wall=  31.325 p=     1 | ifo=  0.680(sd=0.186 nx=0.000 tfo=0.013 cnt=0.481) snap= 0.297 srm=  8.081 sat=  7.776(set=0.217 slv=7.557 max=7.5574 n=1) cex=R/T/F=0/0/1 trsplit=0 sim=14.049(rmp=0.420 run=13.629 n=1 d=0) incr=loc/full/maxdirty/keys=0/0/0/0 chk= 0.000(d=1) stat= 0.152 rest= 0.289
  [bmc-incr i=1577 repr=1 active=186/175338 POs=1]
BMC : c =     184  cl =   4503  lit =  175337  p =     0  d =     0  f =     1  +  T =     0.03 sec
  [bmc-prof 1577] wall=  31.391 p=     1 | ifo=  0.675(sd=0.178 nx=0.000 tfo=0.012 cnt=0.484) snap= 0.295 srm=  7.836 sat=  7.747(set=0.201 slv=7.545 max=7.5447 n=1) cex=R/T/F=0/0/1 trsplit=0 sim=14.389(rmp=0.395 run=13.994 n=1 d=0) incr=loc/full/maxdirty/keys=0/0/0/0 chk= 0.000(d=1) stat= 0.156 rest= 0.292
  [bmc-incr i=1578 repr=1 active=185/175337 POs=1]
BMC : c =     183  cl =   4503  lit =  175336  p =     0  d =     0  f =     1  +  T =     0.03 sec
  [bmc-prof 1578] wall=  33.296 p=     1 | ifo=  0.669(sd=0.178 nx=0.000 tfo=0.011 cnt=0.479) snap= 0.296 srm=  7.996 sat=  8.923(set=0.225 slv=8.695 max=8.6954 n=1) cex=R/T/F=0/0/1 trsplit=0 sim=14.948(rmp=0.470 run=14.477 n=1 d=0) incr=loc/full/maxdirty/keys=0/0/0/0 chk= 0.000(d=1) stat= 0.156 rest= 0.308
  [bmc-incr i=1579 repr=1 active=184/175336 POs=1]
BMC : c =     182  cl =   4503  lit =  175335  p =     0  d =     0  f =     1  +  T =     0.03 sec
  [bmc-prof 1579] wall=  31.762 p=     1 | ifo=  0.719(sd=0.214 nx=0.000 tfo=0.012 cnt=0.492) snap= 0.298 srm=  8.090 sat=  7.870(set=0.201 slv=7.667 max=7.6674 n=1) cex=R/T/F=0/0/1 trsplit=0 sim=14.330(rmp=0.399 run=13.930 n=1 d=0) incr=loc/full/maxdirty/keys=0/0/0/0 chk= 0.000(d=1) stat= 0.155 rest= 0.301
  [bmc-incr i=1580 repr=1 active=183/175335 POs=1]
BMC : c =     181  cl =   4503  lit =  175334  p =     0  d =     0  f =     1  +  T =     0.03 sec
  [bmc-prof 1580] wall=  32.031 p=     1 | ifo=  0.690(sd=0.176 nx=0.000 tfo=0.011 cnt=0.502) snap= 0.283 srm=  7.882 sat=  7.800(set=0.197 slv=7.601 max=7.6013 n=1) cex=R/T/F=0/0/1 trsplit=0 sim=14.922(rmp=0.420 run=14.502 n=1 d=0) incr=loc/full/maxdirty/keys=0/0/0/0 chk= 0.000(d=1) stat= 0.164 rest= 0.290
  [bmc-incr i=1581 repr=1 active=182/175334 POs=1]
BMC : c =     180  cl =   4503  lit =  175333  p =     0  d =     0  f =     1  +  T =     0.03 sec
  [bmc-prof 1581] wall=  31.024 p=     1 | ifo=  0.662(sd=0.175 nx=0.000 tfo=0.011 cnt=0.476) snap= 0.290 srm=  7.766 sat=  7.789(set=0.191 slv=7.596 max=7.5956 n=1) cex=R/T/F=0/0/1 trsplit=0 sim=14.073(rmp=0.391 run=13.682 n=1 d=0) incr=loc/full/maxdirty/keys=0/0/0/0 chk= 0.000(d=1) stat= 0.154 rest= 0.290
  [bmc-incr i=1582 repr=1 active=181/175333 POs=1]
BMC : c =     179  cl =   4503  lit =  175332  p =     0  d =     0  f =     1  +  T =     0.03 sec
  [bmc-prof 1582] wall=  33.198 p=     1 | ifo=  0.672(sd=0.176 nx=0.000 tfo=0.010 cnt=0.486) snap= 0.287 srm=  9.194 sat=  8.007(set=0.228 slv=7.776 max=7.7765 n=1) cex=R/T/F=0/0/1 trsplit=0 sim=14.573(rmp=0.460 run=14.113 n=1 d=0) incr=loc/full/maxdirty/keys=0/0/0/0 chk= 0.000(d=1) stat= 0.157 rest= 0.308
  [bmc-incr i=1583 repr=1 active=180/175332 POs=1]
BMC : c =     178  cl =   4503  lit =  175331  p =     0  d =     0  f =     1  +  T =     0.03 sec
  [bmc-prof 1583] wall=  31.629 p=     1 | ifo=  0.666(sd=0.178 nx=0.000 tfo=0.011 cnt=0.477) snap= 0.284 srm=  7.985 sat=  8.029(set=0.217 slv=7.810 max=7.8101 n=1) cex=R/T/F=0/0/1 trsplit=0 sim=14.197(rmp=0.429 run=13.767 n=1 d=0) incr=loc/full/maxdirty/keys=0/0/0/0 chk= 0.000(d=1) stat= 0.156 rest= 0.311
  [bmc-incr i=1584 repr=1 active=179/175331 POs=1]
BMC : c =     177  cl =   4503  lit =  175330  p =     0  d =     0  f =     1  +  T =     0.03 sec
  [bmc-prof 1584] wall=  32.342 p=     1 | ifo=  0.737(sd=0.187 nx=0.000 tfo=0.012 cnt=0.538) snap= 0.283 srm=  8.059 sat=  7.944(set=0.197 slv=7.745 max=7.7450 n=1) cex=R/T/F=0/0/1 trsplit=0 sim=14.804(rmp=0.433 run=14.370 n=1 d=0) incr=loc/full/maxdirty/keys=0/0/0/0 chk= 0.000(d=1) stat= 0.177 rest= 0.337
  [bmc-incr i=1585 repr=1 active=178/175330 POs=1]
BMC : c =     176  cl =   4503  lit =  175329  p =     0  d =     0  f =     1  +  T =     0.03 sec
  [bmc-prof 1585] wall=  31.766 p=     1 | ifo=  0.768(sd=0.234 nx=0.000 tfo=0.013 cnt=0.522) snap= 0.329 srm=  8.294 sat=  7.984(set=0.232 slv=7.751 max=7.7505 n=1) cex=R/T/F=0/0/1 trsplit=0 sim=13.626(rmp=0.481 run=13.144 n=1 d=0) incr=loc/full/maxdirty/keys=0/0/0/0 chk= 0.000(d=1) stat= 0.183 rest= 0.580
  [bmc-incr i=1586 repr=1 active=177/175329 POs=1]
BMC : c =     175  cl =   4503  lit =  175328  p =     0  d =     0  f =     1  +  T =     0.03 sec
  [bmc-prof 1586] wall=  32.039 p=     1 | ifo=  0.839(sd=0.236 nx=0.000 tfo=0.013 cnt=0.591) snap= 0.328 srm=  8.359 sat=  8.262(set=0.247 slv=8.014 max=8.0135 n=1) cex=R/T/F=0/0/1 trsplit=0 sim=13.744(rmp=0.530 run=13.213 n=1 d=0) incr=loc/full/maxdirty/keys=0/0/0/0 chk= 0.000(d=1) stat= 0.173 rest= 0.333
  [bmc-incr i=1587 repr=1 active=176/175328 POs=1]
BMC : c =     174  cl =   4503  lit =  175327  p =     0  d =     0  f =     1  +  T =     0.03 sec
  [bmc-prof 1587] wall=  33.245 p=     1 | ifo=  0.756(sd=0.216 nx=0.000 tfo=0.012 cnt=0.527) snap= 0.399 srm=  8.119 sat=  8.166(set=0.230 slv=7.933 max=7.9334 n=1) cex=R/T/F=0/0/1 trsplit=0 sim=15.316(rmp=0.461 run=14.854 n=1 d=0) incr=loc/full/maxdirty/keys=0/0/0/0 chk= 0.000(d=1) stat= 0.161 rest= 0.327
  [bmc-incr i=1588 repr=1 active=175/175327 POs=1]
BMC : c =     173  cl =   4503  lit =  175326  p =     0  d =     0  f =     1  +  T =     0.03 sec
  [bmc-prof 1588] wall=  33.249 p=     1 | ifo=  0.694(sd=0.182 nx=0.000 tfo=0.013 cnt=0.499) snap= 0.296 srm=  8.088 sat=  8.017(set=0.200 slv=7.815 max=7.8152 n=1) cex=R/T/F=0/0/1 trsplit=0 sim=15.640(rmp=0.876 run=14.762 n=1 d=0) incr=loc/full/maxdirty/keys=0/0/0/0 chk= 0.000(d=1) stat= 0.162 rest= 0.351
  [bmc-incr i=1589 repr=1 active=174/175326 POs=1]
BMC : c =     172  cl =   4503  lit =  175325  p =     0  d =     0  f =     1  +  T =     0.03 sec
  [bmc-prof 1589] wall=  31.317 p=     1 | ifo=  0.680(sd=0.188 nx=0.000 tfo=0.012 cnt=0.480) snap= 0.286 srm=  8.071 sat=  7.840(set=0.208 slv=7.630 max=7.6301 n=1) cex=R/T/F=0/0/1 trsplit=0 sim=13.985(rmp=0.403 run=13.582 n=1 d=0) incr=loc/full/maxdirty/keys=0/0/0/0 chk= 0.000(d=1) stat= 0.154 rest= 0.300
  [bmc-incr i=1590 repr=1 active=173/175325 POs=1]
BMC : c =     171  cl =   4503  lit =  175324  p =     0  d =     0  f =     1  +  T =     0.04 sec
  [bmc-prof 1590] wall=  36.055 p=     1 | ifo=  0.669(sd=0.180 nx=0.000 tfo=0.012 cnt=0.478) snap= 0.305 srm=  7.893 sat= 11.045(set=0.348 slv=10.694 max=10.6936 n=1) cex=R/T/F=0/0/1 trsplit=0 sim=15.463(rmp=0.578 run=14.884 n=1 d=0) incr=loc/full/maxdirty/keys=0/0/0/0 chk= 0.000(d=1) stat= 0.199 rest= 0.482
  [bmc-incr i=1591 repr=1 active=172/175324 POs=1]
BMC : c =     170  cl =   4503  lit =  175323  p =     0  d =     0  f =     1  +  T =     0.03 sec
  [bmc-prof 1591] wall=  31.122 p=     1 | ifo=  0.668(sd=0.176 nx=0.000 tfo=0.009 cnt=0.484) snap= 0.298 srm=  7.775 sat=  7.793(set=0.191 slv=7.601 max=7.6007 n=1) cex=R/T/F=0/0/1 trsplit=0 sim=14.110(rmp=0.391 run=13.719 n=1 d=0) incr=loc/full/maxdirty/keys=0/0/0/0 chk= 0.000(d=1) stat= 0.160 rest= 0.316
  [bmc-incr i=1592 repr=1 active=171/175323 POs=1]
BMC : c =     169  cl =   4503  lit =  175322  p =     0  d =     0  f =     1  +  T =     0.03 sec
  [bmc-prof 1592] wall=  32.930 p=     1 | ifo=  0.670(sd=0.180 nx=0.000 tfo=0.011 cnt=0.479) snap= 0.327 srm=  9.261 sat=  8.060(set=0.251 slv=7.806 max=7.8064 n=1) cex=R/T/F=0/0/1 trsplit=0 sim=14.136(rmp=0.430 run=13.705 n=1 d=0) incr=loc/full/maxdirty/keys=0/0/0/0 chk= 0.000(d=1) stat= 0.167 rest= 0.309
  [bmc-incr i=1593 repr=1 active=170/175322 POs=1]
BMC : c =     168  cl =   4503  lit =  175321  p =     0  d =     0  f =     1  +  T =     0.03 sec
  [bmc-prof 1593] wall=  32.238 p=     1 | ifo=  0.665(sd=0.176 nx=0.000 tfo=0.011 cnt=0.478) snap= 0.281 srm=  7.878 sat=  7.907(set=0.266 slv=7.639 max=7.6387 n=1) cex=R/T/F=0/0/1 trsplit=0 sim=15.056(rmp=0.395 run=14.660 n=1 d=0) incr=loc/full/maxdirty/keys=0/0/0/0 chk= 0.000(d=1) stat= 0.163 rest= 0.290
  [bmc-incr i=1594 repr=1 active=169/175321 POs=1]
BMC : c =     167  cl =   4503  lit =  175320  p =     0  d =     0  f =     1  +  T =     0.03 sec
  [bmc-prof 1594] wall=  32.683 p=     1 | ifo=  1.062(sd=0.183 nx=0.000 tfo=0.008 cnt=0.870) snap= 0.313 srm=  8.578 sat=  7.827(set=0.210 slv=7.616 max=7.6160 n=1) cex=R/T/F=0/0/1 trsplit=0 sim=14.445(rmp=0.409 run=14.035 n=1 d=0) incr=loc/full/maxdirty/keys=0/0/0/0 chk= 0.000(d=1) stat= 0.156 rest= 0.301
  [bmc-incr i=1595 repr=1 active=168/175320 POs=1]
BMC : c =     166  cl =   4503  lit =  175319  p =     0  d =     0  f =     1  +  T =     0.03 sec
  [bmc-prof 1595] wall=  34.802 p=     1 | ifo=  0.678(sd=0.180 nx=0.000 tfo=0.011 cnt=0.486) snap= 0.378 srm= 10.379 sat=  8.212(set=0.236 slv=7.974 max=7.9741 n=1) cex=R/T/F=0/0/1 trsplit=0 sim=14.576(rmp=0.519 run=14.056 n=1 d=0) incr=loc/full/maxdirty/keys=0/0/0/0 chk= 0.000(d=1) stat= 0.193 rest= 0.386
  [bmc-incr i=1596 repr=1 active=167/175319 POs=1]
BMC : c =     165  cl =   4503  lit =  175318  p =     0  d =     0  f =     1  +  T =     0.03 sec
  [bmc-prof 1596] wall=  31.268 p=     1 | ifo=  0.767(sd=0.219 nx=0.000 tfo=0.012 cnt=0.536) snap= 0.318 srm=  8.224 sat=  7.971(set=0.223 slv=7.746 max=7.7463 n=1) cex=R/T/F=0/0/1 trsplit=0 sim=13.477(rmp=0.494 run=12.983 n=1 d=0) incr=loc/full/maxdirty/keys=0/0/0/0 chk= 0.000(d=1) stat= 0.185 rest= 0.327
  [bmc-incr i=1597 repr=1 active=166/175318 POs=1]
BMC : c =     164  cl =   4503  lit =  175317  p =     0  d =     0  f =     1  +  T =     0.03 sec
  [bmc-prof 1597] wall=  32.287 p=     1 | ifo=  0.728(sd=0.211 nx=0.000 tfo=0.010 cnt=0.507) snap= 0.317 srm=  8.076 sat=  7.912(set=0.219 slv=7.691 max=7.6909 n=1) cex=R/T/F=0/0/1 trsplit=0 sim=14.177(rmp=0.483 run=13.692 n=1 d=0) incr=loc/full/maxdirty/keys=0/0/0/0 chk= 0.000(d=1) stat= 0.197 rest= 0.878
  [bmc-incr i=1598 repr=1 active=165/175317 POs=1]
BMC : c =     163  cl =   4503  lit =  175316  p =     0  d =     0  f =     1  +  T =     0.03 sec
  [bmc-prof 1598] wall=  31.971 p=     1 | ifo=  0.773(sd=0.234 nx=0.000 tfo=0.011 cnt=0.528) snap= 0.331 srm=  8.509 sat=  7.880(set=0.231 slv=7.647 max=7.6471 n=1) cex=R/T/F=0/0/1 trsplit=0 sim=13.971(rmp=0.502 run=13.468 n=1 d=0) incr=loc/full/maxdirty/keys=0/0/0/0 chk= 0.000(d=1) stat= 0.176 rest= 0.331
  [bmc-incr i=1599 repr=1 active=164/175316 POs=1]
BMC : c =     162  cl =   4503  lit =  175315  p =     0  d =     0  f =     1  +  T =     0.03 sec
  [bmc-prof 1599] wall=  32.665 p=     1 | ifo=  0.742(sd=0.217 nx=0.000 tfo=0.012 cnt=0.513) snap= 0.322 srm=  9.225 sat=  7.889(set=0.242 slv=7.645 max=7.6448 n=1) cex=R/T/F=0/0/1 trsplit=0 sim=13.931(rmp=0.478 run=13.452 n=1 d=0) incr=loc/full/maxdirty/keys=0/0/0/0 chk= 0.000(d=1) stat= 0.219 rest= 0.338
  [bmc-incr i=1600 repr=1 active=163/175315 POs=1]
BMC : c =     161  cl =   4503  lit =  175314  p =     0  d =     0  f =     1  +  T =     0.03 sec
  [bmc-prof 1600] wall=  32.094 p=     1 | ifo=  0.741(sd=0.220 nx=0.000 tfo=0.011 cnt=0.510) snap= 0.306 srm=  8.358 sat=  7.843(set=0.200 slv=7.641 max=7.6409 n=1) cex=R/T/F=0/0/1 trsplit=0 sim=14.394(rmp=0.466 run=13.927 n=1 d=0) incr=loc/full/maxdirty/keys=0/0/0/0 chk= 0.000(d=1) stat= 0.155 rest= 0.297
  [bmc-incr i=1601 repr=1 active=162/175314 POs=1]
BMC : c =     160  cl =   4503  lit =  175313  p =     0  d =     0  f =     1  +  T =     0.03 sec
  [bmc-prof 1601] wall=  31.532 p=     1 | ifo=  0.684(sd=0.179 nx=0.000 tfo=0.012 cnt=0.493) snap= 0.284 srm=  7.973 sat=  7.847(set=0.195 slv=7.650 max=7.6499 n=1) cex=R/T/F=0/0/1 trsplit=0 sim=14.292(rmp=0.394 run=13.897 n=1 d=0) incr=loc/full/maxdirty/keys=0/0/0/0 chk= 0.000(d=1) stat= 0.154 rest= 0.298
  [bmc-incr i=1602 repr=1 active=161/175313 POs=1]
BMC : c =     159  cl =   4503  lit =  175312  p =     0  d =     0  f =     1  +  T =     0.03 sec
  [bmc-prof 1602] wall=  32.010 p=     1 | ifo=  0.673(sd=0.183 nx=0.000 tfo=0.010 cnt=0.481) snap= 0.308 srm=  8.574 sat=  7.823(set=0.197 slv=7.624 max=7.6241 n=1) cex=R/T/F=0/0/1 trsplit=0 sim=14.185(rmp=0.428 run=13.757 n=1 d=0) incr=loc/full/maxdirty/keys=0/0/0/0 chk= 0.000(d=1) stat= 0.154 rest= 0.292
  [bmc-incr i=1603 repr=1 active=160/175312 POs=1]
BMC : c =     158  cl =   4503  lit =  175311  p =     0  d =     0  f =     1  +  T =     0.04 sec
  [bmc-prof 1603] wall=  36.320 p=     1 | ifo=  0.675(sd=0.174 nx=0.000 tfo=0.007 cnt=0.493) snap= 0.288 srm=  8.147 sat= 11.799(set=0.211 slv=11.585 max=11.5853 n=1) cex=R/T/F=0/0/1 trsplit=0 sim=14.906(rmp=0.481 run=14.425 n=1 d=0) incr=loc/full/maxdirty/keys=0/0/0/0 chk= 0.000(d=1) stat= 0.180 rest= 0.323
  [bmc-incr i=1604 repr=1 active=159/175311 POs=1]
BMC : c =     157  cl =   4503  lit =  175310  p =     0  d =     0  f =     1  +  T =     0.03 sec
  [bmc-prof 1604] wall=  32.823 p=     1 | ifo=  0.702(sd=0.196 nx=0.000 tfo=0.012 cnt=0.493) snap= 0.296 srm=  8.235 sat=  8.039(set=0.214 slv=7.822 max=7.8224 n=1) cex=R/T/F=0/0/1 trsplit=0 sim=15.045(rmp=0.454 run=14.589 n=1 d=0) incr=loc/full/maxdirty/keys=0/0/0/0 chk= 0.000(d=1) stat= 0.162 rest= 0.344
  [bmc-incr i=1605 repr=1 active=158/175310 POs=1]
BMC : c =     156  cl =   4503  lit =  175309  p =     0  d =     0  f =     1  +  T =     0.03 sec
  [bmc-prof 1605] wall=  32.453 p=     1 | ifo=  0.725(sd=0.213 nx=0.000 tfo=0.012 cnt=0.499) snap= 0.292 srm=  8.245 sat=  8.304(set=0.205 slv=8.095 max=8.0953 n=1) cex=R/T/F=0/0/1 trsplit=0 sim=14.422(rmp=0.426 run=13.995 n=1 d=0) incr=loc/full/maxdirty/keys=0/0/0/0 chk= 0.000(d=1) stat= 0.157 rest= 0.309
  [bmc-incr i=1606 repr=1 active=157/175309 POs=1]
BMC : c =     155  cl =   4503  lit =  175308  p =     0  d =     0  f =     1  +  T =     0.03 sec
  [bmc-prof 1606] wall=  31.405 p=     1 | ifo=  0.671(sd=0.181 nx=0.000 tfo=0.011 cnt=0.479) snap= 0.290 srm=  7.969 sat=  7.923(set=0.208 slv=7.713 max=7.7128 n=1) cex=R/T/F=0/0/1 trsplit=0 sim=14.105(rmp=0.405 run=13.700 n=1 d=0) incr=loc/full/maxdirty/keys=0/0/0/0 chk= 0.000(d=1) stat= 0.155 rest= 0.292
  [bmc-incr i=1607 repr=1 active=156/175308 POs=1]
BMC : c =     154  cl =   4503  lit =  175307  p =     0  d =     0  f =     1  +  T =     0.03 sec
  [bmc-prof 1607] wall=  32.526 p=     1 | ifo=  0.711(sd=0.197 nx=0.000 tfo=0.014 cnt=0.499) snap= 0.288 srm=  7.872 sat=  8.653(set=0.193 slv=8.457 max=8.4574 n=1) cex=R/T/F=0/0/1 trsplit=0 sim=14.490(rmp=0.443 run=14.046 n=1 d=0) incr=loc/full/maxdirty/keys=0/0/0/0 chk= 0.000(d=1) stat= 0.177 rest= 0.335
  [bmc-incr i=1608 repr=1 active=155/175307 POs=1]
BMC : c =     153  cl =   4503  lit =  175306  p =     0  d =     0  f =     1  +  T =     0.03 sec
  [bmc-prof 1608] wall=  31.615 p=     1 | ifo=  0.758(sd=0.218 nx=0.000 tfo=0.016 cnt=0.523) snap= 0.298 srm=  7.969 sat=  8.080(set=0.200 slv=7.878 max=7.8779 n=1) cex=R/T/F=0/0/1 trsplit=0 sim=14.023(rmp=0.405 run=13.617 n=1 d=0) incr=loc/full/maxdirty/keys=0/0/0/0 chk= 0.000(d=1) stat= 0.153 rest= 0.335
  [bmc-incr i=1609 repr=1 active=154/175306 POs=1]
BMC : c =     152  cl =   4503  lit =  175305  p =     0  d =     0  f =     1  +  T =     0.03 sec
  [bmc-prof 1609] wall=  31.948 p=     1 | ifo=  0.673(sd=0.178 nx=0.000 tfo=0.010 cnt=0.485) snap= 0.290 srm=  7.815 sat=  8.001(set=0.205 slv=7.795 max=7.7948 n=1) cex=R/T/F=0/0/1 trsplit=0 sim=14.676(rmp=0.463 run=14.213 n=1 d=0) incr=loc/full/maxdirty/keys=0/0/0/0 chk= 0.000(d=1) stat= 0.161 rest= 0.331
  [bmc-incr i=1610 repr=1 active=153/175305 POs=1]
BMC : c =     151  cl =   4503  lit =  175304  p =     0  d =     0  f =     1  +  T =     0.03 sec
  [bmc-prof 1610] wall=  32.612 p=     1 | ifo=  0.695(sd=0.182 nx=0.000 tfo=0.011 cnt=0.501) snap= 0.308 srm=  7.924 sat=  8.819(set=0.205 slv=8.612 max=8.6119 n=1) cex=R/T/F=0/0/1 trsplit=0 sim=14.418(rmp=0.427 run=13.991 n=1 d=0) incr=loc/full/maxdirty/keys=0/0/0/0 chk= 0.000(d=1) stat= 0.154 rest= 0.293
  [bmc-incr i=1611 repr=1 active=152/175304 POs=1]
BMC : c =     150  cl =   4503  lit =  175303  p =     0  d =     0  f =     1  +  T =     0.03 sec
  [bmc-prof 1611] wall=  31.584 p=     1 | ifo=  0.674(sd=0.177 nx=0.000 tfo=0.010 cnt=0.487) snap= 0.321 srm=  7.952 sat=  7.846(set=0.200 slv=7.645 max=7.6447 n=1) cex=R/T/F=0/0/1 trsplit=0 sim=14.326(rmp=0.405 run=13.920 n=1 d=0) incr=loc/full/maxdirty/keys=0/0/0/0 chk= 0.000(d=1) stat= 0.169 rest= 0.295
  [bmc-incr i=1612 repr=1 active=151/175303 POs=1]
BMC : c =     149  cl =   4503  lit =  175302  p =     0  d =     0  f =     1  +  T =     0.03 sec
  [bmc-prof 1612] wall=  33.131 p=     1 | ifo=  0.689(sd=0.184 nx=0.000 tfo=0.010 cnt=0.495) snap= 0.284 srm=  8.166 sat=  9.183(set=0.218 slv=8.963 max=8.9631 n=1) cex=R/T/F=0/0/1 trsplit=0 sim=14.339(rmp=0.418 run=13.920 n=1 d=0) incr=loc/full/maxdirty/keys=0/0/0/0 chk= 0.000(d=1) stat= 0.158 rest= 0.312
  [bmc-incr i=1613 repr=1 active=150/175302 POs=1]
BMC : c =     148  cl =   4503  lit =  175301  p =     0  d =     0  f =     1  +  T =     0.03 sec
  [bmc-prof 1613] wall=  31.661 p=     1 | ifo=  0.686(sd=0.183 nx=0.000 tfo=0.010 cnt=0.494) snap= 0.284 srm=  8.170 sat=  7.874(set=0.222 slv=7.650 max=7.6501 n=1) cex=R/T/F=0/0/1 trsplit=0 sim=14.201(rmp=0.410 run=13.791 n=1 d=0) incr=loc/full/maxdirty/keys=0/0/0/0 chk= 0.000(d=1) stat= 0.154 rest= 0.291
  [bmc-incr i=1614 repr=1 active=149/175301 POs=1]
BMC : c =     147  cl =   4503  lit =  175300  p =     0  d =     0  f =     1  +  T =     0.03 sec
  [bmc-prof 1614] wall=  31.776 p=     1 | ifo=  0.759(sd=0.273 nx=0.000 tfo=0.009 cnt=0.478) snap= 0.285 srm=  8.013 sat=  8.000(set=0.242 slv=7.755 max=7.7554 n=1) cex=R/T/F=0/0/1 trsplit=0 sim=14.195(rmp=0.421 run=13.773 n=1 d=0) incr=loc/full/maxdirty/keys=0/0/0/0 chk= 0.000(d=1) stat= 0.154 rest= 0.371
  [bmc-incr i=1615 repr=1 active=148/175300 POs=1]
BMC : c =     146  cl =   4503  lit =  175299  p =     0  d =     0  f =     1  +  T =     0.04 sec
  [bmc-prof 1615] wall=  39.245 p=     1 | ifo=  0.660(sd=0.174 nx=0.000 tfo=0.010 cnt=0.477) snap= 0.292 srm=  8.480 sat=  7.856(set=0.196 slv=7.658 max=7.6582 n=1) cex=R/T/F=0/0/1 trsplit=0 sim=21.487(rmp=0.402 run=21.084 n=1 d=0) incr=loc/full/maxdirty/keys=0/0/0/0 chk= 0.000(d=1) stat= 0.166 rest= 0.305
  [bmc-incr i=1616 repr=1 active=147/175299 POs=1]
BMC : c =     145  cl =   4503  lit =  175298  p =     0  d =     0  f =     1  +  T =     0.03 sec
  [bmc-prof 1616] wall=  33.561 p=     1 | ifo=  0.685(sd=0.192 nx=0.000 tfo=0.011 cnt=0.483) snap= 0.299 srm=  9.912 sat=  7.924(set=0.221 slv=7.702 max=7.7015 n=1) cex=R/T/F=0/0/1 trsplit=0 sim=14.293(rmp=0.405 run=13.887 n=1 d=0) incr=loc/full/maxdirty/keys=0/0/0/0 chk= 0.000(d=1) stat= 0.155 rest= 0.292
  [bmc-incr i=1617 repr=1 active=146/175298 POs=1]
BMC : c =     144  cl =   4503  lit =  175297  p =     0  d =     0  f =     1  +  T =     0.03 sec
  [bmc-prof 1617] wall=  31.905 p=     1 | ifo=  0.681(sd=0.180 nx=0.000 tfo=0.011 cnt=0.489) snap= 0.299 srm=  7.771 sat=  7.941(set=0.193 slv=7.747 max=7.7466 n=1) cex=R/T/F=0/0/1 trsplit=0 sim=14.767(rmp=0.414 run=14.353 n=1 d=0) incr=loc/full/maxdirty/keys=0/0/0/0 chk= 0.000(d=1) stat= 0.153 rest= 0.291
  [bmc-incr i=1618 repr=1 active=145/175297 POs=1]
BMC : c =     143  cl =   4503  lit =  175296  p =     0  d =     0  f =     1  +  T =     0.03 sec
  [bmc-prof 1618] wall=  32.281 p=     1 | ifo=  0.672(sd=0.187 nx=0.000 tfo=0.008 cnt=0.477) snap= 0.282 srm=  7.834 sat=  8.214(set=0.194 slv=8.019 max=8.0187 n=1) cex=R/T/F=0/0/1 trsplit=0 sim=14.819(rmp=0.407 run=14.412 n=1 d=0) incr=loc/full/maxdirty/keys=0/0/0/0 chk= 0.000(d=1) stat= 0.160 rest= 0.299
  [bmc-incr i=1619 repr=1 active=144/175296 POs=1]
BMC : c =     142  cl =   4503  lit =  175295  p =     0  d =     0  f =     1  +  T =     0.03 sec
  [bmc-prof 1619] wall=  31.553 p=     1 | ifo=  0.676(sd=0.176 nx=0.000 tfo=0.010 cnt=0.490) snap= 0.305 srm=  8.087 sat=  7.964(set=0.205 slv=7.757 max=7.7568 n=1) cex=R/T/F=0/0/1 trsplit=0 sim=14.070(rmp=0.398 run=13.671 n=1 d=0) incr=loc/full/maxdirty/keys=0/0/0/0 chk= 0.000(d=1) stat= 0.157 rest= 0.294
  [bmc-incr i=1620 repr=1 active=143/175295 POs=1]
BMC : c =     141  cl =   4503  lit =  175294  p =     0  d =     0  f =     1  +  T =     0.04 sec
  [bmc-prof 1620] wall=  37.885 p=     1 | ifo=  0.711(sd=0.206 nx=0.000 tfo=0.015 cnt=0.491) snap= 0.316 srm=  8.531 sat= 12.846(set=0.216 slv=12.628 max=12.6283 n=1) cex=R/T/F=0/0/1 trsplit=0 sim=14.944(rmp=0.646 run=14.297 n=1 d=0) incr=loc/full/maxdirty/keys=0/0/0/0 chk= 0.000(d=1) stat= 0.157 rest= 0.380
  [bmc-incr i=1621 repr=1 active=142/175294 POs=1]
BMC : c =     140  cl =   4503  lit =  175293  p =     0  d =     0  f =     1  +  T =     0.03 sec
  [bmc-prof 1621] wall=  34.974 p=     1 | ifo=  0.676(sd=0.184 nx=0.000 tfo=0.011 cnt=0.482) snap= 0.283 srm=  8.183 sat=  7.987(set=0.205 slv=7.781 max=7.7807 n=1) cex=R/T/F=0/0/1 trsplit=0 sim=17.338(rmp=0.416 run=16.921 n=1 d=0) incr=loc/full/maxdirty/keys=0/0/0/0 chk= 0.000(d=1) stat= 0.181 rest= 0.324
  [bmc-incr i=1622 repr=1 active=141/175293 POs=1]
BMC : c =     139  cl =   4503  lit =  175292  p =     0  d =     0  f =     1  +  T =     0.03 sec
  [bmc-prof 1622] wall=  32.741 p=     1 | ifo=  0.753(sd=0.220 nx=0.000 tfo=0.010 cnt=0.523) snap= 0.334 srm=  8.223 sat=  8.154(set=0.238 slv=7.914 max=7.9142 n=1) cex=R/T/F=0/0/1 trsplit=0 sim=14.631(rmp=0.486 run=14.144 n=1 d=0) incr=loc/full/maxdirty/keys=0/0/0/0 chk= 0.001(d=1) stat= 0.190 rest= 0.456
  [bmc-incr i=1623 repr=1 active=140/175292 POs=1]
BMC : c =     138  cl =   4503  lit =  175291  p =     0  d =     0  f =     1  +  T =     0.03 sec
  [bmc-prof 1623] wall=  33.008 p=     1 | ifo=  0.755(sd=0.224 nx=0.000 tfo=0.017 cnt=0.514) snap= 0.295 srm=  9.009 sat=  7.924(set=0.214 slv=7.709 max=7.7085 n=1) cex=R/T/F=0/0/1 trsplit=0 sim=14.580(rmp=0.410 run=14.169 n=1 d=0) incr=loc/full/maxdirty/keys=0/0/0/0 chk= 0.000(d=1) stat= 0.155 rest= 0.289
  [bmc-incr i=1624 repr=1 active=139/175291 POs=1]
BMC : c =     137  cl =   4503  lit =  175290  p =     0  d =     0  f =     1  +  T =     0.04 sec
  [bmc-prof 1624] wall=  36.128 p=     1 | ifo=  0.672(sd=0.177 nx=0.000 tfo=0.009 cnt=0.485) snap= 0.287 srm=  7.800 sat=  8.334(set=0.192 slv=8.140 max=8.1399 n=1) cex=R/T/F=0/0/1 trsplit=0 sim=18.545(rmp=0.462 run=18.081 n=1 d=0) incr=loc/full/maxdirty/keys=0/0/0/0 chk= 0.000(d=1) stat= 0.166 rest= 0.323
  [bmc-incr i=1625 repr=1 active=138/175290 POs=1]
BMC : c =     136  cl =   4503  lit =  175289  p =     0  d =     0  f =     1  +  T =     0.03 sec
  [bmc-prof 1625] wall=  31.975 p=     1 | ifo=  0.688(sd=0.192 nx=0.000 tfo=0.010 cnt=0.486) snap= 0.292 srm=  8.273 sat=  8.018(set=0.224 slv=7.791 max=7.7914 n=1) cex=R/T/F=0/0/1 trsplit=0 sim=14.259(rmp=0.410 run=13.848 n=1 d=0) incr=loc/full/maxdirty/keys=0/0/0/0 chk= 0.000(d=1) stat= 0.154 rest= 0.293
  [bmc-incr i=1626 repr=1 active=137/175289 POs=1]
BMC : c =     135  cl =   4503  lit =  175288  p =     0  d =     0  f =     1  +  T =     0.03 sec
  [bmc-prof 1626] wall=  32.490 p=     1 | ifo=  1.048(sd=0.222 nx=0.000 tfo=0.020 cnt=0.806) snap= 0.283 srm=  8.222 sat=  8.037(set=0.196 slv=7.838 max=7.8383 n=1) cex=R/T/F=0/0/1 trsplit=0 sim=14.420(rmp=0.424 run=13.996 n=1 d=0) incr=loc/full/maxdirty/keys=0/0/0/0 chk= 0.000(d=1) stat= 0.164 rest= 0.316
  [bmc-incr i=1627 repr=1 active=136/175288 POs=1]
BMC : c =     134  cl =   4503  lit =  175287  p =     0  d =     0  f =     1  +  T =     0.03 sec
  [bmc-prof 1627] wall=  33.993 p=     1 | ifo=  0.663(sd=0.178 nx=0.000 tfo=0.008 cnt=0.477) snap= 0.415 srm=  9.335 sat=  8.791(set=0.300 slv=8.489 max=8.4889 n=1) cex=R/T/F=0/0/1 trsplit=0 sim=14.336(rmp=0.411 run=13.924 n=1 d=0) incr=loc/full/maxdirty/keys=0/0/0/0 chk= 0.000(d=1) stat= 0.155 rest= 0.299
  [bmc-incr i=1628 repr=1 active=135/175287 POs=1]
BMC : c =     133  cl =   4503  lit =  175286  p =     0  d =     0  f =     1  +  T =     0.03 sec
  [bmc-prof 1628] wall=  31.323 p=     1 | ifo=  0.697(sd=0.208 nx=0.000 tfo=0.009 cnt=0.480) snap= 0.282 srm=  7.898 sat=  7.960(set=0.202 slv=7.756 max=7.7562 n=1) cex=R/T/F=0/0/1 trsplit=0 sim=14.036(rmp=0.415 run=13.620 n=1 d=0) incr=loc/full/maxdirty/keys=0/0/0/0 chk= 0.000(d=1) stat= 0.153 rest= 0.296
  [bmc-incr i=1629 repr=1 active=134/175286 POs=1]
BMC : c =     132  cl =   4503  lit =  175285  p =     0  d =     0  f =     1  +  T =     0.03 sec
  [bmc-prof 1629] wall=  33.400 p=     1 | ifo=  0.679(sd=0.194 nx=0.000 tfo=0.008 cnt=0.477) snap= 0.290 srm=  7.841 sat=  8.703(set=0.193 slv=8.508 max=8.5080 n=1) cex=R/T/F=0/0/1 trsplit=0 sim=15.224(rmp=0.516 run=14.707 n=1 d=0) incr=loc/full/maxdirty/keys=0/0/0/0 chk= 0.000(d=1) stat= 0.157 rest= 0.506
  [bmc-incr i=1630 repr=1 active=133/175285 POs=1]
BMC : c =     131  cl =   4503  lit =  175284  p =     0  d =     0  f =     1  +  T =     0.03 sec
  [bmc-prof 1630] wall=  33.932 p=     1 | ifo=  0.682(sd=0.177 nx=0.000 tfo=0.009 cnt=0.497) snap= 0.284 srm=  8.142 sat=  8.561(set=0.206 slv=8.353 max=8.3531 n=1) cex=R/T/F=0/0/1 trsplit=0 sim=15.773(rmp=0.457 run=15.315 n=1 d=0) incr=loc/full/maxdirty/keys=0/0/0/0 chk= 0.000(d=1) stat= 0.160 rest= 0.329
  [bmc-incr i=1631 repr=1 active=132/175284 POs=1]
BMC : c =     130  cl =   4503  lit =  175283  p =     0  d =     0  f =     1  +  T =     0.03 sec
  [bmc-prof 1631] wall=  31.958 p=     1 | ifo=  0.684(sd=0.181 nx=0.000 tfo=0.010 cnt=0.493) snap= 0.293 srm=  7.934 sat=  8.109(set=0.198 slv=7.909 max=7.9088 n=1) cex=R/T/F=0/0/1 trsplit=0 sim=14.438(rmp=0.527 run=13.910 n=1 d=0) incr=loc/full/maxdirty/keys=0/0/0/0 chk= 0.000(d=1) stat= 0.163 rest= 0.336
  [bmc-incr i=1632 repr=1 active=131/175283 POs=1]
BMC : c =     129  cl =   4503  lit =  175282  p =     0  d =     0  f =     1  +  T =     0.03 sec
  [bmc-prof 1632] wall=  31.352 p=     1 | ifo=  0.678(sd=0.190 nx=0.000 tfo=0.009 cnt=0.479) snap= 0.281 srm=  7.852 sat=  7.922(set=0.203 slv=7.718 max=7.7177 n=1) cex=R/T/F=0/0/1 trsplit=0 sim=14.171(rmp=0.394 run=13.776 n=1 d=0) incr=loc/full/maxdirty/keys=0/0/0/0 chk= 0.000(d=1) stat= 0.156 rest= 0.291
  [bmc-incr i=1633 repr=1 active=130/175282 POs=1]
BMC : c =     128  cl =   4503  lit =  175281  p =     0  d =     0  f =     1  +  T =     0.03 sec
  [bmc-prof 1633] wall=  32.254 p=     1 | ifo=  0.667(sd=0.175 nx=0.000 tfo=0.007 cnt=0.485) snap= 0.280 srm=  7.812 sat=  8.519(set=0.193 slv=8.324 max=8.3239 n=1) cex=R/T/F=0/0/1 trsplit=0 sim=14.463(rmp=0.433 run=14.029 n=1 d=0) incr=loc/full/maxdirty/keys=0/0/0/0 chk= 0.000(d=1) stat= 0.168 rest= 0.344
  [bmc-incr i=1634 repr=1 active=129/175281 POs=1]
BMC : c =     127  cl =   4503  lit =  175280  p =     0  d =     0  f =     1  +  T =     0.03 sec
  [bmc-prof 1634] wall=  33.163 p=     1 | ifo=  0.669(sd=0.180 nx=0.000 tfo=0.009 cnt=0.480) snap= 0.286 srm=  9.184 sat=  7.946(set=0.234 slv=7.710 max=7.7098 n=1) cex=R/T/F=0/0/1 trsplit=0 sim=14.629(rmp=0.419 run=14.210 n=1 d=0) incr=loc/full/maxdirty/keys=0/0/0/0 chk= 0.000(d=1) stat= 0.157 rest= 0.290
  [bmc-incr i=1635 repr=1 active=128/175280 POs=1]
BMC : c =     126  cl =   4503  lit =  175279  p =     0  d =     0  f =     1  +  T =     0.03 sec
  [bmc-prof 1635] wall=  33.444 p=     1 | ifo=  0.677(sd=0.188 nx=0.000 tfo=0.009 cnt=0.480) snap= 0.292 srm=  7.845 sat=  8.043(set=0.208 slv=7.833 max=7.8328 n=1) cex=R/T/F=0/0/1 trsplit=0 sim=16.127(rmp=1.122 run=15.004 n=1 d=0) incr=loc/full/maxdirty/keys=0/0/0/0 chk= 0.000(d=1) stat= 0.156 rest= 0.305
  [bmc-incr i=1636 repr=1 active=127/175279 POs=1]
BMC : c =     125  cl =   4503  lit =  175278  p =     0  d =     0  f =     1  +  T =     0.03 sec
  [bmc-prof 1636] wall=  32.419 p=     1 | ifo=  0.684(sd=0.179 nx=0.000 tfo=0.009 cnt=0.496) snap= 0.312 srm=  8.885 sat=  8.050(set=0.210 slv=7.837 max=7.8372 n=1) cex=R/T/F=0/0/1 trsplit=0 sim=14.018(rmp=0.416 run=13.601 n=1 d=0) incr=loc/full/maxdirty/keys=0/0/0/0 chk= 0.000(d=1) stat= 0.156 rest= 0.313
  [bmc-incr i=1637 repr=1 active=126/175278 POs=1]
BMC : c =     124  cl =   4503  lit =  175277  p =     0  d =     0  f =     1  +  T =     0.03 sec
  [bmc-prof 1637] wall=  31.588 p=     1 | ifo=  0.694(sd=0.184 nx=0.000 tfo=0.010 cnt=0.500) snap= 0.315 srm=  8.035 sat=  8.046(set=0.199 slv=7.846 max=7.8456 n=1) cex=R/T/F=0/0/1 trsplit=0 sim=14.046(rmp=0.399 run=13.647 n=1 d=0) incr=loc/full/maxdirty/keys=0/0/0/0 chk= 0.000(d=1) stat= 0.162 rest= 0.290
  [bmc-incr i=1638 repr=1 active=125/175277 POs=1]
BMC : c =     123  cl =   4503  lit =  175276  p =     0  d =     0  f =     1  +  T =     0.04 sec
  [bmc-prof 1638] wall=  37.847 p=     1 | ifo=  0.657(sd=0.174 nx=0.000 tfo=0.008 cnt=0.475) snap= 0.319 srm= 10.134 sat= 11.352(set=0.215 slv=11.135 max=11.1348 n=1) cex=R/T/F=0/0/1 trsplit=0 sim=14.856(rmp=0.433 run=14.422 n=1 d=0) incr=loc/full/maxdirty/keys=0/0/0/0 chk= 0.000(d=1) stat= 0.195 rest= 0.333
  [bmc-incr i=1639 repr=1 active=124/175276 POs=1]
BMC : c =     122  cl =   4503  lit =  175275  p =     0  d =     0  f =     1  +  T =     0.03 sec
  [bmc-prof 1639] wall=  34.672 p=     1 | ifo=  0.825(sd=0.294 nx=0.000 tfo=0.010 cnt=0.521) snap= 0.344 srm=  9.903 sat=  8.231(set=0.260 slv=7.969 max=7.9695 n=1) cex=R/T/F=0/0/1 trsplit=0 sim=14.887(rmp=0.436 run=14.450 n=1 d=0) incr=loc/full/maxdirty/keys=0/0/0/0 chk= 0.000(d=1) stat= 0.168 rest= 0.314
  [bmc-incr i=1640 repr=1 active=123/175275 POs=1]
BMC : c =     121  cl =   4503  lit =  175274  p =     0  d =     0  f =     1  +  T =     0.03 sec
  [bmc-prof 1640] wall=  33.479 p=     1 | ifo=  0.700(sd=0.185 nx=0.000 tfo=0.010 cnt=0.505) snap= 0.289 srm=  8.434 sat=  8.082(set=0.237 slv=7.842 max=7.8418 n=1) cex=R/T/F=0/0/1 trsplit=0 sim=15.509(rmp=0.413 run=15.094 n=1 d=0) incr=loc/full/maxdirty/keys=0/0/0/0 chk= 0.000(d=1) stat= 0.161 rest= 0.305
  [bmc-incr i=1641 repr=1 active=122/175274 POs=1]
BMC : c =     120  cl =   4503  lit =  175273  p =     0  d =     0  f =     1  +  T =     0.03 sec
  [bmc-prof 1641] wall=  31.946 p=     1 | ifo=  0.707(sd=0.184 nx=0.000 tfo=0.009 cnt=0.514) snap= 0.281 srm=  8.411 sat=  8.010(set=0.197 slv=7.811 max=7.8114 n=1) cex=R/T/F=0/0/1 trsplit=0 sim=14.076(rmp=0.405 run=13.670 n=1 d=0) incr=loc/full/maxdirty/keys=0/0/0/0 chk= 0.000(d=1) stat= 0.169 rest= 0.292
  [bmc-incr i=1642 repr=1 active=121/175273 POs=1]
BMC : c =     119  cl =   4503  lit =  175272  p =     0  d =     0  f =     1  +  T =     0.03 sec
  [bmc-prof 1642] wall=  31.385 p=     1 | ifo=  0.688(sd=0.192 nx=0.000 tfo=0.009 cnt=0.488) snap= 0.285 srm=  7.829 sat=  7.960(set=0.194 slv=7.764 max=7.7643 n=1) cex=R/T/F=0/0/1 trsplit=0 sim=14.165(rmp=0.402 run=13.763 n=1 d=0) incr=loc/full/maxdirty/keys=0/0/0/0 chk= 0.000(d=1) stat= 0.155 rest= 0.302
  [bmc-incr i=1643 repr=1 active=120/175272 POs=1]
BMC : c =     118  cl =   4503  lit =  175271  p =     0  d =     0  f =     1  +  T =     0.03 sec
  [bmc-prof 1643] wall=  31.320 p=     1 | ifo=  0.670(sd=0.174 nx=0.000 tfo=0.006 cnt=0.490) snap= 0.284 srm=  7.858 sat=  7.934(set=0.194 slv=7.738 max=7.7381 n=1) cex=R/T/F=0/0/1 trsplit=0 sim=14.131(rmp=0.392 run=13.738 n=1 d=0) incr=loc/full/maxdirty/keys=0/0/0/0 chk= 0.000(d=1) stat= 0.154 rest= 0.288
  [bmc-incr i=1644 repr=1 active=119/175271 POs=1]
BMC : c =     117  cl =   4503  lit =  175270  p =     0  d =     0  f =     1  +  T =     0.04 sec
  [bmc-prof 1644] wall=  35.460 p=     1 | ifo=  1.032(sd=0.175 nx=0.000 tfo=0.006 cnt=0.852) snap= 0.284 srm=  8.075 sat=  7.938(set=0.200 slv=7.737 max=7.7366 n=1) cex=R/T/F=0/0/1 trsplit=0 sim=17.242(rmp=0.400 run=16.841 n=1 d=0) incr=loc/full/maxdirty/keys=0/0/0/0 chk= 0.000(d=1) stat= 0.335 rest= 0.553
  [bmc-incr i=1645 repr=1 active=118/175270 POs=1]
BMC : c =     116  cl =   4503  lit =  175269  p =     0  d =     0  f =     1  +  T =     0.04 sec
  [bmc-prof 1645] wall=  35.673 p=     1 | ifo=  0.819(sd=0.279 nx=0.000 tfo=0.008 cnt=0.532) snap= 0.283 srm=  8.328 sat=  8.081(set=0.217 slv=7.862 max=7.8619 n=1) cex=R/T/F=0/0/1 trsplit=0 sim=17.682(rmp=0.418 run=17.264 n=1 d=0) incr=loc/full/maxdirty/keys=0/0/0/0 chk= 0.000(d=1) stat= 0.166 rest= 0.315
  [bmc-incr i=1646 repr=1 active=117/175269 POs=1]
BMC : c =     115  cl =   4503  lit =  175268  p =     0  d =     0  f =     1  +  T =     0.03 sec
  [bmc-prof 1646] wall=  33.181 p=     1 | ifo=  0.699(sd=0.199 nx=0.000 tfo=0.009 cnt=0.491) snap= 0.290 srm=  8.281 sat=  8.044(set=0.214 slv=7.828 max=7.8281 n=1) cex=R/T/F=0/0/1 trsplit=0 sim=15.411(rmp=0.423 run=14.987 n=1 d=0) incr=loc/full/maxdirty/keys=0/0/0/0 chk= 0.000(d=1) stat= 0.159 rest= 0.297
  [bmc-incr i=1647 repr=1 active=116/175268 POs=1]
BMC : c =     114  cl =   4503  lit =  175267  p =     0  d =     0  f =     1  +  T =     0.03 sec
  [bmc-prof 1647] wall=  31.469 p=     1 | ifo=  0.678(sd=0.181 nx=0.000 tfo=0.008 cnt=0.488) snap= 0.284 srm=  7.993 sat=  8.002(set=0.196 slv=7.805 max=7.8045 n=1) cex=R/T/F=0/0/1 trsplit=0 sim=13.987(rmp=0.396 run=13.589 n=1 d=0) incr=loc/full/maxdirty/keys=0/0/0/0 chk= 0.000(d=1) stat= 0.189 rest= 0.336
  [bmc-incr i=1648 repr=1 active=115/175267 POs=1]
BMC : c =     113  cl =   4503  lit =  175266  p =     0  d =     0  f =     1  +  T =     0.04 sec
  [bmc-prof 1648] wall=  40.825 p=     1 | ifo=  1.133(sd=0.222 nx=0.000 tfo=0.010 cnt=0.901) snap= 0.349 srm= 10.113 sat=  8.186(set=0.328 slv=7.856 max=7.8559 n=1) cex=R/T/F=0/0/1 trsplit=0 sim=20.572(rmp=0.416 run=20.155 n=1 d=0) incr=loc/full/maxdirty/keys=0/0/0/0 chk= 0.000(d=1) stat= 0.165 rest= 0.306
  [bmc-incr i=1649 repr=1 active=114/175266 POs=1]
BMC : c =     112  cl =   4503  lit =  175265  p =     0  d =     0  f =     1  +  T =     0.03 sec
  [bmc-prof 1649] wall=  32.002 p=     1 | ifo=  0.667(sd=0.180 nx=0.000 tfo=0.009 cnt=0.478) snap= 0.297 srm=  8.324 sat=  8.059(set=0.203 slv=7.854 max=7.8535 n=1) cex=R/T/F=0/0/1 trsplit=0 sim=14.196(rmp=0.440 run=13.755 n=1 d=0) incr=loc/full/maxdirty/keys=0/0/0/0 chk= 0.000(d=1) stat= 0.161 rest= 0.298
  [bmc-incr i=1650 repr=1 active=113/175265 POs=1]
BMC : c =     111  cl =   4503  lit =  175264  p =     0  d =     0  f =     1  +  T =     0.03 sec
  [bmc-prof 1650] wall=  32.693 p=     1 | ifo=  0.735(sd=0.179 nx=0.000 tfo=0.009 cnt=0.548) snap= 0.289 srm=  7.776 sat=  8.107(set=0.194 slv=7.911 max=7.9111 n=1) cex=R/T/F=0/0/1 trsplit=0 sim=15.249(rmp=0.447 run=14.801 n=1 d=0) incr=loc/full/maxdirty/keys=0/0/0/0 chk= 0.000(d=1) stat= 0.193 rest= 0.344
  [bmc-incr i=1651 repr=1 active=112/175264 POs=1]
BMC : c =     110  cl =   4503  lit =  175263  p =     0  d =     0  f =     1  +  T =     0.04 sec
  [bmc-prof 1651] wall=  37.146 p=     1 | ifo=  0.766(sd=0.234 nx=0.000 tfo=0.010 cnt=0.522) snap= 0.602 srm= 12.367 sat=  9.002(set=0.389 slv=8.612 max=8.6116 n=1) cex=R/T/F=0/0/1 trsplit=0 sim=13.946(rmp=0.422 run=13.524 n=1 d=0) incr=loc/full/maxdirty/keys=0/0/0/0 chk= 0.000(d=1) stat= 0.159 rest= 0.303
  [bmc-incr i=1652 repr=1 active=111/175263 POs=1]
BMC : c =     109  cl =   4503  lit =  175262  p =     0  d =     0  f =     1  +  T =     0.03 sec
  [bmc-prof 1652] wall=  31.147 p=     1 | ifo=  0.673(sd=0.178 nx=0.000 tfo=0.008 cnt=0.488) snap= 0.280 srm=  7.760 sat=  8.034(set=0.210 slv=7.823 max=7.8227 n=1) cex=R/T/F=0/0/1 trsplit=0 sim=13.956(rmp=0.399 run=13.556 n=1 d=0) incr=loc/full/maxdirty/keys=0/0/0/0 chk= 0.000(d=1) stat= 0.154 rest= 0.289
  [bmc-incr i=1653 repr=1 active=110/175262 POs=1]
BMC : c =     108  cl =   4503  lit =  175261  p =     0  d =     0  f =     1  +  T =     0.03 sec
  [bmc-prof 1653] wall=  32.592 p=     1 | ifo=  0.662(sd=0.180 nx=0.000 tfo=0.006 cnt=0.476) snap= 0.298 srm=  8.869 sat=  8.028(set=0.213 slv=7.813 max=7.8133 n=1) cex=R/T/F=0/0/1 trsplit=0 sim=14.280(rmp=0.436 run=13.843 n=1 d=0) incr=loc/full/maxdirty/keys=0/0/0/0 chk= 0.000(d=1) stat= 0.154 rest= 0.301
  [bmc-incr i=1654 repr=1 active=109/175261 POs=1]
BMC : c =     107  cl =   4503  lit =  175260  p =     0  d =     0  f =     1  +  T =     0.03 sec
  [bmc-prof 1654] wall=  32.168 p=     1 | ifo=  0.668(sd=0.177 nx=0.000 tfo=0.008 cnt=0.483) snap= 0.361 srm=  8.645 sat=  7.984(set=0.196 slv=7.786 max=7.7857 n=1) cex=R/T/F=0/0/1 trsplit=0 sim=14.061(rmp=0.407 run=13.654 n=1 d=0) incr=loc/full/maxdirty/keys=0/0/0/0 chk= 0.000(d=1) stat= 0.160 rest= 0.290
  [bmc-incr i=1655 repr=1 active=108/175260 POs=1]
BMC : c =     106  cl =   4503  lit =  175259  p =     0  d =     0  f =     1  +  T =     0.04 sec
  [bmc-prof 1655] wall=  36.278 p=     1 | ifo=  0.667(sd=0.183 nx=0.000 tfo=0.007 cnt=0.477) snap= 0.302 srm=  7.956 sat=  7.974(set=0.204 slv=7.769 max=7.7689 n=1) cex=R/T/F=0/0/1 trsplit=0 sim=18.913(rmp=0.399 run=18.513 n=1 d=0) incr=loc/full/maxdirty/keys=0/0/0/0 chk= 0.000(d=1) stat= 0.164 rest= 0.301
  [bmc-incr i=1656 repr=1 active=107/175259 POs=1]
BMC : c =     105  cl =   4503  lit =  175258  p =     0  d =     0  f =     1  +  T =     0.04 sec
  [bmc-prof 1656] wall=  35.380 p=     1 | ifo=  0.668(sd=0.182 nx=0.000 tfo=0.008 cnt=0.478) snap= 0.292 srm= 11.351 sat=  8.017(set=0.208 slv=7.807 max=7.8069 n=1) cex=R/T/F=0/0/1 trsplit=0 sim=14.585(rmp=0.405 run=14.179 n=1 d=0) incr=loc/full/maxdirty/keys=0/0/0/0 chk= 0.000(d=1) stat= 0.165 rest= 0.303
  [bmc-incr i=1657 repr=1 active=106/175258 POs=1]
BMC : c =     104  cl =   4503  lit =  175257  p =     0  d =     0  f =     1  +  T =     0.03 sec
  [bmc-prof 1657] wall=  32.241 p=     1 | ifo=  0.684(sd=0.180 nx=0.000 tfo=0.008 cnt=0.496) snap= 0.300 srm=  8.063 sat=  8.102(set=0.209 slv=7.892 max=7.8917 n=1) cex=R/T/F=0/0/1 trsplit=0 sim=14.634(rmp=0.428 run=14.205 n=1 d=0) incr=loc/full/maxdirty/keys=0/0/0/0 chk= 0.000(d=1) stat= 0.166 rest= 0.291
  [bmc-incr i=1658 repr=1 active=105/175257 POs=1]
BMC : c =     103  cl =   4503  lit =  175256  p =     0  d =     0  f =     1  +  T =     0.03 sec
  [bmc-prof 1658] wall=  31.460 p=     1 | ifo=  0.661(sd=0.176 nx=0.000 tfo=0.007 cnt=0.477) snap= 0.283 srm=  7.887 sat=  7.992(set=0.197 slv=7.794 max=7.7935 n=1) cex=R/T/F=0/0/1 trsplit=0 sim=14.193(rmp=0.411 run=13.782 n=1 d=0) incr=loc/full/maxdirty/keys=0/0/0/0 chk= 0.000(d=1) stat= 0.155 rest= 0.289
  [bmc-incr i=1659 repr=1 active=104/175256 POs=1]
BMC : c =     102  cl =   4503  lit =  175255  p =     0  d =     0  f =     1  +  T =     0.03 sec
  [bmc-prof 1659] wall=  31.331 p=     1 | ifo=  0.674(sd=0.175 nx=0.000 tfo=0.006 cnt=0.492) snap= 0.283 srm=  7.981 sat=  7.984(set=0.196 slv=7.787 max=7.7866 n=1) cex=R/T/F=0/0/1 trsplit=0 sim=13.957(rmp=0.396 run=13.561 n=1 d=0) incr=loc/full/maxdirty/keys=0/0/0/0 chk= 0.000(d=1) stat= 0.162 rest= 0.289
  [bmc-incr i=1660 repr=1 active=103/175255 POs=1]
BMC : c =     101  cl =   4503  lit =  175254  p =     0  d =     0  f =     1  +  T =     0.04 sec
  [bmc-prof 1660] wall=  41.827 p=     1 | ifo=  0.655(sd=0.173 nx=0.000 tfo=0.005 cnt=0.476) snap= 0.372 srm=  8.654 sat= 13.632(set=0.246 slv=13.382 max=13.3825 n=1) cex=R/T/F=0/0/1 trsplit=0 sim=17.880(rmp=0.443 run=17.436 n=1 d=0) incr=loc/full/maxdirty/keys=0/0/0/0 chk= 0.000(d=1) stat= 0.164 rest= 0.470
  [bmc-incr i=1661 repr=1 active=102/175254 POs=1]
BMC : c =     100  cl =   4503  lit =  175253  p =     0  d =     0  f =     1  +  T =     0.03 sec
  [bmc-prof 1661] wall=  31.878 p=     1 | ifo=  0.719(sd=0.179 nx=0.000 tfo=0.007 cnt=0.532) snap= 0.299 srm=  8.277 sat=  8.099(set=0.222 slv=7.875 max=7.8747 n=1) cex=R/T/F=0/0/1 trsplit=0 sim=14.026(rmp=0.404 run=13.622 n=1 d=0) incr=loc/full/maxdirty/keys=0/0/0/0 chk= 0.000(d=1) stat= 0.155 rest= 0.304
  [bmc-incr i=1662 repr=1 active=101/175253 POs=1]
BMC : c =      99  cl =   4503  lit =  175252  p =     0  d =     0  f =     1  +  T =     0.03 sec
  [bmc-prof 1662] wall=  31.336 p=     1 | ifo=  0.674(sd=0.186 nx=0.000 tfo=0.008 cnt=0.481) snap= 0.288 srm=  7.935 sat=  7.997(set=0.195 slv=7.800 max=7.8004 n=1) cex=R/T/F=0/0/1 trsplit=0 sim=13.993(rmp=0.406 run=13.587 n=1 d=0) incr=loc/full/maxdirty/keys=0/0/0/0 chk= 0.000(d=1) stat= 0.159 rest= 0.289
  [bmc-incr i=1663 repr=1 active=100/175252 POs=1]
BMC : c =      98  cl =   4503  lit =  175251  p =     0  d =     0  f =     1  +  T =     0.04 sec
  [bmc-prof 1663] wall=  35.870 p=     1 | ifo=  0.655(sd=0.173 nx=0.000 tfo=0.005 cnt=0.477) snap= 0.284 srm=  7.966 sat= 10.952(set=0.194 slv=10.756 max=10.7556 n=1) cex=R/T/F=0/0/1 trsplit=0 sim=15.407(rmp=0.521 run=14.884 n=1 d=0) incr=loc/full/maxdirty/keys=0/0/0/0 chk= 0.000(d=1) stat= 0.262 rest= 0.344
  [bmc-incr i=1664 repr=1 active=99/175251 POs=1]
BMC : c =      97  cl =   4503  lit =  175250  p =     0  d =     0  f =     1  +  T =     0.03 sec
  [bmc-prof 1664] wall=  31.586 p=     1 | ifo=  0.670(sd=0.182 nx=0.000 tfo=0.008 cnt=0.480) snap= 0.288 srm=  8.152 sat=  8.024(set=0.207 slv=7.814 max=7.8144 n=1) cex=R/T/F=0/0/1 trsplit=0 sim=13.994(rmp=0.402 run=13.591 n=1 d=0) incr=loc/full/maxdirty/keys=0/0/0/0 chk= 0.000(d=1) stat= 0.154 rest= 0.305
  [bmc-incr i=1665 repr=1 active=98/175250 POs=1]
BMC : c =      96  cl =   4503  lit =  175249  p =     0  d =     0  f =     1  +  T =     0.03 sec
  [bmc-prof 1665] wall=  32.340 p=     1 | ifo=  0.664(sd=0.180 nx=0.000 tfo=0.008 cnt=0.477) snap= 0.305 srm=  8.133 sat=  8.086(set=0.204 slv=7.880 max=7.8796 n=1) cex=R/T/F=0/0/1 trsplit=0 sim=14.665(rmp=0.415 run=14.250 n=1 d=0) incr=loc/full/maxdirty/keys=0/0/0/0 chk= 0.000(d=1) stat= 0.160 rest= 0.326
  [bmc-incr i=1666 repr=1 active=97/175249 POs=1]
BMC : c =      95  cl =   4503  lit =  175248  p =     0  d =     0  f =     1  +  T =     0.03 sec
  [bmc-prof 1666] wall=  33.381 p=     1 | ifo=  0.685(sd=0.188 nx=0.000 tfo=0.008 cnt=0.490) snap= 0.290 srm=  8.761 sat=  8.668(set=0.217 slv=8.449 max=8.4488 n=1) cex=R/T/F=0/0/1 trsplit=0 sim=14.517(rmp=0.448 run=14.068 n=1 d=0) incr=loc/full/maxdirty/keys=0/0/0/0 chk= 0.000(d=1) stat= 0.155 rest= 0.305
  [bmc-incr i=1667 repr=1 active=96/175248 POs=1]
BMC : c =      94  cl =   4503  lit =  175247  p =     0  d =     0  f =     1  +  T =     0.03 sec
  [bmc-prof 1667] wall=  31.366 p=     1 | ifo=  0.671(sd=0.181 nx=0.000 tfo=0.008 cnt=0.482) snap= 0.289 srm=  7.900 sat=  8.017(set=0.203 slv=7.813 max=7.8127 n=1) cex=R/T/F=0/0/1 trsplit=0 sim=14.047(rmp=0.418 run=13.629 n=1 d=0) incr=loc/full/maxdirty/keys=0/0/0/0 chk= 0.000(d=1) stat= 0.153 rest= 0.289
  [bmc-incr i=1668 repr=1 active=95/175247 POs=1]
BMC : c =      93  cl =   4503  lit =  175246  p =     0  d =     0  f =     1  +  T =     0.03 sec
  [bmc-prof 1668] wall=  32.960 p=     1 | ifo=  0.672(sd=0.189 nx=0.000 tfo=0.006 cnt=0.476) snap= 0.299 srm=  8.152 sat=  8.203(set=0.206 slv=7.995 max=7.9950 n=1) cex=R/T/F=0/0/1 trsplit=0 sim=15.146(rmp=0.502 run=14.643 n=1 d=0) incr=loc/full/maxdirty/keys=0/0/0/0 chk= 0.000(d=1) stat= 0.170 rest= 0.318
  [bmc-incr i=1669 repr=1 active=94/175246 POs=1]
BMC : c =      92  cl =   4503  lit =  175245  p =     0  d =     0  f =     1  +  T =     0.03 sec
  [bmc-prof 1669] wall=  31.925 p=     1 | ifo=  0.690(sd=0.181 nx=0.000 tfo=0.009 cnt=0.500) snap= 0.305 srm=  8.122 sat=  8.099(set=0.239 slv=7.858 max=7.8578 n=1) cex=R/T/F=0/0/1 trsplit=0 sim=14.265(rmp=0.406 run=13.858 n=1 d=0) incr=loc/full/maxdirty/keys=0/0/0/0 chk= 0.000(d=1) stat= 0.153 rest= 0.290
  [bmc-incr i=1670 repr=1 active=93/175245 POs=1]
BMC : c =      91  cl =   4503  lit =  175244  p =     0  d =     0  f =     1  +  T =     0.03 sec
  [bmc-prof 1670] wall=  31.608 p=     1 | ifo=  0.674(sd=0.179 nx=0.000 tfo=0.008 cnt=0.488) snap= 0.282 srm=  7.915 sat=  8.111(set=0.196 slv=7.914 max=7.9135 n=1) cex=R/T/F=0/0/1 trsplit=0 sim=14.074(rmp=0.401 run=13.671 n=1 d=0) incr=loc/full/maxdirty/keys=0/0/0/0 chk= 0.000(d=1) stat= 0.168 rest= 0.384
  [bmc-incr i=1671 repr=1 active=92/175244 POs=1]
BMC : c =      90  cl =   4503  lit =  175243  p =     0  d =     0  f =     1  +  T =     0.03 sec
  [bmc-prof 1671] wall=  32.619 p=     1 | ifo=  0.705(sd=0.184 nx=0.000 tfo=0.008 cnt=0.512) snap= 0.290 srm=  8.261 sat=  8.678(set=0.214 slv=8.462 max=8.4615 n=1) cex=R/T/F=0/0/1 trsplit=0 sim=14.236(rmp=0.434 run=13.802 n=1 d=0) incr=loc/full/maxdirty/keys=0/0/0/0 chk= 0.000(d=1) stat= 0.156 rest= 0.293
  [bmc-incr i=1672 repr=1 active=91/175243 POs=1]
BMC : c =      89  cl =   4503  lit =  175242  p =     0  d =     0  f =     1  +  T =     0.03 sec
  [bmc-prof 1672] wall=  32.759 p=     1 | ifo=  0.710(sd=0.214 nx=0.000 tfo=0.012 cnt=0.484) snap= 0.307 srm=  7.923 sat=  8.864(set=0.195 slv=8.667 max=8.6672 n=1) cex=R/T/F=0/0/1 trsplit=0 sim=14.508(rmp=0.409 run=14.099 n=1 d=0) incr=loc/full/maxdirty/keys=0/0/0/0 chk= 0.000(d=1) stat= 0.156 rest= 0.291
  [bmc-incr i=1673 repr=1 active=90/175242 POs=1]
BMC : c =      88  cl =   4503  lit =  175241  p =     0  d =     0  f =     1  +  T =     0.03 sec
  [bmc-prof 1673] wall=  32.216 p=     1 | ifo=  0.671(sd=0.174 nx=0.000 tfo=0.006 cnt=0.491) snap= 0.282 srm=  8.154 sat=  8.526(set=0.294 slv=8.230 max=8.2303 n=1) cex=R/T/F=0/0/1 trsplit=0 sim=14.138(rmp=0.410 run=13.728 n=1 d=0) incr=loc/full/maxdirty/keys=0/0/0/0 chk= 0.000(d=1) stat= 0.156 rest= 0.290
  [bmc-incr i=1674 repr=1 active=89/175241 POs=1]
BMC : c =      87  cl =   4503  lit =  175240  p =     0  d =     0  f =     1  +  T =     0.03 sec
  [bmc-prof 1674] wall=  32.205 p=     1 | ifo=  0.671(sd=0.176 nx=0.000 tfo=0.006 cnt=0.490) snap= 0.293 srm=  8.090 sat=  8.076(set=0.197 slv=7.876 max=7.8765 n=1) cex=R/T/F=0/0/1 trsplit=0 sim=14.619(rmp=0.426 run=14.193 n=1 d=0) incr=loc/full/maxdirty/keys=0/0/0/0 chk= 0.000(d=1) stat= 0.155 rest= 0.301
  [bmc-incr i=1675 repr=1 active=88/175240 POs=1]
BMC : c =      86  cl =   4503  lit =  175239  p =     0  d =     0  f =     1  +  T =     0.03 sec
  [bmc-prof 1675] wall=  32.158 p=     1 | ifo=  0.678(sd=0.176 nx=0.000 tfo=0.007 cnt=0.494) snap= 0.314 srm=  8.332 sat=  8.160(set=0.213 slv=7.946 max=7.9460 n=1) cex=R/T/F=0/0/1 trsplit=0 sim=14.218(rmp=0.408 run=13.809 n=1 d=0) incr=loc/full/maxdirty/keys=0/0/0/0 chk= 0.000(d=1) stat= 0.156 rest= 0.300
  [bmc-incr i=1676 repr=1 active=87/175239 POs=1]
BMC : c =      85  cl =   4503  lit =  175238  p =     0  d =     0  f =     1  +  T =     0.03 sec
  [bmc-prof 1676] wall=  33.658 p=     1 | ifo=  0.677(sd=0.185 nx=0.000 tfo=0.007 cnt=0.486) snap= 0.290 srm=  9.037 sat=  8.035(set=0.206 slv=7.827 max=7.8269 n=1) cex=R/T/F=0/0/1 trsplit=0 sim=15.152(rmp=0.436 run=14.715 n=1 d=0) incr=loc/full/maxdirty/keys=0/0/0/0 chk= 0.000(d=1) stat= 0.162 rest= 0.304
  [bmc-incr i=1677 repr=1 active=86/175238 POs=1]
BMC : c =      84  cl =   4503  lit =  175237  p =     0  d =     0  f =     1  +  T =     0.03 sec
  [bmc-prof 1677] wall=  31.880 p=     1 | ifo=  0.665(sd=0.178 nx=0.000 tfo=0.007 cnt=0.480) snap= 0.314 srm=  8.317 sat=  8.040(set=0.203 slv=7.835 max=7.8353 n=1) cex=R/T/F=0/0/1 trsplit=0 sim=14.098(rmp=0.436 run=13.661 n=1 d=0) incr=loc/full/maxdirty/keys=0/0/0/0 chk= 0.000(d=1) stat= 0.156 rest= 0.291
  [bmc-incr i=1678 repr=1 active=85/175237 POs=1]
BMC : c =      83  cl =   4503  lit =  175236  p =     0  d =     0  f =     1  +  T =     0.03 sec
  [bmc-prof 1678] wall=  31.581 p=     1 | ifo=  0.682(sd=0.191 nx=0.000 tfo=0.006 cnt=0.485) snap= 0.291 srm=  8.087 sat=  8.031(set=0.198 slv=7.832 max=7.8319 n=1) cex=R/T/F=0/0/1 trsplit=0 sim=14.048(rmp=0.407 run=13.641 n=1 d=0) incr=loc/full/maxdirty/keys=0/0/0/0 chk= 0.000(d=1) stat= 0.153 rest= 0.289
  [bmc-incr i=1679 repr=1 active=84/175236 POs=1]
BMC : c =      82  cl =   4503  lit =  175235  p =     0  d =     0  f =     1  +  T =     0.04 sec
  [bmc-prof 1679] wall=  36.499 p=     1 | ifo=  0.666(sd=0.174 nx=0.000 tfo=0.005 cnt=0.486) snap= 0.626 srm= 10.691 sat=  8.952(set=0.222 slv=8.728 max=8.7277 n=1) cex=R/T/F=0/0/1 trsplit=0 sim=15.033(rmp=0.496 run=14.537 n=1 d=0) incr=loc/full/maxdirty/keys=0/0/0/0 chk= 0.000(d=1) stat= 0.214 rest= 0.317
  [bmc-incr i=1680 repr=1 active=83/175235 POs=1]
BMC : c =      81  cl =   4503  lit =  175234  p =     0  d =     0  f =     1  +  T =     0.03 sec
  [bmc-prof 1680] wall=  32.214 p=     1 | ifo=  0.717(sd=0.183 nx=0.000 tfo=0.007 cnt=0.528) snap= 0.283 srm=  8.094 sat=  8.112(set=0.201 slv=7.910 max=7.9097 n=1) cex=R/T/F=0/0/1 trsplit=0 sim=14.545(rmp=0.589 run=13.955 n=1 d=0) incr=loc/full/maxdirty/keys=0/0/0/0 chk= 0.000(d=1) stat= 0.168 rest= 0.295
  [bmc-incr i=1681 repr=1 active=82/175234 POs=1]
BMC : c =      80  cl =   4503  lit =  175233  p =     0  d =     0  f =     1  +  T =     0.03 sec
  [bmc-prof 1681] wall=  32.024 p=     1 | ifo=  0.715(sd=0.220 nx=0.000 tfo=0.010 cnt=0.486) snap= 0.294 srm=  7.943 sat=  8.185(set=0.198 slv=7.985 max=7.9847 n=1) cex=R/T/F=0/0/1 trsplit=0 sim=14.407(rmp=0.438 run=13.968 n=1 d=0) incr=loc/full/maxdirty/keys=0/0/0/0 chk= 0.000(d=1) stat= 0.162 rest= 0.317
  [bmc-incr i=1682 repr=1 active=81/175233 POs=1]
BMC : c =      79  cl =   4503  lit =  175232  p =     0  d =     0  f =     1  +  T =     0.04 sec
  [bmc-prof 1682] wall=  37.653 p=     1 | ifo=  0.684(sd=0.183 nx=0.000 tfo=0.007 cnt=0.494) snap= 0.295 srm=  8.098 sat= 12.526(set=0.201 slv=12.322 max=12.3222 n=1) cex=R/T/F=0/0/1 trsplit=0 sim=15.574(rmp=0.508 run=15.066 n=1 d=0) incr=loc/full/maxdirty/keys=0/0/0/0 chk= 0.000(d=1) stat= 0.154 rest= 0.323
  [bmc-incr i=1683 repr=1 active=80/175232 POs=1]
BMC : c =      78  cl =   4503  lit =  175231  p =     0  d =     0  f =     1  +  T =     0.03 sec
  [bmc-prof 1683] wall=  31.518 p=     1 | ifo=  0.672(sd=0.178 nx=0.000 tfo=0.006 cnt=0.488) snap= 0.284 srm=  7.937 sat=  8.050(set=0.199 slv=7.849 max=7.8492 n=1) cex=R/T/F=0/0/1 trsplit=0 sim=14.105(rmp=0.397 run=13.707 n=1 d=0) incr=loc/full/maxdirty/keys=0/0/0/0 chk= 0.000(d=1) stat= 0.168 rest= 0.302
  [bmc-incr i=1684 repr=1 active=79/175231 POs=1]
BMC : c =      77  cl =   4503  lit =  175230  p =     0  d =     0  f =     1  +  T =     0.04 sec
  [bmc-prof 1684] wall=  35.723 p=     1 | ifo=  0.677(sd=0.175 nx=0.000 tfo=0.006 cnt=0.496) snap= 0.300 srm=  9.461 sat=  9.553(set=0.225 slv=9.325 max=9.3251 n=1) cex=R/T/F=0/0/1 trsplit=0 sim=15.228(rmp=0.780 run=14.448 n=1 d=0) incr=loc/full/maxdirty/keys=0/0/0/0 chk= 0.000(d=1) stat= 0.182 rest= 0.322
  [bmc-incr i=1685 repr=1 active=78/175230 POs=1]
BMC : c =      76  cl =   4503  lit =  175229  p =     0  d =     0  f =     1  +  T =     0.03 sec
  [bmc-prof 1685] wall=  31.528 p=     1 | ifo=  0.697(sd=0.209 nx=0.000 tfo=0.007 cnt=0.481) snap= 0.284 srm=  7.939 sat=  8.092(set=0.197 slv=7.894 max=7.8940 n=1) cex=R/T/F=0/0/1 trsplit=0 sim=14.066(rmp=0.412 run=13.654 n=1 d=0) incr=loc/full/maxdirty/keys=0/0/0/0 chk= 0.000(d=1) stat= 0.154 rest= 0.295
  [bmc-incr i=1686 repr=1 active=77/175229 POs=1]
BMC : c =      75  cl =   4503  lit =  175228  p =     0  d =     0  f =     1  +  T =     0.03 sec
  [bmc-prof 1686] wall=  32.757 p=     1 | ifo=  0.664(sd=0.174 nx=0.000 tfo=0.005 cnt=0.484) snap= 0.284 srm=  7.839 sat=  8.164(set=0.194 slv=7.968 max=7.9684 n=1) cex=R/T/F=0/0/1 trsplit=0 sim=15.292(rmp=0.450 run=14.841 n=1 d=0) incr=loc/full/maxdirty/keys=0/0/0/0 chk= 0.000(d=1) stat= 0.162 rest= 0.351
  [bmc-incr i=1687 repr=1 active=76/175228 POs=1]
BMC : c =      74  cl =   4503  lit =  175227  p =     0  d =     0  f =     1  +  T =     0.03 sec
  [bmc-prof 1687] wall=  31.301 p=     1 | ifo=  0.671(sd=0.185 nx=0.000 tfo=0.007 cnt=0.479) snap= 0.284 srm=  7.890 sat=  8.073(set=0.199 slv=7.873 max=7.8729 n=1) cex=R/T/F=0/0/1 trsplit=0 sim=13.938(rmp=0.418 run=13.520 n=1 d=0) incr=loc/full/maxdirty/keys=0/0/0/0 chk= 0.000(d=1) stat= 0.155 rest= 0.290
  [bmc-incr i=1688 repr=1 active=75/175227 POs=1]
BMC : c =      73  cl =   4503  lit =  175226  p =     0  d =     0  f =     1  +  T =     0.03 sec
  [bmc-prof 1688] wall=  32.152 p=     1 | ifo=  0.679(sd=0.191 nx=0.000 tfo=0.007 cnt=0.481) snap= 0.287 srm=  7.925 sat=  8.241(set=0.197 slv=8.042 max=8.0421 n=1) cex=R/T/F=0/0/1 trsplit=0 sim=14.520(rmp=0.421 run=14.099 n=1 d=0) incr=loc/full/maxdirty/keys=0/0/0/0 chk= 0.000(d=1) stat= 0.204 rest= 0.295
  [bmc-incr i=1689 repr=1 active=74/175226 POs=1]
BMC : c =      72  cl =   4503  lit =  175225  p =     0  d =     0  f =     1  +  T =     0.03 sec
  [bmc-prof 1689] wall=  32.125 p=     1 | ifo=  0.675(sd=0.188 nx=0.000 tfo=0.006 cnt=0.482) snap= 0.291 srm=  7.837 sat=  8.064(set=0.196 slv=7.866 max=7.8664 n=1) cex=R/T/F=0/0/1 trsplit=0 sim=14.775(rmp=0.394 run=14.380 n=1 d=0) incr=loc/full/maxdirty/keys=0/0/0/0 chk= 0.000(d=1) stat= 0.171 rest= 0.311
  [bmc-incr i=1690 repr=1 active=73/175225 POs=1]
BMC : c =      71  cl =   4503  lit =  175224  p =     0  d =     0  f =     1  +  T =     0.04 sec
  [bmc-prof 1690] wall=  36.222 p=     1 | ifo=  0.733(sd=0.207 nx=0.000 tfo=0.005 cnt=0.521) snap= 0.323 srm= 10.285 sat=  9.624(set=0.233 slv=9.389 max=9.3891 n=1) cex=R/T/F=0/0/1 trsplit=0 sim=14.798(rmp=0.406 run=14.391 n=1 d=0) incr=loc/full/maxdirty/keys=0/0/0/0 chk= 0.000(d=1) stat= 0.157 rest= 0.302
  [bmc-incr i=1691 repr=1 active=72/175224 POs=1]
BMC : c =      70  cl =   4503  lit =  175223  p =     0  d =     0  f =     1  +  T =     0.03 sec
  [bmc-prof 1691] wall=  33.910 p=     1 | ifo=  0.679(sd=0.195 nx=0.000 tfo=0.005 cnt=0.479) snap= 0.291 srm=  7.883 sat=  8.131(set=0.197 slv=7.932 max=7.9320 n=1) cex=R/T/F=0/0/1 trsplit=0 sim=16.463(rmp=0.407 run=16.055 n=1 d=0) incr=loc/full/maxdirty/keys=0/0/0/0 chk= 0.000(d=1) stat= 0.161 rest= 0.302
  [bmc-incr i=1692 repr=1 active=71/175223 POs=1]
BMC : c =      69  cl =   4503  lit =  175222  p =     0  d =     0  f =     1  +  T =     0.03 sec
  [bmc-prof 1692] wall=  32.521 p=     1 | ifo=  0.670(sd=0.177 nx=0.000 tfo=0.006 cnt=0.487) snap= 0.285 srm=  8.563 sat=  8.197(set=0.209 slv=7.987 max=7.9867 n=1) cex=R/T/F=0/0/1 trsplit=0 sim=14.360(rmp=0.444 run=13.915 n=1 d=0) incr=loc/full/maxdirty/keys=0/0/0/0 chk= 0.000(d=1) stat= 0.155 rest= 0.291
  [bmc-incr i=1693 repr=1 active=70/175222 POs=1]
BMC : c =      68  cl =   4503  lit =  175221  p =     0  d =     0  f =     1  +  T =     0.03 sec
  [bmc-prof 1693] wall=  31.971 p=     1 | ifo=  0.678(sd=0.184 nx=0.000 tfo=0.006 cnt=0.489) snap= 0.286 srm=  8.192 sat=  8.236(set=0.225 slv=8.009 max=8.0094 n=1) cex=R/T/F=0/0/1 trsplit=0 sim=14.133(rmp=0.425 run=13.707 n=1 d=0) incr=loc/full/maxdirty/keys=0/0/0/0 chk= 0.000(d=1) stat= 0.155 rest= 0.290
  [bmc-incr i=1694 repr=1 active=69/175221 POs=1]
BMC : c =      67  cl =   4503  lit =  175220  p =     0  d =     0  f =     1  +  T =     0.03 sec
  [bmc-prof 1694] wall=  34.372 p=     1 | ifo=  0.674(sd=0.177 nx=0.000 tfo=0.005 cnt=0.491) snap= 0.349 srm=  8.386 sat= 10.413(set=0.635 slv=9.776 max=9.7763 n=1) cex=R/T/F=0/0/1 trsplit=0 sim=14.102(rmp=0.417 run=13.684 n=1 d=0) incr=loc/full/maxdirty/keys=0/0/0/0 chk= 0.000(d=1) stat= 0.156 rest= 0.292
  [bmc-incr i=1695 repr=1 active=68/175220 POs=1]
BMC : c =      66  cl =   4503  lit =  175219  p =     0  d =     0  f =     1  +  T =     0.03 sec
  [bmc-prof 1695] wall=  32.673 p=     1 | ifo=  0.686(sd=0.194 nx=0.000 tfo=0.006 cnt=0.487) snap= 0.297 srm=  8.128 sat=  8.201(set=0.214 slv=7.984 max=7.9843 n=1) cex=R/T/F=0/0/1 trsplit=0 sim=14.897(rmp=0.491 run=14.406 n=1 d=0) incr=loc/full/maxdirty/keys=0/0/0/0 chk= 0.000(d=1) stat= 0.161 rest= 0.303
  [bmc-incr i=1696 repr=1 active=67/175219 POs=1]
BMC : c =      65  cl =   4503  lit =  175218  p =     0  d =     0  f =     1  +  T =     0.03 sec
  [bmc-prof 1696] wall=  32.504 p=     1 | ifo=  0.691(sd=0.192 nx=0.000 tfo=0.006 cnt=0.492) snap= 0.299 srm=  8.120 sat=  8.094(set=0.201 slv=7.892 max=7.8921 n=1) cex=R/T/F=0/0/1 trsplit=0 sim=14.851(rmp=0.407 run=14.443 n=1 d=0) incr=loc/full/maxdirty/keys=0/0/0/0 chk= 0.000(d=1) stat= 0.158 rest= 0.291
  [bmc-incr i=1697 repr=1 active=66/175218 POs=1]
BMC : c =      64  cl =   4503  lit =  175217  p =     0  d =     0  f =     1  +  T =     0.04 sec
  [bmc-prof 1697] wall=  35.836 p=     1 | ifo=  1.864(sd=1.371 nx=0.000 tfo=0.007 cnt=0.486) snap= 0.322 srm=  8.832 sat=  9.696(set=0.224 slv=9.470 max=9.4703 n=1) cex=R/T/F=0/0/1 trsplit=0 sim=14.450(rmp=0.417 run=14.033 n=1 d=0) incr=loc/full/maxdirty/keys=0/0/0/0 chk= 0.000(d=1) stat= 0.367 rest= 0.304
  [bmc-incr i=1698 repr=1 active=65/175217 POs=1]
BMC : c =      63  cl =   4503  lit =  175216  p =     0  d =     0  f =     1  +  T =     0.03 sec
  [bmc-prof 1698] wall=  32.506 p=     1 | ifo=  0.739(sd=0.198 nx=0.000 tfo=0.006 cnt=0.535) snap= 0.286 srm=  8.089 sat=  8.131(set=0.215 slv=7.914 max=7.9143 n=1) cex=R/T/F=0/0/1 trsplit=0 sim=14.817(rmp=0.416 run=14.400 n=1 d=0) incr=loc/full/maxdirty/keys=0/0/0/0 chk= 0.000(d=1) stat= 0.154 rest= 0.291
  [bmc-incr i=1699 repr=1 active=64/175216 POs=1]
BMC : c =      62  cl =   4503  lit =  175215  p =     0  d =     0  f =     1  +  T =     0.03 sec
  [bmc-prof 1699] wall=  32.377 p=     1 | ifo=  0.673(sd=0.176 nx=0.000 tfo=0.005 cnt=0.492) snap= 0.286 srm=  7.934 sat=  8.802(set=0.198 slv=8.603 max=8.6033 n=1) cex=R/T/F=0/0/1 trsplit=0 sim=14.217(rmp=0.485 run=13.730 n=1 d=0) incr=loc/full/maxdirty/keys=0/0/0/0 chk= 0.000(d=1) stat= 0.160 rest= 0.303
  [bmc-incr i=1700 repr=1 active=63/175215 POs=1]
BMC : c =      61  cl =   4503  lit =  175214  p =     0  d =     0  f =     1  +  T =     0.04 sec
  [bmc-prof 1700] wall=  37.040 p=     1 | ifo=  0.675(sd=0.180 nx=0.000 tfo=0.006 cnt=0.489) snap= 0.284 srm= 12.470 sat=  8.905(set=0.208 slv=8.695 max=8.6947 n=1) cex=R/T/F=0/0/1 trsplit=0 sim=14.249(rmp=0.501 run=13.747 n=1 d=0) incr=loc/full/maxdirty/keys=0/0/0/0 chk= 0.000(d=1) stat= 0.157 rest= 0.301
  [bmc-incr i=1701 repr=1 active=62/175214 POs=1]
BMC : c =      60  cl =   4503  lit =  175213  p =     0  d =     0  f =     1  +  T =     0.04 sec
  [bmc-prof 1701] wall=  35.249 p=     1 | ifo=  0.719(sd=0.222 nx=0.000 tfo=0.009 cnt=0.488) snap= 0.353 srm=  7.797 sat=  8.589(set=0.196 slv=8.386 max=8.3864 n=1) cex=R/T/F=0/0/1 trsplit=0 sim=17.266(rmp=0.513 run=16.752 n=1 d=0) incr=loc/full/maxdirty/keys=0/0/0/0 chk= 0.000(d=1) stat= 0.170 rest= 0.354
  [bmc-incr i=1702 repr=1 active=61/175213 POs=1]
BMC : c =      59  cl =   4503  lit =  175212  p =     0  d =     0  f =     1  +  T =     0.03 sec
  [bmc-prof 1702] wall=  33.107 p=     1 | ifo=  0.677(sd=0.180 nx=0.000 tfo=0.006 cnt=0.491) snap= 0.310 srm=  8.942 sat=  8.245(set=0.233 slv=8.010 max=8.0097 n=1) cex=R/T/F=0/0/1 trsplit=0 sim=14.471(rmp=0.435 run=14.035 n=1 d=0) incr=loc/full/maxdirty/keys=0/0/0/0 chk= 0.000(d=1) stat= 0.170 rest= 0.292
  [bmc-incr i=1703 repr=1 active=60/175212 POs=1]
BMC : c =      58  cl =   4503  lit =  175211  p =     0  d =     0  f =     1  +  T =     0.04 sec
  [bmc-prof 1703] wall=  36.785 p=     1 | ifo=  0.661(sd=0.177 nx=0.000 tfo=0.006 cnt=0.478) snap= 0.296 srm=  7.979 sat= 10.577(set=0.197 slv=10.378 max=10.3784 n=1) cex=R/T/F=0/0/1 trsplit=0 sim=16.746(rmp=0.882 run=15.864 n=1 d=0) incr=loc/full/maxdirty/keys=0/0/0/0 chk= 0.000(d=1) stat= 0.175 rest= 0.351
  [bmc-incr i=1704 repr=1 active=59/175211 POs=1]
BMC : c =      57  cl =   4503  lit =  175210  p =     0  d =     0  f =     1  +  T =     0.03 sec
  [bmc-prof 1704] wall=  33.043 p=     1 | ifo=  0.739(sd=0.220 nx=0.000 tfo=0.006 cnt=0.513) snap= 0.348 srm=  8.696 sat=  8.212(set=0.233 slv=7.977 max=7.9772 n=1) cex=R/T/F=0/0/1 trsplit=0 sim=14.593(rmp=0.414 run=14.179 n=1 d=0) incr=loc/full/maxdirty/keys=0/0/0/0 chk= 0.000(d=1) stat= 0.155 rest= 0.299
  [bmc-incr i=1705 repr=1 active=58/175210 POs=1]
BMC : c =      56  cl =   4503  lit =  175209  p =     0  d =     0  f =     1  +  T =     0.04 sec
  [bmc-prof 1705] wall=  35.446 p=     1 | ifo=  0.669(sd=0.174 nx=0.000 tfo=0.005 cnt=0.491) snap= 0.708 srm= 11.539 sat=  8.222(set=0.198 slv=8.023 max=8.0233 n=1) cex=R/T/F=0/0/1 trsplit=0 sim=13.853(rmp=0.400 run=13.453 n=1 d=0) incr=loc/full/maxdirty/keys=0/0/0/0 chk= 0.000(d=1) stat= 0.155 rest= 0.299
  [bmc-incr i=1706 repr=1 active=57/175209 POs=1]
BMC : c =      55  cl =   4503  lit =  175208  p =     0  d =     0  f =     1  +  T =     0.03 sec
  [bmc-prof 1706] wall=  32.156 p=     1 | ifo=  0.679(sd=0.174 nx=0.000 tfo=0.004 cnt=0.500) snap= 0.284 srm=  7.813 sat=  8.184(set=0.197 slv=7.985 max=7.9855 n=1) cex=R/T/F=0/0/1 trsplit=0 sim=13.927(rmp=0.406 run=13.521 n=1 d=0) incr=loc/full/maxdirty/keys=0/0/0/0 chk= 0.000(d=1) stat= 0.932 rest= 0.336
  [bmc-incr i=1707 repr=1 active=56/175208 POs=1]
BMC : c =      54  cl =   4503  lit =  175207  p =     0  d =     0  f =     1  +  T =     0.04 sec
  [bmc-prof 1707] wall=  41.036 p=     1 | ifo=  0.673(sd=0.180 nx=0.000 tfo=0.005 cnt=0.488) snap= 0.334 srm= 14.292 sat=  8.305(set=0.322 slv=7.981 max=7.9812 n=1) cex=R/T/F=0/0/1 trsplit=0 sim=16.954(rmp=0.428 run=16.525 n=1 d=0) incr=loc/full/maxdirty/keys=0/0/0/0 chk= 0.000(d=1) stat= 0.165 rest= 0.314
  [bmc-incr i=1708 repr=1 active=55/175207 POs=1]
BMC : c =      53  cl =   4503  lit =  175206  p =     0  d =     0  f =     1  +  T =     0.03 sec
  [bmc-prof 1708] wall=  32.870 p=     1 | ifo=  0.679(sd=0.180 nx=0.000 tfo=0.005 cnt=0.494) snap= 0.294 srm=  8.382 sat=  8.115(set=0.202 slv=7.911 max=7.9111 n=1) cex=R/T/F=0/0/1 trsplit=0 sim=14.951(rmp=0.405 run=14.545 n=1 d=0) incr=loc/full/maxdirty/keys=0/0/0/0 chk= 0.000(d=1) stat= 0.155 rest= 0.294
  [bmc-incr i=1709 repr=1 active=54/175206 POs=1]
BMC : c =      52  cl =   4503  lit =  175205  p =     0  d =     0  f =     1  +  T =     0.03 sec
  [bmc-prof 1709] wall=  31.335 p=     1 | ifo=  0.657(sd=0.173 nx=0.000 tfo=0.005 cnt=0.479) snap= 0.280 srm=  7.835 sat=  8.112(set=0.196 slv=7.914 max=7.9143 n=1) cex=R/T/F=0/0/1 trsplit=0 sim=13.987(rmp=0.402 run=13.584 n=1 d=0) incr=loc/full/maxdirty/keys=0/0/0/0 chk= 0.000(d=1) stat= 0.172 rest= 0.293
  [bmc-incr i=1710 repr=1 active=53/175205 POs=1]
BMC : c =      51  cl =   4503  lit =  175204  p =     0  d =     0  f =     1  +  T =     0.03 sec
  [bmc-prof 1710] wall=  34.832 p=     1 | ifo=  0.711(sd=0.214 nx=0.000 tfo=0.004 cnt=0.493) snap= 0.297 srm=  9.470 sat=  8.651(set=0.257 slv=8.391 max=8.3913 n=1) cex=R/T/F=0/0/1 trsplit=0 sim=15.159(rmp=0.451 run=14.707 n=1 d=0) incr=loc/full/maxdirty/keys=0/0/0/0 chk= 0.000(d=1) stat= 0.207 rest= 0.336
  [bmc-incr i=1711 repr=1 active=52/175204 POs=1]
BMC : c =      50  cl =   4503  lit =  175203  p =     0  d =     0  f =     1  +  T =     0.03 sec
  [bmc-prof 1711] wall=  31.984 p=     1 | ifo=  0.759(sd=0.236 nx=0.000 tfo=0.006 cnt=0.517) snap= 0.291 srm=  8.152 sat=  8.174(set=0.200 slv=7.971 max=7.9714 n=1) cex=R/T/F=0/0/1 trsplit=0 sim=14.145(rmp=0.409 run=13.735 n=1 d=0) incr=loc/full/maxdirty/keys=0/0/0/0 chk= 0.000(d=1) stat= 0.161 rest= 0.301
  [bmc-incr i=1712 repr=1 active=51/175203 POs=1]
BMC : c =      49  cl =   4503  lit =  175202  p =     0  d =     0  f =     1  +  T =     0.03 sec
  [bmc-prof 1712] wall=  33.278 p=     1 | ifo=  0.673(sd=0.181 nx=0.000 tfo=0.004 cnt=0.488) snap= 0.297 srm=  8.457 sat=  8.229(set=0.216 slv=8.011 max=8.0109 n=1) cex=R/T/F=0/0/1 trsplit=0 sim=15.093(rmp=0.426 run=14.666 n=1 d=0) incr=loc/full/maxdirty/keys=0/0/0/0 chk= 0.000(d=1) stat= 0.202 rest= 0.326
  [bmc-incr i=1713 repr=1 active=50/175202 POs=1]
BMC : c =      48  cl =   4503  lit =  175201  p =     0  d =     0  f =     1  +  T =     0.03 sec
  [bmc-prof 1713] wall=  32.656 p=     1 | ifo=  0.751(sd=0.225 nx=0.000 tfo=0.006 cnt=0.520) snap= 0.324 srm=  8.291 sat=  8.818(set=0.239 slv=8.576 max=8.5763 n=1) cex=R/T/F=0/0/1 trsplit=0 sim=13.999(rmp=0.417 run=13.582 n=1 d=0) incr=loc/full/maxdirty/keys=0/0/0/0 chk= 0.000(d=1) stat= 0.160 rest= 0.314
  [bmc-incr i=1714 repr=1 active=49/175201 POs=1]
BMC : c =      47  cl =   4503  lit =  175200  p =     0  d =     0  f =     1  +  T =     0.03 sec
  [bmc-prof 1714] wall=  31.471 p=     1 | ifo=  0.663(sd=0.176 nx=0.000 tfo=0.004 cnt=0.482) snap= 0.283 srm=  7.811 sat=  8.217(set=0.196 slv=8.020 max=8.0199 n=1) cex=R/T/F=0/0/1 trsplit=0 sim=14.031(rmp=0.420 run=13.611 n=1 d=0) incr=loc/full/maxdirty/keys=0/0/0/0 chk= 0.000(d=1) stat= 0.160 rest= 0.306
  [bmc-incr i=1715 repr=1 active=48/175200 POs=1]
BMC : c =      46  cl =   4503  lit =  175199  p =     0  d =     0  f =     1  +  T =     0.03 sec
  [bmc-prof 1715] wall=  32.335 p=     1 | ifo=  0.674(sd=0.177 nx=0.000 tfo=0.005 cnt=0.492) snap= 0.341 srm=  8.045 sat=  8.682(set=0.227 slv=8.453 max=8.4530 n=1) cex=R/T/F=0/0/1 trsplit=0 sim=14.083(rmp=0.420 run=13.662 n=1 d=0) incr=loc/full/maxdirty/keys=0/0/0/0 chk= 0.000(d=1) stat= 0.168 rest= 0.343
  [bmc-incr i=1716 repr=1 active=47/175199 POs=1]
BMC : c =      45  cl =   4503  lit =  175198  p =     0  d =     0  f =     1  +  T =     0.03 sec
  [bmc-prof 1716] wall=  31.683 p=     1 | ifo=  0.661(sd=0.179 nx=0.000 tfo=0.004 cnt=0.477) snap= 0.405 srm=  7.864 sat=  8.281(set=0.231 slv=8.049 max=8.0487 n=1) cex=R/T/F=0/0/1 trsplit=0 sim=14.026(rmp=0.406 run=13.620 n=1 d=0) incr=loc/full/maxdirty/keys=0/0/0/0 chk= 0.000(d=1) stat= 0.155 rest= 0.290
  [bmc-incr i=1717 repr=1 active=46/175198 POs=1]
BMC : c =      44  cl =   4503  lit =  175197  p =     0  d =     0  f =     1  +  T =     0.04 sec
  [bmc-prof 1717] wall=  38.320 p=     1 | ifo=  0.701(sd=0.207 nx=0.000 tfo=0.006 cnt=0.489) snap= 0.284 srm=  7.968 sat=  8.486(set=0.225 slv=8.259 max=8.2594 n=1) cex=R/T/F=0/0/1 trsplit=0 sim=20.412(rmp=1.032 run=19.379 n=1 d=0) incr=loc/full/maxdirty/keys=0/0/0/0 chk= 0.000(d=1) stat= 0.159 rest= 0.309
  [bmc-incr i=1718 repr=1 active=45/175197 POs=1]
BMC : c =      43  cl =   4503  lit =  175196  p =     0  d =     0  f =     1  +  T =     0.03 sec
  [bmc-prof 1718] wall=  33.955 p=     1 | ifo=  0.662(sd=0.179 nx=0.000 tfo=0.004 cnt=0.479) snap= 0.283 srm=  8.081 sat=  8.995(set=0.200 slv=8.792 max=8.7923 n=1) cex=R/T/F=0/0/1 trsplit=0 sim=15.432(rmp=0.510 run=14.921 n=1 d=0) incr=loc/full/maxdirty/keys=0/0/0/0 chk= 0.000(d=1) stat= 0.158 rest= 0.342
  [bmc-incr i=1719 repr=1 active=44/175196 POs=1]
BMC : c =      42  cl =   4503  lit =  175195  p =     0  d =     0  f =     1  +  T =     0.03 sec
  [bmc-prof 1719] wall=  32.434 p=     1 | ifo=  0.661(sd=0.178 nx=0.000 tfo=0.004 cnt=0.479) snap= 0.284 srm=  8.143 sat=  8.346(set=0.213 slv=8.131 max=8.1305 n=1) cex=R/T/F=0/0/1 trsplit=0 sim=14.538(rmp=0.428 run=14.109 n=1 d=0) incr=loc/full/maxdirty/keys=0/0/0/0 chk= 0.000(d=1) stat= 0.167 rest= 0.295
  [bmc-incr i=1720 repr=1 active=43/175195 POs=1]
BMC : c =      41  cl =   4503  lit =  175194  p =     0  d =     0  f =     1  +  T =     0.03 sec
  [bmc-prof 1720] wall=  31.394 p=     1 | ifo=  0.671(sd=0.181 nx=0.000 tfo=0.004 cnt=0.486) snap= 0.294 srm=  7.859 sat=  8.155(set=0.199 slv=7.954 max=7.9545 n=1) cex=R/T/F=0/0/1 trsplit=0 sim=13.967(rmp=0.402 run=13.565 n=1 d=0) incr=loc/full/maxdirty/keys=0/0/0/0 chk= 0.000(d=1) stat= 0.156 rest= 0.290
  [bmc-incr i=1721 repr=1 active=42/175194 POs=1]
BMC : c =      40  cl =   4503  lit =  175193  p =     0  d =     0  f =     1  +  T =     0.03 sec
  [bmc-prof 1721] wall=  31.850 p=     1 | ifo=  0.673(sd=0.175 nx=0.000 tfo=0.004 cnt=0.494) snap= 0.282 srm=  7.890 sat=  8.164(set=0.203 slv=7.960 max=7.9596 n=1) cex=R/T/F=0/0/1 trsplit=0 sim=14.386(rmp=0.404 run=13.981 n=1 d=0) incr=loc/full/maxdirty/keys=0/0/0/0 chk= 0.000(d=1) stat= 0.155 rest= 0.300
  [bmc-incr i=1722 repr=1 active=41/175193 POs=1]
BMC : c =      39  cl =   4503  lit =  175192  p =     0  d =     0  f =     1  +  T =     0.04 sec
  [bmc-prof 1722] wall=  36.121 p=     1 | ifo=  0.651(sd=0.174 nx=0.000 tfo=0.004 cnt=0.474) snap= 0.285 srm=  7.893 sat=  8.586(set=0.196 slv=8.384 max=8.3842 n=1) cex=R/T/F=0/0/1 trsplit=0 sim=18.228(rmp=0.437 run=17.790 n=1 d=0) incr=loc/full/maxdirty/keys=0/0/0/0 chk= 0.000(d=1) stat= 0.157 rest= 0.320
  [bmc-incr i=1723 repr=1 active=40/175192 POs=1]
BMC : c =      38  cl =   4503  lit =  175191  p =     0  d =     0  f =     1  +  T =     0.03 sec
  [bmc-prof 1723] wall=  31.616 p=     1 | ifo=  0.673(sd=0.177 nx=0.000 tfo=0.004 cnt=0.492) snap= 0.281 srm=  7.955 sat=  8.264(set=0.207 slv=8.054 max=8.0544 n=1) cex=R/T/F=0/0/1 trsplit=0 sim=13.987(rmp=0.390 run=13.596 n=1 d=0) incr=loc/full/maxdirty/keys=0/0/0/0 chk= 0.000(d=1) stat= 0.167 rest= 0.289
  [bmc-incr i=1724 repr=1 active=39/175191 POs=1]
BMC : c =      37  cl =   4503  lit =  175190  p =     0  d =     0  f =     1  +  T =     0.03 sec
  [bmc-prof 1724] wall=  32.601 p=     1 | ifo=  0.658(sd=0.176 nx=0.000 tfo=0.004 cnt=0.477) snap= 0.283 srm=  8.819 sat=  8.218(set=0.203 slv=8.013 max=8.0129 n=1) cex=R/T/F=0/0/1 trsplit=0 sim=14.172(rmp=0.467 run=13.705 n=1 d=0) incr=loc/full/maxdirty/keys=0/0/0/0 chk= 0.000(d=1) stat= 0.156 rest= 0.295
  [bmc-incr i=1725 repr=1 active=38/175190 POs=1]
BMC : c =      36  cl =   4503  lit =  175189  p =     0  d =     0  f =     1  +  T =     0.03 sec
  [bmc-prof 1725] wall=  31.998 p=     1 | ifo=  0.665(sd=0.175 nx=0.000 tfo=0.003 cnt=0.487) snap= 0.282 srm=  7.935 sat=  8.243(set=0.210 slv=8.032 max=8.0315 n=1) cex=R/T/F=0/0/1 trsplit=0 sim=14.406(rmp=0.406 run=13.999 n=1 d=0) incr=loc/full/maxdirty/keys=0/0/0/0 chk= 0.000(d=1) stat= 0.164 rest= 0.301
  [bmc-incr i=1726 repr=1 active=37/175189 POs=1]
BMC : c =      35  cl =   4503  lit =  175188  p =     0  d =     0  f =     1  +  T =     0.03 sec
  [bmc-prof 1726] wall=  33.277 p=     1 | ifo=  0.664(sd=0.180 nx=0.000 tfo=0.005 cnt=0.479) snap= 0.300 srm=  8.202 sat=  8.269(set=0.232 slv=8.034 max=8.0343 n=1) cex=R/T/F=0/0/1 trsplit=0 sim=15.367(rmp=0.939 run=14.427 n=1 d=0) incr=loc/full/maxdirty/keys=0/0/0/0 chk= 0.000(d=1) stat= 0.164 rest= 0.311
  [bmc-incr i=1727 repr=1 active=36/175188 POs=1]
BMC : c =      34  cl =   4503  lit =  175187  p =     0  d =     0  f =     1  +  T =     0.03 sec
  [bmc-prof 1727] wall=  34.194 p=     1 | ifo=  2.354(sd=1.825 nx=0.000 tfo=0.005 cnt=0.524) snap= 0.316 srm=  8.187 sat=  8.310(set=0.208 slv=8.100 max=8.0999 n=1) cex=R/T/F=0/0/1 trsplit=0 sim=14.545(rmp=0.435 run=14.110 n=1 d=0) incr=loc/full/maxdirty/keys=0/0/0/0 chk= 0.000(d=1) stat= 0.172 rest= 0.310
  [bmc-incr i=1728 repr=1 active=35/175187 POs=1]
BMC : c =      33  cl =   4503  lit =  175186  p =     0  d =     0  f =     1  +  T =     0.03 sec
  [bmc-prof 1728] wall=  33.403 p=     1 | ifo=  0.682(sd=0.190 nx=0.000 tfo=0.004 cnt=0.488) snap= 0.292 srm=  8.311 sat=  8.304(set=0.209 slv=8.092 max=8.0920 n=1) cex=R/T/F=0/0/1 trsplit=0 sim=15.330(rmp=0.432 run=14.897 n=1 d=0) incr=loc/full/maxdirty/keys=0/0/0/0 chk= 0.000(d=1) stat= 0.179 rest= 0.304
  [bmc-incr i=1729 repr=1 active=34/175186 POs=1]
BMC : c =      32  cl =   4503  lit =  175185  p =     0  d =     0  f =     1  +  T =     0.03 sec
  [bmc-prof 1729] wall=  32.255 p=     1 | ifo=  0.696(sd=0.197 nx=0.000 tfo=0.004 cnt=0.495) snap= 0.304 srm=  8.227 sat=  8.247(set=0.209 slv=8.036 max=8.0359 n=1) cex=R/T/F=0/0/1 trsplit=0 sim=14.312(rmp=0.431 run=13.880 n=1 d=0) incr=loc/full/maxdirty/keys=0/0/0/0 chk= 0.000(d=1) stat= 0.154 rest= 0.314
  [bmc-incr i=1730 repr=1 active=33/175185 POs=1]
BMC : c =      31  cl =   4503  lit =  175184  p =     0  d =     0  f =     1  +  T =     0.03 sec
  [bmc-prof 1730] wall=  32.398 p=     1 | ifo=  0.674(sd=0.178 nx=0.000 tfo=0.004 cnt=0.493) snap= 0.298 srm=  8.028 sat=  8.368(set=0.262 slv=8.104 max=8.1040 n=1) cex=R/T/F=0/0/1 trsplit=0 sim=14.563(rmp=0.448 run=14.114 n=1 d=0) incr=loc/full/maxdirty/keys=0/0/0/0 chk= 0.000(d=1) stat= 0.164 rest= 0.303
  [bmc-incr i=1731 repr=1 active=32/175184 POs=1]
BMC : c =      30  cl =   4503  lit =  175183  p =     0  d =     0  f =     1  +  T =     0.03 sec
  [bmc-prof 1731] wall=  31.742 p=     1 | ifo=  0.671(sd=0.180 nx=0.000 tfo=0.004 cnt=0.487) snap= 0.282 srm=  8.002 sat=  8.221(set=0.225 slv=7.994 max=7.9938 n=1) cex=R/T/F=0/0/1 trsplit=0 sim=14.105(rmp=0.393 run=13.712 n=1 d=0) incr=loc/full/maxdirty/keys=0/0/0/0 chk= 0.000(d=1) stat= 0.162 rest= 0.298
  [bmc-incr i=1732 repr=1 active=31/175183 POs=1]
BMC : c =      29  cl =   4503  lit =  175182  p =     0  d =     0  f =     1  +  T =     0.04 sec
  [bmc-prof 1732] wall=  39.040 p=     1 | ifo=  0.757(sd=0.180 nx=0.000 tfo=0.004 cnt=0.572) snap= 1.278 srm=  9.457 sat= 12.447(set=0.831 slv=11.612 max=11.6122 n=1) cex=R/T/F=0/0/1 trsplit=0 sim=14.622(rmp=0.454 run=14.167 n=1 d=0) incr=loc/full/maxdirty/keys=0/0/0/0 chk= 0.000(d=1) stat= 0.159 rest= 0.321
  [bmc-incr i=1733 repr=1 active=30/175182 POs=1]
BMC : c =      28  cl =   4503  lit =  175181  p =     0  d =     0  f =     1  +  T =     0.03 sec
  [bmc-prof 1733] wall=  31.561 p=     1 | ifo=  0.663(sd=0.181 nx=0.000 tfo=0.004 cnt=0.478) snap= 0.284 srm=  7.881 sat=  8.284(set=0.200 slv=8.082 max=8.0817 n=1) cex=R/T/F=0/0/1 trsplit=0 sim=13.980(rmp=0.395 run=13.584 n=1 d=0) incr=loc/full/maxdirty/keys=0/0/0/0 chk= 0.000(d=1) stat= 0.163 rest= 0.306
  [bmc-incr i=1734 repr=1 active=29/175181 POs=1]
BMC : c =      27  cl =   4503  lit =  175180  p =     0  d =     0  f =     1  +  T =     0.03 sec
  [bmc-prof 1734] wall=  31.865 p=     1 | ifo=  0.687(sd=0.204 nx=0.000 tfo=0.006 cnt=0.477) snap= 0.288 srm=  8.022 sat=  8.265(set=0.197 slv=8.067 max=8.0667 n=1) cex=R/T/F=0/0/1 trsplit=0 sim=14.080(rmp=0.397 run=13.682 n=1 d=0) incr=loc/full/maxdirty/keys=0/0/0/0 chk= 0.000(d=1) stat= 0.157 rest= 0.364
  [bmc-incr i=1735 repr=1 active=28/175180 POs=1]
BMC : c =      26  cl =   4503  lit =  175179  p =     0  d =     0  f =     1  +  T =     0.03 sec
  [bmc-prof 1735] wall=  31.447 p=     1 | ifo=  0.653(sd=0.174 nx=0.000 tfo=0.003 cnt=0.476) snap= 0.290 srm=  7.808 sat=  8.316(set=0.197 slv=8.118 max=8.1176 n=1) cex=R/T/F=0/0/1 trsplit=0 sim=13.932(rmp=0.395 run=13.537 n=1 d=0) incr=loc/full/maxdirty/keys=0/0/0/0 chk= 0.000(d=1) stat= 0.153 rest= 0.295
  [bmc-incr i=1736 repr=1 active=27/175179 POs=1]
BMC : c =      25  cl =   4503  lit =  175178  p =     0  d =     0  f =     1  +  T =     0.03 sec
  [bmc-prof 1736] wall=  31.560 p=     1 | ifo=  0.651(sd=0.174 nx=0.000 tfo=0.002 cnt=0.475) snap= 0.280 srm=  7.998 sat=  8.233(set=0.195 slv=8.037 max=8.0367 n=1) cex=R/T/F=0/0/1 trsplit=0 sim=13.946(rmp=0.407 run=13.538 n=1 d=0) incr=loc/full/maxdirty/keys=0/0/0/0 chk= 0.000(d=1) stat= 0.160 rest= 0.291
  [bmc-incr i=1737 repr=1 active=26/175178 POs=1]
BMC : c =      24  cl =   4503  lit =  175177  p =     0  d =     0  f =     1  +  T =     0.03 sec
  [bmc-prof 1737] wall=  33.907 p=     1 | ifo=  0.651(sd=0.174 nx=0.000 tfo=0.003 cnt=0.474) snap= 0.302 srm=  8.451 sat=  8.872(set=0.201 slv=8.668 max=8.6679 n=1) cex=R/T/F=0/0/1 trsplit=0 sim=15.152(rmp=0.443 run=14.708 n=1 d=0) incr=loc/full/maxdirty/keys=0/0/0/0 chk= 0.000(d=1) stat= 0.160 rest= 0.319
  [bmc-incr i=1738 repr=1 active=25/175177 POs=1]
BMC : c =      23  cl =   4503  lit =  175176  p =     0  d =     0  f =     1  +  T =     0.03 sec
  [bmc-prof 1738] wall=  31.972 p=     1 | ifo=  0.721(sd=0.219 nx=0.000 tfo=0.005 cnt=0.496) snap= 0.291 srm=  8.157 sat=  8.234(set=0.205 slv=8.028 max=8.0276 n=1) cex=R/T/F=0/0/1 trsplit=0 sim=14.126(rmp=0.405 run=13.720 n=1 d=0) incr=loc/full/maxdirty/keys=0/0/0/0 chk= 0.000(d=1) stat= 0.153 rest= 0.290
  [bmc-incr i=1739 repr=1 active=24/175176 POs=1]
BMC : c =      22  cl =   4503  lit =  175175  p =     0  d =     0  f =     1  +  T =     0.03 sec
  [bmc-prof 1739] wall=  31.948 p=     1 | ifo=  0.754(sd=0.175 nx=0.000 tfo=0.003 cnt=0.577) snap= 0.291 srm=  8.168 sat=  8.199(set=0.201 slv=7.996 max=7.9964 n=1) cex=R/T/F=0/0/1 trsplit=0 sim=14.095(rmp=0.405 run=13.689 n=1 d=0) incr=loc/full/maxdirty/keys=0/0/0/0 chk= 0.000(d=1) stat= 0.152 rest= 0.289
  [bmc-incr i=1740 repr=1 active=23/175175 POs=1]
BMC : c =      21  cl =   4503  lit =  175174  p =     0  d =     0  f =     1  +  T =     0.03 sec
  [bmc-prof 1740] wall=  32.041 p=     1 | ifo=  0.659(sd=0.173 nx=0.000 tfo=0.003 cnt=0.483) snap= 0.302 srm=  8.235 sat=  8.197(set=0.199 slv=7.997 max=7.9966 n=1) cex=R/T/F=0/0/1 trsplit=0 sim=14.178(rmp=0.404 run=13.773 n=1 d=0) incr=loc/full/maxdirty/keys=0/0/0/0 chk= 0.000(d=1) stat= 0.166 rest= 0.304
  [bmc-incr i=1741 repr=1 active=22/175174 POs=1]
BMC : c =      20  cl =   4503  lit =  175173  p =     0  d =     0  f =     1  +  T =     0.03 sec
  [bmc-prof 1741] wall=  32.536 p=     1 | ifo=  1.056(sd=0.178 nx=0.000 tfo=0.003 cnt=0.875) snap= 0.288 srm=  8.177 sat=  8.267(set=0.213 slv=8.052 max=8.0519 n=1) cex=R/T/F=0/0/1 trsplit=0 sim=14.293(rmp=0.425 run=13.868 n=1 d=0) incr=loc/full/maxdirty/keys=0/0/0/0 chk= 0.000(d=1) stat= 0.163 rest= 0.292
  [bmc-incr i=1742 repr=1 active=21/175173 POs=1]
BMC : c =      19  cl =   4503  lit =  175172  p =     0  d =     0  f =     1  +  T =     0.03 sec
  [bmc-prof 1742] wall=  32.830 p=     1 | ifo=  0.698(sd=0.213 nx=0.000 tfo=0.005 cnt=0.481) snap= 0.284 srm=  8.102 sat=  8.311(set=0.199 slv=8.110 max=8.1103 n=1) cex=R/T/F=0/0/1 trsplit=0 sim=14.983(rmp=0.405 run=14.577 n=1 d=0) incr=loc/full/maxdirty/keys=0/0/0/0 chk= 0.000(d=1) stat= 0.162 rest= 0.289
  [bmc-incr i=1743 repr=1 active=20/175172 POs=1]
BMC : c =      18  cl =   4503  lit =  175171  p =     0  d =     0  f =     1  +  T =     0.03 sec
  [bmc-prof 1743] wall=  33.076 p=     1 | ifo=  0.706(sd=0.174 nx=0.000 tfo=0.002 cnt=0.530) snap= 0.299 srm=  8.552 sat=  8.631(set=0.219 slv=8.410 max=8.4098 n=1) cex=R/T/F=0/0/1 trsplit=0 sim=14.408(rmp=0.437 run=13.970 n=1 d=0) incr=loc/full/maxdirty/keys=0/0/0/0 chk= 0.000(d=1) stat= 0.160 rest= 0.319
  [bmc-incr i=1744 repr=1 active=19/175171 POs=1]
BMC : c =      17  cl =   4503  lit =  175170  p =     0  d =     0  f =     1  +  T =     0.03 sec
  [bmc-prof 1744] wall=  34.187 p=     1 | ifo=  0.674(sd=0.180 nx=0.000 tfo=0.003 cnt=0.491) snap= 0.292 srm=  8.019 sat=  8.219(set=0.197 slv=8.020 max=8.0201 n=1) cex=R/T/F=0/0/1 trsplit=0 sim=16.533(rmp=0.396 run=16.136 n=1 d=0) incr=loc/full/maxdirty/keys=0/0/0/0 chk= 0.000(d=1) stat= 0.154 rest= 0.296
  [bmc-incr i=1745 repr=1 active=18/175170 POs=1]
BMC : c =      16  cl =   4503  lit =  175169  p =     0  d =     0  f =     1  +  T =     0.04 sec
  [bmc-prof 1745] wall=  35.901 p=     1 | ifo=  0.660(sd=0.174 nx=0.000 tfo=0.003 cnt=0.483) snap= 0.298 srm=  7.842 sat= 10.807(set=0.197 slv=10.607 max=10.6071 n=1) cex=R/T/F=0/0/1 trsplit=0 sim=15.754(rmp=0.466 run=15.288 n=1 d=0) incr=loc/full/maxdirty/keys=0/0/0/0 chk= 0.000(d=1) stat= 0.158 rest= 0.383
  [bmc-incr i=1746 repr=1 active=17/175169 POs=1]
BMC : c =      15  cl =   4503  lit =  175168  p =     0  d =     0  f =     1  +  T =     0.03 sec
  [bmc-prof 1746] wall=  32.858 p=     1 | ifo=  0.682(sd=0.191 nx=0.000 tfo=0.003 cnt=0.488) snap= 0.371 srm=  8.460 sat=  8.478(set=0.244 slv=8.231 max=8.2315 n=1) cex=R/T/F=0/0/1 trsplit=0 sim=14.406(rmp=0.443 run=13.962 n=1 d=0) incr=loc/full/maxdirty/keys=0/0/0/0 chk= 0.000(d=1) stat= 0.160 rest= 0.300
  [bmc-incr i=1747 repr=1 active=16/175168 POs=1]
BMC : c =      14  cl =   4503  lit =  175167  p =     0  d =     0  f =     1  +  T =     0.03 sec
  [bmc-prof 1747] wall=  31.914 p=     1 | ifo=  0.673(sd=0.182 nx=0.000 tfo=0.003 cnt=0.488) snap= 0.281 srm=  8.032 sat=  8.226(set=0.200 slv=8.025 max=8.0247 n=1) cex=R/T/F=0/0/1 trsplit=0 sim=14.239(rmp=0.405 run=13.833 n=1 d=0) incr=loc/full/maxdirty/keys=0/0/0/0 chk= 0.000(d=1) stat= 0.159 rest= 0.302
  [bmc-incr i=1748 repr=1 active=15/175167 POs=1]
BMC : c =      13  cl =   4503  lit =  175166  p =     0  d =     0  f =     1  +  T =     0.03 sec
  [bmc-prof 1748] wall=  33.636 p=     1 | ifo=  0.668(sd=0.179 nx=0.000 tfo=0.003 cnt=0.486) snap= 0.305 srm=  9.019 sat=  8.920(set=0.214 slv=8.704 max=8.7037 n=1) cex=R/T/F=0/0/1 trsplit=0 sim=14.196(rmp=0.428 run=13.767 n=1 d=0) incr=loc/full/maxdirty/keys=0/0/0/0 chk= 0.000(d=1) stat= 0.156 rest= 0.372
  [bmc-incr i=1749 repr=1 active=14/175166 POs=1]
BMC : c =      12  cl =   4503  lit =  175165  p =     0  d =     0  f =     1  +  T =     0.03 sec
  [bmc-prof 1749] wall=  33.452 p=     1 | ifo=  0.673(sd=0.183 nx=0.000 tfo=0.003 cnt=0.487) snap= 0.282 srm=  8.011 sat=  8.295(set=0.200 slv=8.093 max=8.0934 n=1) cex=R/T/F=0/0/1 trsplit=0 sim=15.744(rmp=0.406 run=15.338 n=1 d=0) incr=loc/full/maxdirty/keys=0/0/0/0 chk= 0.000(d=1) stat= 0.156 rest= 0.289
  [bmc-incr i=1750 repr=1 active=13/175165 POs=1]
BMC : c =      11  cl =   4503  lit =  175164  p =     0  d =     0  f =     1  +  T =     0.03 sec
  [bmc-prof 1750] wall=  32.586 p=     1 | ifo=  0.673(sd=0.175 nx=0.000 tfo=0.003 cnt=0.495) snap= 0.291 srm=  8.835 sat=  8.307(set=0.197 slv=8.109 max=8.1086 n=1) cex=R/T/F=0/0/1 trsplit=0 sim=14.031(rmp=0.399 run=13.632 n=1 d=0) incr=loc/full/maxdirty/keys=0/0/0/0 chk= 0.000(d=1) stat= 0.159 rest= 0.290
  [bmc-incr i=1751 repr=1 active=12/175164 POs=1]
BMC : c =      10  cl =   4503  lit =  175163  p =     0  d =     0  f =     1  +  T =     0.03 sec
  [bmc-prof 1751] wall=  32.170 p=     1 | ifo=  0.658(sd=0.179 nx=0.000 tfo=0.003 cnt=0.477) snap= 0.298 srm=  8.229 sat=  8.368(set=0.222 slv=8.145 max=8.1447 n=1) cex=R/T/F=0/0/1 trsplit=0 sim=14.159(rmp=0.408 run=13.750 n=1 d=0) incr=loc/full/maxdirty/keys=0/0/0/0 chk= 0.000(d=1) stat= 0.155 rest= 0.302
  [bmc-incr i=1752 repr=1 active=11/175163 POs=1]
BMC : c =       9  cl =   4503  lit =  175162  p =     0  d =     0  f =     1  +  T =     0.03 sec
  [bmc-prof 1752] wall=  33.644 p=     1 | ifo=  0.655(sd=0.177 nx=0.000 tfo=0.003 cnt=0.476) snap= 0.280 srm=  7.981 sat=  9.848(set=0.199 slv=9.647 max=9.6467 n=1) cex=R/T/F=0/0/1 trsplit=0 sim=14.408(rmp=0.454 run=13.954 n=1 d=0) incr=loc/full/maxdirty/keys=0/0/0/0 chk= 0.000(d=1) stat= 0.159 rest= 0.312
  [bmc-incr i=1753 repr=1 active=10/175162 POs=1]
BMC : c =       8  cl =   4503  lit =  175161  p =     0  d =     0  f =     1  +  T =     0.03 sec
  [bmc-prof 1753] wall=  31.810 p=     1 | ifo=  0.687(sd=0.187 nx=0.000 tfo=0.003 cnt=0.497) snap= 0.283 srm=  7.989 sat=  8.348(set=0.208 slv=8.139 max=8.1387 n=1) cex=R/T/F=0/0/1 trsplit=0 sim=14.059(rmp=0.396 run=13.663 n=1 d=0) incr=loc/full/maxdirty/keys=0/0/0/0 chk= 0.000(d=1) stat= 0.153 rest= 0.291
  [bmc-incr i=1754 repr=1 active=9/175161 POs=1]
BMC : c =       7  cl =   4503  lit =  175160  p =     0  d =     0  f =     1  +  T =     0.03 sec
  [bmc-prof 1754] wall=  31.751 p=     1 | ifo=  0.684(sd=0.197 nx=0.000 tfo=0.002 cnt=0.486) snap= 0.282 srm=  7.934 sat=  8.374(set=0.212 slv=8.161 max=8.1612 n=1) cex=R/T/F=0/0/1 trsplit=0 sim=13.993(rmp=0.396 run=13.597 n=1 d=0) incr=loc/full/maxdirty/keys=0/0/0/0 chk= 0.000(d=1) stat= 0.181 rest= 0.303
  [bmc-incr i=1755 repr=1 active=8/175160 POs=1]
BMC : c =       6  cl =   4503  lit =  175159  p =     0  d =     0  f =     1  +  T =     0.03 sec
  [bmc-prof 1755] wall=  33.072 p=     1 | ifo=  0.671(sd=0.183 nx=0.000 tfo=0.002 cnt=0.486) snap= 0.856 srm=  8.258 sat=  8.466(set=0.207 slv=8.257 max=8.2565 n=1) cex=R/T/F=0/0/1 trsplit=0 sim=14.355(rmp=0.430 run=13.924 n=1 d=0) incr=loc/full/maxdirty/keys=0/0/0/0 chk= 0.000(d=1) stat= 0.172 rest= 0.294
  [bmc-incr i=1756 repr=1 active=7/175159 POs=1]
BMC : c =       5  cl =   4503  lit =  175158  p =     0  d =     0  f =     1  +  T =     0.04 sec
  [bmc-prof 1756] wall=  36.036 p=     1 | ifo=  0.668(sd=0.183 nx=0.000 tfo=0.003 cnt=0.482) snap= 0.300 srm=  8.701 sat= 10.942(set=0.661 slv=10.279 max=10.2790 n=1) cex=R/T/F=0/0/1 trsplit=0 sim=14.969(rmp=0.439 run=14.529 n=1 d=0) incr=loc/full/maxdirty/keys=0/0/0/0 chk= 0.000(d=1) stat= 0.157 rest= 0.300
  [bmc-incr i=1757 repr=1 active=6/175158 POs=1]
BMC : c =       4  cl =   4503  lit =  175157  p =     0  d =     0  f =     1  +  T =     0.03 sec
  [bmc-prof 1757] wall=  33.075 p=     1 | ifo=  0.673(sd=0.186 nx=0.000 tfo=0.002 cnt=0.484) snap= 0.693 srm=  8.233 sat=  8.314(set=0.206 slv=8.106 max=8.1061 n=1) cex=R/T/F=0/0/1 trsplit=0 sim=14.693(rmp=0.441 run=14.251 n=1 d=0) incr=loc/full/maxdirty/keys=0/0/0/0 chk= 0.000(d=1) stat= 0.162 rest= 0.308
  [bmc-incr i=1758 repr=1 active=5/175157 POs=1]
BMC : c =       3  cl =   4503  lit =  175156  p =     0  d =     0  f =     1  +  T =     0.03 sec
  [bmc-prof 1758] wall=  32.440 p=     1 | ifo=  0.659(sd=0.179 nx=0.000 tfo=0.002 cnt=0.478) snap= 0.301 srm=  7.979 sat=  8.377(set=0.201 slv=8.175 max=8.1752 n=1) cex=R/T/F=0/0/1 trsplit=0 sim=14.662(rmp=0.447 run=14.214 n=1 d=0) incr=loc/full/maxdirty/keys=0/0/0/0 chk= 0.000(d=1) stat= 0.161 rest= 0.302
  [bmc-incr i=1759 repr=1 active=4/175156 POs=1]
BMC : c =       2  cl =   4503  lit =  175155  p =     0  d =     0  f =     1  +  T =     0.03 sec
  [bmc-prof 1759] wall=  32.909 p=     1 | ifo=  0.660(sd=0.182 nx=0.000 tfo=0.002 cnt=0.476) snap= 0.282 srm=  8.084 sat=  8.337(set=0.200 slv=8.135 max=8.1350 n=1) cex=R/T/F=0/0/1 trsplit=0 sim=14.939(rmp=0.405 run=14.533 n=1 d=0) incr=loc/full/maxdirty/keys=0/0/0/0 chk= 0.000(d=1) stat= 0.166 rest= 0.441
  [bmc-incr i=1760 repr=1 active=3/175155 POs=0]
  [bmc-prof ALL] wall=134865.255 p=1302024 | ifo=1531.047(sd=342.794 nx=0.000 tfo=291.618 cnt=896.635) snap=540.882 srm=15019.919 sat=90319.008(set=409.043 slv=89690.935 max=39.1887 n=1302024) cex=R/T/F=503998/0/3099 trsplit=0 sim=26575.939(rmp=785.169 run=25789.475 n=1760 d=58982) incr=loc/full/maxdirty/keys=0/0/0/0 chk= 3.185(d=3094) stat=297.396 rest=577.879
  1 : c =       1  cl =   4503  lit =  175153  p =174358  d =     0  f =     2  +  T =     0.19 sec
  [prof   1] wall= 193.998 p=174360 | ifo=  0.000(sd=0.000 nx=0.000 tfo=0.000 cnt=0.000) snap= 0.361 srm= 50.607 sat= 94.117(set=4.446 slv=80.608 max=0.7962 n=174360) cex=R/T/F=0/0/2 trsplit=0 sim=48.125(rmp=1.706 run=46.417 n=1 d=0) incr=loc/full/maxdirty/keys=0/1/0/1072914 chk= 0.125(d=2) stat= 0.222 rest= 0.441
  [incr r=1 repr=2 next=2 tfo=1471 active=11/179656 POs=10]
  2 : c =       1  cl =   4503  lit =  175151  p =     8  d =     0  f =     2  +  T =     0.02 sec
  [prof   2] wall=  18.124 p=    10 | ifo=  0.903(sd=0.181 nx=0.164 tfo=0.025 cnt=0.533) snap= 0.286 srm= 13.478 sat=  1.181(set=1.107 slv=0.072 max=0.0488 n=10) cex=R/T/F=0/0/2 trsplit=0 sim= 1.812(rmp=0.425 run=1.387 n=1 d=0) incr=loc/full/maxdirty/keys=1/0/0/1072914 chk= 0.001(d=2) stat= 0.159 rest= 0.304
  [incr r=2 repr=2 next=3 tfo=1470 active=9/179654 POs=8]
  3 : c =       0  cl =   4503  lit =  175150  p =     7  d =     0  f =     1  -  T =     0.02 sec
  [prof   3] wall=  23.109 p=     8 | ifo=  0.834(sd=0.171 nx=0.138 tfo=0.021 cnt=0.503) snap= 0.278 srm= 11.160 sat=  9.384(set=1.224 slv=8.157 max=8.1452 n=8) cex=R/T/F=0/0/1 trsplit=0 sim= 0.988(rmp=0.429 run=0.559 n=1 d=0) incr=loc/full/maxdirty/keys=1/0/0/1072914 chk= 0.000(d=1) stat= 0.174 rest= 0.292
  4 : c =       0  cl =   4503  lit =  175150  p =     0  d =     0  f =     0  -  T =     0.00 sec
  [prof ALL] wall= 235.231 p=174378 | ifo=  1.737(sd=0.352 nx=0.303 tfo=0.046 cnt=1.037) snap= 0.925 srm= 75.244 sat=104.681(set=6.778 slv=88.837 max=8.1452 n=174378) cex=R/T/F=0/0/5 trsplit=0 sim=50.925(rmp=2.560 run=48.362 n=3 d=0) incr=loc/full/maxdirty/keys=2/1/0/1072914 chk= 0.127(d=5) stat= 0.555 rest= 1.037
Srm   =     0.08 sec (  0.06 %)
Sat   =     0.10 sec (  0.08 %)
Sim   =     0.05 sec (  0.04 %)
Other =   135.09 sec ( 99.83 %)
Incr  =     0.00 sec (  0.00 %)
Incr: fallback rounds = 0, skipped candidate pairs = 359290
TOTAL =   135.33 sec
NBeg = 324370. NEnd = 148995. (Gain =  54.07 %).  RBeg = 2630. REnd = 2629. (Gain =   0.04 %).
Flop output names are not available. Use command "&get -n".
[1;37m/home/zxr_wsl/benchmarks/incre_spec//Problem05_label47+token_ring.13.cil-2[0m : i/o =  28006/      1  ff =   2629  [1;36mand =  148995[0m  [1;35mlev = 1778[0m [1;35m(0.68)[0m  mem = 2.21 MB
