### benchmark: /home/zxr_wsl/benchmarks/incre_spec//Problem11_label08.aig
### opts:      &scorr -v -w -i
### timeout:   1800s
### date:      Tue Jun  9 11:38:52 CST 2026

======== ABC command line "&r /home/zxr_wsl/benchmarks/incre_spec//Problem11_label08.aig; &ps; &scorr -v -w -i; &ps"
Converted 0 1-valued FFs and 259 DC-valued FFs.
Warning: The number of inputs does not match the number of input names.
[1;37m/home/zxr_wsl/benchmarks/incre_spec//Problem11_label08[0m : i/o =    742/      1  ff =    262  [1;36mand =  400072[0m  [1;35mlev = 2250[0m [1;35m(8.57)[0m  mem = 4.60 MB
cst =  400334  cls =      0  lit =  400334  unused =     742  proof =     0
cst =  207945  cls =  16110  lit =  296630  unused =   88336  proof =     0
cst =  207263  cls =  15337  lit =  292197  unused =   93542  proof =     0
cst =  206953  cls =  15170  lit =  289613  unused =   96293  proof =     0
cst =  206658  cls =  14979  lit =  287728  unused =   98369  proof =     0
cst =  206341  cls =  14852  lit =  286625  unused =   99599  proof =     0
cst =  206236  cls =  14726  lit =  285905  unused =  100445  proof =     0
cst =  206148  cls =  14690  lit =  285507  unused =  100879  proof =     0
cst =  206079  cls =  14641  lit =  285128  unused =  101307  proof =     0
cst =  206040  cls =  14600  lit =  284784  unused =  101692  proof =     0
Obj =  401340. And =  400072. Conf =   100. Fr = 1. Lcorr = 0. Ring = 1. CSat = 1.
  0 : c =  206040  cl =  14600  lit =  284784  p =     0  d =     0  f =     0  +  T =     0.23 sec
BMC : c =  205448  cl =  13509  lit =  279866  p =  8907  d =  3462  f =  2741  +  T =     0.81 sec
  [bmc-prof   0] wall= 807.270 p= 15110 | ifo=  0.000(sd=0.000 nx=0.000 tfo=0.000 cnt=0.000) snap= 0.327 srm= 26.127 sat=762.323(set=0.704 slv=760.382 max=1.1748 n=15110) cex=R/T/F=3462/0/2741 trsplit=0 sim=17.115(rmp=0.616 run=16.498 n=1 d=2462) incr=loc/full/maxdirty/keys=0/0/0/0 chk= 0.597(d=2456) stat= 0.334 rest= 0.447
BMC : c =  205071  cl =  13007  lit =  277392  p =  9469  d =  2696  f =  1500  +  T =     0.41 sec
  [bmc-prof   1] wall= 409.996 p= 13665 | ifo=  8.477(sd=0.260 nx=0.000 tfo=7.607 cnt=0.611) snap= 0.374 srm= 20.253 sat=364.890(set=0.853 slv=363.021 max=0.9776 n=13665) cex=R/T/F=2696/0/1500 trsplit=0 sim=14.976(rmp=0.578 run=14.397 n=1 d=1044) incr=loc/full/maxdirty/keys=0/0/0/0 chk= 0.220(d=1430) stat= 0.337 rest= 0.469
BMC : c =  204271  cl =  12692  lit =  275454  p =  9682  d =  2198  f =  1143  +  T =     0.34 sec
  [bmc-prof   2] wall= 340.284 p= 13023 | ifo=  6.804(sd=0.248 nx=0.000 tfo=5.966 cnt=0.589) snap= 0.370 srm= 18.947 sat=297.936(set=0.756 slv=296.116 max=0.9644 n=13023) cex=R/T/F=2198/0/1143 trsplit=0 sim=15.338(rmp=0.587 run=14.750 n=1 d=819) incr=loc/full/maxdirty/keys=0/0/0/0 chk= 0.187(d=1119) stat= 0.296 rest= 0.406
BMC : c =  203462  cl =  12438  lit =  273314  p =  9759  d =  2046  f =  1449  +  T =     0.37 sec
  [bmc-prof   3] wall= 369.726 p= 13254 | ifo=  6.167(sd=0.225 nx=0.000 tfo=5.344 cnt=0.598) snap= 0.349 srm= 19.142 sat=327.847(set=0.756 slv=326.043 max=0.9471 n=13254) cex=R/T/F=2046/0/1449 trsplit=0 sim=15.201(rmp=0.659 run=14.541 n=1 d=701) incr=loc/full/maxdirty/keys=0/0/0/0 chk= 0.236(d=1439) stat= 0.322 rest= 0.461
BMC : c =  202653  cl =  12218  lit =  271228  p = 10115  d =  1656  f =  1554  +  T =     0.41 sec
  [bmc-prof   4] wall= 413.690 p= 13325 | ifo=  6.453(sd=0.303 nx=0.000 tfo=5.536 cnt=0.614) snap= 0.356 srm= 18.160 sat=373.449(set=0.750 slv=371.642 max=1.0939 n=13325) cex=R/T/F=1656/0/1554 trsplit=0 sim=14.301(rmp=0.644 run=13.657 n=1 d=551) incr=loc/full/maxdirty/keys=0/0/0/0 chk= 0.232(d=1535) stat= 0.283 rest= 0.455
BMC : c =  201710  cl =  12040  lit =  269066  p = 10362  d =  1418  f =  1658  +  T =     0.46 sec
  [bmc-prof   5] wall= 458.515 p= 13438 | ifo=  6.659(sd=0.232 nx=0.000 tfo=5.803 cnt=0.624) snap= 0.385 srm= 18.853 sat=417.267(set=0.798 slv=415.472 max=1.4137 n=13438) cex=R/T/F=1418/0/1658 trsplit=0 sim=14.336(rmp=0.607 run=13.727 n=1 d=521) incr=loc/full/maxdirty/keys=0/0/0/0 chk= 0.192(d=1641) stat= 0.325 rest= 0.498
BMC : c =  200886  cl =  11873  lit =  267093  p = 10671  d =  1228  f =  1536  +  T =     0.37 sec
  [bmc-prof   6] wall= 373.819 p= 13435 | ifo=  6.071(sd=0.279 nx=0.000 tfo=5.200 cnt=0.591) snap= 0.344 srm= 19.496 sat=331.492(set=0.790 slv=329.695 max=1.9340 n=13435) cex=R/T/F=1228/0/1536 trsplit=0 sim=15.461(rmp=0.592 run=14.869 n=1 d=444) incr=loc/full/maxdirty/keys=0/0/0/0 chk= 0.234(d=1529) stat= 0.274 rest= 0.447
BMC : c =  199968  cl =  11805  lit =  265135  p = 11045  d =  1027  f =  1524  +  T =     0.36 sec
  [bmc-prof   7] wall= 357.068 p= 13596 | ifo=  5.767(sd=0.292 nx=0.000 tfo=4.864 cnt=0.610) snap= 0.353 srm= 18.919 sat=315.709(set=0.839 slv=313.844 max=1.6657 n=13596) cex=R/T/F=1027/0/1524 trsplit=0 sim=15.382(rmp=0.594 run=14.787 n=1 d=443) incr=loc/full/maxdirty/keys=0/0/0/0 chk= 0.237(d=1515) stat= 0.285 rest= 0.417
BMC : c =  199157  cl =  11685  lit =  263340  p = 11407  d =   956  f =  1418  +  T =     0.37 sec
  [bmc-prof   8] wall= 368.593 p= 13781 | ifo=  5.949(sd=0.225 nx=0.000 tfo=5.093 cnt=0.631) snap= 0.340 srm= 19.008 sat=327.603(set=0.787 slv=325.749 max=2.4620 n=13781) cex=R/T/F=956/0/1418 trsplit=0 sim=14.730(rmp=0.660 run=14.070 n=1 d=380) incr=loc/full/maxdirty/keys=0/0/0/0 chk= 0.144(d=1415) stat= 0.391 rest= 0.428
BMC : c =  198296  cl =  11609  lit =  261449  p = 11715  d =   762  f =  1568  +  T =     0.38 sec
  [bmc-prof   9] wall= 383.342 p= 14045 | ifo=  5.420(sd=0.238 nx=0.000 tfo=4.543 cnt=0.639) snap= 0.374 srm= 18.348 sat=344.620(set=0.830 slv=342.793 max=1.7831 n=14045) cex=R/T/F=762/0/1568 trsplit=0 sim=13.631(rmp=0.609 run=13.021 n=1 d=327) incr=loc/full/maxdirty/keys=0/0/0/0 chk= 0.178(d=1564) stat= 0.311 rest= 0.461
BMC : c =  197268  cl =  11577  lit =  259531  p = 12004  d =   576  f =  1542  +  T =     0.35 sec
  [bmc-prof  10] wall= 349.978 p= 14122 | ifo=  5.650(sd=0.233 nx=0.000 tfo=4.704 cnt=0.713) snap= 0.353 srm= 19.095 sat=309.918(set=0.780 slv=308.201 max=1.8257 n=14122) cex=R/T/F=576/0/1542 trsplit=0 sim=14.101(rmp=0.641 run=13.459 n=1 d=379) incr=loc/full/maxdirty/keys=0/0/0/0 chk= 0.150(d=1539) stat= 0.275 rest= 0.437
BMC : c =  196159  cl =  11503  lit =  257340  p = 12316  d =   513  f =  1885  +  T =     0.42 sec
  [bmc-prof  11] wall= 422.715 p= 14714 | ifo=  4.943(sd=0.222 nx=0.000 tfo=4.074 cnt=0.647) snap= 0.378 srm= 19.266 sat=383.208(set=0.779 slv=381.436 max=1.7332 n=14714) cex=R/T/F=513/0/1885 trsplit=0 sim=14.052(rmp=0.657 run=13.394 n=1 d=337) incr=loc/full/maxdirty/keys=0/0/0/0 chk= 0.155(d=1854) stat= 0.275 rest= 0.438
BMC : c =  195104  cl =  11377  lit =  255188  p = 12476  d =   425  f =  1858  +  T =     0.39 sec
  [bmc-prof  12] wall= 393.778 p= 14759 | ifo=  4.874(sd=0.219 nx=0.000 tfo=4.070 cnt=0.585) snap= 0.343 srm= 19.350 sat=354.698(set=0.815 slv=352.923 max=1.8037 n=14759) cex=R/T/F=425/0/1858 trsplit=0 sim=13.690(rmp=0.595 run=13.095 n=1 d=302) incr=loc/full/maxdirty/keys=0/0/0/0 chk= 0.154(d=1850) stat= 0.275 rest= 0.394
BMC : c =  194044  cl =  11292  lit =  253136  p = 12685  d =   346  f =  1825  +  T =     0.39 sec
  [bmc-prof  13] wall= 394.495 p= 14856 | ifo=  4.550(sd=0.221 nx=0.000 tfo=3.699 cnt=0.630) snap= 0.354 srm= 19.961 sat=355.445(set=0.906 slv=353.593 max=1.1679 n=14856) cex=R/T/F=346/0/1825 trsplit=0 sim=13.340(rmp=0.607 run=12.733 n=1 d=229) incr=loc/full/maxdirty/keys=0/0/0/0 chk= 0.170(d=1823) stat= 0.270 rest= 0.405
BMC : c =  193004  cl =  11204  lit =  251064  p = 12946  d =   305  f =  1864  +  T =     0.40 sec
  [bmc-prof  14] wall= 401.449 p= 15115 | ifo=  4.821(sd=0.230 nx=0.000 tfo=3.992 cnt=0.599) snap= 0.355 srm= 20.889 sat=361.014(set=0.846 slv=359.094 max=1.1244 n=15115) cex=R/T/F=305/0/1864 trsplit=0 sim=13.455(rmp=0.593 run=12.862 n=1 d=209) incr=loc/full/maxdirty/keys=0/0/0/0 chk= 0.190(d=1863) stat= 0.287 rest= 0.438
BMC : c =  190511  cl =  11163  lit =  248788  p = 13069  d =   298  f =  1998  +  T =     0.43 sec
  [bmc-prof  15] wall= 425.289 p= 15365 | ifo=  5.059(sd=0.217 nx=0.000 tfo=3.972 cnt=0.869) snap= 0.342 srm= 19.720 sat=385.375(set=0.786 slv=383.547 max=1.1115 n=15365) cex=R/T/F=298/0/1998 trsplit=0 sim=13.923(rmp=0.621 run=13.301 n=1 d=279) incr=loc/full/maxdirty/keys=0/0/0/0 chk= 0.178(d=1997) stat= 0.284 rest= 0.408
BMC : c =  188086  cl =  11123  lit =  246641  p = 13426  d =   395  f =  1850  +  T =     0.40 sec
  [bmc-prof  16] wall= 401.978 p= 15671 | ifo=  4.560(sd=0.234 nx=0.000 tfo=3.692 cnt=0.634) snap= 0.355 srm= 19.382 sat=361.336(set=0.814 slv=359.463 max=1.1619 n=15671) cex=R/T/F=395/0/1850 trsplit=0 sim=15.255(rmp=0.641 run=14.612 n=1 d=298) incr=loc/full/maxdirty/keys=0/0/0/0 chk= 0.247(d=1849) stat= 0.375 rest= 0.468
BMC : c =  185593  cl =  11066  lit =  244705  p = 14358  d =   281  f =  1695  +  T =     0.37 sec
  [bmc-prof  17] wall= 365.615 p= 16334 | ifo=  4.437(sd=0.268 nx=0.000 tfo=3.543 cnt=0.626) snap= 0.354 srm= 20.408 sat=325.679(set=0.723 slv=323.915 max=1.1947 n=16334) cex=R/T/F=281/0/1695 trsplit=0 sim=13.697(rmp=0.584 run=13.112 n=1 d=241) incr=loc/full/maxdirty/keys=0/0/0/0 chk= 0.168(d=1695) stat= 0.276 rest= 0.595
BMC : c =  183105  cl =  11009  lit =  242883  p = 16608  d =   160  f =  1653  +  T =     0.36 sec
  [bmc-prof  18] wall= 363.611 p= 18421 | ifo=  4.383(sd=0.219 nx=0.000 tfo=3.571 cnt=0.592) snap= 0.356 srm= 20.980 sat=322.977(set=0.798 slv=321.056 max=1.1856 n=18421) cex=R/T/F=160/0/1653 trsplit=0 sim=13.922(rmp=0.606 run=13.315 n=1 d=170) incr=loc/full/maxdirty/keys=0/0/0/0 chk= 0.149(d=1652) stat= 0.283 rest= 0.561
BMC : c =  181659  cl =  10956  lit =  241112  p = 18758  d =   141  f =  1650  +  T =     0.37 sec
  [bmc-prof  19] wall= 375.558 p= 20549 | ifo=  4.433(sd=0.240 nx=0.000 tfo=3.576 cnt=0.618) snap= 0.371 srm= 20.931 sat=335.037(set=0.856 slv=332.962 max=1.9496 n=20549) cex=R/T/F=141/0/1650 trsplit=0 sim=13.572(rmp=0.606 run=12.965 n=1 d=121) incr=loc/full/maxdirty/keys=0/0/0/0 chk= 0.178(d=1650) stat= 0.337 rest= 0.699
  [bmc-incr i=20 repr=2500 active=168096/241112 POs=16844]
BMC : c =  180632  cl =  10917  lit =  239371  p = 15105  d =    97  f =  1642  +  T =     0.34 sec
  [bmc-prof  20] wall= 338.524 p= 16844 | ifo=  4.334(sd=0.247 nx=0.000 tfo=3.445 cnt=0.642) snap= 0.376 srm= 19.712 sat=298.917(set=0.782 slv=296.955 max=1.4555 n=16844) cex=R/T/F=97/0/1642 trsplit=0 sim=14.090(rmp=0.605 run=13.484 n=1 d=99) incr=loc/full/maxdirty/keys=0/0/0/0 chk= 0.157(d=1642) stat= 0.301 rest= 0.637
  [bmc-incr i=21 repr=1767 active=147877/239371 POs=11836]
BMC : c =  179319  cl =  10884  lit =  237656  p = 10119  d =    80  f =  1637  +  T =     0.33 sec
  [bmc-prof  21] wall= 330.327 p= 11836 | ifo=  4.198(sd=0.219 nx=0.000 tfo=3.309 cnt=0.671) snap= 0.365 srm= 18.820 sat=292.632(set=0.823 slv=291.034 max=2.2125 n=11836) cex=R/T/F=80/0/1637 trsplit=0 sim=13.479(rmp=0.591 run=12.887 n=1 d=78) incr=loc/full/maxdirty/keys=0/0/0/0 chk= 0.129(d=1637) stat= 0.290 rest= 0.414
  [bmc-incr i=22 repr=2029 active=140989/237656 POs=10389]
BMC : c =  178236  cl =  10857  lit =  235960  p =  8666  d =    70  f =  1653  +  T =     0.46 sec
  [bmc-prof  22] wall= 464.076 p= 10389 | ifo=  3.569(sd=0.226 nx=0.000 tfo=2.721 cnt=0.622) snap= 0.364 srm= 17.109 sat=427.705(set=0.840 slv=426.197 max=3.6931 n=10389) cex=R/T/F=70/0/1653 trsplit=0 sim=14.414(rmp=0.634 run=13.778 n=1 d=43) incr=loc/full/maxdirty/keys=0/0/0/0 chk= 0.144(d=1653) stat= 0.305 rest= 0.466
  [bmc-incr i=23 repr=1833 active=136827/235960 POs=10147]
BMC : c =  177211  cl =  10821  lit =  234202  p =  8403  d =    18  f =  1726  +  T =     0.37 sec
  [bmc-prof  23] wall= 368.286 p= 10147 | ifo=  3.668(sd=0.230 nx=0.000 tfo=2.796 cnt=0.643) snap= 0.370 srm= 17.339 sat=332.364(set=1.053 slv=330.604 max=3.0185 n=10147) cex=R/T/F=18/0/1726 trsplit=0 sim=13.617(rmp=0.604 run=13.012 n=1 d=32) incr=loc/full/maxdirty/keys=0/0/0/0 chk= 0.131(d=1726) stat= 0.331 rest= 0.466
  [bmc-incr i=24 repr=1777 active=128729/234202 POs=9693]
BMC : c =  176112  cl =  10765  lit =  232461  p =  7953  d =     3  f =  1737  +  T =     0.38 sec
  [bmc-prof  24] wall= 376.144 p=  9693 | ifo=  3.565(sd=0.278 nx=0.000 tfo=2.630 cnt=0.657) snap= 0.402 srm= 17.598 sat=339.460(set=0.857 slv=337.943 max=2.8224 n=9693) cex=R/T/F=3/0/1737 trsplit=0 sim=14.240(rmp=0.664 run=13.575 n=1 d=4) incr=loc/full/maxdirty/keys=0/0/0/0 chk= 0.117(d=1737) stat= 0.319 rest= 0.444
  [bmc-incr i=25 repr=1741 active=126235/232461 POs=9469]
BMC : c =  174872  cl =  10710  lit =  230612  p =  7620  d =     1  f =  1848  +  T =     0.39 sec
  [bmc-prof  25] wall= 385.813 p=  9469 | ifo=  3.657(sd=0.229 nx=0.000 tfo=2.711 cnt=0.717) snap= 0.377 srm= 17.531 sat=349.313(set=0.884 slv=347.736 max=2.0452 n=9469) cex=R/T/F=1/0/1848 trsplit=0 sim=13.912(rmp=0.786 run=13.125 n=1 d=1) incr=loc/full/maxdirty/keys=0/0/0/0 chk= 0.127(d=1848) stat= 0.305 rest= 0.591
  [bmc-incr i=26 repr=1858 active=122437/230612 POs=9067]
BMC : c =  173617  cl =  10655  lit =  228750  p =  7205  d =     1  f =  1861  +  T =     0.40 sec
  [bmc-prof  26] wall= 398.374 p=  9067 | ifo=  3.871(sd=0.265 nx=0.000 tfo=2.884 cnt=0.723) snap= 0.372 srm= 19.859 sat=357.489(set=0.812 slv=356.081 max=2.0291 n=9067) cex=R/T/F=1/0/1861 trsplit=0 sim=15.919(rmp=0.728 run=15.191 n=1 d=1) incr=loc/full/maxdirty/keys=0/0/0/0 chk= 0.100(d=1861) stat= 0.314 rest= 0.451
  [bmc-incr i=27 repr=1862 active=119815/228750 POs=8793]
BMC : c =  172332  cl =  10605  lit =  226882  p =  6925  d =     1  f =  1867  +  T =     0.37 sec
  [bmc-prof  27] wall= 368.962 p=  8793 | ifo=  3.535(sd=0.244 nx=0.000 tfo=2.563 cnt=0.728) snap= 0.367 srm= 18.725 sat=332.159(set=0.584 slv=330.992 max=1.8832 n=8793) cex=R/T/F=1/0/1867 trsplit=0 sim=13.375(rmp=0.701 run=12.674 n=1 d=1) incr=loc/full/maxdirty/keys=0/0/0/0 chk= 0.085(d=1867) stat= 0.291 rest= 0.424
  [bmc-incr i=28 repr=1868 active=117418/226882 POs=8510]
BMC : c =  171105  cl =  10543  lit =  225141  p =  6769  d =     0  f =  1741  +  T =     0.35 sec
  [bmc-prof  28] wall= 347.177 p=  8510 | ifo=  3.373(sd=0.223 nx=0.000 tfo=2.466 cnt=0.685) snap= 0.381 srm= 19.604 sat=307.468(set=0.609 slv=306.316 max=1.8319 n=8510) cex=R/T/F=0/0/1741 trsplit=0 sim=15.486(rmp=0.637 run=14.848 n=1 d=0) incr=loc/full/maxdirty/keys=0/0/0/0 chk= 0.084(d=1741) stat= 0.337 rest= 0.444
  [bmc-incr i=29 repr=1741 active=115100/225141 POs=8116]
BMC : c =  170080  cl =  10491  lit =  223677  p =  6652  d =     0  f =  1464  +  T =     0.28 sec
  [bmc-prof  29] wall= 282.837 p=  8116 | ifo=  3.124(sd=0.296 nx=0.000 tfo=2.214 cnt=0.614) snap= 0.331 srm= 19.780 sat=245.736(set=0.557 slv=244.695 max=2.1614 n=8116) cex=R/T/F=0/0/1464 trsplit=0 sim=13.016(rmp=1.003 run=12.012 n=1 d=0) incr=loc/full/maxdirty/keys=0/0/0/0 chk= 0.059(d=1464) stat= 0.264 rest= 0.527
  [bmc-incr i=30 repr=1464 active=112454/223677 POs=7877]
BMC : c =  168927  cl =  10427  lit =  222108  p =  6308  d =     0  f =  1569  +  T =     0.28 sec
  [bmc-prof  30] wall= 280.808 p=  7877 | ifo=  2.882(sd=0.214 nx=0.000 tfo=2.053 cnt=0.614) snap= 0.344 srm= 16.039 sat=248.017(set=0.530 slv=247.023 max=1.8293 n=7877) cex=R/T/F=0/0/1569 trsplit=0 sim=12.755(rmp=0.637 run=12.116 n=1 d=0) incr=loc/full/maxdirty/keys=0/0/0/0 chk= 0.058(d=1569) stat= 0.299 rest= 0.415
  [bmc-incr i=31 repr=1569 active=109850/222108 POs=8126]
BMC : c =  167402  cl =  10384  lit =  220192  p =  6210  d =     0  f =  1916  +  T =     0.30 sec
  [bmc-prof  31] wall= 297.473 p=  8126 | ifo=  3.143(sd=0.261 nx=0.000 tfo=2.256 cnt=0.626) snap= 0.337 srm= 15.019 sat=265.645(set=0.494 slv=264.631 max=1.8165 n=8126) cex=R/T/F=0/0/1916 trsplit=0 sim=12.589(rmp=0.621 run=11.967 n=1 d=0) incr=loc/full/maxdirty/keys=0/0/0/0 chk= 0.052(d=1916) stat= 0.281 rest= 0.407
  [bmc-incr i=32 repr=1916 active=85349/220192 POs=6395]
BMC : c =  165944  cl =  10358  lit =  218383  p =  4586  d =     0  f =  1809  +  T =     0.27 sec
  [bmc-prof  32] wall= 265.611 p=  6395 | ifo=  2.400(sd=0.214 nx=0.000 tfo=1.539 cnt=0.647) snap= 0.324 srm= 13.817 sat=235.945(set=0.415 slv=235.115 max=1.8306 n=6395) cex=R/T/F=0/0/1809 trsplit=0 sim=12.378(rmp=0.633 run=11.744 n=1 d=0) incr=loc/full/maxdirty/keys=0/0/0/0 chk= 0.049(d=1809) stat= 0.281 rest= 0.417
  [bmc-incr i=33 repr=1809 active=75954/218383 POs=6247]
BMC : c =  164061  cl =  10332  lit =  216160  p =  4024  d =     0  f =  2223  +  T =     0.30 sec
  [bmc-prof  33] wall= 301.473 p=  6247 | ifo=  2.514(sd=0.261 nx=0.000 tfo=1.549 cnt=0.703) snap= 0.378 srm= 14.087 sat=271.432(set=0.447 slv=270.619 max=0.8828 n=6247) cex=R/T/F=0/0/2223 trsplit=0 sim=12.318(rmp=0.644 run=11.673 n=1 d=0) incr=loc/full/maxdirty/keys=0/0/0/0 chk= 0.048(d=2223) stat= 0.282 rest= 0.414
  [bmc-incr i=34 repr=2223 active=73602/216160 POs=6152]
BMC : c =  162223  cl =  10311  lit =  214026  p =  4018  d =     0  f =  2134  +  T =     0.31 sec
  [bmc-prof  34] wall= 307.303 p=  6152 | ifo=  2.626(sd=0.268 nx=0.000 tfo=1.677 cnt=0.681) snap= 0.362 srm= 14.260 sat=276.990(set=0.430 slv=276.193 max=0.8110 n=6152) cex=R/T/F=0/0/2134 trsplit=0 sim=12.341(rmp=0.641 run=11.698 n=1 d=0) incr=loc/full/maxdirty/keys=0/0/0/0 chk= 0.041(d=2134) stat= 0.277 rest= 0.406
  [bmc-incr i=35 repr=2134 active=55323/214026 POs=5189]
BMC : c =  160867  cl =  10280  lit =  212397  p =  3560  d =     0  f =  1629  +  T =     0.24 sec
  [bmc-prof  35] wall= 238.804 p=  5189 | ifo=  2.110(sd=0.219 nx=0.000 tfo=1.240 cnt=0.650) snap= 0.331 srm= 13.359 sat=209.906(set=0.385 slv=209.225 max=0.9248 n=5189) cex=R/T/F=0/0/1629 trsplit=0 sim=12.369(rmp=0.588 run=11.781 n=1 d=0) incr=loc/full/maxdirty/keys=0/0/0/0 chk= 0.059(d=1629) stat= 0.288 rest= 0.382
  [bmc-incr i=36 repr=1629 active=52996/212397 POs=5473]
BMC : c =  159139  cl =  10257  lit =  210409  p =  3485  d =     0  f =  1988  +  T =     0.32 sec
  [bmc-prof  36] wall= 316.007 p=  5473 | ifo=  2.072(sd=0.222 nx=0.000 tfo=1.160 cnt=0.691) snap= 0.330 srm= 14.765 sat=285.881(set=0.394 slv=285.139 max=0.8687 n=5473) cex=R/T/F=0/0/1988 trsplit=0 sim=12.216(rmp=0.662 run=11.552 n=1 d=0) incr=loc/full/maxdirty/keys=0/0/0/0 chk= 0.051(d=1988) stat= 0.290 rest= 0.403
  [bmc-incr i=37 repr=1988 active=48522/210409 POs=5133]
BMC : c =  157562  cl =  10229  lit =  208590  p =  3314  d =     0  f =  1819  +  T =     0.30 sec
  [bmc-prof  37] wall= 302.794 p=  5133 | ifo=  2.506(sd=0.226 nx=0.000 tfo=1.231 cnt=1.049) snap= 0.341 srm= 13.853 sat=273.198(set=0.394 slv=272.495 max=0.9080 n=5133) cex=R/T/F=0/0/1819 trsplit=0 sim=12.097(rmp=0.605 run=11.491 n=1 d=0) incr=loc/full/maxdirty/keys=0/0/0/0 chk= 0.137(d=1819) stat= 0.272 rest= 0.389
  [bmc-incr i=38 repr=1819 active=46484/208590 POs=5254]
BMC : c =  155923  cl =  10211  lit =  206709  p =  3373  d =     0  f =  1881  +  T =     0.36 sec
  [bmc-prof  38] wall= 357.381 p=  5254 | ifo=  2.028(sd=0.252 nx=0.000 tfo=1.140 cnt=0.636) snap= 0.331 srm= 13.432 sat=327.806(set=0.407 slv=327.062 max=1.4404 n=5254) cex=R/T/F=0/0/1881 trsplit=0 sim=12.929(rmp=0.644 run=12.285 n=1 d=0) incr=loc/full/maxdirty/keys=0/0/0/0 chk= 0.137(d=1881) stat= 0.284 rest= 0.435
  [bmc-incr i=39 repr=1881 active=37026/206709 POs=4231]
BMC : c =  154745  cl =  10183  lit =  205285  p =  2807  d =     0  f =  1424  +  T =     0.28 sec
  [bmc-prof  39] wall= 281.434 p=  4231 | ifo=  1.824(sd=0.233 nx=0.000 tfo=0.931 cnt=0.660) snap= 0.418 srm= 15.113 sat=250.749(set=0.492 slv=249.998 max=1.0688 n=4231) cex=R/T/F=0/0/1424 trsplit=0 sim=12.377(rmp=0.624 run=11.752 n=1 d=0) incr=loc/full/maxdirty/keys=0/0/0/0 chk= 0.137(d=1424) stat= 0.413 rest= 0.403
  [bmc-incr i=40 repr=1424 active=33347/205285 POs=4035]
BMC : c =  153593  cl =  10157  lit =  203869  p =  2619  d =     0  f =  1416  +  T =     0.28 sec
  [bmc-prof  40] wall= 282.991 p=  4035 | ifo=  2.594(sd=0.244 nx=0.000 tfo=0.950 cnt=1.400) snap= 0.342 srm= 15.509 sat=248.398(set=0.388 slv=247.754 max=1.3013 n=4035) cex=R/T/F=0/0/1416 trsplit=0 sim=14.495(rmp=0.840 run=13.653 n=1 d=0) incr=loc/full/maxdirty/keys=0/0/0/0 chk= 0.592(d=1416) stat= 0.295 rest= 0.767
  [bmc-incr i=41 repr=1416 active=29200/203869 POs=3728]
BMC : c =  152327  cl =  10134  lit =  202254  p =  2113  d =     0  f =  1615  +  T =     0.32 sec
  [bmc-prof  41] wall= 319.370 p=  3728 | ifo=  2.312(sd=0.208 nx=0.000 tfo=1.137 cnt=0.967) snap= 0.329 srm= 14.218 sat=289.046(set=0.404 slv=288.388 max=1.3819 n=3728) cex=R/T/F=0/0/1615 trsplit=0 sim=12.334(rmp=0.651 run=11.683 n=1 d=0) incr=loc/full/maxdirty/keys=0/0/0/0 chk= 0.447(d=1615) stat= 0.279 rest= 0.405
  [bmc-incr i=42 repr=1615 active=27232/202254 POs=3402]
BMC : c =  151317  cl =  10116  lit =  200898  p =  2046  d =     0  f =  1356  +  T =     0.26 sec
  [bmc-prof  42] wall= 262.337 p=  3402 | ifo=  1.698(sd=0.290 nx=0.000 tfo=0.763 cnt=0.645) snap= 0.320 srm= 13.449 sat=232.781(set=0.395 slv=232.163 max=1.4337 n=3402) cex=R/T/F=0/0/1356 trsplit=0 sim=12.971(rmp=0.615 run=12.356 n=1 d=0) incr=loc/full/maxdirty/keys=0/0/0/0 chk= 0.406(d=1356) stat= 0.331 rest= 0.380
  [bmc-incr i=43 repr=1356 active=25067/200898 POs=3294]
BMC : c =  150465  cl =  10101  lit =  199631  p =  2027  d =     0  f =  1267  +  T =     0.25 sec
  [bmc-prof  43] wall= 252.320 p=  3294 | ifo=  1.584(sd=0.222 nx=0.000 tfo=0.727 cnt=0.635) snap= 0.333 srm= 14.178 sat=222.623(set=0.401 slv=222.006 max=1.4804 n=3294) cex=R/T/F=0/0/1267 trsplit=0 sim=12.231(rmp=0.631 run=11.600 n=1 d=0) incr=loc/full/maxdirty/keys=0/0/0/0 chk= 0.686(d=1267) stat= 0.284 rest= 0.401
  [bmc-incr i=44 repr=1267 active=23476/199631 POs=3123]
BMC : c =  149596  cl =  10081  lit =  198371  p =  1863  d =     0  f =  1260  +  T =     0.24 sec
  [bmc-prof  44] wall= 242.861 p=  3123 | ifo=  1.860(sd=0.224 nx=0.000 tfo=0.881 cnt=0.755) snap= 0.325 srm= 17.034 sat=209.914(set=0.392 slv=209.271 max=1.4687 n=3123) cex=R/T/F=0/0/1260 trsplit=0 sim=12.524(rmp=0.604 run=11.919 n=1 d=0) incr=loc/full/maxdirty/keys=0/0/0/0 chk= 0.529(d=1260) stat= 0.299 rest= 0.376
  [bmc-incr i=45 repr=1260 active=21775/198371 POs=2983]
BMC : c =  148696  cl =  10066  lit =  197134  p =  1746  d =     0  f =  1237  +  T =     0.26 sec
  [bmc-prof  45] wall= 257.253 p=  2983 | ifo=  1.546(sd=0.239 nx=0.000 tfo=0.668 cnt=0.639) snap= 0.440 srm= 16.808 sat=225.202(set=0.624 slv=224.377 max=1.7414 n=2983) cex=R/T/F=0/0/1237 trsplit=0 sim=12.182(rmp=0.635 run=11.546 n=1 d=0) incr=loc/full/maxdirty/keys=0/0/0/0 chk= 0.396(d=1237) stat= 0.277 rest= 0.403
  [bmc-incr i=46 repr=1237 active=19978/197134 POs=2558]
BMC : c =  147989  cl =  10052  lit =  196163  p =  1587  d =     0  f =   971  +  T =     0.23 sec
  [bmc-prof  46] wall= 228.454 p=  2558 | ifo=  1.559(sd=0.215 nx=0.000 tfo=0.691 cnt=0.652) snap= 0.346 srm= 13.771 sat=198.830(set=0.404 slv=198.264 max=1.7419 n=2558) cex=R/T/F=0/0/971 trsplit=0 sim=13.066(rmp=0.639 run=12.426 n=1 d=0) incr=loc/full/maxdirty/keys=0/0/0/0 chk= 0.217(d=971) stat= 0.277 rest= 0.386
  [bmc-incr i=47 repr=971 active=18580/196163 POs=2253]
BMC : c =  147276  cl =  10037  lit =  195252  p =  1342  d =     0  f =   911  +  T =     0.21 sec
  [bmc-prof  47] wall= 207.975 p=  2253 | ifo=  1.729(sd=0.204 nx=0.000 tfo=0.625 cnt=0.900) snap= 0.358 srm= 13.500 sat=178.807(set=0.395 slv=178.262 max=1.7921 n=2253) cex=R/T/F=0/0/911 trsplit=0 sim=12.750(rmp=0.621 run=12.128 n=1 d=0) incr=loc/full/maxdirty/keys=0/0/0/0 chk= 0.125(d=911) stat= 0.286 rest= 0.420
  [bmc-incr i=48 repr=911 active=17168/195252 POs=1899]
BMC : c =  146618  cl =  10022  lit =  194503  p =  1150  d =     0  f =   749  +  T =     0.18 sec
  [bmc-prof  48] wall= 184.678 p=  1899 | ifo=  1.518(sd=0.217 nx=0.000 tfo=0.620 cnt=0.682) snap= 0.369 srm= 15.209 sat=154.690(set=0.425 slv=154.143 max=1.7549 n=1899) cex=R/T/F=0/0/749 trsplit=0 sim=12.233(rmp=0.559 run=11.674 n=1 d=0) incr=loc/full/maxdirty/keys=0/0/0/0 chk= 0.026(d=749) stat= 0.266 rest= 0.368
  [bmc-incr i=49 repr=749 active=15763/194503 POs=1696]
BMC : c =  146005  cl =  10008  lit =  193813  p =  1006  d =     0  f =   690  +  T =     0.18 sec
  [bmc-prof  49] wall= 177.582 p=  1696 | ifo=  1.507(sd=0.209 nx=0.000 tfo=0.646 cnt=0.652) snap= 0.314 srm= 13.450 sat=148.847(set=0.380 slv=148.353 max=1.7874 n=1696) cex=R/T/F=0/0/690 trsplit=0 sim=12.695(rmp=0.606 run=12.088 n=1 d=0) incr=loc/full/maxdirty/keys=0/0/0/0 chk= 0.016(d=690) stat= 0.287 rest= 0.467
  [bmc-incr i=50 repr=690 active=14967/193813 POs=1570]
BMC : c =  145411  cl =   9996  lit =  193167  p =   924  d =     0  f =   646  +  T =     0.16 sec
  [bmc-prof  50] wall= 157.579 p=  1570 | ifo=  1.667(sd=0.248 nx=0.000 tfo=0.661 cnt=0.758) snap= 0.388 srm= 13.961 sat=129.382(set=0.394 slv=128.883 max=0.9769 n=1570) cex=R/T/F=0/0/646 trsplit=0 sim=11.528(rmp=0.581 run=10.946 n=1 d=0) incr=loc/full/maxdirty/keys=0/0/0/0 chk= 0.016(d=646) stat= 0.262 rest= 0.375
  [bmc-incr i=51 repr=646 active=13853/193167 POs=1389]
BMC : c =  144839  cl =   9989  lit =  192546  p =   768  d =     0  f =   621  +  T =     0.15 sec
  [bmc-prof  51] wall= 153.581 p=  1389 | ifo=  1.331(sd=0.201 nx=0.000 tfo=0.516 cnt=0.613) snap= 0.320 srm= 13.322 sat=124.470(set=0.382 slv=123.998 max=0.9281 n=1389) cex=R/T/F=0/0/621 trsplit=0 sim=13.158(rmp=0.770 run=12.388 n=1 d=0) incr=loc/full/maxdirty/keys=0/0/0/0 chk= 0.045(d=621) stat= 0.271 rest= 0.664
  [bmc-incr i=52 repr=621 active=13123/192546 POs=1304]
BMC : c =  144358  cl =   9987  lit =  192022  p =   780  d =     0  f =   524  +  T =     0.14 sec
  [bmc-prof  52] wall= 138.380 p=  1304 | ifo=  1.602(sd=0.265 nx=0.000 tfo=0.658 cnt=0.678) snap= 0.321 srm= 15.137 sat=108.899(set=0.384 slv=108.413 max=0.8880 n=1304) cex=R/T/F=0/0/524 trsplit=0 sim=11.686(rmp=0.759 run=10.927 n=1 d=0) incr=loc/full/maxdirty/keys=0/0/0/0 chk= 0.017(d=524) stat= 0.266 rest= 0.451
  [bmc-incr i=53 repr=524 active=12236/192022 POs=1172]
BMC : c =  143958  cl =   9984  lit =  191585  p =   735  d =     0  f =   437  +  T =     0.13 sec
  [bmc-prof  53] wall= 127.280 p=  1172 | ifo=  1.442(sd=0.242 nx=0.000 tfo=0.558 cnt=0.641) snap= 0.350 srm= 17.053 sat= 95.641(set=1.320 slv=94.243 max=1.6426 n=1172) cex=R/T/F=0/0/437 trsplit=0 sim=12.063(rmp=0.727 run=11.335 n=1 d=0) incr=loc/full/maxdirty/keys=0/0/0/0 chk= 0.008(d=437) stat= 0.268 rest= 0.454
  [bmc-incr i=54 repr=437 active=11727/191585 POs=1132]
BMC : c =  143613  cl =   9982  lit =  191205  p =   752  d =     0  f =   380  +  T =     0.12 sec
  [bmc-prof  54] wall= 116.271 p=  1132 | ifo=  1.458(sd=0.250 nx=0.000 tfo=0.557 cnt=0.651) snap= 0.324 srm= 13.484 sat= 88.602(set=0.392 slv=88.131 max=1.6071 n=1132) cex=R/T/F=0/0/380 trsplit=0 sim=11.723(rmp=0.624 run=11.098 n=1 d=0) incr=loc/full/maxdirty/keys=0/0/0/0 chk= 0.006(d=380) stat= 0.274 rest= 0.399
  [bmc-incr i=55 repr=380 active=9982/191205 POs=1035]
BMC : c =  143298  cl =   9978  lit =  190866  p =   696  d =     0  f =   339  +  T =     0.11 sec
  [bmc-prof  55] wall= 109.504 p=  1035 | ifo=  1.305(sd=0.210 nx=0.000 tfo=0.453 cnt=0.642) snap= 0.392 srm= 14.411 sat= 76.711(set=0.411 slv=76.232 max=1.8226 n=1035) cex=R/T/F=0/0/339 trsplit=0 sim=16.063(rmp=0.935 run=15.128 n=1 d=0) incr=loc/full/maxdirty/keys=0/0/0/0 chk= 0.005(d=339) stat= 0.272 rest= 0.345
  [bmc-incr i=56 repr=339 active=9575/190866 POs=1037]
BMC : c =  142997  cl =   9977  lit =  190550  p =   721  d =     0  f =   316  +  T =     0.10 sec
  [bmc-prof  56] wall= 100.908 p=  1037 | ifo=  1.443(sd=0.215 nx=0.000 tfo=0.463 cnt=0.765) snap= 0.322 srm= 13.665 sat= 72.406(set=0.372 slv=71.962 max=2.4313 n=1037) cex=R/T/F=0/0/316 trsplit=0 sim=12.339(rmp=0.759 run=11.580 n=1 d=0) incr=loc/full/maxdirty/keys=0/0/0/0 chk= 0.004(d=316) stat= 0.276 rest= 0.452
  [bmc-incr i=57 repr=316 active=9035/190550 POs=932]
BMC : c =  142707  cl =   9975  lit =  190242  p =   624  d =     0  f =   308  +  T =     0.10 sec
  [bmc-prof  57] wall= 101.671 p=   932 | ifo=  1.428(sd=0.251 nx=0.000 tfo=0.474 cnt=0.703) snap= 0.352 srm= 14.407 sat= 70.948(set=0.408 slv=70.471 max=1.2610 n=932) cex=R/T/F=0/0/308 trsplit=0 sim=13.852(rmp=0.736 run=13.115 n=1 d=0) incr=loc/full/maxdirty/keys=0/0/0/0 chk= 0.004(d=308) stat= 0.266 rest= 0.416
  [bmc-incr i=58 repr=308 active=8532/190242 POs=837]
BMC : c =  142442  cl =   9974  lit =  189961  p =   556  d =     0  f =   281  +  T =     0.10 sec
  [bmc-prof  58] wall=  97.771 p=   837 | ifo=  1.292(sd=0.201 nx=0.000 tfo=0.473 cnt=0.618) snap= 0.496 srm= 18.726 sat= 64.158(set=0.547 slv=63.549 max=1.7066 n=837) cex=R/T/F=0/0/281 trsplit=0 sim=12.470(rmp=0.588 run=11.883 n=1 d=0) incr=loc/full/maxdirty/keys=0/0/0/0 chk= 0.003(d=281) stat= 0.262 rest= 0.362
  [bmc-incr i=59 repr=281 active=7913/189961 POs=801]
BMC : c =  142189  cl =   9973  lit =  189694  p =   534  d =     0  f =   267  +  T =     0.08 sec
  [bmc-prof  59] wall=  84.552 p=   801 | ifo=  1.197(sd=0.200 nx=0.000 tfo=0.376 cnt=0.621) snap= 0.343 srm= 13.871 sat= 56.678(set=0.354 slv=56.271 max=1.7760 n=801) cex=R/T/F=0/0/267 trsplit=0 sim=11.817(rmp=0.543 run=11.274 n=1 d=0) incr=loc/full/maxdirty/keys=0/0/0/0 chk= 0.003(d=267) stat= 0.287 rest= 0.355
  [bmc-incr i=60 repr=267 active=7381/189694 POs=818]
BMC : c =  141936  cl =   9972  lit =  189428  p =   552  d =     0  f =   266  +  T =     0.09 sec
  [bmc-prof  60] wall=  88.134 p=   818 | ifo=  1.960(sd=0.791 nx=0.000 tfo=0.393 cnt=0.776) snap= 0.339 srm= 13.207 sat= 57.831(set=0.371 slv=57.408 max=0.9760 n=818) cex=R/T/F=0/0/266 trsplit=0 sim=14.175(rmp=0.524 run=13.650 n=1 d=0) incr=loc/full/maxdirty/keys=0/0/0/0 chk= 0.003(d=266) stat= 0.262 rest= 0.356
  [bmc-incr i=61 repr=266 active=6896/189428 POs=705]
BMC : c =  141696  cl =   9971  lit =  189173  p =   450  d =     0  f =   255  +  T =     0.09 sec
  [bmc-prof  61] wall=  88.529 p=   705 | ifo=  1.258(sd=0.195 nx=0.000 tfo=0.437 cnt=0.626) snap= 0.315 srm= 13.115 sat= 60.477(set=0.356 slv=60.070 max=1.1272 n=705) cex=R/T/F=0/0/255 trsplit=0 sim=12.688(rmp=0.541 run=12.146 n=1 d=0) incr=loc/full/maxdirty/keys=0/0/0/0 chk= 0.003(d=255) stat= 0.320 rest= 0.354
  [bmc-incr i=62 repr=255 active=6574/189173 POs=689]
BMC : c =  141477  cl =   9969  lit =  188940  p =   456  d =     0  f =   233  +  T =     0.08 sec
  [bmc-prof  62] wall=  82.422 p=   689 | ifo=  1.301(sd=0.211 nx=0.000 tfo=0.470 cnt=0.620) snap= 0.334 srm= 14.052 sat= 51.874(set=0.341 slv=51.488 max=1.1142 n=689) cex=R/T/F=0/0/233 trsplit=0 sim=14.223(rmp=0.553 run=13.669 n=1 d=0) incr=loc/full/maxdirty/keys=0/0/0/0 chk= 0.003(d=233) stat= 0.265 rest= 0.370
  [bmc-incr i=63 repr=233 active=6181/188940 POs=618]
BMC : c =  141286  cl =   9967  lit =  188738  p =   416  d =     0  f =   202  +  T =     0.07 sec
  [bmc-prof  63] wall=  70.727 p=   618 | ifo=  1.381(sd=0.251 nx=0.000 tfo=0.419 cnt=0.711) snap= 0.399 srm= 15.726 sat= 40.954(set=0.353 slv=40.557 max=0.9646 n=618) cex=R/T/F=0/0/202 trsplit=0 sim=11.624(rmp=0.556 run=11.067 n=1 d=0) incr=loc/full/maxdirty/keys=0/0/0/0 chk= 0.007(d=202) stat= 0.265 rest= 0.371
  [bmc-incr i=64 repr=202 active=5651/188738 POs=599]
BMC : c =  141087  cl =   9965  lit =  188529  p =   390  d =     0  f =   209  +  T =     0.07 sec
  [bmc-prof  64] wall=  68.412 p=   599 | ifo=  1.280(sd=0.255 nx=0.000 tfo=0.375 cnt=0.649) snap= 0.324 srm= 13.060 sat= 40.988(set=0.312 slv=40.637 max=0.9483 n=599) cex=R/T/F=0/0/209 trsplit=0 sim=12.126(rmp=0.559 run=11.567 n=1 d=0) incr=loc/full/maxdirty/keys=0/0/0/0 chk= 0.002(d=209) stat= 0.271 rest= 0.360
  [bmc-incr i=65 repr=209 active=5307/188529 POs=565]
BMC : c =  140907  cl =   9963  lit =  188340  p =   376  d =     0  f =   189  +  T =     0.07 sec
  [bmc-prof  65] wall=  67.417 p=   565 | ifo=  1.168(sd=0.204 nx=0.000 tfo=0.303 cnt=0.660) snap= 0.315 srm= 13.086 sat= 40.131(set=0.312 slv=39.779 max=1.2693 n=565) cex=R/T/F=0/0/189 trsplit=0 sim=12.014(rmp=0.695 run=11.319 n=1 d=0) incr=loc/full/maxdirty/keys=0/0/0/0 chk= 0.002(d=189) stat= 0.280 rest= 0.421
  [bmc-incr i=66 repr=189 active=5067/188340 POs=520]
BMC : c =  140743  cl =   9961  lit =  188168  p =   348  d =     0  f =   172  +  T =     0.06 sec
  [bmc-prof  66] wall=  63.166 p=   520 | ifo=  1.266(sd=0.247 nx=0.000 tfo=0.330 cnt=0.689) snap= 0.325 srm= 14.459 sat= 35.022(set=0.305 slv=34.684 max=0.8945 n=520) cex=R/T/F=0/0/172 trsplit=0 sim=11.473(rmp=0.509 run=10.964 n=1 d=0) incr=loc/full/maxdirty/keys=0/0/0/0 chk= 0.002(d=172) stat= 0.274 rest= 0.344
  [bmc-incr i=67 repr=172 active=4763/188168 POs=466]
BMC : c =  140600  cl =   9960  lit =  188018  p =   316  d =     0  f =   150  +  T =     0.06 sec
  [bmc-prof  67] wall=  57.462 p=   466 | ifo=  1.137(sd=0.203 nx=0.000 tfo=0.294 cnt=0.639) snap= 0.318 srm= 12.790 sat= 30.866(set=0.292 slv=30.541 max=0.9117 n=466) cex=R/T/F=0/0/150 trsplit=0 sim=11.743(rmp=0.523 run=11.219 n=1 d=0) incr=loc/full/maxdirty/keys=0/0/0/0 chk= 0.002(d=150) stat= 0.259 rest= 0.347
  [bmc-incr i=68 repr=150 active=4557/188018 POs=439]
BMC : c =  140484  cl =   9959  lit =  187897  p =   318  d =     0  f =   121  +  T =     0.05 sec
  [bmc-prof  68] wall=  52.713 p=   439 | ifo=  1.135(sd=0.231 nx=0.000 tfo=0.271 cnt=0.633) snap= 0.323 srm= 12.892 sat= 25.672(set=0.273 slv=25.370 max=1.0948 n=439) cex=R/T/F=0/0/121 trsplit=0 sim=12.037(rmp=0.500 run=11.537 n=1 d=0) incr=loc/full/maxdirty/keys=0/0/0/0 chk= 0.002(d=121) stat= 0.310 rest= 0.343
  [bmc-incr i=69 repr=121 active=3833/187897 POs=342]
BMC : c =  140397  cl =   9957  lit =  187803  p =   248  d =     0  f =    94  +  T =     0.05 sec
  [bmc-prof  69] wall=  48.497 p=   342 | ifo=  1.138(sd=0.206 nx=0.000 tfo=0.290 cnt=0.641) snap= 0.637 srm= 14.415 sat= 18.932(set=0.303 slv=18.603 max=0.9267 n=342) cex=R/T/F=0/0/94 trsplit=0 sim=12.145(rmp=0.574 run=11.571 n=1 d=0) incr=loc/full/maxdirty/keys=0/0/0/0 chk= 0.001(d=94) stat= 0.846 rest= 0.385
  [bmc-incr i=70 repr=94 active=3655/187803 POs=319]
BMC : c =  140309  cl =   9955  lit =  187705  p =   221  d =     0  f =    98  +  T =     0.05 sec
  [bmc-prof  70] wall=  48.846 p=   319 | ifo=  1.270(sd=0.287 nx=0.000 tfo=0.264 cnt=0.719) snap= 0.380 srm= 13.628 sat= 17.594(set=0.307 slv=17.265 max=0.9095 n=319) cex=R/T/F=0/0/98 trsplit=0 sim=15.359(rmp=1.054 run=14.304 n=1 d=0) incr=loc/full/maxdirty/keys=0/0/0/0 chk= 0.002(d=98) stat= 0.263 rest= 0.350
  [bmc-incr i=71 repr=98 active=3376/187705 POs=290]
BMC : c =  140222  cl =   9954  lit =  187609  p =   194  d =     0  f =    96  +  T =     0.05 sec
  [bmc-prof  71] wall=  47.686 p=   290 | ifo=  2.230(sd=0.410 nx=0.000 tfo=0.630 cnt=1.190) snap= 0.319 srm= 15.855 sat= 17.152(set=0.260 slv=16.873 max=0.8795 n=290) cex=R/T/F=0/0/96 trsplit=0 sim=11.503(rmp=0.489 run=11.014 n=1 d=0) incr=loc/full/maxdirty/keys=0/0/0/0 chk= 0.002(d=96) stat= 0.270 rest= 0.355
  [bmc-incr i=72 repr=96 active=3280/187609 POs=288]
BMC : c =  140138  cl =   9952  lit =  187519  p =   198  d =     0  f =    90  +  T =     0.04 sec
  [bmc-prof  72] wall=  44.903 p=   288 | ifo=  1.068(sd=0.203 nx=0.000 tfo=0.233 cnt=0.632) snap= 0.323 srm= 13.139 sat= 17.501(set=0.260 slv=17.220 max=0.8919 n=288) cex=R/T/F=0/0/90 trsplit=0 sim=12.156(rmp=0.589 run=11.567 n=1 d=0) incr=loc/full/maxdirty/keys=0/0/0/0 chk= 0.002(d=90) stat= 0.295 rest= 0.419
  [bmc-incr i=73 repr=90 active=3093/187519 POs=236]
BMC : c =  140061  cl =   9950  lit =  187436  p =   153  d =     0  f =    83  +  T =     0.05 sec
  [bmc-prof  73] wall=  47.005 p=   236 | ifo=  1.353(sd=0.245 nx=0.000 tfo=0.249 cnt=0.859) snap= 0.450 srm= 15.026 sat= 16.448(set=0.371 slv=16.058 max=1.0919 n=236) cex=R/T/F=0/0/83 trsplit=0 sim=12.771(rmp=0.512 run=12.258 n=1 d=0) incr=loc/full/maxdirty/keys=0/0/0/0 chk= 0.002(d=83) stat= 0.555 rest= 0.401
  [bmc-incr i=74 repr=83 active=2924/187436 POs=223]
BMC : c =  139993  cl =   9950  lit =  187364  p =   151  d =     0  f =    72  +  T =     0.04 sec
  [bmc-prof  74] wall=  42.198 p=   223 | ifo=  1.185(sd=0.247 nx=0.000 tfo=0.237 cnt=0.702) snap= 0.351 srm= 13.209 sat= 14.259(set=0.267 slv=13.977 max=0.8821 n=223) cex=R/T/F=0/0/72 trsplit=0 sim=12.060(rmp=1.159 run=10.900 n=1 d=0) incr=loc/full/maxdirty/keys=0/0/0/0 chk= 0.001(d=72) stat= 0.292 rest= 0.841
  [bmc-incr i=75 repr=72 active=2787/187364 POs=203]
BMC : c =  139942  cl =   9950  lit =  187309  p =   148  d =     0  f =    55  +  T =     0.04 sec
  [bmc-prof  75] wall=  40.501 p=   203 | ifo=  1.170(sd=0.258 nx=0.000 tfo=0.241 cnt=0.671) snap= 0.337 srm= 14.667 sat= 11.937(set=0.242 slv=11.679 max=1.1570 n=203) cex=R/T/F=0/0/55 trsplit=0 sim=11.640(rmp=0.527 run=11.113 n=1 d=0) incr=loc/full/maxdirty/keys=0/0/0/0 chk= 0.001(d=55) stat= 0.421 rest= 0.328
  [bmc-incr i=76 repr=55 active=2728/187309 POs=200]
BMC : c =  139898  cl =   9950  lit =  187261  p =   152  d =     0  f =    48  +  T =     0.04 sec
  [bmc-prof  76] wall=  45.112 p=   200 | ifo=  1.047(sd=0.240 nx=0.000 tfo=0.202 cnt=0.604) snap= 0.312 srm= 18.184 sat= 12.285(set=0.246 slv=12.023 max=1.0535 n=200) cex=R/T/F=0/0/48 trsplit=0 sim=12.696(rmp=0.514 run=12.181 n=1 d=0) incr=loc/full/maxdirty/keys=0/0/0/0 chk= 0.001(d=48) stat= 0.248 rest= 0.340
  [bmc-incr i=77 repr=48 active=2641/187261 POs=198]
BMC : c =  139857  cl =   9950  lit =  187216  p =   153  d =     0  f =    45  +  T =     0.04 sec
  [bmc-prof  77] wall=  36.750 p=   198 | ifo=  0.979(sd=0.198 nx=0.000 tfo=0.174 cnt=0.607) snap= 0.322 srm= 12.805 sat= 10.460(set=0.231 slv=10.215 max=0.9053 n=198) cex=R/T/F=0/0/45 trsplit=0 sim=11.478(rmp=0.475 run=11.003 n=1 d=0) incr=loc/full/maxdirty/keys=0/0/0/0 chk= 0.001(d=45) stat= 0.334 rest= 0.370
  [bmc-incr i=78 repr=45 active=2596/187216 POs=199]
BMC : c =  139818  cl =   9950  lit =  187173  p =   156  d =     0  f =    43  +  T =     0.04 sec
  [bmc-prof  78] wall=  36.339 p=   199 | ifo=  0.958(sd=0.189 nx=0.000 tfo=0.170 cnt=0.599) snap= 0.311 srm= 12.515 sat= 10.472(set=0.239 slv=10.217 max=0.8968 n=199) cex=R/T/F=0/0/43 trsplit=0 sim=11.399(rmp=0.483 run=10.916 n=1 d=0) incr=loc/full/maxdirty/keys=0/0/0/0 chk= 0.001(d=43) stat= 0.260 rest= 0.423
  [bmc-incr i=79 repr=43 active=2516/187173 POs=198]
BMC : c =  139781  cl =   9950  lit =  187132  p =   157  d =     0  f =    41  +  T =     0.04 sec
  [bmc-prof  79] wall=  36.569 p=   198 | ifo=  1.029(sd=0.189 nx=0.000 tfo=0.172 cnt=0.668) snap= 0.320 srm= 12.305 sat= 10.509(set=0.230 slv=10.265 max=0.9910 n=198) cex=R/T/F=0/0/41 trsplit=0 sim=11.824(rmp=0.466 run=11.357 n=1 d=0) incr=loc/full/maxdirty/keys=0/0/0/0 chk= 0.001(d=41) stat= 0.257 rest= 0.324
  [bmc-incr i=80 repr=41 active=2475/187132 POs=200]
BMC : c =  139747  cl =   9949  lit =  187093  p =   161  d =     0  f =    39  +  T =     0.04 sec
  [bmc-prof  80] wall=  41.213 p=   200 | ifo=  0.962(sd=0.188 nx=0.000 tfo=0.165 cnt=0.609) snap= 0.312 srm= 15.074 sat= 10.666(set=0.558 slv=10.093 max=0.9752 n=200) cex=R/T/F=0/0/39 trsplit=0 sim=13.600(rmp=0.474 run=13.126 n=1 d=0) incr=loc/full/maxdirty/keys=0/0/0/0 chk= 0.001(d=39) stat= 0.262 rest= 0.335
  [bmc-incr i=81 repr=39 active=1948/187093 POs=153]
BMC : c =  139716  cl =   9949  lit =  187057  p =   117  d =     0  f =    36  +  T =     0.03 sec
  [bmc-prof  81] wall=  34.845 p=   153 | ifo=  0.928(sd=0.193 nx=0.000 tfo=0.130 cnt=0.604) snap= 0.313 srm= 13.560 sat=  8.102(set=0.167 slv=7.925 max=0.4629 n=153) cex=R/T/F=0/0/36 trsplit=0 sim=11.334(rmp=0.465 run=10.868 n=1 d=0) incr=loc/full/maxdirty/keys=0/0/0/0 chk= 0.002(d=36) stat= 0.257 rest= 0.350
  [bmc-incr i=82 repr=36 active=1912/187057 POs=182]
BMC : c =  139676  cl =   9943  lit =  186996  p =   121  d =     0  f =    61  +  T =     0.04 sec
  [bmc-prof  82] wall=  40.513 p=   182 | ifo=  0.932(sd=0.194 nx=0.000 tfo=0.122 cnt=0.616) snap= 0.327 srm= 13.050 sat= 10.987(set=0.283 slv=10.691 max=0.4772 n=182) cex=R/T/F=0/0/61 trsplit=0 sim=14.564(rmp=0.514 run=14.049 n=1 d=0) incr=loc/full/maxdirty/keys=0/0/0/0 chk= 0.010(d=61) stat= 0.290 rest= 0.354
  [bmc-incr i=83 repr=61 active=1626/186996 POs=263]
BMC : c =  139641  cl =   9943  lit =  186885  p =   152  d =     0  f =   111  +  T =     0.04 sec
  [bmc-prof  83] wall=  40.747 p=   263 | ifo=  1.013(sd=0.238 nx=0.000 tfo=0.093 cnt=0.682) snap= 0.383 srm= 13.233 sat= 13.829(set=0.185 slv=13.626 max=0.4767 n=263) cex=R/T/F=0/0/111 trsplit=0 sim=11.629(rmp=0.549 run=11.080 n=1 d=0) incr=loc/full/maxdirty/keys=0/0/0/0 chk= 0.054(d=111) stat= 0.256 rest= 0.349
  [bmc-incr i=84 repr=111 active=1510/186885 POs=311]
BMC : c =  139548  cl =   9943  lit =  186727  p =   153  d =     0  f =   158  +  T =     0.05 sec
  [bmc-prof  84] wall=  47.540 p=   311 | ifo=  0.905(sd=0.224 nx=0.000 tfo=0.075 cnt=0.606) snap= 0.746 srm= 14.702 sat= 18.753(set=0.197 slv=18.536 max=2.2500 n=311) cex=R/T/F=0/0/158 trsplit=0 sim=11.708(rmp=0.529 run=11.178 n=1 d=0) incr=loc/full/maxdirty/keys=0/0/0/0 chk= 0.041(d=158) stat= 0.255 rest= 0.431
  [bmc-incr i=85 repr=158 active=1336/186727 POs=298]
BMC : c =  139525  cl =   9943  lit =  186700  p =   271  d =     0  f =    27  +  T =     0.03 sec
  [bmc-prof  85] wall=  34.723 p=   298 | ifo=  0.948(sd=0.264 nx=0.000 tfo=0.069 cnt=0.615) snap= 0.324 srm= 12.064 sat=  9.015(set=0.168 slv=8.830 max=2.3382 n=298) cex=R/T/F=0/0/27 trsplit=0 sim=11.795(rmp=0.524 run=11.270 n=1 d=0) incr=loc/full/maxdirty/keys=0/0/0/0 chk= 0.001(d=27) stat= 0.247 rest= 0.329
  [bmc-incr i=86 repr=27 active=1242/186700 POs=249]
BMC : c =  139503  cl =   9943  lit =  186674  p =   223  d =     0  f =    26  +  T =     0.04 sec
  [bmc-prof  86] wall=  35.699 p=   249 | ifo=  0.967(sd=0.214 nx=0.000 tfo=0.075 cnt=0.678) snap= 0.315 srm= 12.824 sat=  8.902(set=0.166 slv=8.722 max=2.3344 n=249) cex=R/T/F=0/0/26 trsplit=0 sim=12.069(rmp=0.940 run=11.128 n=1 d=0) incr=loc/full/maxdirty/keys=0/0/0/0 chk= 0.001(d=26) stat= 0.265 rest= 0.355
  [bmc-incr i=87 repr=26 active=755/186674 POs=89]
BMC : c =  139487  cl =   9943  lit =  186654  p =    69  d =     0  f =    20  +  T =     0.03 sec
  [bmc-prof  87] wall=  33.010 p=    89 | ifo=  0.871(sd=0.198 nx=0.000 tfo=0.044 cnt=0.629) snap= 0.330 srm= 12.308 sat=  6.915(set=0.167 slv=6.741 max=2.3623 n=89) cex=R/T/F=0/0/20 trsplit=0 sim=11.889(rmp=0.616 run=11.273 n=1 d=0) incr=loc/full/maxdirty/keys=0/0/0/0 chk= 0.001(d=20) stat= 0.288 rest= 0.408
  [bmc-incr i=88 repr=20 active=718/186654 POs=90]
BMC : c =  139473  cl =   9943  lit =  186636  p =    72  d =     0  f =    18  +  T =     0.03 sec
  [bmc-prof  88] wall=  33.678 p=    90 | ifo=  0.947(sd=0.231 nx=0.000 tfo=0.045 cnt=0.671) snap= 0.324 srm= 12.436 sat=  6.459(set=0.182 slv=6.271 max=2.3316 n=90) cex=R/T/F=0/0/18 trsplit=0 sim=12.864(rmp=1.160 run=11.704 n=1 d=0) incr=loc/full/maxdirty/keys=0/0/0/0 chk= 0.001(d=18) stat= 0.294 rest= 0.354
  [bmc-incr i=89 repr=18 active=700/186636 POs=93]
BMC : c =  139459  cl =   9943  lit =  186618  p =    75  d =     0  f =    18  +  T =     0.03 sec
  [bmc-prof  89] wall=  32.631 p=    93 | ifo=  0.886(sd=0.219 nx=0.000 tfo=0.039 cnt=0.628) snap= 0.417 srm= 12.075 sat=  6.457(set=0.167 slv=6.283 max=2.3490 n=93) cex=R/T/F=0/0/18 trsplit=0 sim=12.204(rmp=0.475 run=11.728 n=1 d=0) incr=loc/full/maxdirty/keys=0/0/0/0 chk= 0.001(d=18) stat= 0.256 rest= 0.335
  [bmc-incr i=90 repr=18 active=665/186618 POs=96]
BMC : c =  139445  cl =   9943  lit =  186600  p =    78  d =     0  f =    18  +  T =     0.03 sec
  [bmc-prof  90] wall=  33.124 p=    96 | ifo=  0.875(sd=0.200 nx=0.000 tfo=0.037 cnt=0.638) snap= 0.324 srm= 13.088 sat=  6.566(set=0.168 slv=6.391 max=2.3670 n=96) cex=R/T/F=0/0/18 trsplit=0 sim=11.674(rmp=0.491 run=11.182 n=1 d=0) incr=loc/full/maxdirty/keys=0/0/0/0 chk= 0.001(d=18) stat= 0.258 rest= 0.339
  [bmc-incr i=91 repr=18 active=647/186600 POs=98]
BMC : c =  139431  cl =   9942  lit =  186582  p =    80  d =     0  f =    18  +  T =     0.03 sec
  [bmc-prof  91] wall=  34.406 p=    98 | ifo=  0.879(sd=0.209 nx=0.000 tfo=0.034 cnt=0.636) snap= 0.364 srm= 14.425 sat=  6.656(set=0.195 slv=6.454 max=2.4370 n=98) cex=R/T/F=0/0/18 trsplit=0 sim=11.357(rmp=0.477 run=10.880 n=1 d=0) incr=loc/full/maxdirty/keys=0/0/0/0 chk= 0.001(d=18) stat= 0.248 rest= 0.476
  [bmc-incr i=92 repr=18 active=611/186582 POs=80]
BMC : c =  139412  cl =   9939  lit =  186559  p =    57  d =     0  f =    23  +  T =     0.03 sec
  [bmc-prof  92] wall=  32.761 p=    80 | ifo=  0.841(sd=0.191 nx=0.000 tfo=0.032 cnt=0.617) snap= 0.313 srm= 12.199 sat=  7.003(set=0.165 slv=6.832 max=2.3523 n=80) cex=R/T/F=0/0/23 trsplit=0 sim=11.747(rmp=0.504 run=11.243 n=1 d=0) incr=loc/full/maxdirty/keys=0/0/0/0 chk= 0.001(d=23) stat= 0.268 rest= 0.390
  [bmc-incr i=93 repr=23 active=511/186559 POs=57]
BMC : c =  139391  cl =   9938  lit =  186536  p =    34  d =     0  f =    23  +  T =     0.03 sec
  [bmc-prof  93] wall=  32.752 p=    57 | ifo=  0.845(sd=0.195 nx=0.000 tfo=0.027 cnt=0.623) snap= 0.311 srm= 12.003 sat=  7.045(set=0.164 slv=6.876 max=2.4447 n=57) cex=R/T/F=0/0/23 trsplit=0 sim=11.949(rmp=0.494 run=11.455 n=1 d=0) incr=loc/full/maxdirty/keys=0/0/0/0 chk= 0.001(d=23) stat= 0.257 rest= 0.341
  [bmc-incr i=94 repr=23 active=469/186536 POs=51]
BMC : c =  139374  cl =   9937  lit =  186518  p =    33  d =     0  f =    18  +  T =     0.03 sec
  [bmc-prof  94] wall=  33.293 p=    51 | ifo=  0.854(sd=0.194 nx=0.000 tfo=0.025 cnt=0.635) snap= 0.324 srm= 12.083 sat=  6.587(set=0.165 slv=6.417 max=2.5760 n=51) cex=R/T/F=0/0/18 trsplit=0 sim=12.780(rmp=0.639 run=12.141 n=1 d=0) incr=loc/full/maxdirty/keys=0/0/0/0 chk= 0.000(d=18) stat= 0.262 rest= 0.402
  [bmc-incr i=95 repr=18 active=372/186518 POs=26]
BMC : c =  139356  cl =   9935  lit =  186498  p =     6  d =     0  f =    20  +  T =     0.04 sec
  [bmc-prof  95] wall=  38.304 p=    26 | ifo=  0.909(sd=0.226 nx=0.000 tfo=0.032 cnt=0.651) snap= 0.494 srm= 15.032 sat=  9.956(set=0.620 slv=9.331 max=2.6044 n=26) cex=R/T/F=0/0/20 trsplit=0 sim=11.340(rmp=0.496 run=10.843 n=1 d=0) incr=loc/full/maxdirty/keys=0/0/0/0 chk= 0.000(d=20) stat= 0.248 rest= 0.324
  [bmc-incr i=96 repr=20 active=256/186498 POs=22]
BMC : c =  139339  cl =   9935  lit =  186481  p =     5  d =     0  f =    17  +  T =     0.03 sec
  [bmc-prof  96] wall=  33.271 p=    22 | ifo=  0.827(sd=0.197 nx=0.000 tfo=0.027 cnt=0.603) snap= 0.462 srm= 13.049 sat=  6.695(set=0.318 slv=6.372 max=2.1369 n=22) cex=R/T/F=0/0/17 trsplit=0 sim=11.645(rmp=0.539 run=11.106 n=1 d=0) incr=loc/full/maxdirty/keys=0/0/0/0 chk= 0.000(d=17) stat= 0.254 rest= 0.339
  [bmc-incr i=97 repr=17 active=238/186481 POs=13]
BMC : c =  139330  cl =   9935  lit =  186472  p =     4  d =     0  f =     9  +  T =     0.03 sec
  [bmc-prof  97] wall=  32.228 p=    13 | ifo=  0.848(sd=0.198 nx=0.000 tfo=0.033 cnt=0.618) snap= 0.326 srm= 13.118 sat=  5.430(set=0.123 slv=5.303 max=2.2353 n=13) cex=R/T/F=0/0/9 trsplit=0 sim=11.718(rmp=0.646 run=11.071 n=1 d=0) incr=loc/full/maxdirty/keys=0/0/0/0 chk= 0.000(d=9) stat= 0.268 rest= 0.520
  [bmc-incr i=98 repr=9 active=177/186472 POs=10]
BMC : c =  139321  cl =   9935  lit =  186463  p =     1  d =     0  f =     9  +  T =     0.03 sec
  [bmc-prof  98] wall=  32.871 p=    10 | ifo=  0.909(sd=0.233 nx=0.000 tfo=0.010 cnt=0.666) snap= 0.387 srm= 13.743 sat=  4.524(set=0.135 slv=4.386 max=2.1996 n=10) cex=R/T/F=0/0/9 trsplit=0 sim=12.649(rmp=0.635 run=12.013 n=1 d=0) incr=loc/full/maxdirty/keys=0/0/0/0 chk= 0.000(d=9) stat= 0.282 rest= 0.376
  [bmc-incr i=99 repr=9 active=168/186463 POs=8]
BMC : c =  139314  cl =   9935  lit =  186456  p =     1  d =     0  f =     7  +  T =     0.03 sec
  [bmc-prof  99] wall=  32.333 p=     8 | ifo=  0.936(sd=0.250 nx=0.000 tfo=0.010 cnt=0.677) snap= 0.319 srm= 14.939 sat=  3.999(set=0.122 slv=3.875 max=2.1537 n=8) cex=R/T/F=0/0/7 trsplit=0 sim=11.430(rmp=0.567 run=10.862 n=1 d=0) incr=loc/full/maxdirty/keys=0/0/0/0 chk= 0.000(d=7) stat= 0.361 rest= 0.349
  [bmc-incr i=100 repr=7 active=143/186456 POs=7]
BMC : c =  139307  cl =   9935  lit =  186449  p =     0  d =     0  f =     7  +  T =     0.03 sec
  [bmc-prof 100] wall=  29.841 p=     7 | ifo=  0.832(sd=0.206 nx=0.000 tfo=0.009 cnt=0.617) snap= 0.329 srm= 12.611 sat=  3.928(set=0.122 slv=3.803 max=2.1661 n=7) cex=R/T/F=0/0/7 trsplit=0 sim=11.547(rmp=0.497 run=11.049 n=1 d=0) incr=loc/full/maxdirty/keys=0/0/0/0 chk= 0.000(d=7) stat= 0.259 rest= 0.336
  [bmc-incr i=101 repr=7 active=136/186449 POs=5]
BMC : c =  139302  cl =   9935  lit =  186444  p =     0  d =     0  f =     5  +  T =     0.03 sec
  [bmc-prof 101] wall=  29.617 p=     5 | ifo=  0.848(sd=0.201 nx=0.000 tfo=0.009 cnt=0.638) snap= 1.082 srm= 11.876 sat=  3.627(set=0.107 slv=3.518 max=2.1724 n=5) cex=R/T/F=0/0/5 trsplit=0 sim=11.571(rmp=0.526 run=11.045 n=1 d=0) incr=loc/full/maxdirty/keys=0/0/0/0 chk= 0.000(d=5) stat= 0.264 rest= 0.349
  [bmc-incr i=102 repr=5 active=131/186444 POs=5]
BMC : c =  139297  cl =   9935  lit =  186439  p =     0  d =     0  f =     5  +  T =     0.03 sec
  [bmc-prof 102] wall=  29.982 p=     5 | ifo=  0.829(sd=0.195 nx=0.000 tfo=0.005 cnt=0.629) snap= 0.332 srm= 12.853 sat=  3.584(set=0.100 slv=3.481 max=2.1597 n=5) cex=R/T/F=0/0/5 trsplit=0 sim=11.782(rmp=0.504 run=11.277 n=1 d=0) incr=loc/full/maxdirty/keys=0/0/0/0 chk= 0.000(d=5) stat= 0.261 rest= 0.341
  [bmc-incr i=103 repr=5 active=126/186439 POs=5]
BMC : c =  139292  cl =   9935  lit =  186434  p =     0  d =     0  f =     5  +  T =     0.03 sec
  [bmc-prof 103] wall=  29.066 p=     5 | ifo=  0.870(sd=0.229 nx=0.000 tfo=0.007 cnt=0.634) snap= 0.312 srm= 11.919 sat=  3.654(set=0.100 slv=3.552 max=2.2039 n=5) cex=R/T/F=0/0/5 trsplit=0 sim=11.705(rmp=0.511 run=11.194 n=1 d=0) incr=loc/full/maxdirty/keys=0/0/0/0 chk= 0.000(d=5) stat= 0.265 rest= 0.341
  [bmc-incr i=104 repr=5 active=121/186434 POs=5]
BMC : c =  139287  cl =   9935  lit =  186429  p =     0  d =     0  f =     5  +  T =     0.03 sec
  [bmc-prof 104] wall=  30.683 p=     5 | ifo=  0.821(sd=0.195 nx=0.000 tfo=0.004 cnt=0.622) snap= 0.322 srm= 12.653 sat=  4.075(set=0.099 slv=3.972 max=2.1846 n=5) cex=R/T/F=0/0/5 trsplit=0 sim=12.215(rmp=0.509 run=11.705 n=1 d=0) incr=loc/full/maxdirty/keys=0/0/0/0 chk= 0.000(d=5) stat= 0.249 rest= 0.347
  [bmc-incr i=105 repr=5 active=116/186429 POs=5]
BMC : c =  139282  cl =   9935  lit =  186424  p =     0  d =     0  f =     5  +  T =     0.03 sec
  [bmc-prof 105] wall=  29.325 p=     5 | ifo=  0.814(sd=0.193 nx=0.000 tfo=0.006 cnt=0.615) snap= 0.336 srm= 11.832 sat=  3.656(set=0.099 slv=3.555 max=2.2008 n=5) cex=R/T/F=0/0/5 trsplit=0 sim=11.934(rmp=0.484 run=11.449 n=1 d=0) incr=loc/full/maxdirty/keys=0/0/0/0 chk= 0.000(d=5) stat= 0.366 rest= 0.386
  [bmc-incr i=106 repr=5 active=111/186424 POs=5]
BMC : c =  139277  cl =   9935  lit =  186419  p =     0  d =     0  f =     5  +  T =     0.03 sec
  [bmc-prof 106] wall=  28.917 p=     5 | ifo=  0.892(sd=0.198 nx=0.000 tfo=0.004 cnt=0.690) snap= 0.316 srm= 12.206 sat=  3.641(set=0.098 slv=3.542 max=2.1804 n=5) cex=R/T/F=0/0/5 trsplit=0 sim=11.286(rmp=0.467 run=10.818 n=1 d=0) incr=loc/full/maxdirty/keys=0/0/0/0 chk= 0.000(d=5) stat= 0.250 rest= 0.325
  [bmc-incr i=107 repr=5 active=106/186419 POs=5]
BMC : c =  139272  cl =   9935  lit =  186414  p =     0  d =     0  f =     5  +  T =     0.03 sec
  [bmc-prof 107] wall=  28.998 p=     5 | ifo=  0.791(sd=0.188 nx=0.000 tfo=0.003 cnt=0.599) snap= 0.311 srm= 11.929 sat=  3.780(set=0.098 slv=3.664 max=2.3076 n=5) cex=R/T/F=0/0/5 trsplit=0 sim=11.570(rmp=0.538 run=11.032 n=1 d=0) incr=loc/full/maxdirty/keys=0/0/0/0 chk= 0.000(d=5) stat= 0.249 rest= 0.368
  [bmc-incr i=108 repr=5 active=101/186414 POs=5]
BMC : c =  139267  cl =   9935  lit =  186409  p =     0  d =     0  f =     5  +  T =     0.03 sec
  [bmc-prof 108] wall=  29.747 p=     5 | ifo=  0.908(sd=0.188 nx=0.000 tfo=0.005 cnt=0.715) snap= 0.376 srm= 12.530 sat=  3.714(set=0.099 slv=3.613 max=2.2696 n=5) cex=R/T/F=0/0/5 trsplit=0 sim=11.583(rmp=0.506 run=11.076 n=1 d=0) incr=loc/full/maxdirty/keys=0/0/0/0 chk= 0.000(d=5) stat= 0.272 rest= 0.363
  [bmc-incr i=109 repr=5 active=96/186409 POs=5]
BMC : c =  139262  cl =   9935  lit =  186404  p =     0  d =     0  f =     5  +  T =     0.03 sec
  [bmc-prof 109] wall=  30.365 p=     5 | ifo=  0.904(sd=0.244 nx=0.000 tfo=0.005 cnt=0.655) snap= 0.330 srm= 13.068 sat=  3.784(set=0.103 slv=3.679 max=2.3145 n=5) cex=R/T/F=0/0/5 trsplit=0 sim=11.597(rmp=0.585 run=11.012 n=1 d=0) incr=loc/full/maxdirty/keys=0/0/0/0 chk= 0.000(d=5) stat= 0.274 rest= 0.407
  [bmc-incr i=110 repr=5 active=91/186404 POs=5]
BMC : c =  139257  cl =   9935  lit =  186399  p =     0  d =     0  f =     5  +  T =     0.03 sec
  [bmc-prof 110] wall=  30.647 p=     5 | ifo=  0.935(sd=0.220 nx=0.000 tfo=0.005 cnt=0.710) snap= 0.319 srm= 12.935 sat=  4.412(set=0.111 slv=4.298 max=2.9594 n=5) cex=R/T/F=0/0/5 trsplit=0 sim=11.457(rmp=0.554 run=10.903 n=1 d=0) incr=loc/full/maxdirty/keys=0/0/0/0 chk= 0.000(d=5) stat= 0.249 rest= 0.340
  [bmc-incr i=111 repr=5 active=86/186399 POs=5]
BMC : c =  139252  cl =   9935  lit =  186394  p =     0  d =     0  f =     5  +  T =     0.03 sec
  [bmc-prof 111] wall=  28.795 p=     5 | ifo=  0.841(sd=0.198 nx=0.000 tfo=0.006 cnt=0.638) snap= 0.314 srm= 11.843 sat=  3.675(set=0.100 slv=3.573 max=2.2245 n=5) cex=R/T/F=0/0/5 trsplit=0 sim=11.524(rmp=0.475 run=11.049 n=1 d=0) incr=loc/full/maxdirty/keys=0/0/0/0 chk= 0.000(d=5) stat= 0.265 rest= 0.332
  [bmc-incr i=112 repr=5 active=81/186394 POs=5]
BMC : c =  139247  cl =   9935  lit =  186389  p =     0  d =     0  f =     5  +  T =     0.03 sec
  [bmc-prof 112] wall=  30.356 p=     5 | ifo=  0.838(sd=0.211 nx=0.000 tfo=0.005 cnt=0.622) snap= 0.376 srm= 12.587 sat=  3.733(set=0.111 slv=3.620 max=2.2668 n=5) cex=R/T/F=0/0/5 trsplit=0 sim=12.111(rmp=0.635 run=11.475 n=1 d=0) incr=loc/full/maxdirty/keys=0/0/0/0 chk= 0.000(d=5) stat= 0.276 rest= 0.434
  [bmc-incr i=113 repr=5 active=76/186389 POs=5]
BMC : c =  139242  cl =   9935  lit =  186384  p =     0  d =     0  f =     5  +  T =     0.03 sec
  [bmc-prof 113] wall=  30.214 p=     5 | ifo=  1.337(sd=0.401 nx=0.000 tfo=0.012 cnt=0.925) snap= 0.336 srm= 12.333 sat=  3.971(set=0.101 slv=3.868 max=2.4045 n=5) cex=R/T/F=0/0/5 trsplit=0 sim=11.545(rmp=0.485 run=11.059 n=1 d=0) incr=loc/full/maxdirty/keys=0/0/0/0 chk= 0.000(d=5) stat= 0.254 rest= 0.439
  [bmc-incr i=114 repr=5 active=71/186384 POs=5]
BMC : c =  139237  cl =   9935  lit =  186379  p =     0  d =     0  f =     5  +  T =     0.03 sec
  [bmc-prof 114] wall=  28.898 p=     5 | ifo=  0.807(sd=0.195 nx=0.000 tfo=0.005 cnt=0.607) snap= 0.323 srm= 11.631 sat=  3.684(set=0.100 slv=3.583 max=2.2302 n=5) cex=R/T/F=0/0/5 trsplit=0 sim=11.830(rmp=0.475 run=11.354 n=1 d=0) incr=loc/full/maxdirty/keys=0/0/0/0 chk= 0.000(d=5) stat= 0.269 rest= 0.353
  [bmc-incr i=115 repr=5 active=66/186379 POs=5]
BMC : c =  139232  cl =   9935  lit =  186374  p =     0  d =     0  f =     5  +  T =     0.03 sec
  [bmc-prof 115] wall=  32.914 p=     5 | ifo=  0.891(sd=0.214 nx=0.000 tfo=0.006 cnt=0.671) snap= 0.406 srm= 15.207 sat=  3.790(set=0.113 slv=3.675 max=2.2664 n=5) cex=R/T/F=0/0/5 trsplit=0 sim=11.953(rmp=0.655 run=11.297 n=1 d=0) incr=loc/full/maxdirty/keys=0/0/0/0 chk= 0.000(d=5) stat= 0.273 rest= 0.394
  [bmc-incr i=116 repr=5 active=61/186374 POs=5]
BMC : c =  139227  cl =   9935  lit =  186369  p =     0  d =     0  f =     5  +  T =     0.04 sec
  [bmc-prof 116] wall=  35.349 p=     5 | ifo=  0.924(sd=0.242 nx=0.000 tfo=0.006 cnt=0.676) snap= 0.368 srm= 12.411 sat=  3.813(set=0.111 slv=3.700 max=2.2618 n=5) cex=R/T/F=0/0/5 trsplit=0 sim=17.231(rmp=0.582 run=16.648 n=1 d=0) incr=loc/full/maxdirty/keys=0/0/0/0 chk= 0.000(d=5) stat= 0.258 rest= 0.343
  [bmc-incr i=117 repr=5 active=56/186369 POs=5]
BMC : c =  139222  cl =   9935  lit =  186364  p =     0  d =     0  f =     5  +  T =     0.03 sec
  [bmc-prof 117] wall=  31.149 p=     5 | ifo=  0.828(sd=0.197 nx=0.000 tfo=0.006 cnt=0.626) snap= 0.342 srm= 13.491 sat=  3.988(set=0.102 slv=3.882 max=2.2641 n=5) cex=R/T/F=0/0/5 trsplit=0 sim=11.903(rmp=0.608 run=11.294 n=1 d=0) incr=loc/full/maxdirty/keys=0/0/0/0 chk= 0.000(d=5) stat= 0.261 rest= 0.336
  [bmc-incr i=118 repr=5 active=51/186364 POs=5]
BMC : c =  139217  cl =   9935  lit =  186359  p =     0  d =     0  f =     5  +  T =     0.03 sec
  [bmc-prof 118] wall=  29.904 p=     5 | ifo=  0.812(sd=0.196 nx=0.000 tfo=0.006 cnt=0.610) snap= 0.313 srm= 13.129 sat=  3.734(set=0.109 slv=3.623 max=2.2541 n=5) cex=R/T/F=0/0/5 trsplit=0 sim=11.274(rmp=0.469 run=10.805 n=1 d=0) incr=loc/full/maxdirty/keys=0/0/0/0 chk= 0.000(d=5) stat= 0.255 rest= 0.387
  [bmc-incr i=119 repr=5 active=46/186359 POs=5]
BMC : c =  139212  cl =   9935  lit =  186354  p =     0  d =     0  f =     5  +  T =     0.03 sec
  [bmc-prof 119] wall=  33.075 p=     5 | ifo=  0.808(sd=0.188 nx=0.000 tfo=0.004 cnt=0.615) snap= 0.321 srm= 16.001 sat=  3.744(set=0.101 slv=3.640 max=2.2467 n=5) cex=R/T/F=0/0/5 trsplit=0 sim=11.618(rmp=0.492 run=11.126 n=1 d=0) incr=loc/full/maxdirty/keys=0/0/0/0 chk= 0.000(d=5) stat= 0.256 rest= 0.326
  [bmc-incr i=120 repr=5 active=41/186354 POs=5]
BMC : c =  139207  cl =   9935  lit =  186349  p =     0  d =     0  f =     5  +  T =     0.03 sec
  [bmc-prof 120] wall=  30.555 p=     5 | ifo=  0.803(sd=0.192 nx=0.000 tfo=0.006 cnt=0.606) snap= 0.326 srm= 11.667 sat=  3.746(set=0.101 slv=3.643 max=2.2509 n=5) cex=R/T/F=0/0/5 trsplit=0 sim=13.395(rmp=0.485 run=12.909 n=1 d=0) incr=loc/full/maxdirty/keys=0/0/0/0 chk= 0.000(d=5) stat= 0.267 rest= 0.350
  [bmc-incr i=121 repr=5 active=36/186349 POs=5]
BMC : c =  139202  cl =   9935  lit =  186344  p =     0  d =     0  f =     5  +  T =     0.03 sec
  [bmc-prof 121] wall=  31.433 p=     5 | ifo=  0.876(sd=0.213 nx=0.000 tfo=0.005 cnt=0.658) snap= 0.337 srm= 14.365 sat=  3.837(set=0.101 slv=3.734 max=2.2513 n=5) cex=R/T/F=0/0/5 trsplit=0 sim=11.435(rmp=0.497 run=10.937 n=1 d=0) incr=loc/full/maxdirty/keys=0/0/0/0 chk= 0.000(d=5) stat= 0.255 rest= 0.327
  [bmc-incr i=122 repr=5 active=31/186344 POs=5]
BMC : c =  139197  cl =   9935  lit =  186339  p =     0  d =     0  f =     5  +  T =     0.03 sec
  [bmc-prof 122] wall=  29.890 p=     5 | ifo=  1.240(sd=0.238 nx=0.000 tfo=0.006 cnt=0.995) snap= 0.319 srm= 12.270 sat=  3.840(set=0.100 slv=3.738 max=2.2633 n=5) cex=R/T/F=0/0/5 trsplit=0 sim=11.610(rmp=0.489 run=11.121 n=1 d=0) incr=loc/full/maxdirty/keys=0/0/0/0 chk= 0.000(d=5) stat= 0.272 rest= 0.339
  [bmc-incr i=123 repr=5 active=26/186339 POs=4]
BMC : c =  139193  cl =   9935  lit =  186335  p =     0  d =     0  f =     4  +  T =     0.03 sec
  [bmc-prof 123] wall=  28.523 p=     4 | ifo=  0.852(sd=0.201 nx=0.000 tfo=0.006 cnt=0.645) snap= 0.321 srm= 11.694 sat=  3.309(set=0.099 slv=3.208 max=2.2696 n=4) cex=R/T/F=0/0/4 trsplit=0 sim=11.743(rmp=0.497 run=11.245 n=1 d=0) incr=loc/full/maxdirty/keys=0/0/0/0 chk= 0.000(d=4) stat= 0.264 rest= 0.340
  [bmc-incr i=124 repr=4 active=22/186335 POs=4]
BMC : c =  139189  cl =   9935  lit =  186331  p =     0  d =     0  f =     4  +  T =     0.03 sec
  [bmc-prof 124] wall=  32.184 p=     4 | ifo=  0.819(sd=0.195 nx=0.000 tfo=0.003 cnt=0.621) snap= 0.324 srm= 14.472 sat=  3.326(set=0.095 slv=3.229 max=2.2843 n=4) cex=R/T/F=0/0/4 trsplit=0 sim=12.649(rmp=0.529 run=12.119 n=1 d=0) incr=loc/full/maxdirty/keys=0/0/0/0 chk= 0.000(d=4) stat= 0.257 rest= 0.338
  [bmc-incr i=125 repr=4 active=18/186331 POs=4]
BMC : c =  139186  cl =   9935  lit =  186327  p =     0  d =     0  f =     4  +  T =     0.03 sec
  [bmc-prof 125] wall=  33.211 p=     4 | ifo=  0.817(sd=0.198 nx=0.000 tfo=0.005 cnt=0.614) snap= 0.314 srm= 15.051 sat=  4.625(set=0.769 slv=3.854 max=2.7195 n=4) cex=R/T/F=0/0/4 trsplit=0 sim=11.799(rmp=0.480 run=11.319 n=1 d=0) incr=loc/full/maxdirty/keys=0/0/0/0 chk= 0.000(d=4) stat= 0.265 rest= 0.340
  [bmc-incr i=126 repr=4 active=14/186327 POs=4]
BMC : c =  139183  cl =   9934  lit =  186323  p =     0  d =     0  f =     4  +  T =     0.03 sec
  [bmc-prof 126] wall=  33.802 p=     4 | ifo=  0.847(sd=0.213 nx=0.000 tfo=0.004 cnt=0.630) snap= 0.316 srm= 15.451 sat=  4.657(set=0.782 slv=3.873 max=2.7841 n=4) cex=R/T/F=0/0/4 trsplit=0 sim=11.910(rmp=0.530 run=11.379 n=1 d=0) incr=loc/full/maxdirty/keys=0/0/0/0 chk= 0.000(d=4) stat= 0.273 rest= 0.347
  [bmc-incr i=127 repr=4 active=10/186323 POs=2]
BMC : c =  139181  cl =   9934  lit =  186321  p =     0  d =     0  f =     2  +  T =     0.03 sec
  [bmc-prof 127] wall=  26.119 p=     2 | ifo=  0.860(sd=0.202 nx=0.000 tfo=0.004 cnt=0.653) snap= 0.317 srm= 11.847 sat=  0.695(set=0.047 slv=0.647 max=0.4126 n=2) cex=R/T/F=0/0/2 trsplit=0 sim=11.788(rmp=0.463 run=11.324 n=1 d=0) incr=loc/full/maxdirty/keys=0/0/0/0 chk= 0.000(d=2) stat= 0.267 rest= 0.345
  [bmc-incr i=128 repr=2 active=8/186321 POs=2]
BMC : c =  139179  cl =   9934  lit =  186319  p =     0  d =     0  f =     2  +  T =     0.03 sec
  [bmc-prof 128] wall=  26.979 p=     2 | ifo=  0.853(sd=0.214 nx=0.000 tfo=0.004 cnt=0.635) snap= 0.341 srm= 12.460 sat=  0.693(set=0.048 slv=0.644 max=0.4092 n=2) cex=R/T/F=0/0/2 trsplit=0 sim=12.027(rmp=0.483 run=11.544 n=1 d=0) incr=loc/full/maxdirty/keys=0/0/0/0 chk= 0.000(d=2) stat= 0.262 rest= 0.342
  [bmc-incr i=129 repr=2 active=6/186319 POs=1]
BMC : c =  139178  cl =   9934  lit =  186318  p =     0  d =     0  f =     1  +  T =     0.02 sec
  [bmc-prof 129] wall=  24.386 p=     1 | ifo=  0.793(sd=0.189 nx=0.000 tfo=0.003 cnt=0.600) snap= 0.360 srm= 11.048 sat=  0.276(set=0.028 slv=0.247 max=0.2470 n=1) cex=R/T/F=0/0/1 trsplit=0 sim=11.230(rmp=0.465 run=10.765 n=1 d=0) incr=loc/full/maxdirty/keys=0/0/0/0 chk= 0.000(d=1) stat= 0.262 rest= 0.418
  [bmc-incr i=130 repr=1 active=5/186318 POs=1]
BMC : c =  139177  cl =   9934  lit =  186317  p =     0  d =     0  f =     1  +  T =     0.03 sec
  [bmc-prof 130] wall=  26.117 p=     1 | ifo=  0.831(sd=0.195 nx=0.000 tfo=0.002 cnt=0.633) snap= 0.334 srm= 12.568 sat=  0.272(set=0.030 slv=0.241 max=0.2407 n=1) cex=R/T/F=0/0/1 trsplit=0 sim=11.511(rmp=0.504 run=11.006 n=1 d=0) incr=loc/full/maxdirty/keys=0/0/0/0 chk= 0.000(d=1) stat= 0.258 rest= 0.343
  [bmc-incr i=131 repr=1 active=4/186317 POs=1]
BMC : c =  139176  cl =   9934  lit =  186316  p =     0  d =     0  f =     1  +  T =     0.02 sec
  [bmc-prof 131] wall=  25.014 p=     1 | ifo=  0.931(sd=0.219 nx=0.000 tfo=0.004 cnt=0.708) snap= 0.325 srm= 11.696 sat=  0.268(set=0.028 slv=0.239 max=0.2387 n=1) cex=R/T/F=0/0/1 trsplit=0 sim=11.210(rmp=0.476 run=10.734 n=1 d=0) incr=loc/full/maxdirty/keys=0/0/0/0 chk= 0.000(d=1) stat= 0.254 rest= 0.330
  [bmc-incr i=132 repr=1 active=3/186316 POs=0]
  [bmc-prof ALL] wall=21169.081 p=510343 | ifo=269.994(sd=30.275 nx=0.000 tfo=151.715 cnt=88.004) snap=47.282 srm=1974.998 sat=17095.109(set=51.922 slv=17008.154 max=3.6931 n=510343) cex=R/T/F=21160/0/88448 trsplit=0 sim=1680.201(rmp=78.960 run=1601.145 n=132 d=10516) incr=loc/full/maxdirty/keys=0/0/0/0 chk= 9.814(d=87952) stat=38.105 rest=53.577
  1 : c =  138774  cl =   9902  lit =  185087  p = 23550  d =     0  f =  1236  +  T =     0.15 sec
  [prof   1] wall= 153.806 p= 24786 | ifo=  0.000(sd=0.000 nx=0.000 tfo=0.000 cnt=0.000) snap= 0.351 srm= 22.689 sat=111.485(set=1.688 slv=108.497 max=0.6302 n=24786) cex=R/T/F=0/0/1236 trsplit=0 sim=18.303(rmp=0.656 run=17.646 n=1 d=0) incr=loc/full/maxdirty/keys=0/0/0/0 chk= 0.050(d=1229) stat= 0.281 rest= 0.648
  2 : c =  138277  cl =   9871  lit =  183843  p = 24061  d =     0  f =  1246  +  T =     0.16 sec
  [prof   2] wall= 156.741 p= 25307 | ifo=  7.345(sd=0.238 nx=0.184 tfo=6.420 cnt=0.502) snap= 0.389 srm= 22.658 sat=108.144(set=1.871 slv=105.018 max=0.3537 n=25307) cex=R/T/F=0/0/1246 trsplit=0 sim=17.391(rmp=0.573 run=16.817 n=1 d=0) incr=loc/full/maxdirty/keys=0/0/0/0 chk= 0.049(d=1244) stat= 0.285 rest= 0.481
  3 : c =  137375  cl =   9852  lit =  182638  p = 24170  d =     0  f =  1206  -  T =     0.18 sec
  [prof   3] wall= 176.475 p= 25376 | ifo=  4.342(sd=0.231 nx=0.173 tfo=3.445 cnt=0.493) snap= 0.347 srm= 43.163 sat=110.532(set=2.703 slv=106.501 max=0.5925 n=25376) cex=R/T/F=0/0/1206 trsplit=0 sim=17.222(rmp=0.603 run=16.619 n=1 d=0) incr=loc/full/maxdirty/keys=0/0/0/0 chk= 0.046(d=1205) stat= 0.285 rest= 0.539
  4 : c =  136463  cl =   9841  lit =  180921  p = 24810  d =     0  f =  1717  -  T =     0.18 sec
  [prof   4] wall= 182.553 p= 26527 | ifo=  4.379(sd=0.233 nx=0.178 tfo=3.471 cnt=0.496) snap= 0.361 srm= 18.512 sat=141.428(set=1.496 slv=138.487 max=0.5122 n=26527) cex=R/T/F=0/0/1717 trsplit=0 sim=17.021(rmp=0.606 run=16.415 n=1 d=0) incr=loc/full/maxdirty/keys=0/0/0/0 chk= 0.073(d=1717) stat= 0.292 rest= 0.487
  5 : c =  135569  cl =   9831  lit =  179200  p = 25515  d =     0  f =  1721  -  T =     0.18 sec
  [prof   5] wall= 176.308 p= 27236 | ifo=  4.362(sd=0.238 nx=0.192 tfo=3.430 cnt=0.502) snap= 0.353 srm= 17.432 sat=135.970(set=1.528 slv=133.073 max=0.2397 n=27236) cex=R/T/F=0/0/1721 trsplit=0 sim=17.463(rmp=0.640 run=16.823 n=1 d=0) incr=loc/full/maxdirty/keys=0/0/0/0 chk= 0.073(d=1721) stat= 0.285 rest= 0.369
  6 : c =  134685  cl =   9815  lit =  177457  p = 26166  d =     0  f =  1744  -  T =     0.18 sec
  [prof   6] wall= 182.412 p= 27910 | ifo=  4.386(sd=0.244 nx=0.177 tfo=3.451 cnt=0.513) snap= 0.334 srm= 17.188 sat=140.520(set=1.500 slv=137.573 max=0.3915 n=27910) cex=R/T/F=0/0/1744 trsplit=0 sim=19.243(rmp=0.657 run=18.585 n=1 d=0) incr=loc/full/maxdirty/keys=0/0/0/0 chk= 0.080(d=1743) stat= 0.276 rest= 0.385
  7 : c =  133803  cl =   9787  lit =  175717  p = 26820  d =     0  f =  1740  -  T =     0.18 sec
  [prof   7] wall= 180.998 p= 28560 | ifo=  4.291(sd=0.234 nx=0.171 tfo=3.389 cnt=0.497) snap= 0.338 srm= 17.072 sat=138.347(set=1.488 slv=135.379 max=0.9603 n=28560) cex=R/T/F=0/0/1740 trsplit=0 sim=20.205(rmp=0.660 run=19.543 n=1 d=0) incr=loc/full/maxdirty/keys=0/0/0/0 chk= 0.074(d=1740) stat= 0.281 rest= 0.390
  8 : c =  132704  cl =   9747  lit =  173801  p = 27202  d =     0  f =  1916  -  T =     0.18 sec
  [prof   8] wall= 183.242 p= 29118 | ifo=  4.288(sd=0.236 nx=0.173 tfo=3.377 cnt=0.502) snap= 0.363 srm= 17.063 sat=143.210(set=1.545 slv=140.203 max=0.3973 n=29118) cex=R/T/F=0/0/1916 trsplit=0 sim=17.545(rmp=0.536 run=17.008 n=1 d=0) incr=loc/full/maxdirty/keys=0/0/0/0 chk= 0.085(d=1916) stat= 0.305 rest= 0.385
  9 : c =  131474  cl =   9709  lit =  171707  p = 27713  d =     0  f =  2094  -  T =     0.20 sec
  [prof   9] wall= 197.908 p= 29807 | ifo=  5.756(sd=0.297 nx=0.218 tfo=4.533 cnt=0.708) snap= 0.439 srm= 18.860 sat=154.513(set=1.566 slv=151.406 max=0.2392 n=29807) cex=R/T/F=0/0/2094 trsplit=0 sim=17.530(rmp=0.670 run=16.859 n=1 d=0) incr=loc/full/maxdirty/keys=0/0/0/0 chk= 0.082(d=2094) stat= 0.303 rest= 0.426
 10 : c =  130225  cl =   9651  lit =  169539  p = 28154  d =     0  f =  2168  -  T =     0.20 sec
  [prof  10] wall= 201.292 p= 30322 | ifo=  4.734(sd=0.253 nx=0.178 tfo=3.788 cnt=0.514) snap= 0.347 srm= 17.537 sat=160.276(set=1.567 slv=157.114 max=0.4019 n=30322) cex=R/T/F=0/0/2168 trsplit=0 sim=17.592(rmp=0.623 run=16.968 n=1 d=0) incr=loc/full/maxdirty/keys=0/0/0/0 chk= 0.085(d=2168) stat= 0.341 rest= 0.381
 11 : c =  129013  cl =   9586  lit =  167409  p = 28575  d =     0  f =  2139  -  T =     0.21 sec
  [prof  11] wall= 210.688 p= 30714 | ifo=  4.218(sd=0.246 nx=0.181 tfo=3.288 cnt=0.504) snap= 0.329 srm= 17.420 sat=170.723(set=1.515 slv=167.479 max=0.3413 n=30714) cex=R/T/F=0/0/2139 trsplit=0 sim=17.241(rmp=0.579 run=16.661 n=1 d=0) incr=loc/full/maxdirty/keys=0/0/0/0 chk= 0.084(d=2130) stat= 0.288 rest= 0.385
  [incr r=11 repr=2132 next=1695 tfo=290062 active=123380/176995 POs=19888]
 12 : c =  127832  cl =   9524  lit =  165369  p = 17846  d =     0  f =  2042  -  T =     0.19 sec
  [prof  12] wall= 192.619 p= 19888 | ifo=  4.347(sd=0.240 nx=0.170 tfo=3.450 cnt=0.488) snap= 0.444 srm= 15.817 sat=153.747(set=1.377 slv=151.318 max=0.4096 n=19888) cex=R/T/F=0/0/2042 trsplit=0 sim=17.502(rmp=0.618 run=16.883 n=1 d=0) incr=loc/full/maxdirty/keys=0/0/0/0 chk= 0.071(d=2040) stat= 0.293 rest= 0.397
  [incr r=12 repr=2053 next=1604 tfo=289103 active=120949/174893 POs=20246]
 13 : c =  126583  cl =   9459  lit =  163311  p = 18181  d =     0  f =  2065  -  T =     0.20 sec
  [prof  13] wall= 199.948 p= 20246 | ifo=  4.695(sd=0.239 nx=0.182 tfo=3.773 cnt=0.501) snap= 0.328 srm= 15.383 sat=161.037(set=1.293 slv=158.708 max=0.3673 n=20246) cex=R/T/F=0/0/2065 trsplit=0 sim=17.755(rmp=0.550 run=17.204 n=1 d=0) incr=loc/full/maxdirty/keys=0/0/0/0 chk= 0.072(d=2058) stat= 0.303 rest= 0.375
  [incr r=13 repr=2072 next=1492 tfo=287108 active=118358/172770 POs=20398]
 14 : c =  125235  cl =   9392  lit =  161212  p = 18299  d =     0  f =  2099  -  T =     0.21 sec
  [prof  14] wall= 211.935 p= 20398 | ifo=  5.008(sd=0.280 nx=0.212 tfo=3.954 cnt=0.562) snap= 0.363 srm= 16.187 sat=171.908(set=1.281 slv=169.544 max=0.3973 n=20398) cex=R/T/F=0/0/2099 trsplit=0 sim=17.722(rmp=0.627 run=17.094 n=1 d=0) incr=loc/full/maxdirty/keys=0/0/0/0 chk= 0.071(d=2099) stat= 0.287 rest= 0.390
  [incr r=14 repr=2130 next=1408 tfo=285511 active=115652/170604 POs=20557]
 15 : c =  123879  cl =   9323  lit =  159077  p = 18422  d =     0  f =  2135  -  T =     0.21 sec
  [prof  15] wall= 214.273 p= 20557 | ifo=  4.095(sd=0.236 nx=0.171 tfo=3.198 cnt=0.490) snap= 0.357 srm= 14.922 sat=176.847(set=1.378 slv=174.396 max=0.4284 n=20557) cex=R/T/F=0/0/2135 trsplit=0 sim=17.294(rmp=0.623 run=16.671 n=1 d=0) incr=loc/full/maxdirty/keys=0/0/0/0 chk= 0.070(d=2135) stat= 0.295 rest= 0.393
  [incr r=15 repr=2209 next=1442 tfo=283259 active=112977/168400 POs=20798]
 16 : c =  122427  cl =   9261  lit =  156832  p = 18553  d =     0  f =  2245  -  T =     0.22 sec
  [prof  16] wall= 223.268 p= 20798 | ifo=  4.235(sd=0.264 nx=0.188 tfo=3.251 cnt=0.531) snap= 0.328 srm= 15.224 sat=185.315(set=1.423 slv=182.801 max=0.2791 n=20798) cex=R/T/F=0/0/2245 trsplit=0 sim=17.334(rmp=0.734 run=16.599 n=1 d=0) incr=loc/full/maxdirty/keys=0/0/0/0 chk= 0.086(d=2245) stat= 0.313 rest= 0.434
  [incr r=16 repr=2288 next=1476 tfo=281767 active=110214/166093 POs=20758]
 17 : c =  120974  cl =   9170  lit =  154624  p = 18532  d =     0  f =  2226  -  T =     0.22 sec
  [prof  17] wall= 220.807 p= 20758 | ifo=  4.514(sd=0.285 nx=0.209 tfo=3.478 cnt=0.542) snap= 0.354 srm= 20.153 sat=178.396(set=1.447 slv=175.851 max=0.9126 n=20758) cex=R/T/F=0/0/2226 trsplit=0 sim=16.591(rmp=0.610 run=15.981 n=1 d=0) incr=loc/full/maxdirty/keys=0/0/0/0 chk= 0.064(d=2208) stat= 0.349 rest= 0.387
  [incr r=17 repr=2306 next=1363 tfo=279861 active=107573/163794 POs=20559]
 18 : c =  119507  cl =   9082  lit =  152433  p = 18362  d =     0  f =  2197  -  T =     0.23 sec
  [prof  18] wall= 226.212 p= 20559 | ifo=  4.147(sd=0.283 nx=0.174 tfo=3.200 cnt=0.491) snap= 0.344 srm= 15.561 sat=188.909(set=1.367 slv=186.425 max=0.8230 n=20559) cex=R/T/F=0/0/2197 trsplit=0 sim=16.490(rmp=0.620 run=15.870 n=1 d=0) incr=loc/full/maxdirty/keys=0/0/0/0 chk= 0.060(d=2191) stat= 0.301 rest= 0.400
  [incr r=18 repr=2306 next=1303 tfo=277483 active=104453/161515 POs=20201]
 19 : c =  117953  cl =   8984  lit =  150202  p = 17966  d =     0  f =  2235  -  T =     0.23 sec
  [prof  19] wall= 234.114 p= 20201 | ifo=  4.162(sd=0.237 nx=0.172 tfo=3.190 cnt=0.563) snap= 0.344 srm= 18.093 sat=194.263(set=1.362 slv=191.838 max=0.4873 n=20201) cex=R/T/F=0/0/2235 trsplit=0 sim=16.374(rmp=0.663 run=15.711 n=1 d=0) incr=loc/full/maxdirty/keys=0/0/0/0 chk= 0.060(d=2231) stat= 0.404 rest= 0.413
  [incr r=19 repr=2435 next=1199 tfo=280086 active=102439/159186 POs=20075]
 20 : c =  116333  cl =   8868  lit =  147883  p = 17745  d =     0  f =  2330  -  T =     0.25 sec
  [prof  20] wall= 248.095 p= 20075 | ifo=  4.688(sd=0.268 nx=0.212 tfo=3.682 cnt=0.526) snap= 0.392 srm= 16.868 sat=207.188(set=1.459 slv=204.704 max=0.8776 n=20075) cex=R/T/F=0/0/2330 trsplit=0 sim=18.185(rmp=0.733 run=17.452 n=1 d=0) incr=loc/full/maxdirty/keys=0/0/0/0 chk= 0.064(d=2319) stat= 0.303 rest= 0.406
  [incr r=20 repr=2499 next=1219 tfo=277823 active=99295/156751 POs=19279]
 21 : c =  114714  cl =   8739  lit =  145591  p = 16977  d =     0  f =  2302  -  T =     0.26 sec
  [prof  21] wall= 264.864 p= 19279 | ifo=  5.133(sd=0.292 nx=0.234 tfo=3.929 cnt=0.678) snap= 0.336 srm= 18.918 sat=223.095(set=1.351 slv=220.674 max=0.5104 n=19279) cex=R/T/F=0/0/2302 trsplit=0 sim=16.603(rmp=0.648 run=15.954 n=1 d=0) incr=loc/full/maxdirty/keys=0/0/0/0 chk= 0.065(d=2292) stat= 0.319 rest= 0.394
  [incr r=21 repr=2374 next=1132 tfo=274566 active=96075/154330 POs=18469]
 22 : c =  113012  cl =   8595  lit =  143245  p = 16114  d =     0  f =  2355  -  T =     0.27 sec
  [prof  22] wall= 271.060 p= 18469 | ifo=  4.283(sd=0.306 nx=0.238 tfo=3.241 cnt=0.498) snap= 0.337 srm= 16.283 sat=227.369(set=1.394 slv=224.995 max=0.2957 n=18469) cex=R/T/F=0/0/2355 trsplit=0 sim=22.032(rmp=0.624 run=21.407 n=1 d=0) incr=loc/full/maxdirty/keys=0/0/0/0 chk= 0.054(d=2346) stat= 0.318 rest= 0.384
  [incr r=22 repr=2469 next=1039 tfo=265980 active=91674/151840 POs=17108]
 23 : c =  111258  cl =   8475  lit =  140997  p = 14849  d =     0  f =  2259  -  T =     0.27 sec
  [prof  23] wall= 272.061 p= 17108 | ifo=  4.247(sd=0.258 nx=0.174 tfo=3.323 cnt=0.492) snap= 0.335 srm= 16.642 sat=232.720(set=1.460 slv=230.315 max=0.4975 n=17108) cex=R/T/F=0/0/2259 trsplit=0 sim=17.329(rmp=0.634 run=16.694 n=1 d=0) incr=loc/full/maxdirty/keys=0/0/0/0 chk= 0.056(d=2248) stat= 0.316 rest= 0.417
  [incr r=23 repr=2380 next=813 tfo=256489 active=88392/149472 POs=15968]
 24 : c =  109501  cl =   8339  lit =  138790  p = 13738  d =     0  f =  2230  -  T =     0.28 sec
  [prof  24] wall= 277.026 p= 15968 | ifo=  4.600(sd=0.285 nx=0.211 tfo=3.559 cnt=0.545) snap= 0.376 srm= 16.265 sat=238.626(set=1.487 slv=236.259 max=0.5527 n=15968) cex=R/T/F=0/0/2230 trsplit=0 sim=16.410(rmp=0.655 run=15.755 n=1 d=0) incr=loc/full/maxdirty/keys=0/0/0/0 chk= 0.042(d=2207) stat= 0.311 rest= 0.395
  [incr r=24 repr=2283 next=712 tfo=252895 active=84836/147129 POs=14904]
 25 : c =  107689  cl =   8192  lit =  136578  p = 12654  d =     0  f =  2250  -  T =     0.28 sec
  [prof  25] wall= 278.300 p= 14904 | ifo=  3.989(sd=0.259 nx=0.176 tfo=3.041 cnt=0.512) snap= 0.325 srm= 15.401 sat=241.213(set=1.398 slv=238.976 max=0.5851 n=14904) cex=R/T/F=0/0/2250 trsplit=0 sim=16.611(rmp=0.631 run=15.979 n=1 d=0) incr=loc/full/maxdirty/keys=0/0/0/0 chk= 0.039(d=2212) stat= 0.302 rest= 0.422
  [incr r=25 repr=2384 next=592 tfo=252404 active=82317/144770 POs=13845]
 26 : c =  105845  cl =   8061  lit =  134392  p = 11628  d =     0  f =  2217  -  T =     0.31 sec
  [prof  26] wall= 307.264 p= 13845 | ifo=  3.807(sd=0.239 nx=0.172 tfo=2.923 cnt=0.473) snap= 0.322 srm= 15.657 sat=267.071(set=1.389 slv=264.885 max=0.6432 n=13845) cex=R/T/F=0/0/2217 trsplit=0 sim=19.593(rmp=0.635 run=18.958 n=1 d=0) incr=loc/full/maxdirty/keys=0/0/0/0 chk= 0.040(d=2186) stat= 0.341 rest= 0.434
  [incr r=26 repr=2332 next=505 tfo=242883 active=78630/142453 POs=12577]
 27 : c =  103935  cl =   7935  lit =  132181  p = 10337  d =     0  f =  2240  -  T =     0.30 sec
  [prof  27] wall= 296.633 p= 12577 | ifo=  5.912(sd=0.287 nx=0.212 tfo=4.049 cnt=1.363) snap= 0.385 srm= 17.874 sat=254.873(set=1.469 slv=252.656 max=0.9460 n=12577) cex=R/T/F=0/0/2240 trsplit=0 sim=16.788(rmp=0.764 run=16.024 n=1 d=0) incr=loc/full/maxdirty/keys=0/0/0/0 chk= 0.036(d=2211) stat= 0.314 rest= 0.451
  [incr r=27 repr=2270 next=429 tfo=239795 active=75361/140116 POs=11468]
 28 : c =  102055  cl =   7814  lit =  130016  p =  9265  d =     0  f =  2203  -  T =     0.29 sec
  [prof  28] wall= 291.017 p= 11468 | ifo=  5.575(sd=0.298 nx=0.246 tfo=4.512 cnt=0.519) snap= 0.323 srm= 19.309 sat=248.821(set=1.380 slv=246.573 max=0.6713 n=11468) cex=R/T/F=0/0/2203 trsplit=0 sim=16.257(rmp=0.618 run=15.638 n=1 d=0) incr=loc/full/maxdirty/keys=0/0/0/0 chk= 0.032(d=2165) stat= 0.307 rest= 0.394
  [incr r=28 repr=2236 next=391 tfo=237909 active=73124/137830 POs=10705]
 29 : c =  100421  cl =   7708  lit =  128055  p =  8701  d =     0  f =  2004  -  T =     0.25 sec
  [prof  29] wall= 253.310 p= 10705 | ifo=  3.635(sd=0.251 nx=0.175 tfo=2.743 cnt=0.465) snap= 0.323 srm= 14.921 sat=217.044(set=1.341 slv=215.015 max=0.9595 n=10705) cex=R/T/F=0/0/2004 trsplit=0 sim=16.670(rmp=0.637 run=16.032 n=1 d=0) incr=loc/full/maxdirty/keys=0/0/0/0 chk= 0.033(d=1961) stat= 0.294 rest= 0.391
  [incr r=29 repr=2110 next=449 tfo=240731 active=73284/135763 POs=10139]
 30 : c =   99081  cl =   7583  lit =  126353  p =  8383  d =     0  f =  1756  -  T =     0.21 sec
  [prof  30] wall= 213.635 p= 10139 | ifo=  3.691(sd=0.254 nx=0.189 tfo=2.760 cnt=0.488) snap= 0.349 srm= 14.942 sat=177.816(set=1.421 slv=175.802 max=0.4716 n=10139) cex=R/T/F=0/0/1756 trsplit=0 sim=16.110(rmp=0.608 run=15.501 n=1 d=0) incr=loc/full/maxdirty/keys=0/0/0/0 chk= 0.032(d=1702) stat= 0.306 rest= 0.389
  [incr r=30 repr=1846 next=493 tfo=242404 active=73258/133936 POs=9900]
 31 : c =   97813  cl =   7511  lit =  124816  p =  8322  d =     0  f =  1578  -  T =     0.21 sec
  [prof  31] wall= 212.218 p=  9900 | ifo=  3.865(sd=0.248 nx=0.179 tfo=2.948 cnt=0.489) snap= 0.343 srm= 15.454 sat=175.820(set=1.623 slv=173.635 max=1.1067 n=9900) cex=R/T/F=0/0/1578 trsplit=0 sim=16.012(rmp=0.612 run=15.400 n=1 d=0) incr=loc/full/maxdirty/keys=0/0/0/0 chk= 0.034(d=1537) stat= 0.301 rest= 0.389
  [incr r=31 repr=1652 next=380 tfo=255799 active=87461/132327 POs=10073]
 32 : c =   96653  cl =   7432  lit =  123423  p =  8649  d =     0  f =  1424  -  T =     0.20 sec
  [prof  32] wall= 203.124 p= 10073 | ifo=  3.714(sd=0.247 nx=0.176 tfo=2.821 cnt=0.470) snap= 0.335 srm= 15.323 sat=166.714(set=1.419 slv=164.736 max=0.6197 n=10073) cex=R/T/F=0/0/1424 trsplit=0 sim=16.337(rmp=0.612 run=15.725 n=1 d=0) incr=loc/full/maxdirty/keys=0/0/0/0 chk= 0.030(d=1393) stat= 0.290 rest= 0.380
  [incr r=32 repr=1506 next=329 tfo=231162 active=65577/130855 POs=9088]
 33 : c =   95528  cl =   7376  lit =  122079  p =  7713  d =     0  f =  1375  -  T =     0.20 sec
  [prof  33] wall= 199.400 p=  9088 | ifo=  3.476(sd=0.237 nx=0.182 tfo=2.582 cnt=0.475) snap= 0.333 srm= 14.946 sat=163.670(set=1.352 slv=161.789 max=1.2967 n=9088) cex=R/T/F=0/0/1375 trsplit=0 sim=16.270(rmp=0.643 run=15.626 n=1 d=0) incr=loc/full/maxdirty/keys=0/0/0/0 chk= 0.028(d=1344) stat= 0.293 rest= 0.383
  [incr r=33 repr=1452 next=327 tfo=229208 active=63633/129455 POs=8818]
 34 : c =   94477  cl =   7328  lit =  120848  p =  7565  d =     0  f =  1253  -  T =     0.19 sec
  [prof  34] wall= 186.343 p=  8818 | ifo=  3.524(sd=0.274 nx=0.170 tfo=2.620 cnt=0.461) snap= 0.329 srm= 15.184 sat=150.456(set=1.352 slv=148.603 max=0.6834 n=8818) cex=R/T/F=0/0/1253 trsplit=0 sim=16.137(rmp=0.603 run=15.533 n=1 d=0) incr=loc/full/maxdirty/keys=0/0/0/0 chk= 0.023(d=1231) stat= 0.301 rest= 0.389
  [incr r=34 repr=1328 next=247 tfo=226276 active=62018/128176 POs=8514]
 35 : c =   93457  cl =   7291  lit =  119694  p =  7337  d =     0  f =  1177  -  T =     0.18 sec
  [prof  35] wall= 184.709 p=  8514 | ifo=  3.415(sd=0.237 nx=0.176 tfo=2.523 cnt=0.480) snap= 0.323 srm= 14.907 sat=148.080(set=1.353 slv=146.237 max=0.6592 n=8514) cex=R/T/F=0/0/1177 trsplit=0 sim=17.247(rmp=0.735 run=16.511 n=1 d=0) incr=loc/full/maxdirty/keys=0/0/0/0 chk= 0.021(d=1154) stat= 0.275 rest= 0.442
  [incr r=35 repr=1213 next=194 tfo=204004 active=55327/126985 POs=7393]
 36 : c =   92504  cl =   7258  lit =  118624  p =  6310  d =     0  f =  1083  -  T =     0.18 sec
  [prof  36] wall= 179.116 p=  7393 | ifo=  3.132(sd=0.235 nx=0.177 tfo=2.252 cnt=0.467) snap= 0.331 srm= 19.299 sat=139.351(set=1.328 slv=137.586 max=0.9237 n=7393) cex=R/T/F=0/0/1083 trsplit=0 sim=16.289(rmp=0.620 run=15.668 n=1 d=0) incr=loc/full/maxdirty/keys=0/0/0/0 chk= 0.020(d=1070) stat= 0.299 rest= 0.397
  [incr r=36 repr=1128 next=170 tfo=200644 active=53697/125882 POs=7148]
 37 : c =   91607  cl =   7244  lit =  117646  p =  6165  d =     0  f =   983  -  T =     0.17 sec
  [prof  37] wall= 168.169 p=  7148 | ifo=  3.196(sd=0.239 nx=0.175 tfo=2.264 cnt=0.518) snap= 0.374 srm= 14.857 sat=132.283(set=1.409 slv=130.462 max=0.5640 n=7148) cex=R/T/F=0/0/983 trsplit=0 sim=16.802(rmp=0.673 run=16.127 n=1 d=0) incr=loc/full/maxdirty/keys=0/0/0/0 chk= 0.017(d=978) stat= 0.272 rest= 0.368
  [incr r=37 repr=1034 next=125 tfo=198442 active=52365/124890 POs=7026]
 38 : c =   90643  cl =   7237  lit =  116599  p =  5979  d =     0  f =  1047  -  T =     0.19 sec
  [prof  38] wall= 189.363 p=  7026 | ifo=  2.999(sd=0.218 nx=0.168 tfo=2.171 cnt=0.442) snap= 0.337 srm= 16.512 sat=147.755(set=1.346 slv=145.992 max=0.6683 n=7026) cex=R/T/F=0/0/1047 trsplit=0 sim=21.059(rmp=0.617 run=20.441 n=1 d=0) incr=loc/full/maxdirty/keys=0/0/0/0 chk= 0.017(d=1047) stat= 0.289 rest= 0.395
  [incr r=38 repr=1091 next=140 tfo=190993 active=50107/123836 POs=6607]
 39 : c =   89816  cl =   7215  lit =  115683  p =  5680  d =     0  f =   927  -  T =     0.16 sec
  [prof  39] wall= 157.725 p=  6607 | ifo=  2.967(sd=0.236 nx=0.174 tfo=2.073 cnt=0.484) snap= 0.355 srm= 14.176 sat=122.009(set=1.376 slv=120.255 max=0.4260 n=6607) cex=R/T/F=0/0/927 trsplit=0 sim=17.541(rmp=0.670 run=16.870 n=1 d=0) incr=loc/full/maxdirty/keys=0/0/0/0 chk= 0.017(d=916) stat= 0.273 rest= 0.387
  [incr r=39 repr=972 next=131 tfo=189466 active=48906/122898 POs=6449]
 40 : c =   89026  cl =   7204  lit =  114829  p =  5594  d =     0  f =   855  -  T =     0.15 sec
  [prof  40] wall= 154.840 p=  6449 | ifo=  3.108(sd=0.231 nx=0.180 tfo=2.130 cnt=0.567) snap= 0.324 srm= 14.397 sat=120.028(set=1.454 slv=118.209 max=0.7117 n=6449) cex=R/T/F=0/0/855 trsplit=0 sim=16.267(rmp=0.719 run=15.548 n=1 d=0) incr=loc/full/maxdirty/keys=0/0/0/0 chk= 0.015(d=854) stat= 0.291 rest= 0.410
  [incr r=40 repr=905 next=96 tfo=212392 active=59698/122033 POs=7743]
 41 : c =   88250  cl =   7197  lit =  114005  p =  6919  d =     0  f =   824  -  T =     0.16 sec
  [prof  41] wall= 159.602 p=  7743 | ifo=  4.116(sd=0.276 nx=0.213 tfo=3.124 cnt=0.502) snap= 0.323 srm= 16.133 sat=122.502(set=1.321 slv=120.732 max=0.7757 n=7743) cex=R/T/F=0/0/824 trsplit=0 sim=15.847(rmp=0.613 run=15.234 n=1 d=0) incr=loc/full/maxdirty/keys=0/0/0/0 chk= 0.014(d=824) stat= 0.284 rest= 0.383
  [incr r=41 repr=869 next=74 tfo=186152 active=47229/121202 POs=6128]
 42 : c =   87577  cl =   7190  lit =  113291  p =  5414  d =     0  f =   714  -  T =     0.13 sec
  [prof  42] wall= 126.042 p=  6128 | ifo=  2.951(sd=0.229 nx=0.176 tfo=2.065 cnt=0.481) snap= 0.332 srm= 13.799 sat= 92.194(set=1.312 slv=90.538 max=1.3226 n=6128) cex=R/T/F=0/0/714 trsplit=0 sim=15.985(rmp=0.607 run=15.377 n=1 d=0) incr=loc/full/maxdirty/keys=0/0/0/0 chk= 0.012(d=714) stat= 0.372 rest= 0.399
  [incr r=42 repr=756 next=62 tfo=176941 active=45237/120481 POs=5810]
 43 : c =   86932  cl =   7184  lit =  112609  p =  5127  d =     0  f =   683  -  T =     0.12 sec
  [prof  43] wall= 120.031 p=  5810 | ifo=  3.418(sd=0.285 nx=0.182 tfo=2.140 cnt=0.811) snap= 0.335 srm= 14.144 sat= 85.424(set=1.253 slv=83.859 max=0.3610 n=5810) cex=R/T/F=0/0/683 trsplit=0 sim=16.021(rmp=0.630 run=15.391 n=1 d=0) incr=loc/full/maxdirty/keys=0/0/0/0 chk= 0.011(d=682) stat= 0.297 rest= 0.382
  [incr r=43 repr=725 next=54 tfo=175109 active=44296/119793 POs=5643]
 44 : c =   86344  cl =   7178  lit =  111989  p =  5019  d =     0  f =   624  -  T =     0.12 sec
  [prof  44] wall= 117.599 p=  5643 | ifo=  2.857(sd=0.287 nx=0.172 tfo=1.916 cnt=0.482) snap= 0.330 srm= 13.265 sat= 84.381(set=1.187 slv=82.871 max=0.5484 n=5643) cex=R/T/F=0/0/624 trsplit=0 sim=16.087(rmp=0.689 run=15.398 n=1 d=0) incr=loc/full/maxdirty/keys=0/0/0/0 chk= 0.010(d=620) stat= 0.278 rest= 0.391
  [incr r=44 repr=632 next=50 tfo=166559 active=41882/119167 POs=5196]
 45 : c =   85806  cl =   7173  lit =  111416  p =  4622  d =     0  f =   574  -  T =     0.11 sec
  [prof  45] wall= 107.443 p=  5196 | ifo=  2.781(sd=0.216 nx=0.182 tfo=1.911 cnt=0.472) snap= 0.331 srm= 12.359 sat= 75.047(set=1.089 slv=73.668 max=0.6107 n=5196) cex=R/T/F=0/0/574 trsplit=0 sim=16.268(rmp=0.601 run=15.666 n=1 d=0) incr=loc/full/maxdirty/keys=0/0/0/0 chk= 0.010(d=573) stat= 0.286 rest= 0.361
  [incr r=45 repr=593 next=51 tfo=163091 active=41055/118589 POs=5072]
 46 : c =   85280  cl =   7170  lit =  110851  p =  4507  d =     0  f =   565  -  T =     0.10 sec
  [prof  46] wall= 103.127 p=  5072 | ifo=  2.655(sd=0.223 nx=0.180 tfo=1.785 cnt=0.466) snap= 0.325 srm= 12.074 sat= 71.521(set=1.074 slv=70.165 max=0.8833 n=5072) cex=R/T/F=0/0/565 trsplit=0 sim=15.888(rmp=0.567 run=15.320 n=1 d=0) incr=loc/full/maxdirty/keys=0/0/0/0 chk= 0.013(d=565) stat= 0.278 rest= 0.373
  [incr r=46 repr=592 next=65 tfo=160011 active=40186/118021 POs=4852]
 47 : c =   84795  cl =   7166  lit =  110332  p =  4333  d =     0  f =   519  -  T =     0.10 sec
  [prof  47] wall=  99.359 p=  4852 | ifo=  2.618(sd=0.235 nx=0.173 tfo=1.728 cnt=0.482) snap= 0.336 srm= 11.875 sat= 66.929(set=1.070 slv=65.574 max=1.2114 n=4852) cex=R/T/F=0/0/519 trsplit=0 sim=16.895(rmp=0.611 run=16.283 n=1 d=0) incr=loc/full/maxdirty/keys=0/0/0/0 chk= 0.012(d=519) stat= 0.304 rest= 0.391
  [incr r=47 repr=562 next=50 tfo=158272 active=39426/117498 POs=4734]
 48 : c =   84341  cl =   7164  lit =  109832  p =  4234  d =     0  f =   500  -  T =     0.09 sec
  [prof  48] wall=  95.238 p=  4734 | ifo=  2.592(sd=0.231 nx=0.175 tfo=1.703 cnt=0.483) snap= 0.320 srm= 11.290 sat= 63.926(set=1.037 slv=62.620 max=0.5267 n=4734) cex=R/T/F=0/0/500 trsplit=0 sim=16.440(rmp=0.562 run=15.878 n=1 d=0) incr=loc/full/maxdirty/keys=0/0/0/0 chk= 0.015(d=500) stat= 0.281 rest= 0.373
  [incr r=48 repr=513 next=75 tfo=151380 active=38463/116996 POs=4560]
 49 : c =   83903  cl =   7163  lit =  109357  p =  4085  d =     0  f =   475  -  T =     0.09 sec
  [prof  49] wall=  94.919 p=  4560 | ifo=  2.543(sd=0.218 nx=0.175 tfo=1.670 cnt=0.479) snap= 0.341 srm= 10.839 sat= 64.537(set=0.964 slv=63.305 max=0.4626 n=4560) cex=R/T/F=0/0/475 trsplit=0 sim=16.022(rmp=0.528 run=15.494 n=1 d=0) incr=loc/full/maxdirty/keys=0/0/0/0 chk= 0.014(d=475) stat= 0.274 rest= 0.349
  [incr r=49 repr=648 next=61 tfo=150060 active=37813/116520 POs=4486]
 50 : c =   83482  cl =   7163  lit =  108891  p =  4020  d =     0  f =   466  -  T =     0.10 sec
  [prof  50] wall=  96.849 p=  4486 | ifo=  2.284(sd=0.211 nx=0.177 tfo=1.453 cnt=0.443) snap= 0.342 srm= 10.827 sat= 64.899(set=0.927 slv=63.722 max=0.4106 n=4486) cex=R/T/F=0/0/466 trsplit=0 sim=16.719(rmp=0.521 run=16.197 n=1 d=0) incr=loc/full/maxdirty/keys=0/0/0/0 chk= 0.051(d=466) stat= 0.997 rest= 0.730
  [incr r=50 repr=622 next=68 tfo=149193 active=37185/116054 POs=4405]
 51 : c =   83108  cl =   7163  lit =  108485  p =  3999  d =     0  f =   406  -  T =     0.09 sec
  [prof  51] wall=  88.721 p=  4405 | ifo=  3.549(sd=0.609 nx=0.296 tfo=2.083 cnt=0.562) snap= 0.329 srm= 11.127 sat= 56.966(set=0.940 slv=55.787 max=0.3770 n=4405) cex=R/T/F=0/0/406 trsplit=0 sim=16.102(rmp=0.522 run=15.579 n=1 d=0) incr=loc/full/maxdirty/keys=0/0/0/0 chk= 0.010(d=406) stat= 0.293 rest= 0.346
  [incr r=51 repr=428 next=51 tfo=147461 active=36529/115648 POs=4370]
 52 : c =   82706  cl =   7161  lit =  108040  p =  3925  d =     0  f =   445  -  T =     0.09 sec
  [prof  52] wall=  90.562 p=  4370 | ifo=  2.674(sd=0.216 nx=0.170 tfo=1.742 cnt=0.546) snap= 0.375 srm= 11.198 sat= 59.413(set=1.059 slv=58.106 max=0.6598 n=4370) cex=R/T/F=0/0/445 trsplit=0 sim=16.216(rmp=0.634 run=15.581 n=1 d=0) incr=loc/full/maxdirty/keys=0/0/0/0 chk= 0.010(d=445) stat= 0.284 rest= 0.392
  [incr r=52 repr=460 next=68 tfo=144995 active=35449/115201 POs=4284]
 53 : c =   82337  cl =   7157  lit =  107641  p =  3885  d =     0  f =   399  -  T =     0.09 sec
  [prof  53] wall=  88.177 p=  4284 | ifo=  2.361(sd=0.237 nx=0.175 tfo=1.446 cnt=0.503) snap= 0.466 srm= 15.284 sat= 52.705(set=1.506 slv=50.967 max=0.3773 n=4284) cex=R/T/F=0/0/399 trsplit=0 sim=16.650(rmp=0.558 run=16.091 n=1 d=0) incr=loc/full/maxdirty/keys=0/0/0/0 chk= 0.009(d=399) stat= 0.326 rest= 0.376
  [incr r=53 repr=403 next=51 tfo=144085 active=34877/114798 POs=4250]
 54 : c =   81977  cl =   7156  lit =  107246  p =  3855  d =     0  f =   395  -  T =     0.08 sec
  [prof  54] wall=  77.770 p=  4250 | ifo=  2.375(sd=0.229 nx=0.186 tfo=1.469 cnt=0.491) snap= 0.372 srm= 10.683 sat= 48.080(set=0.945 slv=46.911 max=0.4624 n=4250) cex=R/T/F=0/0/395 trsplit=0 sim=15.641(rmp=0.505 run=15.136 n=1 d=0) incr=loc/full/maxdirty/keys=0/0/0/0 chk= 0.010(d=395) stat= 0.271 rest= 0.339
  [incr r=54 repr=396 next=58 tfo=143462 active=34384/114402 POs=4222]
 55 : c =   81648  cl =   7155  lit =  106888  p =  3864  d =     0  f =   358  -  T =     0.07 sec
  [prof  55] wall=  71.077 p=  4222 | ifo=  2.156(sd=0.234 nx=0.168 tfo=1.337 cnt=0.417) snap= 0.330 srm= 10.711 sat= 41.393(set=0.886 slv=40.285 max=0.4380 n=4222) cex=R/T/F=0/0/358 trsplit=0 sim=15.862(rmp=0.517 run=15.345 n=1 d=0) incr=loc/full/maxdirty/keys=0/0/0/0 chk= 0.008(d=358) stat= 0.273 rest= 0.346
  [incr r=55 repr=369 next=51 tfo=142204 active=33773/114043 POs=4207]
 56 : c =   81315  cl =   7152  lit =  106525  p =  3844  d =     0  f =   363  -  T =     0.07 sec
  [prof  56] wall=  71.254 p=  4207 | ifo=  2.235(sd=0.222 nx=0.167 tfo=1.414 cnt=0.433) snap= 0.316 srm= 10.423 sat= 41.880(set=0.909 slv=40.741 max=0.4225 n=4207) cex=R/T/F=0/0/363 trsplit=0 sim=15.776(rmp=0.488 run=15.287 n=1 d=0) incr=loc/full/maxdirty/keys=0/0/0/0 chk= 0.008(d=363) stat= 0.275 rest= 0.340
  [incr r=56 repr=363 next=51 tfo=141462 active=33274/113677 POs=4166]
 57 : c =   81019  cl =   7148  lit =  106201  p =  3842  d =     0  f =   324  -  T =     0.07 sec
  [prof  57] wall=  70.127 p=  4166 | ifo=  2.096(sd=0.207 nx=0.164 tfo=1.295 cnt=0.430) snap= 0.324 srm= 10.199 sat= 40.585(set=0.915 slv=39.439 max=0.3208 n=4166) cex=R/T/F=0/0/324 trsplit=0 sim=16.252(rmp=0.583 run=15.668 n=1 d=0) incr=loc/full/maxdirty/keys=0/0/0/0 chk= 0.009(d=324) stat= 0.288 rest= 0.374
  [incr r=57 repr=331 next=45 tfo=139850 active=32689/113349 POs=4106]
 58 : c =   80761  cl =   7147  lit =  105920  p =  3825  d =     0  f =   281  -  T =     0.06 sec
  [prof  58] wall=  61.545 p=  4106 | ifo=  2.228(sd=0.218 nx=0.174 tfo=1.387 cnt=0.450) snap= 0.322 srm= 10.223 sat= 31.628(set=0.869 slv=30.542 max=0.2613 n=4106) cex=R/T/F=0/0/281 trsplit=0 sim=16.490(rmp=0.502 run=15.987 n=1 d=0) incr=loc/full/maxdirty/keys=0/0/0/0 chk= 0.008(d=281) stat= 0.288 rest= 0.358
  [incr r=58 repr=281 next=41 tfo=137462 active=31893/113067 POs=4098]
 59 : c =   80498  cl =   7146  lit =  105629  p =  3807  d =     0  f =   291  -  T =     0.06 sec
  [prof  59] wall=  62.496 p=  4098 | ifo=  2.388(sd=0.219 nx=0.171 tfo=1.523 cnt=0.474) snap= 0.407 srm= 11.805 sat= 29.773(set=0.934 slv=28.608 max=0.2343 n=4098) cex=R/T/F=0/0/291 trsplit=0 sim=17.421(rmp=0.686 run=16.734 n=1 d=0) incr=loc/full/maxdirty/keys=0/0/0/0 chk= 0.008(d=291) stat= 0.320 rest= 0.375
  [incr r=59 repr=291 next=48 tfo=133302 active=30291/112775 POs=3990]
 60 : c =   80240  cl =   7144  lit =  105327  p =  3688  d =     0  f =   302  -  T =     0.06 sec
  [prof  60] wall=  61.445 p=  3990 | ifo=  2.251(sd=0.225 nx=0.173 tfo=1.282 cnt=0.570) snap= 0.362 srm=  9.942 sat= 32.431(set=0.856 slv=31.365 max=0.2436 n=3990) cex=R/T/F=0/0/302 trsplit=0 sim=15.819(rmp=0.556 run=15.262 n=1 d=0) incr=loc/full/maxdirty/keys=0/0/0/0 chk= 0.009(d=302) stat= 0.281 rest= 0.350
  [incr r=60 repr=305 next=75 tfo=132168 active=29750/112471 POs=3967]
 61 : c =   80003  cl =   7142  lit =  105037  p =  3677  d =     0  f =   290  -  T =     0.06 sec
  [prof  61] wall=  58.771 p=  3967 | ifo=  2.026(sd=0.211 nx=0.166 tfo=1.204 cnt=0.444) snap= 0.394 srm=  9.860 sat= 29.681(set=0.915 slv=28.550 max=0.2435 n=3967) cex=R/T/F=0/0/290 trsplit=0 sim=16.134(rmp=0.559 run=15.574 n=1 d=0) incr=loc/full/maxdirty/keys=0/0/0/0 chk= 0.010(d=290) stat= 0.284 rest= 0.382
  [incr r=61 repr=290 next=84 tfo=131024 active=29285/112179 POs=3901]
 62 : c =   79783  cl =   7139  lit =  104766  p =  3630  d =     0  f =   271  -  T =     0.06 sec
  [prof  62] wall=  55.533 p=  3901 | ifo=  2.110(sd=0.220 nx=0.183 tfo=1.241 cnt=0.467) snap= 0.412 srm= 10.177 sat= 26.326(set=0.971 slv=25.159 max=0.2224 n=3901) cex=R/T/F=0/0/271 trsplit=0 sim=15.875(rmp=0.620 run=15.255 n=1 d=0) incr=loc/full/maxdirty/keys=0/0/0/0 chk= 0.009(d=271) stat= 0.276 rest= 0.348
  [incr r=62 repr=271 next=82 tfo=129998 active=28823/111905 POs=3933]
 63 : c =   79526  cl =   7138  lit =  104474  p =  3641  d =     0  f =   292  -  T =     0.06 sec
  [prof  63] wall=  63.835 p=  3933 | ifo=  2.470(sd=0.201 nx=0.161 tfo=1.151 cnt=0.956) snap= 0.364 srm= 16.197 sat= 28.785(set=1.141 slv=27.444 max=0.2177 n=3933) cex=R/T/F=0/0/292 trsplit=0 sim=15.389(rmp=0.492 run=14.897 n=1 d=0) incr=loc/full/maxdirty/keys=0/0/0/0 chk= 0.008(d=292) stat= 0.282 rest= 0.341
  [incr r=63 repr=292 next=59 tfo=128881 active=28390/111612 POs=3940]
 64 : c =   79286  cl =   7138  lit =  104198  p =  3664  d =     0  f =   276  -  T =     0.06 sec
  [prof  64] wall=  58.146 p=  3940 | ifo=  1.928(sd=0.204 nx=0.164 tfo=1.131 cnt=0.429) snap= 0.319 srm=  9.727 sat= 29.868(set=0.831 slv=28.825 max=0.4408 n=3940) cex=R/T/F=0/0/276 trsplit=0 sim=15.708(rmp=0.498 run=15.209 n=1 d=0) incr=loc/full/maxdirty/keys=0/0/0/0 chk= 0.008(d=276) stat= 0.261 rest= 0.327
  [incr r=64 repr=276 next=60 tfo=127785 active=27927/111336 POs=3914]
 65 : c =   79056  cl =   7134  lit =  103930  p =  3646  d =     0  f =   268  -  T =     0.05 sec
  [prof  65] wall=  55.147 p=  3914 | ifo=  1.886(sd=0.196 nx=0.167 tfo=1.106 cnt=0.417) snap= 0.320 srm=  9.763 sat= 26.522(set=0.835 slv=25.486 max=0.2113 n=3914) cex=R/T/F=0/0/268 trsplit=0 sim=16.026(rmp=0.502 run=15.523 n=1 d=0) incr=loc/full/maxdirty/keys=0/0/0/0 chk= 0.008(d=268) stat= 0.274 rest= 0.347
  [incr r=65 repr=268 next=62 tfo=126679 active=27544/111064 POs=3859]
 66 : c =   78825  cl =   7131  lit =  103660  p =  3589  d =     0  f =   270  -  T =     0.06 sec
  [prof  66] wall=  61.335 p=  3859 | ifo=  4.914(sd=0.209 nx=0.234 tfo=4.004 cnt=0.467) snap= 0.338 srm= 10.139 sat= 27.391(set=0.937 slv=26.257 max=0.4507 n=3859) cex=R/T/F=0/0/270 trsplit=0 sim=17.941(rmp=0.508 run=17.432 n=1 d=0) incr=loc/full/maxdirty/keys=0/0/0/0 chk= 0.007(d=270) stat= 0.273 rest= 0.333
  [incr r=66 repr=270 next=63 tfo=125439 active=27075/110791 POs=3821]
 67 : c =   78617  cl =   7129  lit =  103416  p =  3577  d =     0  f =   244  -  T =     0.06 sec
  [prof  67] wall=  57.684 p=  3821 | ifo=  1.841(sd=0.209 nx=0.160 tfo=1.063 cnt=0.409) snap= 0.422 srm=  9.501 sat= 26.978(set=0.818 slv=25.774 max=0.2398 n=3821) cex=R/T/F=0/0/244 trsplit=0 sim=18.322(rmp=0.572 run=17.749 n=1 d=0) incr=loc/full/maxdirty/keys=0/0/0/0 chk= 0.007(d=244) stat= 0.274 rest= 0.338
  [incr r=67 repr=244 next=57 tfo=123954 active=26711/110545 POs=3764]
 68 : c =   78426  cl =   7127  lit =  103193  p =  3541  d =     0  f =   223  -  T =     0.06 sec
  [prof  68] wall=  55.511 p=  3764 | ifo=  3.044(sd=0.561 nx=0.354 tfo=1.680 cnt=0.449) snap= 0.341 srm=  9.455 sat= 26.495(set=0.886 slv=25.412 max=0.3192 n=3764) cex=R/T/F=0/0/223 trsplit=0 sim=15.517(rmp=0.560 run=14.957 n=1 d=0) incr=loc/full/maxdirty/keys=0/0/0/0 chk= 0.007(d=223) stat= 0.284 rest= 0.367
  [incr r=68 repr=223 next=53 tfo=122526 active=26281/110320 POs=3718]
 69 : c =   78242  cl =   7124  lit =  102979  p =  3504  d =     0  f =   214  -  T =     0.06 sec
  [prof  69] wall=  57.654 p=  3718 | ifo=  1.989(sd=0.220 nx=0.174 tfo=1.139 cnt=0.457) snap= 0.320 srm=  9.697 sat= 26.670(set=0.821 slv=25.651 max=0.3530 n=3718) cex=R/T/F=0/0/214 trsplit=0 sim=18.135(rmp=1.361 run=16.773 n=1 d=0) incr=loc/full/maxdirty/keys=0/0/0/0 chk= 0.008(d=214) stat= 0.434 rest= 0.401
  [incr r=69 repr=214 next=46 tfo=121544 active=25972/110103 POs=3639]
 70 : c =   78084  cl =   7121  lit =  102799  p =  3459  d =     0  f =   180  -  T =     0.05 sec
  [prof  70] wall=  54.975 p=  3639 | ifo=  2.799(sd=0.354 nx=0.234 tfo=1.608 cnt=0.603) snap= 0.368 srm= 10.341 sat= 22.768(set=0.902 slv=21.676 max=0.2343 n=3639) cex=R/T/F=0/0/180 trsplit=0 sim=17.871(rmp=0.530 run=17.340 n=1 d=0) incr=loc/full/maxdirty/keys=0/0/0/0 chk= 0.005(d=180) stat= 0.444 rest= 0.379
  [incr r=70 repr=190 next=33 tfo=95978 active=21908/109920 POs=2792]
 71 : c =   77936  cl =   7116  lit =  102629  p =  2622  d =     0  f =   170  -  T =     0.05 sec
  [prof  71] wall=  46.268 p=  2792 | ifo=  2.140(sd=0.303 nx=0.166 tfo=1.049 cnt=0.622) snap= 0.321 srm=  8.700 sat= 18.697(set=0.712 slv=17.844 max=0.3620 n=2792) cex=R/T/F=0/0/170 trsplit=0 sim=15.779(rmp=0.546 run=15.232 n=1 d=0) incr=loc/full/maxdirty/keys=0/0/0/0 chk= 0.005(d=170) stat= 0.266 rest= 0.360
  [incr r=71 repr=170 next=31 tfo=94504 active=21569/109745 POs=2752]
 72 : c =   77792  cl =   7113  lit =  102474  p =  2597  d =     0  f =   155  -  T =     0.05 sec
  [prof  72] wall=  49.088 p=  2752 | ifo=  1.727(sd=0.229 nx=0.172 tfo=0.861 cnt=0.465) snap= 0.363 srm=  9.427 sat= 21.483(set=0.771 slv=20.549 max=0.4292 n=2752) cex=R/T/F=0/0/155 trsplit=0 sim=15.457(rmp=0.567 run=14.890 n=1 d=0) incr=loc/full/maxdirty/keys=0/0/0/0 chk= 0.004(d=155) stat= 0.272 rest= 0.355
  [incr r=72 repr=155 next=14 tfo=93172 active=21248/109587 POs=2699]
 73 : c =   77648  cl =   7111  lit =  102322  p =  2547  d =     0  f =   152  -  T =     0.05 sec
  [prof  73] wall=  46.412 p=  2699 | ifo=  1.600(sd=0.204 nx=0.164 tfo=0.817 cnt=0.415) snap= 0.333 srm=  8.463 sat= 20.015(set=0.684 slv=19.165 max=0.3355 n=2699) cex=R/T/F=0/0/152 trsplit=0 sim=15.394(rmp=0.473 run=14.921 n=1 d=0) incr=loc/full/maxdirty/keys=0/0/0/0 chk= 0.003(d=152) stat= 0.270 rest= 0.332
  [incr r=73 repr=152 next=10 tfo=91685 active=20982/109433 POs=2676]
 74 : c =   77515  cl =   7107  lit =  102176  p =  2530  d =     0  f =   146  -  T =     0.05 sec
  [prof  74] wall=  50.545 p=  2676 | ifo=  1.579(sd=0.204 nx=0.170 tfo=0.781 cnt=0.424) snap= 0.374 srm=  9.117 sat= 23.534(set=0.742 slv=22.609 max=1.0026 n=2676) cex=R/T/F=0/0/146 trsplit=0 sim=15.307(rmp=0.565 run=14.742 n=1 d=0) incr=loc/full/maxdirty/keys=0/0/0/0 chk= 0.004(d=146) stat= 0.268 rest= 0.362
  [incr r=74 repr=146 next=17 tfo=89755 active=20631/109283 POs=2624]
 75 : c =   77409  cl =   7105  lit =  102059  p =  2506  d =     0  f =   118  -  T =     0.05 sec
  [prof  75] wall=  46.858 p=  2624 | ifo=  1.516(sd=0.196 nx=0.157 tfo=0.750 cnt=0.412) snap= 0.318 srm=  8.237 sat= 15.625(set=0.689 slv=14.805 max=0.2214 n=2624) cex=R/T/F=0/0/118 trsplit=0 sim=20.551(rmp=0.485 run=20.065 n=1 d=0) incr=loc/full/maxdirty/keys=0/0/0/0 chk= 0.004(d=117) stat= 0.274 rest= 0.333
  [incr r=75 repr=117 next=17 tfo=87764 active=20334/109164 POs=2578]
 76 : c =   77321  cl =   7104  lit =  101959  p =  2478  d =     0  f =   100  -  T =     0.04 sec
  [prof  76] wall=  41.750 p=  2578 | ifo=  1.628(sd=0.226 nx=0.165 tfo=0.817 cnt=0.421) snap= 0.332 srm=  8.524 sat= 14.091(set=0.676 slv=13.288 max=0.2223 n=2578) cex=R/T/F=0/0/100 trsplit=0 sim=16.490(rmp=0.478 run=16.011 n=1 d=0) incr=loc/full/maxdirty/keys=0/0/0/0 chk= 0.004(d=100) stat= 0.325 rest= 0.357
  [incr r=76 repr=100 next=16 tfo=45700 active=4035/109063 POs=544]
 77 : c =   77241  cl =   7103  lit =  101871  p =   456  d =     0  f =    88  -  T =     0.04 sec
  [prof  77] wall=  36.467 p=   544 | ifo=  1.207(sd=0.231 nx=0.157 tfo=0.414 cnt=0.405) snap= 0.813 srm=  8.198 sat= 10.398(set=0.684 slv=9.678 max=0.2907 n=544) cex=R/T/F=0/0/88 trsplit=0 sim=15.234(rmp=0.541 run=14.692 n=1 d=0) incr=loc/full/maxdirty/keys=0/0/0/0 chk= 0.002(d=88) stat= 0.259 rest= 0.356
  [incr r=77 repr=89 next=9 tfo=43690 active=3856/108974 POs=517]
 78 : c =   77167  cl =   7102  lit =  101796  p =   442  d =     0  f =    75  -  T =     0.03 sec
  [prof  78] wall=  31.236 p=   517 | ifo=  1.127(sd=0.197 nx=0.158 tfo=0.368 cnt=0.404) snap= 0.317 srm=  6.112 sat=  7.480(set=0.482 slv=6.963 max=0.1900 n=517) cex=R/T/F=0/0/75 trsplit=0 sim=15.592(rmp=0.521 run=15.071 n=1 d=0) incr=loc/full/maxdirty/keys=0/0/0/0 chk= 0.001(d=75) stat= 0.266 rest= 0.341
  [incr r=78 repr=75 next=1 tfo=41405 active=3556/108898 POs=481]
 79 : c =   77101  cl =   7102  lit =  101730  p =   415  d =     0  f =    66  -  T =     0.03 sec
  [prof  79] wall=  30.990 p=   481 | ifo=  1.225(sd=0.213 nx=0.165 tfo=0.377 cnt=0.470) snap= 0.318 srm=  6.269 sat=  6.529(set=0.476 slv=6.025 max=0.2577 n=481) cex=R/T/F=0/0/66 trsplit=0 sim=15.995(rmp=0.646 run=15.348 n=1 d=0) incr=loc/full/maxdirty/keys=0/0/0/0 chk= 0.001(d=66) stat= 0.270 rest= 0.383
  [incr r=79 repr=66 next=0 tfo=40453 active=3432/108832 POs=471]
 80 : c =   77043  cl =   7102  lit =  101672  p =   413  d =     0  f =    58  -  T =     0.03 sec
  [prof  80] wall=  30.160 p=   471 | ifo=  1.186(sd=0.205 nx=0.187 tfo=0.365 cnt=0.428) snap= 0.325 srm=  6.865 sat=  5.537(set=0.453 slv=5.059 max=0.2249 n=471) cex=R/T/F=0/0/58 trsplit=0 sim=15.585(rmp=0.749 run=14.835 n=1 d=0) incr=loc/full/maxdirty/keys=0/0/0/0 chk= 0.001(d=58) stat= 0.264 rest= 0.397
  [incr r=80 repr=58 next=0 tfo=38814 active=3169/108774 POs=458]
 81 : c =   76986  cl =   7102  lit =  101615  p =   401  d =     0  f =    57  -  T =     0.03 sec
  [prof  81] wall=  29.677 p=   458 | ifo=  1.146(sd=0.206 nx=0.165 tfo=0.344 cnt=0.431) snap= 0.317 srm=  6.201 sat=  5.722(set=0.453 slv=5.244 max=0.2222 n=458) cex=R/T/F=0/0/57 trsplit=0 sim=15.690(rmp=0.503 run=15.187 n=1 d=0) incr=loc/full/maxdirty/keys=0/0/0/0 chk= 0.001(d=57) stat= 0.265 rest= 0.335
  [incr r=81 repr=57 next=0 tfo=38205 active=3055/108717 POs=464]
 82 : c =   76919  cl =   7101  lit =  101547  p =   396  d =     0  f =    68  -  T =     0.03 sec
  [prof  82] wall=  31.883 p=   464 | ifo=  1.264(sd=0.224 nx=0.171 tfo=0.360 cnt=0.508) snap= 0.333 srm=  6.543 sat=  7.413(set=0.484 slv=6.903 max=0.2134 n=464) cex=R/T/F=0/0/68 trsplit=0 sim=15.696(rmp=0.494 run=15.202 n=1 d=0) incr=loc/full/maxdirty/keys=0/0/0/0 chk= 0.001(d=68) stat= 0.276 rest= 0.357
  [incr r=82 repr=68 next=1 tfo=36850 active=2890/108648 POs=445]
 83 : c =   76863  cl =   7101  lit =  101491  p =   389  d =     0  f =    56  -  T =     0.03 sec
  [prof  83] wall=  31.176 p=   445 | ifo=  1.149(sd=0.212 nx=0.163 tfo=0.337 cnt=0.436) snap= 0.325 srm=  6.242 sat=  7.017(set=0.452 slv=6.539 max=0.1963 n=445) cex=R/T/F=0/0/56 trsplit=0 sim=15.824(rmp=0.507 run=15.316 n=1 d=0) incr=loc/full/maxdirty/keys=0/0/0/0 chk= 0.001(d=56) stat= 0.264 rest= 0.353
  [incr r=83 repr=56 next=0 tfo=35284 active=2708/108592 POs=423]
 84 : c =   76817  cl =   7101  lit =  101445  p =   377  d =     0  f =    46  -  T =     0.03 sec
  [prof  84] wall=  30.033 p=   423 | ifo=  1.200(sd=0.215 nx=0.168 tfo=0.322 cnt=0.494) snap= 0.319 srm=  5.984 sat=  6.236(set=0.424 slv=5.788 max=0.2327 n=423) cex=R/T/F=0/0/46 trsplit=0 sim=15.681(rmp=0.490 run=15.191 n=1 d=0) incr=loc/full/maxdirty/keys=0/0/0/0 chk= 0.001(d=46) stat= 0.274 rest= 0.338
  [incr r=84 repr=46 next=0 tfo=32095 active=2379/108546 POs=383]
 85 : c =   76775  cl =   7101  lit =  101403  p =   341  d =     0  f =    42  -  T =     0.03 sec
  [prof  85] wall=  29.979 p=   383 | ifo=  1.105(sd=0.205 nx=0.164 tfo=0.302 cnt=0.434) snap= 0.317 srm=  6.008 sat=  6.006(set=0.420 slv=5.564 max=0.2125 n=383) cex=R/T/F=0/0/42 trsplit=0 sim=15.931(rmp=0.498 run=15.432 n=1 d=0) incr=loc/full/maxdirty/keys=0/0/0/0 chk= 0.001(d=42) stat= 0.276 rest= 0.336
  [incr r=85 repr=42 next=0 tfo=29165 active=1636/108504 POs=345]
 86 : c =   76739  cl =   7101  lit =  101367  p =   309  d =     0  f =    36  -  T =     0.03 sec
  [prof  86] wall=  28.587 p=   345 | ifo=  1.047(sd=0.198 nx=0.160 tfo=0.250 cnt=0.439) snap= 0.317 srm=  5.827 sat=  4.931(set=0.409 slv=4.502 max=0.2226 n=345) cex=R/T/F=0/0/36 trsplit=0 sim=15.827(rmp=0.495 run=15.331 n=1 d=0) incr=loc/full/maxdirty/keys=0/0/0/0 chk= 0.001(d=36) stat= 0.288 rest= 0.350
  [incr r=86 repr=36 next=0 tfo=21713 active=1340/108468 POs=282]
 87 : c =   76711  cl =   7101  lit =  101339  p =   254  d =     0  f =    28  -  T =     0.03 sec
  [prof  87] wall=  28.112 p=   282 | ifo=  1.102(sd=0.229 nx=0.192 tfo=0.222 cnt=0.458) snap= 0.367 srm=  6.130 sat=  4.100(set=0.392 slv=3.688 max=0.2202 n=282) cex=R/T/F=0/0/28 trsplit=0 sim=15.783(rmp=0.655 run=15.128 n=1 d=0) incr=loc/full/maxdirty/keys=0/0/0/0 chk= 0.001(d=28) stat= 0.272 rest= 0.357
  [incr r=87 repr=28 next=0 tfo=20168 active=1101/108440 POs=158]
 88 : c =   76683  cl =   7101  lit =  101311  p =   130  d =     0  f =    28  -  T =     0.03 sec
  [prof  88] wall=  25.976 p=   158 | ifo=  0.918(sd=0.192 nx=0.154 tfo=0.177 cnt=0.395) snap= 0.317 srm=  4.527 sat=  3.812(set=0.280 slv=3.523 max=0.2224 n=158) cex=R/T/F=0/0/28 trsplit=0 sim=15.807(rmp=0.474 run=15.332 n=1 d=0) incr=loc/full/maxdirty/keys=0/0/0/0 chk= 0.001(d=28) stat= 0.263 rest= 0.331
  [incr r=88 repr=28 next=0 tfo=19215 active=988/108412 POs=149]
 89 : c =   76656  cl =   7101  lit =  101284  p =   122  d =     0  f =    27  -  T =     0.03 sec
  [prof  89] wall=  26.328 p=   149 | ifo=  0.922(sd=0.200 nx=0.155 tfo=0.164 cnt=0.404) snap= 0.315 srm=  4.541 sat=  3.784(set=0.280 slv=3.494 max=0.2367 n=149) cex=R/T/F=0/0/27 trsplit=0 sim=16.158(rmp=0.492 run=15.666 n=1 d=0) incr=loc/full/maxdirty/keys=0/0/0/0 chk= 0.000(d=27) stat= 0.275 rest= 0.333
  [incr r=89 repr=27 next=0 tfo=18626 active=920/108385 POs=137]
 90 : c =   76635  cl =   7101  lit =  101263  p =   116  d =     0  f =    21  -  T =     0.03 sec
  [prof  90] wall=  25.716 p=   137 | ifo=  0.997(sd=0.210 nx=0.163 tfo=0.180 cnt=0.444) snap= 0.317 srm=  4.735 sat=  2.971(set=0.269 slv=2.692 max=0.1854 n=137) cex=R/T/F=0/0/21 trsplit=0 sim=16.044(rmp=0.514 run=15.529 n=1 d=0) incr=loc/full/maxdirty/keys=0/0/0/0 chk= 0.001(d=21) stat= 0.288 rest= 0.364
  [incr r=90 repr=21 next=0 tfo=17571 active=826/108364 POs=122]
 91 : c =   76617  cl =   7101  lit =  101245  p =   104  d =     0  f =    18  -  T =     0.03 sec
  [prof  91] wall=  25.837 p=   122 | ifo=  1.215(sd=0.223 nx=0.221 tfo=0.205 cnt=0.567) snap= 0.333 srm=  4.859 sat=  2.812(set=0.234 slv=2.569 max=0.2013 n=122) cex=R/T/F=0/0/18 trsplit=0 sim=15.944(rmp=0.537 run=15.405 n=1 d=0) incr=loc/full/maxdirty/keys=0/0/0/0 chk= 0.001(d=18) stat= 0.290 rest= 0.383
  [incr r=91 repr=18 next=0 tfo=16915 active=766/108346 POs=112]
 92 : c =   76601  cl =   7101  lit =  101229  p =    96  d =     0  f =    16  -  T =     0.02 sec
  [prof  92] wall=  25.194 p=   112 | ifo=  1.079(sd=0.235 nx=0.177 tfo=0.169 cnt=0.498) snap= 0.321 srm=  4.594 sat=  2.486(set=0.250 slv=2.228 max=0.1922 n=112) cex=R/T/F=0/0/16 trsplit=0 sim=16.081(rmp=0.563 run=15.518 n=1 d=0) incr=loc/full/maxdirty/keys=0/0/0/0 chk= 0.001(d=16) stat= 0.282 rest= 0.351
  [incr r=92 repr=16 next=0 tfo=15538 active=682/108330 POs=100]
 93 : c =   76588  cl =   7101  lit =  101216  p =    87  d =     0  f =    13  -  T =     0.02 sec
  [prof  93] wall=  24.246 p=   100 | ifo=  1.047(sd=0.232 nx=0.174 tfo=0.152 cnt=0.490) snap= 0.340 srm=  4.363 sat=  2.176(set=0.221 slv=1.947 max=0.2277 n=100) cex=R/T/F=0/0/13 trsplit=0 sim=15.710(rmp=0.478 run=15.232 n=1 d=0) incr=loc/full/maxdirty/keys=0/0/0/0 chk= 0.000(d=13) stat= 0.273 rest= 0.336
  [incr r=93 repr=13 next=0 tfo=8981 active=417/108317 POs=68]
 94 : c =   76576  cl =   7101  lit =  101204  p =    56  d =     0  f =    12  -  T =     0.02 sec
  [prof  94] wall=  23.328 p=    68 | ifo=  0.926(sd=0.218 nx=0.167 tfo=0.092 cnt=0.449) snap= 0.333 srm=  3.774 sat=  1.817(set=0.158 slv=1.653 max=0.2298 n=68) cex=R/T/F=0/0/12 trsplit=0 sim=15.856(rmp=0.493 run=15.363 n=1 d=0) incr=loc/full/maxdirty/keys=0/0/0/0 chk= 0.000(d=12) stat= 0.272 rest= 0.349
  [incr r=94 repr=12 next=0 tfo=8546 active=355/108305 POs=58]
 95 : c =   76570  cl =   7101  lit =  101198  p =    52  d =     0  f =     6  -  T =     0.02 sec
  [prof  95] wall=  22.301 p=    58 | ifo=  0.898(sd=0.209 nx=0.167 tfo=0.086 cnt=0.435) snap= 0.335 srm=  3.495 sat=  1.015(set=0.128 slv=0.882 max=0.1971 n=58) cex=R/T/F=0/0/6 trsplit=0 sim=15.927(rmp=0.489 run=15.438 n=1 d=0) incr=loc/full/maxdirty/keys=0/0/0/0 chk= 0.000(d=6) stat= 0.283 rest= 0.347
  [incr r=95 repr=6 next=0 tfo=8204 active=348/108299 POs=58]
 96 : c =   76564  cl =   7101  lit =  101192  p =    52  d =     0  f =     6  -  T =     0.02 sec
  [prof  96] wall=  22.433 p=    58 | ifo=  0.882(sd=0.209 nx=0.165 tfo=0.078 cnt=0.431) snap= 0.341 srm=  3.405 sat=  1.131(set=0.129 slv=0.997 max=0.2262 n=58) cex=R/T/F=0/0/6 trsplit=0 sim=16.048(rmp=0.488 run=15.559 n=1 d=0) incr=loc/full/maxdirty/keys=0/0/0/0 chk= 0.000(d=6) stat= 0.274 rest= 0.352
  [incr r=96 repr=6 next=0 tfo=7773 active=315/108293 POs=53]
 97 : c =   76559  cl =   7101  lit =  101187  p =    48  d =     0  f =     5  -  T =     0.02 sec
  [prof  97] wall=  22.615 p=    53 | ifo=  0.950(sd=0.225 nx=0.170 tfo=0.081 cnt=0.473) snap= 0.342 srm=  3.584 sat=  1.016(set=0.129 slv=0.882 max=0.2445 n=53) cex=R/T/F=0/0/5 trsplit=0 sim=16.092(rmp=0.494 run=15.598 n=1 d=0) incr=loc/full/maxdirty/keys=0/0/0/0 chk= 0.000(d=5) stat= 0.284 rest= 0.346
  [incr r=97 repr=5 next=0 tfo=7622 active=288/108288 POs=48]
 98 : c =   76557  cl =   7101  lit =  101185  p =    46  d =     0  f =     2  -  T =     0.02 sec
  [prof  98] wall=  21.799 p=    48 | ifo=  0.966(sd=0.217 nx=0.172 tfo=0.083 cnt=0.494) snap= 0.328 srm=  3.717 sat=  0.541(set=0.120 slv=0.415 max=0.1796 n=48) cex=R/T/F=0/0/2 trsplit=0 sim=15.640(rmp=0.477 run=15.163 n=1 d=0) incr=loc/full/maxdirty/keys=0/0/0/0 chk= 0.000(d=2) stat= 0.272 rest= 0.336
  [incr r=98 repr=2 next=0 tfo=716 active=19/108286 POs=4]
 99 : c =   76555  cl =   7101  lit =  101183  p =     2  d =     0  f =     2  -  T =     0.02 sec
  [prof  99] wall=  21.428 p=     4 | ifo=  0.808(sd=0.204 nx=0.171 tfo=0.019 cnt=0.414) snap= 0.330 srm=  2.593 sat=  0.319(set=0.048 slv=0.269 max=0.1962 n=4) cex=R/T/F=0/0/2 trsplit=0 sim=16.772(rmp=0.500 run=16.272 n=1 d=0) incr=loc/full/maxdirty/keys=0/0/0/0 chk= 0.000(d=2) stat= 0.262 rest= 0.343
  [incr r=99 repr=2 next=0 tfo=714 active=17/108284 POs=4]
100 : c =   76553  cl =   7101  lit =  101181  p =     2  d =     0  f =     2  -  T =     0.02 sec
  [prof 100] wall=  20.686 p=     4 | ifo=  0.837(sd=0.211 nx=0.166 tfo=0.029 cnt=0.431) snap= 0.330 srm=  2.569 sat=  0.305(set=0.037 slv=0.266 max=0.1909 n=4) cex=R/T/F=0/0/2 trsplit=0 sim=16.016(rmp=0.498 run=15.518 n=1 d=0) incr=loc/full/maxdirty/keys=0/0/0/0 chk= 0.000(d=2) stat= 0.281 rest= 0.348
  [incr r=100 repr=2 next=0 tfo=564 active=4/108282 POs=2]
101 : c =   76551  cl =   7101  lit =  101179  p =     0  d =     0  f =     2  -  T =     0.02 sec
  [prof 101] wall=  20.754 p=     2 | ifo=  0.831(sd=0.211 nx=0.166 tfo=0.019 cnt=0.436) snap= 0.336 srm=  2.712 sat=  0.304(set=0.037 slv=0.265 max=0.1925 n=2) cex=R/T/F=0/0/2 trsplit=0 sim=15.929(rmp=0.493 run=15.435 n=1 d=0) incr=loc/full/maxdirty/keys=0/0/0/0 chk= 0.000(d=2) stat= 0.285 rest= 0.356
  [incr r=101 repr=2 next=0 tfo=562 active=2/108280 POs=0]
102 : c =   76551  cl =   7101  lit =  101179  p =     0  d =     0  f =     0  -  T =     0.00 sec
  [prof ALL] wall=11923.710 p=871406 | ifo=280.618(sd=24.217 nx=18.177 tfo=188.310 cnt=49.914) snap=35.239 srm=1218.437 sat=8634.570(set=100.793 slv=8486.305 max=1.3226 n=871406) cex=R/T/F=0/0/85676 trsplit=0 sim=1683.528(rmp=59.424 run=1624.035 n=101 d=0) incr=loc/full/maxdirty/keys=0/0/0/0 chk= 2.418(d=85137) stat=30.250 rest=38.650
Srm   =     1.54 sec (  4.61 %)
Sat   =     8.64 sec ( 25.89 %)
Sim   =     1.70 sec (  5.09 %)
Other =    21.48 sec ( 64.40 %)
Incr  =     0.28 sec (  0.84 %)
Incr: fallback rounds = 10, skipped candidate pairs = 7487148
TOTAL =    33.35 sec
NBeg = 400072. NEnd = 283645. (Gain =  29.10 %).  RBeg = 262. REnd = 261. (Gain =   0.38 %).
Flop output names are not available. Use command "&get -n".
[1;37m/home/zxr_wsl/benchmarks/incre_spec//Problem11_label08[0m : i/o =    742/      1  ff =    261  [1;36mand =  283645[0m  [1;35mlev = 2025[0m [1;35m(7.75)[0m  mem = 3.27 MB
