### benchmark: /home/zxr_wsl/benchmarks/incre_spec//Problem11_label08.aig
### opts:      &scorr -v -w -i -I
### timeout:   1800s
### date:      Tue Jun  9 16:24:37 CST 2026

======== ABC command line "&r /home/zxr_wsl/benchmarks/incre_spec//Problem11_label08.aig; &ps; &scorr -v -w -i -I; &ps"
Converted 0 1-valued FFs and 259 DC-valued FFs.
Warning: The number of inputs does not match the number of input names.
[1;37m/home/zxr_wsl/benchmarks/incre_spec//Problem11_label08[0m : i/o =    742/      1  ff =    262  [1;36mand =  400072[0m  [1;35mlev = 2250[0m [1;35m(8.57)[0m  mem = 4.60 MB
cst =  400334  cls =      0  lit =  400334  unused =     742  proof =     0
cst =  207945  cls =  16110  lit =  296630  unused =   88336  proof =     0
cst =  207263  cls =  15337  lit =  292197  unused =   93542  proof =     0
cst =  206953  cls =  15170  lit =  289613  unused =   96293  proof =     0
cst =  206658  cls =  14979  lit =  287728  unused =   98369  proof =     0
cst =  206341  cls =  14852  lit =  286625  unused =   99599  proof =     0
cst =  206236  cls =  14726  lit =  285905  unused =  100445  proof =     0
cst =  206148  cls =  14690  lit =  285507  unused =  100879  proof =     0
cst =  206079  cls =  14641  lit =  285128  unused =  101307  proof =     0
cst =  206040  cls =  14600  lit =  284784  unused =  101692  proof =     0
Obj =  401340. And =  400072. Conf =   100. Fr = 1. Lcorr = 0. Ring = 1. CSat = 1.
  0 : c =  206040  cl =  14600  lit =  284784  p =     0  d =     0  f =     0  +  T =     0.22 sec
BMC : c =  205448  cl =  13509  lit =  279866  p =  8907  d =  3462  f =  2741  +  T =     0.81 sec
  [bmc-prof   0] wall= 807.905 p= 15110 | ifo=  0.000(sd=0.000 nx=0.000 tfo=0.000 cnt=0.000) snap= 0.321 srm= 17.689 sat=771.061(set=0.668 slv=769.238 max=2.2237 n=15110) cex=R/T/F=3462/0/2741 trsplit=0 pending=788 sim=17.607(rmp=1.147 run=16.459 n=1 d=2462) incr=loc/full/maxdirty/keys=0/0/0/0 chk= 0.452(d=2456) stat= 0.303 rest= 0.472
BMC : c =  205071  cl =  13007  lit =  277392  p =  9469  d =  2696  f =  1500  +  T =     0.43 sec
  [bmc-prof   1] wall= 426.979 p= 13665 | ifo=  7.081(sd=0.276 nx=0.000 tfo=6.226 cnt=0.579) snap= 0.353 srm= 17.458 sat=385.397(set=0.684 slv=383.677 max=1.8116 n=13665) cex=R/T/F=2696/0/1500 trsplit=0 pending=1484 sim=15.761(rmp=0.638 run=15.122 n=1 d=1044) incr=loc/full/maxdirty/keys=0/0/0/0 chk= 0.161(d=1430) stat= 0.336 rest= 0.432
BMC : c =  204271  cl =  12692  lit =  275454  p =  9682  d =  2198  f =  1143  +  T =     0.36 sec
  [bmc-prof   2] wall= 357.758 p= 13023 | ifo=  6.594(sd=0.250 nx=0.000 tfo=5.723 cnt=0.621) snap= 0.375 srm= 17.481 sat=316.613(set=0.759 slv=314.882 max=1.0570 n=13023) cex=R/T/F=2198/0/1143 trsplit=0 pending=633 sim=15.736(rmp=0.704 run=15.032 n=1 d=819) incr=loc/full/maxdirty/keys=0/0/0/0 chk= 0.199(d=1119) stat= 0.324 rest= 0.436
BMC : c =  203462  cl =  12438  lit =  273314  p =  9759  d =  2046  f =  1449  +  T =     0.39 sec
  [bmc-prof   3] wall= 393.084 p= 13254 | ifo=  6.056(sd=0.250 nx=0.000 tfo=5.192 cnt=0.615) snap= 0.412 srm= 18.533 sat=351.605(set=0.773 slv=349.750 max=1.0322 n=13254) cex=R/T/F=2046/0/1449 trsplit=0 pending=1059 sim=15.486(rmp=0.624 run=14.861 n=1 d=701) incr=loc/full/maxdirty/keys=0/0/0/0 chk= 0.221(d=1439) stat= 0.325 rest= 0.445
BMC : c =  202653  cl =  12218  lit =  271228  p = 10115  d =  1656  f =  1554  +  T =     0.44 sec
  [bmc-prof   4] wall= 442.711 p= 13325 | ifo=  6.014(sd=0.261 nx=0.000 tfo=5.133 cnt=0.621) snap= 0.366 srm= 20.271 sat=399.650(set=0.749 slv=397.838 max=1.3750 n=13325) cex=R/T/F=1656/0/1554 trsplit=0 pending=424 sim=15.411(rmp=0.642 run=14.768 n=1 d=551) incr=loc/full/maxdirty/keys=0/0/0/0 chk= 0.239(d=1535) stat= 0.323 rest= 0.437
BMC : c =  201710  cl =  12040  lit =  269066  p = 10362  d =  1418  f =  1658  +  T =     0.49 sec
  [bmc-prof   5] wall= 488.192 p= 13438 | ifo=  5.558(sd=0.250 nx=0.000 tfo=4.676 cnt=0.633) snap= 0.447 srm= 18.629 sat=446.420(set=0.965 slv=444.416 max=1.5306 n=13438) cex=R/T/F=1418/0/1658 trsplit=0 pending=313 sim=16.220(rmp=0.630 run=15.589 n=1 d=521) incr=loc/full/maxdirty/keys=0/0/0/0 chk= 0.182(d=1641) stat= 0.309 rest= 0.424
BMC : c =  200886  cl =  11873  lit =  267093  p = 10671  d =  1228  f =  1536  +  T =     0.39 sec
  [bmc-prof   6] wall= 390.849 p= 13435 | ifo=  6.046(sd=0.262 nx=0.000 tfo=5.170 cnt=0.614) snap= 0.441 srm= 18.298 sat=349.697(set=0.761 slv=347.960 max=1.8658 n=13435) cex=R/T/F=1228/0/1536 trsplit=0 pending=299 sim=15.379(rmp=0.624 run=14.754 n=1 d=444) incr=loc/full/maxdirty/keys=0/0/0/0 chk= 0.242(d=1529) stat= 0.323 rest= 0.423
BMC : c =  199968  cl =  11805  lit =  265135  p = 11045  d =  1027  f =  1524  +  T =     0.39 sec
  [bmc-prof   7] wall= 391.438 p= 13596 | ifo=  5.227(sd=0.249 nx=0.000 tfo=4.317 cnt=0.662) snap= 0.363 srm= 18.667 sat=350.234(set=0.811 slv=348.296 max=1.8113 n=13596) cex=R/T/F=1027/0/1524 trsplit=0 pending=218 sim=15.940(rmp=1.104 run=14.835 n=1 d=443) incr=loc/full/maxdirty/keys=0/0/0/0 chk= 0.235(d=1515) stat= 0.311 rest= 0.461
BMC : c =  199157  cl =  11685  lit =  263340  p = 11407  d =   956  f =  1418  +  T =     0.38 sec
  [bmc-prof   8] wall= 380.288 p= 13781 | ifo=  5.587(sd=0.244 nx=0.000 tfo=4.714 cnt=0.629) snap= 0.462 srm= 18.627 sat=337.493(set=0.816 slv=335.600 max=2.3724 n=13781) cex=R/T/F=956/0/1418 trsplit=0 pending=397 sim=17.153(rmp=0.631 run=16.521 n=1 d=380) incr=loc/full/maxdirty/keys=0/0/0/0 chk= 0.159(d=1415) stat= 0.379 rest= 0.427
BMC : c =  198296  cl =  11609  lit =  261449  p = 11715  d =   762  f =  1568  +  T =     0.41 sec
  [bmc-prof   9] wall= 413.026 p= 14045 | ifo=  4.937(sd=0.240 nx=0.000 tfo=4.036 cnt=0.661) snap= 0.378 srm= 17.970 sat=368.683(set=0.821 slv=366.863 max=5.7710 n=14045) cex=R/T/F=762/0/1568 trsplit=0 pending=213 sim=19.450(rmp=0.650 run=18.798 n=1 d=327) incr=loc/full/maxdirty/keys=0/0/0/0 chk= 0.347(d=1564) stat= 0.603 rest= 0.658
BMC : c =  197268  cl =  11577  lit =  259531  p = 12004  d =   576  f =  1542  +  T =     0.37 sec
  [bmc-prof  10] wall= 373.146 p= 14122 | ifo=  5.337(sd=0.423 nx=0.000 tfo=4.271 cnt=0.644) snap= 0.362 srm= 19.008 sat=333.078(set=0.824 slv=331.294 max=2.0954 n=14122) cex=R/T/F=576/0/1542 trsplit=0 pending=107 sim=14.453(rmp=0.643 run=13.810 n=1 d=379) incr=loc/full/maxdirty/keys=0/0/0/0 chk= 0.158(d=1539) stat= 0.331 rest= 0.419
BMC : c =  196159  cl =  11503  lit =  257340  p = 12316  d =   513  f =  1885  +  T =     0.46 sec
  [bmc-prof  11] wall= 457.148 p= 14714 | ifo=  4.732(sd=0.250 nx=0.000 tfo=3.839 cnt=0.643) snap= 0.380 srm= 20.374 sat=416.797(set=0.869 slv=414.905 max=1.8642 n=14714) cex=R/T/F=513/0/1885 trsplit=0 pending=128 sim=13.952(rmp=0.621 run=13.331 n=1 d=337) incr=loc/full/maxdirty/keys=0/0/0/0 chk= 0.167(d=1854) stat= 0.331 rest= 0.413
BMC : c =  195104  cl =  11377  lit =  255188  p = 12476  d =   425  f =  1858  +  T =     0.43 sec
  [bmc-prof  12] wall= 425.551 p= 14759 | ifo=  4.808(sd=0.285 nx=0.000 tfo=3.858 cnt=0.665) snap= 0.423 srm= 18.955 sat=385.091(set=0.811 slv=383.248 max=1.8599 n=14759) cex=R/T/F=425/0/1858 trsplit=0 pending=82 sim=15.180(rmp=0.644 run=14.535 n=1 d=302) incr=loc/full/maxdirty/keys=0/0/0/0 chk= 0.162(d=1850) stat= 0.403 rest= 0.529
BMC : c =  194044  cl =  11292  lit =  253136  p = 12685  d =   346  f =  1825  +  T =     0.42 sec
  [bmc-prof  13] wall= 420.764 p= 14856 | ifo=  5.563(sd=0.333 nx=0.000 tfo=4.593 cnt=0.637) snap= 0.384 srm= 19.404 sat=380.248(set=0.786 slv=378.460 max=1.8384 n=14856) cex=R/T/F=346/0/1825 trsplit=0 pending=76 sim=14.212(rmp=0.630 run=13.581 n=1 d=229) incr=loc/full/maxdirty/keys=0/0/0/0 chk= 0.178(d=1823) stat= 0.342 rest= 0.433
BMC : c =  193004  cl =  11204  lit =  251064  p = 12946  d =   305  f =  1864  +  T =     0.42 sec
  [bmc-prof  14] wall= 424.846 p= 15115 | ifo=  4.459(sd=0.248 nx=0.000 tfo=3.572 cnt=0.639) snap= 0.374 srm= 20.339 sat=384.717(set=0.821 slv=382.892 max=1.9615 n=15115) cex=R/T/F=305/0/1864 trsplit=0 pending=65 sim=14.038(rmp=0.634 run=13.403 n=1 d=209) incr=loc/full/maxdirty/keys=0/0/0/0 chk= 0.171(d=1863) stat= 0.328 rest= 0.420
BMC : c =  190511  cl =  11163  lit =  248788  p = 13069  d =   298  f =  1998  +  T =     0.44 sec
  [bmc-prof  15] wall= 436.594 p= 15365 | ifo=  4.379(sd=0.245 nx=0.000 tfo=3.495 cnt=0.640) snap= 0.374 srm= 20.825 sat=396.522(set=0.824 slv=394.708 max=1.4334 n=15365) cex=R/T/F=298/0/1998 trsplit=0 pending=48 sim=13.331(rmp=1.281 run=12.049 n=1 d=279) incr=loc/full/maxdirty/keys=0/0/0/0 chk= 0.173(d=1997) stat= 0.297 rest= 0.693
BMC : c =  188086  cl =  11123  lit =  246641  p = 13426  d =   395  f =  1850  +  T =     0.40 sec
  [bmc-prof  16] wall= 398.051 p= 15671 | ifo=  4.334(sd=0.268 nx=0.000 tfo=3.469 cnt=0.597) snap= 0.347 srm= 18.307 sat=360.097(set=0.727 slv=358.356 max=1.8938 n=15671) cex=R/T/F=395/0/1850 trsplit=0 pending=100 sim=14.120(rmp=0.587 run=13.533 n=1 d=298) incr=loc/full/maxdirty/keys=0/0/0/0 chk= 0.158(d=1849) stat= 0.295 rest= 0.393
BMC : c =  185593  cl =  11066  lit =  244705  p = 14358  d =   281  f =  1695  +  T =     0.36 sec
  [bmc-prof  17] wall= 362.012 p= 16334 | ifo=  4.119(sd=0.222 nx=0.000 tfo=3.294 cnt=0.603) snap= 0.344 srm= 17.998 sat=324.857(set=0.693 slv=323.189 max=1.1084 n=16334) cex=R/T/F=281/0/1695 trsplit=0 pending=56 sim=13.698(rmp=0.594 run=13.104 n=1 d=241) incr=loc/full/maxdirty/keys=0/0/0/0 chk= 0.158(d=1695) stat= 0.308 rest= 0.530
BMC : c =  183105  cl =  11009  lit =  242883  p = 16608  d =   160  f =  1653  +  T =     0.35 sec
  [bmc-prof  18] wall= 347.844 p= 18421 | ifo=  4.246(sd=0.236 nx=0.000 tfo=3.405 cnt=0.606) snap= 0.340 srm= 19.560 sat=309.275(set=0.823 slv=307.394 max=1.0972 n=18421) cex=R/T/F=160/0/1653 trsplit=0 pending=22 sim=13.196(rmp=0.584 run=12.611 n=1 d=170) incr=loc/full/maxdirty/keys=0/0/0/0 chk= 0.149(d=1652) stat= 0.509 rest= 0.569
BMC : c =  181659  cl =  10956  lit =  241112  p = 18758  d =   141  f =  1650  +  T =     0.36 sec
  [bmc-prof  19] wall= 362.429 p= 20549 | ifo=  4.163(sd=0.257 nx=0.000 tfo=3.308 cnt=0.598) snap= 0.339 srm= 19.789 sat=324.120(set=0.774 slv=322.199 max=1.9426 n=20549) cex=R/T/F=141/0/1650 trsplit=0 pending=18 sim=13.036(rmp=0.583 run=12.453 n=1 d=121) incr=loc/full/maxdirty/keys=0/0/0/0 chk= 0.142(d=1650) stat= 0.299 rest= 0.541
  [bmc-incr i=20 repr=2500 active=168096/241112 POs=16844]
BMC : c =  180632  cl =  10917  lit =  239371  p = 15105  d =    97  f =  1642  +  T =     0.34 sec
  [bmc-prof  20] wall= 335.619 p= 16844 | ifo=  3.704(sd=0.215 nx=0.000 tfo=2.887 cnt=0.603) snap= 0.332 srm= 18.245 sat=299.623(set=0.726 slv=297.946 max=3.6824 n=16844) cex=R/T/F=97/0/1642 trsplit=0 pending=3 sim=12.721(rmp=0.601 run=12.119 n=1 d=99) incr=loc/full/maxdirty/keys=0/0/0/0 chk= 0.133(d=1642) stat= 0.314 rest= 0.548
  [bmc-incr i=21 repr=1767 active=147877/239371 POs=11836]
BMC : c =  179319  cl =  10884  lit =  237656  p = 10119  d =    80  f =  1637  +  T =     0.32 sec
  [bmc-prof  21] wall= 323.161 p= 11836 | ifo=  3.590(sd=0.246 nx=0.000 tfo=2.733 cnt=0.612) snap= 0.347 srm= 18.029 sat=286.341(set=0.736 slv=284.814 max=2.1181 n=11836) cex=R/T/F=80/0/1637 trsplit=0 pending=7 sim=13.643(rmp=0.893 run=12.749 n=1 d=78) incr=loc/full/maxdirty/keys=0/0/0/0 chk= 0.120(d=1637) stat= 0.320 rest= 0.770
  [bmc-incr i=22 repr=2029 active=140989/237656 POs=10389]
BMC : c =  178236  cl =  10857  lit =  235960  p =  8666  d =    70  f =  1653  +  T =     0.46 sec
  [bmc-prof  22] wall= 465.115 p= 10389 | ifo=  3.405(sd=0.240 nx=0.000 tfo=2.542 cnt=0.624) snap= 0.361 srm= 16.952 sat=429.858(set=0.719 slv=428.469 max=3.7330 n=10389) cex=R/T/F=70/0/1653 trsplit=0 pending=32 sim=13.675(rmp=0.608 run=13.066 n=1 d=43) incr=loc/full/maxdirty/keys=0/0/0/0 chk= 0.120(d=1653) stat= 0.301 rest= 0.443
  [bmc-incr i=23 repr=1833 active=136827/235960 POs=10147]
BMC : c =  177211  cl =  10821  lit =  234202  p =  8403  d =    18  f =  1726  +  T =     0.36 sec
  [bmc-prof  23] wall= 357.953 p= 10147 | ifo=  3.132(sd=0.251 nx=0.000 tfo=2.248 cnt=0.633) snap= 0.346 srm= 16.024 sat=323.085(set=0.742 slv=321.713 max=2.7919 n=10147) cex=R/T/F=18/0/1726 trsplit=0 pending=0 sim=14.572(rmp=0.893 run=13.678 n=1 d=32) incr=loc/full/maxdirty/keys=0/0/0/0 chk= 0.106(d=1726) stat= 0.301 rest= 0.388
  [bmc-incr i=24 repr=1777 active=128729/234202 POs=9693]
BMC : c =  176112  cl =  10765  lit =  232461  p =  7953  d =     3  f =  1737  +  T =     0.36 sec
  [bmc-prof  24] wall= 364.004 p=  9693 | ifo=  3.055(sd=0.219 nx=0.000 tfo=2.207 cnt=0.629) snap= 0.362 srm= 15.316 sat=331.745(set=0.742 slv=330.365 max=3.8130 n=9693) cex=R/T/F=3/0/1737 trsplit=0 pending=0 sim=12.737(rmp=0.588 run=12.149 n=1 d=4) incr=loc/full/maxdirty/keys=0/0/0/0 chk= 0.098(d=1737) stat= 0.312 rest= 0.379
  [bmc-incr i=25 repr=1741 active=126235/232461 POs=9469]
BMC : c =  174872  cl =  10710  lit =  230612  p =  7620  d =     1  f =  1848  +  T =     0.35 sec
  [bmc-prof  25] wall= 353.647 p=  9469 | ifo=  3.101(sd=0.221 nx=0.000 tfo=2.259 cnt=0.621) snap= 0.347 srm= 15.421 sat=321.285(set=0.766 slv=319.945 max=1.8744 n=9469) cex=R/T/F=1/0/1848 trsplit=0 pending=0 sim=12.669(rmp=0.593 run=12.076 n=1 d=1) incr=loc/full/maxdirty/keys=0/0/0/0 chk= 0.096(d=1848) stat= 0.335 rest= 0.392
  [bmc-incr i=26 repr=1858 active=122437/230612 POs=9067]
BMC : c =  173617  cl =  10655  lit =  228750  p =  7205  d =     1  f =  1861  +  T =     0.39 sec
  [bmc-prof  26] wall= 386.834 p=  9067 | ifo=  3.254(sd=0.228 nx=0.000 tfo=2.379 cnt=0.648) snap= 0.345 srm= 16.395 sat=353.247(set=0.667 slv=351.990 max=1.9533 n=9067) cex=R/T/F=1/0/1861 trsplit=0 pending=0 sim=12.773(rmp=0.598 run=12.174 n=1 d=1) incr=loc/full/maxdirty/keys=0/0/0/0 chk= 0.095(d=1861) stat= 0.320 rest= 0.405
  [bmc-incr i=27 repr=1862 active=119815/228750 POs=8793]
BMC : c =  172332  cl =  10605  lit =  226882  p =  6925  d =     1  f =  1867  +  T =     0.37 sec
  [bmc-prof  27] wall= 365.713 p=  8793 | ifo=  3.239(sd=0.234 nx=0.000 tfo=2.372 cnt=0.632) snap= 0.359 srm= 15.884 sat=331.910(set=0.539 slv=330.742 max=2.0829 n=8793) cex=R/T/F=1/0/1867 trsplit=0 pending=0 sim=13.548(rmp=0.579 run=12.968 n=1 d=1) incr=loc/full/maxdirty/keys=0/0/0/0 chk= 0.083(d=1867) stat= 0.304 rest= 0.387
  [bmc-incr i=28 repr=1868 active=117418/226882 POs=8510]
BMC : c =  171105  cl =  10543  lit =  225141  p =  6769  d =     0  f =  1741  +  T =     0.34 sec
  [bmc-prof  28] wall= 344.644 p=  8510 | ifo=  2.962(sd=0.219 nx=0.000 tfo=2.123 cnt=0.619) snap= 0.333 srm= 15.641 sat=311.047(set=0.529 slv=309.969 max=1.8674 n=8510) cex=R/T/F=0/0/1741 trsplit=0 pending=0 sim=13.825(rmp=0.638 run=13.186 n=1 d=0) incr=loc/full/maxdirty/keys=0/0/0/0 chk= 0.078(d=1741) stat= 0.331 rest= 0.428
  [bmc-incr i=29 repr=1741 active=115100/225141 POs=8116]
BMC : c =  170080  cl =  10491  lit =  223677  p =  6652  d =     0  f =  1464  +  T =     0.27 sec
  [bmc-prof  29] wall= 274.945 p=  8116 | ifo=  3.340(sd=0.241 nx=0.000 tfo=2.446 cnt=0.652) snap= 0.344 srm= 16.605 sat=241.423(set=0.554 slv=240.389 max=1.8543 n=8116) cex=R/T/F=0/0/1464 trsplit=0 pending=0 sim=12.461(rmp=0.625 run=11.835 n=1 d=0) incr=loc/full/maxdirty/keys=0/0/0/0 chk= 0.062(d=1464) stat= 0.313 rest= 0.396
  [bmc-incr i=30 repr=1464 active=112454/223677 POs=7877]
BMC : c =  168927  cl =  10427  lit =  222108  p =  6308  d =     0  f =  1569  +  T =     0.29 sec
  [bmc-prof  30] wall= 288.463 p=  7877 | ifo=  3.103(sd=0.227 nx=0.000 tfo=2.226 cnt=0.650) snap= 0.371 srm= 15.770 sat=255.761(set=0.528 slv=254.764 max=1.9075 n=7877) cex=R/T/F=0/0/1569 trsplit=0 pending=0 sim=12.652(rmp=0.622 run=12.029 n=1 d=0) incr=loc/full/maxdirty/keys=0/0/0/0 chk= 0.059(d=1569) stat= 0.311 rest= 0.436
  [bmc-incr i=31 repr=1569 active=109850/222108 POs=8126]
BMC : c =  167402  cl =  10384  lit =  220192  p =  6210  d =     0  f =  1916  +  T =     0.30 sec
  [bmc-prof  31] wall= 301.700 p=  8126 | ifo=  3.032(sd=0.226 nx=0.000 tfo=2.159 cnt=0.647) snap= 0.336 srm= 15.331 sat=269.780(set=0.465 slv=268.809 max=1.8860 n=8126) cex=R/T/F=0/0/1916 trsplit=0 pending=0 sim=12.469(rmp=0.608 run=11.861 n=1 d=0) incr=loc/full/maxdirty/keys=0/0/0/0 chk= 0.054(d=1916) stat= 0.313 rest= 0.384
  [bmc-incr i=32 repr=1916 active=85349/220192 POs=6395]
BMC : c =  165944  cl =  10358  lit =  218383  p =  4586  d =     0  f =  1809  +  T =     0.28 sec
  [bmc-prof  32] wall= 281.517 p=  6395 | ifo=  2.470(sd=0.227 nx=0.000 tfo=1.591 cnt=0.653) snap= 0.351 srm= 14.385 sat=251.186(set=0.404 slv=250.377 max=1.8909 n=6395) cex=R/T/F=0/0/1809 trsplit=0 pending=0 sim=12.357(rmp=0.611 run=11.745 n=1 d=0) incr=loc/full/maxdirty/keys=0/0/0/0 chk= 0.049(d=1809) stat= 0.323 rest= 0.396
  [bmc-incr i=33 repr=1809 active=75954/218383 POs=6247]
BMC : c =  164061  cl =  10332  lit =  216160  p =  4024  d =     0  f =  2223  +  T =     0.32 sec
  [bmc-prof  33] wall= 321.475 p=  6247 | ifo=  2.568(sd=0.269 nx=0.000 tfo=1.640 cnt=0.659) snap= 0.433 srm= 14.634 sat=290.772(set=0.547 slv=289.836 max=0.8805 n=6247) cex=R/T/F=0/0/2223 trsplit=0 pending=0 sim=12.309(rmp=0.575 run=11.733 n=1 d=0) incr=loc/full/maxdirty/keys=0/0/0/0 chk= 0.049(d=2223) stat= 0.319 rest= 0.390
  [bmc-incr i=34 repr=2223 active=73602/216160 POs=6152]
BMC : c =  162223  cl =  10311  lit =  214026  p =  4018  d =     0  f =  2134  +  T =     0.33 sec
  [bmc-prof  34] wall= 327.231 p=  6152 | ifo=  2.446(sd=0.267 nx=0.000 tfo=1.536 cnt=0.643) snap= 0.391 srm= 14.057 sat=297.102(set=0.409 slv=296.303 max=0.8292 n=6152) cex=R/T/F=0/0/2134 trsplit=0 pending=0 sim=12.500(rmp=0.595 run=11.904 n=1 d=0) incr=loc/full/maxdirty/keys=0/0/0/0 chk= 0.040(d=2134) stat= 0.304 rest= 0.393
  [bmc-incr i=35 repr=2134 active=55323/214026 POs=5189]
BMC : c =  160867  cl =  10280  lit =  212397  p =  3560  d =     0  f =  1629  +  T =     0.25 sec
  [bmc-prof  35] wall= 247.188 p=  5189 | ifo=  2.094(sd=0.220 nx=0.000 tfo=1.214 cnt=0.660) snap= 0.339 srm= 13.757 sat=215.777(set=0.396 slv=215.069 max=0.9399 n=5189) cex=R/T/F=0/0/1629 trsplit=0 pending=0 sim=14.309(rmp=1.107 run=13.201 n=1 d=0) incr=loc/full/maxdirty/keys=0/0/0/0 chk= 0.056(d=1629) stat= 0.303 rest= 0.552
  [bmc-incr i=36 repr=1629 active=52996/212397 POs=5473]
BMC : c =  159139  cl =  10257  lit =  210409  p =  3485  d =     0  f =  1988  +  T =     0.33 sec
  [bmc-prof  36] wall= 330.137 p=  5473 | ifo=  2.015(sd=0.222 nx=0.000 tfo=1.160 cnt=0.633) snap= 0.334 srm= 13.747 sat=300.790(set=0.425 slv=299.995 max=0.9234 n=5473) cex=R/T/F=0/0/1988 trsplit=0 pending=0 sim=12.453(rmp=0.588 run=11.864 n=1 d=0) incr=loc/full/maxdirty/keys=0/0/0/0 chk= 0.058(d=1988) stat= 0.308 rest= 0.430
  [bmc-incr i=37 repr=1988 active=48522/210409 POs=5133]
BMC : c =  157562  cl =  10229  lit =  208590  p =  3314  d =     0  f =  1819  +  T =     0.32 sec
  [bmc-prof  37] wall= 316.978 p=  5133 | ifo=  2.140(sd=0.263 nx=0.000 tfo=1.239 cnt=0.638) snap= 0.355 srm= 14.131 sat=287.255(set=0.402 slv=286.509 max=1.0245 n=5133) cex=R/T/F=0/0/1819 trsplit=0 pending=0 sim=12.251(rmp=0.588 run=11.663 n=1 d=0) incr=loc/full/maxdirty/keys=0/0/0/0 chk= 0.135(d=1819) stat= 0.314 rest= 0.399
  [bmc-incr i=38 repr=1819 active=46484/208590 POs=5254]
BMC : c =  155923  cl =  10211  lit =  206709  p =  3373  d =     0  f =  1881  +  T =     0.35 sec
  [bmc-prof  38] wall= 354.556 p=  5254 | ifo=  1.995(sd=0.225 nx=0.000 tfo=1.104 cnt=0.666) snap= 0.349 srm= 14.468 sat=324.425(set=0.403 slv=323.696 max=0.9131 n=5254) cex=R/T/F=0/0/1881 trsplit=0 pending=0 sim=12.455(rmp=0.608 run=11.846 n=1 d=0) incr=loc/full/maxdirty/keys=0/0/0/0 chk= 0.134(d=1881) stat= 0.329 rest= 0.402
  [bmc-incr i=39 repr=1881 active=37026/206709 POs=4231]
BMC : c =  154745  cl =  10183  lit =  205285  p =  2807  d =     0  f =  1424  +  T =     0.28 sec
  [bmc-prof  39] wall= 285.301 p=  4231 | ifo=  1.890(sd=0.228 nx=0.000 tfo=0.979 cnt=0.683) snap= 0.342 srm= 14.040 sat=255.733(set=0.419 slv=255.047 max=1.1404 n=4231) cex=R/T/F=0/0/1424 trsplit=0 pending=0 sim=12.438(rmp=0.611 run=11.827 n=1 d=0) incr=loc/full/maxdirty/keys=0/0/0/0 chk= 0.143(d=1424) stat= 0.315 rest= 0.398
  [bmc-incr i=40 repr=1424 active=33347/205285 POs=4035]
BMC : c =  153593  cl =  10157  lit =  203869  p =  2619  d =     0  f =  1416  +  T =     0.28 sec
  [bmc-prof  40] wall= 283.977 p=  4035 | ifo=  1.770(sd=0.227 nx=0.000 tfo=0.879 cnt=0.664) snap= 0.343 srm= 14.121 sat=254.594(set=0.381 slv=253.953 max=1.3436 n=4035) cex=R/T/F=0/0/1416 trsplit=0 pending=0 sim=12.214(rmp=0.580 run=11.633 n=1 d=0) incr=loc/full/maxdirty/keys=0/0/0/0 chk= 0.239(d=1416) stat= 0.312 rest= 0.384
  [bmc-incr i=41 repr=1416 active=29200/203869 POs=3728]
BMC : c =  152327  cl =  10134  lit =  202254  p =  2113  d =     0  f =  1615  +  T =     0.32 sec
  [bmc-prof  41] wall= 320.504 p=  3728 | ifo=  1.700(sd=0.226 nx=0.000 tfo=0.816 cnt=0.658) snap= 0.339 srm= 13.832 sat=291.092(set=0.394 slv=290.455 max=1.4997 n=3728) cex=R/T/F=0/0/1615 trsplit=0 pending=0 sim=12.323(rmp=0.585 run=11.737 n=1 d=0) incr=loc/full/maxdirty/keys=0/0/0/0 chk= 0.447(d=1615) stat= 0.376 rest= 0.395
  [bmc-incr i=42 repr=1615 active=27232/202254 POs=3402]
BMC : c =  151317  cl =  10116  lit =  200898  p =  2046  d =     0  f =  1356  +  T =     0.27 sec
  [bmc-prof  42] wall= 269.662 p=  3402 | ifo=  2.644(sd=0.443 nx=0.000 tfo=1.202 cnt=0.999) snap= 0.334 srm= 13.925 sat=239.347(set=0.388 slv=238.727 max=1.5034 n=3402) cex=R/T/F=0/0/1356 trsplit=0 pending=0 sim=12.321(rmp=0.609 run=11.711 n=1 d=0) incr=loc/full/maxdirty/keys=0/0/0/0 chk= 0.399(d=1356) stat= 0.307 rest= 0.384
  [bmc-incr i=43 repr=1356 active=25067/200898 POs=3294]
BMC : c =  150465  cl =  10101  lit =  199631  p =  2027  d =     0  f =  1267  +  T =     0.26 sec
  [bmc-prof  43] wall= 264.775 p=  3294 | ifo=  1.646(sd=0.217 nx=0.000 tfo=0.766 cnt=0.663) snap= 0.412 srm= 18.153 sat=230.732(set=0.467 slv=230.027 max=1.4720 n=3294) cex=R/T/F=0/0/1267 trsplit=0 pending=0 sim=12.355(rmp=0.589 run=11.765 n=1 d=0) incr=loc/full/maxdirty/keys=0/0/0/0 chk= 0.749(d=1267) stat= 0.315 rest= 0.412
  [bmc-incr i=44 repr=1267 active=23476/199631 POs=3123]
BMC : c =  149596  cl =  10081  lit =  198371  p =  1863  d =     0  f =  1260  +  T =     0.24 sec
  [bmc-prof  44] wall= 244.442 p=  3123 | ifo=  1.650(sd=0.246 nx=0.000 tfo=0.741 cnt=0.663) snap= 0.350 srm= 14.294 sat=212.303(set=0.396 slv=211.699 max=1.6300 n=3123) cex=R/T/F=0/0/1260 trsplit=0 pending=0 sim=14.342(rmp=2.356 run=11.984 n=1 d=0) incr=loc/full/maxdirty/keys=0/0/0/0 chk= 0.508(d=1260) stat= 0.299 rest= 0.696
  [bmc-incr i=45 repr=1260 active=21775/198371 POs=2983]
BMC : c =  148696  cl =  10066  lit =  197134  p =  1746  d =     0  f =  1237  +  T =     0.26 sec
  [bmc-prof  45] wall= 258.249 p=  2983 | ifo=  1.548(sd=0.226 nx=0.000 tfo=0.693 cnt=0.628) snap= 0.347 srm= 14.027 sat=229.305(set=0.490 slv=228.608 max=1.5640 n=2983) cex=R/T/F=0/0/1237 trsplit=0 pending=0 sim=11.938(rmp=0.573 run=11.364 n=1 d=0) incr=loc/full/maxdirty/keys=0/0/0/0 chk= 0.368(d=1237) stat= 0.331 rest= 0.385
  [bmc-incr i=46 repr=1237 active=19978/197134 POs=2558]
BMC : c =  147989  cl =  10052  lit =  196163  p =  1587  d =     0  f =   971  +  T =     0.23 sec
  [bmc-prof  46] wall= 231.394 p=  2558 | ifo=  1.669(sd=0.270 nx=0.000 tfo=0.753 cnt=0.646) snap= 0.405 srm= 14.081 sat=202.355(set=0.416 slv=201.775 max=3.1900 n=2558) cex=R/T/F=0/0/971 trsplit=0 pending=0 sim=11.962(rmp=0.583 run=11.378 n=1 d=0) incr=loc/full/maxdirty/keys=0/0/0/0 chk= 0.216(d=971) stat= 0.304 rest= 0.401
  [bmc-incr i=47 repr=971 active=18580/196163 POs=2253]
BMC : c =  147276  cl =  10037  lit =  195252  p =  1342  d =     0  f =   911  +  T =     0.20 sec
  [bmc-prof  47] wall= 204.822 p=  2253 | ifo=  1.508(sd=0.213 nx=0.000 tfo=0.669 cnt=0.626) snap= 0.399 srm= 17.103 sat=173.113(set=0.460 slv=172.506 max=1.7370 n=2253) cex=R/T/F=0/0/911 trsplit=0 pending=0 sim=11.893(rmp=0.583 run=11.309 n=1 d=0) incr=loc/full/maxdirty/keys=0/0/0/0 chk= 0.122(d=911) stat= 0.301 rest= 0.384
  [bmc-incr i=48 repr=911 active=17168/195252 POs=1899]
BMC : c =  146618  cl =  10022  lit =  194503  p =  1150  d =     0  f =   749  +  T =     0.18 sec
  [bmc-prof  48] wall= 182.734 p=  1899 | ifo=  1.490(sd=0.220 nx=0.000 tfo=0.619 cnt=0.652) snap= 0.333 srm= 13.640 sat=154.665(set=0.391 slv=154.153 max=1.7264 n=1899) cex=R/T/F=0/0/749 trsplit=0 pending=0 sim=11.932(rmp=0.583 run=11.348 n=1 d=0) incr=loc/full/maxdirty/keys=0/0/0/0 chk= 0.024(d=749) stat= 0.308 rest= 0.343
  [bmc-incr i=49 repr=749 active=15763/194503 POs=1696]
BMC : c =  146005  cl =  10008  lit =  193813  p =  1006  d =     0  f =   690  +  T =     0.18 sec
  [bmc-prof  49] wall= 182.773 p=  1696 | ifo=  1.436(sd=0.215 nx=0.000 tfo=0.576 cnt=0.645) snap= 1.329 srm= 21.527 sat=145.746(set=0.470 slv=145.160 max=1.6682 n=1696) cex=R/T/F=0/0/690 trsplit=0 pending=0 sim=12.006(rmp=0.600 run=11.406 n=1 d=0) incr=loc/full/maxdirty/keys=0/0/0/0 chk= 0.016(d=690) stat= 0.301 rest= 0.411
  [bmc-incr i=50 repr=690 active=14967/193813 POs=1570]
BMC : c =  145411  cl =   9996  lit =  193167  p =   924  d =     0  f =   646  +  T =     0.16 sec
  [bmc-prof  50] wall= 158.558 p=  1570 | ifo=  1.508(sd=0.277 nx=0.000 tfo=0.593 cnt=0.638) snap= 0.469 srm= 13.851 sat=129.892(set=0.566 slv=129.221 max=0.9842 n=1570) cex=R/T/F=0/0/646 trsplit=0 pending=0 sim=12.064(rmp=0.591 run=11.472 n=1 d=0) incr=loc/full/maxdirty/keys=0/0/0/0 chk= 0.017(d=646) stat= 0.315 rest= 0.443
  [bmc-incr i=51 repr=646 active=13853/193167 POs=1389]
BMC : c =  144839  cl =   9989  lit =  192546  p =   768  d =     0  f =   621  +  T =     0.16 sec
  [bmc-prof  51] wall= 160.845 p=  1389 | ifo=  1.580(sd=0.274 nx=0.000 tfo=0.622 cnt=0.685) snap= 0.348 srm= 20.268 sat=126.058(set=0.382 slv=125.581 max=0.9222 n=1389) cex=R/T/F=0/0/621 trsplit=0 pending=0 sim=11.876(rmp=0.540 run=11.335 n=1 d=0) incr=loc/full/maxdirty/keys=0/0/0/0 chk= 0.018(d=621) stat= 0.299 rest= 0.399
  [bmc-incr i=52 repr=621 active=13123/192546 POs=1304]
BMC : c =  144358  cl =   9987  lit =  192022  p =   780  d =     0  f =   524  +  T =     0.14 sec
  [bmc-prof  52] wall= 140.648 p=  1304 | ifo=  1.418(sd=0.211 nx=0.000 tfo=0.554 cnt=0.653) snap= 0.331 srm= 14.158 sat=111.464(set=0.411 slv=110.959 max=0.9243 n=1304) cex=R/T/F=0/0/524 trsplit=0 pending=0 sim=12.281(rmp=0.748 run=11.532 n=1 d=0) incr=loc/full/maxdirty/keys=0/0/0/0 chk= 0.016(d=524) stat= 0.298 rest= 0.680
  [bmc-incr i=53 repr=524 active=12236/192022 POs=1172]
BMC : c =  143958  cl =   9984  lit =  191585  p =   735  d =     0  f =   437  +  T =     0.13 sec
  [bmc-prof  53] wall= 126.176 p=  1172 | ifo=  2.043(sd=0.671 nx=0.000 tfo=0.668 cnt=0.704) snap= 0.338 srm= 16.891 sat= 93.724(set=0.377 slv=93.267 max=1.2721 n=1172) cex=R/T/F=0/0/437 trsplit=0 pending=0 sim=12.487(rmp=0.576 run=11.909 n=1 d=0) incr=loc/full/maxdirty/keys=0/0/0/0 chk= 0.009(d=437) stat= 0.314 rest= 0.369
  [bmc-incr i=54 repr=437 active=11727/191585 POs=1132]
BMC : c =  143613  cl =   9982  lit =  191205  p =   752  d =     0  f =   380  +  T =     0.13 sec
  [bmc-prof  54] wall= 129.633 p=  1132 | ifo=  1.487(sd=0.256 nx=0.000 tfo=0.585 cnt=0.647) snap= 0.341 srm= 21.950 sat= 93.595(set=0.383 slv=93.131 max=2.2277 n=1132) cex=R/T/F=0/0/380 trsplit=0 pending=0 sim=11.620(rmp=0.548 run=11.071 n=1 d=0) incr=loc/full/maxdirty/keys=0/0/0/0 chk= 0.006(d=380) stat= 0.286 rest= 0.347
  [bmc-incr i=55 repr=380 active=9982/191205 POs=1035]
BMC : c =  143298  cl =   9978  lit =  190866  p =   696  d =     0  f =   339  +  T =     0.10 sec
  [bmc-prof  55] wall= 103.975 p=  1035 | ifo=  1.313(sd=0.214 nx=0.000 tfo=0.470 cnt=0.628) snap= 0.328 srm= 13.531 sat= 76.111(set=0.363 slv=75.683 max=1.5638 n=1035) cex=R/T/F=0/0/339 trsplit=0 pending=0 sim=12.064(rmp=0.524 run=11.539 n=1 d=0) incr=loc/full/maxdirty/keys=0/0/0/0 chk= 0.005(d=339) stat= 0.286 rest= 0.338
  [bmc-incr i=56 repr=339 active=9575/190866 POs=1037]
BMC : c =  142997  cl =   9977  lit =  190550  p =   721  d =     0  f =   316  +  T =     0.10 sec
  [bmc-prof  56] wall=  98.954 p=  1037 | ifo=  1.246(sd=0.209 nx=0.000 tfo=0.424 cnt=0.613) snap= 0.333 srm= 13.769 sat= 70.853(set=0.355 slv=70.426 max=1.5383 n=1037) cex=R/T/F=0/0/316 trsplit=0 pending=0 sim=11.926(rmp=0.590 run=11.335 n=1 d=0) incr=loc/full/maxdirty/keys=0/0/0/0 chk= 0.005(d=316) stat= 0.307 rest= 0.515
  [bmc-incr i=57 repr=316 active=9035/190550 POs=932]
BMC : c =  142707  cl =   9975  lit =  190242  p =   624  d =     0  f =   308  +  T =     0.09 sec
  [bmc-prof  57] wall=  93.798 p=   932 | ifo=  1.408(sd=0.257 nx=0.000 tfo=0.487 cnt=0.664) snap= 0.349 srm= 14.543 sat= 64.773(set=0.363 slv=64.340 max=1.0307 n=932) cex=R/T/F=0/0/308 trsplit=0 pending=0 sim=11.961(rmp=0.566 run=11.394 n=1 d=0) incr=loc/full/maxdirty/keys=0/0/0/0 chk= 0.005(d=308) stat= 0.312 rest= 0.447
  [bmc-incr i=58 repr=308 active=8532/190242 POs=837]
BMC : c =  142442  cl =   9974  lit =  189961  p =   556  d =     0  f =   281  +  T =     0.09 sec
  [bmc-prof  58] wall=  87.521 p=   837 | ifo=  1.421(sd=0.261 nx=0.000 tfo=0.495 cnt=0.665) snap= 0.333 srm= 13.998 sat= 59.068(set=0.354 slv=58.658 max=1.7667 n=837) cex=R/T/F=0/0/281 trsplit=0 pending=0 sim=11.994(rmp=0.565 run=11.428 n=1 d=0) incr=loc/full/maxdirty/keys=0/0/0/0 chk= 0.004(d=281) stat= 0.338 rest= 0.365
  [bmc-incr i=59 repr=281 active=7913/189961 POs=801]
BMC : c =  142189  cl =   9973  lit =  189694  p =   534  d =     0  f =   267  +  T =     0.08 sec
  [bmc-prof  59] wall=  84.859 p=   801 | ifo=  1.263(sd=0.215 nx=0.000 tfo=0.404 cnt=0.643) snap= 0.340 srm= 14.038 sat= 56.543(set=0.385 slv=56.106 max=1.8037 n=801) cex=R/T/F=0/0/267 trsplit=0 pending=0 sim=12.004(rmp=0.571 run=11.432 n=1 d=0) incr=loc/full/maxdirty/keys=0/0/0/0 chk= 0.003(d=267) stat= 0.304 rest= 0.363
  [bmc-incr i=60 repr=267 active=7381/189694 POs=818]
BMC : c =  141936  cl =   9972  lit =  189428  p =   552  d =     0  f =   266  +  T =     0.08 sec
  [bmc-prof  60] wall=  84.837 p=   818 | ifo=  1.235(sd=0.212 nx=0.000 tfo=0.391 cnt=0.632) snap= 0.345 srm= 13.749 sat= 56.938(set=0.349 slv=56.537 max=0.9894 n=818) cex=R/T/F=0/0/266 trsplit=0 pending=0 sim=11.943(rmp=0.569 run=11.374 n=1 d=0) incr=loc/full/maxdirty/keys=0/0/0/0 chk= 0.003(d=266) stat= 0.286 rest= 0.338
  [bmc-incr i=61 repr=266 active=6896/189428 POs=705]
BMC : c =  141696  cl =   9971  lit =  189173  p =   450  d =     0  f =   255  +  T =     0.09 sec
  [bmc-prof  61] wall=  88.869 p=   705 | ifo=  1.179(sd=0.211 nx=0.000 tfo=0.355 cnt=0.613) snap= 0.342 srm= 13.727 sat= 60.898(set=0.355 slv=60.498 max=0.9854 n=705) cex=R/T/F=0/0/255 trsplit=0 pending=0 sim=12.053(rmp=0.531 run=11.522 n=1 d=0) incr=loc/full/maxdirty/keys=0/0/0/0 chk= 0.003(d=255) stat= 0.316 rest= 0.348
  [bmc-incr i=62 repr=255 active=6574/189173 POs=689]
BMC : c =  141477  cl =   9969  lit =  188940  p =   456  d =     0  f =   233  +  T =     0.08 sec
  [bmc-prof  62] wall=  83.013 p=   689 | ifo=  1.255(sd=0.214 nx=0.000 tfo=0.386 cnt=0.655) snap= 0.337 srm= 16.738 sat= 52.021(set=0.340 slv=51.634 max=1.0526 n=689) cex=R/T/F=0/0/233 trsplit=0 pending=0 sim=12.010(rmp=0.564 run=11.446 n=1 d=0) incr=loc/full/maxdirty/keys=0/0/0/0 chk= 0.003(d=233) stat= 0.287 rest= 0.362
  [bmc-incr i=63 repr=233 active=6181/188940 POs=618]
BMC : c =  141286  cl =   9967  lit =  188738  p =   416  d =     0  f =   202  +  T =     0.07 sec
  [bmc-prof  63] wall=  69.567 p=   618 | ifo=  1.165(sd=0.205 nx=0.000 tfo=0.338 cnt=0.622) snap= 0.329 srm= 13.966 sat= 41.467(set=0.317 slv=41.108 max=0.9805 n=618) cex=R/T/F=0/0/202 trsplit=0 pending=0 sim=11.970(rmp=0.568 run=11.401 n=1 d=0) incr=loc/full/maxdirty/keys=0/0/0/0 chk= 0.003(d=202) stat= 0.296 rest= 0.371
  [bmc-incr i=64 repr=202 active=5651/188738 POs=599]
BMC : c =  141087  cl =   9965  lit =  188529  p =   390  d =     0  f =   209  +  T =     0.08 sec
  [bmc-prof  64] wall=  75.770 p=   599 | ifo=  1.203(sd=0.211 nx=0.000 tfo=0.336 cnt=0.656) snap= 0.420 srm= 20.468 sat= 41.066(set=0.350 slv=40.674 max=0.9156 n=599) cex=R/T/F=0/0/209 trsplit=0 pending=0 sim=11.963(rmp=0.542 run=11.420 n=1 d=0) incr=loc/full/maxdirty/keys=0/0/0/0 chk= 0.002(d=209) stat= 0.291 rest= 0.357
  [bmc-incr i=65 repr=209 active=5307/188529 POs=565]
BMC : c =  140907  cl =   9963  lit =  188340  p =   376  d =     0  f =   189  +  T =     0.07 sec
  [bmc-prof  65] wall=  70.190 p=   565 | ifo=  1.140(sd=0.208 nx=0.000 tfo=0.318 cnt=0.613) snap= 0.334 srm= 13.451 sat= 43.003(set=0.304 slv=42.645 max=1.0101 n=565) cex=R/T/F=0/0/189 trsplit=0 pending=0 sim=11.606(rmp=0.544 run=11.061 n=1 d=0) incr=loc/full/maxdirty/keys=0/0/0/0 chk= 0.002(d=189) stat= 0.293 rest= 0.361
  [bmc-incr i=66 repr=189 active=5067/188340 POs=520]
BMC : c =  140743  cl =   9961  lit =  188168  p =   348  d =     0  f =   172  +  T =     0.06 sec
  [bmc-prof  66] wall=  62.960 p=   520 | ifo=  1.127(sd=0.204 nx=0.000 tfo=0.298 cnt=0.625) snap= 0.336 srm= 13.446 sat= 35.467(set=0.309 slv=35.123 max=0.9602 n=520) cex=R/T/F=0/0/172 trsplit=0 pending=0 sim=11.943(rmp=0.503 run=11.439 n=1 d=0) incr=loc/full/maxdirty/keys=0/0/0/0 chk= 0.002(d=172) stat= 0.294 rest= 0.347
  [bmc-incr i=67 repr=172 active=4763/188168 POs=466]
BMC : c =  140600  cl =   9960  lit =  188018  p =   316  d =     0  f =   150  +  T =     0.06 sec
  [bmc-prof  67] wall=  57.462 p=   466 | ifo=  1.191(sd=0.242 nx=0.000 tfo=0.296 cnt=0.653) snap= 0.354 srm= 13.177 sat= 30.304(set=0.292 slv=29.981 max=0.9804 n=466) cex=R/T/F=0/0/150 trsplit=0 pending=0 sim=11.782(rmp=0.499 run=11.282 n=1 d=0) incr=loc/full/maxdirty/keys=0/0/0/0 chk= 0.002(d=150) stat= 0.311 rest= 0.341
  [bmc-incr i=68 repr=150 active=4557/188018 POs=439]
BMC : c =  140484  cl =   9959  lit =  187897  p =   318  d =     0  f =   121  +  T =     0.06 sec
  [bmc-prof  68] wall=  56.191 p=   439 | ifo=  1.119(sd=0.203 nx=0.000 tfo=0.285 cnt=0.631) snap= 0.330 srm= 13.197 sat= 29.097(set=0.309 slv=28.753 max=1.0465 n=439) cex=R/T/F=0/0/121 trsplit=0 pending=0 sim=11.821(rmp=0.520 run=11.301 n=1 d=0) incr=loc/full/maxdirty/keys=0/0/0/0 chk= 0.001(d=121) stat= 0.283 rest= 0.342
  [bmc-incr i=69 repr=121 active=3833/187897 POs=342]
BMC : c =  140397  cl =   9957  lit =  187803  p =   248  d =     0  f =    94  +  T =     0.04 sec
  [bmc-prof  69] wall=  45.075 p=   342 | ifo=  1.054(sd=0.208 nx=0.000 tfo=0.235 cnt=0.611) snap= 0.321 srm= 13.089 sat= 17.918(set=0.284 slv=17.612 max=0.8711 n=342) cex=R/T/F=0/0/94 trsplit=0 pending=0 sim=12.054(rmp=0.517 run=11.536 n=1 d=0) incr=loc/full/maxdirty/keys=0/0/0/0 chk= 0.002(d=94) stat= 0.289 rest= 0.349
  [bmc-incr i=70 repr=94 active=3655/187803 POs=319]
BMC : c =  140309  cl =   9955  lit =  187705  p =   221  d =     0  f =    98  +  T =     0.05 sec
  [bmc-prof  70] wall=  45.606 p=   319 | ifo=  1.048(sd=0.202 nx=0.000 tfo=0.235 cnt=0.611) snap= 0.351 srm= 13.560 sat= 18.004(set=0.279 slv=17.703 max=0.8748 n=319) cex=R/T/F=0/0/98 trsplit=0 pending=0 sim=11.978(rmp=0.546 run=11.431 n=1 d=0) incr=loc/full/maxdirty/keys=0/0/0/0 chk= 0.002(d=98) stat= 0.308 rest= 0.354
  [bmc-incr i=71 repr=98 active=3376/187705 POs=290]
BMC : c =  140222  cl =   9954  lit =  187609  p =   194  d =     0  f =    96  +  T =     0.05 sec
  [bmc-prof  71] wall=  45.507 p=   290 | ifo=  1.075(sd=0.212 nx=0.000 tfo=0.231 cnt=0.632) snap= 0.328 srm= 13.701 sat= 17.871(set=0.259 slv=17.591 max=0.8863 n=290) cex=R/T/F=0/0/96 trsplit=0 pending=0 sim=11.893(rmp=0.527 run=11.366 n=1 d=0) incr=loc/full/maxdirty/keys=0/0/0/0 chk= 0.002(d=96) stat= 0.295 rest= 0.342
  [bmc-incr i=72 repr=96 active=3280/187609 POs=288]
BMC : c =  140138  cl =   9952  lit =  187519  p =   198  d =     0  f =    90  +  T =     0.05 sec
  [bmc-prof  72] wall=  45.725 p=   288 | ifo=  1.071(sd=0.207 nx=0.000 tfo=0.232 cnt=0.632) snap= 0.326 srm= 13.125 sat= 18.955(set=0.262 slv=18.670 max=0.9098 n=288) cex=R/T/F=0/0/90 trsplit=0 pending=0 sim=11.595(rmp=0.534 run=11.061 n=1 d=0) incr=loc/full/maxdirty/keys=0/0/0/0 chk= 0.002(d=90) stat= 0.296 rest= 0.355
  [bmc-incr i=73 repr=90 active=3093/187519 POs=236]
BMC : c =  140061  cl =   9950  lit =  187436  p =   153  d =     0  f =    83  +  T =     0.04 sec
  [bmc-prof  73] wall=  43.100 p=   236 | ifo=  1.108(sd=0.216 nx=0.000 tfo=0.231 cnt=0.661) snap= 0.328 srm= 13.278 sat= 15.708(set=0.260 slv=15.431 max=0.8987 n=236) cex=R/T/F=0/0/83 trsplit=0 pending=0 sim=12.021(rmp=0.507 run=11.514 n=1 d=0) incr=loc/full/maxdirty/keys=0/0/0/0 chk= 0.002(d=83) stat= 0.301 rest= 0.353
  [bmc-incr i=74 repr=83 active=2924/187436 POs=223]
BMC : c =  139993  cl =   9950  lit =  187364  p =   151  d =     0  f =    72  +  T =     0.04 sec
  [bmc-prof  74] wall=  42.921 p=   223 | ifo=  1.122(sd=0.231 nx=0.000 tfo=0.245 cnt=0.647) snap= 0.355 srm= 14.322 sat= 14.496(set=0.243 slv=14.237 max=0.8839 n=223) cex=R/T/F=0/0/72 trsplit=0 pending=0 sim=11.968(rmp=0.534 run=11.434 n=1 d=0) incr=loc/full/maxdirty/keys=0/0/0/0 chk= 0.001(d=72) stat= 0.304 rest= 0.353
  [bmc-incr i=75 repr=72 active=2787/187364 POs=203]
BMC : c =  139942  cl =   9950  lit =  187309  p =   148  d =     0  f =    55  +  T =     0.04 sec
  [bmc-prof  75] wall=  39.194 p=   203 | ifo=  1.049(sd=0.207 nx=0.000 tfo=0.203 cnt=0.638) snap= 0.346 srm= 13.095 sat= 12.033(set=0.250 slv=11.767 max=0.9060 n=203) cex=R/T/F=0/0/55 trsplit=0 pending=0 sim=12.003(rmp=0.555 run=11.447 n=1 d=0) incr=loc/full/maxdirty/keys=0/0/0/0 chk= 0.001(d=55) stat= 0.303 rest= 0.363
  [bmc-incr i=76 repr=55 active=2728/187309 POs=200]
BMC : c =  139898  cl =   9950  lit =  187261  p =   152  d =     0  f =    48  +  T =     0.04 sec
  [bmc-prof  76] wall=  40.213 p=   200 | ifo=  1.089(sd=0.243 nx=0.000 tfo=0.203 cnt=0.643) snap= 0.448 srm= 13.506 sat= 12.936(set=0.274 slv=12.641 max=0.9211 n=200) cex=R/T/F=0/0/48 trsplit=0 pending=0 sim=11.582(rmp=0.489 run=11.092 n=1 d=0) incr=loc/full/maxdirty/keys=0/0/0/0 chk= 0.001(d=48) stat= 0.293 rest= 0.359
  [bmc-incr i=77 repr=48 active=2641/187261 POs=198]
BMC : c =  139857  cl =   9950  lit =  187216  p =   153  d =     0  f =    45  +  T =     0.04 sec
  [bmc-prof  77] wall=  39.085 p=   198 | ifo=  1.039(sd=0.206 nx=0.000 tfo=0.191 cnt=0.642) snap= 0.353 srm= 12.987 sat= 12.563(set=0.310 slv=12.240 max=2.3612 n=198) cex=R/T/F=0/0/45 trsplit=0 pending=0 sim=11.478(rmp=0.506 run=10.971 n=1 d=0) incr=loc/full/maxdirty/keys=0/0/0/0 chk= 0.001(d=45) stat= 0.291 rest= 0.374
  [bmc-incr i=78 repr=45 active=2596/187216 POs=199]
BMC : c =  139818  cl =   9950  lit =  187173  p =   156  d =     0  f =    43  +  T =     0.04 sec
  [bmc-prof  78] wall=  37.469 p=   199 | ifo=  0.997(sd=0.198 nx=0.000 tfo=0.183 cnt=0.616) snap= 0.326 srm= 12.967 sat= 10.550(set=0.230 slv=10.307 max=0.9237 n=199) cex=R/T/F=0/0/43 trsplit=0 pending=0 sim=11.977(rmp=0.490 run=11.486 n=1 d=0) incr=loc/full/maxdirty/keys=0/0/0/0 chk= 0.001(d=43) stat= 0.305 rest= 0.346
  [bmc-incr i=79 repr=43 active=2516/187173 POs=198]
BMC : c =  139781  cl =   9950  lit =  187132  p =   157  d =     0  f =    41  +  T =     0.04 sec
  [bmc-prof  79] wall=  37.767 p=   198 | ifo=  1.015(sd=0.201 nx=0.000 tfo=0.186 cnt=0.629) snap= 0.324 srm= 13.461 sat= 10.434(set=0.234 slv=10.186 max=0.8996 n=198) cex=R/T/F=0/0/41 trsplit=0 pending=0 sim=11.889(rmp=0.499 run=11.389 n=1 d=0) incr=loc/full/maxdirty/keys=0/0/0/0 chk= 0.001(d=41) stat= 0.301 rest= 0.342
  [bmc-incr i=80 repr=41 active=2475/187132 POs=200]
BMC : c =  139747  cl =   9949  lit =  187093  p =   161  d =     0  f =    39  +  T =     0.04 sec
  [bmc-prof  80] wall=  39.971 p=   200 | ifo=  1.070(sd=0.204 nx=0.000 tfo=0.210 cnt=0.656) snap= 0.330 srm= 15.249 sat= 10.885(set=0.560 slv=10.310 max=1.0119 n=200) cex=R/T/F=0/0/39 trsplit=0 pending=0 sim=11.794(rmp=0.518 run=11.275 n=1 d=0) incr=loc/full/maxdirty/keys=0/0/0/0 chk= 0.001(d=39) stat= 0.294 rest= 0.349
  [bmc-incr i=81 repr=39 active=1948/187093 POs=153]
BMC : c =  139716  cl =   9949  lit =  187057  p =   117  d =     0  f =    36  +  T =     0.03 sec
  [bmc-prof  81] wall=  34.871 p=   153 | ifo=  0.973(sd=0.203 nx=0.000 tfo=0.140 cnt=0.630) snap= 0.333 srm= 12.725 sat=  8.335(set=0.166 slv=8.158 max=0.4817 n=153) cex=R/T/F=0/0/36 trsplit=0 pending=0 sim=11.861(rmp=0.501 run=11.359 n=1 d=0) incr=loc/full/maxdirty/keys=0/0/0/0 chk= 0.002(d=36) stat= 0.298 rest= 0.345
  [bmc-incr i=82 repr=36 active=1912/187057 POs=182]
BMC : c =  139676  cl =   9943  lit =  186996  p =   121  d =     0  f =    61  +  T =     0.04 sec
  [bmc-prof  82] wall=  40.205 p=   182 | ifo=  0.981(sd=0.204 nx=0.000 tfo=0.127 cnt=0.650) snap= 0.343 srm= 15.378 sat= 10.917(set=0.169 slv=10.735 max=0.4771 n=182) cex=R/T/F=0/0/61 trsplit=0 pending=0 sim=11.927(rmp=0.544 run=11.383 n=1 d=0) incr=loc/full/maxdirty/keys=0/0/0/0 chk= 0.009(d=61) stat= 0.294 rest= 0.355
  [bmc-incr i=83 repr=61 active=1626/186996 POs=263]
BMC : c =  139641  cl =   9943  lit =  186885  p =   152  d =     0  f =   111  +  T =     0.04 sec
  [bmc-prof  83] wall=  40.674 p=   263 | ifo=  0.960(sd=0.209 nx=0.000 tfo=0.093 cnt=0.658) snap= 0.324 srm= 12.744 sat= 14.044(set=0.167 slv=13.859 max=0.4969 n=263) cex=R/T/F=0/0/111 trsplit=0 pending=0 sim=11.900(rmp=0.536 run=11.364 n=1 d=0) incr=loc/full/maxdirty/keys=0/0/0/0 chk= 0.049(d=111) stat= 0.302 rest= 0.352
  [bmc-incr i=84 repr=111 active=1510/186885 POs=311]
BMC : c =  139548  cl =   9943  lit =  186727  p =   153  d =     0  f =   158  +  T =     0.05 sec
  [bmc-prof  84] wall=  47.549 p=   311 | ifo=  0.923(sd=0.212 nx=0.000 tfo=0.080 cnt=0.631) snap= 0.334 srm= 13.091 sat= 20.643(set=0.185 slv=20.435 max=2.2651 n=311) cex=R/T/F=0/0/158 trsplit=0 pending=0 sim=11.836(rmp=0.516 run=11.320 n=1 d=0) incr=loc/full/maxdirty/keys=0/0/0/0 chk= 0.031(d=158) stat= 0.300 rest= 0.391
  [bmc-incr i=85 repr=158 active=1336/186727 POs=298]
BMC : c =  139525  cl =   9943  lit =  186700  p =   271  d =     0  f =    27  +  T =     0.04 sec
  [bmc-prof  85] wall=  36.434 p=   298 | ifo=  0.895(sd=0.207 nx=0.000 tfo=0.073 cnt=0.615) snap= 0.336 srm= 13.480 sat=  9.126(set=0.169 slv=8.940 max=2.3032 n=298) cex=R/T/F=0/0/27 trsplit=0 pending=0 sim=11.946(rmp=0.547 run=11.398 n=1 d=0) incr=loc/full/maxdirty/keys=0/0/0/0 chk= 0.001(d=27) stat= 0.295 rest= 0.355
  [bmc-incr i=86 repr=27 active=1242/186700 POs=249]
BMC : c =  139503  cl =   9943  lit =  186674  p =   223  d =     0  f =    26  +  T =     0.04 sec
  [bmc-prof  86] wall=  37.327 p=   249 | ifo=  0.948(sd=0.231 nx=0.000 tfo=0.075 cnt=0.641) snap= 0.338 srm= 14.513 sat=  8.964(set=0.170 slv=8.779 max=2.2982 n=249) cex=R/T/F=0/0/26 trsplit=0 pending=0 sim=11.912(rmp=0.531 run=11.381 n=1 d=0) incr=loc/full/maxdirty/keys=0/0/0/0 chk= 0.001(d=26) stat= 0.294 rest= 0.356
  [bmc-incr i=87 repr=26 active=755/186674 POs=89]
BMC : c =  139487  cl =   9943  lit =  186654  p =    69  d =     0  f =    20  +  T =     0.04 sec
  [bmc-prof  87] wall=  39.683 p=    89 | ifo=  0.924(sd=0.207 nx=0.000 tfo=0.051 cnt=0.667) snap= 0.350 srm= 18.975 sat=  6.999(set=0.186 slv=6.806 max=2.4189 n=89) cex=R/T/F=0/0/20 trsplit=0 pending=0 sim=11.793(rmp=0.533 run=11.260 n=1 d=0) incr=loc/full/maxdirty/keys=0/0/0/0 chk= 0.001(d=20) stat= 0.294 rest= 0.347
  [bmc-incr i=88 repr=20 active=718/186654 POs=90]
BMC : c =  139473  cl =   9943  lit =  186636  p =    72  d =     0  f =    18  +  T =     0.03 sec
  [bmc-prof  88] wall=  33.129 p=    90 | ifo=  0.871(sd=0.201 nx=0.000 tfo=0.045 cnt=0.626) snap= 0.335 srm= 12.813 sat=  6.581(set=0.167 slv=6.407 max=2.3713 n=90) cex=R/T/F=0/0/18 trsplit=0 pending=0 sim=11.865(rmp=0.550 run=11.314 n=1 d=0) incr=loc/full/maxdirty/keys=0/0/0/0 chk= 0.001(d=18) stat= 0.297 rest= 0.365
  [bmc-incr i=89 repr=18 active=700/186636 POs=93]
BMC : c =  139459  cl =   9943  lit =  186618  p =    75  d =     0  f =    18  +  T =     0.03 sec
  [bmc-prof  89] wall=  34.415 p=    93 | ifo=  0.898(sd=0.206 nx=0.000 tfo=0.046 cnt=0.645) snap= 0.327 srm= 13.950 sat=  6.651(set=0.169 slv=6.475 max=2.3829 n=93) cex=R/T/F=0/0/18 trsplit=0 pending=0 sim=11.948(rmp=0.515 run=11.432 n=1 d=0) incr=loc/full/maxdirty/keys=0/0/0/0 chk= 0.001(d=18) stat= 0.295 rest= 0.345
  [bmc-incr i=90 repr=18 active=665/186618 POs=96]
BMC : c =  139445  cl =   9943  lit =  186600  p =    78  d =     0  f =    18  +  T =     0.03 sec
  [bmc-prof  90] wall=  33.278 p=    96 | ifo=  0.990(sd=0.285 nx=0.000 tfo=0.062 cnt=0.643) snap= 0.351 srm= 12.623 sat=  6.725(set=0.173 slv=6.545 max=2.4053 n=96) cex=R/T/F=0/0/18 trsplit=0 pending=0 sim=11.951(rmp=0.501 run=11.449 n=1 d=0) incr=loc/full/maxdirty/keys=0/0/0/0 chk= 0.001(d=18) stat= 0.301 rest= 0.338
  [bmc-incr i=91 repr=18 active=647/186600 POs=98]
BMC : c =  139431  cl =   9942  lit =  186582  p =    80  d =     0  f =    18  +  T =     0.03 sec
  [bmc-prof  91] wall=  33.507 p=    98 | ifo=  0.863(sd=0.200 nx=0.000 tfo=0.035 cnt=0.628) snap= 0.325 srm= 12.739 sat=  7.036(set=0.167 slv=6.861 max=2.4549 n=98) cex=R/T/F=0/0/18 trsplit=0 pending=0 sim=11.874(rmp=0.646 run=11.227 n=1 d=0) incr=loc/full/maxdirty/keys=0/0/0/0 chk= 0.001(d=18) stat= 0.293 rest= 0.377
  [bmc-incr i=92 repr=18 active=611/186582 POs=80]
BMC : c =  139412  cl =   9939  lit =  186559  p =    57  d =     0  f =    23  +  T =     0.03 sec
  [bmc-prof  92] wall=  35.062 p=    80 | ifo=  0.879(sd=0.202 nx=0.000 tfo=0.033 cnt=0.644) snap= 0.330 srm= 13.846 sat=  7.207(set=0.167 slv=7.034 max=2.4543 n=80) cex=R/T/F=0/0/23 trsplit=0 pending=0 sim=12.146(rmp=0.536 run=11.610 n=1 d=0) incr=loc/full/maxdirty/keys=0/0/0/0 chk= 0.001(d=23) stat= 0.307 rest= 0.346
  [bmc-incr i=93 repr=23 active=511/186559 POs=57]
BMC : c =  139391  cl =   9938  lit =  186536  p =    34  d =     0  f =    23  +  T =     0.03 sec
  [bmc-prof  93] wall=  33.541 p=    57 | ifo=  1.039(sd=0.243 nx=0.000 tfo=0.037 cnt=0.759) snap= 0.325 srm= 12.660 sat=  7.100(set=0.188 slv=6.907 max=2.4428 n=57) cex=R/T/F=0/0/23 trsplit=0 pending=0 sim=11.766(rmp=0.509 run=11.256 n=1 d=0) incr=loc/full/maxdirty/keys=0/0/0/0 chk= 0.001(d=23) stat= 0.298 rest= 0.352
  [bmc-incr i=94 repr=23 active=469/186536 POs=51]
BMC : c =  139374  cl =   9937  lit =  186518  p =    33  d =     0  f =    18  +  T =     0.03 sec
  [bmc-prof  94] wall=  33.025 p=    51 | ifo=  0.877(sd=0.204 nx=0.000 tfo=0.034 cnt=0.638) snap= 0.320 srm= 12.596 sat=  6.608(set=0.165 slv=6.438 max=2.4611 n=51) cex=R/T/F=0/0/18 trsplit=0 pending=0 sim=11.967(rmp=0.498 run=11.469 n=1 d=0) incr=loc/full/maxdirty/keys=0/0/0/0 chk= 0.001(d=18) stat= 0.291 rest= 0.365
  [bmc-incr i=95 repr=18 active=372/186518 POs=26]
BMC : c =  139356  cl =   9935  lit =  186498  p =     6  d =     0  f =    20  +  T =     0.04 sec
  [bmc-prof  95] wall=  38.284 p=    26 | ifo=  0.870(sd=0.200 nx=0.000 tfo=0.031 cnt=0.638) snap= 0.320 srm= 15.193 sat=  9.208(set=0.596 slv=8.607 max=2.5094 n=26) cex=R/T/F=0/0/20 trsplit=0 pending=0 sim=12.049(rmp=0.515 run=11.533 n=1 d=0) incr=loc/full/maxdirty/keys=0/0/0/0 chk= 0.001(d=20) stat= 0.301 rest= 0.343
  [bmc-incr i=96 repr=20 active=256/186498 POs=22]
BMC : c =  139339  cl =   9935  lit =  186481  p =     5  d =     0  f =    17  +  T =     0.04 sec
  [bmc-prof  96] wall=  37.558 p=    22 | ifo=  0.858(sd=0.202 nx=0.000 tfo=0.028 cnt=0.627) snap= 0.340 srm= 16.404 sat=  7.752(set=0.221 slv=7.525 max=2.3158 n=22) cex=R/T/F=0/0/17 trsplit=0 pending=0 sim=11.567(rmp=0.532 run=11.035 n=1 d=0) incr=loc/full/maxdirty/keys=0/0/0/0 chk= 0.000(d=17) stat= 0.290 rest= 0.346
  [bmc-incr i=97 repr=17 active=238/186481 POs=13]
BMC : c =  139330  cl =   9935  lit =  186472  p =     4  d =     0  f =     9  +  T =     0.03 sec
  [bmc-prof  97] wall=  31.782 p=    13 | ifo=  0.955(sd=0.227 nx=0.000 tfo=0.075 cnt=0.653) snap= 0.331 srm= 13.476 sat=  4.521(set=0.123 slv=4.396 max=2.2003 n=13) cex=R/T/F=0/0/9 trsplit=0 pending=0 sim=11.848(rmp=0.548 run=11.299 n=1 d=0) incr=loc/full/maxdirty/keys=0/0/0/0 chk= 0.000(d=9) stat= 0.298 rest= 0.352
  [bmc-incr i=98 repr=9 active=177/186472 POs=10]
BMC : c =  139321  cl =   9935  lit =  186463  p =     1  d =     0  f =     9  +  T =     0.03 sec
  [bmc-prof  98] wall=  34.587 p=    10 | ifo=  0.885(sd=0.203 nx=0.000 tfo=0.022 cnt=0.660) snap= 0.331 srm= 13.040 sat=  4.720(set=0.129 slv=4.587 max=2.3377 n=10) cex=R/T/F=0/0/9 trsplit=0 pending=0 sim=14.934(rmp=0.621 run=14.312 n=1 d=0) incr=loc/full/maxdirty/keys=0/0/0/0 chk= 0.000(d=9) stat= 0.308 rest= 0.369
  [bmc-incr i=99 repr=9 active=168/186463 POs=8]
BMC : c =  139314  cl =   9935  lit =  186456  p =     1  d =     0  f =     7  +  T =     0.03 sec
  [bmc-prof  99] wall=  29.607 p=     8 | ifo=  0.815(sd=0.198 nx=0.000 tfo=0.010 cnt=0.607) snap= 0.341 srm= 12.210 sat=  4.062(set=0.120 slv=3.940 max=2.2282 n=8) cex=R/T/F=0/0/7 trsplit=0 pending=0 sim=11.476(rmp=0.495 run=10.980 n=1 d=0) incr=loc/full/maxdirty/keys=0/0/0/0 chk= 0.001(d=7) stat= 0.299 rest= 0.402
  [bmc-incr i=100 repr=7 active=143/186456 POs=7]
BMC : c =  139307  cl =   9935  lit =  186449  p =     0  d =     0  f =     7  +  T =     0.03 sec
  [bmc-prof 100] wall=  31.429 p=     7 | ifo=  0.839(sd=0.207 nx=0.000 tfo=0.010 cnt=0.622) snap= 0.331 srm= 13.921 sat=  3.997(set=0.121 slv=3.874 max=2.1726 n=7) cex=R/T/F=0/0/7 trsplit=0 pending=0 sim=11.703(rmp=0.492 run=11.210 n=1 d=0) incr=loc/full/maxdirty/keys=0/0/0/0 chk= 0.000(d=7) stat= 0.293 rest= 0.345
  [bmc-incr i=101 repr=7 active=136/186449 POs=5]
BMC : c =  139302  cl =   9935  lit =  186444  p =     0  d =     0  f =     5  +  T =     0.03 sec
  [bmc-prof 101] wall=  29.553 p=     5 | ifo=  0.848(sd=0.205 nx=0.000 tfo=0.011 cnt=0.632) snap= 0.326 srm= 12.208 sat=  3.649(set=0.103 slv=3.544 max=2.1645 n=5) cex=R/T/F=0/0/5 trsplit=0 pending=0 sim=11.866(rmp=0.501 run=11.365 n=1 d=0) incr=loc/full/maxdirty/keys=0/0/0/0 chk= 0.000(d=5) stat= 0.308 rest= 0.347
  [bmc-incr i=102 repr=5 active=131/186444 POs=5]
BMC : c =  139297  cl =   9935  lit =  186439  p =     0  d =     0  f =     5  +  T =     0.03 sec
  [bmc-prof 102] wall=  29.991 p=     5 | ifo=  0.874(sd=0.210 nx=0.000 tfo=0.006 cnt=0.658) snap= 0.326 srm= 12.411 sat=  3.729(set=0.098 slv=3.628 max=2.2255 n=5) cex=R/T/F=0/0/5 trsplit=0 pending=0 sim=12.004(rmp=0.556 run=11.448 n=1 d=0) incr=loc/full/maxdirty/keys=0/0/0/0 chk= 0.000(d=5) stat= 0.295 rest= 0.352
  [bmc-incr i=103 repr=5 active=126/186439 POs=5]
BMC : c =  139292  cl =   9935  lit =  186434  p =     0  d =     0  f =     5  +  T =     0.03 sec
  [bmc-prof 103] wall=  29.784 p=     5 | ifo=  0.860(sd=0.207 nx=0.000 tfo=0.008 cnt=0.644) snap= 0.323 srm= 12.578 sat=  3.649(set=0.109 slv=3.537 max=2.1759 n=5) cex=R/T/F=0/0/5 trsplit=0 pending=0 sim=11.750(rmp=0.488 run=11.261 n=1 d=0) incr=loc/full/maxdirty/keys=0/0/0/0 chk= 0.000(d=5) stat= 0.291 rest= 0.334
  [bmc-incr i=104 repr=5 active=121/186434 POs=5]
BMC : c =  139287  cl =   9935  lit =  186429  p =     0  d =     0  f =     5  +  T =     0.03 sec
  [bmc-prof 104] wall=  29.607 p=     5 | ifo=  0.836(sd=0.201 nx=0.000 tfo=0.006 cnt=0.630) snap= 0.318 srm= 12.055 sat=  3.657(set=0.098 slv=3.558 max=2.2127 n=5) cex=R/T/F=0/0/5 trsplit=0 pending=0 sim=12.121(rmp=0.481 run=11.638 n=1 d=0) incr=loc/full/maxdirty/keys=0/0/0/0 chk= 0.000(d=5) stat= 0.286 rest= 0.333
  [bmc-incr i=105 repr=5 active=116/186429 POs=5]
BMC : c =  139282  cl =   9935  lit =  186424  p =     0  d =     0  f =     5  +  T =     0.03 sec
  [bmc-prof 105] wall=  30.258 p=     5 | ifo=  0.830(sd=0.200 nx=0.000 tfo=0.007 cnt=0.623) snap= 0.326 srm= 12.989 sat=  3.664(set=0.100 slv=3.562 max=2.1921 n=5) cex=R/T/F=0/0/5 trsplit=0 pending=0 sim=11.822(rmp=0.493 run=11.327 n=1 d=0) incr=loc/full/maxdirty/keys=0/0/0/0 chk= 0.000(d=5) stat= 0.292 rest= 0.336
  [bmc-incr i=106 repr=5 active=111/186424 POs=5]
BMC : c =  139277  cl =   9935  lit =  186419  p =     0  d =     0  f =     5  +  T =     0.03 sec
  [bmc-prof 106] wall=  31.860 p=     5 | ifo=  0.845(sd=0.210 nx=0.000 tfo=0.006 cnt=0.629) snap= 0.323 srm= 12.244 sat=  3.672(set=0.099 slv=3.571 max=2.2107 n=5) cex=R/T/F=0/0/5 trsplit=0 pending=0 sim=13.792(rmp=0.511 run=13.279 n=1 d=0) incr=loc/full/maxdirty/keys=0/0/0/0 chk= 0.000(d=5) stat= 0.580 rest= 0.404
  [bmc-incr i=107 repr=5 active=106/186419 POs=5]
BMC : c =  139272  cl =   9935  lit =  186414  p =     0  d =     0  f =     5  +  T =     0.03 sec
  [bmc-prof 107] wall=  29.264 p=     5 | ifo=  1.131(sd=0.513 nx=0.000 tfo=0.006 cnt=0.612) snap= 0.331 srm= 12.021 sat=  3.655(set=0.099 slv=3.554 max=2.2024 n=5) cex=R/T/F=0/0/5 trsplit=0 pending=0 sim=11.515(rmp=0.479 run=11.035 n=1 d=0) incr=loc/full/maxdirty/keys=0/0/0/0 chk= 0.000(d=5) stat= 0.283 rest= 0.328
  [bmc-incr i=108 repr=5 active=101/186414 POs=5]
BMC : c =  139267  cl =   9935  lit =  186409  p =     0  d =     0  f =     5  +  T =     0.03 sec
  [bmc-prof 108] wall=  29.342 p=     5 | ifo=  0.832(sd=0.195 nx=0.000 tfo=0.005 cnt=0.631) snap= 0.325 srm= 12.032 sat=  3.669(set=0.098 slv=3.569 max=2.1950 n=5) cex=R/T/F=0/0/5 trsplit=0 pending=0 sim=11.858(rmp=0.480 run=11.377 n=1 d=0) incr=loc/full/maxdirty/keys=0/0/0/0 chk= 0.000(d=5) stat= 0.292 rest= 0.335
  [bmc-incr i=109 repr=5 active=96/186409 POs=5]
BMC : c =  139262  cl =   9935  lit =  186404  p =     0  d =     0  f =     5  +  T =     0.03 sec
  [bmc-prof 109] wall=  29.618 p=     5 | ifo=  0.854(sd=0.199 nx=0.000 tfo=0.005 cnt=0.650) snap= 0.327 srm= 12.058 sat=  3.706(set=0.098 slv=3.606 max=2.2549 n=5) cex=R/T/F=0/0/5 trsplit=0 pending=0 sim=12.025(rmp=0.490 run=11.534 n=1 d=0) incr=loc/full/maxdirty/keys=0/0/0/0 chk= 0.000(d=5) stat= 0.315 rest= 0.334
  [bmc-incr i=110 repr=5 active=91/186404 POs=5]
BMC : c =  139257  cl =   9935  lit =  186399  p =     0  d =     0  f =     5  +  T =     0.03 sec
  [bmc-prof 110] wall=  29.643 p=     5 | ifo=  0.853(sd=0.201 nx=0.000 tfo=0.005 cnt=0.647) snap= 0.320 srm= 12.265 sat=  3.705(set=0.098 slv=3.605 max=2.2297 n=5) cex=R/T/F=0/0/5 trsplit=0 pending=0 sim=11.825(rmp=0.486 run=11.338 n=1 d=0) incr=loc/full/maxdirty/keys=0/0/0/0 chk= 0.000(d=5) stat= 0.336 rest= 0.339
  [bmc-incr i=111 repr=5 active=86/186399 POs=5]
BMC : c =  139252  cl =   9935  lit =  186394  p =     0  d =     0  f =     5  +  T =     0.03 sec
  [bmc-prof 111] wall=  29.526 p=     5 | ifo=  0.874(sd=0.208 nx=0.000 tfo=0.006 cnt=0.661) snap= 0.329 srm= 12.137 sat=  3.710(set=0.099 slv=3.609 max=2.2410 n=5) cex=R/T/F=0/0/5 trsplit=0 pending=0 sim=11.844(rmp=0.487 run=11.357 n=1 d=0) incr=loc/full/maxdirty/keys=0/0/0/0 chk= 0.000(d=5) stat= 0.298 rest= 0.334
  [bmc-incr i=112 repr=5 active=81/186394 POs=5]
BMC : c =  139247  cl =   9935  lit =  186389  p =     0  d =     0  f =     5  +  T =     0.03 sec
  [bmc-prof 112] wall=  30.020 p=     5 | ifo=  0.902(sd=0.223 nx=0.000 tfo=0.008 cnt=0.671) snap= 0.339 srm= 12.139 sat=  3.752(set=0.101 slv=3.649 max=2.2452 n=5) cex=R/T/F=0/0/5 trsplit=0 pending=0 sim=12.263(rmp=0.495 run=11.767 n=1 d=0) incr=loc/full/maxdirty/keys=0/0/0/0 chk= 0.000(d=5) stat= 0.285 rest= 0.340
  [bmc-incr i=113 repr=5 active=76/186389 POs=5]
BMC : c =  139242  cl =   9935  lit =  186384  p =     0  d =     0  f =     5  +  T =     0.03 sec
  [bmc-prof 113] wall=  29.922 p=     5 | ifo=  0.843(sd=0.199 nx=0.000 tfo=0.005 cnt=0.639) snap= 0.338 srm= 12.496 sat=  3.733(set=0.099 slv=3.632 max=2.2706 n=5) cex=R/T/F=0/0/5 trsplit=0 pending=0 sim=11.854(rmp=0.523 run=11.331 n=1 d=0) incr=loc/full/maxdirty/keys=0/0/0/0 chk= 0.000(d=5) stat= 0.300 rest= 0.356
  [bmc-incr i=114 repr=5 active=71/186384 POs=5]
BMC : c =  139237  cl =   9935  lit =  186379  p =     0  d =     0  f =     5  +  T =     0.03 sec
  [bmc-prof 114] wall=  30.350 p=     5 | ifo=  0.898(sd=0.233 nx=0.000 tfo=0.008 cnt=0.658) snap= 0.335 srm= 12.194 sat=  3.739(set=0.099 slv=3.638 max=2.2589 n=5) cex=R/T/F=0/0/5 trsplit=0 pending=0 sim=12.522(rmp=0.477 run=12.043 n=1 d=0) incr=loc/full/maxdirty/keys=0/0/0/0 chk= 0.000(d=5) stat= 0.301 rest= 0.361
  [bmc-incr i=115 repr=5 active=66/186379 POs=5]
BMC : c =  139232  cl =   9935  lit =  186374  p =     0  d =     0  f =     5  +  T =     0.03 sec
  [bmc-prof 115] wall=  32.875 p=     5 | ifo=  0.852(sd=0.210 nx=0.000 tfo=0.006 cnt=0.636) snap= 0.339 srm= 15.498 sat=  3.720(set=0.099 slv=3.620 max=2.2372 n=5) cex=R/T/F=0/0/5 trsplit=0 pending=0 sim=11.853(rmp=0.509 run=11.343 n=1 d=0) incr=loc/full/maxdirty/keys=0/0/0/0 chk= 0.000(d=5) stat= 0.282 rest= 0.330
  [bmc-incr i=116 repr=5 active=61/186374 POs=5]
BMC : c =  139227  cl =   9935  lit =  186369  p =     0  d =     0  f =     5  +  T =     0.03 sec
  [bmc-prof 116] wall=  30.368 p=     5 | ifo=  0.844(sd=0.207 nx=0.000 tfo=0.006 cnt=0.631) snap= 0.335 srm= 12.390 sat=  3.734(set=0.100 slv=3.632 max=2.2508 n=5) cex=R/T/F=0/0/5 trsplit=0 pending=0 sim=12.392(rmp=0.506 run=11.884 n=1 d=0) incr=loc/full/maxdirty/keys=0/0/0/0 chk= 0.000(d=5) stat= 0.292 rest= 0.381
  [bmc-incr i=117 repr=5 active=56/186369 POs=5]
BMC : c =  139222  cl =   9935  lit =  186364  p =     0  d =     0  f =     5  +  T =     0.04 sec
  [bmc-prof 117] wall=  38.329 p=     5 | ifo=  0.853(sd=0.218 nx=0.000 tfo=0.008 cnt=0.627) snap= 0.371 srm= 20.719 sat=  3.813(set=0.103 slv=3.708 max=2.3094 n=5) cex=R/T/F=0/0/5 trsplit=0 pending=0 sim=11.947(rmp=0.515 run=11.432 n=1 d=0) incr=loc/full/maxdirty/keys=0/0/0/0 chk= 0.000(d=5) stat= 0.288 rest= 0.336
  [bmc-incr i=118 repr=5 active=51/186364 POs=5]
BMC : c =  139217  cl =   9935  lit =  186359  p =     0  d =     0  f =     5  +  T =     0.03 sec
  [bmc-prof 118] wall=  30.512 p=     5 | ifo=  0.822(sd=0.201 nx=0.000 tfo=0.007 cnt=0.613) snap= 0.365 srm= 13.080 sat=  3.864(set=0.111 slv=3.751 max=2.2588 n=5) cex=R/T/F=0/0/5 trsplit=0 pending=0 sim=11.758(rmp=0.498 run=11.260 n=1 d=0) incr=loc/full/maxdirty/keys=0/0/0/0 chk= 0.000(d=5) stat= 0.286 rest= 0.336
  [bmc-incr i=119 repr=5 active=46/186359 POs=5]
BMC : c =  139212  cl =   9935  lit =  186354  p =     0  d =     0  f =     5  +  T =     0.03 sec
  [bmc-prof 119] wall=  30.111 p=     5 | ifo=  1.027(sd=0.238 nx=0.000 tfo=0.009 cnt=0.780) snap= 0.348 srm= 12.502 sat=  3.880(set=0.100 slv=3.777 max=2.3017 n=5) cex=R/T/F=0/0/5 trsplit=0 pending=0 sim=11.654(rmp=0.516 run=11.137 n=1 d=0) incr=loc/full/maxdirty/keys=0/0/0/0 chk= 0.000(d=5) stat= 0.294 rest= 0.405
  [bmc-incr i=120 repr=5 active=41/186354 POs=5]
BMC : c =  139207  cl =   9935  lit =  186349  p =     0  d =     0  f =     5  +  T =     0.03 sec
  [bmc-prof 120] wall=  29.736 p=     5 | ifo=  0.855(sd=0.207 nx=0.000 tfo=0.007 cnt=0.641) snap= 0.332 srm= 12.392 sat=  3.804(set=0.099 slv=3.702 max=2.3168 n=5) cex=R/T/F=0/0/5 trsplit=0 pending=0 sim=11.736(rmp=0.495 run=11.240 n=1 d=0) incr=loc/full/maxdirty/keys=0/0/0/0 chk= 0.000(d=5) stat= 0.289 rest= 0.327
  [bmc-incr i=121 repr=5 active=36/186349 POs=5]
BMC : c =  139202  cl =   9935  lit =  186344  p =     0  d =     0  f =     5  +  T =     0.04 sec
  [bmc-prof 121] wall=  36.867 p=     5 | ifo=  0.829(sd=0.196 nx=0.000 tfo=0.006 cnt=0.627) snap= 0.542 srm= 12.257 sat=  7.539(set=0.493 slv=7.042 max=5.3656 n=5) cex=R/T/F=0/0/5 trsplit=0 pending=0 sim=15.046(rmp=0.683 run=14.363 n=1 d=0) incr=loc/full/maxdirty/keys=0/0/0/0 chk= 0.000(d=5) stat= 0.285 rest= 0.370
  [bmc-incr i=122 repr=5 active=31/186344 POs=5]
BMC : c =  139197  cl =   9935  lit =  186339  p =     0  d =     0  f =     5  +  T =     0.03 sec
  [bmc-prof 122] wall=  30.172 p=     5 | ifo=  0.830(sd=0.201 nx=0.000 tfo=0.007 cnt=0.622) snap= 0.342 srm= 12.548 sat=  3.961(set=0.104 slv=3.855 max=2.3239 n=5) cex=R/T/F=0/0/5 trsplit=0 pending=0 sim=11.837(rmp=0.531 run=11.306 n=1 d=0) incr=loc/full/maxdirty/keys=0/0/0/0 chk= 0.000(d=5) stat= 0.290 rest= 0.363
  [bmc-incr i=123 repr=5 active=26/186339 POs=4]
BMC : c =  139193  cl =   9935  lit =  186335  p =     0  d =     0  f =     4  +  T =     0.03 sec
  [bmc-prof 123] wall=  30.963 p=     4 | ifo=  0.956(sd=0.211 nx=0.000 tfo=0.008 cnt=0.737) snap= 0.343 srm= 13.758 sat=  3.389(set=0.096 slv=3.291 max=2.3280 n=4) cex=R/T/F=0/0/4 trsplit=0 pending=0 sim=11.818(rmp=0.537 run=11.279 n=1 d=0) incr=loc/full/maxdirty/keys=0/0/0/0 chk= 0.000(d=4) stat= 0.305 rest= 0.394
  [bmc-incr i=124 repr=4 active=22/186335 POs=4]
BMC : c =  139189  cl =   9935  lit =  186331  p =     0  d =     0  f =     4  +  T =     0.03 sec
  [bmc-prof 124] wall=  30.267 p=     4 | ifo=  0.854(sd=0.204 nx=0.000 tfo=0.007 cnt=0.643) snap= 0.343 srm= 13.279 sat=  3.407(set=0.098 slv=3.307 max=2.3370 n=4) cex=R/T/F=0/0/4 trsplit=0 pending=0 sim=11.685(rmp=0.535 run=11.148 n=1 d=0) incr=loc/full/maxdirty/keys=0/0/0/0 chk= 0.000(d=4) stat= 0.305 rest= 0.393
  [bmc-incr i=125 repr=4 active=18/186331 POs=4]
BMC : c =  139186  cl =   9935  lit =  186327  p =     0  d =     0  f =     4  +  T =     0.03 sec
  [bmc-prof 125] wall=  34.518 p=     4 | ifo=  0.842(sd=0.206 nx=0.000 tfo=0.007 cnt=0.629) snap= 0.330 srm= 16.597 sat=  4.601(set=0.773 slv=3.825 max=2.6953 n=4) cex=R/T/F=0/0/4 trsplit=0 pending=0 sim=11.527(rmp=0.492 run=11.034 n=1 d=0) incr=loc/full/maxdirty/keys=0/0/0/0 chk= 0.000(d=4) stat= 0.291 rest= 0.330
  [bmc-incr i=126 repr=4 active=14/186327 POs=4]
BMC : c =  139183  cl =   9934  lit =  186323  p =     0  d =     0  f =     4  +  T =     0.04 sec
  [bmc-prof 126] wall=  35.844 p=     4 | ifo=  0.844(sd=0.201 nx=0.000 tfo=0.006 cnt=0.637) snap= 0.328 srm= 16.018 sat=  4.507(set=0.771 slv=3.733 max=2.6440 n=4) cex=R/T/F=0/0/4 trsplit=0 pending=0 sim=13.434(rmp=0.580 run=12.853 n=1 d=0) incr=loc/full/maxdirty/keys=0/0/0/0 chk= 0.000(d=4) stat= 0.306 rest= 0.407
  [bmc-incr i=127 repr=4 active=10/186323 POs=2]
BMC : c =  139181  cl =   9934  lit =  186321  p =     0  d =     0  f =     2  +  T =     0.03 sec
  [bmc-prof 127] wall=  31.711 p=     2 | ifo=  1.913(sd=0.250 nx=0.000 tfo=0.006 cnt=1.657) snap= 0.405 srm= 15.462 sat=  0.771(set=0.062 slv=0.707 max=0.4505 n=2) cex=R/T/F=0/0/2 trsplit=0 pending=0 sim=12.431(rmp=0.648 run=11.782 n=1 d=0) incr=loc/full/maxdirty/keys=0/0/0/0 chk= 0.000(d=2) stat= 0.330 rest= 0.399
  [bmc-incr i=128 repr=2 active=8/186321 POs=2]
BMC : c =  139179  cl =   9934  lit =  186319  p =     0  d =     0  f =     2  +  T =     0.03 sec
  [bmc-prof 128] wall=  27.742 p=     2 | ifo=  0.960(sd=0.253 nx=0.000 tfo=0.005 cnt=0.701) snap= 0.359 srm= 13.153 sat=  0.794(set=0.053 slv=0.739 max=0.4685 n=2) cex=R/T/F=0/0/2 trsplit=0 pending=0 sim=11.849(rmp=0.572 run=11.276 n=1 d=0) incr=loc/full/maxdirty/keys=0/0/0/0 chk= 0.000(d=2) stat= 0.282 rest= 0.345
  [bmc-incr i=129 repr=2 active=6/186319 POs=1]
BMC : c =  139178  cl =   9934  lit =  186318  p =     0  d =     0  f =     1  +  T =     0.03 sec
  [bmc-prof 129] wall=  25.388 p=     1 | ifo=  0.832(sd=0.202 nx=0.000 tfo=0.005 cnt=0.625) snap= 0.323 srm= 11.957 sat=  0.276(set=0.029 slv=0.245 max=0.2446 n=1) cex=R/T/F=0/0/1 trsplit=0 pending=0 sim=11.384(rmp=0.479 run=10.904 n=1 d=0) incr=loc/full/maxdirty/keys=0/0/0/0 chk= 0.000(d=1) stat= 0.290 rest= 0.326
  [bmc-incr i=130 repr=1 active=5/186318 POs=1]
BMC : c =  139177  cl =   9934  lit =  186317  p =     0  d =     0  f =     1  +  T =     0.03 sec
  [bmc-prof 130] wall=  25.481 p=     1 | ifo=  0.818(sd=0.206 nx=0.000 tfo=0.005 cnt=0.607) snap= 0.327 srm= 11.687 sat=  0.274(set=0.028 slv=0.245 max=0.2445 n=1) cex=R/T/F=0/0/1 trsplit=0 pending=0 sim=11.741(rmp=0.478 run=11.262 n=1 d=0) incr=loc/full/maxdirty/keys=0/0/0/0 chk= 0.000(d=1) stat= 0.284 rest= 0.350
  [bmc-incr i=131 repr=1 active=4/186317 POs=1]
BMC : c =  139176  cl =   9934  lit =  186316  p =     0  d =     0  f =     1  +  T =     0.03 sec
  [bmc-prof 131] wall=  28.588 p=     1 | ifo=  0.838(sd=0.206 nx=0.000 tfo=0.004 cnt=0.628) snap= 0.342 srm= 15.074 sat=  0.275(set=0.030 slv=0.244 max=0.2438 n=1) cex=R/T/F=0/0/1 trsplit=0 pending=0 sim=11.444(rmp=0.492 run=10.952 n=1 d=0) incr=loc/full/maxdirty/keys=0/0/0/0 chk= 0.000(d=1) stat= 0.281 rest= 0.335
  [bmc-incr i=132 repr=1 active=3/186316 POs=0]
  [bmc-prof ALL] wall=21569.746 p=510343 | ifo=257.169(sd=30.604 nx=0.000 tfo=141.245 cnt=85.320) snap=47.354 srm=1979.550 sat=17513.245(set=49.704 slv=17428.993 max=5.7710 n=510343) cex=R/T/F=21160/0/88448 trsplit=0 pending=6572 sim=1669.927(rmp=78.523 run=1591.300 n=132 d=10516) incr=loc/full/maxdirty/keys=0/0/0/0 chk= 9.146(d=87952) stat=41.114 rest=52.241
  1 : c =  138774  cl =   9902  lit =  185087  p = 23550  d =     0  f =  1236  +  T =     0.18 sec
  [prof   1] wall= 177.863 p= 24786 | ifo=  0.000(sd=0.000 nx=0.000 tfo=0.000 cnt=0.000) snap= 0.410 srm= 23.380 sat=111.568(set=1.691 slv=108.567 max=0.6344 n=24786) cex=R/T/F=0/0/1236 trsplit=0 pending=0 sim=41.527(rmp=0.003 run=41.522 n=1 d=0) incr=loc/full/maxdirty/keys=0/1/0/1204020 chk= 0.071(d=1229) stat= 0.308 rest= 0.599
  2 : c =  138277  cl =   9871  lit =  183843  p = 24061  d =     0  f =  1246  +  T =     0.14 sec
  [prof   2] wall= 142.378 p= 25307 | ifo=  7.493(sd=0.242 nx=0.185 tfo=6.571 cnt=0.495) snap= 0.391 srm= 23.722 sat=109.794(set=1.791 slv=106.663 max=0.2514 n=25307) cex=R/T/F=0/0/1246 trsplit=0 pending=0 sim= 0.014(rmp=0.003 run=0.011 n=1 d=0) incr=loc/full/maxdirty/keys=1/0/0/1204020 chk= 0.078(d=1244) stat= 0.321 rest= 0.565
  3 : c =  137375  cl =   9852  lit =  182638  p = 24170  d =     0  f =  1206  -  T =     0.16 sec
  [prof   3] wall= 162.730 p= 25376 | ifo=  5.660(sd=0.241 nx=0.195 tfo=4.654 cnt=0.569) snap= 0.440 srm= 42.014 sat=113.694(set=2.963 slv=109.403 max=0.6235 n=25376) cex=R/T/F=0/0/1206 trsplit=0 pending=0 sim= 0.015(rmp=0.003 run=0.011 n=1 d=0) incr=loc/full/maxdirty/keys=1/0/0/1204020 chk= 0.070(d=1205) stat= 0.343 rest= 0.493
  4 : c =  136463  cl =   9841  lit =  180921  p = 24810  d =     0  f =  1717  -  T =     0.17 sec
  [prof   4] wall= 166.422 p= 26527 | ifo=  4.663(sd=0.233 nx=0.190 tfo=3.742 cnt=0.499) snap= 0.351 srm= 20.811 sat=139.755(set=1.488 slv=136.866 max=0.8391 n=26527) cex=R/T/F=0/0/1717 trsplit=0 pending=0 sim= 0.015(rmp=0.003 run=0.011 n=1 d=0) incr=loc/full/maxdirty/keys=1/0/0/1204020 chk= 0.101(d=1717) stat= 0.336 rest= 0.390
  5 : c =  135569  cl =   9831  lit =  179200  p = 25515  d =     0  f =  1721  -  T =     0.17 sec
  [prof   5] wall= 168.228 p= 27236 | ifo=  4.571(sd=0.233 nx=0.188 tfo=3.671 cnt=0.480) snap= 0.422 srm= 19.830 sat=142.550(set=1.633 slv=139.462 max=0.2325 n=27236) cex=R/T/F=0/0/1721 trsplit=0 pending=0 sim= 0.016(rmp=0.004 run=0.012 n=1 d=0) incr=loc/full/maxdirty/keys=1/0/0/1204020 chk= 0.107(d=1721) stat= 0.330 rest= 0.402
  6 : c =  134685  cl =   9815  lit =  177457  p = 26166  d =     0  f =  1744  -  T =     0.16 sec
  [prof   6] wall= 164.792 p= 27910 | ifo=  4.697(sd=0.252 nx=0.194 tfo=3.750 cnt=0.501) snap= 0.325 srm= 18.022 sat=140.916(set=1.486 slv=137.949 max=0.3050 n=27910) cex=R/T/F=0/0/1744 trsplit=0 pending=0 sim= 0.012(rmp=0.002 run=0.010 n=1 d=0) incr=loc/full/maxdirty/keys=1/0/0/1204020 chk= 0.098(d=1743) stat= 0.341 rest= 0.381
  7 : c =  133803  cl =   9787  lit =  175717  p = 26820  d =     0  f =  1740  -  T =     0.17 sec
  [prof   7] wall= 172.173 p= 28560 | ifo=  5.895(sd=0.232 nx=0.186 tfo=4.961 cnt=0.515) snap= 0.343 srm= 20.754 sat=143.371(set=1.470 slv=140.354 max=0.4522 n=28560) cex=R/T/F=0/0/1740 trsplit=0 pending=0 sim= 0.032(rmp=0.004 run=0.027 n=1 d=0) incr=loc/full/maxdirty/keys=1/0/0/1204020 chk= 0.360(d=1740) stat= 0.373 rest= 1.046
  8 : c =  132704  cl =   9747  lit =  173801  p = 27202  d =     0  f =  1916  -  T =     0.17 sec
  [prof   8] wall= 170.958 p= 29118 | ifo=  4.951(sd=0.270 nx=0.485 tfo=3.685 cnt=0.511) snap= 0.332 srm= 17.942 sat=146.916(set=1.486 slv=143.914 max=0.2857 n=29118) cex=R/T/F=0/0/1916 trsplit=0 pending=0 sim= 0.012(rmp=0.003 run=0.009 n=1 d=0) incr=loc/full/maxdirty/keys=1/0/0/1204020 chk= 0.104(d=1916) stat= 0.329 rest= 0.372
  9 : c =  131474  cl =   9709  lit =  171707  p = 27713  d =     0  f =  2094  -  T =     0.18 sec
  [prof   9] wall= 180.651 p= 29807 | ifo=  4.526(sd=0.229 nx=0.184 tfo=3.653 cnt=0.460) snap= 0.339 srm= 18.177 sat=156.650(set=1.479 slv=153.648 max=0.3880 n=29807) cex=R/T/F=0/0/2094 trsplit=0 pending=0 sim= 0.016(rmp=0.003 run=0.012 n=1 d=0) incr=loc/full/maxdirty/keys=1/0/0/1204020 chk= 0.108(d=2094) stat= 0.431 rest= 0.404
 10 : c =  130225  cl =   9651  lit =  169539  p = 28154  d =     0  f =  2168  -  T =     0.19 sec
  [prof  10] wall= 191.525 p= 30322 | ifo=  5.571(sd=0.251 nx=0.196 tfo=4.636 cnt=0.488) snap= 0.324 srm= 18.048 sat=166.690(set=1.496 slv=163.555 max=0.5295 n=30322) cex=R/T/F=0/0/2168 trsplit=0 pending=0 sim= 0.014(rmp=0.003 run=0.010 n=1 d=0) incr=loc/full/maxdirty/keys=1/0/0/1204020 chk= 0.129(d=2168) stat= 0.348 rest= 0.403
 11 : c =  129013  cl =   9586  lit =  167409  p = 28575  d =     0  f =  2139  -  T =     0.20 sec
  [prof  11] wall= 195.778 p= 30714 | ifo=  5.509(sd=0.232 nx=0.193 tfo=4.576 cnt=0.508) snap= 0.346 srm= 19.105 sat=170.001(set=1.513 slv=166.913 max=0.4218 n=30714) cex=R/T/F=0/0/2139 trsplit=0 pending=0 sim= 0.012(rmp=0.002 run=0.009 n=1 d=0) incr=loc/full/maxdirty/keys=1/0/0/1204020 chk= 0.099(d=2130) stat= 0.343 rest= 0.363
  [incr r=11 repr=2132 next=1695 tfo=290062 active=123380/176995 POs=19888]
 12 : c =  127832  cl =   9524  lit =  165369  p = 17846  d =     0  f =  2042  -  T =     0.18 sec
  [prof  12] wall= 178.205 p= 19888 | ifo=  5.081(sd=0.238 nx=0.181 tfo=4.179 cnt=0.484) snap= 0.330 srm= 15.658 sat=156.216(set=1.256 slv=153.913 max=0.2739 n=19888) cex=R/T/F=0/0/2042 trsplit=0 pending=0 sim= 0.015(rmp=0.003 run=0.012 n=1 d=0) incr=loc/full/maxdirty/keys=1/0/0/1204020 chk= 0.098(d=2040) stat= 0.363 rest= 0.445
  [incr r=12 repr=2053 next=1604 tfo=289103 active=120949/174893 POs=20246]
 13 : c =  126583  cl =   9459  lit =  163311  p = 18181  d =     0  f =  2065  -  T =     0.19 sec
  [prof  13] wall= 189.035 p= 20246 | ifo=  4.595(sd=0.242 nx=0.201 tfo=3.642 cnt=0.510) snap= 0.322 srm= 16.272 sat=166.996(set=1.280 slv=164.635 max=0.3154 n=20246) cex=R/T/F=0/0/2065 trsplit=0 pending=0 sim= 0.014(rmp=0.003 run=0.011 n=1 d=0) incr=loc/full/maxdirty/keys=1/0/0/1204020 chk= 0.096(d=2058) stat= 0.351 rest= 0.390
  [incr r=13 repr=2072 next=1492 tfo=287108 active=118358/172770 POs=20398]
 14 : c =  125235  cl =   9392  lit =  161212  p = 18299  d =     0  f =  2099  -  T =     0.20 sec
  [prof  14] wall= 195.730 p= 20398 | ifo=  5.115(sd=0.238 nx=0.191 tfo=4.206 cnt=0.479) snap= 0.453 srm= 15.790 sat=173.492(set=1.278 slv=171.146 max=0.3979 n=20398) cex=R/T/F=0/0/2099 trsplit=0 pending=0 sim= 0.013(rmp=0.002 run=0.011 n=1 d=0) incr=loc/full/maxdirty/keys=1/0/0/1204020 chk= 0.087(d=2099) stat= 0.345 rest= 0.435
  [incr r=14 repr=2130 next=1408 tfo=285511 active=115652/170604 POs=20557]
 15 : c =  123879  cl =   9323  lit =  159077  p = 18422  d =     0  f =  2135  -  T =     0.20 sec
  [prof  15] wall= 202.939 p= 20557 | ifo=  4.850(sd=0.234 nx=0.181 tfo=3.966 cnt=0.469) snap= 0.323 srm= 15.861 sat=181.026(set=1.323 slv=178.606 max=0.3307 n=20557) cex=R/T/F=0/0/2135 trsplit=0 pending=0 sim= 0.014(rmp=0.003 run=0.011 n=1 d=0) incr=loc/full/maxdirty/keys=1/0/0/1204020 chk= 0.113(d=2135) stat= 0.352 rest= 0.401
  [incr r=15 repr=2209 next=1442 tfo=283259 active=112977/168400 POs=20798]
 16 : c =  122427  cl =   9261  lit =  156832  p = 18553  d =     0  f =  2245  -  T =     0.21 sec
  [prof  16] wall= 210.508 p= 20798 | ifo=  4.861(sd=0.244 nx=0.192 tfo=3.917 cnt=0.508) snap= 0.321 srm= 16.232 sat=188.256(set=1.317 slv=185.855 max=0.2421 n=20798) cex=R/T/F=0/0/2245 trsplit=0 pending=0 sim= 0.014(rmp=0.003 run=0.011 n=1 d=0) incr=loc/full/maxdirty/keys=1/0/0/1204020 chk= 0.090(d=2245) stat= 0.350 rest= 0.384
  [incr r=16 repr=2288 next=1476 tfo=281767 active=110214/166093 POs=20758]
 17 : c =  120974  cl =   9170  lit =  154624  p = 18532  d =     0  f =  2226  -  T =     0.21 sec
  [prof  17] wall= 208.301 p= 20758 | ifo=  4.922(sd=0.244 nx=0.188 tfo=4.025 cnt=0.465) snap= 0.322 srm= 15.795 sat=186.370(set=1.317 slv=183.914 max=0.5590 n=20758) cex=R/T/F=0/0/2226 trsplit=0 pending=0 sim= 0.015(rmp=0.004 run=0.011 n=1 d=0) incr=loc/full/maxdirty/keys=1/0/0/1204020 chk= 0.100(d=2208) stat= 0.367 rest= 0.408
  [incr r=17 repr=2306 next=1363 tfo=279861 active=107573/163794 POs=20559]
 18 : c =  119507  cl =   9082  lit =  152433  p = 18362  d =     0  f =  2197  -  T =     0.22 sec
  [prof  18] wall= 216.223 p= 20559 | ifo=  5.338(sd=0.244 nx=0.198 tfo=4.397 cnt=0.499) snap= 0.323 srm= 16.614 sat=193.097(set=1.328 slv=190.654 max=0.9608 n=20559) cex=R/T/F=0/0/2197 trsplit=0 pending=0 sim= 0.014(rmp=0.002 run=0.011 n=1 d=0) incr=loc/full/maxdirty/keys=1/0/0/1204020 chk= 0.091(d=2191) stat= 0.361 rest= 0.386
  [incr r=18 repr=2306 next=1303 tfo=277483 active=104453/161515 POs=20201]
 19 : c =  117953  cl =   8984  lit =  150202  p = 17966  d =     0  f =  2235  -  T =     0.22 sec
  [prof  19] wall= 219.246 p= 20201 | ifo=  4.356(sd=0.234 nx=0.190 tfo=3.476 cnt=0.457) snap= 0.335 srm= 18.897 sat=194.861(set=1.353 slv=192.473 max=0.3780 n=20201) cex=R/T/F=0/0/2235 trsplit=0 pending=0 sim= 0.018(rmp=0.002 run=0.015 n=1 d=0) incr=loc/full/maxdirty/keys=1/0/0/1204020 chk= 0.079(d=2231) stat= 0.335 rest= 0.364
  [incr r=19 repr=2435 next=1199 tfo=280086 active=102439/159186 POs=20075]
 20 : c =  116333  cl =   8868  lit =  147883  p = 17745  d =     0  f =  2330  -  T =     0.24 sec
  [prof  20] wall= 241.198 p= 20075 | ifo=  4.327(sd=0.223 nx=0.181 tfo=3.461 cnt=0.462) snap= 0.329 srm= 16.294 sat=219.358(set=2.253 slv=216.035 max=0.9312 n=20075) cex=R/T/F=0/0/2330 trsplit=0 pending=0 sim= 0.015(rmp=0.003 run=0.012 n=1 d=0) incr=loc/full/maxdirty/keys=1/0/0/1204020 chk= 0.099(d=2319) stat= 0.365 rest= 0.411
  [incr r=20 repr=2499 next=1219 tfo=277823 active=99295/156751 POs=19279]
 21 : c =  114714  cl =   8739  lit =  145591  p = 16977  d =     0  f =  2302  -  T =     0.25 sec
  [prof  21] wall= 245.489 p= 19279 | ifo=  4.998(sd=0.253 nx=0.196 tfo=4.041 cnt=0.508) snap= 0.336 srm= 16.511 sat=222.816(set=1.378 slv=220.425 max=0.4709 n=19279) cex=R/T/F=0/0/2302 trsplit=0 pending=0 sim= 0.014(rmp=0.003 run=0.011 n=1 d=0) incr=loc/full/maxdirty/keys=1/0/0/1204020 chk= 0.086(d=2292) stat= 0.340 rest= 0.388
  [incr r=21 repr=2374 next=1132 tfo=274566 active=96075/154330 POs=18469]
 22 : c =  113012  cl =   8595  lit =  143245  p = 16114  d =     0  f =  2355  -  T =     0.26 sec
  [prof  22] wall= 259.338 p= 18469 | ifo=  4.978(sd=0.228 nx=0.187 tfo=4.075 cnt=0.488) snap= 0.392 srm= 17.597 sat=235.480(set=1.378 slv=233.097 max=0.5827 n=18469) cex=R/T/F=0/0/2355 trsplit=0 pending=0 sim= 0.013(rmp=0.002 run=0.010 n=1 d=0) incr=loc/full/maxdirty/keys=1/0/0/1204020 chk= 0.081(d=2346) stat= 0.354 rest= 0.444
  [incr r=22 repr=2469 next=1039 tfo=265980 active=91674/151840 POs=17108]
 23 : c =  111258  cl =   8475  lit =  140997  p = 14849  d =     0  f =  2259  -  T =     0.26 sec
  [prof  23] wall= 255.692 p= 17108 | ifo=  4.682(sd=0.250 nx=0.249 tfo=3.722 cnt=0.462) snap= 0.337 srm= 16.832 sat=233.027(set=1.377 slv=230.733 max=0.5114 n=17108) cex=R/T/F=0/0/2259 trsplit=0 pending=0 sim= 0.012(rmp=0.002 run=0.009 n=1 d=0) incr=loc/full/maxdirty/keys=1/0/0/1204020 chk= 0.067(d=2248) stat= 0.358 rest= 0.376
  [incr r=23 repr=2380 next=813 tfo=256489 active=88392/149472 POs=15968]
 24 : c =  109501  cl =   8339  lit =  138790  p = 13738  d =     0  f =  2230  -  T =     0.27 sec
  [prof  24] wall= 269.477 p= 15968 | ifo=  4.777(sd=0.230 nx=0.186 tfo=3.903 cnt=0.458) snap= 0.351 srm= 18.107 sat=245.313(set=1.404 slv=242.997 max=0.4824 n=15968) cex=R/T/F=0/0/2230 trsplit=0 pending=0 sim= 0.013(rmp=0.002 run=0.010 n=1 d=0) incr=loc/full/maxdirty/keys=1/0/0/1204020 chk= 0.075(d=2207) stat= 0.374 rest= 0.466
  [incr r=24 repr=2283 next=712 tfo=252895 active=84836/147129 POs=14904]
 25 : c =  107689  cl =   8192  lit =  136578  p = 12654  d =     0  f =  2250  -  T =     0.28 sec
  [prof  25] wall= 277.663 p= 14904 | ifo=  5.023(sd=0.248 nx=0.198 tfo=4.090 cnt=0.487) snap= 0.327 srm= 17.106 sat=254.298(set=1.445 slv=252.006 max=0.6194 n=14904) cex=R/T/F=0/0/2250 trsplit=0 pending=0 sim= 0.012(rmp=0.002 run=0.009 n=1 d=0) incr=loc/full/maxdirty/keys=1/0/0/1204020 chk= 0.056(d=2212) stat= 0.409 rest= 0.433
  [incr r=25 repr=2384 next=592 tfo=252404 active=82317/144770 POs=13845]
 26 : c =  105845  cl =   8061  lit =  134392  p = 11628  d =     0  f =  2217  -  T =     0.29 sec
  [prof  26] wall= 288.893 p= 13845 | ifo=  4.665(sd=0.235 nx=0.194 tfo=3.780 cnt=0.456) snap= 0.349 srm= 17.057 sat=265.944(set=1.456 slv=263.708 max=0.8955 n=13845) cex=R/T/F=0/0/2217 trsplit=0 pending=0 sim= 0.013(rmp=0.003 run=0.011 n=1 d=0) incr=loc/full/maxdirty/keys=1/0/0/1204020 chk= 0.061(d=2186) stat= 0.358 rest= 0.447
  [incr r=26 repr=2332 next=505 tfo=242883 active=78630/142453 POs=12577]
 27 : c =  103935  cl =   7935  lit =  132181  p = 10337  d =     0  f =  2240  -  T =     0.29 sec
  [prof  27] wall= 289.566 p= 12577 | ifo=  4.008(sd=0.237 nx=0.194 tfo=3.113 cnt=0.463) snap= 0.334 srm= 16.329 sat=268.067(set=1.481 slv=265.859 max=0.5438 n=12577) cex=R/T/F=0/0/2240 trsplit=0 pending=0 sim= 0.014(rmp=0.003 run=0.011 n=1 d=0) incr=loc/full/maxdirty/keys=1/0/0/1204020 chk= 0.054(d=2211) stat= 0.368 rest= 0.393
  [incr r=27 repr=2270 next=429 tfo=239795 active=75361/140116 POs=11468]
 28 : c =  102055  cl =   7814  lit =  130016  p =  9265  d =     0  f =  2203  -  T =     0.27 sec
  [prof  28] wall= 274.201 p= 11468 | ifo=  4.393(sd=0.239 nx=0.196 tfo=3.500 cnt=0.458) snap= 0.336 srm= 15.791 sat=252.799(set=1.347 slv=250.782 max=0.5981 n=11468) cex=R/T/F=0/0/2203 trsplit=0 pending=0 sim= 0.013(rmp=0.003 run=0.009 n=1 d=0) incr=loc/full/maxdirty/keys=1/0/0/1204020 chk= 0.056(d=2165) stat= 0.366 rest= 0.447
  [incr r=28 repr=2236 next=391 tfo=237909 active=73124/137830 POs=10705]
 29 : c =  100421  cl =   7708  lit =  128055  p =  8701  d =     0  f =  2004  -  T =     0.25 sec
  [prof  29] wall= 250.876 p= 10705 | ifo=  4.590(sd=0.241 nx=0.201 tfo=3.686 cnt=0.462) snap= 0.339 srm= 16.046 sat=229.069(set=1.378 slv=227.076 max=0.7975 n=10705) cex=R/T/F=0/0/2004 trsplit=0 pending=0 sim= 0.016(rmp=0.003 run=0.013 n=1 d=0) incr=loc/full/maxdirty/keys=1/0/0/1204020 chk= 0.053(d=1961) stat= 0.355 rest= 0.406
  [incr r=29 repr=2110 next=449 tfo=240731 active=73284/135763 POs=10139]
 30 : c =   99081  cl =   7583  lit =  126353  p =  8383  d =     0  f =  1756  -  T =     0.21 sec
  [prof  30] wall= 210.934 p= 10139 | ifo=  4.887(sd=0.240 nx=0.200 tfo=3.966 cnt=0.481) snap= 0.332 srm= 16.111 sat=188.705(set=1.384 slv=186.697 max=0.8251 n=10139) cex=R/T/F=0/0/1756 trsplit=0 pending=0 sim= 0.016(rmp=0.003 run=0.013 n=1 d=0) incr=loc/full/maxdirty/keys=1/0/0/1204020 chk= 0.062(d=1702) stat= 0.398 rest= 0.424
  [incr r=30 repr=1846 next=493 tfo=242404 active=73258/133936 POs=9900]
 31 : c =   97813  cl =   7511  lit =  124816  p =  8322  d =     0  f =  1578  -  T =     0.20 sec
  [prof  31] wall= 200.247 p=  9900 | ifo=  5.028(sd=0.247 nx=0.295 tfo=4.035 cnt=0.450) snap= 0.343 srm= 16.494 sat=177.560(set=1.417 slv=175.590 max=0.3933 n=9900) cex=R/T/F=0/0/1578 trsplit=0 pending=0 sim= 0.013(rmp=0.002 run=0.010 n=1 d=0) incr=loc/full/maxdirty/keys=1/0/0/1204020 chk= 0.039(d=1537) stat= 0.344 rest= 0.427
  [incr r=31 repr=1652 next=380 tfo=255799 active=87461/132327 POs=10073]
 32 : c =   96653  cl =   7432  lit =  123423  p =  8649  d =     0  f =  1424  -  T =     0.21 sec
  [prof  32] wall= 206.313 p= 10073 | ifo=  5.057(sd=0.238 nx=0.188 tfo=4.014 cnt=0.616) snap= 0.416 srm= 21.161 sat=178.882(set=1.539 slv=176.759 max=0.6311 n=10073) cex=R/T/F=0/0/1424 trsplit=0 pending=0 sim= 0.013(rmp=0.002 run=0.011 n=1 d=0) incr=loc/full/maxdirty/keys=1/0/0/1204020 chk= 0.046(d=1393) stat= 0.344 rest= 0.393
  [incr r=32 repr=1506 next=329 tfo=231162 active=65577/130855 POs=9088]
 33 : c =   95528  cl =   7376  lit =  122079  p =  7713  d =     0  f =  1375  -  T =     0.19 sec
  [prof  33] wall= 190.982 p=  9088 | ifo=  3.721(sd=0.230 nx=0.191 tfo=2.847 cnt=0.454) snap= 0.341 srm= 16.127 sat=169.991(set=1.389 slv=168.005 max=0.6145 n=9088) cex=R/T/F=0/0/1375 trsplit=0 pending=0 sim= 0.015(rmp=0.003 run=0.012 n=1 d=0) incr=loc/full/maxdirty/keys=1/0/0/1204020 chk= 0.041(d=1344) stat= 0.351 rest= 0.394
  [incr r=33 repr=1452 next=327 tfo=229208 active=63633/129455 POs=8818]
 34 : c =   94477  cl =   7328  lit =  120848  p =  7565  d =     0  f =  1253  -  T =     0.18 sec
  [prof  34] wall= 183.348 p=  8818 | ifo=  4.591(sd=0.232 nx=0.197 tfo=3.678 cnt=0.484) snap= 0.361 srm= 16.530 sat=161.085(set=1.383 slv=159.198 max=0.6803 n=8818) cex=R/T/F=0/0/1253 trsplit=0 pending=0 sim= 0.014(rmp=0.002 run=0.012 n=1 d=0) incr=loc/full/maxdirty/keys=1/0/0/1204020 chk= 0.041(d=1231) stat= 0.342 rest= 0.385
  [incr r=34 repr=1328 next=247 tfo=226276 active=62018/128176 POs=8514]
 35 : c =   93457  cl =   7291  lit =  119694  p =  7337  d =     0  f =  1177  -  T =     0.18 sec
  [prof  35] wall= 178.695 p=  8514 | ifo=  3.622(sd=0.229 nx=0.189 tfo=2.770 cnt=0.434) snap= 0.433 srm= 19.683 sat=154.133(set=1.513 slv=152.116 max=0.6373 n=8514) cex=R/T/F=0/0/1177 trsplit=0 pending=0 sim= 0.016(rmp=0.003 run=0.012 n=1 d=0) incr=loc/full/maxdirty/keys=1/0/0/1204020 chk= 0.034(d=1154) stat= 0.366 rest= 0.408
  [incr r=35 repr=1213 next=194 tfo=204004 active=55327/126985 POs=7393]
 36 : c =   92504  cl =   7258  lit =  118624  p =  6310  d =     0  f =  1083  -  T =     0.16 sec
  [prof  36] wall= 163.919 p=  7393 | ifo=  3.864(sd=0.240 nx=0.203 tfo=2.942 cnt=0.480) snap= 0.328 srm= 15.921 sat=143.026(set=1.374 slv=141.212 max=0.9747 n=7393) cex=R/T/F=0/0/1083 trsplit=0 pending=0 sim= 0.012(rmp=0.003 run=0.009 n=1 d=0) incr=loc/full/maxdirty/keys=1/0/0/1204020 chk= 0.031(d=1070) stat= 0.342 rest= 0.394
  [incr r=36 repr=1128 next=170 tfo=200644 active=53697/125882 POs=7148]
 37 : c =   91607  cl =   7244  lit =  117646  p =  6165  d =     0  f =   983  -  T =     0.15 sec
  [prof  37] wall= 152.354 p=  7148 | ifo=  3.386(sd=0.235 nx=0.196 tfo=2.497 cnt=0.459) snap= 0.338 srm= 15.884 sat=131.996(set=1.326 slv=130.213 max=0.5159 n=7148) cex=R/T/F=0/0/983 trsplit=0 pending=0 sim= 0.015(rmp=0.002 run=0.012 n=1 d=0) incr=loc/full/maxdirty/keys=1/0/0/1204020 chk= 0.026(d=978) stat= 0.336 rest= 0.373
  [incr r=37 repr=1034 next=125 tfo=198442 active=52365/124890 POs=7026]
 38 : c =   90643  cl =   7237  lit =  116599  p =  5979  d =     0  f =  1047  -  T =     0.17 sec
  [prof  38] wall= 168.790 p=  7026 | ifo=  3.278(sd=0.227 nx=0.199 tfo=2.420 cnt=0.431) snap= 0.327 srm= 15.319 sat=149.018(set=1.335 slv=147.251 max=0.8054 n=7026) cex=R/T/F=0/0/1047 trsplit=0 pending=0 sim= 0.013(rmp=0.002 run=0.010 n=1 d=0) incr=loc/full/maxdirty/keys=1/0/0/1204020 chk= 0.028(d=1047) stat= 0.380 rest= 0.427
  [incr r=38 repr=1091 next=140 tfo=190993 active=50107/123836 POs=6607]
 39 : c =   89816  cl =   7215  lit =  115683  p =  5680  d =     0  f =   927  -  T =     0.15 sec
  [prof  39] wall= 147.461 p=  6607 | ifo=  3.233(sd=0.263 nx=0.192 tfo=2.301 cnt=0.477) snap= 0.327 srm= 15.304 sat=127.750(set=1.341 slv=126.024 max=0.8141 n=6607) cex=R/T/F=0/0/927 trsplit=0 pending=0 sim= 0.015(rmp=0.002 run=0.013 n=1 d=0) incr=loc/full/maxdirty/keys=1/0/0/1204020 chk= 0.029(d=916) stat= 0.407 rest= 0.397
  [incr r=39 repr=972 next=131 tfo=189466 active=48906/122898 POs=6449]
 40 : c =   89026  cl =   7204  lit =  114829  p =  5594  d =     0  f =   855  -  T =     0.14 sec
  [prof  40] wall= 140.681 p=  6449 | ifo=  3.186(sd=0.241 nx=0.196 tfo=2.313 cnt=0.436) snap= 0.338 srm= 15.387 sat=121.053(set=1.346 slv=119.351 max=0.4009 n=6449) cex=R/T/F=0/0/855 trsplit=0 pending=0 sim= 0.010(rmp=0.002 run=0.008 n=1 d=0) incr=loc/full/maxdirty/keys=1/0/0/1204020 chk= 0.018(d=854) stat= 0.330 rest= 0.360
  [incr r=40 repr=905 next=96 tfo=212392 active=59698/122033 POs=7743]
 41 : c =   88250  cl =   7197  lit =  114005  p =  6919  d =     0  f =   824  -  T =     0.14 sec
  [prof  41] wall= 140.821 p=  7743 | ifo=  3.325(sd=0.219 nx=0.188 tfo=2.491 cnt=0.426) snap= 0.341 srm= 15.869 sat=120.455(set=1.348 slv=118.672 max=0.6566 n=7743) cex=R/T/F=0/0/824 trsplit=0 pending=0 sim= 0.012(rmp=0.003 run=0.009 n=1 d=0) incr=loc/full/maxdirty/keys=1/0/0/1204020 chk= 0.023(d=824) stat= 0.349 rest= 0.448
  [incr r=41 repr=869 next=74 tfo=186152 active=47229/121202 POs=6128]
 42 : c =   87577  cl =   7190  lit =  113291  p =  5414  d =     0  f =   714  -  T =     0.12 sec
  [prof  42] wall= 116.624 p=  6128 | ifo=  4.277(sd=0.229 nx=0.194 tfo=3.287 cnt=0.567) snap= 0.351 srm= 14.920 sat= 96.330(set=1.259 slv=94.728 max=1.0666 n=6128) cex=R/T/F=0/0/714 trsplit=0 pending=0 sim= 0.011(rmp=0.002 run=0.009 n=1 d=0) incr=loc/full/maxdirty/keys=1/0/0/1204020 chk= 0.018(d=714) stat= 0.335 rest= 0.381
  [incr r=42 repr=756 next=62 tfo=176941 active=45237/120481 POs=5810]
 43 : c =   86932  cl =   7184  lit =  112609  p =  5127  d =     0  f =   683  -  T =     0.11 sec
  [prof  43] wall= 112.030 p=  5810 | ifo=  2.961(sd=0.225 nx=0.190 tfo=2.116 cnt=0.430) snap= 0.464 srm= 15.269 sat= 92.569(set=1.436 slv=90.804 max=0.4459 n=5810) cex=R/T/F=0/0/683 trsplit=0 pending=0 sim= 0.012(rmp=0.002 run=0.010 n=1 d=0) incr=loc/full/maxdirty/keys=1/0/0/1204020 chk= 0.018(d=682) stat= 0.335 rest= 0.400
  [incr r=43 repr=725 next=54 tfo=175109 active=44296/119793 POs=5643]
 44 : c =   86344  cl =   7178  lit =  111989  p =  5019  d =     0  f =   624  -  T =     0.10 sec
  [prof  44] wall= 104.028 p=  5643 | ifo=  2.999(sd=0.225 nx=0.191 tfo=2.139 cnt=0.443) snap= 0.338 srm= 14.010 sat= 85.974(set=1.188 slv=84.477 max=0.4033 n=5643) cex=R/T/F=0/0/624 trsplit=0 pending=0 sim= 0.010(rmp=0.002 run=0.008 n=1 d=0) incr=loc/full/maxdirty/keys=1/0/0/1204020 chk= 0.013(d=620) stat= 0.327 rest= 0.357
  [incr r=44 repr=632 next=50 tfo=166559 active=41882/119167 POs=5196]
 45 : c =   85806  cl =   7173  lit =  111416  p =  4622  d =     0  f =   574  -  T =     0.09 sec
  [prof  45] wall=  94.292 p=  5196 | ifo=  2.730(sd=0.215 nx=0.182 tfo=1.898 cnt=0.435) snap= 0.349 srm= 12.865 sat= 77.640(set=1.103 slv=76.248 max=0.6633 n=5196) cex=R/T/F=0/0/574 trsplit=0 pending=0 sim= 0.009(rmp=0.001 run=0.008 n=1 d=0) incr=loc/full/maxdirty/keys=1/0/0/1204020 chk= 0.012(d=573) stat= 0.326 rest= 0.360
  [incr r=45 repr=593 next=51 tfo=163091 active=41055/118589 POs=5072]
 46 : c =   85280  cl =   7170  lit =  110851  p =  4507  d =     0  f =   565  -  T =     0.09 sec
  [prof  46] wall=  89.809 p=  5072 | ifo=  2.873(sd=0.219 nx=0.186 tfo=2.031 cnt=0.437) snap= 0.335 srm= 13.913 sat= 71.902(set=1.094 slv=70.531 max=0.6282 n=5072) cex=R/T/F=0/0/565 trsplit=0 pending=0 sim= 0.013(rmp=0.002 run=0.011 n=1 d=0) incr=loc/full/maxdirty/keys=1/0/0/1204020 chk= 0.017(d=565) stat= 0.332 rest= 0.424
  [incr r=46 repr=592 next=65 tfo=160011 active=40186/118021 POs=4852]
 47 : c =   84795  cl =   7166  lit =  110332  p =  4333  d =     0  f =   519  -  T =     0.09 sec
  [prof  47] wall=  91.460 p=  4852 | ifo=  2.833(sd=0.222 nx=0.247 tfo=1.923 cnt=0.441) snap= 0.333 srm= 12.543 sat= 74.961(set=1.064 slv=73.599 max=0.9462 n=4852) cex=R/T/F=0/0/519 trsplit=0 pending=0 sim= 0.012(rmp=0.003 run=0.009 n=1 d=0) incr=loc/full/maxdirty/keys=1/0/0/1204020 chk= 0.018(d=519) stat= 0.369 rest= 0.393
  [incr r=47 repr=562 next=50 tfo=158272 active=39426/117498 POs=4734]
 48 : c =   84341  cl =   7164  lit =  109832  p =  4234  d =     0  f =   500  -  T =     0.09 sec
  [prof  48] wall=  85.911 p=  4734 | ifo=  2.867(sd=0.264 nx=0.240 tfo=1.929 cnt=0.433) snap= 0.405 srm= 14.103 sat= 67.745(set=1.262 slv=66.209 max=0.5385 n=4734) cex=R/T/F=0/0/500 trsplit=0 pending=0 sim= 0.012(rmp=0.003 run=0.009 n=1 d=0) incr=loc/full/maxdirty/keys=1/0/0/1204020 chk= 0.019(d=500) stat= 0.328 rest= 0.433
  [incr r=48 repr=513 next=75 tfo=151380 active=38463/116996 POs=4560]
 49 : c =   83903  cl =   7163  lit =  109357  p =  4085  d =     0  f =   475  -  T =     0.08 sec
  [prof  49] wall=  81.571 p=  4560 | ifo=  2.799(sd=0.223 nx=0.190 tfo=1.901 cnt=0.486) snap= 0.338 srm= 11.375 sat= 66.333(set=0.946 slv=65.132 max=0.5728 n=4560) cex=R/T/F=0/0/475 trsplit=0 pending=0 sim= 0.012(rmp=0.002 run=0.009 n=1 d=0) incr=loc/full/maxdirty/keys=1/0/0/1204020 chk= 0.017(d=475) stat= 0.327 rest= 0.370
  [incr r=49 repr=648 next=61 tfo=150060 active=37813/116520 POs=4486]
 50 : c =   83482  cl =   7163  lit =  108891  p =  4020  d =     0  f =   466  -  T =     0.08 sec
  [prof  50] wall=  81.067 p=  4486 | ifo=  2.530(sd=0.220 nx=0.192 tfo=1.674 cnt=0.444) snap= 0.327 srm= 11.231 sat= 66.278(set=0.941 slv=65.085 max=0.4349 n=4486) cex=R/T/F=0/0/466 trsplit=0 pending=0 sim= 0.010(rmp=0.002 run=0.008 n=1 d=0) incr=loc/full/maxdirty/keys=1/0/0/1204020 chk= 0.016(d=466) stat= 0.321 rest= 0.354
  [incr r=50 repr=622 next=68 tfo=149193 active=37185/116054 POs=4405]
 51 : c =   83108  cl =   7163  lit =  108485  p =  3999  d =     0  f =   406  -  T =     0.07 sec
  [prof  51] wall=  74.605 p=  4405 | ifo=  2.336(sd=0.217 nx=0.172 tfo=1.507 cnt=0.441) snap= 0.337 srm= 11.205 sat= 60.021(set=0.960 slv=58.821 max=0.5476 n=4405) cex=R/T/F=0/0/406 trsplit=0 pending=0 sim= 0.009(rmp=0.002 run=0.007 n=1 d=0) incr=loc/full/maxdirty/keys=1/0/0/1204020 chk= 0.011(d=406) stat= 0.328 rest= 0.358
  [incr r=51 repr=428 next=51 tfo=147461 active=36529/115648 POs=4370]
 52 : c =   82706  cl =   7161  lit =  108040  p =  3925  d =     0  f =   445  -  T =     0.08 sec
  [prof  52] wall=  76.997 p=  4370 | ifo=  2.315(sd=0.212 nx=0.168 tfo=1.470 cnt=0.464) snap= 0.336 srm= 10.791 sat= 62.802(set=1.536 slv=60.993 max=0.4881 n=4370) cex=R/T/F=0/0/445 trsplit=0 pending=0 sim= 0.012(rmp=0.002 run=0.009 n=1 d=0) incr=loc/full/maxdirty/keys=1/0/0/1204020 chk= 0.013(d=445) stat= 0.338 rest= 0.391
  [incr r=52 repr=460 next=68 tfo=144995 active=35449/115201 POs=4284]
 53 : c =   82337  cl =   7157  lit =  107641  p =  3885  d =     0  f =   399  -  T =     0.07 sec
  [prof  53] wall=  68.099 p=  4284 | ifo=  2.503(sd=0.222 nx=0.197 tfo=1.644 cnt=0.440) snap= 0.339 srm= 10.895 sat= 53.598(set=0.905 slv=52.460 max=0.8282 n=4284) cex=R/T/F=0/0/399 trsplit=0 pending=0 sim= 0.011(rmp=0.002 run=0.008 n=1 d=0) incr=loc/full/maxdirty/keys=1/0/0/1204020 chk= 0.010(d=399) stat= 0.326 rest= 0.417
  [incr r=53 repr=403 next=51 tfo=144085 active=34877/114798 POs=4250]
 54 : c =   81977  cl =   7156  lit =  107246  p =  3855  d =     0  f =   395  -  T =     0.07 sec
  [prof  54] wall=  65.892 p=  4250 | ifo=  2.434(sd=0.220 nx=0.181 tfo=1.588 cnt=0.445) snap= 0.398 srm= 11.329 sat= 51.006(set=1.103 slv=49.665 max=0.4279 n=4250) cex=R/T/F=0/0/395 trsplit=0 pending=0 sim= 0.011(rmp=0.002 run=0.008 n=1 d=0) incr=loc/full/maxdirty/keys=1/0/0/1204020 chk= 0.012(d=395) stat= 0.327 rest= 0.376
  [incr r=54 repr=396 next=58 tfo=143462 active=34384/114402 POs=4222]
 55 : c =   81648  cl =   7155  lit =  106888  p =  3864  d =     0  f =   358  -  T =     0.06 sec
  [prof  55] wall=  63.728 p=  4222 | ifo=  2.430(sd=0.219 nx=0.192 tfo=1.566 cnt=0.453) snap= 0.341 srm= 10.880 sat= 49.287(set=0.915 slv=48.125 max=1.0116 n=4222) cex=R/T/F=0/0/358 trsplit=0 pending=0 sim= 0.016(rmp=0.002 run=0.013 n=1 d=0) incr=loc/full/maxdirty/keys=1/0/0/1204020 chk= 0.011(d=358) stat= 0.351 rest= 0.414
  [incr r=55 repr=369 next=51 tfo=142204 active=33773/114043 POs=4207]
 56 : c =   81315  cl =   7152  lit =  106525  p =  3844  d =     0  f =   363  -  T =     0.06 sec
  [prof  56] wall=  57.737 p=  4207 | ifo=  2.766(sd=0.268 nx=0.222 tfo=1.812 cnt=0.464) snap= 0.333 srm= 11.485 sat= 42.418(set=0.923 slv=41.271 max=0.4465 n=4207) cex=R/T/F=0/0/363 trsplit=0 pending=0 sim= 0.011(rmp=0.002 run=0.009 n=1 d=0) incr=loc/full/maxdirty/keys=1/0/0/1204020 chk= 0.010(d=363) stat= 0.328 rest= 0.385
  [incr r=56 repr=363 next=51 tfo=141462 active=33274/113677 POs=4166]
 57 : c =   81019  cl =   7148  lit =  106201  p =  3842  d =     0  f =   324  -  T =     0.06 sec
  [prof  57] wall=  55.588 p=  4166 | ifo=  2.411(sd=0.224 nx=0.183 tfo=1.567 cnt=0.438) snap= 0.339 srm= 11.157 sat= 40.983(set=0.905 slv=39.850 max=0.3303 n=4166) cex=R/T/F=0/0/324 trsplit=0 pending=0 sim= 0.010(rmp=0.002 run=0.008 n=1 d=0) incr=loc/full/maxdirty/keys=1/0/0/1204020 chk= 0.010(d=324) stat= 0.318 rest= 0.359
  [incr r=57 repr=331 next=45 tfo=139850 active=32689/113349 POs=4106]
 58 : c =   80761  cl =   7147  lit =  105920  p =  3825  d =     0  f =   281  -  T =     0.05 sec
  [prof  58] wall=  47.004 p=  4106 | ifo=  2.147(sd=0.211 nx=0.166 tfo=1.353 cnt=0.417) snap= 0.326 srm= 10.686 sat= 32.744(set=0.911 slv=31.604 max=0.2646 n=4106) cex=R/T/F=0/0/281 trsplit=0 pending=0 sim= 0.013(rmp=0.002 run=0.011 n=1 d=0) incr=loc/full/maxdirty/keys=1/0/0/1204020 chk= 0.010(d=281) stat= 0.414 rest= 0.663
  [incr r=58 repr=281 next=41 tfo=137462 active=31893/113067 POs=4098]
 59 : c =   80498  cl =   7146  lit =  105629  p =  3807  d =     0  f =   291  -  T =     0.05 sec
  [prof  59] wall=  45.469 p=  4098 | ifo=  2.438(sd=0.202 nx=0.174 tfo=1.576 cnt=0.485) snap= 0.335 srm= 10.557 sat= 31.439(set=0.878 slv=30.263 max=0.2527 n=4098) cex=R/T/F=0/0/291 trsplit=0 pending=0 sim= 0.010(rmp=0.001 run=0.008 n=1 d=0) incr=loc/full/maxdirty/keys=1/0/0/1204020 chk= 0.009(d=291) stat= 0.329 rest= 0.352
  [incr r=59 repr=291 next=48 tfo=133302 active=30291/112775 POs=3990]
 60 : c =   80240  cl =   7144  lit =  105327  p =  3688  d =     0  f =   302  -  T =     0.05 sec
  [prof  60] wall=  48.346 p=  3990 | ifo=  2.065(sd=0.208 nx=0.167 tfo=1.290 cnt=0.400) snap= 0.335 srm= 10.362 sat= 34.818(set=0.865 slv=33.736 max=0.3474 n=3990) cex=R/T/F=0/0/302 trsplit=0 pending=0 sim= 0.012(rmp=0.002 run=0.010 n=1 d=0) incr=loc/full/maxdirty/keys=1/0/0/1204020 chk= 0.011(d=302) stat= 0.397 rest= 0.347
  [incr r=60 repr=305 next=75 tfo=132168 active=29750/112471 POs=3967]
 61 : c =   80003  cl =   7142  lit =  105037  p =  3677  d =     0  f =   290  -  T =     0.04 sec
  [prof  61] wall=  44.908 p=  3967 | ifo=  2.307(sd=0.230 nx=0.198 tfo=1.444 cnt=0.435) snap= 0.324 srm= 10.445 sat= 31.008(set=0.871 slv=29.921 max=0.3241 n=3967) cex=R/T/F=0/0/290 trsplit=0 pending=0 sim= 0.020(rmp=0.002 run=0.018 n=1 d=0) incr=loc/full/maxdirty/keys=1/0/0/1204020 chk= 0.014(d=290) stat= 0.353 rest= 0.435
  [incr r=61 repr=290 next=84 tfo=131024 active=29285/112179 POs=3901]
 62 : c =   79783  cl =   7139  lit =  104766  p =  3630  d =     0  f =   271  -  T =     0.04 sec
  [prof  62] wall=  41.731 p=  3901 | ifo=  2.415(sd=0.250 nx=0.230 tfo=1.500 cnt=0.435) snap= 0.335 srm= 10.277 sat= 27.985(set=0.855 slv=26.921 max=0.2467 n=3901) cex=R/T/F=0/0/271 trsplit=0 pending=0 sim= 0.012(rmp=0.002 run=0.010 n=1 d=0) incr=loc/full/maxdirty/keys=1/0/0/1204020 chk= 0.012(d=271) stat= 0.323 rest= 0.371
  [incr r=62 repr=271 next=82 tfo=129998 active=28823/111905 POs=3933]
 63 : c =   79526  cl =   7138  lit =  104474  p =  3641  d =     0  f =   292  -  T =     0.05 sec
  [prof  63] wall=  45.466 p=  3933 | ifo=  3.356(sd=0.261 nx=0.780 tfo=1.764 cnt=0.550) snap= 0.340 srm= 11.825 sat= 29.248(set=0.847 slv=28.193 max=0.2772 n=3933) cex=R/T/F=0/0/292 trsplit=0 pending=0 sim= 0.011(rmp=0.002 run=0.009 n=1 d=0) incr=loc/full/maxdirty/keys=1/0/0/1204020 chk= 0.009(d=292) stat= 0.325 rest= 0.350
  [incr r=63 repr=292 next=59 tfo=128881 active=28390/111612 POs=3940]
 64 : c =   79286  cl =   7138  lit =  104198  p =  3664  d =     0  f =   276  -  T =     0.04 sec
  [prof  64] wall=  45.053 p=  3940 | ifo=  1.994(sd=0.208 nx=0.177 tfo=1.198 cnt=0.412) snap= 0.348 srm= 10.597 sat= 31.379(set=0.863 slv=30.304 max=0.2442 n=3940) cex=R/T/F=0/0/276 trsplit=0 pending=0 sim= 0.013(rmp=0.002 run=0.010 n=1 d=0) incr=loc/full/maxdirty/keys=1/0/0/1204020 chk= 0.011(d=276) stat= 0.324 rest= 0.387
  [incr r=64 repr=276 next=60 tfo=127785 active=27927/111336 POs=3914]
 65 : c =   79056  cl =   7134  lit =  103930  p =  3646  d =     0  f =   268  -  T =     0.04 sec
  [prof  65] wall=  42.279 p=  3914 | ifo=  2.281(sd=0.222 nx=0.192 tfo=1.421 cnt=0.445) snap= 0.338 srm= 10.441 sat= 28.288(set=1.010 slv=27.063 max=0.4968 n=3914) cex=R/T/F=0/0/268 trsplit=0 pending=0 sim= 0.017(rmp=0.003 run=0.014 n=1 d=0) incr=loc/full/maxdirty/keys=1/0/0/1204020 chk= 0.011(d=268) stat= 0.319 rest= 0.584
  [incr r=65 repr=268 next=62 tfo=126679 active=27544/111064 POs=3859]
 66 : c =   78825  cl =   7131  lit =  103660  p =  3589  d =     0  f =   270  -  T =     0.04 sec
  [prof  66] wall=  42.122 p=  3859 | ifo=  2.009(sd=0.212 nx=0.167 tfo=1.216 cnt=0.414) snap= 0.332 srm= 10.199 sat= 28.856(set=0.867 slv=27.765 max=0.3212 n=3859) cex=R/T/F=0/0/270 trsplit=0 pending=0 sim= 0.014(rmp=0.003 run=0.010 n=1 d=0) incr=loc/full/maxdirty/keys=1/0/0/1204020 chk= 0.011(d=270) stat= 0.317 rest= 0.384
  [incr r=66 repr=270 next=63 tfo=125439 active=27075/110791 POs=3821]
 67 : c =   78617  cl =   7129  lit =  103416  p =  3577  d =     0  f =   244  -  T =     0.04 sec
  [prof  67] wall=  41.762 p=  3821 | ifo=  2.200(sd=0.215 nx=0.184 tfo=1.348 cnt=0.454) snap= 0.326 srm= 10.721 sat= 27.826(set=0.849 slv=26.775 max=0.2228 n=3821) cex=R/T/F=0/0/244 trsplit=0 pending=0 sim= 0.012(rmp=0.002 run=0.010 n=1 d=0) incr=loc/full/maxdirty/keys=1/0/0/1204020 chk= 0.009(d=244) stat= 0.318 rest= 0.349
  [incr r=67 repr=244 next=57 tfo=123954 active=26711/110545 POs=3764]
 68 : c =   78426  cl =   7127  lit =  103193  p =  3541  d =     0  f =   223  -  T =     0.04 sec
  [prof  68] wall=  41.304 p=  3764 | ifo=  1.996(sd=0.209 nx=0.180 tfo=1.194 cnt=0.413) snap= 0.326 srm= 10.121 sat= 28.138(set=0.832 slv=27.094 max=0.2580 n=3764) cex=R/T/F=0/0/223 trsplit=0 pending=0 sim= 0.014(rmp=0.002 run=0.011 n=1 d=0) incr=loc/full/maxdirty/keys=1/0/0/1204020 chk= 0.009(d=223) stat= 0.323 rest= 0.377
  [incr r=68 repr=223 next=53 tfo=122526 active=26281/110320 POs=3718]
 69 : c =   78242  cl =   7124  lit =  102979  p =  3504  d =     0  f =   214  -  T =     0.04 sec
  [prof  69] wall=  41.627 p=  3718 | ifo=  2.117(sd=0.216 nx=0.183 tfo=1.293 cnt=0.425) snap= 0.363 srm= 10.244 sat= 28.128(set=0.849 slv=27.060 max=0.3752 n=3718) cex=R/T/F=0/0/214 trsplit=0 pending=0 sim= 0.014(rmp=0.002 run=0.011 n=1 d=0) incr=loc/full/maxdirty/keys=1/0/0/1204020 chk= 0.011(d=214) stat= 0.349 rest= 0.402
  [incr r=69 repr=214 next=46 tfo=121544 active=25972/110103 POs=3639]
 70 : c =   78084  cl =   7121  lit =  102799  p =  3459  d =     0  f =   180  -  T =     0.04 sec
  [prof  70] wall=  38.578 p=  3639 | ifo=  2.355(sd=0.229 nx=0.196 tfo=1.443 cnt=0.487) snap= 0.351 srm= 10.844 sat= 24.241(set=0.851 slv=23.192 max=0.2678 n=3639) cex=R/T/F=0/0/180 trsplit=0 pending=0 sim= 0.013(rmp=0.002 run=0.011 n=1 d=0) incr=loc/full/maxdirty/keys=1/0/0/1204020 chk= 0.009(d=180) stat= 0.330 rest= 0.435
  [incr r=70 repr=190 next=33 tfo=95978 active=21908/109920 POs=2792]
 71 : c =   77936  cl =   7116  lit =  102629  p =  2622  d =     0  f =   170  -  T =     0.03 sec
  [prof  71] wall=  32.648 p=  2792 | ifo=  1.941(sd=0.223 nx=0.201 tfo=1.056 cnt=0.461) snap= 0.384 srm=  9.487 sat= 20.097(set=0.813 slv=19.137 max=0.3660 n=2792) cex=R/T/F=0/0/170 trsplit=0 pending=0 sim= 0.009(rmp=0.002 run=0.007 n=1 d=0) incr=loc/full/maxdirty/keys=1/0/0/1204020 chk= 0.006(d=170) stat= 0.374 rest= 0.349
  [incr r=71 repr=170 next=31 tfo=94504 active=21569/109745 POs=2752]
 72 : c =   77792  cl =   7113  lit =  102474  p =  2597  d =     0  f =   155  -  T =     0.03 sec
  [prof  72] wall=  33.111 p=  2752 | ifo=  1.738(sd=0.220 nx=0.173 tfo=0.928 cnt=0.417) snap= 0.339 srm=  9.289 sat= 21.056(set=0.754 slv=20.157 max=0.3181 n=2752) cex=R/T/F=0/0/155 trsplit=0 pending=0 sim= 0.009(rmp=0.002 run=0.007 n=1 d=0) incr=loc/full/maxdirty/keys=1/0/0/1204020 chk= 0.005(d=155) stat= 0.321 rest= 0.355
  [incr r=72 repr=155 next=14 tfo=93172 active=21248/109587 POs=2699]
 73 : c =   77648  cl =   7111  lit =  102322  p =  2547  d =     0  f =   152  -  T =     0.03 sec
  [prof  73] wall=  32.668 p=  2699 | ifo=  1.743(sd=0.212 nx=0.175 tfo=0.922 cnt=0.434) snap= 0.346 srm=  9.163 sat= 20.722(set=0.743 slv=19.834 max=0.3673 n=2699) cex=R/T/F=0/0/152 trsplit=0 pending=0 sim= 0.008(rmp=0.002 run=0.007 n=1 d=0) incr=loc/full/maxdirty/keys=1/0/0/1204020 chk= 0.004(d=152) stat= 0.329 rest= 0.352
  [incr r=73 repr=152 next=10 tfo=91685 active=20982/109433 POs=2676]
 74 : c =   77515  cl =   7107  lit =  102176  p =  2530  d =     0  f =   146  -  T =     0.03 sec
  [prof  74] wall=  30.731 p=  2676 | ifo=  1.684(sd=0.212 nx=0.179 tfo=0.868 cnt=0.424) snap= 0.350 srm=  9.158 sat= 18.835(set=0.740 slv=17.952 max=0.3849 n=2676) cex=R/T/F=0/0/146 trsplit=0 pending=0 sim= 0.009(rmp=0.002 run=0.007 n=1 d=0) incr=loc/full/maxdirty/keys=1/0/0/1204020 chk= 0.006(d=146) stat= 0.321 rest= 0.368
  [incr r=74 repr=146 next=17 tfo=89755 active=20631/109283 POs=2624]
 75 : c =   77409  cl =   7105  lit =  102059  p =  2506  d =     0  f =   118  -  T =     0.03 sec
  [prof  75] wall=  28.899 p=  2624 | ifo=  1.811(sd=0.215 nx=0.177 tfo=0.979 cnt=0.439) snap= 0.339 srm=  9.251 sat= 16.785(set=0.725 slv=15.919 max=0.2248 n=2624) cex=R/T/F=0/0/118 trsplit=0 pending=0 sim= 0.008(rmp=0.001 run=0.007 n=1 d=0) incr=loc/full/maxdirty/keys=1/0/0/1204020 chk= 0.005(d=117) stat= 0.327 rest= 0.373
  [incr r=75 repr=117 next=17 tfo=87764 active=20334/109164 POs=2578]
 76 : c =   77321  cl =   7104  lit =  101959  p =  2478  d =     0  f =   100  -  T =     0.03 sec
  [prof  76] wall=  34.212 p=  2578 | ifo=  1.656(sd=0.214 nx=0.174 tfo=0.832 cnt=0.436) snap= 0.354 srm= 10.263 sat= 21.139(set=0.856 slv=20.130 max=0.7062 n=2578) cex=R/T/F=0/0/100 trsplit=0 pending=0 sim= 0.018(rmp=0.002 run=0.016 n=1 d=0) incr=loc/full/maxdirty/keys=1/0/0/1204020 chk= 0.006(d=100) stat= 0.349 rest= 0.425
  [incr r=76 repr=100 next=16 tfo=45700 active=4035/109063 POs=544]
 77 : c =   77241  cl =   7103  lit =  101871  p =   456  d =     0  f =    88  -  T =     0.02 sec
  [prof  77] wall=  22.589 p=   544 | ifo=  1.715(sd=0.271 nx=0.216 tfo=0.730 cnt=0.498) snap= 0.332 srm=  8.745 sat= 11.112(set=0.565 slv=10.510 max=0.2857 n=544) cex=R/T/F=0/0/88 trsplit=0 pending=0 sim= 0.010(rmp=0.001 run=0.009 n=1 d=0) incr=loc/full/maxdirty/keys=1/0/0/1204020 chk= 0.003(d=88) stat= 0.312 rest= 0.359
  [incr r=77 repr=89 next=9 tfo=43690 active=3856/108974 POs=517]
 78 : c =   77167  cl =   7102  lit =  101796  p =   442  d =     0  f =    75  -  T =     0.02 sec
  [prof  78] wall=  16.546 p=   517 | ifo=  1.171(sd=0.210 nx=0.164 tfo=0.398 cnt=0.399) snap= 0.328 srm=  6.733 sat=  7.643(set=0.486 slv=7.127 max=0.1827 n=517) cex=R/T/F=0/0/75 trsplit=0 pending=0 sim= 0.008(rmp=0.001 run=0.006 n=1 d=0) incr=loc/full/maxdirty/keys=1/0/0/1204020 chk= 0.001(d=75) stat= 0.302 rest= 0.361
  [incr r=78 repr=75 next=1 tfo=41405 active=3556/108898 POs=481]
 79 : c =   77101  cl =   7102  lit =  101730  p =   415  d =     0  f =    66  -  T =     0.01 sec
  [prof  79] wall=  15.234 p=   481 | ifo=  1.139(sd=0.198 nx=0.158 tfo=0.363 cnt=0.420) snap= 0.335 srm=  6.436 sat=  6.659(set=0.469 slv=6.162 max=0.2146 n=481) cex=R/T/F=0/0/66 trsplit=0 pending=0 sim= 0.008(rmp=0.001 run=0.006 n=1 d=0) incr=loc/full/maxdirty/keys=1/0/0/1204020 chk= 0.001(d=66) stat= 0.311 rest= 0.345
  [incr r=79 repr=66 next=0 tfo=40453 active=3432/108832 POs=471]
 80 : c =   77043  cl =   7102  lit =  101672  p =   413  d =     0  f =    58  -  T =     0.01 sec
  [prof  80] wall=  14.657 p=   471 | ifo=  1.185(sd=0.216 nx=0.171 tfo=0.385 cnt=0.412) snap= 0.330 srm=  6.564 sat=  5.911(set=0.471 slv=5.413 max=0.2214 n=471) cex=R/T/F=0/0/58 trsplit=0 pending=0 sim= 0.009(rmp=0.002 run=0.007 n=1 d=0) incr=loc/full/maxdirty/keys=1/0/0/1204020 chk= 0.001(d=58) stat= 0.305 rest= 0.351
  [incr r=80 repr=58 next=0 tfo=38814 active=3169/108774 POs=458]
 81 : c =   76986  cl =   7102  lit =  101615  p =   401  d =     0  f =    57  -  T =     0.02 sec
  [prof  81] wall=  16.521 p=   458 | ifo=  1.158(sd=0.218 nx=0.167 tfo=0.361 cnt=0.412) snap= 0.477 srm=  8.344 sat=  5.887(set=0.456 slv=5.406 max=0.2300 n=458) cex=R/T/F=0/0/57 trsplit=0 pending=0 sim= 0.009(rmp=0.002 run=0.006 n=1 d=0) incr=loc/full/maxdirty/keys=1/0/0/1204020 chk= 0.001(d=57) stat= 0.302 rest= 0.342
  [incr r=81 repr=57 next=0 tfo=38205 active=3055/108717 POs=464]
 82 : c =   76919  cl =   7101  lit =  101547  p =   396  d =     0  f =    68  -  T =     0.02 sec
  [prof  82] wall=  16.432 p=   464 | ifo=  1.138(sd=0.201 nx=0.160 tfo=0.381 cnt=0.396) snap= 0.334 srm=  6.562 sat=  7.733(set=0.455 slv=7.251 max=0.2198 n=464) cex=R/T/F=0/0/68 trsplit=0 pending=0 sim= 0.008(rmp=0.001 run=0.006 n=1 d=0) incr=loc/full/maxdirty/keys=1/0/0/1204020 chk= 0.001(d=68) stat= 0.310 rest= 0.347
  [incr r=82 repr=68 next=1 tfo=36850 active=2890/108648 POs=445]
 83 : c =   76863  cl =   7101  lit =  101491  p =   389  d =     0  f =    56  -  T =     0.02 sec
  [prof  83] wall=  15.738 p=   445 | ifo=  1.139(sd=0.208 nx=0.165 tfo=0.333 cnt=0.434) snap= 0.330 srm=  6.248 sat=  7.353(set=0.454 slv=6.873 max=0.2116 n=445) cex=R/T/F=0/0/56 trsplit=0 pending=0 sim= 0.007(rmp=0.001 run=0.006 n=1 d=0) incr=loc/full/maxdirty/keys=1/0/0/1204020 chk= 0.001(d=56) stat= 0.313 rest= 0.346
  [incr r=83 repr=56 next=0 tfo=35284 active=2708/108592 POs=423]
 84 : c =   76817  cl =   7101  lit =  101445  p =   377  d =     0  f =    46  -  T =     0.01 sec
  [prof  84] wall=  15.098 p=   423 | ifo=  1.114(sd=0.216 nx=0.161 tfo=0.307 cnt=0.430) snap= 0.324 srm=  6.373 sat=  6.608(set=0.423 slv=6.159 max=0.2502 n=423) cex=R/T/F=0/0/46 trsplit=0 pending=0 sim= 0.008(rmp=0.002 run=0.006 n=1 d=0) incr=loc/full/maxdirty/keys=1/0/0/1204020 chk= 0.001(d=46) stat= 0.320 rest= 0.350
  [incr r=84 repr=46 next=0 tfo=32095 active=2379/108546 POs=383]
 85 : c =   76775  cl =   7101  lit =  101403  p =   341  d =     0  f =    42  -  T =     0.01 sec
  [prof  85] wall=  14.673 p=   383 | ifo=  1.078(sd=0.203 nx=0.163 tfo=0.294 cnt=0.418) snap= 0.324 srm=  6.224 sat=  6.375(set=0.422 slv=5.930 max=0.2355 n=383) cex=R/T/F=0/0/42 trsplit=0 pending=0 sim= 0.008(rmp=0.001 run=0.006 n=1 d=0) incr=loc/full/maxdirty/keys=1/0/0/1204020 chk= 0.001(d=42) stat= 0.317 rest= 0.348
  [incr r=85 repr=42 next=0 tfo=29165 active=1636/108504 POs=345]
 86 : c =   76739  cl =   7101  lit =  101367  p =   309  d =     0  f =    36  -  T =     0.01 sec
  [prof  86] wall=  13.112 p=   345 | ifo=  1.034(sd=0.203 nx=0.161 tfo=0.253 cnt=0.417) snap= 0.352 srm=  6.072 sat=  4.996(set=0.411 slv=4.565 max=0.2208 n=345) cex=R/T/F=0/0/36 trsplit=0 pending=0 sim= 0.008(rmp=0.002 run=0.006 n=1 d=0) incr=loc/full/maxdirty/keys=1/0/0/1204020 chk= 0.001(d=36) stat= 0.306 rest= 0.342
  [incr r=86 repr=36 next=0 tfo=21713 active=1340/108468 POs=282]
 87 : c =   76711  cl =   7101  lit =  101339  p =   254  d =     0  f =    28  -  T =     0.01 sec
  [prof  87] wall=  11.901 p=   282 | ifo=  1.216(sd=0.210 nx=0.166 tfo=0.205 cnt=0.635) snap= 0.314 srm=  5.821 sat=  3.931(set=0.348 slv=3.567 max=0.2210 n=282) cex=R/T/F=0/0/28 trsplit=0 pending=0 sim= 0.007(rmp=0.001 run=0.006 n=1 d=0) incr=loc/full/maxdirty/keys=1/0/0/1204020 chk= 0.001(d=28) stat= 0.288 rest= 0.323
  [incr r=87 repr=28 next=0 tfo=20168 active=1101/108440 POs=158]
 88 : c =   76683  cl =   7101  lit =  101311  p =   130  d =     0  f =    28  -  T =     0.01 sec
  [prof  88] wall=  10.354 p=   158 | ifo=  0.903(sd=0.190 nx=0.160 tfo=0.170 cnt=0.383) snap= 0.323 srm=  4.621 sat=  3.853(set=0.283 slv=3.561 max=0.2321 n=158) cex=R/T/F=0/0/28 trsplit=0 pending=0 sim= 0.008(rmp=0.002 run=0.006 n=1 d=0) incr=loc/full/maxdirty/keys=1/0/0/1204020 chk= 0.000(d=28) stat= 0.305 rest= 0.340
  [incr r=88 repr=28 next=0 tfo=19215 active=988/108412 POs=149]
 89 : c =   76656  cl =   7101  lit =  101284  p =   122  d =     0  f =    27  -  T =     0.01 sec
  [prof  89] wall=  11.201 p=   149 | ifo=  1.656(sd=0.195 nx=0.157 tfo=0.388 cnt=0.917) snap= 0.331 srm=  4.835 sat=  3.749(set=0.284 slv=3.456 max=0.2460 n=149) cex=R/T/F=0/0/27 trsplit=0 pending=0 sim= 0.007(rmp=0.001 run=0.005 n=1 d=0) incr=loc/full/maxdirty/keys=1/0/0/1204020 chk= 0.001(d=27) stat= 0.295 rest= 0.327
  [incr r=89 repr=27 next=0 tfo=18626 active=920/108385 POs=137]
 90 : c =   76635  cl =   7101  lit =  101263  p =   116  d =     0  f =    21  -  T =     0.01 sec
  [prof  90] wall=   9.532 p=   137 | ifo=  0.903(sd=0.196 nx=0.156 tfo=0.158 cnt=0.392) snap= 0.346 srm=  4.553 sat=  3.024(set=0.279 slv=2.736 max=0.1985 n=137) cex=R/T/F=0/0/21 trsplit=0 pending=0 sim= 0.008(rmp=0.002 run=0.006 n=1 d=0) incr=loc/full/maxdirty/keys=1/0/0/1204020 chk= 0.001(d=21) stat= 0.303 rest= 0.394
  [incr r=90 repr=21 next=0 tfo=17571 active=826/108364 POs=122]
 91 : c =   76617  cl =   7101  lit =  101245  p =   104  d =     0  f =    18  -  T =     0.01 sec
  [prof  91] wall=   9.188 p=   122 | ifo=  0.945(sd=0.203 nx=0.168 tfo=0.159 cnt=0.415) snap= 0.314 srm=  4.450 sat=  2.839(set=0.233 slv=2.598 max=0.2102 n=122) cex=R/T/F=0/0/18 trsplit=0 pending=0 sim= 0.008(rmp=0.001 run=0.006 n=1 d=0) incr=loc/full/maxdirty/keys=1/0/0/1204020 chk= 0.000(d=18) stat= 0.300 rest= 0.333
  [incr r=91 repr=18 next=0 tfo=16915 active=766/108346 POs=112]
 92 : c =   76601  cl =   7101  lit =  101229  p =    96  d =     0  f =    16  -  T =     0.01 sec
  [prof  92] wall=   8.809 p=   112 | ifo=  0.905(sd=0.199 nx=0.159 tfo=0.150 cnt=0.396) snap= 0.333 srm=  4.317 sat=  2.626(set=0.227 slv=2.391 max=0.2493 n=112) cex=R/T/F=0/0/16 trsplit=0 pending=0 sim= 0.007(rmp=0.001 run=0.006 n=1 d=0) incr=loc/full/maxdirty/keys=1/0/0/1204020 chk= 0.000(d=16) stat= 0.297 rest= 0.323
  [incr r=92 repr=16 next=0 tfo=15538 active=682/108330 POs=100]
 93 : c =   76588  cl =   7101  lit =  101216  p =    87  d =     0  f =    13  -  T =     0.01 sec
  [prof  93] wall=   7.909 p=   100 | ifo=  0.853(sd=0.190 nx=0.152 tfo=0.129 cnt=0.382) snap= 0.323 srm=  3.958 sat=  2.158(set=0.214 slv=1.938 max=0.2279 n=100) cex=R/T/F=0/0/13 trsplit=0 pending=0 sim= 0.007(rmp=0.001 run=0.006 n=1 d=0) incr=loc/full/maxdirty/keys=1/0/0/1204020 chk= 0.000(d=13) stat= 0.291 rest= 0.320
  [incr r=93 repr=13 next=0 tfo=8981 active=417/108317 POs=68]
 94 : c =   76576  cl =   7101  lit =  101204  p =    56  d =     0  f =    12  -  T =     0.01 sec
  [prof  94] wall=  13.577 p=    68 | ifo=  1.770(sd=0.199 nx=0.156 tfo=0.082 cnt=1.334) snap= 1.062 srm=  7.201 sat=  2.828(set=1.027 slv=1.794 max=0.3123 n=68) cex=R/T/F=0/0/12 trsplit=0 pending=0 sim= 0.015(rmp=0.001 run=0.013 n=1 d=0) incr=loc/full/maxdirty/keys=1/0/0/1204020 chk= 0.001(d=12) stat= 0.326 rest= 0.375
  [incr r=94 repr=12 next=0 tfo=8546 active=355/108305 POs=58]
 95 : c =   76570  cl =   7101  lit =  101198  p =    52  d =     0  f =     6  -  T =     0.01 sec
  [prof  95] wall=   6.970 p=    58 | ifo=  0.957(sd=0.240 nx=0.187 tfo=0.095 cnt=0.435) snap= 0.360 srm=  3.931 sat=  1.083(set=0.122 slv=0.956 max=0.3188 n=58) cex=R/T/F=0/0/6 trsplit=0 pending=0 sim= 0.008(rmp=0.001 run=0.006 n=1 d=0) incr=loc/full/maxdirty/keys=1/0/0/1204020 chk= 0.000(d=6) stat= 0.293 rest= 0.338
  [incr r=95 repr=6 next=0 tfo=8204 active=348/108299 POs=58]
 96 : c =   76564  cl =   7101  lit =  101192  p =    52  d =     0  f =     6  -  T =     0.01 sec
  [prof  96] wall=   5.893 p=    58 | ifo=  0.800(sd=0.188 nx=0.150 tfo=0.071 cnt=0.391) snap= 0.316 srm=  3.035 sat=  1.063(set=0.115 slv=0.943 max=0.2117 n=58) cex=R/T/F=0/0/6 trsplit=0 pending=0 sim= 0.007(rmp=0.001 run=0.006 n=1 d=0) incr=loc/full/maxdirty/keys=1/0/0/1204020 chk= 0.000(d=6) stat= 0.346 rest= 0.326
  [incr r=96 repr=6 next=0 tfo=7773 active=315/108293 POs=53]
 97 : c =   76559  cl =   7101  lit =  101187  p =    48  d =     0  f =     5  -  T =     0.01 sec
  [prof  97] wall=   5.804 p=    53 | ifo=  0.792(sd=0.187 nx=0.153 tfo=0.065 cnt=0.387) snap= 0.313 srm=  3.062 sat=  0.973(set=0.115 slv=0.854 max=0.2306 n=53) cex=R/T/F=0/0/5 trsplit=0 pending=0 sim= 0.008(rmp=0.001 run=0.006 n=1 d=0) incr=loc/full/maxdirty/keys=1/0/0/1204020 chk= 0.000(d=5) stat= 0.291 rest= 0.365
  [incr r=97 repr=5 next=0 tfo=7622 active=288/108288 POs=48]
 98 : c =   76557  cl =   7101  lit =  101185  p =    46  d =     0  f =     2  -  T =     0.01 sec
  [prof  98] wall=   5.338 p=    48 | ifo=  0.794(sd=0.188 nx=0.151 tfo=0.064 cnt=0.390) snap= 0.326 srm=  3.069 sat=  0.535(set=0.116 slv=0.416 max=0.1850 n=48) cex=R/T/F=0/0/2 trsplit=0 pending=0 sim= 0.007(rmp=0.001 run=0.006 n=1 d=0) incr=loc/full/maxdirty/keys=1/0/0/1204020 chk= 0.000(d=2) stat= 0.288 rest= 0.320
  [incr r=98 repr=2 next=0 tfo=716 active=19/108286 POs=4]
 99 : c =   76555  cl =   7101  lit =  101183  p =     2  d =     0  f =     2  -  T =     0.00 sec
  [prof  99] wall=   4.275 p=     4 | ifo=  0.740(sd=0.190 nx=0.152 tfo=0.020 cnt=0.379) snap= 0.319 srm=  2.311 sat=  0.291(set=0.035 slv=0.255 max=0.1857 n=4) cex=R/T/F=0/0/2 trsplit=0 pending=0 sim= 0.007(rmp=0.001 run=0.006 n=1 d=0) incr=loc/full/maxdirty/keys=1/0/0/1204020 chk= 0.000(d=2) stat= 0.286 rest= 0.320
  [incr r=99 repr=2 next=0 tfo=714 active=17/108284 POs=4]
100 : c =   76553  cl =   7101  lit =  101181  p =     2  d =     0  f =     2  -  T =     0.00 sec
  [prof 100] wall=   4.221 p=     4 | ifo=  0.737(sd=0.187 nx=0.158 tfo=0.014 cnt=0.377) snap= 0.313 srm=  2.244 sat=  0.307(set=0.034 slv=0.272 max=0.1992 n=4) cex=R/T/F=0/0/2 trsplit=0 pending=0 sim= 0.007(rmp=0.001 run=0.006 n=1 d=0) incr=loc/full/maxdirty/keys=1/0/0/1204020 chk= 0.000(d=2) stat= 0.294 rest= 0.319
  [incr r=100 repr=2 next=0 tfo=564 active=4/108282 POs=2]
101 : c =   76551  cl =   7101  lit =  101179  p =     0  d =     0  f =     2  -  T =     0.00 sec
  [prof 101] wall=   4.657 p=     2 | ifo=  0.758(sd=0.199 nx=0.153 tfo=0.017 cnt=0.390) snap= 0.328 srm=  2.605 sat=  0.327(set=0.036 slv=0.290 max=0.2086 n=2) cex=R/T/F=0/0/2 trsplit=0 pending=0 sim= 0.008(rmp=0.001 run=0.006 n=1 d=0) incr=loc/full/maxdirty/keys=1/0/0/1204020 chk= 0.000(d=2) stat= 0.299 rest= 0.332
  [incr r=101 repr=2 next=0 tfo=562 active=2/108280 POs=0]
102 : c =   76551  cl =   7101  lit =  101179  p =     0  d =     0  f =     0  -  T =     0.00 sec
  [prof ALL] wall=10608.210 p=871406 | ifo=297.190(sd=22.457 nx=19.395 tfo=208.622 cnt=46.716) snap=35.645 srm=1260.598 sat=8894.492(set=102.139 slv=8744.734 max=1.0666 n=871406) cex=R/T/F=0/0/85676 trsplit=0 pending=0 sim=42.717(rmp=0.217 run=42.469 n=101 d=0) incr=loc/full/maxdirty/keys=100/1/0/1204020 chk= 3.602(d=85137) stat=33.919 rest=40.048
Srm   =     1.60 sec (  4.92 %)
Sat   =     8.90 sec ( 27.43 %)
Sim   =     0.06 sec (  0.18 %)
Other =    21.88 sec ( 67.47 %)
Incr  =     0.30 sec (  0.92 %)
Incr: fallback rounds = 10, skipped candidate pairs = 7487148
TOTAL =    32.43 sec
NBeg = 400072. NEnd = 283645. (Gain =  29.10 %).  RBeg = 262. REnd = 261. (Gain =   0.38 %).
Flop output names are not available. Use command "&get -n".
[1;37m/home/zxr_wsl/benchmarks/incre_spec//Problem11_label08[0m : i/o =    742/      1  ff =    261  [1;36mand =  283645[0m  [1;35mlev = 2025[0m [1;35m(7.75)[0m  mem = 3.27 MB
