### benchmark: /home/zxr_wsl/benchmarks/incre_spec//Problem05_label42+token_ring.04.cil-2.aig
### opts:      &scorr -v -w -i -I
### timeout:   1800s
### date:      Tue Jun  9 16:19:58 CST 2026

======== ABC command line "&r /home/zxr_wsl/benchmarks/incre_spec//Problem05_label42+token_ring.04.cil-2.aig; &ps; &scorr -v -w -i -I; &ps"
Converted 0 1-valued FFs and 1188 DC-valued FFs.
Warning: The number of inputs does not match the number of input names.
[1;37m/home/zxr_wsl/benchmarks/incre_spec//Problem05_label42+token_ring.04.cil-2[0m : i/o =   8744/      1  ff =   1191  [1;36mand =  243358[0m  [1;35mlev = 1770[0m [1;35m(1.49)[0m  mem = 2.96 MB
cst =  244549  cls =      0  lit =  244549  unused =    8744  proof =     0
cst =  201917  cls =   1855  lit =  215844  unused =   35594  proof =     0
cst =  201882  cls =   1877  lit =  214714  unused =   36702  proof =     0
cst =  201864  cls =   1859  lit =  213980  unused =   37454  proof =     0
cst =  201846  cls =   1830  lit =  213373  unused =   38090  proof =     0
cst =  201846  cls =   1815  lit =  213024  unused =   38454  proof =     0
cst =  201839  cls =   1794  lit =  212810  unused =   38689  proof =     0
cst =  201836  cls =   1794  lit =  212641  unused =   38858  proof =     0
cst =  201835  cls =   1778  lit =  212510  unused =   39005  proof =     0
cst =  201831  cls =   1786  lit =  212385  unused =   39122  proof =     0
Obj =  254486. And =  243358. Conf =   100. Fr = 1. Lcorr = 0. Ring = 1. CSat = 1.
  0 : c =  201831  cl =   1786  lit =  212385  p =     0  d =     0  f =     0  +  T =     0.12 sec
BMC : c =  201785  cl =   1652  lit =  211980  p =     0  d =  8699  f =     0  +  T =     0.02 sec
  [bmc-prof   0] wall=  23.036 p=  8699 | ifo=  0.000(sd=0.000 nx=0.000 tfo=0.000 cnt=0.000) snap= 0.236 srm=  8.763 sat=  4.786(set=0.410 slv=3.808 max=0.0193 n=8699) cex=R/T/F=8699/0/0 trsplit=0 pending=225 sim= 8.861(rmp=0.345 run=8.515 n=1 d=405) incr=loc/full/maxdirty/keys=0/0/0/0 chk= 0.016(d=0) stat= 0.108 rest= 0.266
BMC : c =  201748  cl =   1619  lit =  211637  p =     0  d =  8388  f =     0  +  T =     0.03 sec
  [bmc-prof   1] wall=  26.180 p=  8388 | ifo=  3.216(sd=0.158 nx=0.000 tfo=2.511 cnt=0.547) snap= 0.207 srm=  8.721 sat=  4.937(set=0.335 slv=3.972 max=0.0609 n=8388) cex=R/T/F=8388/0/0 trsplit=0 pending=642 sim= 8.723(rmp=0.322 run=8.401 n=1 d=343) incr=loc/full/maxdirty/keys=0/0/0/0 chk= 0.026(d=0) stat= 0.101 rest= 0.247
BMC : c =  201716  cl =   1612  lit =  211190  p =     2  d =  8109  f =     0  +  T =     0.03 sec
  [bmc-prof   2] wall=  25.945 p=  8111 | ifo=  2.817(sd=0.168 nx=0.000 tfo=2.276 cnt=0.373) snap= 0.231 srm=  7.988 sat=  5.058(set=0.387 slv=4.048 max=0.0262 n=8111) cex=R/T/F=8109/0/0 trsplit=0 pending=6310 sim= 9.473(rmp=0.342 run=9.131 n=1 d=447) incr=loc/full/maxdirty/keys=0/0/0/0 chk= 0.024(d=0) stat= 0.109 rest= 0.244
BMC : c =  201699  cl =   1589  lit =  210691  p =     2  d =  7762  f =     0  +  T =     0.02 sec
  [bmc-prof   3] wall=  24.997 p=  7764 | ifo=  2.991(sd=0.141 nx=0.000 tfo=2.505 cnt=0.345) snap= 0.203 srm=  7.253 sat=  5.221(set=0.298 slv=4.315 max=0.0203 n=7764) cex=R/T/F=7762/0/0 trsplit=0 pending=545 sim= 8.934(rmp=0.326 run=8.608 n=1 d=499) incr=loc/full/maxdirty/keys=0/0/0/0 chk= 0.024(d=0) stat= 0.100 rest= 0.270
BMC : c =  201678  cl =   1577  lit =  210190  p =     4  d =  7332  f =     1  +  T =     0.03 sec
  [bmc-prof   4] wall=  25.453 p=  7337 | ifo=  2.771(sd=0.140 nx=0.000 tfo=2.292 cnt=0.340) snap= 0.214 srm=  7.345 sat=  5.908(set=0.314 slv=4.928 max=0.0630 n=7337) cex=R/T/F=7332/0/1 trsplit=0 pending=418 sim= 8.862(rmp=0.305 run=8.556 n=1 d=500) incr=loc/full/maxdirty/keys=0/0/0/0 chk= 0.024(d=1) stat= 0.099 rest= 0.229
BMC : c =  201662  cl =   1585  lit =  209715  p =     4  d =  6884  f =     0  +  T =     0.02 sec
  [bmc-prof   5] wall=  25.065 p=  6888 | ifo=  2.616(sd=0.148 nx=0.000 tfo=2.136 cnt=0.333) snap= 0.206 srm=  7.331 sat=  5.486(set=0.317 slv=4.565 max=0.0144 n=6888) cex=R/T/F=6884/0/0 trsplit=0 pending=519 sim= 9.042(rmp=0.319 run=8.722 n=1 d=475) incr=loc/full/maxdirty/keys=0/0/0/0 chk= 0.023(d=0) stat= 0.097 rest= 0.264
BMC : c =  201653  cl =   1615  lit =  209247  p =     3  d =  6441  f =     1  +  T =     0.03 sec
  [bmc-prof   6] wall=  26.787 p=  6445 | ifo=  2.549(sd=0.135 nx=0.000 tfo=2.068 cnt=0.346) snap= 0.214 srm=  7.166 sat=  6.271(set=0.278 slv=5.420 max=0.0476 n=6445) cex=R/T/F=6441/0/1 trsplit=0 pending=532 sim= 9.781(rmp=0.334 run=9.446 n=1 d=467) incr=loc/full/maxdirty/keys=0/0/0/0 chk= 0.069(d=1) stat= 0.103 rest= 0.632
BMC : c =  201630  cl =   1593  lit =  208713  p =     5  d =  5984  f =     2  +  T =     0.03 sec
  [bmc-prof   7] wall=  25.475 p=  5991 | ifo=  2.852(sd=0.172 nx=0.000 tfo=2.341 cnt=0.339) snap= 0.202 srm=  7.222 sat=  5.779(set=0.310 slv=4.910 max=0.0493 n=5991) cex=R/T/F=5984/0/2 trsplit=0 pending=380 sim= 9.057(rmp=0.333 run=8.724 n=1 d=532) incr=loc/full/maxdirty/keys=0/0/0/0 chk= 0.014(d=2) stat= 0.116 rest= 0.233
BMC : c =  201600  cl =   1500  lit =  208124  p =     5  d =  5543  f =     0  +  T =     0.02 sec
  [bmc-prof   8] wall=  24.965 p=  5548 | ifo=  2.574(sd=0.151 nx=0.000 tfo=2.091 cnt=0.333) snap= 0.239 srm=  7.250 sat=  5.372(set=0.279 slv=4.606 max=0.0238 n=5548) cex=R/T/F=5543/0/0 trsplit=0 pending=403 sim= 9.162(rmp=0.386 run=8.775 n=1 d=589) incr=loc/full/maxdirty/keys=0/0/0/0 chk= 0.014(d=0) stat= 0.117 rest= 0.237
BMC : c =  201572  cl =   1496  lit =  207626  p =     5  d =  5072  f =     2  +  T =     0.03 sec
  [bmc-prof   9] wall=  26.612 p=  5079 | ifo=  3.139(sd=0.141 nx=0.000 tfo=2.634 cnt=0.364) snap= 0.217 srm=  7.149 sat=  6.153(set=0.270 slv=5.411 max=0.0498 n=5079) cex=R/T/F=5072/0/2 trsplit=0 pending=386 sim= 9.351(rmp=0.405 run=8.945 n=1 d=496) incr=loc/full/maxdirty/keys=0/0/0/0 chk= 0.014(d=2) stat= 0.100 rest= 0.489
BMC : c =  201534  cl =   1482  lit =  207114  p =     5  d =  4618  f =     2  +  T =     0.03 sec
  [bmc-prof  10] wall=  27.646 p=  4625 | ifo=  2.711(sd=0.141 nx=0.000 tfo=2.229 cnt=0.342) snap= 0.255 srm=  8.152 sat=  7.213(set=0.297 slv=6.429 max=0.1099 n=4625) cex=R/T/F=4618/0/2 trsplit=0 pending=401 sim= 8.974(rmp=0.347 run=8.627 n=1 d=510) incr=loc/full/maxdirty/keys=0/0/0/0 chk= 0.014(d=2) stat= 0.098 rest= 0.229
BMC : c =  201458  cl =   1461  lit =  206586  p =     5  d =  4154  f =     2  +  T =     0.03 sec
  [bmc-prof  11] wall=  30.852 p=  4161 | ifo=  2.902(sd=0.140 nx=0.000 tfo=2.411 cnt=0.350) snap= 0.265 srm=  7.867 sat=  9.662(set=0.287 slv=8.810 max=0.1308 n=4161) cex=R/T/F=4154/0/2 trsplit=0 pending=338 sim= 9.695(rmp=0.468 run=9.226 n=1 d=526) incr=loc/full/maxdirty/keys=0/0/0/0 chk= 0.013(d=2) stat= 0.127 rest= 0.321
BMC : c =  201402  cl =   1444  lit =  206124  p =     6  d =  3743  f =     1  +  T =     0.03 sec
  [bmc-prof  12] wall=  26.827 p=  3750 | ifo=  3.046(sd=0.150 nx=0.000 tfo=2.561 cnt=0.334) snap= 0.262 srm=  6.755 sat=  7.570(set=0.311 slv=6.855 max=0.1307 n=3750) cex=R/T/F=3743/0/1 trsplit=0 pending=342 sim= 8.838(rmp=0.327 run=8.511 n=1 d=461) incr=loc/full/maxdirty/keys=0/0/0/0 chk= 0.016(d=1) stat= 0.106 rest= 0.234
BMC : c =  201337  cl =   1432  lit =  205661  p =     8  d =  3381  f =     0  +  T =     0.03 sec
  [bmc-prof  13] wall=  27.268 p=  3389 | ifo=  3.496(sd=0.140 nx=0.000 tfo=3.013 cnt=0.343) snap= 0.241 srm=  7.059 sat=  6.556(set=0.274 slv=5.877 max=0.1501 n=3389) cex=R/T/F=3381/0/0 trsplit=0 pending=294 sim= 9.550(rmp=0.422 run=9.128 n=1 d=463) incr=loc/full/maxdirty/keys=0/0/0/0 chk= 0.010(d=0) stat= 0.104 rest= 0.252
BMC : c =  201214  cl =   1420  lit =  205231  p =     6  d =  3015  f =     0  +  T =     0.03 sec
  [bmc-prof  14] wall=  25.882 p=  3021 | ifo=  4.010(sd=0.149 nx=0.000 tfo=3.500 cnt=0.361) snap= 0.237 srm=  6.912 sat=  5.996(set=0.282 slv=5.369 max=0.1076 n=3021) cex=R/T/F=3015/0/0 trsplit=0 pending=243 sim= 8.346(rmp=0.384 run=7.962 n=1 d=430) incr=loc/full/maxdirty/keys=0/0/0/0 chk= 0.010(d=0) stat= 0.118 rest= 0.253
BMC : c =  201122  cl =   1377  lit =  204846  p =     8  d =  2753  f =     1  +  T =     0.03 sec
  [bmc-prof  15] wall=  33.676 p=  2762 | ifo=  2.918(sd=0.174 nx=0.000 tfo=2.386 cnt=0.358) snap= 0.206 srm=  7.079 sat= 13.563(set=0.219 slv=12.953 max=0.1128 n=2762) cex=R/T/F=2753/0/1 trsplit=0 pending=275 sim= 9.536(rmp=0.416 run=9.120 n=1 d=384) incr=loc/full/maxdirty/keys=0/0/0/0 chk= 0.008(d=1) stat= 0.096 rest= 0.271
BMC : c =  200998  cl =   1373  lit =  204511  p =     5  d =  2518  f =     0  +  T =     0.04 sec
  [bmc-prof  16] wall=  35.640 p=  2523 | ifo=  2.871(sd=0.144 nx=0.000 tfo=2.305 cnt=0.422) snap= 0.205 srm=  7.183 sat= 14.996(set=0.230 slv=14.375 max=0.1520 n=2523) cex=R/T/F=2518/0/0 trsplit=0 pending=307 sim= 9.978(rmp=0.421 run=9.557 n=1 d=335) incr=loc/full/maxdirty/keys=0/0/0/0 chk= 0.010(d=0) stat= 0.123 rest= 0.275
BMC : c =  200922  cl =   1364  lit =  204164  p =     7  d =  2366  f =     0  +  T =     0.03 sec
  [bmc-prof  17] wall=  26.599 p=  2373 | ifo=  2.656(sd=0.164 nx=0.000 tfo=2.158 cnt=0.334) snap= 0.202 srm=  6.215 sat=  5.095(set=0.211 slv=4.587 max=0.0254 n=2373) cex=R/T/F=2366/0/0 trsplit=0 pending=1474 sim=12.051(rmp=0.339 run=11.712 n=1 d=347) incr=loc/full/maxdirty/keys=0/0/0/0 chk= 0.021(d=0) stat= 0.099 rest= 0.260
BMC : c =  200815  cl =   1359  lit =  203831  p =     7  d =  2126  f =     0  +  T =     0.02 sec
  [bmc-prof  18] wall=  23.087 p=  2133 | ifo=  3.059(sd=0.161 nx=0.000 tfo=2.428 cnt=0.469) snap= 0.207 srm=  6.281 sat=  4.939(set=0.211 slv=4.483 max=0.0340 n=2133) cex=R/T/F=2126/0/0 trsplit=0 pending=334 sim= 8.286(rmp=0.305 run=7.980 n=1 d=333) incr=loc/full/maxdirty/keys=0/0/0/0 chk= 0.007(d=0) stat= 0.096 rest= 0.214
BMC : c =  200742  cl =   1344  lit =  203571  p =    19  d =  1948  f =     0  +  T =     0.03 sec
  [bmc-prof  19] wall=  28.864 p=  1967 | ifo=  2.417(sd=0.144 nx=0.000 tfo=1.948 cnt=0.325) snap= 0.203 srm=  6.133 sat= 11.121(set=0.196 slv=10.663 max=0.0455 n=1967) cex=R/T/F=1948/0/0 trsplit=0 pending=343 sim= 8.654(rmp=0.317 run=8.336 n=1 d=260) incr=loc/full/maxdirty/keys=0/0/0/0 chk= 0.007(d=0) stat= 0.102 rest= 0.226
BMC : c =  200674  cl =   1336  lit =  203369  p =    11  d =  1757  f =     0  +  T =     0.03 sec
  [bmc-prof  20] wall=  31.066 p=  1768 | ifo=  2.597(sd=0.136 nx=0.000 tfo=2.121 cnt=0.339) snap= 0.255 srm=  6.398 sat= 12.229(set=0.521 slv=11.417 max=0.1349 n=1768) cex=R/T/F=1757/0/0 trsplit=0 pending=404 sim= 9.239(rmp=0.329 run=8.909 n=1 d=202) incr=loc/full/maxdirty/keys=0/0/0/0 chk= 0.008(d=0) stat= 0.101 rest= 0.239
BMC : c =  200557  cl =   1326  lit =  203184  p =    11  d =  1785  f =     0  +  T =     0.03 sec
  [bmc-prof  21] wall=  30.220 p=  1796 | ifo=  2.902(sd=0.204 nx=0.000 tfo=2.373 cnt=0.325) snap= 0.202 srm=  6.182 sat= 12.114(set=0.194 slv=11.619 max=0.0839 n=1796) cex=R/T/F=1785/0/0 trsplit=0 pending=487 sim= 8.481(rmp=0.321 run=8.160 n=1 d=185) incr=loc/full/maxdirty/keys=0/0/0/0 chk= 0.006(d=0) stat= 0.094 rest= 0.237
BMC : c =  199668  cl =   1403  lit =  202821  p =     8  d =  1793  f =     0  +  T =     0.04 sec
  [bmc-prof  22] wall=  36.225 p=  1801 | ifo=  5.450(sd=0.129 nx=0.000 tfo=4.252 cnt=1.069) snap= 0.252 srm=  9.908 sat= 11.470(set=0.253 slv=10.913 max=0.1481 n=1801) cex=R/T/F=1793/0/0 trsplit=0 pending=421 sim= 8.817(rmp=0.315 run=8.502 n=1 d=363) incr=loc/full/maxdirty/keys=0/0/0/0 chk= 0.006(d=0) stat= 0.097 rest= 0.224
BMC : c =  194696  cl =   1651  lit =  201738  p =   107  d =  2454  f =     0  +  T =     0.03 sec
  [bmc-prof  23] wall=  33.310 p=  2561 | ifo=  3.264(sd=0.135 nx=0.000 tfo=2.791 cnt=0.338) snap= 0.224 srm=  6.172 sat= 13.246(set=0.189 slv=12.615 max=0.1254 n=2561) cex=R/T/F=2454/0/0 trsplit=0 pending=341 sim=10.047(rmp=0.319 run=9.727 n=1 d=1083) incr=loc/full/maxdirty/keys=0/0/0/0 chk= 0.012(d=0) stat= 0.103 rest= 0.243
BMC : c =  183766  cl =   1996  lit =  199257  p =   818  d =  3934  f =     0  +  T =     0.04 sec
  [bmc-prof  24] wall=  42.068 p=  4752 | ifo=  2.527(sd=0.148 nx=0.000 tfo=2.047 cnt=0.332) snap= 0.211 srm=  6.610 sat= 17.631(set=0.206 slv=16.517 max=0.1790 n=4752) cex=R/T/F=3934/0/0 trsplit=0 pending=516 sim=14.626(rmp=0.367 run=14.258 n=1 d=2481) incr=loc/full/maxdirty/keys=0/0/0/0 chk= 0.023(d=0) stat= 0.122 rest= 0.318
BMC : c =  167471  cl =   2104  lit =  196551  p =  1381  d =  4159  f =     0  +  T =     0.14 sec
  [bmc-prof  25] wall= 145.128 p=  5540 | ifo=  2.589(sd=0.199 nx=0.000 tfo=2.049 cnt=0.342) snap= 0.209 srm=  7.115 sat=105.493(set=0.242 slv=103.472 max=0.4542 n=5540) cex=R/T/F=4159/0/0 trsplit=0 pending=707 sim=29.221(rmp=0.327 run=28.894 n=1 d=2706) incr=loc/full/maxdirty/keys=0/0/0/0 chk= 0.025(d=0) stat= 0.125 rest= 0.350
BMC : c =  137434  cl =   2226  lit =  194383  p =  4309  d =  3584  f =     0  +  T =     0.18 sec
  [bmc-prof  26] wall= 180.605 p=  7893 | ifo=  2.313(sd=0.171 nx=0.000 tfo=1.794 cnt=0.348) snap= 0.239 srm=  7.770 sat=130.510(set=0.322 slv=128.749 max=0.4910 n=7893) cex=R/T/F=3584/0/0 trsplit=0 pending=707 sim=39.164(rmp=0.370 run=38.794 n=1 d=2168) incr=loc/full/maxdirty/keys=0/0/0/0 chk= 0.027(d=0) stat= 0.131 rest= 0.451
BMC : c =   97978  cl =   2565  lit =  192241  p = 18099  d =  3395  f =     0  +  T =     0.23 sec
  [bmc-prof  27] wall= 233.476 p= 21494 | ifo=  2.305(sd=0.181 nx=0.000 tfo=1.699 cnt=0.426) snap= 0.331 srm= 11.881 sat=168.623(set=0.557 slv=166.188 max=4.0564 n=21494) cex=R/T/F=3395/0/0 trsplit=0 pending=498 sim=49.657(rmp=0.391 run=49.266 n=1 d=2142) incr=loc/full/maxdirty/keys=0/0/0/0 chk= 0.033(d=0) stat= 0.138 rest= 0.509
BMC : c =   58703  cl =   2921  lit =  190033  p = 52205  d =  3041  f =     0  +  T =     0.32 sec
  [bmc-prof  28] wall= 317.542 p= 55246 | ifo=  2.295(sd=0.192 nx=0.000 tfo=1.746 cnt=0.357) snap= 0.220 srm= 20.784 sat=238.330(set=1.293 slv=232.676 max=2.2717 n=55246) cex=R/T/F=3041/0/0 trsplit=0 pending=308 sim=55.041(rmp=0.397 run=54.642 n=1 d=2208) incr=loc/full/maxdirty/keys=0/0/0/0 chk= 0.054(d=0) stat= 0.154 rest= 0.665
BMC : c =   36616  cl =   3041  lit =  188097  p = 99765  d =  2634  f =     0  +  T =     0.38 sec
  [bmc-prof  29] wall= 381.500 p=102399 | ifo=  2.633(sd=0.185 nx=0.000 tfo=2.026 cnt=0.422) snap= 0.263 srm= 39.460 sat=282.502(set=2.172 slv=273.298 max=2.0568 n=102399) cex=R/T/F=2634/0/0 trsplit=0 pending=199 sim=55.533(rmp=0.389 run=55.144 n=1 d=1936) incr=loc/full/maxdirty/keys=0/0/0/0 chk= 0.084(d=0) stat= 0.176 rest= 0.849
BMC : c =   23577  cl =   3080  lit =  186279  p =130168  d =  2673  f =     0  +  T =     0.47 sec
  [bmc-prof  30] wall= 474.914 p=132841 | ifo=  2.794(sd=0.176 nx=0.000 tfo=2.168 cnt=0.450) snap= 0.249 srm= 64.267 sat=347.229(set=3.186 slv=336.495 max=1.4699 n=132841) cex=R/T/F=2673/0/0 trsplit=0 pending=209 sim=59.242(rmp=0.389 run=58.853 n=1 d=1818) incr=loc/full/maxdirty/keys=0/0/0/0 chk= 0.099(d=0) stat= 0.183 rest= 0.851
BMC : c =   11508  cl =   3190  lit =  184331  p =148369  d =  2679  f =     2  +  T =     0.62 sec
  [bmc-prof  31] wall= 619.682 p=151050 | ifo=  2.703(sd=0.163 nx=0.000 tfo=2.178 cnt=0.362) snap= 0.242 srm= 64.825 sat=489.572(set=3.404 slv=477.384 max=9.0289 n=151050) cex=R/T/F=2679/0/2 trsplit=0 pending=137 sim=61.072(rmp=0.396 run=60.675 n=1 d=1946) incr=loc/full/maxdirty/keys=0/0/0/0 chk= 0.148(d=2) stat= 0.191 rest= 0.929
BMC : c =    8013  cl =   3267  lit =  182568  p =165933  d =  2189  f =     0  +  T =     0.52 sec
  [bmc-prof  32] wall= 519.612 p=168122 | ifo=  2.567(sd=0.193 nx=0.000 tfo=1.999 cnt=0.375) snap= 0.246 srm= 76.208 sat=381.996(set=3.814 slv=368.153 max=3.6775 n=168122) cex=R/T/F=2189/0/0 trsplit=0 pending=87 sim=57.571(rmp=0.391 run=57.180 n=1 d=1763) incr=loc/full/maxdirty/keys=0/0/0/0 chk= 0.123(d=0) stat= 0.192 rest= 0.708
  [bmc-incr i=33 repr=5920 active=125348/182568 POs=116284]
BMC : c =    5739  cl =   3424  lit =  180777  p =114371  d =  1911  f =     2  +  T =     0.43 sec
  [bmc-prof  33] wall= 434.257 p=116284 | ifo=  2.113(sd=0.155 nx=0.000 tfo=1.577 cnt=0.381) snap= 0.249 srm= 51.308 sat=324.230(set=2.537 slv=315.164 max=2.4215 n=116284) cex=R/T/F=1911/0/2 trsplit=0 pending=62 sim=55.423(rmp=0.383 run=55.040 n=1 d=1789) incr=loc/full/maxdirty/keys=0/0/0/0 chk= 0.087(d=2) stat= 0.169 rest= 0.677
  [bmc-incr i=34 repr=3828 active=63717/180777 POs=57801]
BMC : c =    4311  cl =   3495  lit =  178891  p = 55569  d =  2012  f =   220  +  T =     0.86 sec
  [bmc-prof  34] wall= 862.526 p= 57801 | ifo=  1.339(sd=0.151 nx=0.000 tfo=0.774 cnt=0.414) snap= 0.211 srm= 22.031 sat=791.658(set=1.266 slv=785.320 max=7.0624 n=57801) cex=R/T/F=2012/0/220 trsplit=0 pending=356 sim=46.655(rmp=0.377 run=46.277 n=1 d=1666) incr=loc/full/maxdirty/keys=0/0/0/0 chk= 0.104(d=220) stat= 0.153 rest= 0.375
  [bmc-incr i=35 repr=2970 active=37339/178891 POs=33005]
BMC : c =    3426  cl =   3374  lit =  177817  p = 31497  d =  1507  f =     1  +  T =     0.33 sec
  [bmc-prof  35] wall= 330.685 p= 33005 | ifo=  1.084(sd=0.145 nx=0.000 tfo=0.524 cnt=0.415) snap= 0.224 srm= 12.364 sat=273.492(set=0.863 slv=270.312 max=1.2949 n=33005) cex=R/T/F=1507/0/1 trsplit=0 pending=416 sim=43.017(rmp=0.389 run=42.627 n=1 d=1073) incr=loc/full/maxdirty/keys=0/0/0/0 chk= 0.028(d=1) stat= 0.150 rest= 0.326
  [bmc-incr i=36 repr=1736 active=24501/177817 POs=21091]
BMC : c =    2607  cl =   3291  lit =  177272  p = 20168  d =   922  f =     1  +  T =     0.31 sec
  [bmc-prof  36] wall= 305.914 p= 21091 | ifo=  1.058(sd=0.146 nx=0.000 tfo=0.494 cnt=0.417) snap= 0.196 srm=  9.732 sat=266.477(set=0.660 slv=264.260 max=4.0877 n=21091) cex=R/T/F=922/0/1 trsplit=0 pending=90 sim=28.008(rmp=0.372 run=27.636 n=1 d=544) incr=loc/full/maxdirty/keys=0/0/0/0 chk= 0.018(d=1) stat= 0.143 rest= 0.284
  [bmc-incr i=37 repr=1470 active=10232/177272 POs=7638]
BMC : c =    2375  cl =   3194  lit =  176450  p =  6665  d =   532  f =   441  +  T =     0.53 sec
  [bmc-prof  37] wall= 528.951 p=  7638 | ifo=  0.807(sd=0.131 nx=0.000 tfo=0.263 cnt=0.413) snap= 0.196 srm=  6.888 sat=506.641(set=0.422 slv=505.505 max=3.4859 n=7638) cex=R/T/F=532/0/441 trsplit=0 pending=50 sim=13.886(rmp=0.394 run=13.491 n=1 d=381) incr=loc/full/maxdirty/keys=0/0/0/0 chk= 0.110(d=441) stat= 0.139 rest= 0.284
  [bmc-incr i=38 repr=1065 active=2751/176450 POs=388]
BMC : c =    2253  cl =   3120  lit =  176226  p =     8  d =   380  f =     0  +  T =     0.25 sec
  [bmc-prof  38] wall= 253.362 p=   388 | ifo=  0.782(sd=0.146 nx=0.000 tfo=0.201 cnt=0.435) snap= 0.211 srm=  5.141 sat=234.289(set=0.286 slv=233.744 max=1.8902 n=388) cex=R/T/F=380/0/0 trsplit=0 pending=38 sim=12.540(rmp=0.421 run=12.118 n=1 d=224) incr=loc/full/maxdirty/keys=0/0/0/0 chk= 0.002(d=0) stat= 0.137 rest= 0.259
  [bmc-incr i=39 repr=444 active=2527/176226 POs=286]
BMC : c =    2209  cl =   3100  lit =  176133  p =     5  d =   279  f =     2  +  T =     0.26 sec
  [bmc-prof  39] wall= 257.523 p=   286 | ifo=  0.731(sd=0.129 nx=0.000 tfo=0.190 cnt=0.412) snap= 0.202 srm=  5.027 sat=239.414(set=0.279 slv=238.919 max=3.5579 n=286) cex=R/T/F=279/0/2 trsplit=0 pending=41 sim=11.774(rmp=0.375 run=11.399 n=1 d=91) incr=loc/full/maxdirty/keys=0/0/0/0 chk= 0.001(d=2) stat= 0.135 rest= 0.238
  [bmc-incr i=40 repr=278 active=2432/176133 POs=235]
BMC : c =    2186  cl =   3082  lit =  176075  p =     5  d =   228  f =     2  +  T =     0.28 sec
  [bmc-prof  40] wall= 279.274 p=   235 | ifo=  0.791(sd=0.174 nx=0.000 tfo=0.193 cnt=0.424) snap= 0.210 srm=  5.030 sat=260.681(set=0.275 slv=260.182 max=5.5185 n=235) cex=R/T/F=228/0/2 trsplit=0 pending=30 sim=12.017(rmp=0.377 run=11.638 n=1 d=56) incr=loc/full/maxdirty/keys=0/0/0/0 chk= 0.002(d=2) stat= 0.211 rest= 0.333
  [bmc-incr i=41 repr=222 active=2376/176075 POs=202]
BMC : c =    2170  cl =   3074  lit =  176040  p =     5  d =   196  f =     1  +  T =     0.28 sec
  [bmc-prof  41] wall= 275.264 p=   202 | ifo=  0.942(sd=0.176 nx=0.000 tfo=0.179 cnt=0.586) snap= 0.195 srm=  5.227 sat=256.751(set=0.285 slv=256.281 max=2.4641 n=202) cex=R/T/F=196/0/1 trsplit=0 pending=26 sim=11.773(rmp=0.371 run=11.402 n=1 d=34) incr=loc/full/maxdirty/keys=0/0/0/0 chk= 0.001(d=1) stat= 0.140 rest= 0.235
  [bmc-incr i=42 repr=188 active=2341/176040 POs=183]
BMC : c =    2155  cl =   3075  lit =  176015  p =     7  d =   176  f =     0  +  T =     0.26 sec
  [bmc-prof  42] wall= 264.055 p=   183 | ifo=  0.693(sd=0.128 nx=0.000 tfo=0.145 cnt=0.419) snap= 0.206 srm=  5.413 sat=245.622(set=0.630 slv=244.799 max=2.9360 n=183) cex=R/T/F=176/0/0 trsplit=0 pending=26 sim=11.744(rmp=0.390 run=11.353 n=1 d=25) incr=loc/full/maxdirty/keys=0/0/0/0 chk= 0.001(d=0) stat= 0.134 rest= 0.244
  [bmc-incr i=43 repr=168 active=2316/176015 POs=174]
BMC : c =    2145  cl =   3075  lit =  175986  p =     5  d =   168  f =     1  +  T =     0.27 sec
  [bmc-prof  43] wall= 269.482 p=   174 | ifo=  0.676(sd=0.128 nx=0.000 tfo=0.135 cnt=0.414) snap= 0.197 srm=  5.599 sat=250.652(set=0.401 slv=250.068 max=3.7230 n=174) cex=R/T/F=168/0/1 trsplit=0 pending=24 sim=11.889(rmp=0.514 run=11.374 n=1 d=28) incr=loc/full/maxdirty/keys=0/0/0/0 chk= 0.001(d=1) stat= 0.186 rest= 0.283
  [bmc-incr i=44 repr=156 active=2287/175986 POs=155]
BMC : c =    2135  cl =   3074  lit =  175960  p =     3  d =   151  f =     1  +  T =     0.28 sec
  [bmc-prof  44] wall= 282.433 p=   155 | ifo=  0.676(sd=0.129 nx=0.000 tfo=0.125 cnt=0.422) snap= 0.197 srm=  7.003 sat=262.417(set=0.306 slv=261.934 max=3.9714 n=155) cex=R/T/F=151/0/1 trsplit=0 pending=21 sim=11.769(rmp=0.385 run=11.384 n=1 d=25) incr=loc/full/maxdirty/keys=0/0/0/0 chk= 0.001(d=1) stat= 0.133 rest= 0.237
  [bmc-incr i=45 repr=137 active=2261/175960 POs=139]
BMC : c =    2123  cl =   3068  lit =  175932  p =     5  d =   133  f =     1  +  T =     0.27 sec
  [bmc-prof  45] wall= 273.218 p=   139 | ifo=  0.649(sd=0.127 nx=0.000 tfo=0.111 cnt=0.411) snap= 0.201 srm=  4.927 sat=255.530(set=0.279 slv=255.089 max=4.9115 n=139) cex=R/T/F=133/0/1 trsplit=0 pending=17 sim=11.541(rmp=0.387 run=11.153 n=1 d=27) incr=loc/full/maxdirty/keys=0/0/0/0 chk= 0.001(d=1) stat= 0.133 rest= 0.236
  [bmc-incr i=46 repr=126 active=2232/175932 POs=121]
BMC : c =    2112  cl =   3065  lit =  175910  p =     2  d =   118  f =     1  +  T =     0.28 sec
  [bmc-prof  46] wall= 278.190 p=   121 | ifo=  0.646(sd=0.127 nx=0.000 tfo=0.109 cnt=0.410) snap= 0.198 srm=  4.934 sat=260.465(set=0.277 slv=260.019 max=5.7297 n=121) cex=R/T/F=118/0/1 trsplit=0 pending=17 sim=11.576(rmp=0.361 run=11.215 n=1 d=21) incr=loc/full/maxdirty/keys=0/0/0/0 chk= 0.001(d=1) stat= 0.132 rest= 0.237
  [bmc-incr i=47 repr=111 active=2210/175910 POs=110]
BMC : c =    2097  cl =   3064  lit =  175890  p =     1  d =   108  f =     1  +  T =     0.28 sec
  [bmc-prof  47] wall= 283.075 p=   110 | ifo=  0.636(sd=0.127 nx=0.000 tfo=0.098 cnt=0.411) snap= 0.195 srm=  4.949 sat=265.065(set=0.282 slv=264.612 max=6.3915 n=110) cex=R/T/F=108/0/1 trsplit=0 pending=13 sim=11.849(rmp=0.383 run=11.465 n=1 d=19) incr=loc/full/maxdirty/keys=0/0/0/0 chk= 0.001(d=1) stat= 0.134 rest= 0.245
  [bmc-incr i=48 repr=104 active=2190/175890 POs=104]
BMC : c =    1872  cl =   3065  lit =  175865  p =     1  d =   102  f =     1  +  T =     0.26 sec
  [bmc-prof  48] wall= 256.071 p=   104 | ifo=  0.633(sd=0.126 nx=0.000 tfo=0.098 cnt=0.410) snap= 0.196 srm=  5.017 sat=238.463(set=0.283 slv=238.030 max=4.3908 n=104) cex=R/T/F=102/0/1 trsplit=0 pending=9 sim=11.387(rmp=0.355 run=11.031 n=1 d=24) incr=loc/full/maxdirty/keys=0/0/0/0 chk= 0.001(d=1) stat= 0.135 rest= 0.237
  [bmc-incr i=49 repr=310 active=2165/175865 POs=303]
BMC : c =    1862  cl =   3064  lit =  175843  p =     3  d =   299  f =     1  +  T =     0.52 sec
  [bmc-prof  49] wall= 524.259 p=   303 | ifo=  0.651(sd=0.128 nx=0.000 tfo=0.101 cnt=0.422) snap= 0.196 srm=  5.160 sat=503.097(set=0.291 slv=502.238 max=7.0668 n=303) cex=R/T/F=299/0/1 trsplit=0 pending=12 sim=14.763(rmp=0.371 run=14.391 n=1 d=21) incr=loc/full/maxdirty/keys=0/0/0/0 chk= 0.002(d=1) stat= 0.135 rest= 0.255
  [bmc-incr i=50 repr=294 active=2142/175843 POs=291]
BMC : c =    1853  cl =   3060  lit =  175613  p =     2  d =    77  f =   212  +  T =     0.26 sec
  [bmc-prof  50] wall= 261.942 p=   291 | ifo=  0.633(sd=0.129 nx=0.000 tfo=0.095 cnt=0.409) snap= 0.200 srm=  5.083 sat=244.096(set=0.293 slv=243.666 max=4.6518 n=291) cex=R/T/F=77/0/212 trsplit=0 pending=10 sim=11.510(rmp=0.383 run=11.126 n=1 d=18) incr=loc/full/maxdirty/keys=0/0/0/0 chk= 0.046(d=212) stat= 0.141 rest= 0.234
  [bmc-incr i=51 repr=282 active=1912/175613 POs=70]
BMC : c =    1838  cl =   3057  lit =  175595  p =     2  d =    67  f =     1  +  T =     0.24 sec
  [bmc-prof  51] wall= 236.983 p=    70 | ifo=  0.631(sd=0.129 nx=0.000 tfo=0.093 cnt=0.409) snap= 0.200 srm=  5.001 sat=219.388(set=0.294 slv=218.981 max=6.0702 n=70) cex=R/T/F=67/0/1 trsplit=0 pending=7 sim=11.400(rmp=0.389 run=11.010 n=1 d=17) incr=loc/full/maxdirty/keys=0/0/0/0 chk= 0.001(d=1) stat= 0.134 rest= 0.229
  [bmc-incr i=52 repr=69 active=1894/175595 POs=62]
BMC : c =    1823  cl =   3059  lit =  175538  p =     2  d =    13  f =    47  +  T =     0.07 sec
  [bmc-prof  52] wall=  65.390 p=    62 | ifo=  0.654(sd=0.130 nx=0.000 tfo=0.106 cnt=0.418) snap= 0.205 srm=  5.058 sat= 47.601(set=0.291 slv=47.288 max=3.8091 n=62) cex=R/T/F=13/0/47 trsplit=0 pending=1 sim=11.503(rmp=0.382 run=11.121 n=1 d=10) incr=loc/full/maxdirty/keys=0/0/0/0 chk= 0.004(d=47) stat= 0.134 rest= 0.231
  [bmc-incr i=53 repr=61 active=1837/175538 POs=20]
BMC : c =    1810  cl =   3058  lit =  175522  p =     1  d =    10  f =     9  +  T =     0.04 sec
  [bmc-prof  53] wall=  40.031 p=    20 | ifo=  0.636(sd=0.129 nx=0.000 tfo=0.089 cnt=0.417) snap= 0.196 srm=  5.166 sat= 22.387(set=0.287 slv=22.085 max=5.3458 n=20) cex=R/T/F=10/0/9 trsplit=0 pending=1 sim=11.154(rmp=0.558 run=10.594 n=1 d=7) incr=loc/full/maxdirty/keys=0/0/0/0 chk= 0.001(d=9) stat= 0.133 rest= 0.360
  [bmc-incr i=54 repr=19 active=1821/175522 POs=16]
BMC : c =    1800  cl =   3057  lit =  175508  p =     1  d =     6  f =     9  +  T =     0.03 sec
  [bmc-prof  54] wall=  30.669 p=    16 | ifo=  0.622(sd=0.128 nx=0.000 tfo=0.084 cnt=0.410) snap= 0.196 srm=  5.087 sat= 13.868(set=0.290 slv=13.570 max=2.6433 n=16) cex=R/T/F=6/0/9 trsplit=0 pending=0 sim=10.557(rmp=0.302 run=10.254 n=1 d=5) incr=loc/full/maxdirty/keys=0/0/0/0 chk= 0.001(d=9) stat= 0.129 rest= 0.210
  [bmc-incr i=55 repr=17 active=1806/175508 POs=11]
BMC : c =    1792  cl =   3055  lit =  175498  p =     0  d =     6  f =     5  +  T =     0.03 sec
  [bmc-prof  55] wall=  26.889 p=    11 | ifo=  0.603(sd=0.123 nx=0.000 tfo=0.072 cnt=0.408) snap= 0.315 srm=  4.630 sat= 10.224(set=0.148 slv=10.068 max=2.7919 n=11) cex=R/T/F=6/0/5 trsplit=0 pending=1 sim=10.726(rmp=0.389 run=10.337 n=1 d=5) incr=loc/full/maxdirty/keys=0/0/0/0 chk= 0.000(d=5) stat= 0.133 rest= 0.258
  [bmc-incr i=56 repr=10 active=1796/175498 POs=9]
BMC : c =    1781  cl =   3057  lit =  175490  p =     0  d =     4  f =     5  +  T =     0.03 sec
  [bmc-prof  56] wall=  25.789 p=     9 | ifo=  0.713(sd=0.124 nx=0.000 tfo=0.069 cnt=0.520) snap= 0.196 srm=  4.297 sat=  9.332(set=0.149 slv=9.176 max=3.2177 n=9) cex=R/T/F=4/0/5 trsplit=0 pending=0 sim=10.884(rmp=0.307 run=10.577 n=1 d=3) incr=loc/full/maxdirty/keys=0/0/0/0 chk= 0.000(d=5) stat= 0.130 rest= 0.236
  [bmc-incr i=57 repr=11 active=1788/175490 POs=12]
BMC : c =    1773  cl =   3056  lit =  175480  p =     0  d =     7  f =     5  +  T =     0.03 sec
  [bmc-prof  57] wall=  28.097 p=    12 | ifo=  0.629(sd=0.138 nx=0.000 tfo=0.074 cnt=0.417) snap= 0.195 srm=  4.256 sat= 10.901(set=0.149 slv=10.744 max=3.2194 n=12) cex=R/T/F=7/0/5 trsplit=0 pending=1 sim=11.768(rmp=0.313 run=11.455 n=1 d=5) incr=loc/full/maxdirty/keys=0/0/0/0 chk= 0.000(d=5) stat= 0.130 rest= 0.216
  [bmc-incr i=58 repr=11 active=1778/175480 POs=9]
BMC : c =    1765  cl =   3056  lit =  175472  p =     1  d =     4  f =     4  +  T =     0.03 sec
  [bmc-prof  58] wall=  25.460 p=     9 | ifo=  0.975(sd=0.122 nx=0.000 tfo=0.069 cnt=0.784) snap= 0.199 srm=  4.047 sat=  8.928(set=0.107 slv=8.815 max=3.5763 n=9) cex=R/T/F=4/0/4 trsplit=0 pending=0 sim=10.944(rmp=0.292 run=10.651 n=1 d=4) incr=loc/full/maxdirty/keys=0/0/0/0 chk= 0.000(d=4) stat= 0.146 rest= 0.221
  [bmc-incr i=59 repr=9 active=1769/175472 POs=8]
BMC : c =    1759  cl =   3055  lit =  175465  p =     0  d =     4  f =     4  +  T =     0.03 sec
  [bmc-prof  59] wall=  26.747 p=     8 | ifo=  0.626(sd=0.125 nx=0.000 tfo=0.077 cnt=0.424) snap= 0.199 srm=  4.309 sat= 10.397(set=0.121 slv=10.267 max=3.5138 n=8) cex=R/T/F=4/0/4 trsplit=0 pending=1 sim=10.870(rmp=0.312 run=10.558 n=1 d=3) incr=loc/full/maxdirty/keys=0/0/0/0 chk= 0.000(d=4) stat= 0.130 rest= 0.215
  [bmc-incr i=60 repr=7 active=1762/175465 POs=7]
BMC : c =    1752  cl =   3056  lit =  175459  p =     0  d =     3  f =     4  +  T =     0.03 sec
  [bmc-prof  60] wall=  25.688 p=     7 | ifo=  0.608(sd=0.125 nx=0.000 tfo=0.074 cnt=0.410) snap= 0.212 srm=  3.983 sat=  9.894(set=0.108 slv=9.778 max=4.2779 n=7) cex=R/T/F=3/0/4 trsplit=0 pending=0 sim=10.655(rmp=0.328 run=10.326 n=1 d=2) incr=loc/full/maxdirty/keys=0/0/0/0 chk= 0.000(d=4) stat= 0.130 rest= 0.208
  [bmc-incr i=61 repr=7 active=1756/175459 POs=8]
BMC : c =    1746  cl =   3055  lit =  175452  p =     0  d =     4  f =     4  +  T =     0.03 sec
  [bmc-prof  61] wall=  26.656 p=     8 | ifo=  0.604(sd=0.121 nx=0.000 tfo=0.054 cnt=0.429) snap= 0.195 srm=  4.084 sat= 10.695(set=0.104 slv=10.583 max=3.6207 n=8) cex=R/T/F=4/0/4 trsplit=0 pending=1 sim=10.738(rmp=0.327 run=10.411 n=1 d=3) incr=loc/full/maxdirty/keys=0/0/0/0 chk= 0.000(d=4) stat= 0.129 rest= 0.211
  [bmc-incr i=62 repr=7 active=1749/175452 POs=7]
BMC : c =    1739  cl =   3055  lit =  175445  p =     0  d =     3  f =     4  +  T =     0.03 sec
  [bmc-prof  62] wall=  25.687 p=     7 | ifo=  0.578(sd=0.122 nx=0.000 tfo=0.049 cnt=0.407) snap= 0.209 srm=  4.115 sat=  9.672(set=0.114 slv=9.553 max=3.6374 n=7) cex=R/T/F=3/0/4 trsplit=0 pending=0 sim=10.762(rmp=0.342 run=10.418 n=1 d=3) incr=loc/full/maxdirty/keys=0/0/0/0 chk= 0.000(d=4) stat= 0.130 rest= 0.222
  [bmc-incr i=63 repr=8 active=1742/175445 POs=7]
BMC : c =      77  cl =   3055  lit =  175438  p =     0  d =     3  f =     4  +  T =     0.03 sec
  [bmc-prof  63] wall=  25.829 p=     7 | ifo=  0.601(sd=0.125 nx=0.000 tfo=0.068 cnt=0.408) snap= 0.195 srm=  4.151 sat=  9.894(set=0.111 slv=9.776 max=3.6599 n=7) cex=R/T/F=3/0/4 trsplit=0 pending=0 sim=10.645(rmp=0.294 run=10.350 n=1 d=3) incr=loc/full/maxdirty/keys=0/0/0/0 chk= 0.000(d=4) stat= 0.128 rest= 0.214
  [bmc-incr i=64 repr=1663 active=1735/175438 POs=1662]
BMC : c =      71  cl =   3055  lit =  175432  p =  1656  d =     2  f =     4  +  T =     0.47 sec
  [bmc-prof  64] wall= 473.913 p=  1662 | ifo=  0.584(sd=0.130 nx=0.000 tfo=0.032 cnt=0.422) snap= 0.210 srm=  4.547 sat=456.858(set=0.184 slv=456.532 max=3.8446 n=1662) cex=R/T/F=2/0/4 trsplit=0 pending=0 sim=11.338(rmp=0.399 run=10.937 n=1 d=2) incr=loc/full/maxdirty/keys=0/0/0/0 chk= 0.001(d=4) stat= 0.136 rest= 0.239
  [bmc-incr i=65 repr=6 active=73/175432 POs=5]
BMC : c =      66  cl =   3055  lit =  175427  p =     0  d =     2  f =     3  +  T =     0.03 sec
  [bmc-prof  65] wall=  26.379 p=     5 | ifo=  0.548(sd=0.127 nx=0.000 tfo=0.007 cnt=0.414) snap= 0.200 srm=  5.112 sat=  8.457(set=0.123 slv=8.328 max=3.7751 n=5) cex=R/T/F=2/0/3 trsplit=0 pending=0 sim=11.721(rmp=0.306 run=11.415 n=1 d=2) incr=loc/full/maxdirty/keys=0/0/0/0 chk= 0.000(d=3) stat= 0.130 rest= 0.210
  [bmc-incr i=66 repr=5 active=68/175427 POs=4]
BMC : c =      62  cl =   3055  lit =  175423  p =     0  d =     1  f =     3  +  T =     0.02 sec
  [bmc-prof  66] wall=  22.412 p=     4 | ifo=  0.537(sd=0.123 nx=0.000 tfo=0.006 cnt=0.408) snap= 0.196 srm=  4.187 sat=  5.366(set=0.111 slv=5.252 max=2.6871 n=4) cex=R/T/F=1/0/3 trsplit=0 pending=0 sim=11.755(rmp=0.286 run=11.469 n=1 d=1) incr=loc/full/maxdirty/keys=0/0/0/0 chk= 0.000(d=3) stat= 0.129 rest= 0.242
  [bmc-incr i=67 repr=4 active=64/175423 POs=4]
BMC : c =      58  cl =   3055  lit =  175419  p =     0  d =     1  f =     3  +  T =     0.02 sec
  [bmc-prof  67] wall=  21.876 p=     4 | ifo=  0.603(sd=0.129 nx=0.000 tfo=0.005 cnt=0.469) snap= 0.196 srm=  4.340 sat=  5.944(set=0.117 slv=5.824 max=3.2863 n=4) cex=R/T/F=1/0/3 trsplit=0 pending=0 sim=10.457(rmp=0.294 run=10.162 n=1 d=1) incr=loc/full/maxdirty/keys=0/0/0/0 chk= 0.000(d=3) stat= 0.128 rest= 0.209
  [bmc-incr i=68 repr=4 active=60/175419 POs=3]
BMC : c =      55  cl =   3055  lit =  175416  p =     0  d =     1  f =     2  +  T =     0.08 sec
  [bmc-prof  68] wall=  76.281 p=     3 | ifo=  0.538(sd=0.128 nx=0.000 tfo=0.002 cnt=0.408) snap= 0.202 srm=  4.116 sat= 60.371(set=0.109 slv=60.258 max=58.4323 n=3) cex=R/T/F=1/0/2 trsplit=0 pending=0 sim=10.708(rmp=0.327 run=10.380 n=1 d=1) incr=loc/full/maxdirty/keys=0/0/0/0 chk= 0.000(d=2) stat= 0.130 rest= 0.217
  [bmc-incr i=69 repr=3 active=57/175416 POs=3]
BMC : c =      52  cl =   3055  lit =  175413  p =     0  d =     0  f =     3  +  T =     0.08 sec
  [bmc-prof  69] wall=  82.634 p=     3 | ifo=  0.532(sd=0.121 nx=0.000 tfo=0.002 cnt=0.408) snap= 0.197 srm=  4.128 sat= 66.567(set=0.118 slv=66.447 max=64.6239 n=3) cex=R/T/F=0/0/3 trsplit=0 pending=0 sim=10.811(rmp=0.359 run=10.452 n=1 d=0) incr=loc/full/maxdirty/keys=0/0/0/0 chk= 0.000(d=3) stat= 0.172 rest= 0.225
  [bmc-incr i=70 repr=3 active=54/175413 POs=3]
BMC : c =      49  cl =   3055  lit =  175410  p =     0  d =     0  f =     3  +  T =     0.08 sec
  [bmc-prof  70] wall=  84.046 p=     3 | ifo=  0.557(sd=0.126 nx=0.000 tfo=0.003 cnt=0.428) snap= 0.215 srm=  4.197 sat= 64.208(set=0.115 slv=64.088 max=62.1552 n=3) cex=R/T/F=0/0/3 trsplit=0 pending=0 sim=14.489(rmp=0.365 run=14.124 n=1 d=0) incr=loc/full/maxdirty/keys=0/0/0/0 chk= 0.000(d=3) stat= 0.139 rest= 0.241
  [bmc-incr i=71 repr=3 active=51/175410 POs=3]
BMC : c =      46  cl =   3055  lit =  175407  p =     0  d =     0  f =     3  +  T =     0.08 sec
  [bmc-prof  71] wall=  78.967 p=     3 | ifo=  0.556(sd=0.129 nx=0.000 tfo=0.004 cnt=0.423) snap= 0.211 srm=  4.312 sat= 62.643(set=0.167 slv=62.473 max=60.7022 n=3) cex=R/T/F=0/0/3 trsplit=0 pending=0 sim=10.888(rmp=0.353 run=10.534 n=1 d=0) incr=loc/full/maxdirty/keys=0/0/0/0 chk= 0.000(d=3) stat= 0.130 rest= 0.226
  [bmc-incr i=72 repr=3 active=48/175407 POs=3]
BMC : c =      43  cl =   3055  lit =  175404  p =     0  d =     0  f =     3  +  T =     0.08 sec
  [bmc-prof  72] wall=  80.375 p=     3 | ifo=  0.551(sd=0.126 nx=0.000 tfo=0.004 cnt=0.422) snap= 0.204 srm=  4.172 sat= 64.116(set=0.113 slv=64.000 max=62.1614 n=3) cex=R/T/F=0/0/3 trsplit=0 pending=0 sim=10.963(rmp=0.377 run=10.586 n=1 d=0) incr=loc/full/maxdirty/keys=0/0/0/0 chk= 0.000(d=3) stat= 0.134 rest= 0.236
  [bmc-incr i=73 repr=3 active=45/175404 POs=3]
BMC : c =      40  cl =   3055  lit =  175401  p =     0  d =     0  f =     3  +  T =     0.08 sec
  [bmc-prof  73] wall=  80.182 p=     3 | ifo=  0.546(sd=0.128 nx=0.000 tfo=0.004 cnt=0.414) snap= 0.240 srm=  4.428 sat= 63.588(set=0.137 slv=63.448 max=61.6125 n=3) cex=R/T/F=0/0/3 trsplit=0 pending=0 sim=11.019(rmp=0.356 run=10.662 n=1 d=0) incr=loc/full/maxdirty/keys=0/0/0/0 chk= 0.000(d=3) stat= 0.132 rest= 0.229
  [bmc-incr i=74 repr=3 active=42/175401 POs=3]
BMC : c =      37  cl =   3055  lit =  175398  p =     0  d =     0  f =     3  +  T =     0.08 sec
  [bmc-prof  74] wall=  80.256 p=     3 | ifo=  0.535(sd=0.124 nx=0.000 tfo=0.003 cnt=0.408) snap= 0.214 srm=  4.217 sat= 64.229(set=0.121 slv=64.105 max=62.2426 n=3) cex=R/T/F=0/0/3 trsplit=0 pending=0 sim=10.710(rmp=0.330 run=10.379 n=1 d=0) incr=loc/full/maxdirty/keys=0/0/0/0 chk= 0.000(d=3) stat= 0.129 rest= 0.221
  [bmc-incr i=75 repr=3 active=39/175398 POs=3]
BMC : c =      34  cl =   3055  lit =  175395  p =     0  d =     0  f =     3  +  T =     0.08 sec
  [bmc-prof  75] wall=  84.197 p=     3 | ifo=  0.547(sd=0.126 nx=0.000 tfo=0.003 cnt=0.417) snap= 0.198 srm=  4.188 sat= 68.144(set=0.109 slv=68.033 max=66.2143 n=3) cex=R/T/F=0/0/3 trsplit=0 pending=0 sim=10.759(rmp=0.346 run=10.412 n=1 d=0) incr=loc/full/maxdirty/keys=0/0/0/0 chk= 0.001(d=3) stat= 0.131 rest= 0.229
  [bmc-incr i=76 repr=3 active=36/175395 POs=3]
BMC : c =      31  cl =   3055  lit =  175392  p =     0  d =     0  f =     3  +  T =     0.07 sec
  [bmc-prof  76] wall=  71.047 p=     3 | ifo=  0.538(sd=0.125 nx=0.000 tfo=0.003 cnt=0.409) snap= 0.210 srm=  4.251 sat= 54.927(set=0.112 slv=54.812 max=53.0768 n=3) cex=R/T/F=0/0/3 trsplit=0 pending=0 sim=10.766(rmp=0.347 run=10.418 n=1 d=0) incr=loc/full/maxdirty/keys=0/0/0/0 chk= 0.000(d=3) stat= 0.136 rest= 0.219
  [bmc-incr i=77 repr=3 active=33/175392 POs=3]
BMC : c =      28  cl =   3055  lit =  175389  p =     0  d =     0  f =     3  +  T =     0.05 sec
  [bmc-prof  77] wall=  51.761 p=     3 | ifo=  0.534(sd=0.124 nx=0.000 tfo=0.003 cnt=0.408) snap= 0.207 srm=  4.211 sat= 35.813(set=0.112 slv=35.698 max=33.8230 n=3) cex=R/T/F=0/0/3 trsplit=0 pending=0 sim=10.653(rmp=0.314 run=10.338 n=1 d=0) incr=loc/full/maxdirty/keys=0/0/0/0 chk= 0.000(d=3) stat= 0.129 rest= 0.214
  [bmc-incr i=78 repr=3 active=30/175389 POs=3]
BMC : c =      25  cl =   3055  lit =  175386  p =     0  d =     0  f =     3  +  T =     0.04 sec
  [bmc-prof  78] wall=  42.534 p=     3 | ifo=  0.542(sd=0.122 nx=0.000 tfo=0.003 cnt=0.417) snap= 0.198 srm=  4.309 sat= 26.087(set=0.123 slv=25.962 max=24.1111 n=3) cex=R/T/F=0/0/3 trsplit=0 pending=0 sim=11.036(rmp=0.385 run=10.651 n=1 d=0) incr=loc/full/maxdirty/keys=0/0/0/0 chk= 0.000(d=3) stat= 0.130 rest= 0.232
  [bmc-incr i=79 repr=3 active=27/175386 POs=3]
BMC : c =      22  cl =   3055  lit =  175383  p =     0  d =     0  f =     3  +  T =     0.03 sec
  [bmc-prof  79] wall=  33.469 p=     3 | ifo=  0.544(sd=0.125 nx=0.000 tfo=0.002 cnt=0.417) snap= 0.197 srm=  4.295 sat= 17.287(set=0.109 slv=17.176 max=15.3184 n=3) cex=R/T/F=0/0/3 trsplit=0 pending=0 sim=10.724(rmp=0.305 run=10.418 n=1 d=0) incr=loc/full/maxdirty/keys=0/0/0/0 chk= 0.000(d=3) stat= 0.209 rest= 0.213
  [bmc-incr i=80 repr=3 active=24/175383 POs=3]
BMC : c =      19  cl =   3055  lit =  175380  p =     0  d =     0  f =     3  +  T =     0.03 sec
  [bmc-prof  80] wall=  27.403 p=     3 | ifo=  0.556(sd=0.125 nx=0.000 tfo=0.003 cnt=0.428) snap= 0.205 srm=  4.876 sat= 10.265(set=0.120 slv=10.143 max=8.3281 n=3) cex=R/T/F=0/0/3 trsplit=0 pending=0 sim=11.147(rmp=0.348 run=10.798 n=1 d=0) incr=loc/full/maxdirty/keys=0/0/0/0 chk= 0.000(d=3) stat= 0.130 rest= 0.223
  [bmc-incr i=81 repr=3 active=21/175380 POs=3]
BMC : c =      16  cl =   3055  lit =  175377  p =     0  d =     0  f =     3  +  T =     0.03 sec
  [bmc-prof  81] wall=  26.370 p=     3 | ifo=  0.534(sd=0.124 nx=0.000 tfo=0.002 cnt=0.407) snap= 0.250 srm=  4.240 sat= 10.409(set=0.121 slv=10.287 max=8.4462 n=3) cex=R/T/F=0/0/3 trsplit=0 pending=0 sim=10.599(rmp=0.289 run=10.309 n=1 d=0) incr=loc/full/maxdirty/keys=0/0/0/0 chk= 0.000(d=3) stat= 0.129 rest= 0.209
  [bmc-incr i=82 repr=3 active=18/175377 POs=3]
BMC : c =      13  cl =   3055  lit =  175374  p =     0  d =     0  f =     3  +  T =     0.03 sec
  [bmc-prof  82] wall=  28.076 p=     3 | ifo=  0.530(sd=0.122 nx=0.000 tfo=0.002 cnt=0.406) snap= 0.206 srm=  4.285 sat= 10.546(set=0.107 slv=10.437 max=8.6657 n=3) cex=R/T/F=0/0/3 trsplit=0 pending=0 sim=12.172(rmp=0.353 run=11.818 n=1 d=0) incr=loc/full/maxdirty/keys=0/0/0/0 chk= 0.000(d=3) stat= 0.128 rest= 0.208
  [bmc-incr i=83 repr=3 active=15/175374 POs=3]
BMC : c =      11  cl =   3054  lit =  175371  p =     0  d =     1  f =     2  +  T =     0.02 sec
  [bmc-prof  83] wall=  20.909 p=     3 | ifo=  0.537(sd=0.119 nx=0.000 tfo=0.001 cnt=0.416) snap= 0.196 srm=  4.242 sat=  4.741(set=0.109 slv=4.629 max=2.8854 n=3) cex=R/T/F=1/0/2 trsplit=0 pending=0 sim=10.846(rmp=0.286 run=10.560 n=1 d=1) incr=loc/full/maxdirty/keys=0/0/0/0 chk= 0.000(d=2) stat= 0.134 rest= 0.213
  [bmc-incr i=84 repr=3 active=12/175371 POs=2]
BMC : c =       9  cl =   3054  lit =  175369  p =     0  d =     0  f =     2  +  T =     0.02 sec
  [bmc-prof  84] wall=  17.724 p=     2 | ifo=  0.554(sd=0.131 nx=0.000 tfo=0.002 cnt=0.422) snap= 0.195 srm=  4.284 sat=  1.853(set=0.092 slv=1.759 max=0.8850 n=2) cex=R/T/F=0/0/2 trsplit=0 pending=0 sim=10.504(rmp=0.289 run=10.213 n=1 d=0) incr=loc/full/maxdirty/keys=0/0/0/0 chk= 0.000(d=2) stat= 0.128 rest= 0.206
  [bmc-incr i=85 repr=2 active=10/175369 POs=2]
BMC : c =       7  cl =   3054  lit =  175367  p =     0  d =     0  f =     2  +  T =     0.02 sec
  [bmc-prof  85] wall=  17.638 p=     2 | ifo=  0.540(sd=0.130 nx=0.000 tfo=0.002 cnt=0.407) snap= 0.206 srm=  4.249 sat=  1.860(set=0.089 slv=1.769 max=0.8909 n=2) cex=R/T/F=0/0/2 trsplit=0 pending=0 sim=10.447(rmp=0.284 run=10.163 n=1 d=0) incr=loc/full/maxdirty/keys=0/0/0/0 chk= 0.000(d=2) stat= 0.126 rest= 0.211
  [bmc-incr i=86 repr=2 active=8/175367 POs=2]
BMC : c =       5  cl =   3054  lit =  175365  p =     0  d =     0  f =     2  +  T =     0.02 sec
  [bmc-prof  86] wall=  17.558 p=     2 | ifo=  0.551(sd=0.118 nx=0.000 tfo=0.001 cnt=0.432) snap= 0.204 srm=  4.121 sat=  1.847(set=0.087 slv=1.759 max=0.8845 n=2) cex=R/T/F=0/0/2 trsplit=0 pending=0 sim=10.496(rmp=0.288 run=10.208 n=1 d=0) incr=loc/full/maxdirty/keys=0/0/0/0 chk= 0.000(d=2) stat= 0.134 rest= 0.205
  [bmc-incr i=87 repr=2 active=6/175365 POs=2]
BMC : c =       3  cl =   3054  lit =  175363  p =     0  d =     0  f =     2  +  T =     0.02 sec
  [bmc-prof  87] wall=  17.496 p=     2 | ifo=  0.525(sd=0.119 nx=0.000 tfo=0.001 cnt=0.405) snap= 0.208 srm=  4.139 sat=  1.849(set=0.084 slv=1.764 max=0.8855 n=2) cex=R/T/F=0/0/2 trsplit=0 pending=0 sim=10.436(rmp=0.282 run=10.153 n=1 d=0) incr=loc/full/maxdirty/keys=0/0/0/0 chk= 0.000(d=2) stat= 0.126 rest= 0.212
  [bmc-incr i=88 repr=2 active=4/175363 POs=1]
BMC : c =       2  cl =   3054  lit =  175362  p =     0  d =     0  f =     1  +  T =     0.02 sec
  [bmc-prof  88] wall=  16.887 p=     1 | ifo=  0.524(sd=0.118 nx=0.000 tfo=0.001 cnt=0.405) snap= 0.196 srm=  4.157 sat=  0.972(set=0.091 slv=0.880 max=0.8796 n=1) cex=R/T/F=0/0/1 trsplit=0 pending=0 sim=10.707(rmp=0.292 run=10.415 n=1 d=0) incr=loc/full/maxdirty/keys=0/0/0/0 chk= 0.000(d=1) stat= 0.125 rest= 0.206
  [bmc-incr i=89 repr=1 active=3/175362 POs=0]
  [bmc-prof ALL] wall=11996.991 p=998705 | ifo=130.215(sd=12.337 nx=0.000 tfo=81.529 cnt=36.349) snap=19.150 srm=810.022 sat=9593.791(set=37.138 slv=9482.567 max=66.2143 n=998705) cex=R/T/F=146354/0/1076 trsplit=0 pending=21003 sim=1404.744(rmp=31.545 run=1373.141 n=89 d=35947) incr=loc/full/maxdirty/keys=0/0/0/0 chk= 1.435(d=1076) stat=11.665 rest=25.969
  1 : c =       1  cl =   3054  lit =  175348  p =175982  d =     0  f =    14  +  T =     0.57 sec
  [prof   1] wall= 573.908 p=175996 | ifo=  0.000(sd=0.000 nx=0.000 tfo=0.000 cnt=0.000) snap= 0.226 srm= 38.138 sat=502.808(set=3.549 slv=490.613 max=1.1688 n=175996) cex=R/T/F=0/0/14 trsplit=0 pending=0 sim=31.943(rmp=0.018 run=31.923 n=1 d=0) incr=loc/full/maxdirty/keys=0/1/0/763458 chk= 0.250(d=14) stat= 0.233 rest= 0.310
  [incr r=1 repr=14 next=26 tfo=2958 active=1485/178402 POs=1484]
  2 : c =       1  cl =   3054  lit =  175334  p =  1470  d =     0  f =    14  +  T =     0.39 sec
  [prof   2] wall= 386.090 p=  1484 | ifo=  1.003(sd=0.183 nx=0.168 tfo=0.067 cnt=0.586) snap= 0.205 srm=  7.189 sat=377.113(set=0.505 slv=376.487 max=1.0249 n=1484) cex=R/T/F=0/0/14 trsplit=0 pending=0 sim= 0.112(rmp=0.003 run=0.108 n=1 d=0) incr=loc/full/maxdirty/keys=1/0/0/763458 chk= 0.052(d=14) stat= 0.147 rest= 0.269
  [incr r=2 repr=14 next=26 tfo=2956 active=1471/178388 POs=1470]
  3 : c =       0  cl =   3054  lit =  175321  p =  1457  d =     0  f =    13  -  T =     0.36 sec
  [prof   3] wall= 363.396 p=  1470 | ifo=  0.832(sd=0.146 nx=0.117 tfo=0.066 cnt=0.503) snap= 0.214 srm=  7.007 sat=354.850(set=0.599 slv=354.144 max=0.9396 n=1470) cex=R/T/F=0/0/13 trsplit=0 pending=0 sim= 0.096(rmp=0.003 run=0.093 n=1 d=0) incr=loc/full/maxdirty/keys=1/0/0/763458 chk= 0.042(d=13) stat= 0.133 rest= 0.222
  [incr r=3 repr=13 next=24 tfo=2954 active=1457/178375 POs=1457]
  4 : c =       0  cl =   3054  lit =  175309  p =  1445  d =     0  f =    12  -  T =     0.34 sec
  [prof   4] wall= 343.856 p=  1457 | ifo=  0.781(sd=0.134 nx=0.110 tfo=0.069 cnt=0.468) snap= 0.350 srm=  3.285 sat=338.937(set=0.569 slv=338.263 max=1.6000 n=1457) cex=R/T/F=0/0/12 trsplit=0 pending=0 sim= 0.101(rmp=0.003 run=0.098 n=1 d=0) incr=loc/full/maxdirty/keys=1/0/0/763458 chk= 0.042(d=12) stat= 0.135 rest= 0.224
  [incr r=4 repr=12 next=23 tfo=2952 active=1445/178363 POs=1445]
  5 : c =       0  cl =   3054  lit =  175298  p =  1434  d =     0  f =    11  -  T =     0.34 sec
  [prof   5] wall= 339.881 p=  1445 | ifo=  0.802(sd=0.144 nx=0.114 tfo=0.061 cnt=0.483) snap= 0.183 srm=  2.697 sat=335.704(set=0.157 slv=335.445 max=1.8633 n=1445) cex=R/T/F=0/0/11 trsplit=0 pending=0 sim= 0.098(rmp=0.003 run=0.094 n=1 d=0) incr=loc/full/maxdirty/keys=1/0/0/763458 chk= 0.038(d=11) stat= 0.135 rest= 0.224
  [incr r=5 repr=11 next=22 tfo=2950 active=1434/178352 POs=1434]
  6 : c =       0  cl =   3054  lit =  175287  p =  1423  d =     0  f =    11  -  T =     0.33 sec
  [prof   6] wall= 333.971 p=  1434 | ifo=  0.769(sd=0.128 nx=0.110 tfo=0.057 cnt=0.475) snap= 0.184 srm=  2.697 sat=329.824(set=0.149 slv=329.574 max=1.1328 n=1434) cex=R/T/F=0/0/11 trsplit=0 pending=0 sim= 0.100(rmp=0.003 run=0.097 n=1 d=0) incr=loc/full/maxdirty/keys=1/0/0/763458 chk= 0.039(d=11) stat= 0.136 rest= 0.221
  [incr r=6 repr=11 next=22 tfo=2948 active=1423/178341 POs=1423]
  7 : c =       0  cl =   3054  lit =  175276  p =  1412  d =     0  f =    11  -  T =     0.34 sec
  [prof   7] wall= 336.276 p=  1423 | ifo=  0.798(sd=0.135 nx=0.126 tfo=0.061 cnt=0.477) snap= 0.184 srm=  2.730 sat=332.060(set=0.158 slv=331.803 max=1.5582 n=1423) cex=R/T/F=0/0/11 trsplit=0 pending=0 sim= 0.112(rmp=0.003 run=0.109 n=1 d=0) incr=loc/full/maxdirty/keys=1/0/0/763458 chk= 0.038(d=11) stat= 0.133 rest= 0.220
  [incr r=7 repr=11 next=22 tfo=2946 active=1412/178330 POs=1412]
  8 : c =       0  cl =   3054  lit =  175265  p =  1401  d =     0  f =    11  -  T =     0.36 sec
  [prof   8] wall= 359.613 p=  1412 | ifo=  0.831(sd=0.144 nx=0.132 tfo=0.067 cnt=0.488) snap= 0.192 srm=  2.842 sat=355.210(set=0.162 slv=354.941 max=2.9026 n=1412) cex=R/T/F=0/0/11 trsplit=0 pending=0 sim= 0.099(rmp=0.003 run=0.095 n=1 d=0) incr=loc/full/maxdirty/keys=1/0/0/763458 chk= 0.043(d=11) stat= 0.148 rest= 0.249
  [incr r=8 repr=11 next=21 tfo=2944 active=1401/178319 POs=1401]
  9 : c =       0  cl =   3054  lit =  175255  p =  1391  d =     0  f =    10  -  T =     0.36 sec
  [prof   9] wall= 361.730 p=  1401 | ifo=  0.846(sd=0.133 nx=0.118 tfo=0.064 cnt=0.531) snap= 0.199 srm=  2.869 sat=357.250(set=0.165 slv=356.977 max=1.0433 n=1401) cex=R/T/F=0/0/10 trsplit=0 pending=0 sim= 0.100(rmp=0.003 run=0.097 n=1 d=0) incr=loc/full/maxdirty/keys=1/0/0/763458 chk= 0.041(d=10) stat= 0.154 rest= 0.270
  [incr r=9 repr=10 next=20 tfo=1486 active=1390/178309 POs=1390]
 10 : c =       0  cl =   3054  lit =  175245  p =  1380  d =     0  f =    10  -  T =     0.35 sec
  [prof  10] wall= 351.484 p=  1390 | ifo=  0.815(sd=0.144 nx=0.114 tfo=0.049 cnt=0.507) snap= 0.200 srm=  2.858 sat=347.086(set=0.156 slv=346.830 max=0.9715 n=1390) cex=R/T/F=0/0/10 trsplit=0 pending=0 sim= 0.097(rmp=0.003 run=0.093 n=1 d=0) incr=loc/full/maxdirty/keys=1/0/0/763458 chk= 0.039(d=10) stat= 0.146 rest= 0.243
  [incr r=10 repr=10 next=20 tfo=1485 active=1380/178299 POs=1380]
 11 : c =       0  cl =   3054  lit =  175235  p =  1370  d =     0  f =    10  -  T =     0.35 sec
  [prof  11] wall= 353.131 p=  1380 | ifo=  0.797(sd=0.143 nx=0.115 tfo=0.042 cnt=0.498) snap= 0.207 srm=  2.854 sat=348.742(set=0.163 slv=348.472 max=1.0122 n=1380) cex=R/T/F=0/0/10 trsplit=0 pending=0 sim= 0.098(rmp=0.004 run=0.094 n=1 d=0) incr=loc/full/maxdirty/keys=1/0/0/763458 chk= 0.040(d=10) stat= 0.147 rest= 0.245
  [incr r=11 repr=10 next=20 tfo=1484 active=1370/178289 POs=1370]
 12 : c =       0  cl =   3054  lit =  175225  p =  1360  d =     0  f =    10  -  T =     0.36 sec
  [prof  12] wall= 357.870 p=  1370 | ifo=  0.845(sd=0.133 nx=0.121 tfo=0.048 cnt=0.543) snap= 0.200 srm=  2.894 sat=353.405(set=0.159 slv=353.142 max=1.1226 n=1370) cex=R/T/F=0/0/10 trsplit=0 pending=0 sim= 0.096(rmp=0.003 run=0.093 n=1 d=0) incr=loc/full/maxdirty/keys=1/0/0/763458 chk= 0.040(d=10) stat= 0.146 rest= 0.243
  [incr r=12 repr=10 next=20 tfo=1483 active=1360/178279 POs=1360]
 13 : c =       0  cl =   3054  lit =  175215  p =  1350  d =     0  f =    10  -  T =     0.35 sec
  [prof  13] wall= 347.983 p=  1360 | ifo=  0.797(sd=0.134 nx=0.114 tfo=0.041 cnt=0.509) snap= 0.255 srm=  2.883 sat=343.513(set=0.165 slv=343.245 max=1.5863 n=1360) cex=R/T/F=0/0/10 trsplit=0 pending=0 sim= 0.100(rmp=0.004 run=0.096 n=1 d=0) incr=loc/full/maxdirty/keys=1/0/0/763458 chk= 0.040(d=10) stat= 0.147 rest= 0.248
  [incr r=13 repr=10 next=20 tfo=1482 active=1350/178269 POs=1350]
 14 : c =       0  cl =   3054  lit =  175205  p =  1340  d =     0  f =    10  -  T =     0.35 sec
  [prof  14] wall= 352.219 p=  1350 | ifo=  0.811(sd=0.134 nx=0.117 tfo=0.045 cnt=0.516) snap= 0.200 srm=  2.891 sat=347.766(set=0.160 slv=347.503 max=1.3626 n=1350) cex=R/T/F=0/0/10 trsplit=0 pending=0 sim= 0.094(rmp=0.003 run=0.091 n=1 d=0) incr=loc/full/maxdirty/keys=1/0/0/763458 chk= 0.042(d=10) stat= 0.144 rest= 0.271
  [incr r=14 repr=10 next=20 tfo=1481 active=1340/178259 POs=1340]
 15 : c =       0  cl =   3054  lit =  175195  p =  1330  d =     0  f =    10  -  T =     0.34 sec
  [prof  15] wall= 345.137 p=  1340 | ifo=  0.799(sd=0.133 nx=0.123 tfo=0.049 cnt=0.494) snap= 0.201 srm=  2.857 sat=340.752(set=0.164 slv=340.453 max=1.7955 n=1340) cex=R/T/F=0/0/10 trsplit=0 pending=0 sim= 0.096(rmp=0.003 run=0.093 n=1 d=0) incr=loc/full/maxdirty/keys=1/0/0/763458 chk= 0.039(d=10) stat= 0.147 rest= 0.246
  [incr r=15 repr=10 next=20 tfo=1480 active=1330/178249 POs=1330]
 16 : c =       0  cl =   3054  lit =  175185  p =  1320  d =     0  f =    10  -  T =     0.35 sec
  [prof  16] wall= 347.676 p=  1330 | ifo=  0.807(sd=0.140 nx=0.115 tfo=0.042 cnt=0.510) snap= 0.205 srm=  2.870 sat=343.268(set=0.160 slv=343.009 max=2.4552 n=1330) cex=R/T/F=0/0/10 trsplit=0 pending=0 sim= 0.098(rmp=0.004 run=0.094 n=1 d=0) incr=loc/full/maxdirty/keys=1/0/0/763458 chk= 0.039(d=10) stat= 0.146 rest= 0.242
  [incr r=16 repr=10 next=20 tfo=1479 active=1320/178239 POs=1320]
 17 : c =       0  cl =   3054  lit =  175175  p =  1310  d =     0  f =    10  -  T =     0.34 sec
  [prof  17] wall= 341.124 p=  1320 | ifo=  0.792(sd=0.133 nx=0.117 tfo=0.043 cnt=0.499) snap= 0.197 srm=  2.860 sat=336.742(set=0.156 slv=336.489 max=1.0629 n=1320) cex=R/T/F=0/0/10 trsplit=0 pending=0 sim= 0.101(rmp=0.003 run=0.097 n=1 d=0) incr=loc/full/maxdirty/keys=1/0/0/763458 chk= 0.039(d=10) stat= 0.149 rest= 0.244
  [incr r=17 repr=10 next=20 tfo=1478 active=1310/178229 POs=1310]
 18 : c =       0  cl =   3054  lit =  175165  p =  1300  d =     0  f =    10  -  T =     0.33 sec
  [prof  18] wall= 328.531 p=  1310 | ifo=  0.816(sd=0.137 nx=0.119 tfo=0.046 cnt=0.513) snap= 0.198 srm=  2.873 sat=324.114(set=0.159 slv=323.859 max=0.8907 n=1310) cex=R/T/F=0/0/10 trsplit=0 pending=0 sim= 0.101(rmp=0.003 run=0.097 n=1 d=0) incr=loc/full/maxdirty/keys=1/0/0/763458 chk= 0.039(d=10) stat= 0.145 rest= 0.244
  [incr r=18 repr=10 next=20 tfo=1477 active=1300/178219 POs=1300]
 19 : c =       0  cl =   3054  lit =  175155  p =  1290  d =     0  f =    10  -  T =     0.33 sec
  [prof  19] wall= 332.408 p=  1300 | ifo=  0.806(sd=0.136 nx=0.120 tfo=0.046 cnt=0.503) snap= 0.199 srm=  2.874 sat=327.999(set=0.165 slv=327.737 max=1.4114 n=1300) cex=R/T/F=0/0/10 trsplit=0 pending=0 sim= 0.100(rmp=0.004 run=0.096 n=1 d=0) incr=loc/full/maxdirty/keys=1/0/0/763458 chk= 0.039(d=10) stat= 0.149 rest= 0.242
  [incr r=19 repr=10 next=20 tfo=1476 active=1290/178209 POs=1290]
 20 : c =       0  cl =   3054  lit =  175145  p =  1280  d =     0  f =    10  -  T =     0.35 sec
  [prof  20] wall= 346.350 p=  1290 | ifo=  0.803(sd=0.146 nx=0.114 tfo=0.047 cnt=0.496) snap= 0.199 srm=  2.819 sat=342.005(set=0.169 slv=341.734 max=1.0696 n=1290) cex=R/T/F=0/0/10 trsplit=0 pending=0 sim= 0.097(rmp=0.004 run=0.093 n=1 d=0) incr=loc/full/maxdirty/keys=1/0/0/763458 chk= 0.038(d=10) stat= 0.146 rest= 0.241
  [incr r=20 repr=10 next=20 tfo=1475 active=1280/178199 POs=1280]
 21 : c =       0  cl =   3054  lit =  175135  p =  1270  d =     0  f =    10  -  T =     0.33 sec
  [prof  21] wall= 329.561 p=  1280 | ifo=  0.805(sd=0.141 nx=0.113 tfo=0.043 cnt=0.508) snap= 0.198 srm=  2.857 sat=325.170(set=0.160 slv=324.911 max=1.7396 n=1280) cex=R/T/F=0/0/10 trsplit=0 pending=0 sim= 0.096(rmp=0.004 run=0.092 n=1 d=0) incr=loc/full/maxdirty/keys=1/0/0/763458 chk= 0.038(d=10) stat= 0.160 rest= 0.237
  [incr r=21 repr=10 next=20 tfo=1474 active=1270/178189 POs=1270]
 22 : c =       0  cl =   3054  lit =  175125  p =  1260  d =     0  f =    10  -  T =     0.32 sec
  [prof  22] wall= 321.141 p=  1270 | ifo=  0.795(sd=0.133 nx=0.125 tfo=0.050 cnt=0.487) snap= 0.209 srm=  2.920 sat=316.687(set=0.164 slv=316.428 max=0.8860 n=1270) cex=R/T/F=0/0/10 trsplit=0 pending=0 sim= 0.107(rmp=0.004 run=0.103 n=1 d=0) incr=loc/full/maxdirty/keys=1/0/0/763458 chk= 0.037(d=10) stat= 0.148 rest= 0.239
  [incr r=22 repr=10 next=20 tfo=1473 active=1260/178179 POs=1260]
 23 : c =       0  cl =   3054  lit =  175115  p =  1250  d =     0  f =    10  -  T =     0.33 sec
  [prof  23] wall= 327.186 p=  1260 | ifo=  0.781(sd=0.133 nx=0.116 tfo=0.041 cnt=0.490) snap= 0.211 srm=  2.869 sat=322.715(set=0.166 slv=322.446 max=1.3478 n=1260) cex=R/T/F=0/0/10 trsplit=0 pending=0 sim= 0.109(rmp=0.004 run=0.105 n=1 d=0) incr=loc/full/maxdirty/keys=1/0/0/763458 chk= 0.040(d=10) stat= 0.150 rest= 0.310
  [incr r=23 repr=10 next=20 tfo=1472 active=1250/178169 POs=1250]
 24 : c =       0  cl =   3054  lit =  175105  p =  1240  d =     0  f =    10  -  T =     0.33 sec
  [prof  24] wall= 325.162 p=  1250 | ifo=  0.815(sd=0.135 nx=0.120 tfo=0.046 cnt=0.513) snap= 0.215 srm=  2.882 sat=320.723(set=0.172 slv=320.459 max=1.1084 n=1250) cex=R/T/F=0/0/10 trsplit=0 pending=0 sim= 0.099(rmp=0.003 run=0.095 n=1 d=0) incr=loc/full/maxdirty/keys=1/0/0/763458 chk= 0.038(d=10) stat= 0.148 rest= 0.244
  [incr r=24 repr=10 next=20 tfo=1471 active=1240/178159 POs=1240]
 25 : c =       0  cl =   3054  lit =  175095  p =  1230  d =     0  f =    10  -  T =     0.32 sec
  [prof  25] wall= 321.304 p=  1240 | ifo=  0.808(sd=0.137 nx=0.115 tfo=0.043 cnt=0.513) snap= 0.197 srm=  2.874 sat=316.879(set=0.171 slv=316.615 max=1.5258 n=1240) cex=R/T/F=0/0/10 trsplit=0 pending=0 sim= 0.095(rmp=0.003 run=0.092 n=1 d=0) incr=loc/full/maxdirty/keys=1/0/0/763458 chk= 0.037(d=10) stat= 0.147 rest= 0.267
  [incr r=25 repr=10 next=20 tfo=1470 active=1230/178149 POs=1230]
 26 : c =       0  cl =   3054  lit =  175085  p =  1220  d =     0  f =    10  -  T =     0.32 sec
  [prof  26] wall= 321.254 p=  1230 | ifo=  0.804(sd=0.132 nx=0.111 tfo=0.047 cnt=0.515) snap= 0.199 srm=  2.816 sat=316.900(set=0.155 slv=316.648 max=1.0470 n=1230) cex=R/T/F=0/0/10 trsplit=0 pending=0 sim= 0.100(rmp=0.004 run=0.096 n=1 d=0) incr=loc/full/maxdirty/keys=1/0/0/763458 chk= 0.037(d=10) stat= 0.157 rest= 0.242
  [incr r=26 repr=10 next=20 tfo=1469 active=1220/178139 POs=1220]
 27 : c =       0  cl =   3054  lit =  175075  p =  1210  d =     0  f =    10  -  T =     0.32 sec
  [prof  27] wall= 317.377 p=  1220 | ifo=  0.809(sd=0.133 nx=0.114 tfo=0.048 cnt=0.514) snap= 0.198 srm=  2.876 sat=312.947(set=0.156 slv=312.689 max=1.2845 n=1220) cex=R/T/F=0/0/10 trsplit=0 pending=0 sim= 0.097(rmp=0.003 run=0.093 n=1 d=0) incr=loc/full/maxdirty/keys=1/0/0/763458 chk= 0.037(d=10) stat= 0.148 rest= 0.266
  [incr r=27 repr=10 next=20 tfo=1468 active=1210/178129 POs=1210]
 28 : c =       0  cl =   3054  lit =  175065  p =  1200  d =     0  f =    10  -  T =     0.31 sec
  [prof  28] wall= 311.246 p=  1210 | ifo=  0.808(sd=0.139 nx=0.116 tfo=0.049 cnt=0.504) snap= 0.200 srm=  2.815 sat=306.897(set=0.157 slv=306.651 max=1.0003 n=1210) cex=R/T/F=0/0/10 trsplit=0 pending=0 sim= 0.093(rmp=0.003 run=0.089 n=1 d=0) incr=loc/full/maxdirty/keys=1/0/0/763458 chk= 0.037(d=10) stat= 0.147 rest= 0.250
  [incr r=28 repr=10 next=20 tfo=1467 active=1200/178119 POs=1200]
 29 : c =       0  cl =   3054  lit =  175055  p =  1190  d =     0  f =    10  -  T =     0.30 sec
  [prof  29] wall= 302.403 p=  1200 | ifo=  0.782(sd=0.133 nx=0.110 tfo=0.038 cnt=0.501) snap= 0.197 srm=  2.907 sat=297.988(set=0.157 slv=297.745 max=1.0162 n=1200) cex=R/T/F=0/0/10 trsplit=0 pending=0 sim= 0.096(rmp=0.004 run=0.092 n=1 d=0) incr=loc/full/maxdirty/keys=1/0/0/763458 chk= 0.037(d=10) stat= 0.145 rest= 0.251
  [incr r=29 repr=10 next=20 tfo=1466 active=1190/178109 POs=1190]
 30 : c =       0  cl =   3054  lit =  175045  p =  1180  d =     0  f =    10  -  T =     0.31 sec
  [prof  30] wall= 312.234 p=  1190 | ifo=  0.987(sd=0.137 nx=0.184 tfo=0.071 cnt=0.594) snap= 0.198 srm=  3.017 sat=307.511(set=0.156 slv=307.262 max=2.1886 n=1190) cex=R/T/F=0/0/10 trsplit=0 pending=0 sim= 0.096(rmp=0.003 run=0.093 n=1 d=0) incr=loc/full/maxdirty/keys=1/0/0/763458 chk= 0.036(d=10) stat= 0.146 rest= 0.241
  [incr r=30 repr=10 next=20 tfo=1465 active=1180/178099 POs=1180]
 31 : c =       0  cl =   3054  lit =  175035  p =  1170  d =     0  f =    10  -  T =     0.30 sec
  [prof  31] wall= 303.007 p=  1180 | ifo=  0.799(sd=0.135 nx=0.115 tfo=0.041 cnt=0.509) snap= 0.199 srm=  2.820 sat=298.679(set=0.159 slv=298.434 max=0.9504 n=1180) cex=R/T/F=0/0/10 trsplit=0 pending=0 sim= 0.093(rmp=0.003 run=0.090 n=1 d=0) incr=loc/full/maxdirty/keys=1/0/0/763458 chk= 0.035(d=10) stat= 0.145 rest= 0.237
  [incr r=31 repr=10 next=20 tfo=1464 active=1170/178089 POs=1170]
 32 : c =       0  cl =   3054  lit =  175025  p =  1160  d =     0  f =    10  -  T =     0.30 sec
  [prof  32] wall= 303.620 p=  1170 | ifo=  0.811(sd=0.133 nx=0.119 tfo=0.049 cnt=0.510) snap= 0.199 srm=  2.829 sat=298.525(set=0.154 slv=298.275 max=1.3429 n=1170) cex=R/T/F=0/0/10 trsplit=0 pending=0 sim= 0.469(rmp=0.010 run=0.458 n=1 d=0) incr=loc/full/maxdirty/keys=1/0/0/763458 chk= 0.059(d=10) stat= 0.198 rest= 0.530
  [incr r=32 repr=10 next=20 tfo=1463 active=1160/178079 POs=1160]
 33 : c =       0  cl =   3054  lit =  175015  p =  1150  d =     0  f =    10  -  T =     0.30 sec
  [prof  33] wall= 300.742 p=  1160 | ifo=  1.006(sd=0.174 nx=0.177 tfo=0.053 cnt=0.603) snap= 0.216 srm=  3.318 sat=295.668(set=0.166 slv=295.415 max=1.4896 n=1160) cex=R/T/F=0/0/10 trsplit=0 pending=0 sim= 0.099(rmp=0.004 run=0.095 n=1 d=0) incr=loc/full/maxdirty/keys=1/0/0/763458 chk= 0.035(d=10) stat= 0.158 rest= 0.243
  [incr r=33 repr=10 next=20 tfo=1462 active=1150/178069 POs=1150]
 34 : c =       0  cl =   3054  lit =  175005  p =  1140  d =     0  f =    10  -  T =     0.30 sec
  [prof  34] wall= 301.842 p=  1150 | ifo=  0.818(sd=0.135 nx=0.117 tfo=0.044 cnt=0.522) snap= 0.198 srm=  2.839 sat=297.458(set=0.158 slv=297.212 max=0.9864 n=1150) cex=R/T/F=0/0/10 trsplit=0 pending=0 sim= 0.100(rmp=0.003 run=0.096 n=1 d=0) incr=loc/full/maxdirty/keys=1/0/0/763458 chk= 0.035(d=10) stat= 0.147 rest= 0.247
  [incr r=34 repr=10 next=20 tfo=1461 active=1140/178059 POs=1140]
 35 : c =       0  cl =   3054  lit =  174995  p =  1130  d =     0  f =    10  -  T =     0.29 sec
  [prof  35] wall= 291.078 p=  1140 | ifo=  0.791(sd=0.135 nx=0.117 tfo=0.041 cnt=0.498) snap= 0.199 srm=  2.874 sat=286.684(set=0.156 slv=286.444 max=1.2018 n=1140) cex=R/T/F=0/0/10 trsplit=0 pending=0 sim= 0.097(rmp=0.004 run=0.093 n=1 d=0) incr=loc/full/maxdirty/keys=1/0/0/763458 chk= 0.035(d=10) stat= 0.148 rest= 0.250
  [incr r=35 repr=10 next=20 tfo=1460 active=1130/178049 POs=1130]
 36 : c =       0  cl =   3054  lit =  174985  p =  1120  d =     0  f =    10  -  T =     0.29 sec
  [prof  36] wall= 292.079 p=  1130 | ifo=  0.788(sd=0.133 nx=0.114 tfo=0.042 cnt=0.499) snap= 0.197 srm=  2.807 sat=287.750(set=0.157 slv=287.508 max=1.0717 n=1130) cex=R/T/F=0/0/10 trsplit=0 pending=0 sim= 0.100(rmp=0.004 run=0.096 n=1 d=0) incr=loc/full/maxdirty/keys=1/0/0/763458 chk= 0.035(d=10) stat= 0.148 rest= 0.254
  [incr r=36 repr=10 next=20 tfo=1459 active=1120/178039 POs=1120]
 37 : c =       0  cl =   3054  lit =  174975  p =  1110  d =     0  f =    10  -  T =     0.30 sec
  [prof  37] wall= 298.766 p=  1120 | ifo=  0.832(sd=0.134 nx=0.118 tfo=0.047 cnt=0.534) snap= 0.208 srm=  2.840 sat=294.370(set=0.153 slv=294.129 max=2.3158 n=1120) cex=R/T/F=0/0/10 trsplit=0 pending=0 sim= 0.095(rmp=0.004 run=0.091 n=1 d=0) incr=loc/full/maxdirty/keys=1/0/0/763458 chk= 0.034(d=10) stat= 0.146 rest= 0.241
  [incr r=37 repr=10 next=20 tfo=1458 active=1110/178029 POs=1110]
 38 : c =       0  cl =   3054  lit =  174965  p =  1100  d =     0  f =    10  -  T =     0.28 sec
  [prof  38] wall= 283.784 p=  1110 | ifo=  0.808(sd=0.140 nx=0.118 tfo=0.052 cnt=0.498) snap= 0.212 srm=  2.793 sat=279.459(set=0.161 slv=279.220 max=1.1542 n=1110) cex=R/T/F=0/0/10 trsplit=0 pending=0 sim= 0.094(rmp=0.003 run=0.091 n=1 d=0) incr=loc/full/maxdirty/keys=1/0/0/763458 chk= 0.033(d=10) stat= 0.144 rest= 0.241
  [incr r=38 repr=10 next=20 tfo=1457 active=1100/178019 POs=1100]
 39 : c =       0  cl =   3054  lit =  174955  p =  1090  d =     0  f =    10  -  T =     0.29 sec
  [prof  39] wall= 289.018 p=  1100 | ifo=  0.788(sd=0.143 nx=0.111 tfo=0.039 cnt=0.494) snap= 0.205 srm=  2.819 sat=284.674(set=0.158 slv=284.423 max=2.7444 n=1100) cex=R/T/F=0/0/10 trsplit=0 pending=0 sim= 0.098(rmp=0.004 run=0.094 n=1 d=0) incr=loc/full/maxdirty/keys=1/0/0/763458 chk= 0.034(d=10) stat= 0.149 rest= 0.251
  [incr r=39 repr=10 next=20 tfo=1456 active=1090/178009 POs=1090]
 40 : c =       0  cl =   3054  lit =  174945  p =  1080  d =     0  f =    10  -  T =     0.28 sec
  [prof  40] wall= 282.458 p=  1090 | ifo=  0.794(sd=0.136 nx=0.121 tfo=0.044 cnt=0.494) snap= 0.199 srm=  2.870 sat=278.069(set=0.152 slv=277.833 max=0.9178 n=1090) cex=R/T/F=0/0/10 trsplit=0 pending=0 sim= 0.101(rmp=0.004 run=0.097 n=1 d=0) incr=loc/full/maxdirty/keys=1/0/0/763458 chk= 0.033(d=10) stat= 0.148 rest= 0.246
  [incr r=40 repr=10 next=20 tfo=1455 active=1080/177999 POs=1080]
 41 : c =       0  cl =   3054  lit =  174935  p =  1070  d =     0  f =    10  -  T =     0.28 sec
  [prof  41] wall= 282.959 p=  1080 | ifo=  0.816(sd=0.137 nx=0.118 tfo=0.042 cnt=0.519) snap= 0.199 srm=  2.831 sat=278.591(set=0.163 slv=278.346 max=1.6491 n=1080) cex=R/T/F=0/0/10 trsplit=0 pending=0 sim= 0.098(rmp=0.003 run=0.094 n=1 d=0) incr=loc/full/maxdirty/keys=1/0/0/763458 chk= 0.033(d=10) stat= 0.147 rest= 0.244
  [incr r=41 repr=10 next=20 tfo=1454 active=1070/177989 POs=1070]
 42 : c =       0  cl =   3054  lit =  174925  p =  1060  d =     0  f =    10  -  T =     0.29 sec
  [prof  42] wall= 285.227 p=  1070 | ifo=  0.805(sd=0.150 nx=0.117 tfo=0.045 cnt=0.494) snap= 0.201 srm=  3.588 sat=280.103(set=0.162 slv=279.857 max=2.8190 n=1070) cex=R/T/F=0/0/10 trsplit=0 pending=0 sim= 0.089(rmp=0.003 run=0.085 n=1 d=0) incr=loc/full/maxdirty/keys=1/0/0/763458 chk= 0.033(d=10) stat= 0.156 rest= 0.251
  [incr r=42 repr=10 next=20 tfo=1453 active=1060/177979 POs=1060]
 43 : c =       0  cl =   3054  lit =  174915  p =  1050  d =     0  f =    10  -  T =     0.28 sec
  [prof  43] wall= 277.349 p=  1060 | ifo=  0.801(sd=0.154 nx=0.116 tfo=0.040 cnt=0.490) snap= 0.198 srm=  2.851 sat=272.950(set=0.157 slv=272.708 max=1.2961 n=1060) cex=R/T/F=0/0/10 trsplit=0 pending=0 sim= 0.107(rmp=0.004 run=0.103 n=1 d=0) incr=loc/full/maxdirty/keys=1/0/0/763458 chk= 0.035(d=10) stat= 0.155 rest= 0.253
  [incr r=43 repr=10 next=20 tfo=1452 active=1050/177969 POs=1050]
 44 : c =       0  cl =   3054  lit =  174905  p =  1040  d =     0  f =    10  -  T =     0.28 sec
  [prof  44] wall= 284.245 p=  1050 | ifo=  0.845(sd=0.140 nx=0.123 tfo=0.047 cnt=0.536) snap= 0.217 srm=  2.977 sat=279.678(set=0.171 slv=279.419 max=1.3065 n=1050) cex=R/T/F=0/0/10 trsplit=0 pending=0 sim= 0.104(rmp=0.003 run=0.100 n=1 d=0) incr=loc/full/maxdirty/keys=1/0/0/763458 chk= 0.033(d=10) stat= 0.148 rest= 0.244
  [incr r=44 repr=10 next=20 tfo=1451 active=1040/177959 POs=1040]
 45 : c =       0  cl =   3054  lit =  174895  p =  1030  d =     0  f =    10  -  T =     0.27 sec
  [prof  45] wall= 271.749 p=  1040 | ifo=  0.800(sd=0.143 nx=0.117 tfo=0.040 cnt=0.500) snap= 0.198 srm=  2.855 sat=267.386(set=0.154 slv=267.155 max=1.3303 n=1040) cex=R/T/F=0/0/10 trsplit=0 pending=0 sim= 0.099(rmp=0.003 run=0.095 n=1 d=0) incr=loc/full/maxdirty/keys=1/0/0/763458 chk= 0.032(d=10) stat= 0.143 rest= 0.236
  [incr r=45 repr=10 next=20 tfo=1450 active=1030/177949 POs=1030]
 46 : c =       0  cl =   3054  lit =  174885  p =  1020  d =     0  f =    10  -  T =     0.28 sec
  [prof  46] wall= 276.595 p=  1030 | ifo=  0.802(sd=0.137 nx=0.116 tfo=0.045 cnt=0.504) snap= 0.198 srm=  2.793 sat=272.268(set=0.162 slv=272.024 max=1.4987 n=1030) cex=R/T/F=0/0/10 trsplit=0 pending=0 sim= 0.099(rmp=0.003 run=0.095 n=1 d=0) incr=loc/full/maxdirty/keys=1/0/0/763458 chk= 0.032(d=10) stat= 0.148 rest= 0.256
  [incr r=46 repr=10 next=20 tfo=1449 active=1020/177939 POs=1020]
 47 : c =       0  cl =   3054  lit =  174875  p =  1010  d =     0  f =    10  -  T =     0.27 sec
  [prof  47] wall= 266.274 p=  1020 | ifo=  0.878(sd=0.136 nx=0.118 tfo=0.041 cnt=0.584) snap= 0.212 srm=  2.827 sat=261.837(set=0.160 slv=261.593 max=0.9936 n=1020) cex=R/T/F=0/0/10 trsplit=0 pending=0 sim= 0.100(rmp=0.003 run=0.096 n=1 d=0) incr=loc/full/maxdirty/keys=1/0/0/763458 chk= 0.031(d=10) stat= 0.146 rest= 0.243
  [incr r=47 repr=10 next=20 tfo=1448 active=1010/177929 POs=1010]
 48 : c =       0  cl =   3054  lit =  174865  p =  1000  d =     0  f =    10  -  T =     0.27 sec
  [prof  48] wall= 266.912 p=  1010 | ifo=  0.800(sd=0.132 nx=0.116 tfo=0.041 cnt=0.512) snap= 0.199 srm=  2.884 sat=262.289(set=0.160 slv=262.050 max=1.2938 n=1010) cex=R/T/F=0/0/10 trsplit=0 pending=0 sim= 0.158(rmp=0.003 run=0.155 n=1 d=0) incr=loc/full/maxdirty/keys=1/0/0/763458 chk= 0.045(d=10) stat= 0.188 rest= 0.349
  [incr r=48 repr=10 next=20 tfo=1447 active=1000/177919 POs=1000]
 49 : c =       0  cl =   3054  lit =  174855  p =   990  d =     0  f =    10  -  T =     0.26 sec
  [prof  49] wall= 259.843 p=  1000 | ifo=  0.973(sd=0.167 nx=0.165 tfo=0.045 cnt=0.597) snap= 0.237 srm=  3.077 sat=255.037(set=0.170 slv=254.748 max=1.0290 n=1000) cex=R/T/F=0/0/10 trsplit=0 pending=0 sim= 0.106(rmp=0.003 run=0.102 n=1 d=0) incr=loc/full/maxdirty/keys=1/0/0/763458 chk= 0.031(d=10) stat= 0.146 rest= 0.238
  [incr r=49 repr=10 next=20 tfo=1446 active=990/177909 POs=990]
 50 : c =       0  cl =   3054  lit =  174845  p =   980  d =     0  f =    10  -  T =     0.27 sec
  [prof  50] wall= 267.667 p=   990 | ifo=  0.786(sd=0.138 nx=0.114 tfo=0.039 cnt=0.495) snap= 0.198 srm=  2.795 sat=263.367(set=0.160 slv=263.127 max=1.3106 n=990) cex=R/T/F=0/0/10 trsplit=0 pending=0 sim= 0.106(rmp=0.003 run=0.103 n=1 d=0) incr=loc/full/maxdirty/keys=1/0/0/763458 chk= 0.030(d=10) stat= 0.143 rest= 0.239
  [incr r=50 repr=10 next=20 tfo=1445 active=980/177899 POs=980]
 51 : c =       0  cl =   3054  lit =  174835  p =   970  d =     0  f =    10  -  T =     0.26 sec
  [prof  51] wall= 256.782 p=   980 | ifo=  0.825(sd=0.131 nx=0.116 tfo=0.044 cnt=0.533) snap= 0.199 srm=  2.879 sat=252.366(set=0.162 slv=252.131 max=0.8978 n=980) cex=R/T/F=0/0/10 trsplit=0 pending=0 sim= 0.097(rmp=0.003 run=0.093 n=1 d=0) incr=loc/full/maxdirty/keys=1/0/0/763458 chk= 0.030(d=10) stat= 0.146 rest= 0.241
  [incr r=51 repr=10 next=19 tfo=1444 active=970/177889 POs=970]
 52 : c =       0  cl =   3054  lit =  174826  p =   961  d =     0  f =     9  -  T =     0.26 sec
  [prof  52] wall= 257.248 p=   970 | ifo=  0.807(sd=0.143 nx=0.115 tfo=0.041 cnt=0.508) snap= 0.199 srm=  2.773 sat=252.953(set=0.171 slv=252.705 max=1.0635 n=970) cex=R/T/F=0/0/9 trsplit=0 pending=0 sim= 0.097(rmp=0.003 run=0.093 n=1 d=0) incr=loc/full/maxdirty/keys=1/0/0/763458 chk= 0.028(d=9) stat= 0.148 rest= 0.243
  [incr r=52 repr=9 next=18 tfo=1443 active=961/177880 POs=961]
 53 : c =       0  cl =   3054  lit =  174817  p =   952  d =     0  f =     9  -  T =     0.25 sec
  [prof  53] wall= 249.925 p=   961 | ifo=  0.815(sd=0.132 nx=0.116 tfo=0.042 cnt=0.526) snap= 0.199 srm=  2.797 sat=245.607(set=0.157 slv=245.377 max=1.0051 n=961) cex=R/T/F=0/0/9 trsplit=0 pending=0 sim= 0.096(rmp=0.003 run=0.092 n=1 d=0) incr=loc/full/maxdirty/keys=1/0/0/763458 chk= 0.027(d=9) stat= 0.145 rest= 0.239
  [incr r=53 repr=9 next=18 tfo=1442 active=952/177871 POs=952]
 54 : c =       0  cl =   3054  lit =  174808  p =   943  d =     0  f =     9  -  T =     0.24 sec
  [prof  54] wall= 244.856 p=   952 | ifo=  0.802(sd=0.131 nx=0.114 tfo=0.043 cnt=0.512) snap= 0.198 srm=  2.804 sat=240.538(set=0.156 slv=240.310 max=1.0310 n=952) cex=R/T/F=0/0/9 trsplit=0 pending=0 sim= 0.097(rmp=0.003 run=0.093 n=1 d=0) incr=loc/full/maxdirty/keys=1/0/0/763458 chk= 0.027(d=9) stat= 0.145 rest= 0.246
  [incr r=54 repr=9 next=18 tfo=1441 active=943/177862 POs=943]
 55 : c =       0  cl =   3054  lit =  174799  p =   934  d =     0  f =     9  -  T =     0.25 sec
  [prof  55] wall= 247.679 p=   943 | ifo=  0.790(sd=0.132 nx=0.116 tfo=0.040 cnt=0.503) snap= 0.199 srm=  2.845 sat=243.340(set=0.162 slv=243.104 max=1.7587 n=943) cex=R/T/F=0/0/9 trsplit=0 pending=0 sim= 0.094(rmp=0.004 run=0.090 n=1 d=0) incr=loc/full/maxdirty/keys=1/0/0/763458 chk= 0.027(d=9) stat= 0.145 rest= 0.240
  [incr r=55 repr=9 next=18 tfo=1440 active=934/177853 POs=934]
 56 : c =       0  cl =   3054  lit =  174790  p =   925  d =     0  f =     9  -  T =     0.25 sec
  [prof  56] wall= 246.225 p=   934 | ifo=  1.218(sd=0.134 nx=0.115 tfo=0.042 cnt=0.927) snap= 0.216 srm=  3.134 sat=241.132(set=0.169 slv=240.891 max=0.9642 n=934) cex=R/T/F=0/0/9 trsplit=0 pending=0 sim= 0.100(rmp=0.003 run=0.097 n=1 d=0) incr=loc/full/maxdirty/keys=1/0/0/763458 chk= 0.027(d=9) stat= 0.149 rest= 0.248
  [incr r=56 repr=9 next=18 tfo=1439 active=925/177844 POs=925]
 57 : c =       0  cl =   3054  lit =  174781  p =   916  d =     0  f =     9  -  T =     0.24 sec
  [prof  57] wall= 244.026 p=   925 | ifo=  0.814(sd=0.134 nx=0.122 tfo=0.044 cnt=0.514) snap= 0.206 srm=  2.815 sat=239.695(set=0.160 slv=239.462 max=0.9826 n=925) cex=R/T/F=0/0/9 trsplit=0 pending=0 sim= 0.093(rmp=0.003 run=0.089 n=1 d=0) incr=loc/full/maxdirty/keys=1/0/0/763458 chk= 0.025(d=9) stat= 0.141 rest= 0.237
  [incr r=57 repr=9 next=18 tfo=1438 active=916/177835 POs=916]
 58 : c =       0  cl =   3054  lit =  174772  p =   907  d =     0  f =     9  -  T =     0.24 sec
  [prof  58] wall= 238.426 p=   916 | ifo=  0.784(sd=0.131 nx=0.112 tfo=0.036 cnt=0.504) snap= 0.204 srm=  2.774 sat=234.157(set=0.156 slv=233.932 max=0.9871 n=916) cex=R/T/F=0/0/9 trsplit=0 pending=0 sim= 0.097(rmp=0.003 run=0.093 n=1 d=0) incr=loc/full/maxdirty/keys=1/0/0/763458 chk= 0.025(d=9) stat= 0.145 rest= 0.239
  [incr r=58 repr=9 next=18 tfo=1437 active=907/177826 POs=907]
 59 : c =       0  cl =   3054  lit =  174763  p =   898  d =     0  f =     9  -  T =     0.25 sec
  [prof  59] wall= 246.278 p=   907 | ifo=  0.794(sd=0.132 nx=0.114 tfo=0.041 cnt=0.507) snap= 0.199 srm=  2.867 sat=241.890(set=0.163 slv=241.653 max=1.0157 n=907) cex=R/T/F=0/0/9 trsplit=0 pending=0 sim= 0.100(rmp=0.004 run=0.096 n=1 d=0) incr=loc/full/maxdirty/keys=1/0/0/763458 chk= 0.025(d=9) stat= 0.159 rest= 0.244
  [incr r=59 repr=9 next=18 tfo=1436 active=898/177817 POs=898]
 60 : c =       0  cl =   3054  lit =  174754  p =   889  d =     0  f =     9  -  T =     0.24 sec
  [prof  60] wall= 240.689 p=   898 | ifo=  0.788(sd=0.136 nx=0.117 tfo=0.042 cnt=0.494) snap= 0.197 srm=  2.788 sat=236.237(set=0.160 slv=236.007 max=1.1280 n=898) cex=R/T/F=0/0/9 trsplit=0 pending=0 sim= 0.165(rmp=0.004 run=0.161 n=1 d=0) incr=loc/full/maxdirty/keys=1/0/0/763458 chk= 0.036(d=9) stat= 0.186 rest= 0.291
  [incr r=60 repr=9 next=18 tfo=1435 active=889/177808 POs=889]
 61 : c =       0  cl =   3054  lit =  174745  p =   880  d =     0  f =     9  -  T =     0.24 sec
  [prof  61] wall= 235.679 p=   889 | ifo=  0.967(sd=0.182 nx=0.167 tfo=0.044 cnt=0.574) snap= 0.200 srm=  2.786 sat=231.215(set=0.161 slv=230.984 max=0.9860 n=889) cex=R/T/F=0/0/9 trsplit=0 pending=0 sim= 0.092(rmp=0.004 run=0.088 n=1 d=0) incr=loc/full/maxdirty/keys=1/0/0/763458 chk= 0.025(d=9) stat= 0.145 rest= 0.250
  [incr r=61 repr=9 next=18 tfo=1434 active=880/177799 POs=880]
 62 : c =       0  cl =   3054  lit =  174736  p =   871  d =     0  f =     9  -  T =     0.23 sec
  [prof  62] wall= 225.647 p=   880 | ifo=  0.776(sd=0.131 nx=0.112 tfo=0.038 cnt=0.495) snap= 0.206 srm=  2.837 sat=221.319(set=0.162 slv=221.092 max=1.0035 n=880) cex=R/T/F=0/0/9 trsplit=0 pending=0 sim= 0.093(rmp=0.003 run=0.089 n=1 d=0) incr=loc/full/maxdirty/keys=1/0/0/763458 chk= 0.026(d=9) stat= 0.154 rest= 0.236
  [incr r=62 repr=9 next=18 tfo=1433 active=871/177790 POs=871]
 63 : c =       0  cl =   3054  lit =  174727  p =   862  d =     0  f =     9  -  T =     0.23 sec
  [prof  63] wall= 229.445 p=   871 | ifo=  0.784(sd=0.135 nx=0.113 tfo=0.037 cnt=0.499) snap= 0.200 srm=  2.867 sat=225.058(set=0.180 slv=224.809 max=1.3648 n=871) cex=R/T/F=0/0/9 trsplit=0 pending=0 sim= 0.097(rmp=0.004 run=0.093 n=1 d=0) incr=loc/full/maxdirty/keys=1/0/0/763458 chk= 0.024(d=9) stat= 0.147 rest= 0.269
  [incr r=63 repr=9 next=18 tfo=1432 active=862/177781 POs=862]
 64 : c =       0  cl =   3054  lit =  174718  p =   853  d =     0  f =     9  -  T =     0.23 sec
  [prof  64] wall= 226.418 p=   862 | ifo=  0.820(sd=0.134 nx=0.117 tfo=0.055 cnt=0.514) snap= 0.216 srm=  2.774 sat=222.109(set=0.159 slv=221.884 max=1.5415 n=862) cex=R/T/F=0/0/9 trsplit=0 pending=0 sim= 0.095(rmp=0.003 run=0.091 n=1 d=0) incr=loc/full/maxdirty/keys=1/0/0/763458 chk= 0.023(d=9) stat= 0.144 rest= 0.237
  [incr r=64 repr=9 next=18 tfo=1431 active=853/177772 POs=853]
 65 : c =       0  cl =   3054  lit =  174709  p =   844  d =     0  f =     9  -  T =     0.22 sec
  [prof  65] wall= 223.791 p=   853 | ifo=  0.823(sd=0.131 nx=0.131 tfo=0.040 cnt=0.521) snap= 0.200 srm=  2.874 sat=219.374(set=0.158 slv=219.149 max=1.2015 n=853) cex=R/T/F=0/0/9 trsplit=0 pending=0 sim= 0.098(rmp=0.004 run=0.094 n=1 d=0) incr=loc/full/maxdirty/keys=1/0/0/763458 chk= 0.024(d=9) stat= 0.147 rest= 0.250
  [incr r=65 repr=9 next=18 tfo=1430 active=844/177763 POs=844]
 66 : c =       0  cl =   3054  lit =  174700  p =   835  d =     0  f =     9  -  T =     0.23 sec
  [prof  66] wall= 230.068 p=   844 | ifo=  0.822(sd=0.139 nx=0.119 tfo=0.050 cnt=0.514) snap= 0.199 srm=  3.202 sat=225.341(set=0.187 slv=225.086 max=1.1001 n=844) cex=R/T/F=0/0/9 trsplit=0 pending=0 sim= 0.095(rmp=0.004 run=0.091 n=1 d=0) incr=loc/full/maxdirty/keys=1/0/0/763458 chk= 0.024(d=9) stat= 0.146 rest= 0.239
  [incr r=66 repr=9 next=18 tfo=1429 active=835/177754 POs=835]
 67 : c =       0  cl =   3054  lit =  174691  p =   826  d =     0  f =     9  -  T =     0.22 sec
  [prof  67] wall= 221.863 p=   835 | ifo=  0.793(sd=0.132 nx=0.116 tfo=0.039 cnt=0.506) snap= 0.198 srm=  2.788 sat=217.572(set=0.156 slv=217.350 max=2.8279 n=835) cex=R/T/F=0/0/9 trsplit=0 pending=0 sim= 0.099(rmp=0.004 run=0.095 n=1 d=0) incr=loc/full/maxdirty/keys=1/0/0/763458 chk= 0.023(d=9) stat= 0.144 rest= 0.246
  [incr r=67 repr=9 next=18 tfo=1428 active=826/177745 POs=826]
 68 : c =       0  cl =   3054  lit =  174682  p =   817  d =     0  f =     9  -  T =     0.22 sec
  [prof  68] wall= 222.667 p=   826 | ifo=  0.816(sd=0.136 nx=0.130 tfo=0.039 cnt=0.512) snap= 0.199 srm=  2.792 sat=218.088(set=0.162 slv=217.862 max=1.0496 n=826) cex=R/T/F=0/0/9 trsplit=0 pending=0 sim= 0.297(rmp=0.003 run=0.293 n=1 d=0) incr=loc/full/maxdirty/keys=1/0/0/763458 chk= 0.025(d=9) stat= 0.172 rest= 0.277
  [incr r=68 repr=9 next=18 tfo=1427 active=817/177736 POs=817]
 69 : c =       0  cl =   3054  lit =  174673  p =   808  d =     0  f =     9  -  T =     0.21 sec
  [prof  69] wall= 212.042 p=   817 | ifo=  0.821(sd=0.167 nx=0.117 tfo=0.042 cnt=0.496) snap= 0.208 srm=  2.967 sat=207.522(set=0.159 slv=207.302 max=0.9282 n=817) cex=R/T/F=0/0/9 trsplit=0 pending=0 sim= 0.091(rmp=0.003 run=0.087 n=1 d=0) incr=loc/full/maxdirty/keys=1/0/0/763458 chk= 0.023(d=9) stat= 0.147 rest= 0.263
  [incr r=69 repr=9 next=18 tfo=1426 active=808/177727 POs=808]
 70 : c =       0  cl =   3054  lit =  174664  p =   799  d =     0  f =     9  -  T =     0.21 sec
  [prof  70] wall= 213.748 p=   808 | ifo=  0.816(sd=0.133 nx=0.115 tfo=0.039 cnt=0.528) snap= 0.199 srm=  2.791 sat=209.445(set=0.154 slv=209.228 max=1.1279 n=808) cex=R/T/F=0/0/9 trsplit=0 pending=0 sim= 0.092(rmp=0.003 run=0.089 n=1 d=0) incr=loc/full/maxdirty/keys=1/0/0/763458 chk= 0.023(d=9) stat= 0.142 rest= 0.240
  [incr r=70 repr=9 next=17 tfo=1425 active=799/177718 POs=799]
 71 : c =       0  cl =   3054  lit =  174656  p =   791  d =     0  f =     8  -  T =     0.21 sec
  [prof  71] wall= 211.856 p=   799 | ifo=  0.782(sd=0.133 nx=0.112 tfo=0.047 cnt=0.491) snap= 0.206 srm=  2.766 sat=206.671(set=0.160 slv=206.451 max=1.2292 n=799) cex=R/T/F=0/0/8 trsplit=0 pending=0 sim= 0.243(rmp=0.011 run=0.230 n=1 d=0) incr=loc/full/maxdirty/keys=1/0/0/763458 chk= 0.068(d=8) stat= 0.281 rest= 0.840
  [incr r=71 repr=8 next=16 tfo=1424 active=791/177710 POs=791]
 72 : c =       0  cl =   3054  lit =  174648  p =   783  d =     0  f =     8  -  T =     0.21 sec
  [prof  72] wall= 206.915 p=   791 | ifo=  0.813(sd=0.137 nx=0.120 tfo=0.041 cnt=0.516) snap= 0.198 srm=  2.792 sat=202.602(set=0.159 slv=202.382 max=0.9921 n=791) cex=R/T/F=0/0/8 trsplit=0 pending=0 sim= 0.099(rmp=0.003 run=0.095 n=1 d=0) incr=loc/full/maxdirty/keys=1/0/0/763458 chk= 0.020(d=8) stat= 0.144 rest= 0.247
  [incr r=72 repr=8 next=16 tfo=1423 active=783/177702 POs=783]
 73 : c =       0  cl =   3054  lit =  174640  p =   775  d =     0  f =     8  -  T =     0.21 sec
  [prof  73] wall= 206.501 p=   783 | ifo=  0.780(sd=0.137 nx=0.111 tfo=0.037 cnt=0.495) snap= 0.197 srm=  2.804 sat=202.181(set=0.157 slv=201.963 max=1.4461 n=783) cex=R/T/F=0/0/8 trsplit=0 pending=0 sim= 0.093(rmp=0.003 run=0.089 n=1 d=0) incr=loc/full/maxdirty/keys=1/0/0/763458 chk= 0.020(d=8) stat= 0.186 rest= 0.239
  [incr r=73 repr=8 next=16 tfo=1422 active=775/177694 POs=775]
 74 : c =       0  cl =   3054  lit =  174632  p =   767  d =     0  f =     8  -  T =     0.21 sec
  [prof  74] wall= 210.382 p=   775 | ifo=  1.195(sd=0.134 nx=0.200 tfo=0.070 cnt=0.791) snap= 0.198 srm=  2.783 sat=205.158(set=0.166 slv=204.924 max=1.5612 n=775) cex=R/T/F=0/0/8 trsplit=0 pending=0 sim= 0.244(rmp=0.010 run=0.233 n=1 d=0) incr=loc/full/maxdirty/keys=1/0/0/763458 chk= 0.059(d=8) stat= 0.149 rest= 0.597
  [incr r=74 repr=8 next=16 tfo=1421 active=767/177686 POs=767]
 75 : c =       0  cl =   3054  lit =  174624  p =   759  d =     0  f =     8  -  T =     0.21 sec
  [prof  75] wall= 209.454 p=   767 | ifo=  0.809(sd=0.136 nx=0.116 tfo=0.038 cnt=0.519) snap= 0.207 srm=  2.943 sat=204.289(set=0.161 slv=204.064 max=1.2105 n=767) cex=R/T/F=0/0/8 trsplit=0 pending=0 sim= 0.182(rmp=0.010 run=0.171 n=1 d=0) incr=loc/full/maxdirty/keys=1/0/0/763458 chk= 0.050(d=8) stat= 0.362 rest= 0.614
  [incr r=75 repr=8 next=16 tfo=1420 active=759/177678 POs=759]
 76 : c =       0  cl =   3054  lit =  174616  p =   751  d =     0  f =     8  -  T =     0.21 sec
  [prof  76] wall= 209.090 p=   759 | ifo=  0.821(sd=0.144 nx=0.119 tfo=0.052 cnt=0.506) snap= 0.203 srm=  2.822 sat=204.748(set=0.249 slv=204.434 max=1.4840 n=759) cex=R/T/F=0/0/8 trsplit=0 pending=0 sim= 0.094(rmp=0.003 run=0.091 n=1 d=0) incr=loc/full/maxdirty/keys=1/0/0/763458 chk= 0.019(d=8) stat= 0.146 rest= 0.236
  [incr r=76 repr=8 next=16 tfo=1419 active=751/177670 POs=751]
 77 : c =       0  cl =   3054  lit =  174608  p =   743  d =     0  f =     8  -  T =     0.19 sec
  [prof  77] wall= 193.122 p=   751 | ifo=  0.811(sd=0.145 nx=0.117 tfo=0.037 cnt=0.511) snap= 0.199 srm=  2.789 sat=188.802(set=0.154 slv=188.590 max=0.9851 n=751) cex=R/T/F=0/0/8 trsplit=0 pending=0 sim= 0.099(rmp=0.003 run=0.095 n=1 d=0) incr=loc/full/maxdirty/keys=1/0/0/763458 chk= 0.020(d=8) stat= 0.147 rest= 0.256
  [incr r=77 repr=8 next=16 tfo=1418 active=743/177662 POs=743]
 78 : c =       0  cl =   3054  lit =  174600  p =   735  d =     0  f =     8  -  T =     0.19 sec
  [prof  78] wall= 192.947 p=   743 | ifo=  0.778(sd=0.133 nx=0.117 tfo=0.039 cnt=0.489) snap= 0.197 srm=  2.779 sat=188.704(set=0.162 slv=188.485 max=1.0039 n=743) cex=R/T/F=0/0/8 trsplit=0 pending=0 sim= 0.091(rmp=0.003 run=0.088 n=1 d=0) incr=loc/full/maxdirty/keys=1/0/0/763458 chk= 0.019(d=8) stat= 0.144 rest= 0.236
  [incr r=78 repr=8 next=16 tfo=1417 active=735/177654 POs=735]
 79 : c =       0  cl =   3054  lit =  174592  p =   727  d =     0  f =     8  -  T =     0.19 sec
  [prof  79] wall= 189.455 p=   735 | ifo=  0.795(sd=0.142 nx=0.113 tfo=0.037 cnt=0.503) snap= 0.206 srm=  2.803 sat=185.139(set=0.158 slv=184.925 max=0.9806 n=735) cex=R/T/F=0/0/8 trsplit=0 pending=0 sim= 0.096(rmp=0.003 run=0.092 n=1 d=0) incr=loc/full/maxdirty/keys=1/0/0/763458 chk= 0.019(d=8) stat= 0.157 rest= 0.240
  [incr r=79 repr=8 next=16 tfo=1416 active=727/177646 POs=727]
 80 : c =       0  cl =   3054  lit =  174584  p =   719  d =     0  f =     8  -  T =     0.19 sec
  [prof  80] wall= 189.926 p=   727 | ifo=  0.789(sd=0.132 nx=0.115 tfo=0.038 cnt=0.504) snap= 0.805 srm=  2.759 sat=185.080(set=0.536 slv=184.479 max=0.9904 n=727) cex=R/T/F=0/0/8 trsplit=0 pending=0 sim= 0.089(rmp=0.003 run=0.085 n=1 d=0) incr=loc/full/maxdirty/keys=1/0/0/763458 chk= 0.019(d=8) stat= 0.143 rest= 0.242
  [incr r=80 repr=8 next=16 tfo=1415 active=719/177638 POs=719]
 81 : c =       0  cl =   3054  lit =  174576  p =   711  d =     0  f =     8  -  T =     0.19 sec
  [prof  81] wall= 189.321 p=   719 | ifo=  0.806(sd=0.136 nx=0.115 tfo=0.039 cnt=0.515) snap= 0.201 srm=  2.795 sat=185.016(set=0.162 slv=184.797 max=1.1460 n=719) cex=R/T/F=0/0/8 trsplit=0 pending=0 sim= 0.094(rmp=0.003 run=0.090 n=1 d=0) incr=loc/full/maxdirty/keys=1/0/0/763458 chk= 0.019(d=8) stat= 0.147 rest= 0.244
  [incr r=81 repr=8 next=16 tfo=1414 active=711/177630 POs=711]
 82 : c =       0  cl =   3054  lit =  174568  p =   703  d =     0  f =     8  -  T =     0.19 sec
  [prof  82] wall= 188.269 p=   711 | ifo=  0.799(sd=0.132 nx=0.117 tfo=0.039 cnt=0.510) snap= 0.199 srm=  2.760 sat=183.807(set=0.164 slv=183.581 max=0.9841 n=711) cex=R/T/F=0/0/8 trsplit=0 pending=0 sim= 0.170(rmp=0.004 run=0.166 n=1 d=0) incr=loc/full/maxdirty/keys=1/0/0/763458 chk= 0.023(d=8) stat= 0.200 rest= 0.312
  [incr r=82 repr=8 next=16 tfo=1413 active=703/177622 POs=703]
 83 : c =       0  cl =   3054  lit =  174560  p =   695  d =     0  f =     8  -  T =     0.19 sec
  [prof  83] wall= 188.373 p=   703 | ifo=  0.960(sd=0.167 nx=0.161 tfo=0.039 cnt=0.593) snap= 0.222 srm=  3.764 sat=182.948(set=0.168 slv=182.726 max=0.9818 n=703) cex=R/T/F=0/0/8 trsplit=0 pending=0 sim= 0.083(rmp=0.003 run=0.080 n=1 d=0) incr=loc/full/maxdirty/keys=1/0/0/763458 chk= 0.018(d=8) stat= 0.139 rest= 0.240
  [incr r=83 repr=8 next=16 tfo=1412 active=695/177614 POs=695]
 84 : c =       0  cl =   3054  lit =  174552  p =   687  d =     0  f =     8  -  T =     0.19 sec
  [prof  84] wall= 189.637 p=   695 | ifo=  0.907(sd=0.138 nx=0.112 tfo=0.033 cnt=0.624) snap= 0.208 srm=  3.220 sat=184.793(set=0.158 slv=184.578 max=1.2431 n=695) cex=R/T/F=0/0/8 trsplit=0 pending=0 sim= 0.097(rmp=0.003 run=0.093 n=1 d=0) incr=loc/full/maxdirty/keys=1/0/0/763458 chk= 0.019(d=8) stat= 0.153 rest= 0.241
  [incr r=84 repr=8 next=16 tfo=1411 active=687/177606 POs=687]
 85 : c =       0  cl =   3054  lit =  174544  p =   679  d =     0  f =     8  -  T =     0.19 sec
  [prof  85] wall= 185.411 p=   687 | ifo=  0.791(sd=0.133 nx=0.116 tfo=0.043 cnt=0.499) snap= 0.197 srm=  2.727 sat=181.198(set=0.167 slv=180.975 max=1.0579 n=687) cex=R/T/F=0/0/8 trsplit=0 pending=0 sim= 0.091(rmp=0.003 run=0.088 n=1 d=0) incr=loc/full/maxdirty/keys=1/0/0/763458 chk= 0.017(d=8) stat= 0.143 rest= 0.247
  [incr r=85 repr=8 next=16 tfo=1410 active=679/177598 POs=679]
 86 : c =       0  cl =   3054  lit =  174536  p =   671  d =     0  f =     8  -  T =     0.18 sec
  [prof  86] wall= 178.951 p=   679 | ifo=  0.791(sd=0.142 nx=0.115 tfo=0.039 cnt=0.495) snap= 0.213 srm=  2.772 sat=174.704(set=0.159 slv=174.495 max=1.0644 n=679) cex=R/T/F=0/0/8 trsplit=0 pending=0 sim= 0.080(rmp=0.003 run=0.077 n=1 d=0) incr=loc/full/maxdirty/keys=1/0/0/763458 chk= 0.016(d=8) stat= 0.145 rest= 0.229
  [incr r=86 repr=8 next=16 tfo=1409 active=671/177590 POs=671]
 87 : c =       0  cl =   3054  lit =  174528  p =   663  d =     0  f =     8  -  T =     0.18 sec
  [prof  87] wall= 179.709 p=   671 | ifo=  0.747(sd=0.133 nx=0.109 tfo=0.033 cnt=0.472) snap= 0.207 srm=  2.765 sat=175.493(set=0.160 slv=175.280 max=0.9897 n=671) cex=R/T/F=0/0/8 trsplit=0 pending=0 sim= 0.093(rmp=0.003 run=0.090 n=1 d=0) incr=loc/full/maxdirty/keys=1/0/0/763458 chk= 0.017(d=8) stat= 0.145 rest= 0.241
  [incr r=87 repr=8 next=16 tfo=1408 active=663/177582 POs=663]
 88 : c =       0  cl =   3054  lit =  174520  p =   655  d =     0  f =     8  -  T =     0.18 sec
  [prof  88] wall= 176.709 p=   663 | ifo=  0.782(sd=0.135 nx=0.114 tfo=0.037 cnt=0.497) snap= 0.247 srm=  3.054 sat=172.094(set=0.184 slv=171.854 max=1.0249 n=663) cex=R/T/F=0/0/8 trsplit=0 pending=0 sim= 0.103(rmp=0.004 run=0.099 n=1 d=0) incr=loc/full/maxdirty/keys=1/0/0/763458 chk= 0.018(d=8) stat= 0.154 rest= 0.256
  [incr r=88 repr=8 next=16 tfo=1407 active=655/177574 POs=655]
 89 : c =       0  cl =   3054  lit =  174512  p =   647  d =     0  f =     8  -  T =     0.17 sec
  [prof  89] wall= 173.284 p=   655 | ifo=  0.809(sd=0.136 nx=0.120 tfo=0.041 cnt=0.512) snap= 0.207 srm=  2.901 sat=168.722(set=0.169 slv=168.502 max=0.9965 n=655) cex=R/T/F=0/0/8 trsplit=0 pending=0 sim= 0.158(rmp=0.004 run=0.154 n=1 d=0) incr=loc/full/maxdirty/keys=1/0/0/763458 chk= 0.020(d=8) stat= 0.172 rest= 0.295
  [incr r=89 repr=8 next=16 tfo=1406 active=647/177566 POs=647]
 90 : c =       0  cl =   3054  lit =  174504  p =   639  d =     0  f =     8  -  T =     0.17 sec
  [prof  90] wall= 174.131 p=   647 | ifo=  0.978(sd=0.171 nx=0.162 tfo=0.064 cnt=0.581) snap= 0.216 srm=  2.838 sat=169.552(set=0.157 slv=169.345 max=1.3199 n=647) cex=R/T/F=0/0/8 trsplit=0 pending=0 sim= 0.094(rmp=0.003 run=0.091 n=1 d=0) incr=loc/full/maxdirty/keys=1/0/0/763458 chk= 0.016(d=8) stat= 0.192 rest= 0.243
  [incr r=90 repr=8 next=16 tfo=1405 active=639/177558 POs=639]
 91 : c =       0  cl =   3054  lit =  174496  p =   631  d =     0  f =     8  -  T =     0.17 sec
  [prof  91] wall= 171.339 p=   639 | ifo=  0.788(sd=0.128 nx=0.114 tfo=0.037 cnt=0.510) snap= 0.198 srm=  2.813 sat=167.056(set=0.156 slv=166.846 max=3.4460 n=639) cex=R/T/F=0/0/8 trsplit=0 pending=0 sim= 0.089(rmp=0.003 run=0.086 n=1 d=0) incr=loc/full/maxdirty/keys=1/0/0/763458 chk= 0.016(d=8) stat= 0.142 rest= 0.236
  [incr r=91 repr=8 next=16 tfo=1404 active=631/177550 POs=631]
 92 : c =       0  cl =   3054  lit =  174488  p =   623  d =     0  f =     8  -  T =     0.17 sec
  [prof  92] wall= 166.757 p=   631 | ifo=  0.786(sd=0.137 nx=0.114 tfo=0.036 cnt=0.499) snap= 0.203 srm=  2.742 sat=162.531(set=0.157 slv=162.325 max=1.5865 n=631) cex=R/T/F=0/0/8 trsplit=0 pending=0 sim= 0.097(rmp=0.003 run=0.093 n=1 d=0) incr=loc/full/maxdirty/keys=1/0/0/763458 chk= 0.016(d=8) stat= 0.145 rest= 0.237
  [incr r=92 repr=8 next=16 tfo=1403 active=623/177542 POs=623]
 93 : c =       0  cl =   3054  lit =  174480  p =   615  d =     0  f =     8  -  T =     0.18 sec
  [prof  93] wall= 175.188 p=   623 | ifo=  0.778(sd=0.132 nx=0.114 tfo=0.035 cnt=0.496) snap= 0.199 srm=  2.755 sat=170.946(set=0.155 slv=170.737 max=1.8406 n=623) cex=R/T/F=0/0/8 trsplit=0 pending=0 sim= 0.097(rmp=0.004 run=0.093 n=1 d=0) incr=loc/full/maxdirty/keys=1/0/0/763458 chk= 0.016(d=8) stat= 0.152 rest= 0.245
  [incr r=93 repr=8 next=16 tfo=1402 active=615/177534 POs=615]
 94 : c =       0  cl =   3054  lit =  174472  p =   607  d =     0  f =     8  -  T =     0.17 sec
  [prof  94] wall= 166.571 p=   615 | ifo=  0.814(sd=0.132 nx=0.115 tfo=0.039 cnt=0.527) snap= 0.199 srm=  2.848 sat=162.206(set=0.154 slv=162.002 max=1.0645 n=615) cex=R/T/F=0/0/8 trsplit=0 pending=0 sim= 0.095(rmp=0.003 run=0.092 n=1 d=0) incr=loc/full/maxdirty/keys=1/0/0/763458 chk= 0.016(d=8) stat= 0.153 rest= 0.240
  [incr r=94 repr=8 next=16 tfo=1401 active=607/177526 POs=607]
 95 : c =       0  cl =   3054  lit =  174464  p =   599  d =     0  f =     8  -  T =     0.17 sec
  [prof  95] wall= 165.884 p=   607 | ifo=  0.818(sd=0.135 nx=0.126 tfo=0.042 cnt=0.515) snap= 0.199 srm=  2.790 sat=161.592(set=0.166 slv=161.377 max=1.9488 n=607) cex=R/T/F=0/0/8 trsplit=0 pending=0 sim= 0.090(rmp=0.003 run=0.087 n=1 d=0) incr=loc/full/maxdirty/keys=1/0/0/763458 chk= 0.015(d=8) stat= 0.144 rest= 0.235
  [incr r=95 repr=8 next=16 tfo=1400 active=599/177518 POs=599]
 96 : c =       0  cl =   3054  lit =  174456  p =   591  d =     0  f =     8  -  T =     0.16 sec
  [prof  96] wall= 159.376 p=   599 | ifo=  0.782(sd=0.131 nx=0.108 tfo=0.038 cnt=0.505) snap= 0.199 srm=  2.757 sat=155.000(set=0.157 slv=154.796 max=0.9828 n=599) cex=R/T/F=0/0/8 trsplit=0 pending=0 sim= 0.152(rmp=0.004 run=0.148 n=1 d=0) incr=loc/full/maxdirty/keys=1/0/0/763458 chk= 0.017(d=8) stat= 0.173 rest= 0.296
  [incr r=96 repr=8 next=15 tfo=1399 active=591/177510 POs=591]
 97 : c =       0  cl =   3054  lit =  174449  p =   584  d =     0  f =     7  -  T =     0.15 sec
  [prof  97] wall= 154.920 p=   591 | ifo=  0.882(sd=0.187 nx=0.177 tfo=0.042 cnt=0.477) snap= 0.198 srm=  2.744 sat=150.628(set=0.158 slv=150.425 max=1.3935 n=591) cex=R/T/F=0/0/7 trsplit=0 pending=0 sim= 0.076(rmp=0.003 run=0.072 n=1 d=0) incr=loc/full/maxdirty/keys=1/0/0/763458 chk= 0.013(d=7) stat= 0.147 rest= 0.232
  [incr r=97 repr=7 next=14 tfo=1398 active=584/177503 POs=584]
 98 : c =       0  cl =   3054  lit =  174442  p =   577  d =     0  f =     7  -  T =     0.17 sec
  [prof  98] wall= 166.036 p=   584 | ifo=  0.735(sd=0.131 nx=0.108 tfo=0.028 cnt=0.469) snap= 0.207 srm=  2.786 sat=161.798(set=0.154 slv=161.595 max=1.0998 n=584) cex=R/T/F=0/0/7 trsplit=0 pending=0 sim= 0.091(rmp=0.003 run=0.087 n=1 d=0) incr=loc/full/maxdirty/keys=1/0/0/763458 chk= 0.014(d=7) stat= 0.152 rest= 0.254
  [incr r=98 repr=7 next=14 tfo=1397 active=577/177496 POs=577]
 99 : c =       0  cl =   3054  lit =  174435  p =   570  d =     0  f =     7  -  T =     0.16 sec
  [prof  99] wall= 163.175 p=   577 | ifo=  0.858(sd=0.142 nx=0.133 tfo=0.040 cnt=0.544) snap= 0.216 srm=  2.934 sat=158.606(set=0.176 slv=158.383 max=1.0957 n=577) cex=R/T/F=0/0/7 trsplit=0 pending=0 sim= 0.106(rmp=0.004 run=0.102 n=1 d=0) incr=loc/full/maxdirty/keys=1/0/0/763458 chk= 0.015(d=7) stat= 0.157 rest= 0.283
  [incr r=99 repr=7 next=13 tfo=1396 active=570/177489 POs=570]
100 : c =       0  cl =   3054  lit =  174429  p =   564  d =     0  f =     6  -  T =     0.17 sec
  [prof 100] wall= 174.858 p=   570 | ifo=  0.874(sd=0.147 nx=0.123 tfo=0.038 cnt=0.566) snap= 0.223 srm=  2.983 sat=170.209(set=0.176 slv=169.978 max=1.4218 n=570) cex=R/T/F=0/0/6 trsplit=0 pending=0 sim= 0.106(rmp=0.004 run=0.101 n=1 d=0) incr=loc/full/maxdirty/keys=1/0/0/763458 chk= 0.013(d=6) stat= 0.168 rest= 0.283
  [incr r=100 repr=6 next=12 tfo=1395 active=564/177483 POs=564]
101 : c =       0  cl =   3054  lit =  174423  p =   558  d =     0  f =     6  -  T =     0.17 sec
  [prof 101] wall= 171.652 p=   564 | ifo=  0.863(sd=0.152 nx=0.125 tfo=0.044 cnt=0.541) snap= 0.218 srm=  2.977 sat=167.075(set=0.177 slv=166.846 max=1.1986 n=564) cex=R/T/F=0/0/6 trsplit=0 pending=0 sim= 0.091(rmp=0.003 run=0.088 n=1 d=0) incr=loc/full/maxdirty/keys=1/0/0/763458 chk= 0.012(d=6) stat= 0.152 rest= 0.264
  [incr r=101 repr=6 next=11 tfo=1394 active=558/177477 POs=558]
102 : c =       0  cl =   3054  lit =  174418  p =   553  d =     0  f =     5  -  T =     0.16 sec
  [prof 102] wall= 157.080 p=   558 | ifo=  0.845(sd=0.140 nx=0.128 tfo=0.040 cnt=0.537) snap= 0.236 srm=  3.343 sat=152.160(set=0.196 slv=151.918 max=1.2420 n=558) cex=R/T/F=0/0/5 trsplit=0 pending=0 sim= 0.083(rmp=0.003 run=0.080 n=1 d=0) incr=loc/full/maxdirty/keys=1/0/0/763458 chk= 0.010(d=5) stat= 0.150 rest= 0.255
  [incr r=102 repr=5 next=10 tfo=1393 active=553/177472 POs=553]
103 : c =       0  cl =   3054  lit =  174413  p =   548  d =     0  f =     5  -  T =     0.16 sec
  [prof 103] wall= 158.789 p=   553 | ifo=  0.826(sd=0.145 nx=0.118 tfo=0.036 cnt=0.527) snap= 0.215 srm=  2.919 sat=154.287(set=0.167 slv=154.073 max=1.1828 n=553) cex=R/T/F=0/0/5 trsplit=0 pending=0 sim= 0.104(rmp=0.004 run=0.100 n=1 d=0) incr=loc/full/maxdirty/keys=1/0/0/763458 chk= 0.011(d=5) stat= 0.167 rest= 0.259
  [incr r=103 repr=5 next=10 tfo=1392 active=548/177467 POs=548]
104 : c =       0  cl =   3054  lit =  174408  p =   543  d =     0  f =     5  -  T =     0.16 sec
  [prof 104] wall= 157.680 p=   548 | ifo=  0.844(sd=0.143 nx=0.123 tfo=0.042 cnt=0.537) snap= 0.215 srm=  3.043 sat=153.071(set=0.172 slv=152.830 max=1.5526 n=548) cex=R/T/F=0/0/5 trsplit=0 pending=0 sim= 0.082(rmp=0.003 run=0.079 n=1 d=0) incr=loc/full/maxdirty/keys=1/0/0/763458 chk= 0.010(d=5) stat= 0.148 rest= 0.266
  [incr r=104 repr=5 next=10 tfo=1391 active=543/177462 POs=543]
105 : c =       0  cl =   3054  lit =  174403  p =   538  d =     0  f =     5  -  T =     0.15 sec
  [prof 105] wall= 155.048 p=   543 | ifo=  0.824(sd=0.145 nx=0.118 tfo=0.044 cnt=0.517) snap= 0.215 srm=  2.952 sat=150.504(set=0.170 slv=150.287 max=1.2427 n=543) cex=R/T/F=0/0/5 trsplit=0 pending=0 sim= 0.111(rmp=0.003 run=0.108 n=1 d=0) incr=loc/full/maxdirty/keys=1/0/0/763458 chk= 0.010(d=5) stat= 0.169 rest= 0.263
  [incr r=105 repr=5 next=10 tfo=1390 active=538/177457 POs=538]
106 : c =       0  cl =   3054  lit =  174398  p =   533  d =     0  f =     5  -  T =     0.15 sec
  [prof 106] wall= 153.473 p=   538 | ifo=  0.840(sd=0.148 nx=0.122 tfo=0.041 cnt=0.528) snap= 0.214 srm=  3.096 sat=148.827(set=0.168 slv=148.612 max=1.2802 n=538) cex=R/T/F=0/0/5 trsplit=0 pending=0 sim= 0.087(rmp=0.003 run=0.084 n=1 d=0) incr=loc/full/maxdirty/keys=1/0/0/763458 chk= 0.009(d=5) stat= 0.150 rest= 0.250
  [incr r=106 repr=5 next=10 tfo=1389 active=533/177452 POs=533]
107 : c =       0  cl =   3054  lit =  174393  p =   528  d =     0  f =     5  -  T =     0.15 sec
  [prof 107] wall= 152.235 p=   533 | ifo=  0.844(sd=0.141 nx=0.120 tfo=0.040 cnt=0.542) snap= 0.215 srm=  3.008 sat=147.628(set=0.173 slv=147.408 max=1.5354 n=533) cex=R/T/F=0/0/5 trsplit=0 pending=0 sim= 0.107(rmp=0.004 run=0.103 n=1 d=0) incr=loc/full/maxdirty/keys=1/0/0/763458 chk= 0.010(d=5) stat= 0.159 rest= 0.264
  [incr r=107 repr=5 next=9 tfo=1388 active=528/177447 POs=528]
108 : c =       0  cl =   3054  lit =  174389  p =   524  d =     0  f =     4  -  T =     0.15 sec
  [prof 108] wall= 153.519 p=   528 | ifo=  0.877(sd=0.145 nx=0.126 tfo=0.046 cnt=0.561) snap= 0.216 srm=  3.010 sat=148.961(set=0.165 slv=148.750 max=1.4523 n=528) cex=R/T/F=0/0/4 trsplit=0 pending=0 sim= 0.074(rmp=0.003 run=0.072 n=1 d=0) incr=loc/full/maxdirty/keys=1/0/0/763458 chk= 0.007(d=4) stat= 0.142 rest= 0.232
  [incr r=108 repr=4 next=8 tfo=1387 active=524/177443 POs=524]
109 : c =       0  cl =   3054  lit =  174385  p =   520  d =     0  f =     4  -  T =     0.15 sec
  [prof 109] wall= 148.768 p=   524 | ifo=  0.799(sd=0.133 nx=0.116 tfo=0.057 cnt=0.493) snap= 0.214 srm=  2.895 sat=144.326(set=0.165 slv=144.116 max=1.3595 n=524) cex=R/T/F=0/0/4 trsplit=0 pending=0 sim= 0.106(rmp=0.004 run=0.102 n=1 d=0) incr=loc/full/maxdirty/keys=1/0/0/763458 chk= 0.008(d=4) stat= 0.158 rest= 0.262
  [incr r=109 repr=4 next=8 tfo=1386 active=520/177439 POs=520]
110 : c =       0  cl =   3054  lit =  174381  p =   516  d =     0  f =     4  -  T =     0.15 sec
  [prof 110] wall= 146.111 p=   520 | ifo=  0.862(sd=0.149 nx=0.135 tfo=0.045 cnt=0.533) snap= 0.217 srm=  3.001 sat=141.503(set=0.164 slv=141.295 max=1.3274 n=520) cex=R/T/F=0/0/4 trsplit=0 pending=0 sim= 0.101(rmp=0.003 run=0.097 n=1 d=0) incr=loc/full/maxdirty/keys=1/0/0/763458 chk= 0.009(d=4) stat= 0.157 rest= 0.260
  [incr r=110 repr=4 next=8 tfo=1385 active=516/177435 POs=516]
111 : c =       0  cl =   3054  lit =  174377  p =   512  d =     0  f =     4  -  T =     0.15 sec
  [prof 111] wall= 151.171 p=   516 | ifo=  0.852(sd=0.144 nx=0.123 tfo=0.053 cnt=0.532) snap= 0.226 srm=  2.968 sat=146.612(set=0.166 slv=146.401 max=1.3402 n=516) cex=R/T/F=0/0/4 trsplit=0 pending=0 sim= 0.089(rmp=0.003 run=0.086 n=1 d=0) incr=loc/full/maxdirty/keys=1/0/0/763458 chk= 0.008(d=4) stat= 0.150 rest= 0.266
  [incr r=111 repr=4 next=8 tfo=1384 active=512/177431 POs=512]
112 : c =       0  cl =   3054  lit =  174373  p =   508  d =     0  f =     4  -  T =     0.15 sec
  [prof 112] wall= 152.403 p=   512 | ifo=  0.839(sd=0.144 nx=0.118 tfo=0.049 cnt=0.528) snap= 0.222 srm=  2.931 sat=147.877(set=0.174 slv=147.658 max=1.3608 n=512) cex=R/T/F=0/0/4 trsplit=0 pending=0 sim= 0.089(rmp=0.003 run=0.085 n=1 d=0) incr=loc/full/maxdirty/keys=1/0/0/763458 chk= 0.008(d=4) stat= 0.152 rest= 0.286
  [incr r=112 repr=4 next=8 tfo=1383 active=508/177427 POs=508]
113 : c =       0  cl =   3054  lit =  174369  p =   504  d =     0  f =     4  -  T =     0.14 sec
  [prof 113] wall= 144.599 p=   508 | ifo=  0.837(sd=0.144 nx=0.131 tfo=0.045 cnt=0.517) snap= 0.216 srm=  3.011 sat=139.997(set=0.165 slv=139.789 max=1.3381 n=508) cex=R/T/F=0/0/4 trsplit=0 pending=0 sim= 0.100(rmp=0.003 run=0.096 n=1 d=0) incr=loc/full/maxdirty/keys=1/0/0/763458 chk= 0.008(d=4) stat= 0.153 rest= 0.278
  [incr r=113 repr=4 next=8 tfo=1382 active=504/177423 POs=504]
114 : c =       0  cl =   3054  lit =  174365  p =   500  d =     0  f =     4  -  T =     0.14 sec
  [prof 114] wall= 142.227 p=   504 | ifo=  0.862(sd=0.148 nx=0.119 tfo=0.050 cnt=0.545) snap= 0.255 srm=  3.132 sat=137.433(set=0.189 slv=137.201 max=2.2023 n=504) cex=R/T/F=0/0/4 trsplit=0 pending=0 sim= 0.109(rmp=0.004 run=0.105 n=1 d=0) incr=loc/full/maxdirty/keys=1/0/0/763458 chk= 0.008(d=4) stat= 0.159 rest= 0.268
  [incr r=114 repr=4 next=8 tfo=1381 active=500/177419 POs=500]
115 : c =       0  cl =   3054  lit =  174361  p =   496  d =     0  f =     4  -  T =     0.14 sec
  [prof 115] wall= 140.072 p=   500 | ifo=  0.859(sd=0.148 nx=0.141 tfo=0.045 cnt=0.525) snap= 0.214 srm=  3.120 sat=135.422(set=0.181 slv=135.201 max=1.3018 n=500) cex=R/T/F=0/0/4 trsplit=0 pending=0 sim= 0.079(rmp=0.003 run=0.076 n=1 d=0) incr=loc/full/maxdirty/keys=1/0/0/763458 chk= 0.007(d=4) stat= 0.141 rest= 0.229
  [incr r=115 repr=4 next=8 tfo=1380 active=496/177415 POs=496]
116 : c =       0  cl =   3054  lit =  174357  p =   492  d =     0  f =     4  -  T =     0.14 sec
  [prof 116] wall= 143.800 p=   496 | ifo=  0.772(sd=0.134 nx=0.108 tfo=0.028 cnt=0.503) snap= 0.216 srm=  2.931 sat=139.334(set=0.164 slv=139.116 max=1.3682 n=496) cex=R/T/F=0/0/4 trsplit=0 pending=0 sim= 0.105(rmp=0.004 run=0.101 n=1 d=0) incr=loc/full/maxdirty/keys=1/0/0/763458 chk= 0.009(d=4) stat= 0.174 rest= 0.260
  [incr r=116 repr=4 next=8 tfo=1379 active=492/177411 POs=492]
117 : c =       0  cl =   3054  lit =  174353  p =   488  d =     0  f =     4  -  T =     0.14 sec
  [prof 117] wall= 141.898 p=   492 | ifo=  0.950(sd=0.143 nx=0.125 tfo=0.054 cnt=0.629) snap= 0.250 srm=  3.852 sat=136.346(set=0.193 slv=136.113 max=1.3844 n=492) cex=R/T/F=0/0/4 trsplit=0 pending=0 sim= 0.094(rmp=0.003 run=0.090 n=1 d=0) incr=loc/full/maxdirty/keys=1/0/0/763458 chk= 0.008(d=4) stat= 0.154 rest= 0.244
  [incr r=117 repr=4 next=8 tfo=1378 active=488/177407 POs=488]
118 : c =       0  cl =   3054  lit =  174349  p =   484  d =     0  f =     4  -  T =     0.14 sec
  [prof 118] wall= 145.027 p=   488 | ifo=  0.799(sd=0.136 nx=0.115 tfo=0.041 cnt=0.507) snap= 0.232 srm=  5.371 sat=138.082(set=0.168 slv=137.871 max=1.3064 n=488) cex=R/T/F=0/0/4 trsplit=0 pending=0 sim= 0.114(rmp=0.004 run=0.110 n=1 d=0) incr=loc/full/maxdirty/keys=1/0/0/763458 chk= 0.008(d=4) stat= 0.155 rest= 0.266
  [incr r=118 repr=4 next=8 tfo=1377 active=484/177403 POs=484]
119 : c =       0  cl =   3054  lit =  174345  p =   480  d =     0  f =     4  -  T =     0.14 sec
  [prof 119] wall= 137.935 p=   484 | ifo=  0.847(sd=0.146 nx=0.118 tfo=0.044 cnt=0.538) snap= 0.233 srm=  3.270 sat=133.125(set=0.177 slv=132.909 max=1.3842 n=484) cex=R/T/F=0/0/4 trsplit=0 pending=0 sim= 0.072(rmp=0.003 run=0.069 n=1 d=0) incr=loc/full/maxdirty/keys=1/0/0/763458 chk= 0.007(d=4) stat= 0.144 rest= 0.236
  [incr r=119 repr=4 next=8 tfo=1376 active=480/177399 POs=480]
120 : c =       0  cl =   3054  lit =  174341  p =   476  d =     0  f =     4  -  T =     0.14 sec
  [prof 120] wall= 139.737 p=   480 | ifo=  0.758(sd=0.134 nx=0.106 tfo=0.032 cnt=0.486) snap= 0.272 srm=  2.958 sat=135.219(set=0.163 slv=135.016 max=1.3695 n=480) cex=R/T/F=0/0/4 trsplit=0 pending=0 sim= 0.101(rmp=0.004 run=0.097 n=1 d=0) incr=loc/full/maxdirty/keys=1/0/0/763458 chk= 0.008(d=4) stat= 0.155 rest= 0.267
  [incr r=120 repr=4 next=8 tfo=1375 active=476/177395 POs=476]
121 : c =       0  cl =   3054  lit =  174337  p =   472  d =     0  f =     4  -  T =     0.14 sec
  [prof 121] wall= 142.286 p=   476 | ifo=  0.866(sd=0.163 nx=0.125 tfo=0.042 cnt=0.536) snap= 0.214 srm=  2.970 sat=137.717(set=0.201 slv=137.474 max=1.5210 n=476) cex=R/T/F=0/0/4 trsplit=0 pending=0 sim= 0.083(rmp=0.003 run=0.080 n=1 d=0) incr=loc/full/maxdirty/keys=1/0/0/763458 chk= 0.008(d=4) stat= 0.179 rest= 0.248
  [incr r=121 repr=4 next=8 tfo=1374 active=472/177391 POs=472]
122 : c =       0  cl =   3054  lit =  174333  p =   468  d =     0  f =     4  -  T =     0.14 sec
  [prof 122] wall= 142.209 p=   472 | ifo=  0.861(sd=0.148 nx=0.113 tfo=0.059 cnt=0.540) snap= 0.223 srm=  3.145 sat=137.430(set=0.177 slv=137.209 max=1.7695 n=472) cex=R/T/F=0/0/4 trsplit=0 pending=0 sim= 0.104(rmp=0.004 run=0.100 n=1 d=0) incr=loc/full/maxdirty/keys=1/0/0/763458 chk= 0.008(d=4) stat= 0.160 rest= 0.278
  [incr r=122 repr=4 next=8 tfo=1373 active=468/177387 POs=468]
123 : c =       0  cl =   3054  lit =  174329  p =   464  d =     0  f =     4  -  T =     0.14 sec
  [prof 123] wall= 136.083 p=   468 | ifo=  0.889(sd=0.149 nx=0.124 tfo=0.048 cnt=0.568) snap= 0.224 srm=  3.194 sat=131.305(set=0.184 slv=131.083 max=1.3432 n=468) cex=R/T/F=0/0/4 trsplit=0 pending=0 sim= 0.071(rmp=0.003 run=0.068 n=1 d=0) incr=loc/full/maxdirty/keys=1/0/0/763458 chk= 0.007(d=4) stat= 0.145 rest= 0.249
  [incr r=123 repr=4 next=8 tfo=1372 active=464/177383 POs=464]
124 : c =       0  cl =   3054  lit =  174325  p =   460  d =     0  f =     4  -  T =     0.13 sec
  [prof 124] wall= 134.335 p=   464 | ifo=  0.788(sd=0.134 nx=0.109 tfo=0.045 cnt=0.500) snap= 0.215 srm=  2.881 sat=129.932(set=0.164 slv=129.727 max=1.5201 n=464) cex=R/T/F=0/0/4 trsplit=0 pending=0 sim= 0.099(rmp=0.004 run=0.095 n=1 d=0) incr=loc/full/maxdirty/keys=1/0/0/763458 chk= 0.008(d=4) stat= 0.156 rest= 0.256
  [incr r=124 repr=4 next=8 tfo=1371 active=460/177379 POs=460]
125 : c =       0  cl =   3054  lit =  174321  p =   456  d =     0  f =     4  -  T =     0.13 sec
  [prof 125] wall= 134.086 p=   460 | ifo=  0.842(sd=0.142 nx=0.122 tfo=0.046 cnt=0.532) snap= 0.215 srm=  3.019 sat=129.514(set=0.169 slv=129.305 max=1.2643 n=460) cex=R/T/F=0/0/4 trsplit=0 pending=0 sim= 0.087(rmp=0.003 run=0.084 n=1 d=0) incr=loc/full/maxdirty/keys=1/0/0/763458 chk= 0.008(d=4) stat= 0.150 rest= 0.250
  [incr r=125 repr=4 next=8 tfo=1370 active=456/177375 POs=456]
126 : c =       0  cl =   3054  lit =  174317  p =   452  d =     0  f =     4  -  T =     0.13 sec
  [prof 126] wall= 131.013 p=   456 | ifo=  0.817(sd=0.143 nx=0.118 tfo=0.041 cnt=0.515) snap= 0.214 srm=  2.931 sat=126.495(set=0.160 slv=126.295 max=1.3294 n=456) cex=R/T/F=0/0/4 trsplit=0 pending=0 sim= 0.105(rmp=0.003 run=0.102 n=1 d=0) incr=loc/full/maxdirty/keys=1/0/0/763458 chk= 0.008(d=4) stat= 0.159 rest= 0.284
  [incr r=126 repr=4 next=8 tfo=1369 active=452/177371 POs=452]
127 : c =       0  cl =   3054  lit =  174313  p =   448  d =     0  f =     4  -  T =     0.13 sec
  [prof 127] wall= 128.209 p=   452 | ifo=  0.859(sd=0.141 nx=0.136 tfo=0.046 cnt=0.537) snap= 0.214 srm=  3.009 sat=123.677(set=0.174 slv=123.467 max=1.3462 n=452) cex=R/T/F=0/0/4 trsplit=0 pending=0 sim= 0.072(rmp=0.003 run=0.069 n=1 d=0) incr=loc/full/maxdirty/keys=1/0/0/763458 chk= 0.007(d=4) stat= 0.142 rest= 0.230
  [incr r=127 repr=4 next=8 tfo=1368 active=448/177367 POs=448]
128 : c =       0  cl =   3054  lit =  174309  p =   444  d =     0  f =     4  -  T =     0.13 sec
  [prof 128] wall= 133.762 p=   448 | ifo=  0.772(sd=0.134 nx=0.107 tfo=0.038 cnt=0.493) snap= 0.220 srm=  2.827 sat=129.368(set=0.183 slv=129.145 max=3.0348 n=448) cex=R/T/F=0/0/4 trsplit=0 pending=0 sim= 0.107(rmp=0.004 run=0.102 n=1 d=0) incr=loc/full/maxdirty/keys=1/0/0/763458 chk= 0.008(d=4) stat= 0.162 rest= 0.298
  [incr r=128 repr=4 next=8 tfo=1367 active=444/177363 POs=444]
129 : c =       0  cl =   3054  lit =  174305  p =   440  d =     0  f =     4  -  T =     0.13 sec
  [prof 129] wall= 130.575 p=   444 | ifo=  0.855(sd=0.149 nx=0.133 tfo=0.045 cnt=0.529) snap= 0.261 srm=  3.966 sat=124.934(set=0.198 slv=124.695 max=1.3850 n=444) cex=R/T/F=0/0/4 trsplit=0 pending=0 sim= 0.115(rmp=0.004 run=0.110 n=1 d=0) incr=loc/full/maxdirty/keys=1/0/0/763458 chk= 0.009(d=4) stat= 0.162 rest= 0.273
  [incr r=129 repr=4 next=8 tfo=1366 active=440/177359 POs=440]
130 : c =       0  cl =   3054  lit =  174301  p =   436  d =     0  f =     4  -  T =     0.14 sec
  [prof 130] wall= 143.151 p=   440 | ifo=  0.874(sd=0.151 nx=0.129 tfo=0.046 cnt=0.549) snap= 0.448 srm=  3.265 sat=138.024(set=0.546 slv=137.432 max=1.4629 n=440) cex=R/T/F=0/0/4 trsplit=0 pending=0 sim= 0.102(rmp=0.004 run=0.098 n=1 d=0) incr=loc/full/maxdirty/keys=1/0/0/763458 chk= 0.016(d=4) stat= 0.159 rest= 0.261
  [incr r=130 repr=4 next=8 tfo=1365 active=436/177355 POs=436]
131 : c =       0  cl =   3054  lit =  174297  p =   432  d =     0  f =     4  -  T =     0.13 sec
  [prof 131] wall= 128.396 p=   436 | ifo=  0.865(sd=0.152 nx=0.121 tfo=0.045 cnt=0.547) snap= 0.215 srm=  2.994 sat=123.838(set=0.191 slv=123.609 max=1.6854 n=436) cex=R/T/F=0/0/4 trsplit=0 pending=0 sim= 0.085(rmp=0.003 run=0.081 n=1 d=0) incr=loc/full/maxdirty/keys=1/0/0/763458 chk= 0.006(d=4) stat= 0.147 rest= 0.245
  [incr r=131 repr=4 next=8 tfo=1364 active=432/177351 POs=432]
132 : c =       0  cl =   3054  lit =  174293  p =   428  d =     0  f =     4  -  T =     0.12 sec
  [prof 132] wall= 123.911 p=   432 | ifo=  0.783(sd=0.138 nx=0.112 tfo=0.036 cnt=0.497) snap= 0.214 srm=  2.936 sat=119.423(set=0.165 slv=119.221 max=1.3475 n=432) cex=R/T/F=0/0/4 trsplit=0 pending=0 sim= 0.091(rmp=0.003 run=0.088 n=1 d=0) incr=loc/full/maxdirty/keys=1/0/0/763458 chk= 0.007(d=4) stat= 0.194 rest= 0.263
  [incr r=132 repr=4 next=8 tfo=1363 active=428/177347 POs=428]
133 : c =       0  cl =   3054  lit =  174289  p =   424  d =     0  f =     4  -  T =     0.12 sec
  [prof 133] wall= 115.194 p=   428 | ifo=  0.824(sd=0.141 nx=0.121 tfo=0.043 cnt=0.518) snap= 0.223 srm=  2.954 sat=110.701(set=0.164 slv=110.502 max=1.3004 n=428) cex=R/T/F=0/0/4 trsplit=0 pending=0 sim= 0.093(rmp=0.003 run=0.089 n=1 d=0) incr=loc/full/maxdirty/keys=1/0/0/763458 chk= 0.007(d=4) stat= 0.152 rest= 0.241
  [incr r=133 repr=4 next=8 tfo=1362 active=424/177343 POs=424]
134 : c =       0  cl =   3054  lit =  174285  p =   420  d =     0  f =     4  -  T =     0.11 sec
  [prof 134] wall= 111.306 p=   424 | ifo=  0.769(sd=0.128 nx=0.112 tfo=0.041 cnt=0.488) snap= 0.201 srm=  2.835 sat=106.871(set=0.164 slv=106.675 max=1.2548 n=424) cex=R/T/F=0/0/4 trsplit=0 pending=0 sim= 0.153(rmp=0.004 run=0.148 n=1 d=0) incr=loc/full/maxdirty/keys=1/0/0/763458 chk= 0.010(d=4) stat= 0.164 rest= 0.303
  [incr r=134 repr=4 next=8 tfo=1361 active=420/177339 POs=420]
135 : c =       0  cl =   3054  lit =  174281  p =   416  d =     0  f =     4  -  T =     0.11 sec
  [prof 135] wall= 110.029 p=   420 | ifo=  0.900(sd=0.157 nx=0.145 tfo=0.060 cnt=0.537) snap= 0.198 srm=  2.744 sat=105.711(set=0.151 slv=105.528 max=1.1784 n=420) cex=R/T/F=0/0/4 trsplit=0 pending=0 sim= 0.090(rmp=0.003 run=0.087 n=1 d=0) incr=loc/full/maxdirty/keys=1/0/0/763458 chk= 0.007(d=4) stat= 0.140 rest= 0.238
  [incr r=135 repr=4 next=8 tfo=1360 active=416/177335 POs=416]
136 : c =       0  cl =   3054  lit =  174277  p =   412  d =     0  f =     4  -  T =     0.11 sec
  [prof 136] wall= 109.172 p=   416 | ifo=  0.769(sd=0.136 nx=0.112 tfo=0.041 cnt=0.480) snap= 0.200 srm=  2.697 sat=105.097(set=0.153 slv=104.913 max=1.2826 n=416) cex=R/T/F=0/0/4 trsplit=0 pending=0 sim= 0.064(rmp=0.002 run=0.062 n=1 d=0) incr=loc/full/maxdirty/keys=1/0/0/763458 chk= 0.005(d=4) stat= 0.129 rest= 0.210
  [incr r=136 repr=4 next=8 tfo=1359 active=412/177331 POs=412]
137 : c =       0  cl =   3054  lit =  174273  p =   408  d =     0  f =     4  -  T =     0.12 sec
  [prof 137] wall= 115.354 p=   412 | ifo=  0.697(sd=0.122 nx=0.098 tfo=0.026 cnt=0.451) snap= 0.199 srm=  2.655 sat=111.311(set=0.152 slv=111.124 max=1.2904 n=412) cex=R/T/F=0/0/4 trsplit=0 pending=0 sim= 0.096(rmp=0.003 run=0.092 n=1 d=0) incr=loc/full/maxdirty/keys=1/0/0/763458 chk= 0.007(d=4) stat= 0.145 rest= 0.245
  [incr r=137 repr=4 next=8 tfo=1358 active=408/177327 POs=408]
138 : c =       0  cl =   3054  lit =  174269  p =   404  d =     0  f =     4  -  T =     0.11 sec
  [prof 138] wall= 110.447 p=   408 | ifo=  0.837(sd=0.136 nx=0.132 tfo=0.047 cnt=0.521) snap= 0.198 srm=  2.781 sat=106.172(set=0.155 slv=105.984 max=1.2327 n=408) cex=R/T/F=0/0/4 trsplit=0 pending=0 sim= 0.085(rmp=0.003 run=0.081 n=1 d=0) incr=loc/full/maxdirty/keys=1/0/0/763458 chk= 0.006(d=4) stat= 0.139 rest= 0.231
  [incr r=138 repr=4 next=8 tfo=1357 active=404/177323 POs=404]
139 : c =       0  cl =   3054  lit =  174265  p =   400  d =     0  f =     4  -  T =     0.11 sec
  [prof 139] wall= 106.384 p=   404 | ifo=  0.743(sd=0.131 nx=0.106 tfo=0.032 cnt=0.474) snap= 0.201 srm=  2.777 sat=102.181(set=0.159 slv=101.992 max=1.2319 n=404) cex=R/T/F=0/0/4 trsplit=0 pending=0 sim= 0.092(rmp=0.003 run=0.089 n=1 d=0) incr=loc/full/maxdirty/keys=1/0/0/763458 chk= 0.007(d=4) stat= 0.143 rest= 0.241
  [incr r=139 repr=4 next=8 tfo=1356 active=400/177319 POs=400]
140 : c =       0  cl =   3054  lit =  174261  p =   396  d =     0  f =     4  -  T =     0.11 sec
  [prof 140] wall= 114.640 p=   400 | ifo=  0.784(sd=0.132 nx=0.113 tfo=0.039 cnt=0.501) snap= 0.208 srm=  2.767 sat=110.424(set=0.163 slv=110.227 max=2.3812 n=400) cex=R/T/F=0/0/4 trsplit=0 pending=0 sim= 0.079(rmp=0.003 run=0.075 n=1 d=0) incr=loc/full/maxdirty/keys=1/0/0/763458 chk= 0.006(d=4) stat= 0.138 rest= 0.233
  [incr r=140 repr=4 next=8 tfo=1355 active=396/177315 POs=396]
141 : c =       0  cl =   3054  lit =  174257  p =   392  d =     0  f =     4  -  T =     0.10 sec
  [prof 141] wall= 104.647 p=   396 | ifo=  0.790(sd=0.146 nx=0.119 tfo=0.042 cnt=0.482) snap= 0.211 srm=  2.688 sat=100.463(set=0.163 slv=100.269 max=1.2519 n=396) cex=R/T/F=0/0/4 trsplit=0 pending=0 sim= 0.091(rmp=0.003 run=0.088 n=1 d=0) incr=loc/full/maxdirty/keys=1/0/0/763458 chk= 0.006(d=4) stat= 0.138 rest= 0.259
  [incr r=141 repr=4 next=8 tfo=1354 active=392/177311 POs=392]
142 : c =       0  cl =   3054  lit =  174253  p =   388  d =     0  f =     4  -  T =     0.10 sec
  [prof 142] wall= 104.929 p=   392 | ifo=  0.807(sd=0.146 nx=0.107 tfo=0.044 cnt=0.510) snap= 0.199 srm=  2.706 sat=100.785(set=0.151 slv=100.604 max=1.3005 n=392) cex=R/T/F=0/0/4 trsplit=0 pending=0 sim= 0.072(rmp=0.003 run=0.069 n=1 d=0) incr=loc/full/maxdirty/keys=1/0/0/763458 chk= 0.006(d=4) stat= 0.133 rest= 0.220
  [incr r=142 repr=4 next=8 tfo=1353 active=388/177307 POs=388]
143 : c =       0  cl =   3054  lit =  174249  p =   384  d =     0  f =     4  -  T =     0.11 sec
  [prof 143] wall= 105.939 p=   388 | ifo=  0.742(sd=0.134 nx=0.104 tfo=0.041 cnt=0.463) snap= 0.199 srm=  2.696 sat=101.831(set=0.154 slv=101.646 max=1.3038 n=388) cex=R/T/F=0/0/4 trsplit=0 pending=0 sim= 0.083(rmp=0.003 run=0.080 n=1 d=0) incr=loc/full/maxdirty/keys=1/0/0/763458 chk= 0.006(d=4) stat= 0.141 rest= 0.240
  [incr r=143 repr=4 next=8 tfo=1352 active=384/177303 POs=384]
144 : c =       0  cl =   3054  lit =  174245  p =   380  d =     0  f =     4  -  T =     0.11 sec
  [prof 144] wall= 106.035 p=   384 | ifo=  0.782(sd=0.133 nx=0.114 tfo=0.043 cnt=0.492) snap= 0.200 srm=  2.712 sat=101.848(set=0.152 slv=101.664 max=1.1926 n=384) cex=R/T/F=0/0/4 trsplit=0 pending=0 sim= 0.096(rmp=0.004 run=0.092 n=1 d=0) incr=loc/full/maxdirty/keys=1/0/0/763458 chk= 0.007(d=4) stat= 0.143 rest= 0.248
  [incr r=144 repr=4 next=8 tfo=1351 active=380/177299 POs=380]
145 : c =       0  cl =   3054  lit =  174241  p =   376  d =     0  f =     4  -  T =     0.10 sec
  [prof 145] wall= 100.889 p=   380 | ifo=  0.832(sd=0.144 nx=0.114 tfo=0.045 cnt=0.530) snap= 0.210 srm=  2.820 sat= 96.588(set=0.156 slv=96.403 max=1.1867 n=380) cex=R/T/F=0/0/4 trsplit=0 pending=0 sim= 0.064(rmp=0.003 run=0.061 n=1 d=0) incr=loc/full/maxdirty/keys=1/0/0/763458 chk= 0.006(d=4) stat= 0.134 rest= 0.235
  [incr r=145 repr=4 next=8 tfo=1350 active=376/177295 POs=376]
146 : c =       0  cl =   3054  lit =  174237  p =   372  d =     0  f =     4  -  T =     0.10 sec
  [prof 146] wall= 103.723 p=   376 | ifo=  0.718(sd=0.127 nx=0.102 tfo=0.023 cnt=0.465) snap= 0.209 srm=  2.621 sat= 99.687(set=0.150 slv=99.506 max=1.5002 n=376) cex=R/T/F=0/0/4 trsplit=0 pending=0 sim= 0.078(rmp=0.003 run=0.075 n=1 d=0) incr=loc/full/maxdirty/keys=1/0/0/763458 chk= 0.006(d=4) stat= 0.148 rest= 0.256
  [incr r=146 repr=4 next=8 tfo=1349 active=372/177291 POs=372]
147 : c =       0  cl =   3054  lit =  174233  p =   368  d =     0  f =     4  -  T =     0.11 sec
  [prof 147] wall= 106.051 p=   372 | ifo=  0.760(sd=0.133 nx=0.110 tfo=0.033 cnt=0.483) snap= 0.199 srm=  2.684 sat=101.943(set=0.148 slv=101.763 max=1.3551 n=372) cex=R/T/F=0/0/4 trsplit=0 pending=0 sim= 0.082(rmp=0.003 run=0.079 n=1 d=0) incr=loc/full/maxdirty/keys=1/0/0/763458 chk= 0.006(d=4) stat= 0.140 rest= 0.238
  [incr r=147 repr=4 next=8 tfo=1348 active=368/177287 POs=368]
148 : c =       0  cl =   3054  lit =  174229  p =   364  d =     0  f =     4  -  T =     0.10 sec
  [prof 148] wall=  98.629 p=   368 | ifo=  0.766(sd=0.133 nx=0.118 tfo=0.036 cnt=0.478) snap= 0.204 srm=  2.746 sat= 94.449(set=0.157 slv=94.263 max=1.2772 n=368) cex=R/T/F=0/0/4 trsplit=0 pending=0 sim= 0.078(rmp=0.003 run=0.075 n=1 d=0) incr=loc/full/maxdirty/keys=1/0/0/763458 chk= 0.007(d=4) stat= 0.138 rest= 0.242
  [incr r=148 repr=4 next=8 tfo=1347 active=364/177283 POs=364]
149 : c =       0  cl =   3054  lit =  174225  p =   360  d =     0  f =     4  -  T =     0.10 sec
  [prof 149] wall= 100.732 p=   364 | ifo=  0.773(sd=0.131 nx=0.109 tfo=0.034 cnt=0.499) snap= 0.199 srm=  2.691 sat= 96.531(set=0.153 slv=96.348 max=1.3938 n=364) cex=R/T/F=0/0/4 trsplit=0 pending=0 sim= 0.097(rmp=0.003 run=0.093 n=1 d=0) incr=loc/full/maxdirty/keys=1/0/0/763458 chk= 0.007(d=4) stat= 0.191 rest= 0.243
  [incr r=149 repr=4 next=8 tfo=1346 active=360/177279 POs=360]
150 : c =       0  cl =   3054  lit =  174221  p =   356  d =     0  f =     4  -  T =     0.10 sec
  [prof 150] wall=  97.864 p=   360 | ifo=  0.796(sd=0.138 nx=0.120 tfo=0.050 cnt=0.489) snap= 0.198 srm=  2.775 sat= 93.641(set=0.150 slv=93.463 max=1.2732 n=360) cex=R/T/F=0/0/4 trsplit=0 pending=0 sim= 0.069(rmp=0.003 run=0.067 n=1 d=0) incr=loc/full/maxdirty/keys=1/0/0/763458 chk= 0.006(d=4) stat= 0.131 rest= 0.248
  [incr r=150 repr=4 next=8 tfo=1345 active=356/177275 POs=356]
151 : c =       0  cl =   3054  lit =  174217  p =   352  d =     0  f =     4  -  T =     0.10 sec
  [prof 151] wall=  98.778 p=   356 | ifo=  0.708(sd=0.126 nx=0.107 tfo=0.023 cnt=0.451) snap= 0.199 srm=  2.674 sat= 94.734(set=0.151 slv=94.555 max=1.2925 n=356) cex=R/T/F=0/0/4 trsplit=0 pending=0 sim= 0.078(rmp=0.003 run=0.075 n=1 d=0) incr=loc/full/maxdirty/keys=1/0/0/763458 chk= 0.006(d=4) stat= 0.139 rest= 0.241
  [incr r=151 repr=4 next=8 tfo=1344 active=352/177271 POs=352]
152 : c =       0  cl =   3054  lit =  174213  p =   348  d =     0  f =     4  -  T =     0.09 sec
  [prof 152] wall=  94.024 p=   352 | ifo=  0.766(sd=0.132 nx=0.108 tfo=0.034 cnt=0.491) snap= 0.199 srm=  2.682 sat= 89.910(set=0.151 slv=89.734 max=1.2482 n=352) cex=R/T/F=0/0/4 trsplit=0 pending=0 sim= 0.081(rmp=0.003 run=0.077 n=1 d=0) incr=loc/full/maxdirty/keys=1/0/0/763458 chk= 0.006(d=4) stat= 0.138 rest= 0.241
  [incr r=152 repr=4 next=8 tfo=1343 active=348/177267 POs=348]
153 : c =       0  cl =   3054  lit =  174209  p =   344  d =     0  f =     4  -  T =     0.10 sec
  [prof 153] wall=  99.718 p=   348 | ifo=  0.770(sd=0.135 nx=0.111 tfo=0.032 cnt=0.492) snap= 0.199 srm=  2.693 sat= 95.594(set=0.153 slv=95.411 max=1.4490 n=348) cex=R/T/F=0/0/4 trsplit=0 pending=0 sim= 0.081(rmp=0.003 run=0.078 n=1 d=0) incr=loc/full/maxdirty/keys=1/0/0/763458 chk= 0.006(d=4) stat= 0.140 rest= 0.235
  [incr r=153 repr=4 next=8 tfo=1342 active=344/177263 POs=344]
154 : c =       0  cl =   3054  lit =  174205  p =   340  d =     0  f =     4  -  T =     0.09 sec
  [prof 154] wall=  94.095 p=   344 | ifo=  0.756(sd=0.131 nx=0.109 tfo=0.037 cnt=0.479) snap= 0.242 srm=  2.723 sat= 89.897(set=0.151 slv=89.718 max=1.3180 n=344) cex=R/T/F=0/0/4 trsplit=0 pending=0 sim= 0.091(rmp=0.003 run=0.087 n=1 d=0) incr=loc/full/maxdirty/keys=1/0/0/763458 chk= 0.006(d=4) stat= 0.142 rest= 0.239
  [incr r=154 repr=4 next=8 tfo=1341 active=340/177259 POs=340]
155 : c =       0  cl =   3054  lit =  174201  p =   336  d =     0  f =     4  -  T =     0.09 sec
  [prof 155] wall=  90.904 p=   340 | ifo=  0.858(sd=0.226 nx=0.111 tfo=0.038 cnt=0.483) snap= 0.206 srm=  2.745 sat= 86.688(set=0.150 slv=86.512 max=1.2997 n=340) cex=R/T/F=0/0/4 trsplit=0 pending=0 sim= 0.063(rmp=0.003 run=0.060 n=1 d=0) incr=loc/full/maxdirty/keys=1/0/0/763458 chk= 0.005(d=4) stat= 0.130 rest= 0.209
  [incr r=155 repr=4 next=7 tfo=1340 active=336/177255 POs=336]
156 : c =       0  cl =   3054  lit =  174198  p =   333  d =     0  f =     3  -  T =     0.09 sec
  [prof 156] wall=  89.633 p=   336 | ifo=  0.704(sd=0.123 nx=0.099 tfo=0.034 cnt=0.448) snap= 0.198 srm=  2.626 sat= 85.701(set=0.151 slv=85.526 max=1.3282 n=336) cex=R/T/F=0/0/3 trsplit=0 pending=0 sim= 0.061(rmp=0.002 run=0.058 n=1 d=0) incr=loc/full/maxdirty/keys=1/0/0/763458 chk= 0.004(d=3) stat= 0.130 rest= 0.209
  [incr r=156 repr=3 next=6 tfo=1339 active=333/177252 POs=333]
157 : c =       0  cl =   3054  lit =  174195  p =   330  d =     0  f =     3  -  T =     0.09 sec
  [prof 157] wall=  89.329 p=   333 | ifo=  0.714(sd=0.121 nx=0.096 tfo=0.045 cnt=0.452) snap= 0.199 srm=  2.565 sat= 85.291(set=0.150 slv=85.115 max=1.2854 n=333) cex=R/T/F=0/0/3 trsplit=0 pending=0 sim= 0.094(rmp=0.003 run=0.091 n=1 d=0) incr=loc/full/maxdirty/keys=1/0/0/763458 chk= 0.005(d=3) stat= 0.226 rest= 0.235
  [incr r=157 repr=3 next=6 tfo=1338 active=330/177249 POs=330]
158 : c =       0  cl =   3054  lit =  174192  p =   327  d =     0  f =     3  -  T =     0.09 sec
  [prof 158] wall=  91.038 p=   330 | ifo=  0.891(sd=0.153 nx=0.162 tfo=0.058 cnt=0.518) snap= 0.201 srm=  2.746 sat= 86.734(set=0.158 slv=86.549 max=1.2651 n=330) cex=R/T/F=0/0/3 trsplit=0 pending=0 sim= 0.082(rmp=0.003 run=0.079 n=1 d=0) incr=loc/full/maxdirty/keys=1/0/0/763458 chk= 0.004(d=3) stat= 0.134 rest= 0.245
  [incr r=158 repr=3 next=6 tfo=1337 active=327/177246 POs=327]
159 : c =       0  cl =   3054  lit =  174189  p =   324  d =     0  f =     3  -  T =     0.09 sec
  [prof 159] wall=  91.003 p=   327 | ifo=  0.774(sd=0.130 nx=0.109 tfo=0.044 cnt=0.491) snap= 0.198 srm=  2.721 sat= 86.821(set=0.152 slv=86.641 max=1.2781 n=327) cex=R/T/F=0/0/3 trsplit=0 pending=0 sim= 0.097(rmp=0.004 run=0.094 n=1 d=0) incr=loc/full/maxdirty/keys=1/0/0/763458 chk= 0.005(d=3) stat= 0.145 rest= 0.241
  [incr r=159 repr=3 next=6 tfo=1336 active=324/177243 POs=324]
160 : c =       0  cl =   3054  lit =  174186  p =   321  d =     0  f =     3  -  T =     0.09 sec
  [prof 160] wall=  88.085 p=   324 | ifo=  0.798(sd=0.143 nx=0.114 tfo=0.044 cnt=0.496) snap= 0.200 srm=  2.859 sat= 83.754(set=0.153 slv=83.575 max=1.3052 n=324) cex=R/T/F=0/0/3 trsplit=0 pending=0 sim= 0.087(rmp=0.003 run=0.083 n=1 d=0) incr=loc/full/maxdirty/keys=1/0/0/763458 chk= 0.004(d=3) stat= 0.146 rest= 0.237
  [incr r=160 repr=3 next=6 tfo=1335 active=321/177240 POs=321]
161 : c =       0  cl =   3054  lit =  174183  p =   318  d =     0  f =     3  -  T =     0.09 sec
  [prof 161] wall=  86.248 p=   321 | ifo=  0.776(sd=0.139 nx=0.111 tfo=0.049 cnt=0.477) snap= 0.199 srm=  2.740 sat= 82.123(set=0.153 slv=81.945 max=1.2451 n=321) cex=R/T/F=0/0/3 trsplit=0 pending=0 sim= 0.063(rmp=0.003 run=0.060 n=1 d=0) incr=loc/full/maxdirty/keys=1/0/0/763458 chk= 0.004(d=3) stat= 0.130 rest= 0.214
  [incr r=161 repr=3 next=6 tfo=1334 active=318/177237 POs=318]
162 : c =       0  cl =   3054  lit =  174180  p =   315  d =     0  f =     3  -  T =     0.09 sec
  [prof 162] wall=  85.843 p=   318 | ifo=  0.696(sd=0.121 nx=0.097 tfo=0.022 cnt=0.456) snap= 0.199 srm=  2.634 sat= 81.861(set=0.150 slv=81.684 max=1.3142 n=318) cex=R/T/F=0/0/3 trsplit=0 pending=0 sim= 0.079(rmp=0.003 run=0.076 n=1 d=0) incr=loc/full/maxdirty/keys=1/0/0/763458 chk= 0.004(d=3) stat= 0.138 rest= 0.233
  [incr r=162 repr=3 next=6 tfo=1333 active=315/177234 POs=315]
163 : c =       0  cl =   3054  lit =  174177  p =   312  d =     0  f =     3  -  T =     0.08 sec
  [prof 163] wall=  83.928 p=   315 | ifo=  0.778(sd=0.130 nx=0.120 tfo=0.039 cnt=0.489) snap= 0.199 srm=  2.651 sat= 79.848(set=0.160 slv=79.663 max=1.3180 n=315) cex=R/T/F=0/0/3 trsplit=0 pending=0 sim= 0.078(rmp=0.003 run=0.075 n=1 d=0) incr=loc/full/maxdirty/keys=1/0/0/763458 chk= 0.004(d=3) stat= 0.138 rest= 0.231
  [incr r=163 repr=3 next=6 tfo=1332 active=312/177231 POs=312]
164 : c =       0  cl =   3054  lit =  174174  p =   309  d =     0  f =     3  -  T =     0.09 sec
  [prof 164] wall=  90.225 p=   312 | ifo=  0.773(sd=0.142 nx=0.109 tfo=0.037 cnt=0.484) snap= 0.200 srm=  3.007 sat= 85.761(set=0.161 slv=85.571 max=1.3346 n=312) cex=R/T/F=0/0/3 trsplit=0 pending=0 sim= 0.082(rmp=0.003 run=0.079 n=1 d=0) incr=loc/full/maxdirty/keys=1/0/0/763458 chk= 0.005(d=3) stat= 0.138 rest= 0.259
  [incr r=164 repr=3 next=6 tfo=1331 active=309/177228 POs=309]
165 : c =       0  cl =   3054  lit =  174171  p =   306  d =     0  f =     3  -  T =     0.08 sec
  [prof 165] wall=  84.588 p=   309 | ifo=  0.766(sd=0.128 nx=0.109 tfo=0.037 cnt=0.492) snap= 0.202 srm=  2.709 sat= 80.448(set=0.155 slv=80.269 max=1.3227 n=309) cex=R/T/F=0/0/3 trsplit=0 pending=0 sim= 0.079(rmp=0.003 run=0.076 n=1 d=0) incr=loc/full/maxdirty/keys=1/0/0/763458 chk= 0.004(d=3) stat= 0.140 rest= 0.240
  [incr r=165 repr=3 next=6 tfo=1330 active=306/177225 POs=306]
166 : c =       0  cl =   3054  lit =  174168  p =   303  d =     0  f =     3  -  T =     0.08 sec
  [prof 166] wall=  83.866 p=   306 | ifo=  0.781(sd=0.134 nx=0.111 tfo=0.037 cnt=0.499) snap= 0.217 srm=  2.731 sat= 79.598(set=0.152 slv=79.421 max=1.3356 n=306) cex=R/T/F=0/0/3 trsplit=0 pending=0 sim= 0.086(rmp=0.003 run=0.083 n=1 d=0) incr=loc/full/maxdirty/keys=1/0/0/763458 chk= 0.005(d=3) stat= 0.145 rest= 0.303
  [incr r=166 repr=3 next=6 tfo=1329 active=303/177222 POs=303]
167 : c =       0  cl =   3054  lit =  174165  p =   300  d =     0  f =     3  -  T =     0.09 sec
  [prof 167] wall=  85.535 p=   303 | ifo=  0.797(sd=0.137 nx=0.113 tfo=0.040 cnt=0.507) snap= 0.201 srm=  2.776 sat= 81.302(set=0.153 slv=81.124 max=1.4395 n=303) cex=R/T/F=0/0/3 trsplit=0 pending=0 sim= 0.064(rmp=0.003 run=0.061 n=1 d=0) incr=loc/full/maxdirty/keys=1/0/0/763458 chk= 0.004(d=3) stat= 0.132 rest= 0.260
  [incr r=167 repr=3 next=6 tfo=1328 active=300/177219 POs=300]
168 : c =       0  cl =   3054  lit =  174162  p =   297  d =     0  f =     3  -  T =     0.09 sec
  [prof 168] wall=  89.908 p=   300 | ifo=  0.717(sd=0.123 nx=0.100 tfo=0.029 cnt=0.465) snap= 0.203 srm=  2.694 sat= 84.873(set=0.155 slv=84.691 max=1.4286 n=300) cex=R/T/F=0/0/3 trsplit=0 pending=0 sim= 0.138(rmp=0.004 run=0.134 n=1 d=0) incr=loc/full/maxdirty/keys=1/0/0/763458 chk= 0.015(d=3) stat= 0.523 rest= 0.745
  [incr r=168 repr=3 next=6 tfo=1327 active=297/177216 POs=297]
169 : c =       0  cl =   3054  lit =  174159  p =   294  d =     0  f =     3  -  T =     0.09 sec
  [prof 169] wall=  86.176 p=   297 | ifo=  0.818(sd=0.189 nx=0.104 tfo=0.040 cnt=0.485) snap= 0.208 srm=  3.507 sat= 80.993(set=0.156 slv=80.811 max=1.3428 n=297) cex=R/T/F=0/0/3 trsplit=0 pending=0 sim= 0.137(rmp=0.004 run=0.133 n=1 d=0) incr=loc/full/maxdirty/keys=1/0/0/763458 chk= 0.006(d=3) stat= 0.193 rest= 0.315
  [incr r=169 repr=3 next=6 tfo=1326 active=294/177213 POs=294]
170 : c =       0  cl =   3054  lit =  174156  p =   291  d =     0  f =     3  -  T =     0.08 sec
  [prof 170] wall=  80.519 p=   294 | ifo=  0.924(sd=0.182 nx=0.159 tfo=0.082 cnt=0.500) snap= 0.210 srm=  2.760 sat= 76.176(set=0.155 slv=75.998 max=1.3282 n=294) cex=R/T/F=0/0/3 trsplit=0 pending=0 sim= 0.074(rmp=0.003 run=0.071 n=1 d=0) incr=loc/full/maxdirty/keys=1/0/0/763458 chk= 0.004(d=3) stat= 0.137 rest= 0.233
  [incr r=170 repr=3 next=6 tfo=1325 active=291/177210 POs=291]
171 : c =       0  cl =   3054  lit =  174153  p =   288  d =     0  f =     3  -  T =     0.09 sec
  [prof 171] wall=  87.523 p=   291 | ifo=  1.043(sd=0.130 nx=0.306 tfo=0.042 cnt=0.565) snap= 0.207 srm=  4.448 sat= 81.348(set=0.157 slv=81.163 max=1.3694 n=291) cex=R/T/F=0/0/3 trsplit=0 pending=0 sim= 0.092(rmp=0.003 run=0.089 n=1 d=0) incr=loc/full/maxdirty/keys=1/0/0/763458 chk= 0.005(d=3) stat= 0.143 rest= 0.238
  [incr r=171 repr=3 next=6 tfo=1324 active=288/177207 POs=288]
172 : c =       0  cl =   3054  lit =  174150  p =   285  d =     0  f =     3  -  T =     0.08 sec
  [prof 172] wall=  79.998 p=   288 | ifo=  0.789(sd=0.132 nx=0.114 tfo=0.043 cnt=0.501) snap= 0.203 srm=  2.778 sat= 75.727(set=0.156 slv=75.548 max=1.3529 n=288) cex=R/T/F=0/0/3 trsplit=0 pending=0 sim= 0.091(rmp=0.003 run=0.087 n=1 d=0) incr=loc/full/maxdirty/keys=1/0/0/763458 chk= 0.006(d=3) stat= 0.158 rest= 0.247
  [incr r=172 repr=3 next=6 tfo=1323 active=285/177204 POs=285]
173 : c =       0  cl =   3054  lit =  174147  p =   282  d =     0  f =     3  -  T =     0.08 sec
  [prof 173] wall=  77.452 p=   285 | ifo=  0.796(sd=0.137 nx=0.115 tfo=0.053 cnt=0.491) snap= 0.210 srm=  2.858 sat= 73.086(set=0.156 slv=72.908 max=1.2817 n=285) cex=R/T/F=0/0/3 trsplit=0 pending=0 sim= 0.095(rmp=0.003 run=0.092 n=1 d=0) incr=loc/full/maxdirty/keys=1/0/0/763458 chk= 0.005(d=3) stat= 0.143 rest= 0.258
  [incr r=173 repr=3 next=6 tfo=1322 active=282/177201 POs=282]
174 : c =       0  cl =   3054  lit =  174144  p =   279  d =     0  f =     3  -  T =     0.08 sec
  [prof 174] wall=  77.246 p=   282 | ifo=  0.769(sd=0.132 nx=0.114 tfo=0.043 cnt=0.480) snap= 0.201 srm=  2.723 sat= 73.086(set=0.156 slv=72.909 max=1.3143 n=282) cex=R/T/F=0/0/3 trsplit=0 pending=0 sim= 0.071(rmp=0.003 run=0.068 n=1 d=0) incr=loc/full/maxdirty/keys=1/0/0/763458 chk= 0.004(d=3) stat= 0.135 rest= 0.257
  [incr r=174 repr=3 next=6 tfo=1321 active=279/177198 POs=279]
175 : c =       0  cl =   3054  lit =  174141  p =   276  d =     0  f =     3  -  T =     0.08 sec
  [prof 175] wall=  79.944 p=   279 | ifo=  0.794(sd=0.127 nx=0.159 tfo=0.034 cnt=0.475) snap= 0.213 srm=  2.725 sat= 75.755(set=0.153 slv=75.578 max=1.3882 n=279) cex=R/T/F=0/0/3 trsplit=0 pending=0 sim= 0.074(rmp=0.003 run=0.071 n=1 d=0) incr=loc/full/maxdirty/keys=1/0/0/763458 chk= 0.004(d=3) stat= 0.139 rest= 0.238
  [incr r=175 repr=3 next=6 tfo=1320 active=276/177195 POs=276]
176 : c =       0  cl =   3054  lit =  174138  p =   273  d =     0  f =     3  -  T =     0.08 sec
  [prof 176] wall=  79.036 p=   276 | ifo=  0.785(sd=0.142 nx=0.109 tfo=0.048 cnt=0.487) snap= 0.201 srm=  2.691 sat= 74.884(set=0.150 slv=74.709 max=1.3512 n=276) cex=R/T/F=0/0/3 trsplit=0 pending=0 sim= 0.078(rmp=0.003 run=0.074 n=1 d=0) incr=loc/full/maxdirty/keys=1/0/0/763458 chk= 0.004(d=3) stat= 0.161 rest= 0.233
  [incr r=176 repr=3 next=6 tfo=1319 active=273/177192 POs=273]
177 : c =       0  cl =   3054  lit =  174135  p =   270  d =     0  f =     3  -  T =     0.07 sec
  [prof 177] wall=  74.765 p=   273 | ifo=  0.926(sd=0.154 nx=0.126 tfo=0.065 cnt=0.580) snap= 0.201 srm=  2.833 sat= 70.350(set=0.154 slv=70.176 max=1.3546 n=273) cex=R/T/F=0/0/3 trsplit=0 pending=0 sim= 0.078(rmp=0.003 run=0.075 n=1 d=0) incr=loc/full/maxdirty/keys=1/0/0/763458 chk= 0.004(d=3) stat= 0.138 rest= 0.235
  [incr r=177 repr=3 next=6 tfo=1318 active=270/177189 POs=270]
178 : c =       0  cl =   3054  lit =  174132  p =   267  d =     0  f =     3  -  T =     0.07 sec
  [prof 178] wall=  74.962 p=   270 | ifo=  0.750(sd=0.131 nx=0.107 tfo=0.034 cnt=0.477) snap= 0.201 srm=  2.715 sat= 70.805(set=0.155 slv=70.627 max=1.3839 n=270) cex=R/T/F=0/0/3 trsplit=0 pending=0 sim= 0.097(rmp=0.003 run=0.093 n=1 d=0) incr=loc/full/maxdirty/keys=1/0/0/763458 chk= 0.004(d=3) stat= 0.146 rest= 0.243
  [incr r=178 repr=3 next=6 tfo=1317 active=267/177186 POs=267]
179 : c =       0  cl =   3054  lit =  174129  p =   264  d =     0  f =     3  -  T =     0.07 sec
  [prof 179] wall=  73.697 p=   267 | ifo=  0.793(sd=0.155 nx=0.111 tfo=0.042 cnt=0.484) snap= 0.201 srm=  2.796 sat= 69.475(set=0.154 slv=69.299 max=1.3235 n=267) cex=R/T/F=0/0/3 trsplit=0 pending=0 sim= 0.066(rmp=0.003 run=0.063 n=1 d=0) incr=loc/full/maxdirty/keys=1/0/0/763458 chk= 0.004(d=3) stat= 0.131 rest= 0.231
  [incr r=179 repr=3 next=6 tfo=1316 active=264/177183 POs=264]
180 : c =       0  cl =   3054  lit =  174126  p =   261  d =     0  f =     3  -  T =     0.07 sec
  [prof 180] wall=  72.806 p=   264 | ifo=  0.916(sd=0.123 nx=0.099 tfo=0.025 cnt=0.669) snap= 0.201 srm=  2.856 sat= 68.414(set=0.165 slv=68.228 max=1.4261 n=264) cex=R/T/F=0/0/3 trsplit=0 pending=0 sim= 0.071(rmp=0.003 run=0.068 n=1 d=0) incr=loc/full/maxdirty/keys=1/0/0/763458 chk= 0.003(d=3) stat= 0.130 rest= 0.215
  [incr r=180 repr=3 next=6 tfo=1315 active=261/177180 POs=261]
181 : c =       0  cl =   3054  lit =  174123  p =   258  d =     0  f =     3  -  T =     0.07 sec
  [prof 181] wall=  72.119 p=   261 | ifo=  0.695(sd=0.124 nx=0.097 tfo=0.023 cnt=0.451) snap= 0.200 srm=  2.584 sat= 68.172(set=0.163 slv=67.988 max=1.4030 n=261) cex=R/T/F=0/0/3 trsplit=0 pending=0 sim= 0.069(rmp=0.003 run=0.066 n=1 d=0) incr=loc/full/maxdirty/keys=1/0/0/763458 chk= 0.004(d=3) stat= 0.150 rest= 0.244
  [incr r=181 repr=3 next=6 tfo=1314 active=258/177177 POs=258]
182 : c =       0  cl =   3054  lit =  174120  p =   255  d =     0  f =     3  -  T =     0.07 sec
  [prof 182] wall=  71.082 p=   258 | ifo=  0.753(sd=0.126 nx=0.113 tfo=0.032 cnt=0.482) snap= 0.210 srm=  2.692 sat= 66.995(set=0.155 slv=66.820 max=1.3898 n=258) cex=R/T/F=0/0/3 trsplit=0 pending=0 sim= 0.069(rmp=0.003 run=0.066 n=1 d=0) incr=loc/full/maxdirty/keys=1/0/0/763458 chk= 0.004(d=3) stat= 0.135 rest= 0.225
  [incr r=182 repr=3 next=6 tfo=1313 active=255/177174 POs=255]
183 : c =       0  cl =   3054  lit =  174117  p =   252  d =     0  f =     3  -  T =     0.07 sec
  [prof 183] wall=  70.936 p=   255 | ifo=  0.756(sd=0.127 nx=0.106 tfo=0.036 cnt=0.486) snap= 0.202 srm=  2.670 sat= 66.819(set=0.149 slv=66.648 max=1.3697 n=255) cex=R/T/F=0/0/3 trsplit=0 pending=0 sim= 0.097(rmp=0.004 run=0.093 n=1 d=0) incr=loc/full/maxdirty/keys=1/0/0/763458 chk= 0.005(d=3) stat= 0.146 rest= 0.242
  [incr r=183 repr=3 next=6 tfo=1312 active=252/177171 POs=252]
184 : c =       0  cl =   3054  lit =  174114  p =   249  d =     0  f =     3  -  T =     0.07 sec
  [prof 184] wall=  69.962 p=   252 | ifo=  0.895(sd=0.195 nx=0.138 tfo=0.051 cnt=0.510) snap= 0.201 srm=  2.768 sat= 65.635(set=0.147 slv=65.468 max=1.4031 n=252) cex=R/T/F=0/0/3 trsplit=0 pending=0 sim= 0.083(rmp=0.003 run=0.079 n=1 d=0) incr=loc/full/maxdirty/keys=1/0/0/763458 chk= 0.004(d=3) stat= 0.137 rest= 0.238
  [incr r=184 repr=3 next=6 tfo=1311 active=249/177168 POs=249]
185 : c =       0  cl =   3054  lit =  174111  p =   246  d =     0  f =     3  -  T =     0.07 sec
  [prof 185] wall=  69.338 p=   249 | ifo=  0.789(sd=0.131 nx=0.109 tfo=0.044 cnt=0.505) snap= 0.201 srm=  2.768 sat= 65.108(set=0.157 slv=64.929 max=1.3267 n=249) cex=R/T/F=0/0/3 trsplit=0 pending=0 sim= 0.089(rmp=0.003 run=0.086 n=1 d=0) incr=loc/full/maxdirty/keys=1/0/0/763458 chk= 0.004(d=3) stat= 0.143 rest= 0.236
  [incr r=185 repr=3 next=5 tfo=1310 active=246/177165 POs=246]
186 : c =       0  cl =   3054  lit =  174109  p =   244  d =     0  f =     2  -  T =     0.07 sec
  [prof 186] wall=  67.146 p=   246 | ifo=  0.766(sd=0.132 nx=0.111 tfo=0.044 cnt=0.479) snap= 0.204 srm=  2.610 sat= 63.105(set=0.135 slv=62.949 max=1.4498 n=246) cex=R/T/F=0/0/2 trsplit=0 pending=0 sim= 0.078(rmp=0.003 run=0.075 n=1 d=0) incr=loc/full/maxdirty/keys=1/0/0/763458 chk= 0.004(d=2) stat= 0.142 rest= 0.238
  [incr r=186 repr=2 next=4 tfo=1309 active=244/177163 POs=244]
187 : c =       0  cl =   3054  lit =  174107  p =   242  d =     0  f =     2  -  T =     0.07 sec
  [prof 187] wall=  65.625 p=   244 | ifo=  0.761(sd=0.135 nx=0.111 tfo=0.034 cnt=0.480) snap= 0.203 srm=  2.576 sat= 61.667(set=0.138 slv=61.510 max=1.3039 n=244) cex=R/T/F=0/0/2 trsplit=0 pending=0 sim= 0.072(rmp=0.003 run=0.069 n=1 d=0) incr=loc/full/maxdirty/keys=1/0/0/763458 chk= 0.003(d=2) stat= 0.131 rest= 0.213
  [incr r=187 repr=2 next=4 tfo=1308 active=242/177161 POs=242]
188 : c =       0  cl =   3054  lit =  174105  p =   240  d =     0  f =     2  -  T =     0.07 sec
  [prof 188] wall=  65.459 p=   242 | ifo=  0.708(sd=0.123 nx=0.098 tfo=0.026 cnt=0.460) snap= 0.211 srm=  2.465 sat= 61.663(set=0.129 slv=61.516 max=1.5018 n=242) cex=R/T/F=0/0/2 trsplit=0 pending=0 sim= 0.063(rmp=0.003 run=0.060 n=1 d=0) incr=loc/full/maxdirty/keys=1/0/0/763458 chk= 0.002(d=2) stat= 0.132 rest= 0.214
  [incr r=188 repr=2 next=4 tfo=1307 active=240/177159 POs=240]
189 : c =       0  cl =   3054  lit =  174103  p =   238  d =     0  f =     2  -  T =     0.06 sec
  [prof 189] wall=  64.829 p=   240 | ifo=  0.715(sd=0.123 nx=0.098 tfo=0.022 cnt=0.472) snap= 0.200 srm=  2.451 sat= 61.007(set=0.128 slv=60.860 max=1.3058 n=240) cex=R/T/F=0/0/2 trsplit=0 pending=0 sim= 0.074(rmp=0.003 run=0.070 n=1 d=0) incr=loc/full/maxdirty/keys=1/0/0/763458 chk= 0.003(d=2) stat= 0.138 rest= 0.240
  [incr r=189 repr=2 next=4 tfo=1306 active=238/177157 POs=238]
190 : c =       0  cl =   3054  lit =  174101  p =   236  d =     0  f =     2  -  T =     0.07 sec
  [prof 190] wall=  67.792 p=   238 | ifo=  0.849(sd=0.130 nx=0.111 tfo=0.041 cnt=0.567) snap= 0.203 srm=  2.612 sat= 63.677(set=0.129 slv=63.519 max=1.2924 n=238) cex=R/T/F=0/0/2 trsplit=0 pending=0 sim= 0.077(rmp=0.003 run=0.074 n=1 d=0) incr=loc/full/maxdirty/keys=1/0/0/763458 chk= 0.004(d=2) stat= 0.138 rest= 0.232
  [incr r=190 repr=2 next=4 tfo=1305 active=236/177155 POs=236]
191 : c =       0  cl =   3054  lit =  174099  p =   234  d =     0  f =     2  -  T =     0.07 sec
  [prof 191] wall=  66.243 p=   236 | ifo=  0.808(sd=0.158 nx=0.108 tfo=0.034 cnt=0.507) snap= 0.203 srm=  2.589 sat= 62.225(set=0.128 slv=62.078 max=1.3600 n=236) cex=R/T/F=0/0/2 trsplit=0 pending=0 sim= 0.064(rmp=0.003 run=0.061 n=1 d=0) incr=loc/full/maxdirty/keys=1/0/0/763458 chk= 0.002(d=2) stat= 0.133 rest= 0.219
  [incr r=191 repr=2 next=4 tfo=1304 active=234/177153 POs=234]
192 : c =       0  cl =   3054  lit =  174097  p =   232  d =     0  f =     2  -  T =     0.06 sec
  [prof 192] wall=  63.390 p=   234 | ifo=  0.739(sd=0.124 nx=0.099 tfo=0.040 cnt=0.475) snap= 0.200 srm=  2.476 sat= 59.516(set=0.131 slv=59.367 max=1.2700 n=234) cex=R/T/F=0/0/2 trsplit=0 pending=0 sim= 0.079(rmp=0.003 run=0.076 n=1 d=0) incr=loc/full/maxdirty/keys=1/0/0/763458 chk= 0.003(d=2) stat= 0.140 rest= 0.237
  [incr r=192 repr=2 next=4 tfo=1303 active=232/177151 POs=232]
193 : c =       0  cl =   3054  lit =  174095  p =   230  d =     0  f =     2  -  T =     0.07 sec
  [prof 193] wall=  69.491 p=   232 | ifo=  0.807(sd=0.135 nx=0.122 tfo=0.040 cnt=0.511) snap= 0.200 srm=  2.611 sat= 65.408(set=0.127 slv=65.253 max=1.4217 n=232) cex=R/T/F=0/0/2 trsplit=0 pending=0 sim= 0.084(rmp=0.003 run=0.081 n=1 d=0) incr=loc/full/maxdirty/keys=1/0/0/763458 chk= 0.003(d=2) stat= 0.143 rest= 0.235
  [incr r=193 repr=2 next=4 tfo=1302 active=230/177149 POs=230]
194 : c =       0  cl =   3054  lit =  174093  p =   228  d =     0  f =     2  -  T =     0.07 sec
  [prof 194] wall=  69.259 p=   230 | ifo=  1.442(sd=0.569 nx=0.311 tfo=0.053 cnt=0.509) snap= 0.201 srm=  3.191 sat= 64.005(set=0.130 slv=63.855 max=3.4884 n=230) cex=R/T/F=0/0/2 trsplit=0 pending=0 sim= 0.069(rmp=0.003 run=0.066 n=1 d=0) incr=loc/full/maxdirty/keys=1/0/0/763458 chk= 0.003(d=2) stat= 0.134 rest= 0.214
  [incr r=194 repr=2 next=4 tfo=1301 active=228/177147 POs=228]
195 : c =       0  cl =   3054  lit =  174091  p =   226  d =     0  f =     2  -  T =     0.06 sec
  [prof 195] wall=  63.861 p=   228 | ifo=  0.728(sd=0.126 nx=0.100 tfo=0.046 cnt=0.456) snap= 0.200 srm=  2.519 sat= 60.005(set=0.131 slv=59.854 max=1.4224 n=228) cex=R/T/F=0/0/2 trsplit=0 pending=0 sim= 0.064(rmp=0.003 run=0.061 n=1 d=0) incr=loc/full/maxdirty/keys=1/0/0/763458 chk= 0.002(d=2) stat= 0.131 rest= 0.212
  [incr r=195 repr=2 next=4 tfo=1300 active=226/177145 POs=226]
196 : c =       0  cl =   3054  lit =  174089  p =   224  d =     0  f =     2  -  T =     0.06 sec
  [prof 196] wall=  62.247 p=   226 | ifo=  0.712(sd=0.123 nx=0.101 tfo=0.030 cnt=0.457) snap= 0.204 srm=  2.409 sat= 58.511(set=0.129 slv=58.364 max=1.3832 n=226) cex=R/T/F=0/0/2 trsplit=0 pending=0 sim= 0.063(rmp=0.003 run=0.060 n=1 d=0) incr=loc/full/maxdirty/keys=1/0/0/763458 chk= 0.002(d=2) stat= 0.133 rest= 0.213
  [incr r=196 repr=2 next=4 tfo=1299 active=224/177143 POs=224]
197 : c =       0  cl =   3054  lit =  174087  p =   222  d =     0  f =     2  -  T =     0.06 sec
  [prof 197] wall=  64.393 p=   224 | ifo=  0.720(sd=0.124 nx=0.101 tfo=0.029 cnt=0.467) snap= 0.202 srm=  2.443 sat= 60.581(set=0.124 slv=60.436 max=1.3238 n=224) cex=R/T/F=0/0/2 trsplit=0 pending=0 sim= 0.068(rmp=0.003 run=0.065 n=1 d=0) incr=loc/full/maxdirty/keys=1/0/0/763458 chk= 0.003(d=2) stat= 0.140 rest= 0.236
  [incr r=197 repr=2 next=4 tfo=1298 active=222/177141 POs=222]
198 : c =       0  cl =   3054  lit =  174085  p =   220  d =     0  f =     2  -  T =     0.07 sec
  [prof 198] wall=  71.797 p=   222 | ifo=  0.812(sd=0.155 nx=0.110 tfo=0.047 cnt=0.501) snap= 0.202 srm=  2.529 sat= 67.531(set=0.130 slv=67.377 max=1.2719 n=222) cex=R/T/F=0/0/2 trsplit=0 pending=0 sim= 0.124(rmp=0.005 run=0.118 n=1 d=0) incr=loc/full/maxdirty/keys=1/0/0/763458 chk= 0.008(d=2) stat= 0.147 rest= 0.445
  [incr r=198 repr=2 next=4 tfo=1297 active=220/177139 POs=220]
199 : c =       0  cl =   3054  lit =  174083  p =   218  d =     0  f =     2  -  T =     0.06 sec
  [prof 199] wall=  61.386 p=   220 | ifo=  0.782(sd=0.140 nx=0.113 tfo=0.036 cnt=0.494) snap= 0.287 srm=  2.806 sat= 57.087(set=0.180 slv=56.890 max=1.4064 n=220) cex=R/T/F=0/0/2 trsplit=0 pending=0 sim= 0.077(rmp=0.003 run=0.074 n=1 d=0) incr=loc/full/maxdirty/keys=1/0/0/763458 chk= 0.002(d=2) stat= 0.131 rest= 0.213
  [incr r=199 repr=2 next=4 tfo=1296 active=218/177137 POs=218]
200 : c =       0  cl =   3054  lit =  174081  p =   216  d =     0  f =     2  -  T =     0.06 sec
  [prof 200] wall=  64.931 p=   218 | ifo=  0.779(sd=0.129 nx=0.102 tfo=0.023 cnt=0.524) snap= 0.208 srm=  2.556 sat= 60.855(set=0.129 slv=60.705 max=2.1375 n=218) cex=R/T/F=0/0/2 trsplit=0 pending=0 sim= 0.101(rmp=0.003 run=0.097 n=1 d=0) incr=loc/full/maxdirty/keys=1/0/0/763458 chk= 0.003(d=2) stat= 0.152 rest= 0.277
  [incr r=200 repr=2 next=4 tfo=1295 active=216/177135 POs=216]
201 : c =       0  cl =   3054  lit =  174079  p =   214  d =     0  f =     2  -  T =     0.06 sec
  [prof 201] wall=  60.472 p=   216 | ifo=  0.789(sd=0.131 nx=0.110 tfo=0.046 cnt=0.502) snap= 0.205 srm=  2.676 sat= 56.369(set=0.130 slv=56.221 max=1.5012 n=216) cex=R/T/F=0/0/2 trsplit=0 pending=0 sim= 0.075(rmp=0.004 run=0.071 n=1 d=0) incr=loc/full/maxdirty/keys=1/0/0/763458 chk= 0.003(d=2) stat= 0.136 rest= 0.220
  [incr r=201 repr=2 next=4 tfo=1294 active=214/177133 POs=214]
202 : c =       0  cl =   3054  lit =  174077  p =   212  d =     0  f =     2  -  T =     0.06 sec
  [prof 202] wall=  58.889 p=   214 | ifo=  0.753(sd=0.125 nx=0.111 tfo=0.036 cnt=0.481) snap= 0.208 srm=  2.679 sat= 54.828(set=0.137 slv=54.674 max=1.4031 n=214) cex=R/T/F=0/0/2 trsplit=0 pending=0 sim= 0.071(rmp=0.002 run=0.068 n=1 d=0) incr=loc/full/maxdirty/keys=1/0/0/763458 chk= 0.003(d=2) stat= 0.132 rest= 0.215
  [incr r=202 repr=2 next=4 tfo=1293 active=212/177131 POs=212]
203 : c =       0  cl =   3054  lit =  174075  p =   210  d =     0  f =     2  -  T =     0.07 sec
  [prof 203] wall=  67.858 p=   212 | ifo=  0.719(sd=0.125 nx=0.101 tfo=0.033 cnt=0.461) snap= 0.213 srm=  2.522 sat= 63.994(set=0.131 slv=63.842 max=1.9732 n=212) cex=R/T/F=0/0/2 trsplit=0 pending=0 sim= 0.063(rmp=0.002 run=0.060 n=1 d=0) incr=loc/full/maxdirty/keys=1/0/0/763458 chk= 0.002(d=2) stat= 0.133 rest= 0.212
  [incr r=203 repr=2 next=4 tfo=1292 active=210/177129 POs=210]
204 : c =       0  cl =   3054  lit =  174073  p =   208  d =     0  f =     2  -  T =     0.06 sec
  [prof 204] wall=  58.627 p=   210 | ifo=  0.828(sd=0.122 nx=0.107 tfo=0.040 cnt=0.558) snap= 0.258 srm=  2.849 sat= 54.261(set=0.135 slv=54.109 max=1.3794 n=210) cex=R/T/F=0/0/2 trsplit=0 pending=0 sim= 0.062(rmp=0.003 run=0.059 n=1 d=0) incr=loc/full/maxdirty/keys=1/0/0/763458 chk= 0.002(d=2) stat= 0.130 rest= 0.237
  [incr r=204 repr=2 next=4 tfo=1291 active=208/177127 POs=208]
205 : c =       0  cl =   3054  lit =  174071  p =   206  d =     0  f =     2  -  T =     0.06 sec
  [prof 205] wall=  57.308 p=   208 | ifo=  0.724(sd=0.123 nx=0.097 tfo=0.042 cnt=0.461) snap= 0.202 srm=  2.465 sat= 53.455(set=0.125 slv=53.314 max=1.3264 n=208) cex=R/T/F=0/0/2 trsplit=0 pending=0 sim= 0.070(rmp=0.003 run=0.066 n=1 d=0) incr=loc/full/maxdirty/keys=1/0/0/763458 chk= 0.003(d=2) stat= 0.140 rest= 0.249
  [incr r=205 repr=2 next=4 tfo=1290 active=206/177125 POs=206]
206 : c =       0  cl =   3054  lit =  174069  p =   204  d =     0  f =     2  -  T =     0.06 sec
  [prof 206] wall=  56.945 p=   206 | ifo=  0.787(sd=0.135 nx=0.111 tfo=0.042 cnt=0.499) snap= 0.200 srm=  2.491 sat= 53.013(set=0.129 slv=52.866 max=1.3841 n=206) cex=R/T/F=0/0/2 trsplit=0 pending=0 sim= 0.079(rmp=0.003 run=0.076 n=1 d=0) incr=loc/full/maxdirty/keys=1/0/0/763458 chk= 0.003(d=2) stat= 0.138 rest= 0.234
  [incr r=206 repr=2 next=4 tfo=1289 active=204/177123 POs=204]
207 : c =       0  cl =   3054  lit =  174067  p =   202  d =     0  f =     2  -  T =     0.06 sec
  [prof 207] wall=  56.275 p=   204 | ifo=  0.765(sd=0.137 nx=0.112 tfo=0.038 cnt=0.479) snap= 0.200 srm=  2.589 sat= 52.285(set=0.129 slv=52.140 max=1.3766 n=204) cex=R/T/F=0/0/2 trsplit=0 pending=0 sim= 0.063(rmp=0.002 run=0.060 n=1 d=0) incr=loc/full/maxdirty/keys=1/0/0/763458 chk= 0.002(d=2) stat= 0.130 rest= 0.241
  [incr r=207 repr=2 next=4 tfo=1288 active=202/177121 POs=202]
208 : c =       0  cl =   3054  lit =  174065  p =   200  d =     0  f =     2  -  T =     0.06 sec
  [prof 208] wall=  60.904 p=   202 | ifo=  0.738(sd=0.123 nx=0.099 tfo=0.035 cnt=0.481) snap= 0.201 srm=  2.456 sat= 57.013(set=0.130 slv=56.863 max=1.8526 n=202) cex=R/T/F=0/0/2 trsplit=0 pending=0 sim= 0.073(rmp=0.003 run=0.070 n=1 d=0) incr=loc/full/maxdirty/keys=1/0/0/763458 chk= 0.002(d=2) stat= 0.183 rest= 0.236
  [incr r=208 repr=2 next=4 tfo=1287 active=200/177119 POs=200]
209 : c =       0  cl =   3054  lit =  174063  p =   198  d =     0  f =     2  -  T =     0.06 sec
  [prof 209] wall=  56.610 p=   200 | ifo=  0.779(sd=0.128 nx=0.109 tfo=0.039 cnt=0.502) snap= 0.202 srm=  2.550 sat= 52.648(set=0.152 slv=52.480 max=1.3789 n=200) cex=R/T/F=0/0/2 trsplit=0 pending=0 sim= 0.071(rmp=0.003 run=0.068 n=1 d=0) incr=loc/full/maxdirty/keys=1/0/0/763458 chk= 0.003(d=2) stat= 0.137 rest= 0.220
  [incr r=209 repr=2 next=4 tfo=1286 active=198/177117 POs=198]
210 : c =       0  cl =   3054  lit =  174061  p =   196  d =     0  f =     2  -  T =     0.06 sec
  [prof 210] wall=  55.409 p=   198 | ifo=  0.730(sd=0.129 nx=0.105 tfo=0.036 cnt=0.460) snap= 0.202 srm=  2.550 sat= 51.475(set=0.127 slv=51.331 max=1.3889 n=198) cex=R/T/F=0/0/2 trsplit=0 pending=0 sim= 0.079(rmp=0.003 run=0.075 n=1 d=0) incr=loc/full/maxdirty/keys=1/0/0/763458 chk= 0.003(d=2) stat= 0.138 rest= 0.233
  [incr r=210 repr=2 next=4 tfo=1285 active=196/177115 POs=196]
211 : c =       0  cl =   3054  lit =  174059  p =   194  d =     0  f =     2  -  T =     0.06 sec
  [prof 211] wall=  56.720 p=   196 | ifo=  0.767(sd=0.132 nx=0.111 tfo=0.036 cnt=0.488) snap= 0.200 srm=  2.539 sat= 52.801(set=0.136 slv=52.649 max=1.4524 n=196) cex=R/T/F=0/0/2 trsplit=0 pending=0 sim= 0.062(rmp=0.003 run=0.059 n=1 d=0) incr=loc/full/maxdirty/keys=1/0/0/763458 chk= 0.002(d=2) stat= 0.130 rest= 0.218
  [incr r=211 repr=2 next=4 tfo=1284 active=194/177113 POs=194]
212 : c =       0  cl =   3054  lit =  174057  p =   192  d =     0  f =     2  -  T =     0.05 sec
  [prof 212] wall=  53.818 p=   194 | ifo=  0.707(sd=0.122 nx=0.097 tfo=0.035 cnt=0.453) snap= 0.200 srm=  2.428 sat= 50.077(set=0.129 slv=49.934 max=1.3239 n=194) cex=R/T/F=0/0/2 trsplit=0 pending=0 sim= 0.062(rmp=0.003 run=0.060 n=1 d=0) incr=loc/full/maxdirty/keys=1/0/0/763458 chk= 0.002(d=2) stat= 0.131 rest= 0.210
  [incr r=212 repr=2 next=4 tfo=1283 active=192/177111 POs=192]
213 : c =       0  cl =   3054  lit =  174055  p =   190  d =     0  f =     2  -  T =     0.05 sec
  [prof 213] wall=  54.243 p=   192 | ifo=  0.704(sd=0.122 nx=0.098 tfo=0.032 cnt=0.452) snap= 0.200 srm=  2.442 sat= 50.471(set=0.128 slv=50.326 max=1.3479 n=192) cex=R/T/F=0/0/2 trsplit=0 pending=0 sim= 0.064(rmp=0.003 run=0.061 n=1 d=0) incr=loc/full/maxdirty/keys=1/0/0/763458 chk= 0.002(d=2) stat= 0.134 rest= 0.226
  [incr r=213 repr=2 next=4 tfo=1282 active=190/177109 POs=190]
214 : c =       0  cl =   3054  lit =  174053  p =   188  d =     0  f =     2  -  T =     0.05 sec
  [prof 214] wall=  54.216 p=   190 | ifo=  0.725(sd=0.131 nx=0.101 tfo=0.034 cnt=0.459) snap= 0.202 srm=  2.465 sat= 50.361(set=0.127 slv=50.219 max=1.2791 n=190) cex=R/T/F=0/0/2 trsplit=0 pending=0 sim= 0.073(rmp=0.003 run=0.070 n=1 d=0) incr=loc/full/maxdirty/keys=1/0/0/763458 chk= 0.003(d=2) stat= 0.152 rest= 0.236
  [incr r=214 repr=2 next=4 tfo=1281 active=188/177107 POs=188]
215 : c =       0  cl =   3054  lit =  174051  p =   186  d =     0  f =     2  -  T =     0.05 sec
  [prof 215] wall=  52.489 p=   188 | ifo=  0.814(sd=0.139 nx=0.125 tfo=0.045 cnt=0.505) snap= 0.201 srm=  2.539 sat= 48.527(set=0.127 slv=48.384 max=1.3403 n=188) cex=R/T/F=0/0/2 trsplit=0 pending=0 sim= 0.064(rmp=0.003 run=0.061 n=1 d=0) incr=loc/full/maxdirty/keys=1/0/0/763458 chk= 0.002(d=2) stat= 0.131 rest= 0.210
  [incr r=215 repr=2 next=4 tfo=1280 active=186/177105 POs=186]
216 : c =       0  cl =   3054  lit =  174049  p =   184  d =     0  f =     2  -  T =     0.06 sec
  [prof 216] wall=  59.569 p=   186 | ifo=  0.728(sd=0.123 nx=0.099 tfo=0.044 cnt=0.461) snap= 0.265 srm=  3.992 sat= 54.127(set=0.167 slv=53.943 max=3.2467 n=186) cex=R/T/F=0/0/2 trsplit=0 pending=0 sim= 0.074(rmp=0.003 run=0.071 n=1 d=0) incr=loc/full/maxdirty/keys=1/0/0/763458 chk= 0.002(d=2) stat= 0.134 rest= 0.246
  [incr r=216 repr=2 next=4 tfo=1279 active=184/177103 POs=184]
217 : c =       0  cl =   3054  lit =  174047  p =   182  d =     0  f =     2  -  T =     0.05 sec
  [prof 217] wall=  52.765 p=   184 | ifo=  0.743(sd=0.127 nx=0.102 tfo=0.039 cnt=0.476) snap= 0.200 srm=  2.528 sat= 48.561(set=0.128 slv=48.416 max=1.3972 n=184) cex=R/T/F=0/0/2 trsplit=0 pending=0 sim= 0.177(rmp=0.009 run=0.168 n=1 d=0) incr=loc/full/maxdirty/keys=1/0/0/763458 chk= 0.003(d=2) stat= 0.147 rest= 0.405
  [incr r=217 repr=2 next=4 tfo=1278 active=182/177101 POs=182]
218 : c =       0  cl =   3054  lit =  174045  p =   180  d =     0  f =     2  -  T =     0.06 sec
  [prof 218] wall=  57.703 p=   182 | ifo=  0.979(sd=0.129 nx=0.117 tfo=0.052 cnt=0.681) snap= 0.468 srm=  7.153 sat= 48.663(set=0.156 slv=48.492 max=1.4454 n=182) cex=R/T/F=0/0/2 trsplit=0 pending=0 sim= 0.071(rmp=0.003 run=0.068 n=1 d=0) incr=loc/full/maxdirty/keys=1/0/0/763458 chk= 0.003(d=2) stat= 0.135 rest= 0.231
  [incr r=218 repr=2 next=4 tfo=1277 active=180/177099 POs=180]
219 : c =       0  cl =   3054  lit =  174043  p =   178  d =     0  f =     2  -  T =     0.05 sec
  [prof 219] wall=  54.028 p=   180 | ifo=  0.742(sd=0.136 nx=0.104 tfo=0.034 cnt=0.468) snap= 0.210 srm=  2.522 sat= 50.057(set=0.128 slv=49.912 max=1.6077 n=180) cex=R/T/F=0/0/2 trsplit=0 pending=0 sim= 0.097(rmp=0.003 run=0.093 n=1 d=0) incr=loc/full/maxdirty/keys=1/0/0/763458 chk= 0.003(d=2) stat= 0.148 rest= 0.249
  [incr r=219 repr=2 next=4 tfo=1276 active=178/177097 POs=178]
220 : c =       0  cl =   3054  lit =  174041  p =   176  d =     0  f =     2  -  T =     0.05 sec
  [prof 220] wall=  49.984 p=   178 | ifo=  0.793(sd=0.139 nx=0.117 tfo=0.043 cnt=0.495) snap= 0.213 srm=  2.645 sat= 45.920(set=0.135 slv=45.771 max=1.3987 n=178) cex=R/T/F=0/0/2 trsplit=0 pending=0 sim= 0.069(rmp=0.003 run=0.067 n=1 d=0) incr=loc/full/maxdirty/keys=1/0/0/763458 chk= 0.002(d=2) stat= 0.131 rest= 0.210
  [incr r=220 repr=2 next=4 tfo=1275 active=176/177095 POs=176]
221 : c =       0  cl =   3054  lit =  174039  p =   174  d =     0  f =     2  -  T =     0.05 sec
  [prof 221] wall=  49.118 p=   176 | ifo=  0.735(sd=0.138 nx=0.100 tfo=0.025 cnt=0.472) snap= 0.202 srm=  2.505 sat= 45.275(set=0.129 slv=45.132 max=1.3408 n=176) cex=R/T/F=0/0/2 trsplit=0 pending=0 sim= 0.062(rmp=0.003 run=0.060 n=1 d=0) incr=loc/full/maxdirty/keys=1/0/0/763458 chk= 0.002(d=2) stat= 0.129 rest= 0.208
  [incr r=221 repr=2 next=4 tfo=1274 active=174/177093 POs=174]
222 : c =       0  cl =   3054  lit =  174037  p =   172  d =     0  f =     2  -  T =     0.05 sec
  [prof 222] wall=  48.728 p=   174 | ifo=  0.705(sd=0.122 nx=0.097 tfo=0.022 cnt=0.464) snap= 0.202 srm=  2.439 sat= 44.966(set=0.124 slv=44.828 max=1.4280 n=174) cex=R/T/F=0/0/2 trsplit=0 pending=0 sim= 0.062(rmp=0.003 run=0.059 n=1 d=0) incr=loc/full/maxdirty/keys=1/0/0/763458 chk= 0.002(d=2) stat= 0.139 rest= 0.214
  [incr r=222 repr=2 next=4 tfo=1273 active=172/177091 POs=172]
223 : c =       0  cl =   3054  lit =  174035  p =   170  d =     0  f =     2  -  T =     0.05 sec
  [prof 223] wall=  47.915 p=   172 | ifo=  0.709(sd=0.126 nx=0.103 tfo=0.028 cnt=0.452) snap= 0.201 srm=  2.406 sat= 44.189(set=0.125 slv=44.051 max=1.3954 n=172) cex=R/T/F=0/0/2 trsplit=0 pending=0 sim= 0.063(rmp=0.003 run=0.060 n=1 d=0) incr=loc/full/maxdirty/keys=1/0/0/763458 chk= 0.002(d=2) stat= 0.130 rest= 0.215
  [incr r=223 repr=2 next=4 tfo=1272 active=170/177089 POs=170]
224 : c =       0  cl =   3054  lit =  174033  p =   168  d =     0  f =     2  -  T =     0.05 sec
  [prof 224] wall=  48.754 p=   170 | ifo=  0.721(sd=0.122 nx=0.099 tfo=0.025 cnt=0.475) snap= 0.201 srm=  2.406 sat= 44.966(set=0.124 slv=44.827 max=1.5206 n=170) cex=R/T/F=0/0/2 trsplit=0 pending=0 sim= 0.071(rmp=0.003 run=0.068 n=1 d=0) incr=loc/full/maxdirty/keys=1/0/0/763458 chk= 0.004(d=2) stat= 0.141 rest= 0.244
  [incr r=224 repr=2 next=4 tfo=1271 active=168/177087 POs=168]
225 : c =       0  cl =   3054  lit =  174031  p =   166  d =     0  f =     2  -  T =     0.05 sec
  [prof 225] wall=  47.801 p=   168 | ifo=  0.766(sd=0.132 nx=0.110 tfo=0.034 cnt=0.489) snap= 0.201 srm=  2.505 sat= 43.830(set=0.142 slv=43.673 max=1.4784 n=168) cex=R/T/F=0/0/2 trsplit=0 pending=0 sim= 0.075(rmp=0.003 run=0.072 n=1 d=0) incr=loc/full/maxdirty/keys=1/0/0/763458 chk= 0.002(d=2) stat= 0.186 rest= 0.236
  [incr r=225 repr=2 next=4 tfo=1270 active=166/177085 POs=166]
226 : c =       0  cl =   3054  lit =  174029  p =   164  d =     0  f =     2  -  T =     0.05 sec
  [prof 226] wall=  46.623 p=   166 | ifo=  0.755(sd=0.130 nx=0.108 tfo=0.036 cnt=0.481) snap= 0.203 srm=  2.492 sat= 42.762(set=0.126 slv=42.623 max=1.2887 n=166) cex=R/T/F=0/0/2 trsplit=0 pending=0 sim= 0.063(rmp=0.002 run=0.060 n=1 d=0) incr=loc/full/maxdirty/keys=1/0/0/763458 chk= 0.002(d=2) stat= 0.137 rest= 0.208
  [incr r=226 repr=2 next=4 tfo=1269 active=164/177083 POs=164]
227 : c =       0  cl =   3054  lit =  174027  p =   162  d =     0  f =     2  -  T =     0.05 sec
  [prof 227] wall=  46.301 p=   164 | ifo=  0.696(sd=0.122 nx=0.097 tfo=0.018 cnt=0.459) snap= 0.202 srm=  2.459 sat= 42.536(set=0.125 slv=42.398 max=1.3552 n=164) cex=R/T/F=0/0/2 trsplit=0 pending=0 sim= 0.062(rmp=0.003 run=0.060 n=1 d=0) incr=loc/full/maxdirty/keys=1/0/0/763458 chk= 0.002(d=2) stat= 0.132 rest= 0.213
  [incr r=227 repr=2 next=4 tfo=1268 active=162/177081 POs=162]
228 : c =       0  cl =   3054  lit =  174025  p =   160  d =     0  f =     2  -  T =     0.05 sec
  [prof 228] wall=  46.249 p=   162 | ifo=  0.723(sd=0.122 nx=0.098 tfo=0.039 cnt=0.464) snap= 0.202 srm=  2.401 sat= 42.408(set=0.129 slv=42.265 max=1.3908 n=162) cex=R/T/F=0/0/2 trsplit=0 pending=0 sim= 0.132(rmp=0.003 run=0.129 n=1 d=0) incr=loc/full/maxdirty/keys=1/0/0/763458 chk= 0.003(d=2) stat= 0.140 rest= 0.240
  [incr r=228 repr=2 next=4 tfo=1267 active=160/177079 POs=160]
229 : c =       0  cl =   3054  lit =  174023  p =   158  d =     0  f =     2  -  T =     0.05 sec
  [prof 229] wall=  49.058 p=   160 | ifo=  0.838(sd=0.157 nx=0.124 tfo=0.041 cnt=0.515) snap= 0.201 srm=  2.628 sat= 44.698(set=0.130 slv=44.553 max=1.4255 n=160) cex=R/T/F=0/0/2 trsplit=0 pending=0 sim= 0.140(rmp=0.004 run=0.136 n=1 d=0) incr=loc/full/maxdirty/keys=1/0/0/763458 chk= 0.003(d=2) stat= 0.245 rest= 0.305
  [incr r=229 repr=2 next=4 tfo=1266 active=158/177077 POs=158]
230 : c =       0  cl =   3054  lit =  174021  p =   156  d =     0  f =     2  -  T =     0.05 sec
  [prof 230] wall=  48.758 p=   158 | ifo=  0.737(sd=0.129 nx=0.106 tfo=0.039 cnt=0.464) snap= 0.349 srm=  3.196 sat= 43.703(set=0.220 slv=43.469 max=1.5186 n=158) cex=R/T/F=0/0/2 trsplit=0 pending=0 sim= 0.201(rmp=0.005 run=0.196 n=1 d=0) incr=loc/full/maxdirty/keys=1/0/0/763458 chk= 0.004(d=2) stat= 0.173 rest= 0.395
  [incr r=230 repr=2 next=4 tfo=1265 active=156/177075 POs=156]
231 : c =       0  cl =   3054  lit =  174019  p =   154  d =     0  f =     2  -  T =     0.05 sec
  [prof 231] wall=  45.421 p=   156 | ifo=  0.794(sd=0.131 nx=0.110 tfo=0.049 cnt=0.503) snap= 0.200 srm=  2.674 sat= 41.332(set=0.131 slv=41.189 max=1.4272 n=156) cex=R/T/F=0/0/2 trsplit=0 pending=0 sim= 0.064(rmp=0.002 run=0.062 n=1 d=0) incr=loc/full/maxdirty/keys=1/0/0/763458 chk= 0.002(d=2) stat= 0.142 rest= 0.213
  [incr r=231 repr=2 next=4 tfo=1264 active=154/177073 POs=154]
232 : c =       0  cl =   3054  lit =  174017  p =   152  d =     0  f =     2  -  T =     0.05 sec
  [prof 232] wall=  45.873 p=   154 | ifo=  0.717(sd=0.128 nx=0.097 tfo=0.024 cnt=0.468) snap= 0.215 srm=  2.558 sat= 41.862(set=0.125 slv=41.724 max=1.4066 n=154) cex=R/T/F=0/0/2 trsplit=0 pending=0 sim= 0.118(rmp=0.003 run=0.115 n=1 d=0) incr=loc/full/maxdirty/keys=1/0/0/763458 chk= 0.003(d=2) stat= 0.161 rest= 0.240
  [incr r=232 repr=2 next=4 tfo=1263 active=152/177071 POs=152]
233 : c =       0  cl =   3054  lit =  174015  p =   150  d =     0  f =     2  -  T =     0.05 sec
  [prof 233] wall=  50.677 p=   152 | ifo=  0.964(sd=0.134 nx=0.110 tfo=0.023 cnt=0.697) snap= 0.243 srm=  6.879 sat= 42.053(set=0.135 slv=41.905 max=1.6046 n=152) cex=R/T/F=0/0/2 trsplit=0 pending=0 sim= 0.118(rmp=0.003 run=0.115 n=1 d=0) incr=loc/full/maxdirty/keys=1/0/0/763458 chk= 0.002(d=2) stat= 0.151 rest= 0.266
  [incr r=233 repr=2 next=4 tfo=1262 active=150/177069 POs=150]
234 : c =       0  cl =   3054  lit =  174013  p =   148  d =     0  f =     2  -  T =     0.05 sec
  [prof 234] wall=  48.637 p=   150 | ifo=  0.902(sd=0.140 nx=0.152 tfo=0.062 cnt=0.547) snap= 0.201 srm=  2.730 sat= 44.247(set=0.160 slv=44.072 max=2.6163 n=150) cex=R/T/F=0/0/2 trsplit=0 pending=0 sim= 0.103(rmp=0.003 run=0.099 n=1 d=0) incr=loc/full/maxdirty/keys=1/0/0/763458 chk= 0.004(d=2) stat= 0.159 rest= 0.292
  [incr r=234 repr=2 next=4 tfo=1261 active=148/177067 POs=148]
235 : c =       0  cl =   3054  lit =  174011  p =   146  d =     0  f =     2  -  T =     0.04 sec
  [prof 235] wall=  44.190 p=   148 | ifo=  0.921(sd=0.165 nx=0.145 tfo=0.056 cnt=0.556) snap= 0.202 srm=  2.590 sat= 40.070(set=0.129 slv=39.928 max=1.4130 n=148) cex=R/T/F=0/0/2 trsplit=0 pending=0 sim= 0.065(rmp=0.003 run=0.062 n=1 d=0) incr=loc/full/maxdirty/keys=1/0/0/763458 chk= 0.002(d=2) stat= 0.132 rest= 0.209
  [incr r=235 repr=2 next=4 tfo=1260 active=146/177065 POs=146]
236 : c =       0  cl =   3054  lit =  174009  p =   144  d =     0  f =     2  -  T =     0.04 sec
  [prof 236] wall=  43.921 p=   146 | ifo=  0.712(sd=0.123 nx=0.100 tfo=0.030 cnt=0.459) snap= 0.202 srm=  2.469 sat= 40.078(set=0.127 slv=39.937 max=1.4051 n=146) cex=R/T/F=0/0/2 trsplit=0 pending=0 sim= 0.074(rmp=0.003 run=0.071 n=1 d=0) incr=loc/full/maxdirty/keys=1/0/0/763458 chk= 0.002(d=2) stat= 0.148 rest= 0.235
  [incr r=236 repr=2 next=4 tfo=1259 active=144/177063 POs=144]
237 : c =       0  cl =   3054  lit =  174007  p =   142  d =     0  f =     2  -  T =     0.04 sec
  [prof 237] wall=  41.637 p=   144 | ifo=  0.751(sd=0.134 nx=0.109 tfo=0.035 cnt=0.473) snap= 0.201 srm=  2.506 sat= 37.764(set=0.138 slv=37.614 max=1.4231 n=144) cex=R/T/F=0/0/2 trsplit=0 pending=0 sim= 0.066(rmp=0.003 run=0.064 n=1 d=0) incr=loc/full/maxdirty/keys=1/0/0/763458 chk= 0.002(d=2) stat= 0.134 rest= 0.213
  [incr r=237 repr=2 next=4 tfo=1258 active=142/177061 POs=142]
238 : c =       0  cl =   3054  lit =  174005  p =   140  d =     0  f =     2  -  T =     0.04 sec
  [prof 238] wall=  41.295 p=   142 | ifo=  0.730(sd=0.123 nx=0.102 tfo=0.024 cnt=0.481) snap= 0.201 srm=  2.486 sat= 37.462(set=0.126 slv=37.324 max=1.4391 n=142) cex=R/T/F=0/0/2 trsplit=0 pending=0 sim= 0.063(rmp=0.003 run=0.061 n=1 d=0) incr=loc/full/maxdirty/keys=1/0/0/763458 chk= 0.002(d=2) stat= 0.139 rest= 0.211
  [incr r=238 repr=2 next=4 tfo=1257 active=140/177059 POs=140]
239 : c =       0  cl =   3054  lit =  174003  p =   138  d =     0  f =     2  -  T =     0.04 sec
  [prof 239] wall=  40.420 p=   140 | ifo=  0.704(sd=0.122 nx=0.097 tfo=0.030 cnt=0.455) snap= 0.202 srm=  2.406 sat= 36.656(set=0.126 slv=36.518 max=1.3747 n=140) cex=R/T/F=0/0/2 trsplit=0 pending=0 sim= 0.073(rmp=0.003 run=0.070 n=1 d=0) incr=loc/full/maxdirty/keys=1/0/0/763458 chk= 0.003(d=2) stat= 0.140 rest= 0.237
  [incr r=239 repr=2 next=4 tfo=1256 active=138/177057 POs=138]
240 : c =       0  cl =   3054  lit =  174001  p =   136  d =     0  f =     2  -  T =     0.04 sec
  [prof 240] wall=  41.861 p=   138 | ifo=  0.789(sd=0.139 nx=0.113 tfo=0.041 cnt=0.497) snap= 0.200 srm=  2.489 sat= 37.889(set=0.135 slv=37.742 max=1.4859 n=138) cex=R/T/F=0/0/2 trsplit=0 pending=0 sim= 0.079(rmp=0.003 run=0.076 n=1 d=0) incr=loc/full/maxdirty/keys=1/0/0/763458 chk= 0.002(d=2) stat= 0.143 rest= 0.269
  [incr r=240 repr=2 next=4 tfo=1255 active=136/177055 POs=136]
241 : c =       0  cl =   3054  lit =  173999  p =   134  d =     0  f =     2  -  T =     0.05 sec
  [prof 241] wall=  45.267 p=   136 | ifo=  0.939(sd=0.140 nx=0.113 tfo=0.037 cnt=0.648) snap= 0.234 srm=  3.947 sat= 39.731(set=0.267 slv=39.450 max=1.5784 n=136) cex=R/T/F=0/0/2 trsplit=0 pending=0 sim= 0.066(rmp=0.003 run=0.063 n=1 d=0) incr=loc/full/maxdirty/keys=1/0/0/763458 chk= 0.002(d=2) stat= 0.132 rest= 0.217
  [incr r=241 repr=2 next=4 tfo=1254 active=134/177053 POs=134]
242 : c =       0  cl =   3054  lit =  173997  p =   132  d =     0  f =     2  -  T =     0.04 sec
  [prof 242] wall=  40.669 p=   134 | ifo=  0.708(sd=0.124 nx=0.099 tfo=0.031 cnt=0.454) snap= 0.280 srm=  3.519 sat= 35.624(set=0.130 slv=35.482 max=1.4016 n=134) cex=R/T/F=0/0/2 trsplit=0 pending=0 sim= 0.088(rmp=0.003 run=0.085 n=1 d=0) incr=loc/full/maxdirty/keys=1/0/0/763458 chk= 0.003(d=2) stat= 0.152 rest= 0.294
  [incr r=242 repr=2 next=4 tfo=1253 active=132/177051 POs=132]
243 : c =       0  cl =   3054  lit =  173995  p =   130  d =     0  f =     2  -  T =     0.04 sec
  [prof 243] wall=  39.523 p=   132 | ifo=  0.780(sd=0.138 nx=0.112 tfo=0.043 cnt=0.487) snap= 0.212 srm=  2.563 sat= 35.538(set=0.130 slv=35.396 max=1.3838 n=132) cex=R/T/F=0/0/2 trsplit=0 pending=0 sim= 0.074(rmp=0.003 run=0.071 n=1 d=0) incr=loc/full/maxdirty/keys=1/0/0/763458 chk= 0.002(d=2) stat= 0.134 rest= 0.220
  [incr r=243 repr=2 next=4 tfo=1252 active=130/177049 POs=130]
244 : c =       0  cl =   3054  lit =  173993  p =   128  d =     0  f =     2  -  T =     0.04 sec
  [prof 244] wall=  38.399 p=   130 | ifo=  0.768(sd=0.123 nx=0.113 tfo=0.019 cnt=0.513) snap= 0.202 srm=  2.494 sat= 34.533(set=0.128 slv=34.393 max=1.4617 n=130) cex=R/T/F=0/0/2 trsplit=0 pending=0 sim= 0.062(rmp=0.002 run=0.059 n=1 d=0) incr=loc/full/maxdirty/keys=1/0/0/763458 chk= 0.002(d=2) stat= 0.130 rest= 0.208
  [incr r=244 repr=2 next=4 tfo=1251 active=128/177047 POs=128]
245 : c =       0  cl =   3054  lit =  173991  p =   126  d =     0  f =     2  -  T =     0.04 sec
  [prof 245] wall=  37.985 p=   128 | ifo=  0.694(sd=0.123 nx=0.098 tfo=0.017 cnt=0.457) snap= 0.205 srm=  2.439 sat= 34.201(set=0.128 slv=34.063 max=1.3669 n=128) cex=R/T/F=0/0/2 trsplit=0 pending=0 sim= 0.064(rmp=0.003 run=0.061 n=1 d=0) incr=loc/full/maxdirty/keys=1/0/0/763458 chk= 0.002(d=2) stat= 0.143 rest= 0.237
  [incr r=245 repr=2 next=4 tfo=1250 active=126/177045 POs=126]
246 : c =       0  cl =   3054  lit =  173989  p =   124  d =     0  f =     2  -  T =     0.04 sec
  [prof 246] wall=  42.747 p=   126 | ifo=  0.802(sd=0.133 nx=0.106 tfo=0.045 cnt=0.517) snap= 0.245 srm=  3.342 sat= 37.880(set=0.170 slv=37.697 max=1.3232 n=126) cex=R/T/F=0/0/2 trsplit=0 pending=0 sim= 0.090(rmp=0.003 run=0.086 n=1 d=0) incr=loc/full/maxdirty/keys=1/0/0/763458 chk= 0.002(d=2) stat= 0.155 rest= 0.232
  [incr r=246 repr=2 next=4 tfo=1249 active=124/177043 POs=124]
247 : c =       0  cl =   3054  lit =  173987  p =   122  d =     0  f =     2  -  T =     0.04 sec
  [prof 247] wall=  39.690 p=   124 | ifo=  0.804(sd=0.137 nx=0.110 tfo=0.040 cnt=0.517) snap= 0.209 srm=  2.576 sat= 35.664(set=0.192 slv=35.460 max=1.5019 n=124) cex=R/T/F=0/0/2 trsplit=0 pending=0 sim= 0.071(rmp=0.003 run=0.068 n=1 d=0) incr=loc/full/maxdirty/keys=1/0/0/763458 chk= 0.002(d=2) stat= 0.136 rest= 0.228
  [incr r=247 repr=2 next=4 tfo=1248 active=122/177041 POs=122]
248 : c =       0  cl =   3054  lit =  173985  p =   120  d =     0  f =     2  -  T =     0.04 sec
  [prof 248] wall=  36.447 p=   122 | ifo=  0.768(sd=0.133 nx=0.106 tfo=0.036 cnt=0.494) snap= 0.208 srm=  2.544 sat= 32.520(set=0.128 slv=32.383 max=1.4534 n=122) cex=R/T/F=0/0/2 trsplit=0 pending=0 sim= 0.064(rmp=0.003 run=0.061 n=1 d=0) incr=loc/full/maxdirty/keys=1/0/0/763458 chk= 0.002(d=2) stat= 0.131 rest= 0.210
  [incr r=248 repr=2 next=4 tfo=1247 active=120/177039 POs=120]
249 : c =       0  cl =   3054  lit =  173983  p =   118  d =     0  f =     2  -  T =     0.04 sec
  [prof 249] wall=  44.873 p=   120 | ifo=  0.705(sd=0.131 nx=0.099 tfo=0.025 cnt=0.451) snap= 0.202 srm=  2.422 sat= 41.066(set=0.135 slv=40.917 max=3.8308 n=120) cex=R/T/F=0/0/2 trsplit=0 pending=0 sim= 0.069(rmp=0.003 run=0.066 n=1 d=0) incr=loc/full/maxdirty/keys=1/0/0/763458 chk= 0.002(d=2) stat= 0.142 rest= 0.266
  [incr r=249 repr=2 next=4 tfo=1246 active=118/177037 POs=118]
250 : c =       0  cl =   3054  lit =  173981  p =   116  d =     0  f =     2  -  T =     0.04 sec
  [prof 250] wall=  35.455 p=   118 | ifo=  0.763(sd=0.138 nx=0.109 tfo=0.032 cnt=0.484) snap= 0.201 srm=  2.493 sat= 31.585(set=0.126 slv=31.449 max=1.3751 n=118) cex=R/T/F=0/0/2 trsplit=0 pending=0 sim= 0.064(rmp=0.003 run=0.061 n=1 d=0) incr=loc/full/maxdirty/keys=1/0/0/763458 chk= 0.002(d=2) stat= 0.130 rest= 0.218
  [incr r=250 repr=2 next=4 tfo=1245 active=116/177035 POs=116]
251 : c =       0  cl =   3054  lit =  173979  p =   114  d =     0  f =     2  -  T =     0.04 sec
  [prof 251] wall=  42.903 p=   116 | ifo=  0.714(sd=0.127 nx=0.101 tfo=0.020 cnt=0.466) snap= 0.204 srm=  2.488 sat= 38.957(set=0.220 slv=38.723 max=1.4743 n=116) cex=R/T/F=0/0/2 trsplit=0 pending=0 sim= 0.088(rmp=0.003 run=0.084 n=1 d=0) incr=loc/full/maxdirty/keys=1/0/0/763458 chk= 0.002(d=2) stat= 0.171 rest= 0.279
  [incr r=251 repr=2 next=4 tfo=1244 active=114/177033 POs=114]
252 : c =       0  cl =   3054  lit =  173977  p =   112  d =     0  f =     2  -  T =     0.04 sec
  [prof 252] wall=  36.216 p=   114 | ifo=  0.903(sd=0.161 nx=0.135 tfo=0.022 cnt=0.585) snap= 0.218 srm=  2.828 sat= 31.828(set=0.143 slv=31.673 max=1.4613 n=114) cex=R/T/F=0/0/2 trsplit=0 pending=0 sim= 0.069(rmp=0.003 run=0.066 n=1 d=0) incr=loc/full/maxdirty/keys=1/0/0/763458 chk= 0.003(d=2) stat= 0.139 rest= 0.228
  [incr r=252 repr=2 next=4 tfo=1243 active=112/177031 POs=112]
253 : c =       0  cl =   3054  lit =  173975  p =   110  d =     0  f =     2  -  T =     0.03 sec
  [prof 253] wall=  33.747 p=   112 | ifo=  0.769(sd=0.138 nx=0.110 tfo=0.036 cnt=0.486) snap= 0.200 srm=  2.485 sat= 29.850(set=0.126 slv=29.714 max=1.3170 n=112) cex=R/T/F=0/0/2 trsplit=0 pending=0 sim= 0.074(rmp=0.003 run=0.071 n=1 d=0) incr=loc/full/maxdirty/keys=1/0/0/763458 chk= 0.002(d=2) stat= 0.131 rest= 0.236
  [incr r=253 repr=2 next=4 tfo=1242 active=110/177029 POs=110]
254 : c =       0  cl =   3054  lit =  173973  p =   108  d =     0  f =     2  -  T =     0.04 sec
  [prof 254] wall=  39.685 p=   110 | ifo=  0.725(sd=0.122 nx=0.100 tfo=0.042 cnt=0.460) snap= 0.247 srm=  3.165 sat= 35.110(set=0.140 slv=34.959 max=3.0296 n=110) cex=R/T/F=0/0/2 trsplit=0 pending=0 sim= 0.081(rmp=0.003 run=0.078 n=1 d=0) incr=loc/full/maxdirty/keys=1/0/0/763458 chk= 0.002(d=2) stat= 0.134 rest= 0.222
  [incr r=254 repr=2 next=4 tfo=1241 active=108/177027 POs=108]
255 : c =       0  cl =   3054  lit =  173971  p =   106  d =     0  f =     2  -  T =     0.03 sec
  [prof 255] wall=  33.053 p=   108 | ifo=  0.740(sd=0.127 nx=0.103 tfo=0.035 cnt=0.476) snap= 0.200 srm=  2.528 sat= 29.143(set=0.127 slv=29.006 max=1.4391 n=108) cex=R/T/F=0/0/2 trsplit=0 pending=0 sim= 0.070(rmp=0.003 run=0.067 n=1 d=0) incr=loc/full/maxdirty/keys=1/0/0/763458 chk= 0.002(d=2) stat= 0.135 rest= 0.234
  [incr r=255 repr=2 next=4 tfo=1240 active=106/177025 POs=106]
256 : c =       0  cl =   3054  lit =  173969  p =   104  d =     0  f =     2  -  T =     0.03 sec
  [prof 256] wall=  32.349 p=   106 | ifo=  0.733(sd=0.125 nx=0.105 tfo=0.031 cnt=0.472) snap= 0.226 srm=  2.508 sat= 28.481(set=0.134 slv=28.339 max=1.3848 n=106) cex=R/T/F=0/0/2 trsplit=0 pending=0 sim= 0.063(rmp=0.002 run=0.060 n=1 d=0) incr=loc/full/maxdirty/keys=1/0/0/763458 chk= 0.002(d=2) stat= 0.128 rest= 0.207
  [incr r=256 repr=2 next=4 tfo=1239 active=104/177023 POs=104]
257 : c =       0  cl =   3054  lit =  173967  p =   102  d =     0  f =     2  -  T =     0.03 sec
  [prof 257] wall=  31.835 p=   104 | ifo=  0.686(sd=0.122 nx=0.097 tfo=0.018 cnt=0.449) snap= 0.210 srm=  2.438 sat= 28.095(set=0.131 slv=27.955 max=1.4555 n=104) cex=R/T/F=0/0/2 trsplit=0 pending=0 sim= 0.063(rmp=0.002 run=0.060 n=1 d=0) incr=loc/full/maxdirty/keys=1/0/0/763458 chk= 0.002(d=2) stat= 0.130 rest= 0.212
  [incr r=257 repr=2 next=4 tfo=1238 active=102/177021 POs=102]
258 : c =       0  cl =   3054  lit =  173965  p =   100  d =     0  f =     2  -  T =     0.03 sec
  [prof 258] wall=  31.458 p=   102 | ifo=  0.700(sd=0.123 nx=0.096 tfo=0.031 cnt=0.450) snap= 0.202 srm=  2.397 sat= 27.715(set=0.123 slv=27.584 max=1.3963 n=102) cex=R/T/F=0/0/2 trsplit=0 pending=0 sim= 0.074(rmp=0.003 run=0.071 n=1 d=0) incr=loc/full/maxdirty/keys=1/0/0/763458 chk= 0.001(d=2) stat= 0.130 rest= 0.238
  [incr r=258 repr=2 next=4 tfo=1237 active=100/177019 POs=100]
259 : c =       0  cl =   3054  lit =  173963  p =    98  d =     0  f =     2  -  T =     0.03 sec
  [prof 259] wall=  34.614 p=   100 | ifo=  0.700(sd=0.122 nx=0.098 tfo=0.026 cnt=0.454) snap= 0.206 srm=  2.381 sat= 30.761(set=0.122 slv=30.627 max=2.3003 n=100) cex=R/T/F=0/0/2 trsplit=0 pending=0 sim= 0.125(rmp=0.003 run=0.122 n=1 d=0) incr=loc/full/maxdirty/keys=1/0/0/763458 chk= 0.002(d=2) stat= 0.172 rest= 0.267
  [incr r=259 repr=2 next=4 tfo=1236 active=98/177017 POs=98]
260 : c =       0  cl =   3054  lit =  173961  p =    96  d =     0  f =     2  -  T =     0.03 sec
  [prof 260] wall=  32.267 p=    98 | ifo=  1.063(sd=0.147 nx=0.129 tfo=0.048 cnt=0.738) snap= 0.202 srm=  2.695 sat= 27.576(set=0.128 slv=27.438 max=1.4458 n=98) cex=R/T/F=0/0/2 trsplit=0 pending=0 sim= 0.133(rmp=0.003 run=0.130 n=1 d=0) incr=loc/full/maxdirty/keys=1/0/0/763458 chk= 0.003(d=2) stat= 0.255 rest= 0.340
  [incr r=260 repr=2 next=4 tfo=1235 active=96/177015 POs=96]
261 : c =       0  cl =   3054  lit =  173959  p =    94  d =     0  f =     2  -  T =     0.03 sec
  [prof 261] wall=  31.665 p=    96 | ifo=  0.996(sd=0.209 nx=0.178 tfo=0.037 cnt=0.572) snap= 0.287 srm=  2.785 sat= 27.149(set=0.157 slv=26.982 max=1.4253 n=96) cex=R/T/F=0/0/2 trsplit=0 pending=0 sim= 0.069(rmp=0.003 run=0.065 n=1 d=0) incr=loc/full/maxdirty/keys=1/0/0/763458 chk= 0.002(d=2) stat= 0.140 rest= 0.237
  [incr r=261 repr=2 next=4 tfo=1234 active=94/177013 POs=94]
262 : c =       0  cl =   3054  lit =  173957  p =    92  d =     0  f =     2  -  T =     0.03 sec
  [prof 262] wall=  30.010 p=    94 | ifo=  0.773(sd=0.131 nx=0.109 tfo=0.032 cnt=0.501) snap= 0.202 srm=  2.546 sat= 25.983(set=0.153 slv=25.821 max=1.3817 n=94) cex=R/T/F=0/0/2 trsplit=0 pending=0 sim= 0.064(rmp=0.003 run=0.061 n=1 d=0) incr=loc/full/maxdirty/keys=1/0/0/763458 chk= 0.002(d=2) stat= 0.198 rest= 0.242
  [incr r=262 repr=2 next=4 tfo=1233 active=92/177011 POs=92]
263 : c =       0  cl =   3054  lit =  173955  p =    90  d =     0  f =     2  -  T =     0.03 sec
  [prof 263] wall=  29.088 p=    92 | ifo=  0.753(sd=0.125 nx=0.101 tfo=0.042 cnt=0.485) snap= 0.201 srm=  2.443 sat= 25.272(set=0.126 slv=25.139 max=1.3316 n=92) cex=R/T/F=0/0/2 trsplit=0 pending=0 sim= 0.072(rmp=0.003 run=0.069 n=1 d=0) incr=loc/full/maxdirty/keys=1/0/0/763458 chk= 0.002(d=2) stat= 0.131 rest= 0.214
  [incr r=263 repr=2 next=4 tfo=1232 active=90/177009 POs=90]
264 : c =       0  cl =   3054  lit =  173953  p =    88  d =     0  f =     2  -  T =     0.03 sec
  [prof 264] wall=  29.399 p=    90 | ifo=  0.694(sd=0.122 nx=0.099 tfo=0.020 cnt=0.452) snap= 0.206 srm=  2.376 sat= 25.678(set=0.124 slv=25.545 max=1.4538 n=90) cex=R/T/F=0/0/2 trsplit=0 pending=0 sim= 0.073(rmp=0.003 run=0.070 n=1 d=0) incr=loc/full/maxdirty/keys=1/0/0/763458 chk= 0.002(d=2) stat= 0.138 rest= 0.232
  [incr r=264 repr=2 next=4 tfo=1231 active=88/177007 POs=88]
265 : c =       0  cl =   3054  lit =  173951  p =    86  d =     0  f =     2  -  T =     0.03 sec
  [prof 265] wall=  29.587 p=    88 | ifo=  0.759(sd=0.133 nx=0.109 tfo=0.034 cnt=0.483) snap= 0.201 srm=  2.473 sat= 25.616(set=0.126 slv=25.481 max=2.0414 n=88) cex=R/T/F=0/0/2 trsplit=0 pending=0 sim= 0.118(rmp=0.003 run=0.115 n=1 d=0) incr=loc/full/maxdirty/keys=1/0/0/763458 chk= 0.002(d=2) stat= 0.155 rest= 0.262
  [incr r=265 repr=2 next=4 tfo=1230 active=86/177005 POs=86]
266 : c =       0  cl =   3054  lit =  173949  p =    84  d =     0  f =     2  -  T =     0.03 sec
  [prof 266] wall=  28.312 p=    86 | ifo=  0.778(sd=0.137 nx=0.110 tfo=0.036 cnt=0.495) snap= 0.325 srm=  2.821 sat= 23.971(set=0.133 slv=23.831 max=1.5075 n=86) cex=R/T/F=0/0/2 trsplit=0 pending=0 sim= 0.063(rmp=0.002 run=0.060 n=1 d=0) incr=loc/full/maxdirty/keys=1/0/0/763458 chk= 0.002(d=2) stat= 0.142 rest= 0.211
  [incr r=266 repr=2 next=4 tfo=1229 active=84/177003 POs=84]
267 : c =       0  cl =   3054  lit =  173947  p =    82  d =     0  f =     2  -  T =     0.03 sec
  [prof 267] wall=  26.875 p=    84 | ifo=  0.689(sd=0.122 nx=0.097 tfo=0.017 cnt=0.453) snap= 0.202 srm=  2.402 sat= 23.179(set=0.126 slv=23.046 max=1.3838 n=84) cex=R/T/F=0/0/2 trsplit=0 pending=0 sim= 0.062(rmp=0.002 run=0.060 n=1 d=0) incr=loc/full/maxdirty/keys=1/0/0/763458 chk= 0.002(d=2) stat= 0.129 rest= 0.211
  [incr r=267 repr=2 next=4 tfo=1228 active=82/177001 POs=82]
268 : c =       0  cl =   3054  lit =  173945  p =    80  d =     0  f =     2  -  T =     0.03 sec
  [prof 268] wall=  32.813 p=    82 | ifo=  0.697(sd=0.122 nx=0.097 tfo=0.016 cnt=0.462) snap= 0.200 srm=  2.425 sat= 28.842(set=0.125 slv=28.706 max=1.3557 n=82) cex=R/T/F=0/0/2 trsplit=0 pending=0 sim= 0.143(rmp=0.004 run=0.139 n=1 d=0) incr=loc/full/maxdirty/keys=1/0/0/763458 chk= 0.002(d=2) stat= 0.201 rest= 0.302
  [incr r=268 repr=2 next=4 tfo=1227 active=80/176999 POs=80]
269 : c =       0  cl =   3054  lit =  173943  p =    78  d =     0  f =     2  -  T =     0.03 sec
  [prof 269] wall=  26.723 p=    80 | ifo=  0.935(sd=0.157 nx=0.153 tfo=0.052 cnt=0.574) snap= 0.224 srm=  2.798 sat= 22.336(set=0.129 slv=22.200 max=1.4964 n=80) cex=R/T/F=0/0/2 trsplit=0 pending=0 sim= 0.063(rmp=0.002 run=0.060 n=1 d=0) incr=loc/full/maxdirty/keys=1/0/0/763458 chk= 0.002(d=2) stat= 0.129 rest= 0.236
  [incr r=269 repr=2 next=4 tfo=1226 active=78/176997 POs=78]
270 : c =       0  cl =   3054  lit =  173941  p =    76  d =     0  f =     2  -  T =     0.03 sec
  [prof 270] wall=  27.190 p=    78 | ifo=  0.701(sd=0.122 nx=0.104 tfo=0.019 cnt=0.456) snap= 0.201 srm=  2.458 sat= 23.199(set=0.128 slv=23.062 max=2.0203 n=78) cex=R/T/F=0/0/2 trsplit=0 pending=0 sim= 0.140(rmp=0.003 run=0.136 n=1 d=0) incr=loc/full/maxdirty/keys=1/0/0/763458 chk= 0.003(d=2) stat= 0.182 rest= 0.305
  [incr r=270 repr=2 next=4 tfo=1225 active=76/176995 POs=76]
271 : c =       0  cl =   3054  lit =  173939  p =    74  d =     0  f =     2  -  T =     0.03 sec
  [prof 271] wall=  31.069 p=    76 | ifo=  0.917(sd=0.156 nx=0.150 tfo=0.060 cnt=0.551) snap= 0.244 srm=  2.787 sat= 26.051(set=0.153 slv=25.888 max=2.5413 n=76) cex=R/T/F=0/0/2 trsplit=0 pending=0 sim= 0.152(rmp=0.006 run=0.146 n=1 d=0) incr=loc/full/maxdirty/keys=1/0/0/763458 chk= 0.004(d=2) stat= 0.331 rest= 0.583
  [incr r=271 repr=2 next=4 tfo=1224 active=74/176993 POs=74]
272 : c =       0  cl =   3054  lit =  173937  p =    72  d =     0  f =     2  -  T =     0.03 sec
  [prof 272] wall=  29.342 p=    74 | ifo=  1.584(sd=0.285 nx=0.226 tfo=0.030 cnt=1.043) snap= 0.249 srm=  4.148 sat= 22.894(set=0.158 slv=22.729 max=1.6910 n=74) cex=R/T/F=0/0/2 trsplit=0 pending=0 sim= 0.086(rmp=0.003 run=0.083 n=1 d=0) incr=loc/full/maxdirty/keys=1/0/0/763458 chk= 0.002(d=2) stat= 0.139 rest= 0.239
  [incr r=272 repr=2 next=4 tfo=1223 active=72/176991 POs=72]
273 : c =       0  cl =   3054  lit =  173935  p =    70  d =     0  f =     2  -  T =     0.02 sec
  [prof 273] wall=  24.477 p=    72 | ifo=  0.769(sd=0.133 nx=0.108 tfo=0.032 cnt=0.495) snap= 0.200 srm=  2.553 sat= 20.552(set=0.126 slv=20.420 max=1.4705 n=72) cex=R/T/F=0/0/2 trsplit=0 pending=0 sim= 0.064(rmp=0.002 run=0.062 n=1 d=0) incr=loc/full/maxdirty/keys=1/0/0/763458 chk= 0.002(d=2) stat= 0.128 rest= 0.208
  [incr r=273 repr=2 next=4 tfo=1222 active=70/176989 POs=70]
274 : c =       0  cl =   3054  lit =  173933  p =    68  d =     0  f =     2  -  T =     0.02 sec
  [prof 274] wall=  23.821 p=    70 | ifo=  0.717(sd=0.122 nx=0.103 tfo=0.031 cnt=0.461) snap= 0.202 srm=  2.508 sat= 19.974(set=0.123 slv=19.845 max=1.4598 n=70) cex=R/T/F=0/0/2 trsplit=0 pending=0 sim= 0.063(rmp=0.002 run=0.060 n=1 d=0) incr=loc/full/maxdirty/keys=1/0/0/763458 chk= 0.001(d=2) stat= 0.129 rest= 0.227
  [incr r=274 repr=2 next=4 tfo=1221 active=68/176987 POs=68]
275 : c =       0  cl =   3054  lit =  173931  p =    66  d =     0  f =     2  -  T =     0.02 sec
  [prof 275] wall=  23.189 p=    68 | ifo=  0.701(sd=0.122 nx=0.097 tfo=0.030 cnt=0.451) snap= 0.202 srm=  2.404 sat= 19.480(set=0.133 slv=19.342 max=1.4944 n=68) cex=R/T/F=0/0/2 trsplit=0 pending=0 sim= 0.062(rmp=0.002 run=0.060 n=1 d=0) incr=loc/full/maxdirty/keys=1/0/0/763458 chk= 0.001(d=2) stat= 0.130 rest= 0.208
  [incr r=275 repr=2 next=4 tfo=1220 active=66/176985 POs=66]
276 : c =       0  cl =   3054  lit =  173929  p =    64  d =     0  f =     2  -  T =     0.03 sec
  [prof 276] wall=  25.769 p=    66 | ifo=  0.720(sd=0.121 nx=0.099 tfo=0.022 cnt=0.478) snap= 0.201 srm=  2.401 sat= 20.600(set=0.125 slv=20.465 max=1.4834 n=66) cex=R/T/F=0/0/2 trsplit=0 pending=0 sim= 0.402(rmp=0.010 run=0.392 n=1 d=0) incr=loc/full/maxdirty/keys=1/0/0/763458 chk= 0.006(d=2) stat= 0.540 rest= 0.898
  [incr r=276 repr=2 next=4 tfo=1219 active=64/176983 POs=64]
277 : c =       0  cl =   3054  lit =  173927  p =    62  d =     0  f =     2  -  T =     0.02 sec
  [prof 277] wall=  23.702 p=    64 | ifo=  1.847(sd=0.474 nx=0.375 tfo=0.088 cnt=0.910) snap= 0.200 srm=  2.406 sat= 18.845(set=0.124 slv=18.715 max=1.7790 n=64) cex=R/T/F=0/0/2 trsplit=0 pending=0 sim= 0.062(rmp=0.002 run=0.059 n=1 d=0) incr=loc/full/maxdirty/keys=1/0/0/763458 chk= 0.001(d=2) stat= 0.129 rest= 0.211
  [incr r=277 repr=2 next=4 tfo=1218 active=62/176981 POs=62]
278 : c =       0  cl =   3054  lit =  173925  p =    60  d =     0  f =     2  -  T =     0.02 sec
  [prof 278] wall=  21.745 p=    62 | ifo=  0.693(sd=0.122 nx=0.097 tfo=0.024 cnt=0.451) snap= 0.200 srm=  2.401 sat= 18.043(set=0.126 slv=17.912 max=1.4866 n=62) cex=R/T/F=0/0/2 trsplit=0 pending=0 sim= 0.062(rmp=0.002 run=0.060 n=1 d=0) incr=loc/full/maxdirty/keys=1/0/0/763458 chk= 0.001(d=2) stat= 0.137 rest= 0.207
  [incr r=278 repr=2 next=4 tfo=1217 active=60/176979 POs=60]
279 : c =       0  cl =   3054  lit =  173923  p =    58  d =     0  f =     2  -  T =     0.02 sec
  [prof 279] wall=  21.338 p=    60 | ifo=  0.689(sd=0.121 nx=0.096 tfo=0.016 cnt=0.455) snap= 0.201 srm=  2.415 sat= 17.632(set=0.126 slv=17.500 max=1.4519 n=60) cex=R/T/F=0/0/2 trsplit=0 pending=0 sim= 0.062(rmp=0.002 run=0.060 n=1 d=0) incr=loc/full/maxdirty/keys=1/0/0/763458 chk= 0.001(d=2) stat= 0.130 rest= 0.208
  [incr r=279 repr=2 next=4 tfo=1216 active=58/176977 POs=58]
280 : c =       0  cl =   3054  lit =  173921  p =    56  d =     0  f =     2  -  T =     0.02 sec
  [prof 280] wall=  21.159 p=    58 | ifo=  0.684(sd=0.121 nx=0.097 tfo=0.015 cnt=0.450) snap= 0.212 srm=  2.452 sat= 17.399(set=0.125 slv=17.267 max=1.4851 n=58) cex=R/T/F=0/0/2 trsplit=0 pending=0 sim= 0.067(rmp=0.003 run=0.064 n=1 d=0) incr=loc/full/maxdirty/keys=1/0/0/763458 chk= 0.002(d=2) stat= 0.130 rest= 0.214
  [incr r=280 repr=2 next=4 tfo=1215 active=56/176975 POs=56]
281 : c =       0  cl =   3054  lit =  173919  p =    54  d =     0  f =     2  -  T =     0.02 sec
  [prof 281] wall=  20.746 p=    56 | ifo=  0.745(sd=0.132 nx=0.118 tfo=0.031 cnt=0.464) snap= 0.202 srm=  2.572 sat= 16.817(set=0.126 slv=16.685 max=1.3342 n=56) cex=R/T/F=0/0/2 trsplit=0 pending=0 sim= 0.063(rmp=0.002 run=0.061 n=1 d=0) incr=loc/full/maxdirty/keys=1/0/0/763458 chk= 0.002(d=2) stat= 0.132 rest= 0.213
  [incr r=281 repr=2 next=4 tfo=1214 active=54/176973 POs=54]
282 : c =       0  cl =   3054  lit =  173917  p =    52  d =     0  f =     2  -  T =     0.02 sec
  [prof 282] wall=  20.299 p=    54 | ifo=  0.711(sd=0.122 nx=0.099 tfo=0.039 cnt=0.451) snap= 0.202 srm=  2.445 sat= 16.533(set=0.126 slv=16.401 max=1.5054 n=54) cex=R/T/F=0/0/2 trsplit=0 pending=0 sim= 0.063(rmp=0.002 run=0.060 n=1 d=0) incr=loc/full/maxdirty/keys=1/0/0/763458 chk= 0.002(d=2) stat= 0.132 rest= 0.212
  [incr r=282 repr=2 next=4 tfo=1213 active=52/176971 POs=52]
283 : c =       0  cl =   3054  lit =  173915  p =    50  d =     0  f =     2  -  T =     0.02 sec
  [prof 283] wall=  19.377 p=    52 | ifo=  0.710(sd=0.131 nx=0.099 tfo=0.029 cnt=0.452) snap= 0.218 srm=  2.437 sat= 15.607(set=0.125 slv=15.478 max=1.3486 n=52) cex=R/T/F=0/0/2 trsplit=0 pending=0 sim= 0.062(rmp=0.002 run=0.059 n=1 d=0) incr=loc/full/maxdirty/keys=1/0/0/763458 chk= 0.001(d=2) stat= 0.129 rest= 0.213
  [incr r=283 repr=2 next=4 tfo=1212 active=50/176969 POs=50]
284 : c =       0  cl =   3054  lit =  173913  p =    48  d =     0  f =     2  -  T =     0.02 sec
  [prof 284] wall=  17.729 p=    50 | ifo=  0.700(sd=0.132 nx=0.098 tfo=0.021 cnt=0.450) snap= 0.200 srm=  2.383 sat= 14.039(set=0.122 slv=13.912 max=1.1148 n=50) cex=R/T/F=0/0/2 trsplit=0 pending=0 sim= 0.068(rmp=0.002 run=0.066 n=1 d=0) incr=loc/full/maxdirty/keys=1/0/0/763458 chk= 0.001(d=2) stat= 0.128 rest= 0.211
  [incr r=284 repr=2 next=3 tfo=1211 active=48/176967 POs=48]
285 : c =       0  cl =   3054  lit =  173912  p =    47  d =     0  f =     1  -  T =     0.02 sec
  [prof 285] wall=  16.447 p=    48 | ifo=  0.687(sd=0.125 nx=0.098 tfo=0.014 cnt=0.451) snap= 0.201 srm=  2.168 sat= 12.944(set=0.096 slv=12.842 max=1.1313 n=48) cex=R/T/F=0/0/1 trsplit=0 pending=0 sim= 0.068(rmp=0.003 run=0.065 n=1 d=0) incr=loc/full/maxdirty/keys=1/0/0/763458 chk= 0.001(d=1) stat= 0.136 rest= 0.242
  [incr r=285 repr=1 next=2 tfo=1210 active=47/176966 POs=47]
286 : c =       0  cl =   3054  lit =  173911  p =    46  d =     0  f =     1  -  T =     0.02 sec
  [prof 286] wall=  16.474 p=    47 | ifo=  0.821(sd=0.137 nx=0.108 tfo=0.036 cnt=0.540) snap= 0.218 srm=  2.230 sat= 12.788(set=0.099 slv=12.685 max=1.1261 n=47) cex=R/T/F=0/0/1 trsplit=0 pending=0 sim= 0.065(rmp=0.002 run=0.062 n=1 d=0) incr=loc/full/maxdirty/keys=1/0/0/763458 chk= 0.001(d=1) stat= 0.142 rest= 0.209
  [incr r=286 repr=1 next=2 tfo=1209 active=46/176965 POs=46]
287 : c =       0  cl =   3054  lit =  173910  p =    45  d =     0  f =     1  -  T =     0.02 sec
  [prof 287] wall=  16.027 p=    46 | ifo=  0.694(sd=0.122 nx=0.098 tfo=0.023 cnt=0.451) snap= 0.201 srm=  2.207 sat= 12.526(set=0.096 slv=12.426 max=1.1889 n=46) cex=R/T/F=0/0/1 trsplit=0 pending=0 sim= 0.062(rmp=0.002 run=0.059 n=1 d=0) incr=loc/full/maxdirty/keys=1/0/0/763458 chk= 0.001(d=1) stat= 0.129 rest= 0.208
  [incr r=287 repr=1 next=2 tfo=1208 active=45/176964 POs=45]
288 : c =       0  cl =   3054  lit =  173909  p =    44  d =     0  f =     1  -  T =     0.02 sec
  [prof 288] wall=  17.615 p=    45 | ifo=  0.697(sd=0.121 nx=0.098 tfo=0.021 cnt=0.456) snap= 0.201 srm=  2.158 sat= 14.147(set=0.095 slv=14.047 max=1.1196 n=45) cex=R/T/F=0/0/1 trsplit=0 pending=0 sim= 0.062(rmp=0.002 run=0.059 n=1 d=0) incr=loc/full/maxdirty/keys=1/0/0/763458 chk= 0.001(d=1) stat= 0.131 rest= 0.219
  [incr r=288 repr=1 next=2 tfo=1207 active=44/176963 POs=44]
289 : c =       0  cl =   3054  lit =  173908  p =    43  d =     0  f =     1  -  T =     0.02 sec
  [prof 289] wall=  17.189 p=    44 | ifo=  0.719(sd=0.122 nx=0.099 tfo=0.020 cnt=0.478) snap= 0.207 srm=  2.209 sat= 13.652(set=0.096 slv=13.551 max=1.1055 n=44) cex=R/T/F=0/0/1 trsplit=0 pending=0 sim= 0.060(rmp=0.002 run=0.058 n=1 d=0) incr=loc/full/maxdirty/keys=1/0/0/763458 chk= 0.001(d=1) stat= 0.130 rest= 0.211
  [incr r=289 repr=1 next=2 tfo=1206 active=43/176962 POs=43]
290 : c =       0  cl =   3054  lit =  173907  p =    42  d =     0  f =     1  -  T =     0.02 sec
  [prof 290] wall=  15.153 p=    43 | ifo=  0.711(sd=0.122 nx=0.099 tfo=0.035 cnt=0.455) snap= 0.201 srm=  2.165 sat= 11.679(set=0.095 slv=11.581 max=1.0771 n=43) cex=R/T/F=0/0/1 trsplit=0 pending=0 sim= 0.062(rmp=0.002 run=0.059 n=1 d=0) incr=loc/full/maxdirty/keys=1/0/0/763458 chk= 0.001(d=1) stat= 0.127 rest= 0.207
  [incr r=290 repr=1 next=2 tfo=1205 active=42/176961 POs=42]
291 : c =       0  cl =   3054  lit =  173906  p =    41  d =     0  f =     1  -  T =     0.01 sec
  [prof 291] wall=  14.957 p=    42 | ifo=  0.705(sd=0.122 nx=0.096 tfo=0.031 cnt=0.457) snap= 0.201 srm=  2.159 sat= 11.488(set=0.094 slv=11.390 max=1.1438 n=42) cex=R/T/F=0/0/1 trsplit=0 pending=0 sim= 0.061(rmp=0.002 run=0.059 n=1 d=0) incr=loc/full/maxdirty/keys=1/0/0/763458 chk= 0.001(d=1) stat= 0.128 rest= 0.212
  [incr r=291 repr=1 next=2 tfo=1204 active=41/176960 POs=41]
292 : c =       0  cl =   3054  lit =  173905  p =    40  d =     0  f =     1  -  T =     0.01 sec
  [prof 292] wall=  15.086 p=    41 | ifo=  0.701(sd=0.124 nx=0.097 tfo=0.027 cnt=0.452) snap= 0.200 srm=  2.172 sat= 11.414(set=0.094 slv=11.316 max=1.1077 n=41) cex=R/T/F=0/0/1 trsplit=0 pending=0 sim= 0.066(rmp=0.003 run=0.063 n=1 d=0) incr=loc/full/maxdirty/keys=1/0/0/763458 chk= 0.006(d=1) stat= 0.145 rest= 0.383
  [incr r=292 repr=1 next=2 tfo=1203 active=40/176959 POs=40]
293 : c =       0  cl =   3054  lit =  173904  p =    39  d =     0  f =     1  -  T =     0.02 sec
  [prof 293] wall=  19.144 p=    40 | ifo=  0.945(sd=0.127 nx=0.109 tfo=0.037 cnt=0.672) snap= 0.208 srm=  2.598 sat= 14.192(set=0.100 slv=14.085 max=1.1425 n=40) cex=R/T/F=0/0/1 trsplit=0 pending=0 sim= 0.324(rmp=0.006 run=0.317 n=1 d=0) incr=loc/full/maxdirty/keys=1/0/0/763458 chk= 0.002(d=1) stat= 0.320 rest= 0.556
  [incr r=293 repr=1 next=2 tfo=1202 active=39/176958 POs=39]
294 : c =       0  cl =   3054  lit =  173903  p =    38  d =     0  f =     1  -  T =     0.02 sec
  [prof 294] wall=  15.484 p=    39 | ifo=  1.522(sd=0.332 nx=0.241 tfo=0.055 cnt=0.894) snap= 0.234 srm=  2.352 sat= 10.962(set=0.098 slv=10.859 max=1.1343 n=39) cex=R/T/F=0/0/1 trsplit=0 pending=0 sim= 0.063(rmp=0.003 run=0.060 n=1 d=0) incr=loc/full/maxdirty/keys=1/0/0/763458 chk= 0.001(d=1) stat= 0.131 rest= 0.220
  [incr r=294 repr=1 next=2 tfo=1201 active=38/176957 POs=38]
295 : c =       0  cl =   3054  lit =  173902  p =    37  d =     0  f =     1  -  T =     0.01 sec
  [prof 295] wall=  14.179 p=    38 | ifo=  0.710(sd=0.123 nx=0.098 tfo=0.030 cnt=0.459) snap= 0.222 srm=  2.207 sat= 10.635(set=0.098 slv=10.533 max=1.1154 n=38) cex=R/T/F=0/0/1 trsplit=0 pending=0 sim= 0.062(rmp=0.002 run=0.059 n=1 d=0) incr=loc/full/maxdirty/keys=1/0/0/763458 chk= 0.001(d=1) stat= 0.135 rest= 0.208
  [incr r=295 repr=1 next=2 tfo=1200 active=37/176956 POs=37]
296 : c =       0  cl =   3054  lit =  173901  p =    36  d =     0  f =     1  -  T =     0.01 sec
  [prof 296] wall=  14.155 p=    37 | ifo=  0.691(sd=0.121 nx=0.097 tfo=0.023 cnt=0.450) snap= 0.202 srm=  2.229 sat= 10.576(set=0.096 slv=10.476 max=1.1346 n=37) cex=R/T/F=0/0/1 trsplit=0 pending=0 sim= 0.071(rmp=0.003 run=0.068 n=1 d=0) incr=loc/full/maxdirty/keys=1/0/0/763458 chk= 0.002(d=1) stat= 0.140 rest= 0.244
  [incr r=296 repr=1 next=2 tfo=1199 active=36/176955 POs=36]
297 : c =       0  cl =   3054  lit =  173900  p =    35  d =     0  f =     1  -  T =     0.01 sec
  [prof 297] wall=  13.894 p=    36 | ifo=  0.791(sd=0.130 nx=0.110 tfo=0.046 cnt=0.505) snap= 0.202 srm=  2.322 sat= 10.178(set=0.099 slv=10.075 max=1.1068 n=36) cex=R/T/F=0/0/1 trsplit=0 pending=0 sim= 0.064(rmp=0.002 run=0.062 n=1 d=0) incr=loc/full/maxdirty/keys=1/0/0/763458 chk= 0.001(d=1) stat= 0.128 rest= 0.207
  [incr r=297 repr=1 next=2 tfo=1198 active=35/176954 POs=35]
298 : c =       0  cl =   3054  lit =  173899  p =    34  d =     0  f =     1  -  T =     0.01 sec
  [prof 298] wall=  13.530 p=    35 | ifo=  0.744(sd=0.123 nx=0.109 tfo=0.021 cnt=0.491) snap= 0.200 srm=  2.301 sat=  9.886(set=0.097 slv=9.786 max=1.1562 n=35) cex=R/T/F=0/0/1 trsplit=0 pending=0 sim= 0.064(rmp=0.002 run=0.062 n=1 d=0) incr=loc/full/maxdirty/keys=1/0/0/763458 chk= 0.001(d=1) stat= 0.126 rest= 0.208
  [incr r=298 repr=1 next=2 tfo=1197 active=34/176953 POs=34]
299 : c =       0  cl =   3054  lit =  173898  p =    33  d =     0  f =     1  -  T =     0.01 sec
  [prof 299] wall=  14.158 p=    34 | ifo=  0.769(sd=0.130 nx=0.101 tfo=0.041 cnt=0.498) snap= 0.207 srm=  2.201 sat= 10.526(set=0.098 slv=10.424 max=1.1647 n=34) cex=R/T/F=0/0/1 trsplit=0 pending=0 sim= 0.067(rmp=0.003 run=0.063 n=1 d=0) incr=loc/full/maxdirty/keys=1/0/0/763458 chk= 0.001(d=1) stat= 0.148 rest= 0.239
  [incr r=299 repr=1 next=2 tfo=1196 active=33/176952 POs=33]
300 : c =       0  cl =   3054  lit =  173897  p =    32  d =     0  f =     1  -  T =     0.02 sec
  [prof 300] wall=  21.472 p=    33 | ifo=  1.756(sd=0.268 nx=0.347 tfo=0.146 cnt=0.994) snap= 0.483 srm=  7.034 sat= 11.730(set=0.105 slv=11.620 max=1.6425 n=33) cex=R/T/F=0/0/1 trsplit=0 pending=0 sim= 0.063(rmp=0.003 run=0.060 n=1 d=0) incr=loc/full/maxdirty/keys=1/0/0/763458 chk= 0.001(d=1) stat= 0.132 rest= 0.273
  [incr r=300 repr=1 next=2 tfo=1195 active=32/176951 POs=32]
301 : c =       0  cl =   3054  lit =  173896  p =    31  d =     0  f =     1  -  T =     0.01 sec
  [prof 301] wall=  12.771 p=    32 | ifo=  0.711(sd=0.123 nx=0.098 tfo=0.023 cnt=0.468) snap= 0.203 srm=  2.234 sat=  9.220(set=0.097 slv=9.119 max=1.1524 n=32) cex=R/T/F=0/0/1 trsplit=0 pending=0 sim= 0.062(rmp=0.002 run=0.060 n=1 d=0) incr=loc/full/maxdirty/keys=1/0/0/763458 chk= 0.001(d=1) stat= 0.132 rest= 0.207
  [incr r=301 repr=1 next=2 tfo=1194 active=31/176950 POs=31]
302 : c =       0  cl =   3054  lit =  173895  p =    30  d =     0  f =     1  -  T =     0.01 sec
  [prof 302] wall=  12.552 p=    31 | ifo=  0.720(sd=0.122 nx=0.097 tfo=0.052 cnt=0.449) snap= 0.206 srm=  2.212 sat=  8.956(set=0.105 slv=8.848 max=1.1389 n=31) cex=R/T/F=0/0/1 trsplit=0 pending=0 sim= 0.063(rmp=0.002 run=0.061 n=1 d=0) incr=loc/full/maxdirty/keys=1/0/0/763458 chk= 0.001(d=1) stat= 0.184 rest= 0.210
  [incr r=302 repr=1 next=2 tfo=1193 active=30/176949 POs=30]
303 : c =       0  cl =   3054  lit =  173894  p =    29  d =     0  f =     1  -  T =     0.01 sec
  [prof 303] wall=  12.096 p=    30 | ifo=  0.720(sd=0.131 nx=0.097 tfo=0.035 cnt=0.457) snap= 0.215 srm=  2.179 sat=  8.587(set=0.094 slv=8.489 max=1.0841 n=30) cex=R/T/F=0/0/1 trsplit=0 pending=0 sim= 0.062(rmp=0.002 run=0.060 n=1 d=0) incr=loc/full/maxdirty/keys=1/0/0/763458 chk= 0.001(d=1) stat= 0.127 rest= 0.206
  [incr r=303 repr=1 next=2 tfo=1192 active=29/176948 POs=29]
304 : c =       0  cl =   3054  lit =  173893  p =    28  d =     0  f =     1  -  T =     0.01 sec
  [prof 304] wall=  11.854 p=    29 | ifo=  0.697(sd=0.121 nx=0.096 tfo=0.030 cnt=0.449) snap= 0.212 srm=  2.136 sat=  8.412(set=0.094 slv=8.315 max=1.1566 n=29) cex=R/T/F=0/0/1 trsplit=0 pending=0 sim= 0.062(rmp=0.002 run=0.059 n=1 d=0) incr=loc/full/maxdirty/keys=1/0/0/763458 chk= 0.001(d=1) stat= 0.126 rest= 0.208
  [incr r=304 repr=1 next=2 tfo=1191 active=28/176947 POs=28]
305 : c =       0  cl =   3054  lit =  173892  p =    27  d =     0  f =     1  -  T =     0.01 sec
  [prof 305] wall=  11.605 p=    28 | ifo=  0.696(sd=0.122 nx=0.097 tfo=0.030 cnt=0.448) snap= 0.208 srm=  2.146 sat=  8.148(set=0.094 slv=8.052 max=1.1535 n=28) cex=R/T/F=0/0/1 trsplit=0 pending=0 sim= 0.062(rmp=0.002 run=0.059 n=1 d=0) incr=loc/full/maxdirty/keys=1/0/0/763458 chk= 0.001(d=1) stat= 0.135 rest= 0.210
  [incr r=305 repr=1 next=2 tfo=1190 active=27/176946 POs=27]
306 : c =       0  cl =   3054  lit =  173891  p =    26  d =     0  f =     1  -  T =     0.01 sec
  [prof 306] wall=  11.751 p=    27 | ifo=  0.687(sd=0.122 nx=0.098 tfo=0.018 cnt=0.449) snap= 0.211 srm=  2.148 sat=  8.174(set=0.094 slv=8.060 max=1.1261 n=27) cex=R/T/F=0/0/1 trsplit=0 pending=0 sim= 0.120(rmp=0.003 run=0.117 n=1 d=0) incr=loc/full/maxdirty/keys=1/0/0/763458 chk= 0.001(d=1) stat= 0.164 rest= 0.247
  [incr r=306 repr=1 next=2 tfo=1189 active=26/176945 POs=26]
307 : c =       0  cl =   3054  lit =  173890  p =    25  d =     0  f =     1  -  T =     0.01 sec
  [prof 307] wall=  13.468 p=    26 | ifo=  0.772(sd=0.133 nx=0.113 tfo=0.026 cnt=0.500) snap= 0.233 srm=  3.133 sat=  8.799(set=0.102 slv=8.693 max=1.1266 n=26) cex=R/T/F=0/0/1 trsplit=0 pending=0 sim= 0.117(rmp=0.002 run=0.114 n=1 d=0) incr=loc/full/maxdirty/keys=1/0/0/763458 chk= 0.001(d=1) stat= 0.150 rest= 0.262
  [incr r=307 repr=1 next=2 tfo=1188 active=25/176944 POs=25]
308 : c =       0  cl =   3054  lit =  173889  p =    24  d =     0  f =     1  -  T =     0.01 sec
  [prof 308] wall=  11.582 p=    25 | ifo=  0.782(sd=0.133 nx=0.111 tfo=0.044 cnt=0.495) snap= 0.268 srm=  2.320 sat=  7.700(set=0.104 slv=7.593 max=1.1837 n=25) cex=R/T/F=0/0/1 trsplit=0 pending=0 sim= 0.117(rmp=0.002 run=0.114 n=1 d=0) incr=loc/full/maxdirty/keys=1/0/0/763458 chk= 0.001(d=1) stat= 0.157 rest= 0.237
  [incr r=308 repr=1 next=2 tfo=1187 active=24/176943 POs=24]
309 : c =       0  cl =   3054  lit =  173888  p =    23  d =     0  f =     1  -  T =     0.01 sec
  [prof 309] wall=  11.302 p=    24 | ifo=  0.763(sd=0.131 nx=0.110 tfo=0.028 cnt=0.494) snap= 0.230 srm=  2.288 sat=  7.525(set=0.123 slv=7.400 max=1.1489 n=24) cex=R/T/F=0/0/1 trsplit=0 pending=0 sim= 0.117(rmp=0.002 run=0.114 n=1 d=0) incr=loc/full/maxdirty/keys=1/0/0/763458 chk= 0.001(d=1) stat= 0.142 rest= 0.236
  [incr r=309 repr=1 next=2 tfo=1186 active=23/176942 POs=23]
310 : c =       0  cl =   3054  lit =  173887  p =    22  d =     0  f =     1  -  T =     0.01 sec
  [prof 310] wall=  12.985 p=    23 | ifo=  0.702(sd=0.121 nx=0.100 tfo=0.024 cnt=0.457) snap= 0.201 srm=  2.171 sat=  9.371(set=0.110 slv=9.257 max=1.8831 n=23) cex=R/T/F=0/0/1 trsplit=0 pending=0 sim= 0.145(rmp=0.003 run=0.143 n=1 d=0) incr=loc/full/maxdirty/keys=1/0/0/763458 chk= 0.001(d=1) stat= 0.141 rest= 0.253
  [incr r=310 repr=1 next=2 tfo=1185 active=22/176941 POs=22]
311 : c =       0  cl =   3054  lit =  173886  p =    21  d =     0  f =     1  -  T =     0.01 sec
  [prof 311] wall=  11.364 p=    22 | ifo=  0.781(sd=0.134 nx=0.109 tfo=0.033 cnt=0.506) snap= 0.229 srm=  2.266 sat=  7.576(set=0.102 slv=7.470 max=1.1961 n=22) cex=R/T/F=0/0/1 trsplit=0 pending=0 sim= 0.116(rmp=0.003 run=0.113 n=1 d=0) incr=loc/full/maxdirty/keys=1/0/0/763458 chk= 0.001(d=1) stat= 0.163 rest= 0.233
  [incr r=311 repr=1 next=2 tfo=1184 active=21/176940 POs=21]
312 : c =       0  cl =   3054  lit =  173885  p =    20  d =     0  f =     1  -  T =     0.01 sec
  [prof 312] wall=  11.413 p=    21 | ifo=  0.773(sd=0.133 nx=0.117 tfo=0.023 cnt=0.500) snap= 0.228 srm=  2.427 sat=  7.449(set=0.102 slv=7.343 max=1.1498 n=21) cex=R/T/F=0/0/1 trsplit=0 pending=0 sim= 0.121(rmp=0.003 run=0.118 n=1 d=0) incr=loc/full/maxdirty/keys=1/0/0/763458 chk= 0.001(d=1) stat= 0.157 rest= 0.257
  [incr r=312 repr=1 next=2 tfo=1183 active=20/176939 POs=20]
313 : c =       0  cl =   3054  lit =  173884  p =    19  d =     0  f =     1  -  T =     0.01 sec
  [prof 313] wall=  10.658 p=    20 | ifo=  0.790(sd=0.141 nx=0.119 tfo=0.028 cnt=0.501) snap= 0.231 srm=  2.657 sat=  6.477(set=0.105 slv=6.370 max=1.1731 n=20) cex=R/T/F=0/0/1 trsplit=0 pending=0 sim= 0.116(rmp=0.003 run=0.113 n=1 d=0) incr=loc/full/maxdirty/keys=1/0/0/763458 chk= 0.001(d=1) stat= 0.135 rest= 0.252
  [incr r=313 repr=1 next=2 tfo=1182 active=19/176938 POs=19]
314 : c =       0  cl =   3054  lit =  173883  p =    18  d =     0  f =     1  -  T =     0.01 sec
  [prof 314] wall=  10.351 p=    19 | ifo=  0.751(sd=0.153 nx=0.107 tfo=0.023 cnt=0.469) snap= 0.231 srm=  2.321 sat=  6.503(set=0.103 slv=6.396 max=1.1737 n=19) cex=R/T/F=0/0/1 trsplit=0 pending=0 sim= 0.118(rmp=0.003 run=0.115 n=1 d=0) incr=loc/full/maxdirty/keys=1/0/0/763458 chk= 0.001(d=1) stat= 0.151 rest= 0.275
  [incr r=314 repr=1 next=2 tfo=1181 active=18/176937 POs=18]
315 : c =       0  cl =   3054  lit =  173882  p =    17  d =     0  f =     1  -  T =     0.01 sec
  [prof 315] wall=   9.605 p=    18 | ifo=  0.838(sd=0.146 nx=0.134 tfo=0.046 cnt=0.512) snap= 0.233 srm=  2.354 sat=  5.705(set=0.107 slv=5.596 max=1.1166 n=18) cex=R/T/F=0/0/1 trsplit=0 pending=0 sim= 0.117(rmp=0.003 run=0.114 n=1 d=0) incr=loc/full/maxdirty/keys=1/0/0/763458 chk= 0.001(d=1) stat= 0.131 rest= 0.226
  [incr r=315 repr=1 next=2 tfo=1180 active=17/176936 POs=17]
316 : c =       0  cl =   3054  lit =  173881  p =    16  d =     0  f =     1  -  T =     0.01 sec
  [prof 316] wall=   9.302 p=    17 | ifo=  0.744(sd=0.135 nx=0.108 tfo=0.024 cnt=0.477) snap= 0.230 srm=  2.331 sat=  5.505(set=0.103 slv=5.400 max=1.1761 n=17) cex=R/T/F=0/0/1 trsplit=0 pending=0 sim= 0.116(rmp=0.002 run=0.114 n=1 d=0) incr=loc/full/maxdirty/keys=1/0/0/763458 chk= 0.001(d=1) stat= 0.135 rest= 0.240
  [incr r=316 repr=1 next=2 tfo=1179 active=16/176935 POs=16]
317 : c =       0  cl =   3054  lit =  173880  p =    15  d =     0  f =     1  -  T =     0.01 sec
  [prof 317] wall=   9.008 p=    16 | ifo=  0.791(sd=0.131 nx=0.106 tfo=0.046 cnt=0.508) snap= 0.256 srm=  2.234 sat=  5.254(set=0.104 slv=5.148 max=1.1794 n=16) cex=R/T/F=0/0/1 trsplit=0 pending=0 sim= 0.116(rmp=0.002 run=0.114 n=1 d=0) incr=loc/full/maxdirty/keys=1/0/0/763458 chk= 0.001(d=1) stat= 0.130 rest= 0.225
  [incr r=317 repr=1 next=2 tfo=1178 active=15/176934 POs=15]
318 : c =       0  cl =   3054  lit =  173879  p =    14  d =     0  f =     1  -  T =     0.01 sec
  [prof 318] wall=   8.716 p=    15 | ifo=  0.735(sd=0.135 nx=0.104 tfo=0.022 cnt=0.474) snap= 0.239 srm=  2.214 sat=  5.046(set=0.103 slv=4.942 max=1.1620 n=15) cex=R/T/F=0/0/1 trsplit=0 pending=0 sim= 0.116(rmp=0.002 run=0.114 n=1 d=0) incr=loc/full/maxdirty/keys=1/0/0/763458 chk= 0.001(d=1) stat= 0.132 rest= 0.233
  [incr r=318 repr=1 next=2 tfo=1177 active=14/176933 POs=14]
319 : c =       0  cl =   3054  lit =  173878  p =    13  d =     0  f =     1  -  T =     0.01 sec
  [prof 319] wall=   8.533 p=    14 | ifo=  0.748(sd=0.137 nx=0.106 tfo=0.039 cnt=0.466) snap= 0.228 srm=  2.222 sat=  4.858(set=0.102 slv=4.755 max=1.2197 n=14) cex=R/T/F=0/0/1 trsplit=0 pending=0 sim= 0.116(rmp=0.002 run=0.114 n=1 d=0) incr=loc/full/maxdirty/keys=1/0/0/763458 chk= 0.001(d=1) stat= 0.134 rest= 0.225
  [incr r=319 repr=1 next=2 tfo=1176 active=13/176932 POs=13]
320 : c =       0  cl =   3054  lit =  173877  p =    12  d =     0  f =     1  -  T =     0.01 sec
  [prof 320] wall=   8.284 p=    13 | ifo=  0.745(sd=0.131 nx=0.105 tfo=0.020 cnt=0.490) snap= 0.232 srm=  2.220 sat=  4.612(set=0.102 slv=4.508 max=1.1627 n=13) cex=R/T/F=0/0/1 trsplit=0 pending=0 sim= 0.116(rmp=0.002 run=0.114 n=1 d=0) incr=loc/full/maxdirty/keys=1/0/0/763458 chk= 0.001(d=1) stat= 0.133 rest= 0.226
  [incr r=320 repr=1 next=2 tfo=1175 active=12/176931 POs=12]
321 : c =       0  cl =   3054  lit =  173876  p =    11  d =     0  f =     1  -  T =     0.01 sec
  [prof 321] wall=   8.080 p=    12 | ifo=  0.728(sd=0.131 nx=0.104 tfo=0.025 cnt=0.468) snap= 0.229 srm=  2.209 sat=  4.414(set=0.102 slv=4.311 max=1.2007 n=12) cex=R/T/F=0/0/1 trsplit=0 pending=0 sim= 0.116(rmp=0.002 run=0.114 n=1 d=0) incr=loc/full/maxdirty/keys=1/0/0/763458 chk= 0.001(d=1) stat= 0.141 rest= 0.243
  [incr r=321 repr=1 next=2 tfo=1174 active=11/176930 POs=11]
322 : c =       0  cl =   3054  lit =  173875  p =    10  d =     0  f =     1  -  T =     0.01 sec
  [prof 322] wall=   7.781 p=    11 | ifo=  0.755(sd=0.131 nx=0.110 tfo=0.023 cnt=0.491) snap= 0.229 srm=  2.202 sat=  4.124(set=0.101 slv=4.021 max=1.1398 n=11) cex=R/T/F=0/0/1 trsplit=0 pending=0 sim= 0.116(rmp=0.002 run=0.114 n=1 d=0) incr=loc/full/maxdirty/keys=1/0/0/763458 chk= 0.001(d=1) stat= 0.130 rest= 0.225
  [incr r=322 repr=1 next=2 tfo=1173 active=10/176929 POs=10]
323 : c =       0  cl =   3054  lit =  173874  p =     9  d =     0  f =     1  -  T =     0.01 sec
  [prof 323] wall=   7.964 p=    10 | ifo=  0.813(sd=0.131 nx=0.110 tfo=0.028 cnt=0.545) snap= 0.231 srm=  2.408 sat=  4.034(set=0.102 slv=3.930 max=1.3276 n=10) cex=R/T/F=0/0/1 trsplit=0 pending=0 sim= 0.116(rmp=0.002 run=0.114 n=1 d=0) incr=loc/full/maxdirty/keys=1/0/0/763458 chk= 0.001(d=1) stat= 0.132 rest= 0.228
  [incr r=323 repr=1 next=2 tfo=1172 active=9/176928 POs=9]
324 : c =       0  cl =   3054  lit =  173873  p =     8  d =     0  f =     1  -  T =     0.01 sec
  [prof 324] wall=   7.342 p=     9 | ifo=  0.759(sd=0.132 nx=0.107 tfo=0.047 cnt=0.473) snap= 0.236 srm=  2.243 sat=  3.632(set=0.102 slv=3.529 max=1.1888 n=9) cex=R/T/F=0/0/1 trsplit=0 pending=0 sim= 0.116(rmp=0.002 run=0.114 n=1 d=0) incr=loc/full/maxdirty/keys=1/0/0/763458 chk= 0.001(d=1) stat= 0.130 rest= 0.225
  [incr r=324 repr=1 next=2 tfo=1171 active=8/176927 POs=8]
325 : c =       0  cl =   3054  lit =  173872  p =     7  d =     0  f =     1  -  T =     0.01 sec
  [prof 325] wall=   8.241 p=     8 | ifo=  0.726(sd=0.131 nx=0.104 tfo=0.027 cnt=0.464) snap= 0.237 srm=  2.253 sat=  4.487(set=0.102 slv=4.382 max=1.1624 n=8) cex=R/T/F=0/0/1 trsplit=0 pending=0 sim= 0.138(rmp=0.002 run=0.135 n=1 d=0) incr=loc/full/maxdirty/keys=1/0/0/763458 chk= 0.001(d=1) stat= 0.144 rest= 0.254
  [incr r=325 repr=1 next=2 tfo=1170 active=7/176926 POs=7]
326 : c =       0  cl =   3054  lit =  173871  p =     6  d =     0  f =     1  -  T =     0.01 sec
  [prof 326] wall=   6.973 p=     7 | ifo=  0.869(sd=0.178 nx=0.139 tfo=0.043 cnt=0.508) snap= 0.230 srm=  2.319 sat=  3.082(set=0.102 slv=2.979 max=1.0986 n=7) cex=R/T/F=0/0/1 trsplit=0 pending=0 sim= 0.116(rmp=0.002 run=0.114 n=1 d=0) incr=loc/full/maxdirty/keys=1/0/0/763458 chk= 0.001(d=1) stat= 0.131 rest= 0.225
  [incr r=326 repr=1 next=2 tfo=1169 active=6/176925 POs=6]
327 : c =       0  cl =   3054  lit =  173870  p =     5  d =     0  f =     1  -  T =     0.01 sec
  [prof 327] wall=   6.520 p=     6 | ifo=  0.723(sd=0.133 nx=0.104 tfo=0.020 cnt=0.466) snap= 0.228 srm=  2.266 sat=  2.898(set=0.102 slv=2.795 max=1.2032 n=6) cex=R/T/F=0/0/1 trsplit=0 pending=0 sim= 0.061(rmp=0.002 run=0.059 n=1 d=0) incr=loc/full/maxdirty/keys=1/0/0/763458 chk= 0.001(d=1) stat= 0.128 rest= 0.215
  [incr r=327 repr=1 next=2 tfo=1168 active=5/176924 POs=5]
328 : c =       0  cl =   3054  lit =  173869  p =     4  d =     0  f =     1  -  T =     0.01 sec
  [prof 328] wall=   6.318 p=     5 | ifo=  0.711(sd=0.130 nx=0.098 tfo=0.020 cnt=0.462) snap= 0.200 srm=  2.277 sat=  2.624(set=0.095 slv=2.527 max=1.1825 n=5) cex=R/T/F=0/0/1 trsplit=0 pending=0 sim= 0.062(rmp=0.002 run=0.059 n=1 d=0) incr=loc/full/maxdirty/keys=1/0/0/763458 chk= 0.001(d=1) stat= 0.230 rest= 0.212
  [incr r=328 repr=1 next=2 tfo=1167 active=4/176923 POs=4]
329 : c =       0  cl =   3054  lit =  173868  p =     3  d =     0  f =     1  -  T =     0.01 sec
  [prof 329] wall=   5.850 p=     4 | ifo=  0.755(sd=0.169 nx=0.099 tfo=0.025 cnt=0.462) snap= 0.200 srm=  2.146 sat=  2.347(set=0.094 slv=2.251 max=1.1728 n=4) cex=R/T/F=0/0/1 trsplit=0 pending=0 sim= 0.061(rmp=0.002 run=0.059 n=1 d=0) incr=loc/full/maxdirty/keys=1/0/0/763458 chk= 0.001(d=1) stat= 0.133 rest= 0.208
  [incr r=329 repr=1 next=2 tfo=1166 active=3/176922 POs=3]
330 : c =       0  cl =   3054  lit =  173867  p =     2  d =     0  f =     1  -  T =     0.01 sec
  [prof 330] wall=   5.591 p=     3 | ifo=  0.698(sd=0.129 nx=0.098 tfo=0.017 cnt=0.453) snap= 0.200 srm=  2.164 sat=  2.114(set=0.093 slv=2.019 max=1.1522 n=3) cex=R/T/F=0/0/1 trsplit=0 pending=0 sim= 0.061(rmp=0.002 run=0.058 n=1 d=0) incr=loc/full/maxdirty/keys=1/0/0/763458 chk= 0.001(d=1) stat= 0.133 rest= 0.222
  [incr r=330 repr=1 next=2 tfo=1165 active=2/176921 POs=2]
331 : c =       0  cl =   3054  lit =  173866  p =     1  d =     0  f =     1  -  T =     0.00 sec
  [prof 331] wall=   4.486 p=     2 | ifo=  0.695(sd=0.121 nx=0.097 tfo=0.017 cnt=0.461) snap= 0.202 srm=  2.206 sat=  0.985(set=0.094 slv=0.890 max=0.8654 n=2) cex=R/T/F=0/0/1 trsplit=0 pending=0 sim= 0.060(rmp=0.002 run=0.058 n=1 d=0) incr=loc/full/maxdirty/keys=1/0/0/763458 chk= 0.001(d=1) stat= 0.131 rest= 0.206
  [incr r=331 repr=1 next=1 tfo=1164 active=1/176920 POs=1]
  [prof 332] wall=   2.994 p=     1 | ifo=  0.687(sd=0.121 nx=0.096 tfo=0.017 cnt=0.454) snap= 0.202 srm=  2.023 sat=  0.081(set=0.080 slv=0.000 max=0.0002 n=1) cex=R/T/F=0/0/0 trsplit=0 pending=0 sim= 0.000(rmp=0.000 run=0.000 n=0 d=0) incr=loc/full/maxdirty/keys=0/0/0/0 chk= 0.000(d=0) stat= 0.000 rest= 0.002
332 : c =       0  cl =   3054  lit =  173866  p =     0  d =     0  f =     0  -  T =     0.00 sec
  [prof ALL] wall=40698.106 p=323951 | ifo=266.359(sd=46.329 nx=38.854 tfo=12.920 cnt=168.256) snap=71.344 srm=960.358 sat=39199.146(set=53.575 slv=39124.922 max=3.8308 n=323951) cex=R/T/F=0/0/1496 trsplit=0 pending=0 sim=62.898(rmp=1.057 run=61.746 n=331 d=0) incr=loc/full/maxdirty/keys=330/1/0/763458 chk= 4.113(d=1496) stat=49.979 rest=83.909
Srm   =     1.30 sec (  2.46 %)
Sat   =    39.20 sec ( 74.20 %)
Sim   =     0.09 sec (  0.17 %)
Other =    12.24 sec ( 23.17 %)
Incr  =     0.27 sec (  0.50 %)
Incr: fallback rounds = 0, skipped candidate pairs = 58560179
TOTAL =    52.83 sec
NBeg = 243358. NEnd = 69307. (Gain =  71.52 %).  RBeg = 1191. REnd = 1190. (Gain =   0.08 %).
Flop output names are not available. Use command "&get -n".
[1;37m/home/zxr_wsl/benchmarks/incre_spec//Problem05_label42+token_ring.04.cil-2[0m : i/o =   8744/      1  ff =   1190  [1;36mand =   69307[0m  [1;35mlev = 1770[0m [1;35m(1.49)[0m  mem = 0.96 MB
