### benchmark: /home/zxr_wsl/benchmarks/incre_spec//Problem05_label42+token_ring.04.cil-2.aig
### opts:      &scorr -v -i -w
### timeout:   1800s
### date:      Wed Jun  3 15:18:00 CST 2026

======== ABC command line "&r /home/zxr_wsl/benchmarks/incre_spec//Problem05_label42+token_ring.04.cil-2.aig; &ps; &scorr -v -i -w; &ps"
Converted 0 1-valued FFs and 1188 DC-valued FFs.
Warning: The number of inputs does not match the number of input names.
[1;37m/home/zxr_wsl/benchmarks/incre_spec//Problem05_label42+token_ring.04.cil-2[0m : i/o =   8744/      1  ff =   1191  [1;36mand =  243358[0m  [1;35mlev = 1770[0m [1;35m(1.49)[0m  mem = 2.96 MB
cst =  244549  cls =      0  lit =  244549  unused =    8744  proof =     0
cst =  201917  cls =   1855  lit =  215844  unused =   35594  proof =     0
cst =  201882  cls =   1877  lit =  214714  unused =   36702  proof =     0
cst =  201864  cls =   1859  lit =  213980  unused =   37454  proof =     0
cst =  201846  cls =   1830  lit =  213373  unused =   38090  proof =     0
cst =  201846  cls =   1815  lit =  213024  unused =   38454  proof =     0
cst =  201839  cls =   1794  lit =  212810  unused =   38689  proof =     0
cst =  201836  cls =   1794  lit =  212641  unused =   38858  proof =     0
cst =  201835  cls =   1778  lit =  212510  unused =   39005  proof =     0
cst =  201831  cls =   1786  lit =  212385  unused =   39122  proof =     0
Obj =  254486. And =  243358. Conf =   100. Fr = 1. Lcorr = 0. Ring = 1. CSat = 1.
  0 : c =  201831  cl =   1786  lit =  212385  p =     0  d =     0  f =     0  +  T =     0.12 sec
BMC : c =  201785  cl =   1652  lit =  211980  p =     0  d =  8699  f =     0  +  T =     0.02 sec
  [bmc-prof   0] wall=  23.449 p=  8699 | ifo=  0.000(sd=0.000 nx=0.000 tfo=0.000 cnt=0.000) snap= 0.214 srm=  8.080 sat=  4.738(set=0.325 slv=3.841 max=0.0081 n=8699) cex=R/T/F=8699/0/0 trsplit=0 sim=10.068(rmp=0.308 run=9.759 n=1 d=405) chk= 0.016(d=0) stat= 0.099 rest= 0.234
BMC : c =  201748  cl =   1619  lit =  211637  p =     0  d =  8388  f =     0  +  T =     0.03 sec
  [bmc-prof   1] wall=  26.466 p=  8388 | ifo=  3.587(sd=0.147 nx=0.000 tfo=3.103 cnt=0.336) snap= 0.203 srm=  8.816 sat=  5.007(set=0.454 slv=3.932 max=0.0242 n=8388) cex=R/T/F=8388/0/0 trsplit=0 sim= 8.490(rmp=0.312 run=8.178 n=1 d=343) chk= 0.025(d=0) stat= 0.099 rest= 0.240
BMC : c =  201716  cl =   1612  lit =  211190  p =     2  d =  8109  f =     0  +  T =     0.03 sec
  [bmc-prof   2] wall=  25.722 p=  8111 | ifo=  3.207(sd=0.142 nx=0.000 tfo=2.731 cnt=0.334) snap= 0.211 srm=  7.856 sat=  4.874(set=0.335 slv=3.955 max=0.0253 n=8111) cex=R/T/F=8109/0/0 trsplit=0 sim= 9.203(rmp=0.322 run=8.881 n=1 d=447) chk= 0.026(d=0) stat= 0.105 rest= 0.239
BMC : c =  201699  cl =   1589  lit =  210691  p =     2  d =  7762  f =     0  +  T =     0.03 sec
  [bmc-prof   3] wall=  25.643 p=  7764 | ifo=  2.564(sd=0.140 nx=0.000 tfo=2.086 cnt=0.338) snap= 0.230 srm=  7.464 sat=  5.474(set=0.326 slv=4.527 max=0.0126 n=7764) cex=R/T/F=7762/0/0 trsplit=0 sim= 9.546(rmp=0.325 run=9.221 n=1 d=499) chk= 0.024(d=0) stat= 0.100 rest= 0.240
BMC : c =  201678  cl =   1577  lit =  210190  p =     4  d =  7332  f =     1  +  T =     0.03 sec
  [bmc-prof   4] wall=  25.300 p=  7337 | ifo=  2.927(sd=0.141 nx=0.000 tfo=2.448 cnt=0.338) snap= 0.203 srm=  7.208 sat=  5.706(set=0.296 slv=4.774 max=0.0607 n=7337) cex=R/T/F=7332/0/1 trsplit=0 sim= 8.887(rmp=0.323 run=8.564 n=1 d=500) chk= 0.025(d=1) stat= 0.104 rest= 0.240
BMC : c =  201662  cl =   1585  lit =  209715  p =     4  d =  6884  f =     0  +  T =     0.02 sec
  [bmc-prof   5] wall=  25.037 p=  6888 | ifo=  2.858(sd=0.147 nx=0.000 tfo=2.338 cnt=0.373) snap= 0.224 srm=  7.127 sat=  5.515(set=0.283 slv=4.667 max=0.0113 n=6888) cex=R/T/F=6884/0/0 trsplit=0 sim= 8.961(rmp=0.317 run=8.644 n=1 d=475) chk= 0.024(d=0) stat= 0.100 rest= 0.228
BMC : c =  201653  cl =   1615  lit =  209247  p =     3  d =  6441  f =     1  +  T =     0.03 sec
  [bmc-prof   6] wall=  28.133 p=  6445 | ifo=  2.567(sd=0.139 nx=0.000 tfo=2.086 cnt=0.342) snap= 0.215 srm=  6.953 sat=  6.289(set=0.302 slv=5.456 max=0.0433 n=6445) cex=R/T/F=6441/0/1 trsplit=0 sim=11.756(rmp=0.536 run=11.219 n=1 d=467) chk= 0.016(d=1) stat= 0.100 rest= 0.237
BMC : c =  201630  cl =   1593  lit =  208713  p =     5  d =  5984  f =     2  +  T =     0.02 sec
  [bmc-prof   7] wall=  24.729 p=  5991 | ifo=  2.788(sd=0.140 nx=0.000 tfo=2.305 cnt=0.343) snap= 0.202 srm=  6.777 sat=  5.714(set=0.281 slv=4.882 max=0.0742 n=5991) cex=R/T/F=5984/0/2 trsplit=0 sim= 8.868(rmp=0.310 run=8.557 n=1 d=532) chk= 0.015(d=2) stat= 0.137 rest= 0.230
BMC : c =  201600  cl =   1500  lit =  208124  p =     5  d =  5543  f =     0  +  T =     0.03 sec
  [bmc-prof   8] wall=  25.797 p=  5548 | ifo=  2.600(sd=0.139 nx=0.000 tfo=2.129 cnt=0.331) snap= 0.209 srm=  6.787 sat=  5.480(set=0.272 slv=4.741 max=0.0184 n=5548) cex=R/T/F=5543/0/0 trsplit=0 sim=10.328(rmp=0.337 run=9.991 n=1 d=589) chk= 0.015(d=0) stat= 0.110 rest= 0.268
BMC : c =  201572  cl =   1496  lit =  207626  p =     5  d =  5072  f =     2  +  T =     0.03 sec
  [bmc-prof   9] wall=  27.079 p=  5079 | ifo=  3.359(sd=0.144 nx=0.000 tfo=2.854 cnt=0.361) snap= 0.214 srm=  7.191 sat=  5.747(set=0.305 slv=5.022 max=0.0460 n=5079) cex=R/T/F=5072/0/2 trsplit=0 sim= 9.429(rmp=0.304 run=9.124 n=1 d=496) chk= 0.019(d=2) stat= 0.102 rest= 1.017
BMC : c =  201534  cl =   1482  lit =  207114  p =     5  d =  4618  f =     2  +  T =     0.03 sec
  [bmc-prof  10] wall=  26.491 p=  4625 | ifo=  2.929(sd=0.150 nx=0.000 tfo=2.436 cnt=0.342) snap= 0.207 srm=  7.107 sat=  6.138(set=0.262 slv=5.295 max=0.1584 n=4625) cex=R/T/F=4618/0/2 trsplit=0 sim= 9.655(rmp=0.315 run=9.340 n=1 d=510) chk= 0.016(d=2) stat= 0.101 rest= 0.339
BMC : c =  201458  cl =   1461  lit =  206586  p =     5  d =  4154  f =     2  +  T =     0.03 sec
  [bmc-prof  11] wall=  25.641 p=  4161 | ifo=  3.409(sd=0.151 nx=0.000 tfo=2.915 cnt=0.343) snap= 0.217 srm=  6.767 sat=  5.818(set=0.260 slv=5.165 max=0.0407 n=4161) cex=R/T/F=4154/0/2 trsplit=0 sim= 9.082(rmp=0.334 run=8.748 n=1 d=526) chk= 0.013(d=2) stat= 0.105 rest= 0.228
BMC : c =  201402  cl =   1444  lit =  206124  p =     6  d =  3743  f =     1  +  T =     0.03 sec
  [bmc-prof  12] wall=  25.943 p=  3750 | ifo=  3.602(sd=0.160 nx=0.000 tfo=3.079 cnt=0.363) snap= 0.296 srm=  6.708 sat=  6.175(set=0.260 slv=5.534 max=0.0955 n=3750) cex=R/T/F=3743/0/1 trsplit=0 sim= 8.797(rmp=0.430 run=8.366 n=1 d=461) chk= 0.017(d=1) stat= 0.107 rest= 0.241
BMC : c =  201337  cl =   1432  lit =  205661  p =     8  d =  3381  f =     0  +  T =     0.03 sec
  [bmc-prof  13] wall=  25.131 p=  3389 | ifo=  3.055(sd=0.143 nx=0.000 tfo=2.573 cnt=0.339) snap= 0.223 srm=  6.852 sat=  5.326(set=0.251 slv=4.733 max=0.0172 n=3389) cex=R/T/F=3381/0/0 trsplit=0 sim= 9.329(rmp=0.334 run=8.994 n=1 d=463) chk= 0.010(d=0) stat= 0.104 rest= 0.232
BMC : c =  201214  cl =   1420  lit =  205231  p =     6  d =  3015  f =     0  +  T =     0.03 sec
  [bmc-prof  14] wall=  28.808 p=  3021 | ifo=  3.398(sd=0.145 nx=0.000 tfo=2.864 cnt=0.390) snap= 0.458 srm=  9.404 sat=  6.162(set=0.239 slv=5.540 max=0.0928 n=3021) cex=R/T/F=3015/0/0 trsplit=0 sim= 9.002(rmp=0.318 run=8.684 n=1 d=430) chk= 0.010(d=0) stat= 0.097 rest= 0.276
BMC : c =  201122  cl =   1377  lit =  204846  p =     8  d =  2753  f =     1  +  T =     0.03 sec
  [bmc-prof  15] wall=  31.885 p=  2762 | ifo=  2.798(sd=0.142 nx=0.000 tfo=2.324 cnt=0.332) snap= 0.211 srm=  6.433 sat= 12.943(set=0.230 slv=12.357 max=0.0789 n=2762) cex=R/T/F=2753/0/1 trsplit=0 sim= 9.155(rmp=0.356 run=8.799 n=1 d=384) chk= 0.008(d=1) stat= 0.100 rest= 0.238
BMC : c =  200998  cl =   1373  lit =  204511  p =     5  d =  2518  f =     0  +  T =     0.03 sec
  [bmc-prof  16] wall=  34.397 p=  2523 | ifo=  2.462(sd=0.147 nx=0.000 tfo=1.986 cnt=0.328) snap= 0.217 srm=  6.360 sat= 14.962(set=0.227 slv=14.355 max=0.0539 n=2523) cex=R/T/F=2518/0/0 trsplit=0 sim=10.063(rmp=0.539 run=9.524 n=1 d=335) chk= 0.008(d=0) stat= 0.096 rest= 0.228
BMC : c =  200922  cl =   1364  lit =  204164  p =     7  d =  2366  f =     0  +  T =     0.02 sec
  [bmc-prof  17] wall=  24.607 p=  2373 | ifo=  2.894(sd=0.147 nx=0.000 tfo=2.421 cnt=0.325) snap= 0.226 srm=  6.340 sat=  4.929(set=0.219 slv=4.449 max=0.0227 n=2373) cex=R/T/F=2366/0/0 trsplit=0 sim= 9.879(rmp=0.308 run=9.570 n=1 d=347) chk= 0.011(d=0) stat= 0.108 rest= 0.221
BMC : c =  200815  cl =   1359  lit =  203831  p =     7  d =  2126  f =     0  +  T =     0.02 sec
  [bmc-prof  18] wall=  22.903 p=  2133 | ifo=  2.362(sd=0.133 nx=0.000 tfo=1.905 cnt=0.323) snap= 0.209 srm=  6.493 sat=  4.910(set=0.207 slv=4.442 max=0.0673 n=2133) cex=R/T/F=2126/0/0 trsplit=0 sim= 8.605(rmp=0.312 run=8.293 n=1 d=333) chk= 0.007(d=0) stat= 0.096 rest= 0.220
BMC : c =  200742  cl =   1344  lit =  203571  p =    19  d =  1948  f =     0  +  T =     0.03 sec
  [bmc-prof  19] wall=  33.599 p=  1967 | ifo=  2.646(sd=0.142 nx=0.000 tfo=2.160 cnt=0.343) snap= 0.277 srm=  9.615 sat= 11.205(set=0.198 slv=10.735 max=0.0467 n=1967) cex=R/T/F=1948/0/0 trsplit=0 sim= 9.531(rmp=0.328 run=9.202 n=1 d=260) chk= 0.007(d=0) stat= 0.096 rest= 0.222
BMC : c =  200674  cl =   1336  lit =  203369  p =    11  d =  1757  f =     0  +  T =     0.03 sec
  [bmc-prof  20] wall=  29.276 p=  1768 | ifo=  2.399(sd=0.137 nx=0.000 tfo=1.938 cnt=0.324) snap= 0.214 srm=  6.034 sat= 11.230(set=0.195 slv=10.779 max=0.0582 n=1768) cex=R/T/F=1757/0/0 trsplit=0 sim= 9.073(rmp=0.322 run=8.749 n=1 d=202) chk= 0.007(d=0) stat= 0.099 rest= 0.221
BMC : c =  200557  cl =   1326  lit =  203184  p =    11  d =  1785  f =     0  +  T =     0.03 sec
  [bmc-prof  21] wall=  34.837 p=  1796 | ifo=  2.688(sd=0.144 nx=0.000 tfo=2.207 cnt=0.336) snap= 0.206 srm= 10.157 sat= 12.457(set=0.186 slv=11.955 max=0.0836 n=1796) cex=R/T/F=1785/0/0 trsplit=0 sim= 8.980(rmp=0.368 run=8.612 n=1 d=185) chk= 0.007(d=0) stat= 0.107 rest= 0.236
BMC : c =  199668  cl =   1403  lit =  202821  p =     8  d =  1793  f =     0  +  T =     0.03 sec
  [bmc-prof  22] wall=  30.503 p=  1801 | ifo=  3.349(sd=0.134 nx=0.000 tfo=2.887 cnt=0.328) snap= 0.204 srm=  6.529 sat= 11.088(set=0.186 slv=10.597 max=0.1651 n=1801) cex=R/T/F=1793/0/0 trsplit=0 sim= 8.994(rmp=0.388 run=8.605 n=1 d=363) chk= 0.006(d=0) stat= 0.097 rest= 0.236
BMC : c =  194696  cl =   1651  lit =  201738  p =   107  d =  2454  f =     0  +  T =     0.03 sec
  [bmc-prof  23] wall=  33.739 p=  2561 | ifo=  3.202(sd=0.145 nx=0.000 tfo=2.727 cnt=0.329) snap= 0.223 srm=  6.160 sat= 13.445(set=0.196 slv=12.815 max=0.1310 n=2561) cex=R/T/F=2454/0/0 trsplit=0 sim=10.359(rmp=0.333 run=10.026 n=1 d=1083) chk= 0.012(d=0) stat= 0.107 rest= 0.232
BMC : c =  183766  cl =   1996  lit =  199257  p =   818  d =  3934  f =     0  +  T =     0.04 sec
  [bmc-prof  24] wall=  42.784 p=  4752 | ifo=  2.580(sd=0.164 nx=0.000 tfo=2.082 cnt=0.334) snap= 0.216 srm=  6.747 sat= 17.954(set=0.218 slv=16.881 max=0.2365 n=4752) cex=R/T/F=3934/0/0 trsplit=0 sim=14.878(rmp=0.337 run=14.541 n=1 d=2481) chk= 0.024(d=0) stat= 0.124 rest= 0.260
BMC : c =  167471  cl =   2104  lit =  196551  p =  1381  d =  4159  f =     0  +  T =     0.15 sec
  [bmc-prof  25] wall= 147.329 p=  5540 | ifo=  2.618(sd=0.175 nx=0.000 tfo=2.085 cnt=0.359) snap= 0.215 srm=  7.199 sat=105.837(set=0.256 slv=103.844 max=0.4260 n=5540) cex=R/T/F=4159/0/0 trsplit=0 sim=30.839(rmp=0.426 run=30.412 n=1 d=2706) chk= 0.096(d=0) stat= 0.132 rest= 0.394
BMC : c =  137434  cl =   2226  lit =  194383  p =  4309  d =  3584  f =     0  +  T =     0.18 sec
  [bmc-prof  26] wall= 184.744 p=  7893 | ifo=  2.718(sd=0.183 nx=0.000 tfo=2.156 cnt=0.379) snap= 0.246 srm=  7.872 sat=134.430(set=0.355 slv=132.543 max=0.5626 n=7893) cex=R/T/F=3584/0/0 trsplit=0 sim=38.922(rmp=0.359 run=38.563 n=1 d=2168) chk= 0.026(d=0) stat= 0.131 rest= 0.399
BMC : c =   97978  cl =   2565  lit =  192241  p = 18099  d =  3395  f =     0  +  T =     0.24 sec
  [bmc-prof  27] wall= 235.283 p= 21494 | ifo=  2.594(sd=0.185 nx=0.000 tfo=2.048 cnt=0.362) snap= 0.212 srm= 10.956 sat=170.920(set=0.548 slv=168.368 max=3.9732 n=21494) cex=R/T/F=3395/0/0 trsplit=0 sim=50.003(rmp=0.396 run=49.606 n=1 d=2142) chk= 0.033(d=0) stat= 0.136 rest= 0.429
BMC : c =   58703  cl =   2921  lit =  190033  p = 52205  d =  3041  f =     0  +  T =     0.32 sec
  [bmc-prof  28] wall= 319.326 p= 55246 | ifo=  2.156(sd=0.205 nx=0.000 tfo=1.593 cnt=0.357) snap= 0.332 srm= 21.179 sat=241.354(set=1.278 slv=235.694 max=2.6030 n=55246) cex=R/T/F=3041/0/0 trsplit=0 sim=53.490(rmp=0.378 run=53.111 n=1 d=2208) chk= 0.052(d=0) stat= 0.150 rest= 0.614
BMC : c =   36616  cl =   3041  lit =  188097  p = 99765  d =  2634  f =     0  +  T =     0.38 sec
  [bmc-prof  29] wall= 378.668 p=102399 | ifo=  2.350(sd=0.215 nx=0.000 tfo=1.773 cnt=0.362) snap= 0.316 srm= 39.644 sat=282.861(set=2.568 slv=273.514 max=2.0616 n=102399) cex=R/T/F=2634/0/0 trsplit=0 sim=52.531(rmp=0.382 run=52.148 n=1 d=1936) chk= 0.082(d=0) stat= 0.171 rest= 0.715
BMC : c =   23577  cl =   3080  lit =  186279  p =130168  d =  2673  f =     0  +  T =     0.47 sec
  [bmc-prof  30] wall= 470.829 p=132841 | ifo=  2.933(sd=0.185 nx=0.000 tfo=2.133 cnt=0.615) snap= 0.240 srm= 61.078 sat=350.871(set=3.094 slv=340.260 max=1.5520 n=132841) cex=R/T/F=2673/0/0 trsplit=0 sim=54.809(rmp=0.358 run=54.451 n=1 d=1818) chk= 0.092(d=0) stat= 0.158 rest= 0.647
BMC : c =   11508  cl =   3190  lit =  184331  p =148369  d =  2679  f =     2  +  T =     0.57 sec
  [bmc-prof  31] wall= 568.889 p=151050 | ifo=  2.093(sd=0.155 nx=0.000 tfo=1.588 cnt=0.350) snap= 0.220 srm= 64.542 sat=442.522(set=3.077 slv=431.502 max=8.5005 n=151050) cex=R/T/F=2679/0/2 trsplit=0 sim=58.582(rmp=0.372 run=58.210 n=1 d=1946) chk= 0.103(d=2) stat= 0.163 rest= 0.664
BMC : c =    8013  cl =   3267  lit =  182568  p =165933  d =  2189  f =     0  +  T =     0.48 sec
  [bmc-prof  32] wall= 480.189 p=168122 | ifo=  2.273(sd=0.148 nx=0.000 tfo=1.774 cnt=0.351) snap= 0.237 srm= 65.682 sat=354.178(set=3.648 slv=341.343 max=3.4667 n=168122) cex=R/T/F=2189/0/0 trsplit=0 sim=56.922(rmp=0.400 run=56.521 n=1 d=1763) chk= 0.112(d=0) stat= 0.184 rest= 0.601
  [bmc-incr i=33 repr=5920 active=125348/182568 POs=116284]
BMC : c =    5739  cl =   3424  lit =  180777  p =114371  d =  1911  f =     2  +  T =     0.41 sec
  [bmc-prof  33] wall= 411.404 p=116284 | ifo=  2.131(sd=0.149 nx=0.000 tfo=1.593 cnt=0.389) snap= 0.232 srm= 49.674 sat=303.192(set=2.745 slv=294.448 max=2.4224 n=116284) cex=R/T/F=1911/0/2 trsplit=0 sim=54.970(rmp=0.449 run=54.519 n=1 d=1789) chk= 0.169(d=2) stat= 0.215 rest= 0.822
  [bmc-incr i=34 repr=3828 active=63717/180777 POs=57801]
BMC : c =    4311  cl =   3495  lit =  178891  p = 55569  d =  2012  f =   220  +  T =     0.81 sec
  [bmc-prof  34] wall= 805.914 p= 57801 | ifo=  1.722(sd=0.199 nx=0.000 tfo=1.118 cnt=0.405) snap= 0.202 srm= 22.154 sat=732.614(set=1.203 slv=726.995 max=3.0613 n=57801) cex=R/T/F=2012/0/220 trsplit=0 sim=48.585(rmp=0.374 run=48.210 n=1 d=1666) chk= 0.092(d=220) stat= 0.154 rest= 0.391
  [bmc-incr i=35 repr=2970 active=37339/178891 POs=33005]
BMC : c =    3426  cl =   3374  lit =  177817  p = 31497  d =  1507  f =     1  +  T =     0.34 sec
  [bmc-prof  35] wall= 340.779 p= 33005 | ifo=  1.100(sd=0.150 nx=0.000 tfo=0.525 cnt=0.424) snap= 0.206 srm= 12.794 sat=281.824(set=0.832 slv=278.913 max=3.0152 n=33005) cex=R/T/F=1507/0/1 trsplit=0 sim=44.357(rmp=0.364 run=43.992 n=1 d=1073) chk= 0.027(d=1) stat= 0.147 rest= 0.324
  [bmc-incr i=36 repr=1736 active=24501/177817 POs=21091]
BMC : c =    2607  cl =   3291  lit =  177272  p = 20168  d =   922  f =     1  +  T =     0.30 sec
  [bmc-prof  36] wall= 298.025 p= 21091 | ifo=  1.000(sd=0.139 nx=0.000 tfo=0.432 cnt=0.429) snap= 0.211 srm=  9.697 sat=258.072(set=0.649 slv=255.992 max=2.0440 n=21091) cex=R/T/F=922/0/1 trsplit=0 sim=28.594(rmp=0.371 run=28.221 n=1 d=544) chk= 0.017(d=1) stat= 0.143 rest= 0.293
  [bmc-incr i=37 repr=1470 active=10232/177272 POs=7638]
BMC : c =    2375  cl =   3194  lit =  176450  p =  6665  d =   532  f =   441  +  T =     0.53 sec
  [bmc-prof  37] wall= 529.626 p=  7638 | ifo=  0.818(sd=0.136 nx=0.000 tfo=0.261 cnt=0.421) snap= 0.222 srm=  6.729 sat=508.091(set=0.423 slv=507.001 max=2.4152 n=7638) cex=R/T/F=532/0/441 trsplit=0 sim=13.235(rmp=0.384 run=12.851 n=1 d=381) chk= 0.103(d=441) stat= 0.145 rest= 0.284
  [bmc-incr i=38 repr=1065 active=2751/176450 POs=388]
BMC : c =    2253  cl =   3120  lit =  176226  p =     8  d =   380  f =     0  +  T =     0.26 sec
  [bmc-prof  38] wall= 260.903 p=   388 | ifo=  0.754(sd=0.138 nx=0.000 tfo=0.203 cnt=0.413) snap= 0.232 srm=  4.969 sat=242.269(set=0.330 slv=241.651 max=2.0811 n=388) cex=R/T/F=380/0/0 trsplit=0 sim=12.271(rmp=0.371 run=11.900 n=1 d=224) chk= 0.002(d=0) stat= 0.137 rest= 0.268
  [bmc-incr i=39 repr=444 active=2527/176226 POs=286]
BMC : c =    2209  cl =   3100  lit =  176133  p =     5  d =   279  f =     2  +  T =     0.26 sec
  [bmc-prof  39] wall= 263.369 p=   286 | ifo=  0.767(sd=0.149 nx=0.000 tfo=0.203 cnt=0.416) snap= 0.210 srm=  4.951 sat=242.313(set=0.280 slv=241.811 max=2.6415 n=286) cex=R/T/F=279/0/2 trsplit=0 sim=14.616(rmp=0.928 run=13.688 n=1 d=91) chk= 0.002(d=2) stat= 0.136 rest= 0.374
  [bmc-incr i=40 repr=278 active=2432/176133 POs=235]
BMC : c =    2186  cl =   3082  lit =  176075  p =     5  d =   228  f =     2  +  T =     0.27 sec
  [bmc-prof  40] wall= 271.076 p=   235 | ifo=  0.748(sd=0.131 nx=0.000 tfo=0.197 cnt=0.419) snap= 0.204 srm=  4.947 sat=253.193(set=0.286 slv=252.698 max=4.4717 n=235) cex=R/T/F=228/0/2 trsplit=0 sim=11.596(rmp=0.366 run=11.230 n=1 d=56) chk= 0.002(d=2) stat= 0.135 rest= 0.251
  [bmc-incr i=41 repr=222 active=2376/176075 POs=202]
BMC : c =    2170  cl =   3074  lit =  176040  p =     5  d =   196  f =     1  +  T =     0.30 sec
  [bmc-prof  41] wall= 295.179 p=   202 | ifo=  0.814(sd=0.151 nx=0.000 tfo=0.240 cnt=0.423) snap= 0.206 srm=  5.063 sat=276.836(set=0.287 slv=276.344 max=5.5921 n=202) cex=R/T/F=196/0/1 trsplit=0 sim=11.833(rmp=0.349 run=11.483 n=1 d=34) chk= 0.001(d=1) stat= 0.170 rest= 0.255
  [bmc-incr i=42 repr=188 active=2341/176040 POs=183]
BMC : c =    2155  cl =   3075  lit =  176015  p =     7  d =   176  f =     0  +  T =     0.27 sec
  [bmc-prof  42] wall= 272.056 p=   183 | ifo=  0.796(sd=0.168 nx=0.000 tfo=0.186 cnt=0.441) snap= 0.213 srm=  5.615 sat=253.679(set=0.307 slv=253.180 max=3.2534 n=183) cex=R/T/F=176/0/0 trsplit=0 sim=11.360(rmp=0.366 run=10.994 n=1 d=25) chk= 0.001(d=0) stat= 0.135 rest= 0.256
  [bmc-incr i=43 repr=168 active=2316/176015 POs=174]
BMC : c =    2145  cl =   3075  lit =  175986  p =     5  d =   168  f =     1  +  T =     0.28 sec
  [bmc-prof  43] wall= 282.515 p=   174 | ifo=  0.738(sd=0.132 nx=0.000 tfo=0.191 cnt=0.415) snap= 0.205 srm=  5.292 sat=264.380(set=0.288 slv=263.911 max=3.4364 n=174) cex=R/T/F=168/0/1 trsplit=0 sim=11.509(rmp=0.363 run=11.146 n=1 d=28) chk= 0.001(d=1) stat= 0.135 rest= 0.255
  [bmc-incr i=44 repr=156 active=2287/175986 POs=155]
BMC : c =    2135  cl =   3074  lit =  175960  p =     3  d =   151  f =     1  +  T =     0.28 sec
  [bmc-prof  44] wall= 284.299 p=   155 | ifo=  0.670(sd=0.130 nx=0.000 tfo=0.123 cnt=0.417) snap= 0.203 srm=  4.965 sat=266.784(set=0.284 slv=266.333 max=4.2962 n=155) cex=R/T/F=151/0/1 trsplit=0 sim=11.287(rmp=0.359 run=10.927 n=1 d=25) chk= 0.001(d=1) stat= 0.134 rest= 0.255
  [bmc-incr i=45 repr=137 active=2261/175960 POs=139]
BMC : c =    2123  cl =   3068  lit =  175932  p =     5  d =   133  f =     1  +  T =     0.28 sec
  [bmc-prof  45] wall= 282.777 p=   139 | ifo=  0.670(sd=0.133 nx=0.000 tfo=0.113 cnt=0.424) snap= 0.314 srm=  4.928 sat=264.893(set=0.286 slv=264.444 max=5.7632 n=139) cex=R/T/F=133/0/1 trsplit=0 sim=11.579(rmp=0.360 run=11.218 n=1 d=27) chk= 0.001(d=1) stat= 0.135 rest= 0.257
  [bmc-incr i=46 repr=126 active=2232/175932 POs=121]
BMC : c =    2112  cl =   3065  lit =  175910  p =     2  d =   118  f =     1  +  T =     0.28 sec
  [bmc-prof  46] wall= 278.337 p=   121 | ifo=  0.663(sd=0.135 nx=0.000 tfo=0.117 cnt=0.411) snap= 0.207 srm=  4.930 sat=260.912(set=0.282 slv=260.456 max=4.0151 n=121) cex=R/T/F=118/0/1 trsplit=0 sim=11.243(rmp=0.370 run=10.873 n=1 d=21) chk= 0.001(d=1) stat= 0.133 rest= 0.249
  [bmc-incr i=47 repr=111 active=2210/175910 POs=110]
BMC : c =    2097  cl =   3064  lit =  175890  p =     1  d =   108  f =     1  +  T =     0.29 sec
  [bmc-prof  47] wall= 290.339 p=   110 | ifo=  0.656(sd=0.142 nx=0.000 tfo=0.103 cnt=0.412) snap= 0.207 srm=  5.002 sat=273.059(set=0.281 slv=272.632 max=6.9593 n=110) cex=R/T/F=108/0/1 trsplit=0 sim=10.936(rmp=0.432 run=10.503 n=1 d=19) chk= 0.001(d=1) stat= 0.150 rest= 0.327
  [bmc-incr i=48 repr=104 active=2190/175890 POs=104]
BMC : c =    1872  cl =   3065  lit =  175865  p =     1  d =   102  f =     1  +  T =     0.27 sec
  [bmc-prof  48] wall= 270.771 p=   104 | ifo=  0.735(sd=0.171 nx=0.000 tfo=0.120 cnt=0.444) snap= 0.226 srm=  5.124 sat=252.316(set=0.316 slv=251.852 max=4.0253 n=104) cex=R/T/F=102/0/1 trsplit=0 sim=11.978(rmp=0.365 run=11.612 n=1 d=24) chk= 0.001(d=1) stat= 0.144 rest= 0.247
  [bmc-incr i=49 repr=310 active=2165/175865 POs=303]
BMC : c =    1862  cl =   3064  lit =  175843  p =     3  d =   299  f =     1  +  T =     0.53 sec
  [bmc-prof  49] wall= 528.855 p=   303 | ifo=  0.723(sd=0.135 nx=0.000 tfo=0.170 cnt=0.418) snap= 0.261 srm=  4.997 sat=507.668(set=0.289 slv=506.871 max=4.3442 n=303) cex=R/T/F=299/0/1 trsplit=0 sim=14.710(rmp=0.368 run=14.341 n=1 d=21) chk= 0.002(d=1) stat= 0.141 rest= 0.353
  [bmc-incr i=50 repr=294 active=2142/175843 POs=291]
BMC : c =    1853  cl =   3060  lit =  175613  p =     2  d =    77  f =   212  +  T =     0.29 sec
  [bmc-prof  50] wall= 286.406 p=   291 | ifo=  0.658(sd=0.133 nx=0.000 tfo=0.110 cnt=0.414) snap= 0.217 srm=  5.309 sat=268.894(set=0.294 slv=268.465 max=5.3837 n=291) cex=R/T/F=77/0/212 trsplit=0 sim=10.852(rmp=0.443 run=10.409 n=1 d=18) chk= 0.048(d=212) stat= 0.141 rest= 0.287
  [bmc-incr i=51 repr=282 active=1912/175613 POs=70]
BMC : c =    1838  cl =   3057  lit =  175595  p =     2  d =    67  f =     1  +  T =     0.26 sec
  [bmc-prof  51] wall= 256.580 p=    70 | ifo=  0.724(sd=0.164 nx=0.000 tfo=0.108 cnt=0.452) snap= 0.226 srm=  5.039 sat=239.700(set=0.320 slv=239.250 max=7.8776 n=70) cex=R/T/F=67/0/1 trsplit=0 sim=10.465(rmp=0.444 run=10.020 n=1 d=17) chk= 0.001(d=1) stat= 0.142 rest= 0.283
  [bmc-incr i=52 repr=69 active=1894/175595 POs=62]
BMC : c =    1823  cl =   3059  lit =  175538  p =     2  d =    13  f =    47  +  T =     0.07 sec
  [bmc-prof  52] wall=  70.136 p=    62 | ifo=  0.727(sd=0.161 nx=0.000 tfo=0.110 cnt=0.456) snap= 0.206 srm=  5.097 sat= 53.403(set=0.299 slv=53.079 max=5.0646 n=62) cex=R/T/F=13/0/47 trsplit=0 sim=10.276(rmp=0.423 run=9.853 n=1 d=10) chk= 0.003(d=47) stat= 0.146 rest= 0.277
  [bmc-incr i=53 repr=61 active=1837/175538 POs=20]
BMC : c =    1810  cl =   3058  lit =  175522  p =     1  d =    10  f =     9  +  T =     0.04 sec
  [bmc-prof  53] wall=  35.745 p=    20 | ifo=  0.706(sd=0.163 nx=0.000 tfo=0.102 cnt=0.440) snap= 0.239 srm=  5.218 sat= 18.323(set=0.317 slv=17.991 max=4.3218 n=20) cex=R/T/F=10/0/9 trsplit=0 sim=10.909(rmp=0.306 run=10.603 n=1 d=7) chk= 0.001(d=9) stat= 0.131 rest= 0.219
  [bmc-incr i=54 repr=19 active=1821/175522 POs=16]
BMC : c =    1800  cl =   3057  lit =  175508  p =     1  d =     6  f =     9  +  T =     0.03 sec
  [bmc-prof  54] wall=  29.704 p=    16 | ifo=  0.618(sd=0.124 nx=0.000 tfo=0.075 cnt=0.418) snap= 0.204 srm=  4.930 sat= 13.925(set=0.285 slv=13.632 max=2.8201 n=16) cex=R/T/F=6/0/9 trsplit=0 sim= 9.638(rmp=0.368 run=9.269 n=1 d=5) chk= 0.001(d=9) stat= 0.137 rest= 0.252
  [bmc-incr i=55 repr=17 active=1806/175508 POs=11]
BMC : c =    1792  cl =   3055  lit =  175498  p =     0  d =     6  f =     5  +  T =     0.03 sec
  [bmc-prof  55] wall=  27.523 p=    11 | ifo=  0.650(sd=0.145 nx=0.000 tfo=0.071 cnt=0.434) snap= 0.254 srm=  4.562 sat= 10.784(set=0.180 slv=10.597 max=3.1394 n=11) cex=R/T/F=6/0/5 trsplit=0 sim=10.918(rmp=0.376 run=10.542 n=1 d=5) chk= 0.000(d=5) stat= 0.130 rest= 0.226
  [bmc-incr i=56 repr=10 active=1796/175498 POs=9]
BMC : c =    1781  cl =   3057  lit =  175490  p =     0  d =     4  f =     5  +  T =     0.02 sec
  [bmc-prof  56] wall=  24.969 p=     9 | ifo=  0.597(sd=0.122 nx=0.000 tfo=0.056 cnt=0.419) snap= 0.208 srm=  4.176 sat=  9.256(set=0.133 slv=9.117 max=3.1737 n=9) cex=R/T/F=4/0/5 trsplit=0 sim=10.387(rmp=0.289 run=10.097 n=1 d=3) chk= 0.000(d=5) stat= 0.130 rest= 0.216
  [bmc-incr i=57 repr=11 active=1788/175490 POs=12]
BMC : c =    1773  cl =   3056  lit =  175480  p =     0  d =     7  f =     5  +  T =     0.03 sec
  [bmc-prof  57] wall=  26.662 p=    12 | ifo=  0.597(sd=0.123 nx=0.000 tfo=0.046 cnt=0.427) snap= 0.208 srm=  4.255 sat= 11.365(set=0.138 slv=11.218 max=3.6494 n=12) cex=R/T/F=7/0/5 trsplit=0 sim= 9.841(rmp=0.371 run=9.470 n=1 d=5) chk= 0.000(d=5) stat= 0.151 rest= 0.245
  [bmc-incr i=58 repr=11 active=1778/175480 POs=9]
BMC : c =    1765  cl =   3056  lit =  175472  p =     1  d =     4  f =     4  +  T =     0.03 sec
  [bmc-prof  58] wall=  27.205 p=     9 | ifo=  0.658(sd=0.150 nx=0.000 tfo=0.071 cnt=0.437) snap= 0.235 srm=  4.340 sat= 10.405(set=0.123 slv=10.275 max=3.8162 n=9) cex=R/T/F=4/0/4 trsplit=0 sim=11.188(rmp=0.323 run=10.864 n=1 d=4) chk= 0.000(d=4) stat= 0.147 rest= 0.232
  [bmc-incr i=59 repr=9 active=1769/175472 POs=8]
BMC : c =    1759  cl =   3055  lit =  175465  p =     0  d =     4  f =     4  +  T =     0.03 sec
  [bmc-prof  59] wall=  30.138 p=     8 | ifo=  0.664(sd=0.129 nx=0.000 tfo=0.064 cnt=0.471) snap= 0.282 srm=  4.615 sat= 12.817(set=0.139 slv=12.669 max=5.0416 n=8) cex=R/T/F=4/0/4 trsplit=0 sim=11.379(rmp=0.431 run=10.947 n=1 d=3) chk= 0.000(d=4) stat= 0.132 rest= 0.248
  [bmc-incr i=60 repr=7 active=1762/175465 POs=7]
BMC : c =    1752  cl =   3056  lit =  175459  p =     0  d =     3  f =     4  +  T =     0.03 sec
  [bmc-prof  60] wall=  25.452 p=     7 | ifo=  0.629(sd=0.149 nx=0.000 tfo=0.070 cnt=0.410) snap= 0.220 srm=  4.015 sat=  9.561(set=0.108 slv=9.447 max=3.6413 n=7) cex=R/T/F=3/0/4 trsplit=0 sim=10.666(rmp=0.286 run=10.379 n=1 d=2) chk= 0.000(d=4) stat= 0.139 rest= 0.222
  [bmc-incr i=61 repr=7 active=1756/175459 POs=8]
BMC : c =    1746  cl =   3055  lit =  175452  p =     0  d =     4  f =     4  +  T =     0.03 sec
  [bmc-prof  61] wall=  26.714 p=     8 | ifo=  0.643(sd=0.146 nx=0.000 tfo=0.064 cnt=0.433) snap= 0.222 srm=  4.116 sat= 10.774(set=0.117 slv=10.649 max=3.7206 n=8) cex=R/T/F=4/0/4 trsplit=0 sim=10.606(rmp=0.319 run=10.286 n=1 d=3) chk= 0.000(d=4) stat= 0.133 rest= 0.220
  [bmc-incr i=62 repr=7 active=1749/175452 POs=7]
BMC : c =    1739  cl =   3055  lit =  175445  p =     0  d =     3  f =     4  +  T =     0.02 sec
  [bmc-prof  62] wall=  25.096 p=     7 | ifo=  0.600(sd=0.124 nx=0.000 tfo=0.059 cnt=0.417) snap= 0.203 srm=  3.976 sat=  9.671(set=0.104 slv=9.561 max=3.7688 n=7) cex=R/T/F=3/0/4 trsplit=0 sim=10.302(rmp=0.299 run=10.003 n=1 d=3) chk= 0.000(d=4) stat= 0.131 rest= 0.212
  [bmc-incr i=63 repr=8 active=1742/175445 POs=7]
BMC : c =      77  cl =   3055  lit =  175438  p =     0  d =     3  f =     4  +  T =     0.03 sec
  [bmc-prof  63] wall=  25.402 p=     7 | ifo=  0.591(sd=0.124 nx=0.000 tfo=0.058 cnt=0.409) snap= 0.202 srm=  3.988 sat=  9.835(set=0.117 slv=9.712 max=3.7373 n=7) cex=R/T/F=3/0/4 trsplit=0 sim=10.442(rmp=0.288 run=10.153 n=1 d=3) chk= 0.000(d=4) stat= 0.135 rest= 0.209
  [bmc-incr i=64 repr=1663 active=1735/175438 POs=1662]
BMC : c =      71  cl =   3055  lit =  175432  p =  1656  d =     2  f =     4  +  T =     0.42 sec
  [bmc-prof  64] wall= 422.431 p=  1662 | ifo=  0.567(sd=0.130 nx=0.000 tfo=0.028 cnt=0.409) snap= 0.203 srm=  4.559 sat=406.812(set=0.176 slv=406.515 max=3.4764 n=1662) cex=R/T/F=2/0/4 trsplit=0 sim= 9.940(rmp=0.340 run=9.599 n=1 d=2) chk= 0.001(d=4) stat= 0.122 rest= 0.226
  [bmc-incr i=65 repr=6 active=73/175432 POs=5]
BMC : c =      66  cl =   3055  lit =  175427  p =     0  d =     2  f =     3  +  T =     0.02 sec
  [bmc-prof  65] wall=  22.373 p=     5 | ifo=  0.512(sd=0.122 nx=0.000 tfo=0.007 cnt=0.384) snap= 0.186 srm=  3.904 sat=  7.840(set=0.106 slv=7.729 max=3.5217 n=5) cex=R/T/F=2/0/3 trsplit=0 sim= 9.604(rmp=0.289 run=9.314 n=1 d=2) chk= 0.000(d=3) stat= 0.119 rest= 0.207
  [bmc-incr i=66 repr=5 active=68/175427 POs=4]
BMC : c =      62  cl =   3055  lit =  175423  p =     0  d =     1  f =     3  +  T =     0.02 sec
  [bmc-prof  66] wall=  20.052 p=     4 | ifo=  0.510(sd=0.116 nx=0.000 tfo=0.005 cnt=0.390) snap= 0.215 srm=  4.188 sat=  5.196(set=0.113 slv=5.080 max=2.7094 n=4) cex=R/T/F=1/0/3 trsplit=0 sim= 9.628(rmp=0.256 run=9.371 n=1 d=1) chk= 0.000(d=3) stat= 0.126 rest= 0.189
  [bmc-incr i=67 repr=4 active=64/175423 POs=4]
BMC : c =      58  cl =   3055  lit =  175419  p =     0  d =     1  f =     3  +  T =     0.02 sec
  [bmc-prof  67] wall=  20.552 p=     4 | ifo=  0.499(sd=0.112 nx=0.000 tfo=0.002 cnt=0.385) snap= 0.185 srm=  3.864 sat=  5.544(set=0.094 slv=5.447 max=3.1262 n=4) cex=R/T/F=1/0/3 trsplit=0 sim=10.088(rmp=0.284 run=9.804 n=1 d=1) chk= 0.000(d=3) stat= 0.164 rest= 0.207
  [bmc-incr i=68 repr=4 active=60/175419 POs=3]
BMC : c =      55  cl =   3055  lit =  175416  p =     0  d =     1  f =     2  +  T =     0.07 sec
  [bmc-prof  68] wall=  70.705 p=     3 | ifo=  0.516(sd=0.117 nx=0.000 tfo=0.003 cnt=0.395) snap= 0.194 srm=  3.909 sat= 55.463(set=0.086 slv=55.370 max=53.4982 n=3) cex=R/T/F=1/0/2 trsplit=0 sim=10.112(rmp=0.394 run=9.717 n=1 d=1) chk= 0.000(d=2) stat= 0.121 rest= 0.390
  [bmc-incr i=69 repr=3 active=57/175416 POs=3]
BMC : c =      52  cl =   3055  lit =  175413  p =     0  d =     0  f =     3  +  T =     0.07 sec
  [bmc-prof  69] wall=  66.070 p=     3 | ifo=  0.509(sd=0.119 nx=0.000 tfo=0.004 cnt=0.386) snap= 0.195 srm=  3.854 sat= 61.183(set=0.099 slv=61.082 max=59.4995 n=3) cex=R/T/F=0/0/3 trsplit=0 sim= 0.000(rmp=0.000 run=0.000 n=0 d=0) chk= 0.000(d=3) stat= 0.126 rest= 0.203
  [bmc-incr i=70 repr=3 active=54/175413 POs=3]
BMC : c =      49  cl =   3055  lit =  175410  p =     0  d =     0  f =     3  +  T =     0.06 sec
  [bmc-prof  70] wall=  62.583 p=     3 | ifo=  0.501(sd=0.119 nx=0.000 tfo=0.005 cnt=0.377) snap= 0.190 srm=  3.777 sat= 57.757(set=0.097 slv=57.657 max=56.0772 n=3) cex=R/T/F=0/0/3 trsplit=0 sim= 0.000(rmp=0.000 run=0.000 n=0 d=0) chk= 0.001(d=3) stat= 0.132 rest= 0.225
  [bmc-incr i=71 repr=3 active=51/175410 POs=3]
BMC : c =      46  cl =   3055  lit =  175407  p =     0  d =     0  f =     3  +  T =     0.06 sec
  [bmc-prof  71] wall=  63.087 p=     3 | ifo=  0.508(sd=0.118 nx=0.000 tfo=0.005 cnt=0.384) snap= 0.190 srm=  4.005 sat= 58.042(set=0.099 slv=57.940 max=56.3389 n=3) cex=R/T/F=0/0/3 trsplit=0 sim= 0.000(rmp=0.000 run=0.000 n=0 d=0) chk= 0.000(d=3) stat= 0.131 rest= 0.212
  [bmc-incr i=72 repr=3 active=48/175407 POs=3]
BMC : c =      43  cl =   3055  lit =  175404  p =     0  d =     0  f =     3  +  T =     0.06 sec
  [bmc-prof  72] wall=  62.869 p=     3 | ifo=  0.506(sd=0.116 nx=0.000 tfo=0.003 cnt=0.387) snap= 0.187 srm=  3.836 sat= 57.939(set=0.094 slv=57.843 max=56.2614 n=3) cex=R/T/F=0/0/3 trsplit=0 sim= 0.000(rmp=0.000 run=0.000 n=0 d=0) chk= 0.000(d=3) stat= 0.158 rest= 0.243
  [bmc-incr i=73 repr=3 active=45/175404 POs=3]
BMC : c =      40  cl =   3055  lit =  175401  p =     0  d =     0  f =     3  +  T =     0.06 sec
  [bmc-prof  73] wall=  64.857 p=     3 | ifo=  0.579(sd=0.145 nx=0.000 tfo=0.004 cnt=0.430) snap= 0.212 srm=  4.316 sat= 59.355(set=0.106 slv=59.247 max=57.6596 n=3) cex=R/T/F=0/0/3 trsplit=0 sim= 0.000(rmp=0.000 run=0.000 n=0 d=0) chk= 0.000(d=3) stat= 0.142 rest= 0.253
  [bmc-incr i=74 repr=3 active=42/175401 POs=3]
BMC : c =      37  cl =   3055  lit =  175398  p =     0  d =     0  f =     3  +  T =     0.06 sec
  [bmc-prof  74] wall=  64.359 p=     3 | ifo=  0.496(sd=0.117 nx=0.000 tfo=0.004 cnt=0.375) snap= 0.189 srm=  3.962 sat= 59.346(set=0.097 slv=59.246 max=57.5614 n=3) cex=R/T/F=0/0/3 trsplit=0 sim= 0.000(rmp=0.000 run=0.000 n=0 d=0) chk= 0.000(d=3) stat= 0.145 rest= 0.221
  [bmc-incr i=75 repr=3 active=39/175398 POs=3]
BMC : c =      34  cl =   3055  lit =  175395  p =     0  d =     0  f =     3  +  T =     0.06 sec
  [bmc-prof  75] wall=  64.041 p=     3 | ifo=  0.559(sd=0.136 nx=0.000 tfo=0.003 cnt=0.420) snap= 0.210 srm=  3.891 sat= 59.051(set=0.103 slv=58.945 max=57.3580 n=3) cex=R/T/F=0/0/3 trsplit=0 sim= 0.000(rmp=0.000 run=0.000 n=0 d=0) chk= 0.000(d=3) stat= 0.127 rest= 0.203
  [bmc-incr i=76 repr=3 active=36/175395 POs=3]
BMC : c =      31  cl =   3055  lit =  175392  p =     0  d =     0  f =     3  +  T =     0.05 sec
  [bmc-prof  76] wall=  49.328 p=     3 | ifo=  0.495(sd=0.115 nx=0.000 tfo=0.004 cnt=0.377) snap= 0.193 srm=  4.092 sat= 44.225(set=0.111 slv=44.112 max=42.5264 n=3) cex=R/T/F=0/0/3 trsplit=0 sim= 0.000(rmp=0.000 run=0.000 n=0 d=0) chk= 0.000(d=3) stat= 0.124 rest= 0.199
  [bmc-incr i=77 repr=3 active=33/175392 POs=3]
BMC : c =      28  cl =   3055  lit =  175389  p =     0  d =     0  f =     3  +  T =     0.04 sec
  [bmc-prof  77] wall=  38.087 p=     3 | ifo=  0.505(sd=0.115 nx=0.000 tfo=0.004 cnt=0.385) snap= 0.189 srm=  4.202 sat= 32.860(set=0.094 slv=32.764 max=31.0762 n=3) cex=R/T/F=0/0/3 trsplit=0 sim= 0.000(rmp=0.000 run=0.000 n=0 d=0) chk= 0.000(d=3) stat= 0.126 rest= 0.205
  [bmc-incr i=78 repr=3 active=30/175389 POs=3]
BMC : c =      25  cl =   3055  lit =  175386  p =     0  d =     0  f =     3  +  T =     0.03 sec
  [bmc-prof  78] wall=  28.529 p=     3 | ifo=  0.517(sd=0.118 nx=0.000 tfo=0.002 cnt=0.397) snap= 0.188 srm=  3.842 sat= 23.663(set=0.091 slv=23.570 max=21.9856 n=3) cex=R/T/F=0/0/3 trsplit=0 sim= 0.000(rmp=0.000 run=0.000 n=0 d=0) chk= 0.000(d=3) stat= 0.121 rest= 0.198
  [bmc-incr i=79 repr=3 active=27/175386 POs=3]
BMC : c =      22  cl =   3055  lit =  175383  p =     0  d =     0  f =     3  +  T =     0.02 sec
  [bmc-prof  79] wall=  22.114 p=     3 | ifo=  0.502(sd=0.118 nx=0.000 tfo=0.003 cnt=0.381) snap= 0.192 srm=  3.965 sat= 16.415(set=0.092 slv=16.318 max=14.6739 n=3) cex=R/T/F=0/0/3 trsplit=0 sim= 0.000(rmp=0.000 run=0.000 n=0 d=0) chk= 0.001(d=3) stat= 0.367 rest= 0.672
  [bmc-incr i=80 repr=3 active=24/175383 POs=3]
BMC : c =      19  cl =   3055  lit =  175380  p =     0  d =     0  f =     3  +  T =     0.02 sec
  [bmc-prof  80] wall=  15.615 p=     3 | ifo=  1.315(sd=0.315 nx=0.000 tfo=0.007 cnt=0.993) snap= 0.206 srm=  4.088 sat=  9.673(set=0.097 slv=9.574 max=7.9642 n=3) cex=R/T/F=0/0/3 trsplit=0 sim= 0.000(rmp=0.000 run=0.000 n=0 d=0) chk= 0.000(d=3) stat= 0.129 rest= 0.203
  [bmc-incr i=81 repr=3 active=21/175380 POs=3]
BMC : c =      16  cl =   3055  lit =  175377  p =     0  d =     0  f =     3  +  T =     0.01 sec
  [bmc-prof  81] wall=  14.121 p=     3 | ifo=  0.504(sd=0.116 nx=0.000 tfo=0.002 cnt=0.386) snap= 0.186 srm=  3.868 sat=  9.254(set=0.090 slv=9.162 max=7.5704 n=3) cex=R/T/F=0/0/3 trsplit=0 sim= 0.000(rmp=0.000 run=0.000 n=0 d=0) chk= 0.000(d=3) stat= 0.118 rest= 0.192
  [bmc-incr i=82 repr=3 active=18/175377 POs=3]
BMC : c =      13  cl =   3055  lit =  175374  p =     0  d =     0  f =     3  +  T =     0.01 sec
  [bmc-prof  82] wall=  14.752 p=     3 | ifo=  0.484(sd=0.110 nx=0.000 tfo=0.002 cnt=0.373) snap= 0.214 srm=  4.269 sat=  9.453(set=0.100 slv=9.351 max=7.7556 n=3) cex=R/T/F=0/0/3 trsplit=0 sim= 0.000(rmp=0.000 run=0.000 n=0 d=0) chk= 0.000(d=3) stat= 0.128 rest= 0.204
  [bmc-incr i=83 repr=3 active=15/175374 POs=3]
BMC : c =      11  cl =   3054  lit =  175371  p =     0  d =     1  f =     2  +  T =     0.02 sec
  [bmc-prof  83] wall=  20.056 p=     3 | ifo=  0.505(sd=0.114 nx=0.000 tfo=0.001 cnt=0.389) snap= 0.200 srm=  4.539 sat=  4.494(set=0.172 slv=4.319 max=2.7175 n=3) cex=R/T/F=1/0/2 trsplit=0 sim= 9.995(rmp=0.270 run=9.724 n=1 d=1) chk= 0.000(d=2) stat= 0.122 rest= 0.200
  [bmc-incr i=84 repr=3 active=12/175371 POs=2]
BMC : c =       9  cl =   3054  lit =  175369  p =     0  d =     0  f =     2  +  T =     0.01 sec
  [bmc-prof  84] wall=   6.424 p=     2 | ifo=  0.491(sd=0.115 nx=0.000 tfo=0.002 cnt=0.374) snap= 0.199 srm=  3.741 sat=  1.683(set=0.082 slv=1.599 max=0.8025 n=2) cex=R/T/F=0/0/2 trsplit=0 sim= 0.000(rmp=0.000 run=0.000 n=0 d=0) chk= 0.000(d=2) stat= 0.121 rest= 0.187
  [bmc-incr i=85 repr=2 active=10/175369 POs=2]
BMC : c =       7  cl =   3054  lit =  175367  p =     0  d =     0  f =     2  +  T =     0.01 sec
  [bmc-prof  85] wall=   6.331 p=     2 | ifo=  0.484(sd=0.110 nx=0.000 tfo=0.002 cnt=0.373) snap= 0.195 srm=  3.677 sat=  1.673(set=0.074 slv=1.597 max=0.8026 n=2) cex=R/T/F=0/0/2 trsplit=0 sim= 0.000(rmp=0.000 run=0.000 n=0 d=0) chk= 0.000(d=2) stat= 0.116 rest= 0.186
  [bmc-incr i=86 repr=2 active=8/175367 POs=2]
BMC : c =       5  cl =   3054  lit =  175365  p =     0  d =     0  f =     2  +  T =     0.01 sec
  [bmc-prof  86] wall=   6.315 p=     2 | ifo=  0.482(sd=0.109 nx=0.000 tfo=0.001 cnt=0.372) snap= 0.184 srm=  3.664 sat=  1.684(set=0.072 slv=1.611 max=0.8143 n=2) cex=R/T/F=0/0/2 trsplit=0 sim= 0.000(rmp=0.000 run=0.000 n=0 d=0) chk= 0.000(d=2) stat= 0.115 rest= 0.187
  [bmc-incr i=87 repr=2 active=6/175365 POs=2]
BMC : c =       3  cl =   3054  lit =  175363  p =     0  d =     0  f =     2  +  T =     0.01 sec
  [bmc-prof  87] wall=   6.356 p=     2 | ifo=  0.484(sd=0.110 nx=0.000 tfo=0.001 cnt=0.373) snap= 0.184 srm=  3.690 sat=  1.692(set=0.077 slv=1.614 max=0.8107 n=2) cex=R/T/F=0/0/2 trsplit=0 sim= 0.000(rmp=0.000 run=0.000 n=0 d=0) chk= 0.000(d=2) stat= 0.120 rest= 0.186
  [bmc-incr i=88 repr=2 active=4/175363 POs=1]
BMC : c =       2  cl =   3054  lit =  175362  p =     0  d =     0  f =     1  +  T =     0.01 sec
  [bmc-prof  88] wall=   5.754 p=     1 | ifo=  0.481(sd=0.109 nx=0.000 tfo=0.001 cnt=0.371) snap= 0.188 srm=  3.740 sat=  0.891(set=0.072 slv=0.818 max=0.8181 n=1) cex=R/T/F=0/0/1 trsplit=0 sim= 0.000(rmp=0.000 run=0.000 n=0 d=0) chk= 0.000(d=1) stat= 0.115 rest= 0.338
  [bmc-incr i=89 repr=1 active=3/175362 POs=0]
  [bmc-prof ALL] wall=11614.871 p=998705 | ifo=128.038(sd=12.502 nx=0.000 tfo=80.801 cnt=34.735) snap=19.510 srm=785.022 sat=9464.256(set=35.874 slv=9358.200 max=59.4995 n=998705) cex=R/T/F=146354/0/1076 trsplit=0 sim=1178.912(rmp=25.524 run=1153.347 n=70 d=35947) chk= 1.448(d=1076) stat=11.673 rest=26.011
  1 : c =       1  cl =   3054  lit =  175348  p =175982  d =     0  f =    14  +  T =     0.49 sec
  [prof   1] wall= 494.781 p=175996 | ifo=  0.000(sd=0.000 nx=0.000 tfo=0.000 cnt=0.000) snap= 0.204 srm= 33.205 sat=460.791(set=3.222 slv=449.628 max=1.7099 n=175996) cex=R/T/F=0/0/14 trsplit=0 sim= 0.000(rmp=0.000 run=0.000 n=0 d=0) chk= 0.177(d=14) stat= 0.171 rest= 0.233
  [incr r=1 repr=14 next=26 tfo=2958 active=1485/178402 POs=1484]
  2 : c =       1  cl =   3054  lit =  175334  p =  1470  d =     0  f =    14  +  T =     0.35 sec
  [prof   2] wall= 347.357 p=  1484 | ifo=  0.786(sd=0.138 nx=0.109 tfo=0.066 cnt=0.473) snap= 0.198 srm=  5.683 sat=340.269(set=0.450 slv=339.714 max=1.0560 n=1484) cex=R/T/F=0/0/14 trsplit=0 sim= 0.000(rmp=0.000 run=0.000 n=0 d=0) chk= 0.048(d=14) stat= 0.139 rest= 0.234
  [incr r=2 repr=14 next=26 tfo=2956 active=1471/178388 POs=1470]
  3 : c =       0  cl =   3054  lit =  175321  p =  1457  d =     0  f =    13  -  T =     0.35 sec
  [prof   3] wall= 348.983 p=  1470 | ifo=  0.792(sd=0.125 nx=0.111 tfo=0.062 cnt=0.494) snap= 0.183 srm=  6.352 sat=341.227(set=0.562 slv=340.561 max=0.8813 n=1470) cex=R/T/F=0/0/13 trsplit=0 sim= 0.000(rmp=0.000 run=0.000 n=0 d=0) chk= 0.044(d=13) stat= 0.137 rest= 0.249
  [incr r=3 repr=13 next=24 tfo=2954 active=1457/178375 POs=1457]
  4 : c =       0  cl =   3054  lit =  175309  p =  1445  d =     0  f =    12  -  T =     0.34 sec
  [prof   4] wall= 340.933 p=  1457 | ifo=  0.797(sd=0.132 nx=0.110 tfo=0.063 cnt=0.493) snap= 0.183 srm=  2.749 sat=336.797(set=0.160 slv=336.533 max=1.8428 n=1457) cex=R/T/F=0/0/12 trsplit=0 sim= 0.000(rmp=0.000 run=0.000 n=0 d=0) chk= 0.043(d=12) stat= 0.136 rest= 0.228
  [incr r=4 repr=12 next=23 tfo=2952 active=1445/178363 POs=1445]
  5 : c =       0  cl =   3054  lit =  175298  p =  1434  d =     0  f =    11  -  T =     0.33 sec
  [prof   5] wall= 333.267 p=  1445 | ifo=  0.773(sd=0.124 nx=0.105 tfo=0.062 cnt=0.481) snap= 0.182 srm=  2.689 sat=329.208(set=0.189 slv=328.917 max=0.8526 n=1445) cex=R/T/F=0/0/11 trsplit=0 sim= 0.000(rmp=0.000 run=0.000 n=0 d=0) chk= 0.040(d=11) stat= 0.148 rest= 0.227
  [incr r=5 repr=11 next=22 tfo=2950 active=1434/178352 POs=1434]
  6 : c =       0  cl =   3054  lit =  175287  p =  1423  d =     0  f =    11  -  T =     0.33 sec
  [prof   6] wall= 331.667 p=  1434 | ifo=  0.778(sd=0.127 nx=0.112 tfo=0.064 cnt=0.475) snap= 0.182 srm=  2.735 sat=327.549(set=0.155 slv=327.289 max=0.9956 n=1434) cex=R/T/F=0/0/11 trsplit=0 sim= 0.000(rmp=0.000 run=0.000 n=0 d=0) chk= 0.040(d=11) stat= 0.138 rest= 0.246
  [incr r=6 repr=11 next=22 tfo=2948 active=1423/178341 POs=1423]
  7 : c =       0  cl =   3054  lit =  175276  p =  1412  d =     0  f =    11  -  T =     0.34 sec
  [prof   7] wall= 337.833 p=  1423 | ifo=  0.774(sd=0.126 nx=0.107 tfo=0.060 cnt=0.480) snap= 0.210 srm=  2.955 sat=333.475(set=0.181 slv=333.178 max=1.5781 n=1423) cex=R/T/F=0/0/11 trsplit=0 sim= 0.000(rmp=0.000 run=0.000 n=0 d=0) chk= 0.051(d=11) stat= 0.141 rest= 0.226
  [incr r=7 repr=11 next=22 tfo=2946 active=1412/178330 POs=1412]
  8 : c =       0  cl =   3054  lit =  175265  p =  1401  d =     0  f =    11  -  T =     0.34 sec
  [prof   8] wall= 335.392 p=  1412 | ifo=  0.819(sd=0.147 nx=0.140 tfo=0.064 cnt=0.468) snap= 0.203 srm=  2.815 sat=331.140(set=0.163 slv=330.867 max=1.0821 n=1412) cex=R/T/F=0/0/11 trsplit=0 sim= 0.000(rmp=0.000 run=0.000 n=0 d=0) chk= 0.039(d=11) stat= 0.151 rest= 0.225
  [incr r=8 repr=11 next=21 tfo=2944 active=1401/178319 POs=1401]
  9 : c =       0  cl =   3054  lit =  175255  p =  1391  d =     0  f =    10  -  T =     0.32 sec
  [prof   9] wall= 323.288 p=  1401 | ifo=  0.762(sd=0.126 nx=0.107 tfo=0.061 cnt=0.467) snap= 0.182 srm=  2.766 sat=319.165(set=0.152 slv=318.915 max=0.9154 n=1401) cex=R/T/F=0/0/10 trsplit=0 sim= 0.000(rmp=0.000 run=0.000 n=0 d=0) chk= 0.038(d=10) stat= 0.143 rest= 0.231
  [incr r=9 repr=10 next=20 tfo=1486 active=1390/178309 POs=1390]
 10 : c =       0  cl =   3054  lit =  175245  p =  1380  d =     0  f =    10  -  T =     0.33 sec
  [prof  10] wall= 330.029 p=  1390 | ifo=  0.750(sd=0.124 nx=0.104 tfo=0.046 cnt=0.476) snap= 0.357 srm=  3.766 sat=324.763(set=0.298 slv=324.362 max=1.4200 n=1390) cex=R/T/F=0/0/10 trsplit=0 sim= 0.000(rmp=0.000 run=0.000 n=0 d=0) chk= 0.037(d=10) stat= 0.137 rest= 0.221
  [incr r=10 repr=10 next=20 tfo=1485 active=1380/178299 POs=1380]
 11 : c =       0  cl =   3054  lit =  175235  p =  1370  d =     0  f =    10  -  T =     0.33 sec
  [prof  11] wall= 325.543 p=  1380 | ifo=  0.731(sd=0.124 nx=0.107 tfo=0.038 cnt=0.462) snap= 0.182 srm=  2.667 sat=321.565(set=0.153 slv=321.311 max=0.8345 n=1380) cex=R/T/F=0/0/10 trsplit=0 sim= 0.000(rmp=0.000 run=0.000 n=0 d=0) chk= 0.038(d=10) stat= 0.139 rest= 0.222
  [incr r=11 repr=10 next=20 tfo=1484 active=1370/178289 POs=1370]
 12 : c =       0  cl =   3054  lit =  175225  p =  1360  d =     0  f =    10  -  T =     0.32 sec
  [prof  12] wall= 322.018 p=  1370 | ifo=  0.762(sd=0.132 nx=0.110 tfo=0.040 cnt=0.479) snap= 0.182 srm=  2.714 sat=317.959(set=0.155 slv=317.700 max=1.6214 n=1370) cex=R/T/F=0/0/10 trsplit=0 sim= 0.000(rmp=0.000 run=0.000 n=0 d=0) chk= 0.037(d=10) stat= 0.141 rest= 0.223
  [incr r=12 repr=10 next=20 tfo=1483 active=1360/178279 POs=1360]
 13 : c =       0  cl =   3054  lit =  175215  p =  1350  d =     0  f =    10  -  T =     0.32 sec
  [prof  13] wall= 321.534 p=  1360 | ifo=  0.762(sd=0.128 nx=0.110 tfo=0.052 cnt=0.472) snap= 0.191 srm=  2.827 sat=317.318(set=0.151 slv=317.063 max=0.8771 n=1360) cex=R/T/F=0/0/10 trsplit=0 sim= 0.000(rmp=0.000 run=0.000 n=0 d=0) chk= 0.039(d=10) stat= 0.166 rest= 0.231
  [incr r=13 repr=10 next=20 tfo=1482 active=1350/178269 POs=1350]
 14 : c =       0  cl =   3054  lit =  175205  p =  1340  d =     0  f =    10  -  T =     0.32 sec
  [prof  14] wall= 318.681 p=  1350 | ifo=  0.771(sd=0.132 nx=0.116 tfo=0.042 cnt=0.481) snap= 0.181 srm=  2.738 sat=314.585(set=0.156 slv=314.325 max=0.9369 n=1350) cex=R/T/F=0/0/10 trsplit=0 sim= 0.000(rmp=0.000 run=0.000 n=0 d=0) chk= 0.037(d=10) stat= 0.142 rest= 0.227
  [incr r=14 repr=10 next=20 tfo=1481 active=1340/178259 POs=1340]
 15 : c =       0  cl =   3054  lit =  175195  p =  1330  d =     0  f =    10  -  T =     0.32 sec
  [prof  15] wall= 319.859 p=  1340 | ifo=  0.770(sd=0.128 nx=0.112 tfo=0.049 cnt=0.480) snap= 0.193 srm=  2.722 sat=315.754(set=0.161 slv=315.485 max=1.8399 n=1340) cex=R/T/F=0/0/10 trsplit=0 sim= 0.000(rmp=0.000 run=0.000 n=0 d=0) chk= 0.037(d=10) stat= 0.147 rest= 0.235
  [incr r=15 repr=10 next=20 tfo=1480 active=1330/178249 POs=1330]
 16 : c =       0  cl =   3054  lit =  175185  p =  1320  d =     0  f =    10  -  T =     0.32 sec
  [prof  16] wall= 323.688 p=  1330 | ifo=  0.801(sd=0.135 nx=0.117 tfo=0.045 cnt=0.504) snap= 0.198 srm=  2.873 sat=319.390(set=0.178 slv=319.096 max=0.9367 n=1330) cex=R/T/F=0/0/10 trsplit=0 sim= 0.000(rmp=0.000 run=0.000 n=0 d=0) chk= 0.037(d=10) stat= 0.147 rest= 0.241
  [incr r=16 repr=10 next=20 tfo=1479 active=1320/178239 POs=1320]
 17 : c =       0  cl =   3054  lit =  175175  p =  1310  d =     0  f =    10  -  T =     0.32 sec
  [prof  17] wall= 319.796 p=  1320 | ifo=  0.776(sd=0.132 nx=0.127 tfo=0.042 cnt=0.475) snap= 0.184 srm=  2.730 sat=315.676(set=0.153 slv=315.418 max=0.8747 n=1320) cex=R/T/F=0/0/10 trsplit=0 sim= 0.000(rmp=0.000 run=0.000 n=0 d=0) chk= 0.038(d=10) stat= 0.152 rest= 0.239
  [incr r=17 repr=10 next=20 tfo=1478 active=1310/178229 POs=1310]
 18 : c =       0  cl =   3054  lit =  175165  p =  1300  d =     0  f =    10  -  T =     0.32 sec
  [prof  18] wall= 315.667 p=  1310 | ifo=  0.768(sd=0.131 nx=0.113 tfo=0.041 cnt=0.482) snap= 0.200 srm=  2.877 sat=311.400(set=0.168 slv=311.124 max=0.8839 n=1310) cex=R/T/F=0/0/10 trsplit=0 sim= 0.000(rmp=0.000 run=0.000 n=0 d=0) chk= 0.039(d=10) stat= 0.152 rest= 0.232
  [incr r=18 repr=10 next=20 tfo=1477 active=1300/178219 POs=1300]
 19 : c =       0  cl =   3054  lit =  175155  p =  1290  d =     0  f =    10  -  T =     0.31 sec
  [prof  19] wall= 306.259 p=  1300 | ifo=  0.785(sd=0.130 nx=0.111 tfo=0.040 cnt=0.504) snap= 0.191 srm=  2.881 sat=301.989(set=0.161 slv=301.728 max=0.9176 n=1300) cex=R/T/F=0/0/10 trsplit=0 sim= 0.000(rmp=0.000 run=0.000 n=0 d=0) chk= 0.036(d=10) stat= 0.144 rest= 0.233
  [incr r=19 repr=10 next=20 tfo=1476 active=1290/178209 POs=1290]
 20 : c =       0  cl =   3054  lit =  175145  p =  1280  d =     0  f =    10  -  T =     0.31 sec
  [prof  20] wall= 313.376 p=  1290 | ifo=  0.791(sd=0.185 nx=0.107 tfo=0.043 cnt=0.457) snap= 0.182 srm=  2.679 sat=309.271(set=0.155 slv=309.013 max=1.0035 n=1290) cex=R/T/F=0/0/10 trsplit=0 sim= 0.000(rmp=0.000 run=0.000 n=0 d=0) chk= 0.041(d=10) stat= 0.159 rest= 0.253
  [incr r=20 repr=10 next=20 tfo=1475 active=1280/178199 POs=1280]
 21 : c =       0  cl =   3054  lit =  175135  p =  1270  d =     0  f =    10  -  T =     0.31 sec
  [prof  21] wall= 306.778 p=  1280 | ifo=  0.983(sd=0.306 nx=0.127 tfo=0.048 cnt=0.502) snap= 0.208 srm=  2.958 sat=302.154(set=0.178 slv=301.880 max=1.2187 n=1280) cex=R/T/F=0/0/10 trsplit=0 sim= 0.000(rmp=0.000 run=0.000 n=0 d=0) chk= 0.038(d=10) stat= 0.142 rest= 0.295
  [incr r=21 repr=10 next=20 tfo=1474 active=1270/178189 POs=1270]
 22 : c =       0  cl =   3054  lit =  175125  p =  1260  d =     0  f =    10  -  T =     0.30 sec
  [prof  22] wall= 302.224 p=  1270 | ifo=  0.817(sd=0.134 nx=0.110 tfo=0.040 cnt=0.533) snap= 0.183 srm=  2.700 sat=297.993(set=0.162 slv=297.734 max=0.9275 n=1270) cex=R/T/F=0/0/10 trsplit=0 sim= 0.000(rmp=0.000 run=0.000 n=0 d=0) chk= 0.058(d=10) stat= 0.193 rest= 0.280
  [incr r=22 repr=10 next=20 tfo=1473 active=1260/178179 POs=1260]
 23 : c =       0  cl =   3054  lit =  175115  p =  1250  d =     0  f =    10  -  T =     0.30 sec
  [prof  23] wall= 303.122 p=  1260 | ifo=  0.902(sd=0.170 nx=0.157 tfo=0.043 cnt=0.532) snap= 0.222 srm=  2.980 sat=298.601(set=0.173 slv=298.324 max=0.9376 n=1260) cex=R/T/F=0/0/10 trsplit=0 sim= 0.000(rmp=0.000 run=0.000 n=0 d=0) chk= 0.038(d=10) stat= 0.141 rest= 0.239
  [incr r=23 repr=10 next=20 tfo=1472 active=1250/178169 POs=1250]
 24 : c =       0  cl =   3054  lit =  175105  p =  1240  d =     0  f =    10  -  T =     0.29 sec
  [prof  24] wall= 294.480 p=  1250 | ifo=  0.796(sd=0.124 nx=0.110 tfo=0.048 cnt=0.515) snap= 0.259 srm=  2.729 sat=290.296(set=0.241 slv=289.965 max=1.1468 n=1250) cex=R/T/F=0/0/10 trsplit=0 sim= 0.000(rmp=0.000 run=0.000 n=0 d=0) chk= 0.035(d=10) stat= 0.141 rest= 0.224
  [incr r=24 repr=10 next=20 tfo=1471 active=1240/178159 POs=1240]
 25 : c =       0  cl =   3054  lit =  175095  p =  1230  d =     0  f =    10  -  T =     0.29 sec
  [prof  25] wall= 293.209 p=  1240 | ifo=  0.755(sd=0.125 nx=0.117 tfo=0.043 cnt=0.470) snap= 0.222 srm=  2.965 sat=288.858(set=0.188 slv=288.576 max=1.3011 n=1240) cex=R/T/F=0/0/10 trsplit=0 sim= 0.000(rmp=0.000 run=0.000 n=0 d=0) chk= 0.035(d=10) stat= 0.142 rest= 0.232
  [incr r=25 repr=10 next=20 tfo=1470 active=1230/178149 POs=1230]
 26 : c =       0  cl =   3054  lit =  175085  p =  1220  d =     0  f =    10  -  T =     0.29 sec
  [prof  26] wall= 292.060 p=  1230 | ifo=  0.745(sd=0.125 nx=0.115 tfo=0.042 cnt=0.463) snap= 0.183 srm=  2.735 sat=287.853(set=0.148 slv=287.608 max=0.9873 n=1230) cex=R/T/F=0/0/10 trsplit=0 sim= 0.000(rmp=0.000 run=0.000 n=0 d=0) chk= 0.054(d=10) stat= 0.186 rest= 0.304
  [incr r=26 repr=10 next=20 tfo=1469 active=1220/178139 POs=1220]
 27 : c =       0  cl =   3054  lit =  175075  p =  1210  d =     0  f =    10  -  T =     0.29 sec
  [prof  27] wall= 289.451 p=  1220 | ifo=  0.901(sd=0.158 nx=0.157 tfo=0.047 cnt=0.538) snap= 0.192 srm=  2.903 sat=285.032(set=0.163 slv=284.774 max=0.9376 n=1220) cex=R/T/F=0/0/10 trsplit=0 sim= 0.000(rmp=0.000 run=0.000 n=0 d=0) chk= 0.036(d=10) stat= 0.150 rest= 0.237
  [incr r=27 repr=10 next=20 tfo=1468 active=1210/178129 POs=1210]
 28 : c =       0  cl =   3054  lit =  175065  p =  1200  d =     0  f =    10  -  T =     0.29 sec
  [prof  28] wall= 294.590 p=  1210 | ifo=  0.849(sd=0.132 nx=0.113 tfo=0.077 cnt=0.527) snap= 0.187 srm=  2.925 sat=290.127(set=0.188 slv=289.836 max=0.9864 n=1210) cex=R/T/F=0/0/10 trsplit=0 sim= 0.000(rmp=0.000 run=0.000 n=0 d=0) chk= 0.052(d=10) stat= 0.179 rest= 0.271
  [incr r=28 repr=10 next=20 tfo=1467 active=1200/178119 POs=1200]
 29 : c =       0  cl =   3054  lit =  175055  p =  1190  d =     0  f =    10  -  T =     0.28 sec
  [prof  29] wall= 281.593 p=  1200 | ifo=  0.870(sd=0.164 nx=0.150 tfo=0.046 cnt=0.510) snap= 0.220 srm=  2.991 sat=276.981(set=0.173 slv=276.718 max=0.8306 n=1200) cex=R/T/F=0/0/10 trsplit=0 sim= 0.000(rmp=0.000 run=0.000 n=0 d=0) chk= 0.058(d=10) stat= 0.186 rest= 0.288
  [incr r=29 repr=10 next=20 tfo=1466 active=1190/178109 POs=1190]
 30 : c =       0  cl =   3054  lit =  175045  p =  1180  d =     0  f =    10  -  T =     0.28 sec
  [prof  30] wall= 284.108 p=  1190 | ifo=  1.000(sd=0.194 nx=0.185 tfo=0.047 cnt=0.575) snap= 0.233 srm=  3.302 sat=279.165(set=0.189 slv=278.888 max=0.8393 n=1190) cex=R/T/F=0/0/10 trsplit=0 sim= 0.000(rmp=0.000 run=0.000 n=0 d=0) chk= 0.033(d=10) stat= 0.147 rest= 0.227
  [incr r=30 repr=10 next=20 tfo=1465 active=1180/178099 POs=1180]
 31 : c =       0  cl =   3054  lit =  175035  p =  1170  d =     0  f =    10  -  T =     0.28 sec
  [prof  31] wall= 280.939 p=  1180 | ifo=  0.766(sd=0.137 nx=0.109 tfo=0.049 cnt=0.471) snap= 0.183 srm=  2.730 sat=276.735(set=0.160 slv=276.414 max=0.9105 n=1180) cex=R/T/F=0/0/10 trsplit=0 sim= 0.000(rmp=0.000 run=0.000 n=0 d=0) chk= 0.051(d=10) stat= 0.191 rest= 0.284
  [incr r=31 repr=10 next=20 tfo=1464 active=1170/178089 POs=1170]
 32 : c =       0  cl =   3054  lit =  175025  p =  1160  d =     0  f =    10  -  T =     0.27 sec
  [prof  32] wall= 271.887 p=  1170 | ifo=  0.898(sd=0.152 nx=0.157 tfo=0.045 cnt=0.544) snap= 0.225 srm=  2.916 sat=267.444(set=0.160 slv=267.203 max=0.8274 n=1170) cex=R/T/F=0/0/10 trsplit=0 sim= 0.000(rmp=0.000 run=0.000 n=0 d=0) chk= 0.034(d=10) stat= 0.144 rest= 0.226
  [incr r=32 repr=10 next=20 tfo=1463 active=1160/178079 POs=1160]
 33 : c =       0  cl =   3054  lit =  175015  p =  1150  d =     0  f =    10  -  T =     0.27 sec
  [prof  33] wall= 267.800 p=  1160 | ifo=  0.751(sd=0.128 nx=0.110 tfo=0.041 cnt=0.472) snap= 0.188 srm=  2.708 sat=263.746(set=0.156 slv=263.511 max=0.8133 n=1160) cex=R/T/F=0/0/10 trsplit=0 sim= 0.000(rmp=0.000 run=0.000 n=0 d=0) chk= 0.033(d=10) stat= 0.142 rest= 0.230
  [incr r=33 repr=10 next=20 tfo=1462 active=1150/178069 POs=1150]
 34 : c =       0  cl =   3054  lit =  175005  p =  1140  d =     0  f =    10  -  T =     0.27 sec
  [prof  34] wall= 270.957 p=  1150 | ifo=  0.753(sd=0.131 nx=0.125 tfo=0.041 cnt=0.456) snap= 0.183 srm=  2.760 sat=266.849(set=0.160 slv=266.609 max=0.8546 n=1150) cex=R/T/F=0/0/10 trsplit=0 sim= 0.000(rmp=0.000 run=0.000 n=0 d=0) chk= 0.034(d=10) stat= 0.146 rest= 0.232
  [incr r=34 repr=10 next=20 tfo=1461 active=1140/178059 POs=1140]
 35 : c =       0  cl =   3054  lit =  174995  p =  1130  d =     0  f =    10  -  T =     0.27 sec
  [prof  35] wall= 273.173 p=  1140 | ifo=  0.771(sd=0.137 nx=0.112 tfo=0.042 cnt=0.480) snap= 0.191 srm=  2.772 sat=269.009(set=0.175 slv=268.748 max=1.0085 n=1140) cex=R/T/F=0/0/10 trsplit=0 sim= 0.000(rmp=0.000 run=0.000 n=0 d=0) chk= 0.031(d=10) stat= 0.174 rest= 0.224
  [incr r=35 repr=10 next=20 tfo=1460 active=1130/178049 POs=1130]
 36 : c =       0  cl =   3054  lit =  174985  p =  1120  d =     0  f =    10  -  T =     0.26 sec
  [prof  36] wall= 263.523 p=  1130 | ifo=  0.745(sd=0.127 nx=0.113 tfo=0.041 cnt=0.463) snap= 0.184 srm=  2.689 sat=259.480(set=0.157 slv=259.243 max=0.9254 n=1130) cex=R/T/F=0/0/10 trsplit=0 sim= 0.000(rmp=0.000 run=0.000 n=0 d=0) chk= 0.033(d=10) stat= 0.147 rest= 0.245
  [incr r=36 repr=10 next=20 tfo=1459 active=1120/178039 POs=1120]
 37 : c =       0  cl =   3054  lit =  174975  p =  1110  d =     0  f =    10  -  T =     0.27 sec
  [prof  37] wall= 271.112 p=  1120 | ifo=  0.791(sd=0.131 nx=0.112 tfo=0.041 cnt=0.506) snap= 0.182 srm=  2.745 sat=266.986(set=0.154 slv=266.747 max=0.8796 n=1120) cex=R/T/F=0/0/10 trsplit=0 sim= 0.000(rmp=0.000 run=0.000 n=0 d=0) chk= 0.033(d=10) stat= 0.146 rest= 0.230
  [incr r=37 repr=10 next=20 tfo=1458 active=1110/178029 POs=1110]
 38 : c =       0  cl =   3054  lit =  174965  p =  1100  d =     0  f =    10  -  T =     0.26 sec
  [prof  38] wall= 261.055 p=  1110 | ifo=  0.785(sd=0.140 nx=0.112 tfo=0.055 cnt=0.479) snap= 0.191 srm=  2.768 sat=256.889(set=0.160 slv=256.646 max=0.9542 n=1110) cex=R/T/F=0/0/10 trsplit=0 sim= 0.000(rmp=0.000 run=0.000 n=0 d=0) chk= 0.033(d=10) stat= 0.153 rest= 0.237
  [incr r=38 repr=10 next=20 tfo=1457 active=1100/178019 POs=1100]
 39 : c =       0  cl =   3054  lit =  174955  p =  1090  d =     0  f =    10  -  T =     0.26 sec
  [prof  39] wall= 256.286 p=  1100 | ifo=  0.777(sd=0.133 nx=0.123 tfo=0.046 cnt=0.475) snap= 0.183 srm=  2.660 sat=252.264(set=0.153 slv=252.033 max=0.8333 n=1100) cex=R/T/F=0/0/10 trsplit=0 sim= 0.000(rmp=0.000 run=0.000 n=0 d=0) chk= 0.032(d=10) stat= 0.143 rest= 0.227
  [incr r=39 repr=10 next=20 tfo=1456 active=1090/178009 POs=1090]
 40 : c =       0  cl =   3054  lit =  174945  p =  1080  d =     0  f =    10  -  T =     0.27 sec
  [prof  40] wall= 266.014 p=  1090 | ifo=  0.744(sd=0.128 nx=0.111 tfo=0.043 cnt=0.461) snap= 0.182 srm=  2.692 sat=261.964(set=0.152 slv=261.728 max=0.9902 n=1090) cex=R/T/F=0/0/10 trsplit=0 sim= 0.000(rmp=0.000 run=0.000 n=0 d=0) chk= 0.038(d=10) stat= 0.154 rest= 0.240
  [incr r=40 repr=10 next=20 tfo=1455 active=1080/177999 POs=1080]
 41 : c =       0  cl =   3054  lit =  174935  p =  1070  d =     0  f =    10  -  T =     0.28 sec
  [prof  41] wall= 280.004 p=  1080 | ifo=  0.806(sd=0.137 nx=0.118 tfo=0.044 cnt=0.506) snap= 0.200 srm=  2.932 sat=275.540(set=0.182 slv=275.275 max=0.9318 n=1080) cex=R/T/F=0/0/10 trsplit=0 sim= 0.000(rmp=0.000 run=0.000 n=0 d=0) chk= 0.049(d=10) stat= 0.196 rest= 0.282
  [incr r=41 repr=10 next=20 tfo=1454 active=1070/177989 POs=1070]
 42 : c =       0  cl =   3054  lit =  174925  p =  1060  d =     0  f =    10  -  T =     0.27 sec
  [prof  42] wall= 272.371 p=  1070 | ifo=  0.956(sd=0.168 nx=0.168 tfo=0.049 cnt=0.572) snap= 0.201 srm=  2.951 sat=267.830(set=0.172 slv=267.574 max=0.9306 n=1070) cex=R/T/F=0/0/10 trsplit=0 sim= 0.000(rmp=0.000 run=0.000 n=0 d=0) chk= 0.033(d=10) stat= 0.151 rest= 0.249
  [incr r=42 repr=10 next=20 tfo=1453 active=1060/177979 POs=1060]
 43 : c =       0  cl =   3054  lit =  174915  p =  1050  d =     0  f =    10  -  T =     0.28 sec
  [prof  43] wall= 275.813 p=  1060 | ifo=  0.798(sd=0.136 nx=0.117 tfo=0.046 cnt=0.500) snap= 0.198 srm=  2.932 sat=271.450(set=0.164 slv=271.203 max=1.0278 n=1060) cex=R/T/F=0/0/10 trsplit=0 sim= 0.000(rmp=0.000 run=0.000 n=0 d=0) chk= 0.033(d=10) stat= 0.152 rest= 0.250
  [incr r=43 repr=10 next=20 tfo=1452 active=1050/177969 POs=1050]
 44 : c =       0  cl =   3054  lit =  174905  p =  1040  d =     0  f =    10  -  T =     0.27 sec
  [prof  44] wall= 268.665 p=  1050 | ifo=  0.783(sd=0.134 nx=0.116 tfo=0.046 cnt=0.488) snap= 0.207 srm=  2.921 sat=264.305(set=0.165 slv=264.056 max=0.9145 n=1050) cex=R/T/F=0/0/10 trsplit=0 sim= 0.000(rmp=0.000 run=0.000 n=0 d=0) chk= 0.033(d=10) stat= 0.166 rest= 0.250
  [incr r=44 repr=10 next=20 tfo=1451 active=1040/177959 POs=1040]
 45 : c =       0  cl =   3054  lit =  174895  p =  1030  d =     0  f =    10  -  T =     0.27 sec
  [prof  45] wall= 268.157 p=  1040 | ifo=  0.837(sd=0.143 nx=0.145 tfo=0.043 cnt=0.506) snap= 0.199 srm=  2.966 sat=263.624(set=0.169 slv=263.373 max=1.0077 n=1040) cex=R/T/F=0/0/10 trsplit=0 sim= 0.000(rmp=0.000 run=0.000 n=0 d=0) chk= 0.047(d=10) stat= 0.186 rest= 0.298
  [incr r=45 repr=10 next=20 tfo=1450 active=1030/177949 POs=1030]
 46 : c =       0  cl =   3054  lit =  174885  p =  1020  d =     0  f =    10  -  T =     0.26 sec
  [prof  46] wall= 261.723 p=  1030 | ifo=  0.931(sd=0.164 nx=0.177 tfo=0.046 cnt=0.544) snap= 0.239 srm=  3.118 sat=257.016(set=0.180 slv=256.761 max=0.9103 n=1030) cex=R/T/F=0/0/10 trsplit=0 sim= 0.000(rmp=0.000 run=0.000 n=0 d=0) chk= 0.032(d=10) stat= 0.150 rest= 0.237
  [incr r=46 repr=10 next=20 tfo=1449 active=1020/177939 POs=1020]
 47 : c =       0  cl =   3054  lit =  174875  p =  1010  d =     0  f =    10  -  T =     0.26 sec
  [prof  47] wall= 262.491 p=  1020 | ifo=  0.800(sd=0.136 nx=0.116 tfo=0.045 cnt=0.504) snap= 0.199 srm=  2.853 sat=258.177(set=0.169 slv=257.928 max=1.0881 n=1020) cex=R/T/F=0/0/10 trsplit=0 sim= 0.000(rmp=0.000 run=0.000 n=0 d=0) chk= 0.031(d=10) stat= 0.176 rest= 0.255
  [incr r=47 repr=10 next=20 tfo=1448 active=1010/177929 POs=1010]
 48 : c =       0  cl =   3054  lit =  174865  p =  1000  d =     0  f =    10  -  T =     0.26 sec
  [prof  48] wall= 258.943 p=  1010 | ifo=  0.816(sd=0.141 nx=0.119 tfo=0.060 cnt=0.496) snap= 0.220 srm=  2.961 sat=254.513(set=0.180 slv=254.255 max=1.0366 n=1010) cex=R/T/F=0/0/10 trsplit=0 sim= 0.000(rmp=0.000 run=0.000 n=0 d=0) chk= 0.032(d=10) stat= 0.149 rest= 0.253
  [incr r=48 repr=10 next=20 tfo=1447 active=1000/177919 POs=1000]
 49 : c =       0  cl =   3054  lit =  174855  p =   990  d =     0  f =    10  -  T =     0.26 sec
  [prof  49] wall= 257.380 p=  1000 | ifo=  0.795(sd=0.135 nx=0.121 tfo=0.043 cnt=0.496) snap= 0.201 srm=  2.900 sat=253.054(set=0.180 slv=252.797 max=0.9603 n=1000) cex=R/T/F=0/0/10 trsplit=0 sim= 0.000(rmp=0.000 run=0.000 n=0 d=0) chk= 0.031(d=10) stat= 0.159 rest= 0.239
  [incr r=49 repr=10 next=20 tfo=1446 active=990/177909 POs=990]
 50 : c =       0  cl =   3054  lit =  174845  p =   980  d =     0  f =    10  -  T =     0.24 sec
  [prof  50] wall= 238.414 p=   990 | ifo=  0.787(sd=0.135 nx=0.116 tfo=0.043 cnt=0.493) snap= 0.200 srm=  2.932 sat=233.924(set=0.171 slv=233.679 max=0.9718 n=990) cex=R/T/F=0/0/10 trsplit=0 sim= 0.000(rmp=0.000 run=0.000 n=0 d=0) chk= 0.049(d=10) stat= 0.204 rest= 0.317
  [incr r=50 repr=10 next=20 tfo=1445 active=980/177899 POs=980]
 51 : c =       0  cl =   3054  lit =  174835  p =   970  d =     0  f =    10  -  T =     0.23 sec
  [prof  51] wall= 230.401 p=   980 | ifo=  0.990(sd=0.203 nx=0.165 tfo=0.044 cnt=0.578) snap= 0.214 srm=  3.005 sat=225.727(set=0.163 slv=225.495 max=0.8300 n=980) cex=R/T/F=0/0/10 trsplit=0 sim= 0.000(rmp=0.000 run=0.000 n=0 d=0) chk= 0.028(d=10) stat= 0.142 rest= 0.295
  [incr r=51 repr=10 next=19 tfo=1444 active=970/177889 POs=970]
 52 : c =       0  cl =   3054  lit =  174826  p =   961  d =     0  f =     9  -  T =     0.23 sec
  [prof  52] wall= 227.419 p=   970 | ifo=  0.734(sd=0.123 nx=0.111 tfo=0.036 cnt=0.464) snap= 0.193 srm=  2.707 sat=223.307(set=0.147 slv=223.092 max=0.9063 n=970) cex=R/T/F=0/0/9 trsplit=0 sim= 0.000(rmp=0.000 run=0.000 n=0 d=0) chk= 0.030(d=9) stat= 0.172 rest= 0.276
  [incr r=52 repr=9 next=18 tfo=1443 active=961/177880 POs=961]
 53 : c =       0  cl =   3054  lit =  174817  p =   952  d =     0  f =     9  -  T =     0.22 sec
  [prof  53] wall= 223.285 p=   961 | ifo=  0.921(sd=0.161 nx=0.160 tfo=0.060 cnt=0.539) snap= 0.183 srm=  2.789 sat=219.025(set=0.156 slv=218.807 max=0.8379 n=961) cex=R/T/F=0/0/9 trsplit=0 sim= 0.000(rmp=0.000 run=0.000 n=0 d=0) chk= 0.024(d=9) stat= 0.132 rest= 0.212
  [incr r=53 repr=9 next=18 tfo=1442 active=952/177871 POs=952]
 54 : c =       0  cl =   3054  lit =  174808  p =   943  d =     0  f =     9  -  T =     0.22 sec
  [prof  54] wall= 223.649 p=   952 | ifo=  0.704(sd=0.122 nx=0.103 tfo=0.036 cnt=0.442) snap= 0.183 srm=  2.633 sat=219.745(set=0.147 slv=219.529 max=1.4868 n=952) cex=R/T/F=0/0/9 trsplit=0 sim= 0.000(rmp=0.000 run=0.000 n=0 d=0) chk= 0.026(d=9) stat= 0.137 rest= 0.222
  [incr r=54 repr=9 next=18 tfo=1441 active=943/177862 POs=943]
 55 : c =       0  cl =   3054  lit =  174799  p =   934  d =     0  f =     9  -  T =     0.22 sec
  [prof  55] wall= 221.808 p=   943 | ifo=  0.720(sd=0.123 nx=0.106 tfo=0.037 cnt=0.454) snap= 0.184 srm=  2.678 sat=217.844(set=0.148 slv=217.629 max=0.8393 n=943) cex=R/T/F=0/0/9 trsplit=0 sim= 0.000(rmp=0.000 run=0.000 n=0 d=0) chk= 0.025(d=9) stat= 0.138 rest= 0.220
  [incr r=55 repr=9 next=18 tfo=1440 active=934/177853 POs=934]
 56 : c =       0  cl =   3054  lit =  174790  p =   925  d =     0  f =     9  -  T =     0.22 sec
  [prof  56] wall= 218.502 p=   934 | ifo=  0.733(sd=0.122 nx=0.106 tfo=0.037 cnt=0.468) snap= 0.182 srm=  2.600 sat=214.568(set=0.149 slv=214.349 max=0.8469 n=934) cex=R/T/F=0/0/9 trsplit=0 sim= 0.000(rmp=0.000 run=0.000 n=0 d=0) chk= 0.025(d=9) stat= 0.144 rest= 0.249
  [incr r=56 repr=9 next=18 tfo=1439 active=925/177844 POs=925]
 57 : c =       0  cl =   3054  lit =  174781  p =   916  d =     0  f =     9  -  T =     0.23 sec
  [prof  57] wall= 228.574 p=   925 | ifo=  0.731(sd=0.127 nx=0.107 tfo=0.036 cnt=0.460) snap= 0.185 srm=  2.698 sat=224.477(set=0.159 slv=224.248 max=1.6967 n=925) cex=R/T/F=0/0/9 trsplit=0 sim= 0.000(rmp=0.000 run=0.000 n=0 d=0) chk= 0.028(d=9) stat= 0.140 rest= 0.315
  [incr r=57 repr=9 next=18 tfo=1438 active=916/177835 POs=916]
 58 : c =       0  cl =   3054  lit =  174772  p =   907  d =     0  f =     9  -  T =     0.22 sec
  [prof  58] wall= 216.896 p=   916 | ifo=  0.742(sd=0.126 nx=0.113 tfo=0.039 cnt=0.465) snap= 0.208 srm=  2.864 sat=212.625(set=0.169 slv=212.385 max=0.9666 n=916) cex=R/T/F=0/0/9 trsplit=0 sim= 0.000(rmp=0.000 run=0.000 n=0 d=0) chk= 0.033(d=9) stat= 0.170 rest= 0.253
  [incr r=58 repr=9 next=18 tfo=1437 active=907/177826 POs=907]
 59 : c =       0  cl =   3054  lit =  174763  p =   898  d =     0  f =     9  -  T =     0.21 sec
  [prof  59] wall= 215.142 p=   907 | ifo=  0.824(sd=0.147 nx=0.141 tfo=0.036 cnt=0.500) snap= 0.191 srm=  2.558 sat=211.123(set=0.157 slv=210.898 max=0.9497 n=907) cex=R/T/F=0/0/9 trsplit=0 sim= 0.000(rmp=0.000 run=0.000 n=0 d=0) chk= 0.032(d=9) stat= 0.168 rest= 0.246
  [incr r=59 repr=9 next=18 tfo=1436 active=898/177817 POs=898]
 60 : c =       0  cl =   3054  lit =  174754  p =   889  d =     0  f =     9  -  T =     0.21 sec
  [prof  60] wall= 212.534 p=   898 | ifo=  0.835(sd=0.150 nx=0.142 tfo=0.037 cnt=0.505) snap= 0.210 srm=  2.857 sat=208.131(set=0.161 slv=207.903 max=0.9560 n=898) cex=R/T/F=0/0/9 trsplit=0 sim= 0.000(rmp=0.000 run=0.000 n=0 d=0) chk= 0.034(d=9) stat= 0.184 rest= 0.283
  [incr r=60 repr=9 next=18 tfo=1435 active=889/177808 POs=889]
 61 : c =       0  cl =   3054  lit =  174745  p =   880  d =     0  f =     9  -  T =     0.22 sec
  [prof  61] wall= 217.308 p=   889 | ifo=  0.878(sd=0.157 nx=0.157 tfo=0.042 cnt=0.522) snap= 0.224 srm=  2.937 sat=212.856(set=0.169 slv=212.617 max=0.8921 n=889) cex=R/T/F=0/0/9 trsplit=0 sim= 0.000(rmp=0.000 run=0.000 n=0 d=0) chk= 0.025(d=9) stat= 0.149 rest= 0.240
  [incr r=61 repr=9 next=18 tfo=1434 active=880/177799 POs=880]
 62 : c =       0  cl =   3054  lit =  174736  p =   871  d =     0  f =     9  -  T =     0.21 sec
  [prof  62] wall= 207.102 p=   880 | ifo=  0.774(sd=0.131 nx=0.122 tfo=0.040 cnt=0.480) snap= 0.191 srm=  2.850 sat=202.896(set=0.151 slv=202.684 max=0.8889 n=880) cex=R/T/F=0/0/9 trsplit=0 sim= 0.000(rmp=0.000 run=0.000 n=0 d=0) chk= 0.024(d=9) stat= 0.141 rest= 0.227
  [incr r=62 repr=9 next=18 tfo=1433 active=871/177790 POs=871]
 63 : c =       0  cl =   3054  lit =  174727  p =   862  d =     0  f =     9  -  T =     0.20 sec
  [prof  63] wall= 204.755 p=   871 | ifo=  0.747(sd=0.127 nx=0.110 tfo=0.041 cnt=0.469) snap= 0.183 srm=  2.673 sat=200.731(set=0.149 slv=200.522 max=0.8704 n=871) cex=R/T/F=0/0/9 trsplit=0 sim= 0.000(rmp=0.000 run=0.000 n=0 d=0) chk= 0.024(d=9) stat= 0.174 rest= 0.222
  [incr r=63 repr=9 next=18 tfo=1432 active=862/177781 POs=862]
 64 : c =       0  cl =   3054  lit =  174718  p =   853  d =     0  f =     9  -  T =     0.20 sec
  [prof  64] wall= 204.237 p=   862 | ifo=  0.742(sd=0.128 nx=0.112 tfo=0.041 cnt=0.461) snap= 0.184 srm=  2.674 sat=200.150(set=0.149 slv=199.939 max=0.9224 n=862) cex=R/T/F=0/0/9 trsplit=0 sim= 0.000(rmp=0.000 run=0.000 n=0 d=0) chk= 0.031(d=9) stat= 0.188 rest= 0.268
  [incr r=64 repr=9 next=18 tfo=1431 active=853/177772 POs=853]
 65 : c =       0  cl =   3054  lit =  174709  p =   844  d =     0  f =     9  -  T =     0.20 sec
  [prof  65] wall= 204.495 p=   853 | ifo=  0.883(sd=0.156 nx=0.156 tfo=0.043 cnt=0.528) snap= 0.211 srm=  2.904 sat=200.131(set=0.163 slv=199.907 max=1.1890 n=853) cex=R/T/F=0/0/9 trsplit=0 sim= 0.000(rmp=0.000 run=0.000 n=0 d=0) chk= 0.022(d=9) stat= 0.132 rest= 0.213
  [incr r=65 repr=9 next=18 tfo=1430 active=844/177763 POs=844]
 66 : c =       0  cl =   3054  lit =  174700  p =   835  d =     0  f =     9  -  T =     0.20 sec
  [prof  66] wall= 198.566 p=   844 | ifo=  0.696(sd=0.120 nx=0.102 tfo=0.033 cnt=0.440) snap= 0.192 srm=  2.624 sat=194.594(set=0.149 slv=194.385 max=0.8476 n=844) cex=R/T/F=0/0/9 trsplit=0 sim= 0.000(rmp=0.000 run=0.000 n=0 d=0) chk= 0.029(d=9) stat= 0.182 rest= 0.250
  [incr r=66 repr=9 next=18 tfo=1429 active=835/177754 POs=835]
 67 : c =       0  cl =   3054  lit =  174691  p =   826  d =     0  f =     9  -  T =     0.20 sec
  [prof  67] wall= 198.142 p=   835 | ifo=  0.924(sd=0.150 nx=0.146 tfo=0.039 cnt=0.590) snap= 0.213 srm=  3.276 sat=193.266(set=0.159 slv=193.049 max=0.8572 n=835) cex=R/T/F=0/0/9 trsplit=0 sim= 0.000(rmp=0.000 run=0.000 n=0 d=0) chk= 0.029(d=9) stat= 0.178 rest= 0.255
  [incr r=67 repr=9 next=18 tfo=1428 active=826/177745 POs=826]
 68 : c =       0  cl =   3054  lit =  174682  p =   817  d =     0  f =     9  -  T =     0.22 sec
  [prof  68] wall= 220.885 p=   826 | ifo=  0.971(sd=0.156 nx=0.167 tfo=0.057 cnt=0.591) snap= 0.236 srm=  3.153 sat=216.098(set=0.180 slv=215.853 max=1.0630 n=826) cex=R/T/F=0/0/9 trsplit=0 sim= 0.000(rmp=0.000 run=0.000 n=0 d=0) chk= 0.025(d=9) stat= 0.152 rest= 0.249
  [incr r=68 repr=9 next=18 tfo=1427 active=817/177736 POs=817]
 69 : c =       0  cl =   3054  lit =  174673  p =   808  d =     0  f =     9  -  T =     0.21 sec
  [prof  69] wall= 214.962 p=   817 | ifo=  0.836(sd=0.151 nx=0.128 tfo=0.045 cnt=0.512) snap= 0.207 srm=  3.076 sat=210.387(set=0.165 slv=210.149 max=0.9686 n=817) cex=R/T/F=0/0/9 trsplit=0 sim= 0.000(rmp=0.000 run=0.000 n=0 d=0) chk= 0.024(d=9) stat= 0.156 rest= 0.275
  [incr r=69 repr=9 next=18 tfo=1426 active=808/177727 POs=808]
 70 : c =       0  cl =   3054  lit =  174664  p =   799  d =     0  f =     9  -  T =     0.21 sec
  [prof  70] wall= 209.261 p=   808 | ifo=  0.806(sd=0.148 nx=0.120 tfo=0.042 cnt=0.495) snap= 0.208 srm=  2.868 sat=204.940(set=0.162 slv=204.718 max=1.0061 n=808) cex=R/T/F=0/0/9 trsplit=0 sim= 0.000(rmp=0.000 run=0.000 n=0 d=0) chk= 0.028(d=9) stat= 0.158 rest= 0.252
  [incr r=70 repr=9 next=17 tfo=1425 active=799/177718 POs=799]
 71 : c =       0  cl =   3054  lit =  174656  p =   791  d =     0  f =     8  -  T =     0.21 sec
  [prof  71] wall= 206.408 p=   799 | ifo=  0.826(sd=0.152 nx=0.137 tfo=0.035 cnt=0.502) snap= 0.228 srm=  3.004 sat=201.836(set=0.174 slv=201.600 max=0.9538 n=799) cex=R/T/F=0/0/8 trsplit=0 sim= 0.000(rmp=0.000 run=0.000 n=0 d=0) chk= 0.027(d=8) stat= 0.188 rest= 0.298
  [incr r=71 repr=8 next=16 tfo=1424 active=791/177710 POs=791]
 72 : c =       0  cl =   3054  lit =  174648  p =   783  d =     0  f =     8  -  T =     0.21 sec
  [prof  72] wall= 206.353 p=   791 | ifo=  0.926(sd=0.166 nx=0.170 tfo=0.040 cnt=0.550) snap= 0.243 srm=  3.083 sat=201.627(set=0.173 slv=201.392 max=1.0980 n=791) cex=R/T/F=0/0/8 trsplit=0 sim= 0.000(rmp=0.000 run=0.000 n=0 d=0) chk= 0.026(d=8) stat= 0.185 rest= 0.262
  [incr r=72 repr=8 next=16 tfo=1423 active=783/177702 POs=783]
 73 : c =       0  cl =   3054  lit =  174640  p =   775  d =     0  f =     8  -  T =     0.21 sec
  [prof  73] wall= 212.316 p=   783 | ifo=  0.944(sd=0.171 nx=0.160 tfo=0.039 cnt=0.574) snap= 0.240 srm=  3.055 sat=207.576(set=0.180 slv=207.332 max=1.3663 n=783) cex=R/T/F=0/0/8 trsplit=0 sim= 0.000(rmp=0.000 run=0.000 n=0 d=0) chk= 0.032(d=8) stat= 0.182 rest= 0.288
  [incr r=73 repr=8 next=16 tfo=1422 active=775/177694 POs=775]
 74 : c =       0  cl =   3054  lit =  174632  p =   767  d =     0  f =     8  -  T =     0.21 sec
  [prof  74] wall= 210.737 p=   775 | ifo=  0.970(sd=0.165 nx=0.175 tfo=0.048 cnt=0.582) snap= 0.231 srm=  3.249 sat=205.798(set=0.177 slv=205.541 max=1.0855 n=775) cex=R/T/F=0/0/8 trsplit=0 sim= 0.000(rmp=0.000 run=0.000 n=0 d=0) chk= 0.025(d=8) stat= 0.173 rest= 0.292
  [incr r=74 repr=8 next=16 tfo=1421 active=767/177686 POs=767]
 75 : c =       0  cl =   3054  lit =  174624  p =   759  d =     0  f =     8  -  T =     0.21 sec
  [prof  75] wall= 208.722 p=   767 | ifo=  0.906(sd=0.166 nx=0.163 tfo=0.036 cnt=0.540) snap= 0.239 srm=  3.089 sat=204.089(set=0.177 slv=203.848 max=1.1856 n=767) cex=R/T/F=0/0/8 trsplit=0 sim= 0.000(rmp=0.000 run=0.000 n=0 d=0) chk= 0.019(d=8) stat= 0.146 rest= 0.235
  [incr r=75 repr=8 next=16 tfo=1420 active=759/177678 POs=759]
 76 : c =       0  cl =   3054  lit =  174616  p =   751  d =     0  f =     8  -  T =     0.20 sec
  [prof  76] wall= 204.019 p=   759 | ifo=  0.802(sd=0.133 nx=0.124 tfo=0.038 cnt=0.508) snap= 0.219 srm=  2.869 sat=199.630(set=0.270 slv=199.297 max=0.9963 n=759) cex=R/T/F=0/0/8 trsplit=0 sim= 0.000(rmp=0.000 run=0.000 n=0 d=0) chk= 0.025(d=8) stat= 0.184 rest= 0.290
  [incr r=76 repr=8 next=16 tfo=1419 active=751/177670 POs=751]
 77 : c =       0  cl =   3054  lit =  174608  p =   743  d =     0  f =     8  -  T =     0.20 sec
  [prof  77] wall= 199.649 p=   751 | ifo=  1.904(sd=0.163 nx=0.336 tfo=0.071 cnt=1.334) snap= 0.244 srm=  4.493 sat=192.607(set=0.180 slv=192.366 max=1.1110 n=751) cex=R/T/F=0/0/8 trsplit=0 sim= 0.000(rmp=0.000 run=0.000 n=0 d=0) chk= 0.019(d=8) stat= 0.145 rest= 0.237
  [incr r=77 repr=8 next=16 tfo=1418 active=743/177662 POs=743]
 78 : c =       0  cl =   3054  lit =  174600  p =   735  d =     0  f =     8  -  T =     0.19 sec
  [prof  78] wall= 193.598 p=   743 | ifo=  0.780(sd=0.140 nx=0.113 tfo=0.037 cnt=0.490) snap= 0.205 srm=  2.804 sat=189.357(set=0.156 slv=189.140 max=0.9916 n=743) cex=R/T/F=0/0/8 trsplit=0 sim= 0.000(rmp=0.000 run=0.000 n=0 d=0) chk= 0.020(d=8) stat= 0.156 rest= 0.276
  [incr r=78 repr=8 next=16 tfo=1417 active=735/177654 POs=735]
 79 : c =       0  cl =   3054  lit =  174592  p =   727  d =     0  f =     8  -  T =     0.20 sec
  [prof  79] wall= 199.403 p=   735 | ifo=  0.841(sd=0.158 nx=0.122 tfo=0.042 cnt=0.518) snap= 0.214 srm=  2.920 sat=195.012(set=0.172 slv=194.776 max=1.0014 n=735) cex=R/T/F=0/0/8 trsplit=0 sim= 0.000(rmp=0.000 run=0.000 n=0 d=0) chk= 0.019(d=8) stat= 0.160 rest= 0.238
  [incr r=79 repr=8 next=16 tfo=1416 active=727/177646 POs=727]
 80 : c =       0  cl =   3054  lit =  174584  p =   719  d =     0  f =     8  -  T =     0.20 sec
  [prof  80] wall= 203.611 p=   727 | ifo=  0.809(sd=0.134 nx=0.112 tfo=0.038 cnt=0.525) snap= 0.197 srm=  2.925 sat=199.265(set=0.158 slv=199.045 max=1.1257 n=727) cex=R/T/F=0/0/8 trsplit=0 sim= 0.000(rmp=0.000 run=0.000 n=0 d=0) chk= 0.018(d=8) stat= 0.143 rest= 0.254
  [incr r=80 repr=8 next=16 tfo=1415 active=719/177638 POs=719]
 81 : c =       0  cl =   3054  lit =  174576  p =   711  d =     0  f =     8  -  T =     0.19 sec
  [prof  81] wall= 192.046 p=   719 | ifo=  0.755(sd=0.132 nx=0.108 tfo=0.039 cnt=0.477) snap= 0.198 srm=  2.796 sat=187.889(set=0.151 slv=187.678 max=1.9258 n=719) cex=R/T/F=0/0/8 trsplit=0 sim= 0.000(rmp=0.000 run=0.000 n=0 d=0) chk= 0.019(d=8) stat= 0.147 rest= 0.242
  [incr r=81 repr=8 next=16 tfo=1414 active=711/177630 POs=711]
 82 : c =       0  cl =   3054  lit =  174568  p =   703  d =     0  f =     8  -  T =     0.19 sec
  [prof  82] wall= 191.291 p=   711 | ifo=  0.977(sd=0.134 nx=0.121 tfo=0.036 cnt=0.686) snap= 0.533 srm=  3.243 sat=186.109(set=0.392 slv=185.659 max=1.4469 n=711) cex=R/T/F=0/0/8 trsplit=0 sim= 0.000(rmp=0.000 run=0.000 n=0 d=0) chk= 0.018(d=8) stat= 0.178 rest= 0.233
  [incr r=82 repr=8 next=16 tfo=1413 active=703/177622 POs=703]
 83 : c =       0  cl =   3054  lit =  174560  p =   695  d =     0  f =     8  -  T =     0.19 sec
  [prof  83] wall= 188.141 p=   703 | ifo=  0.775(sd=0.141 nx=0.113 tfo=0.036 cnt=0.485) snap= 0.209 srm=  2.849 sat=183.923(set=0.153 slv=183.711 max=1.6769 n=703) cex=R/T/F=0/0/8 trsplit=0 sim= 0.000(rmp=0.000 run=0.000 n=0 d=0) chk= 0.018(d=8) stat= 0.140 rest= 0.226
  [incr r=83 repr=8 next=16 tfo=1412 active=695/177614 POs=695]
 84 : c =       0  cl =   3054  lit =  174552  p =   687  d =     0  f =     8  -  T =     0.19 sec
  [prof  84] wall= 190.594 p=   695 | ifo=  0.842(sd=0.137 nx=0.177 tfo=0.036 cnt=0.491) snap= 0.231 srm=  2.854 sat=186.067(set=0.163 slv=185.842 max=0.9950 n=695) cex=R/T/F=0/0/8 trsplit=0 sim= 0.000(rmp=0.000 run=0.000 n=0 d=0) chk= 0.032(d=8) stat= 0.170 rest= 0.398
  [incr r=84 repr=8 next=16 tfo=1411 active=687/177606 POs=687]
 85 : c =       0  cl =   3054  lit =  174544  p =   679  d =     0  f =     8  -  T =     0.18 sec
  [prof  85] wall= 179.181 p=   687 | ifo=  0.899(sd=0.214 nx=0.144 tfo=0.043 cnt=0.499) snap= 0.215 srm=  2.847 sat=174.836(set=0.176 slv=174.607 max=1.1566 n=687) cex=R/T/F=0/0/8 trsplit=0 sim= 0.000(rmp=0.000 run=0.000 n=0 d=0) chk= 0.017(d=8) stat= 0.138 rest= 0.229
  [incr r=85 repr=8 next=16 tfo=1410 active=679/177598 POs=679]
 86 : c =       0  cl =   3054  lit =  174536  p =   671  d =     0  f =     8  -  T =     0.18 sec
  [prof  86] wall= 181.337 p=   679 | ifo=  0.731(sd=0.128 nx=0.103 tfo=0.030 cnt=0.470) snap= 0.199 srm=  2.787 sat=177.105(set=0.154 slv=176.894 max=0.9985 n=679) cex=R/T/F=0/0/8 trsplit=0 sim= 0.000(rmp=0.000 run=0.000 n=0 d=0) chk= 0.020(d=8) stat= 0.222 rest= 0.273
  [incr r=86 repr=8 next=16 tfo=1409 active=671/177590 POs=671]
 87 : c =       0  cl =   3054  lit =  174528  p =   663  d =     0  f =     8  -  T =     0.18 sec
  [prof  87] wall= 180.256 p=   671 | ifo=  1.167(sd=0.213 nx=0.214 tfo=0.073 cnt=0.667) snap= 0.246 srm=  3.201 sat=175.235(set=0.173 slv=174.998 max=1.8313 n=671) cex=R/T/F=0/0/8 trsplit=0 sim= 0.000(rmp=0.000 run=0.000 n=0 d=0) chk= 0.018(d=8) stat= 0.147 rest= 0.242
  [incr r=87 repr=8 next=16 tfo=1408 active=663/177582 POs=663]
 88 : c =       0  cl =   3054  lit =  174520  p =   655  d =     0  f =     8  -  T =     0.18 sec
  [prof  88] wall= 182.802 p=   663 | ifo=  0.772(sd=0.133 nx=0.113 tfo=0.035 cnt=0.491) snap= 0.225 srm=  2.912 sat=178.480(set=0.167 slv=178.254 max=1.0305 n=663) cex=R/T/F=0/0/8 trsplit=0 sim= 0.000(rmp=0.000 run=0.000 n=0 d=0) chk= 0.017(d=8) stat= 0.152 rest= 0.244
  [incr r=88 repr=8 next=16 tfo=1407 active=655/177574 POs=655]
 89 : c =       0  cl =   3054  lit =  174512  p =   647  d =     0  f =     8  -  T =     0.17 sec
  [prof  89] wall= 174.362 p=   655 | ifo=  1.078(sd=0.132 nx=0.113 tfo=0.041 cnt=0.792) snap= 0.201 srm=  2.839 sat=169.789(set=0.150 slv=169.584 max=1.0531 n=655) cex=R/T/F=0/0/8 trsplit=0 sim= 0.000(rmp=0.000 run=0.000 n=0 d=0) chk= 0.019(d=8) stat= 0.169 rest= 0.268
  [incr r=89 repr=8 next=16 tfo=1406 active=647/177566 POs=647]
 90 : c =       0  cl =   3054  lit =  174504  p =   639  d =     0  f =     8  -  T =     0.17 sec
  [prof  90] wall= 166.952 p=   647 | ifo=  0.884(sd=0.168 nx=0.144 tfo=0.039 cnt=0.534) snap= 0.189 srm=  2.949 sat=162.471(set=0.144 slv=162.275 max=1.5132 n=647) cex=R/T/F=0/0/8 trsplit=0 sim= 0.000(rmp=0.000 run=0.000 n=0 d=0) chk= 0.018(d=8) stat= 0.170 rest= 0.270
  [incr r=90 repr=8 next=16 tfo=1405 active=639/177558 POs=639]
 91 : c =       0  cl =   3054  lit =  174496  p =   631  d =     0  f =     8  -  T =     0.16 sec
  [prof  91] wall= 160.994 p=   639 | ifo=  0.846(sd=0.166 nx=0.134 tfo=0.032 cnt=0.513) snap= 0.216 srm=  2.867 sat=156.672(set=0.177 slv=156.446 max=1.1523 n=639) cex=R/T/F=0/0/8 trsplit=0 sim= 0.000(rmp=0.000 run=0.000 n=0 d=0) chk= 0.015(d=8) stat= 0.134 rest= 0.244
  [incr r=91 repr=8 next=16 tfo=1404 active=631/177550 POs=631]
 92 : c =       0  cl =   3054  lit =  174488  p =   623  d =     0  f =     8  -  T =     0.17 sec
  [prof  92] wall= 171.792 p=   631 | ifo=  0.715(sd=0.124 nx=0.105 tfo=0.034 cnt=0.451) snap= 0.188 srm=  2.714 sat=167.702(set=0.155 slv=167.488 max=1.1644 n=631) cex=R/T/F=0/0/8 trsplit=0 sim= 0.000(rmp=0.000 run=0.000 n=0 d=0) chk= 0.018(d=8) stat= 0.179 rest= 0.277
  [incr r=92 repr=8 next=16 tfo=1403 active=623/177542 POs=623]
 93 : c =       0  cl =   3054  lit =  174480  p =   615  d =     0  f =     8  -  T =     0.16 sec
  [prof  93] wall= 162.087 p=   623 | ifo=  0.892(sd=0.163 nx=0.151 tfo=0.034 cnt=0.545) snap= 0.219 srm=  2.958 sat=157.555(set=0.165 slv=157.334 max=1.1562 n=623) cex=R/T/F=0/0/8 trsplit=0 sim= 0.000(rmp=0.000 run=0.000 n=0 d=0) chk= 0.018(d=8) stat= 0.184 rest= 0.261
  [incr r=93 repr=8 next=16 tfo=1402 active=615/177534 POs=615]
 94 : c =       0  cl =   3054  lit =  174472  p =   607  d =     0  f =     8  -  T =     0.16 sec
  [prof  94] wall= 161.883 p=   615 | ifo=  0.883(sd=0.156 nx=0.155 tfo=0.037 cnt=0.536) snap= 0.275 srm=  3.274 sat=157.044(set=0.185 slv=156.809 max=1.1204 n=615) cex=R/T/F=0/0/8 trsplit=0 sim= 0.000(rmp=0.000 run=0.000 n=0 d=0) chk= 0.016(d=8) stat= 0.148 rest= 0.243
  [incr r=94 repr=8 next=16 tfo=1401 active=607/177526 POs=607]
 95 : c =       0  cl =   3054  lit =  174464  p =   599  d =     0  f =     8  -  T =     0.16 sec
  [prof  95] wall= 156.451 p=   607 | ifo=  0.793(sd=0.146 nx=0.137 tfo=0.029 cnt=0.481) snap= 0.227 srm=  2.945 sat=152.011(set=0.182 slv=151.779 max=1.2732 n=607) cex=R/T/F=0/0/8 trsplit=0 sim= 0.000(rmp=0.000 run=0.000 n=0 d=0) chk= 0.016(d=8) stat= 0.140 rest= 0.319
  [incr r=95 repr=8 next=16 tfo=1400 active=599/177518 POs=599]
 96 : c =       0  cl =   3054  lit =  174456  p =   591  d =     0  f =     8  -  T =     0.15 sec
  [prof  96] wall= 152.572 p=   599 | ifo=  0.741(sd=0.125 nx=0.110 tfo=0.040 cnt=0.465) snap= 0.190 srm=  2.704 sat=148.583(set=0.150 slv=148.385 max=0.9937 n=599) cex=R/T/F=0/0/8 trsplit=0 sim= 0.000(rmp=0.000 run=0.000 n=0 d=0) chk= 0.014(d=8) stat= 0.131 rest= 0.208
  [incr r=96 repr=8 next=15 tfo=1399 active=591/177510 POs=591]
 97 : c =       0  cl =   3054  lit =  174449  p =   584  d =     0  f =     7  -  T =     0.15 sec
  [prof  97] wall= 154.953 p=   591 | ifo=  1.005(sd=0.119 nx=0.099 tfo=0.107 cnt=0.680) snap= 0.189 srm=  2.715 sat=150.686(set=0.148 slv=150.490 max=1.7684 n=591) cex=R/T/F=0/0/7 trsplit=0 sim= 0.000(rmp=0.000 run=0.000 n=0 d=0) chk= 0.012(d=7) stat= 0.132 rest= 0.215
  [incr r=97 repr=7 next=14 tfo=1398 active=584/177503 POs=584]
 98 : c =       0  cl =   3054  lit =  174442  p =   577  d =     0  f =     7  -  T =     0.15 sec
  [prof  98] wall= 146.336 p=   584 | ifo=  0.709(sd=0.123 nx=0.102 tfo=0.034 cnt=0.450) snap= 0.187 srm=  2.641 sat=142.359(set=0.147 slv=142.168 max=1.0357 n=584) cex=R/T/F=0/0/7 trsplit=0 sim= 0.000(rmp=0.000 run=0.000 n=0 d=0) chk= 0.014(d=7) stat= 0.169 rest= 0.257
  [incr r=98 repr=7 next=14 tfo=1397 active=577/177496 POs=577]
 99 : c =       0  cl =   3054  lit =  174435  p =   570  d =     0  f =     7  -  T =     0.15 sec
  [prof  99] wall= 145.505 p=   577 | ifo=  0.959(sd=0.168 nx=0.143 tfo=0.036 cnt=0.611) snap= 0.219 srm=  2.912 sat=141.041(set=0.178 slv=140.817 max=1.2726 n=577) cex=R/T/F=0/0/7 trsplit=0 sim= 0.000(rmp=0.000 run=0.000 n=0 d=0) chk= 0.013(d=7) stat= 0.139 rest= 0.222
  [incr r=99 repr=7 next=13 tfo=1396 active=570/177489 POs=570]
100 : c =       0  cl =   3054  lit =  174429  p =   564  d =     0  f =     6  -  T =     0.15 sec
  [prof 100] wall= 151.353 p=   570 | ifo=  0.724(sd=0.123 nx=0.105 tfo=0.033 cnt=0.463) snap= 0.188 srm=  2.694 sat=146.619(set=0.146 slv=146.423 max=2.0890 n=570) cex=R/T/F=0/0/6 trsplit=0 sim= 0.000(rmp=0.000 run=0.000 n=0 d=0) chk= 0.029(d=6) stat= 0.395 rest= 0.704
  [incr r=100 repr=6 next=12 tfo=1395 active=564/177483 POs=564]
101 : c =       0  cl =   3054  lit =  174423  p =   558  d =     0  f =     6  -  T =     0.15 sec
  [prof 101] wall= 149.563 p=   564 | ifo=  0.809(sd=0.206 nx=0.118 tfo=0.038 cnt=0.447) snap= 0.198 srm=  2.624 sat=145.487(set=0.144 slv=145.295 max=1.2727 n=564) cex=R/T/F=0/0/6 trsplit=0 sim= 0.000(rmp=0.000 run=0.000 n=0 d=0) chk= 0.012(d=6) stat= 0.172 rest= 0.261
  [incr r=101 repr=6 next=11 tfo=1394 active=558/177477 POs=558]
102 : c =       0  cl =   3054  lit =  174418  p =   553  d =     0  f =     5  -  T =     0.15 sec
  [prof 102] wall= 147.815 p=   558 | ifo=  0.866(sd=0.146 nx=0.137 tfo=0.051 cnt=0.532) snap= 0.196 srm=  3.054 sat=143.276(set=0.150 slv=143.079 max=1.1322 n=558) cex=R/T/F=0/0/5 trsplit=0 sim= 0.000(rmp=0.000 run=0.000 n=0 d=0) chk= 0.010(d=5) stat= 0.157 rest= 0.255
  [incr r=102 repr=5 next=10 tfo=1393 active=553/177472 POs=553]
103 : c =       0  cl =   3054  lit =  174413  p =   548  d =     0  f =     5  -  T =     0.15 sec
  [prof 103] wall= 146.488 p=   553 | ifo=  0.859(sd=0.145 nx=0.157 tfo=0.037 cnt=0.520) snap= 0.215 srm=  2.945 sat=142.084(set=0.237 slv=141.800 max=1.7992 n=553) cex=R/T/F=0/0/5 trsplit=0 sim= 0.000(rmp=0.000 run=0.000 n=0 d=0) chk= 0.009(d=5) stat= 0.135 rest= 0.240
  [incr r=103 repr=5 next=10 tfo=1392 active=548/177467 POs=548]
104 : c =       0  cl =   3054  lit =  174408  p =   543  d =     0  f =     5  -  T =     0.14 sec
  [prof 104] wall= 140.606 p=   548 | ifo=  0.692(sd=0.119 nx=0.100 tfo=0.029 cnt=0.443) snap= 0.188 srm=  2.605 sat=136.783(set=0.139 slv=136.600 max=1.1791 n=548) cex=R/T/F=0/0/5 trsplit=0 sim= 0.000(rmp=0.000 run=0.000 n=0 d=0) chk= 0.008(d=5) stat= 0.127 rest= 0.204
  [incr r=104 repr=5 next=10 tfo=1391 active=543/177462 POs=543]
105 : c =       0  cl =   3054  lit =  174403  p =   538  d =     0  f =     5  -  T =     0.15 sec
  [prof 105] wall= 145.866 p=   543 | ifo=  0.676(sd=0.117 nx=0.096 tfo=0.027 cnt=0.436) snap= 0.188 srm=  2.578 sat=142.035(set=0.145 slv=141.841 max=1.5387 n=543) cex=R/T/F=0/0/5 trsplit=0 sim= 0.000(rmp=0.000 run=0.000 n=0 d=0) chk= 0.009(d=5) stat= 0.150 rest= 0.229
  [incr r=105 repr=5 next=10 tfo=1390 active=538/177457 POs=538]
106 : c =       0  cl =   3054  lit =  174398  p =   533  d =     0  f =     5  -  T =     0.14 sec
  [prof 106] wall= 137.284 p=   538 | ifo=  0.742(sd=0.128 nx=0.108 tfo=0.039 cnt=0.467) snap= 0.188 srm=  2.679 sat=133.304(set=0.156 slv=133.105 max=1.0887 n=538) cex=R/T/F=0/0/5 trsplit=0 sim= 0.000(rmp=0.000 run=0.000 n=0 d=0) chk= 0.008(d=5) stat= 0.134 rest= 0.229
  [incr r=106 repr=5 next=10 tfo=1389 active=533/177452 POs=533]
107 : c =       0  cl =   3054  lit =  174393  p =   528  d =     0  f =     5  -  T =     0.15 sec
  [prof 107] wall= 146.751 p=   533 | ifo=  0.719(sd=0.124 nx=0.103 tfo=0.029 cnt=0.463) snap= 0.198 srm=  2.745 sat=142.672(set=0.155 slv=142.469 max=1.1966 n=533) cex=R/T/F=0/0/5 trsplit=0 sim= 0.000(rmp=0.000 run=0.000 n=0 d=0) chk= 0.010(d=5) stat= 0.147 rest= 0.262
  [incr r=107 repr=5 next=9 tfo=1388 active=528/177447 POs=528]
108 : c =       0  cl =   3054  lit =  174389  p =   524  d =     0  f =     4  -  T =     0.14 sec
  [prof 108] wall= 142.599 p=   528 | ifo=  0.774(sd=0.133 nx=0.112 tfo=0.037 cnt=0.492) snap= 0.200 srm=  2.871 sat=138.237(set=0.160 slv=138.031 max=1.2907 n=528) cex=R/T/F=0/0/4 trsplit=0 sim= 0.000(rmp=0.000 run=0.000 n=0 d=0) chk= 0.010(d=4) stat= 0.191 rest= 0.316
  [incr r=108 repr=4 next=8 tfo=1387 active=524/177443 POs=524]
109 : c =       0  cl =   3054  lit =  174385  p =   520  d =     0  f =     4  -  T =     0.14 sec
  [prof 109] wall= 141.572 p=   524 | ifo=  0.965(sd=0.161 nx=0.172 tfo=0.056 cnt=0.575) snap= 0.247 srm=  3.064 sat=136.858(set=0.179 slv=136.633 max=1.3056 n=524) cex=R/T/F=0/0/4 trsplit=0 sim= 0.000(rmp=0.000 run=0.000 n=0 d=0) chk= 0.009(d=4) stat= 0.165 rest= 0.264
  [incr r=109 repr=4 next=8 tfo=1386 active=520/177439 POs=520]
110 : c =       0  cl =   3054  lit =  174381  p =   516  d =     0  f =     4  -  T =     0.14 sec
  [prof 110] wall= 141.121 p=   520 | ifo=  0.864(sd=0.156 nx=0.153 tfo=0.035 cnt=0.520) snap= 0.750 srm=  3.219 sat=135.921(set=0.158 slv=135.720 max=1.2510 n=520) cex=R/T/F=0/0/4 trsplit=0 sim= 0.000(rmp=0.000 run=0.000 n=0 d=0) chk= 0.007(d=4) stat= 0.140 rest= 0.219
  [incr r=110 repr=4 next=8 tfo=1385 active=516/177435 POs=516]
111 : c =       0  cl =   3054  lit =  174377  p =   512  d =     0  f =     4  -  T =     0.15 sec
  [prof 111] wall= 148.942 p=   516 | ifo=  0.730(sd=0.127 nx=0.103 tfo=0.037 cnt=0.463) snap= 0.237 srm=  2.737 sat=144.851(set=0.162 slv=144.640 max=1.2356 n=516) cex=R/T/F=0/0/4 trsplit=0 sim= 0.000(rmp=0.000 run=0.000 n=0 d=0) chk= 0.008(d=4) stat= 0.143 rest= 0.236
  [incr r=111 repr=4 next=8 tfo=1384 active=512/177431 POs=512]
112 : c =       0  cl =   3054  lit =  174373  p =   508  d =     0  f =     4  -  T =     0.14 sec
  [prof 112] wall= 142.432 p=   512 | ifo=  0.797(sd=0.128 nx=0.111 tfo=0.040 cnt=0.518) snap= 0.238 srm=  3.787 sat=137.211(set=0.197 slv=136.969 max=1.2681 n=512) cex=R/T/F=0/0/4 trsplit=0 sim= 0.000(rmp=0.000 run=0.000 n=0 d=0) chk= 0.009(d=4) stat= 0.147 rest= 0.242
  [incr r=112 repr=4 next=8 tfo=1383 active=508/177427 POs=508]
113 : c =       0  cl =   3054  lit =  174369  p =   504  d =     0  f =     4  -  T =     0.13 sec
  [prof 113] wall= 133.403 p=   508 | ifo=  0.767(sd=0.131 nx=0.112 tfo=0.043 cnt=0.481) snap= 0.208 srm=  2.793 sat=129.282(set=0.154 slv=129.087 max=1.2374 n=508) cex=R/T/F=0/0/4 trsplit=0 sim= 0.000(rmp=0.000 run=0.000 n=0 d=0) chk= 0.007(d=4) stat= 0.133 rest= 0.212
  [incr r=113 repr=4 next=8 tfo=1382 active=504/177423 POs=504]
114 : c =       0  cl =   3054  lit =  174365  p =   500  d =     0  f =     4  -  T =     0.14 sec
  [prof 114] wall= 138.848 p=   504 | ifo=  0.713(sd=0.132 nx=0.100 tfo=0.028 cnt=0.453) snap= 0.197 srm=  2.736 sat=134.805(set=0.160 slv=134.601 max=1.2311 n=504) cex=R/T/F=0/0/4 trsplit=0 sim= 0.000(rmp=0.000 run=0.000 n=0 d=0) chk= 0.009(d=4) stat= 0.146 rest= 0.241
  [incr r=114 repr=4 next=8 tfo=1381 active=500/177419 POs=500]
115 : c =       0  cl =   3054  lit =  174361  p =   496  d =     0  f =     4  -  T =     0.13 sec
  [prof 115] wall= 134.791 p=   500 | ifo=  0.777(sd=0.133 nx=0.117 tfo=0.040 cnt=0.487) snap= 0.199 srm=  2.823 sat=130.597(set=0.177 slv=130.377 max=1.2932 n=500) cex=R/T/F=0/0/4 trsplit=0 sim= 0.000(rmp=0.000 run=0.000 n=0 d=0) chk= 0.008(d=4) stat= 0.153 rest= 0.234
  [incr r=115 repr=4 next=8 tfo=1380 active=496/177415 POs=496]
116 : c =       0  cl =   3054  lit =  174357  p =   492  d =     0  f =     4  -  T =     0.14 sec
  [prof 116] wall= 136.264 p=   496 | ifo=  0.838(sd=0.130 nx=0.134 tfo=0.042 cnt=0.532) snap= 0.247 srm=  3.399 sat=130.676(set=0.173 slv=130.460 max=1.4239 n=496) cex=R/T/F=0/0/4 trsplit=0 sim= 0.000(rmp=0.000 run=0.000 n=0 d=0) chk= 0.021(d=4) stat= 0.411 rest= 0.672
  [incr r=116 repr=4 next=8 tfo=1379 active=492/177411 POs=492]
117 : c =       0  cl =   3054  lit =  174353  p =   488  d =     0  f =     4  -  T =     0.13 sec
  [prof 117] wall= 134.375 p=   492 | ifo=  1.892(sd=0.352 nx=0.286 tfo=0.061 cnt=1.192) snap= 0.231 srm=  2.917 sat=128.866(set=0.171 slv=128.652 max=1.2890 n=492) cex=R/T/F=0/0/4 trsplit=0 sim= 0.000(rmp=0.000 run=0.000 n=0 d=0) chk= 0.008(d=4) stat= 0.182 rest= 0.280
  [incr r=117 repr=4 next=8 tfo=1378 active=488/177407 POs=488]
118 : c =       0  cl =   3054  lit =  174349  p =   484  d =     0  f =     4  -  T =     0.13 sec
  [prof 118] wall= 126.833 p=   488 | ifo=  0.869(sd=0.151 nx=0.153 tfo=0.032 cnt=0.533) snap= 0.253 srm=  2.967 sat=122.364(set=0.174 slv=122.152 max=1.2141 n=488) cex=R/T/F=0/0/4 trsplit=0 sim= 0.000(rmp=0.000 run=0.000 n=0 d=0) chk= 0.007(d=4) stat= 0.148 rest= 0.226
  [incr r=118 repr=4 next=8 tfo=1377 active=484/177403 POs=484]
119 : c =       0  cl =   3054  lit =  174345  p =   480  d =     0  f =     4  -  T =     0.14 sec
  [prof 119] wall= 136.515 p=   484 | ifo=  0.723(sd=0.128 nx=0.101 tfo=0.029 cnt=0.464) snap= 0.208 srm=  2.729 sat=132.478(set=0.151 slv=132.282 max=1.2939 n=484) cex=R/T/F=0/0/4 trsplit=0 sim= 0.000(rmp=0.000 run=0.000 n=0 d=0) chk= 0.007(d=4) stat= 0.142 rest= 0.228
  [incr r=119 repr=4 next=8 tfo=1376 active=480/177399 POs=480]
120 : c =       0  cl =   3054  lit =  174341  p =   476  d =     0  f =     4  -  T =     0.13 sec
  [prof 120] wall= 131.568 p=   480 | ifo=  0.815(sd=0.131 nx=0.115 tfo=0.050 cnt=0.519) snap= 0.204 srm=  2.752 sat=127.305(set=0.155 slv=127.108 max=1.2724 n=480) cex=R/T/F=0/0/4 trsplit=0 sim= 0.000(rmp=0.000 run=0.000 n=0 d=0) chk= 0.009(d=4) stat= 0.189 rest= 0.294
  [incr r=120 repr=4 next=8 tfo=1375 active=476/177395 POs=476]
121 : c =       0  cl =   3054  lit =  174337  p =   472  d =     0  f =     4  -  T =     0.13 sec
  [prof 121] wall= 130.534 p=   476 | ifo=  0.943(sd=0.162 nx=0.170 tfo=0.040 cnt=0.570) snap= 0.244 srm=  3.166 sat=125.585(set=0.172 slv=125.373 max=2.0328 n=476) cex=R/T/F=0/0/4 trsplit=0 sim= 0.000(rmp=0.000 run=0.000 n=0 d=0) chk= 0.008(d=4) stat= 0.318 rest= 0.270
  [incr r=121 repr=4 next=8 tfo=1374 active=472/177391 POs=472]
122 : c =       0  cl =   3054  lit =  174333  p =   468  d =     0  f =     4  -  T =     0.13 sec
  [prof 122] wall= 129.045 p=   472 | ifo=  1.918(sd=0.379 nx=0.273 tfo=0.091 cnt=1.175) snap= 0.245 srm=  4.743 sat=121.756(set=0.180 slv=121.538 max=1.2667 n=472) cex=R/T/F=0/0/4 trsplit=0 sim= 0.000(rmp=0.000 run=0.000 n=0 d=0) chk= 0.007(d=4) stat= 0.150 rest= 0.226
  [incr r=122 repr=4 next=8 tfo=1373 active=468/177387 POs=468]
123 : c =       0  cl =   3054  lit =  174329  p =   464  d =     0  f =     4  -  T =     0.13 sec
  [prof 123] wall= 129.427 p=   468 | ifo=  0.726(sd=0.126 nx=0.102 tfo=0.036 cnt=0.463) snap= 0.206 srm=  2.711 sat=125.360(set=0.151 slv=125.165 max=1.2797 n=468) cex=R/T/F=0/0/4 trsplit=0 sim= 0.000(rmp=0.000 run=0.000 n=0 d=0) chk= 0.007(d=4) stat= 0.153 rest= 0.264
  [incr r=123 repr=4 next=8 tfo=1372 active=464/177383 POs=464]
124 : c =       0  cl =   3054  lit =  174325  p =   460  d =     0  f =     4  -  T =     0.12 sec
  [prof 124] wall= 124.390 p=   464 | ifo=  0.971(sd=0.148 nx=0.159 tfo=0.069 cnt=0.595) snap= 0.245 srm=  3.235 sat=119.313(set=0.193 slv=119.083 max=1.2848 n=464) cex=R/T/F=0/0/4 trsplit=0 sim= 0.000(rmp=0.000 run=0.000 n=0 d=0) chk= 0.008(d=4) stat= 0.278 rest= 0.340
  [incr r=124 repr=4 next=8 tfo=1371 active=460/177379 POs=460]
125 : c =       0  cl =   3054  lit =  174321  p =   456  d =     0  f =     4  -  T =     0.13 sec
  [prof 125] wall= 128.355 p=   460 | ifo=  0.930(sd=0.183 nx=0.135 tfo=0.035 cnt=0.578) snap= 0.225 srm=  3.124 sat=123.694(set=0.184 slv=123.471 max=2.1841 n=460) cex=R/T/F=0/0/4 trsplit=0 sim= 0.000(rmp=0.000 run=0.000 n=0 d=0) chk= 0.007(d=4) stat= 0.146 rest= 0.229
  [incr r=125 repr=4 next=8 tfo=1370 active=456/177375 POs=456]
126 : c =       0  cl =   3054  lit =  174317  p =   452  d =     0  f =     4  -  T =     0.13 sec
  [prof 126] wall= 128.541 p=   456 | ifo=  0.723(sd=0.126 nx=0.103 tfo=0.031 cnt=0.463) snap= 0.199 srm=  2.717 sat=124.533(set=0.153 slv=124.338 max=1.2344 n=456) cex=R/T/F=0/0/4 trsplit=0 sim= 0.000(rmp=0.000 run=0.000 n=0 d=0) chk= 0.007(d=4) stat= 0.136 rest= 0.228
  [incr r=126 repr=4 next=8 tfo=1369 active=452/177371 POs=452]
127 : c =       0  cl =   3054  lit =  174313  p =   448  d =     0  f =     4  -  T =     0.13 sec
  [prof 127] wall= 128.698 p=   452 | ifo=  0.730(sd=0.126 nx=0.103 tfo=0.031 cnt=0.470) snap= 0.208 srm=  2.689 sat=124.632(set=0.153 slv=124.440 max=1.2373 n=452) cex=R/T/F=0/0/4 trsplit=0 sim= 0.000(rmp=0.000 run=0.000 n=0 d=0) chk= 0.007(d=4) stat= 0.138 rest= 0.294
  [incr r=127 repr=4 next=8 tfo=1368 active=448/177367 POs=448]
128 : c =       0  cl =   3054  lit =  174309  p =   444  d =     0  f =     4  -  T =     0.12 sec
  [prof 128] wall= 123.367 p=   448 | ifo=  0.777(sd=0.127 nx=0.106 tfo=0.048 cnt=0.495) snap= 0.199 srm=  2.722 sat=119.151(set=0.220 slv=118.893 max=1.2598 n=448) cex=R/T/F=0/0/4 trsplit=0 sim= 0.000(rmp=0.000 run=0.000 n=0 d=0) chk= 0.009(d=4) stat= 0.191 rest= 0.319
  [incr r=128 repr=4 next=8 tfo=1367 active=444/177363 POs=444]
129 : c =       0  cl =   3054  lit =  174305  p =   440  d =     0  f =     4  -  T =     0.12 sec
  [prof 129] wall= 123.073 p=   444 | ifo=  0.929(sd=0.162 nx=0.181 tfo=0.039 cnt=0.547) snap= 0.240 srm=  3.080 sat=118.192(set=0.171 slv=117.980 max=1.2771 n=444) cex=R/T/F=0/0/4 trsplit=0 sim= 0.000(rmp=0.000 run=0.000 n=0 d=0) chk= 0.009(d=4) stat= 0.354 rest= 0.269
  [incr r=129 repr=4 next=8 tfo=1366 active=440/177359 POs=440]
130 : c =       0  cl =   3054  lit =  174301  p =   436  d =     0  f =     4  -  T =     0.12 sec
  [prof 130] wall= 118.740 p=   440 | ifo=  0.810(sd=0.138 nx=0.126 tfo=0.042 cnt=0.504) snap= 0.201 srm=  2.785 sat=114.585(set=0.156 slv=114.393 max=2.0924 n=440) cex=R/T/F=0/0/4 trsplit=0 sim= 0.000(rmp=0.000 run=0.000 n=0 d=0) chk= 0.007(d=4) stat= 0.136 rest= 0.217
  [incr r=130 repr=4 next=8 tfo=1365 active=436/177355 POs=436]
131 : c =       0  cl =   3054  lit =  174297  p =   432  d =     0  f =     4  -  T =     0.12 sec
  [prof 131] wall= 116.573 p=   436 | ifo=  0.731(sd=0.129 nx=0.103 tfo=0.030 cnt=0.470) snap= 0.203 srm=  3.063 sat=112.174(set=0.162 slv=111.975 max=1.3933 n=436) cex=R/T/F=0/0/4 trsplit=0 sim= 0.000(rmp=0.000 run=0.000 n=0 d=0) chk= 0.007(d=4) stat= 0.141 rest= 0.253
  [incr r=131 repr=4 next=8 tfo=1364 active=432/177351 POs=432]
132 : c =       0  cl =   3054  lit =  174293  p =   428  d =     0  f =     4  -  T =     0.12 sec
  [prof 132] wall= 120.470 p=   432 | ifo=  0.806(sd=0.135 nx=0.112 tfo=0.038 cnt=0.521) snap= 0.198 srm=  3.007 sat=116.088(set=0.154 slv=115.895 max=1.2292 n=432) cex=R/T/F=0/0/4 trsplit=0 sim= 0.000(rmp=0.000 run=0.000 n=0 d=0) chk= 0.007(d=4) stat= 0.139 rest= 0.225
  [incr r=132 repr=4 next=8 tfo=1363 active=428/177347 POs=428]
133 : c =       0  cl =   3054  lit =  174289  p =   424  d =     0  f =     4  -  T =     0.12 sec
  [prof 133] wall= 117.931 p=   428 | ifo=  0.764(sd=0.128 nx=0.108 tfo=0.041 cnt=0.487) snap= 0.199 srm=  2.874 sat=113.660(set=0.156 slv=113.467 max=1.2917 n=428) cex=R/T/F=0/0/4 trsplit=0 sim= 0.000(rmp=0.000 run=0.000 n=0 d=0) chk= 0.007(d=4) stat= 0.179 rest= 0.248
  [incr r=133 repr=4 next=8 tfo=1362 active=424/177343 POs=424]
134 : c =       0  cl =   3054  lit =  174285  p =   420  d =     0  f =     4  -  T =     0.12 sec
  [prof 134] wall= 118.521 p=   424 | ifo=  0.826(sd=0.146 nx=0.124 tfo=0.049 cnt=0.508) snap= 0.227 srm=  2.851 sat=114.236(set=0.167 slv=114.032 max=2.1551 n=424) cex=R/T/F=0/0/4 trsplit=0 sim= 0.000(rmp=0.000 run=0.000 n=0 d=0) chk= 0.007(d=4) stat= 0.148 rest= 0.226
  [incr r=134 repr=4 next=8 tfo=1361 active=420/177339 POs=420]
135 : c =       0  cl =   3054  lit =  174281  p =   416  d =     0  f =     4  -  T =     0.12 sec
  [prof 135] wall= 116.031 p=   420 | ifo=  0.720(sd=0.125 nx=0.103 tfo=0.031 cnt=0.460) snap= 0.199 srm=  2.725 sat=111.612(set=0.152 slv=111.424 max=1.2788 n=420) cex=R/T/F=0/0/4 trsplit=0 sim= 0.000(rmp=0.000 run=0.000 n=0 d=0) chk= 0.007(d=4) stat= 0.500 rest= 0.270
  [incr r=135 repr=4 next=8 tfo=1360 active=416/177335 POs=416]
136 : c =       0  cl =   3054  lit =  174277  p =   412  d =     0  f =     4  -  T =     0.12 sec
  [prof 136] wall= 118.945 p=   416 | ifo=  2.760(sd=0.534 nx=0.418 tfo=0.092 cnt=1.716) snap= 0.227 srm=  5.258 sat=110.110(set=0.198 slv=109.876 max=1.2967 n=416) cex=R/T/F=0/0/4 trsplit=0 sim= 0.000(rmp=0.000 run=0.000 n=0 d=0) chk= 0.008(d=4) stat= 0.195 rest= 0.387
  [incr r=136 repr=4 next=8 tfo=1359 active=412/177331 POs=412]
137 : c =       0  cl =   3054  lit =  174273  p =   408  d =     0  f =     4  -  T =     0.11 sec
  [prof 137] wall= 112.814 p=   412 | ifo=  0.932(sd=0.160 nx=0.151 tfo=0.043 cnt=0.577) snap= 0.239 srm=  3.013 sat=108.283(set=0.178 slv=108.071 max=1.3601 n=412) cex=R/T/F=0/0/4 trsplit=0 sim= 0.000(rmp=0.000 run=0.000 n=0 d=0) chk= 0.006(d=4) stat= 0.132 rest= 0.210
  [incr r=137 repr=4 next=8 tfo=1358 active=408/177327 POs=408]
138 : c =       0  cl =   3054  lit =  174269  p =   404  d =     0  f =     4  -  T =     0.11 sec
  [prof 138] wall= 110.352 p=   408 | ifo=  0.732(sd=0.125 nx=0.099 tfo=0.025 cnt=0.483) snap= 0.198 srm=  2.690 sat=106.345(set=0.152 slv=106.157 max=1.2107 n=408) cex=R/T/F=0/0/4 trsplit=0 sim= 0.000(rmp=0.000 run=0.000 n=0 d=0) chk= 0.007(d=4) stat= 0.146 rest= 0.234
  [incr r=138 repr=4 next=8 tfo=1357 active=404/177323 POs=404]
139 : c =       0  cl =   3054  lit =  174265  p =   400  d =     0  f =     4  -  T =     0.12 sec
  [prof 139] wall= 117.939 p=   404 | ifo=  0.874(sd=0.135 nx=0.116 tfo=0.045 cnt=0.578) snap= 0.202 srm=  2.864 sat=113.641(set=0.158 slv=113.448 max=3.6642 n=404) cex=R/T/F=0/0/4 trsplit=0 sim= 0.000(rmp=0.000 run=0.000 n=0 d=0) chk= 0.006(d=4) stat= 0.134 rest= 0.219
  [incr r=139 repr=4 next=8 tfo=1356 active=400/177319 POs=400]
140 : c =       0  cl =   3054  lit =  174261  p =   396  d =     0  f =     4  -  T =     0.11 sec
  [prof 140] wall= 112.762 p=   400 | ifo=  0.709(sd=0.124 nx=0.101 tfo=0.031 cnt=0.454) snap= 0.198 srm=  2.738 sat=108.217(set=0.148 slv=108.030 max=1.3110 n=400) cex=R/T/F=0/0/4 trsplit=0 sim= 0.000(rmp=0.000 run=0.000 n=0 d=0) chk= 0.014(d=4) stat= 0.341 rest= 0.544
  [incr r=140 repr=4 next=8 tfo=1355 active=396/177315 POs=396]
141 : c =       0  cl =   3054  lit =  174257  p =   392  d =     0  f =     4  -  T =     0.12 sec
  [prof 141] wall= 116.679 p=   396 | ifo=  1.509(sd=0.273 nx=0.249 tfo=0.050 cnt=0.937) snap= 0.233 srm=  4.187 sat=110.266(set=0.180 slv=110.050 max=1.4931 n=396) cex=R/T/F=0/0/4 trsplit=0 sim= 0.000(rmp=0.000 run=0.000 n=0 d=0) chk= 0.007(d=4) stat= 0.198 rest= 0.280
  [incr r=141 repr=4 next=8 tfo=1354 active=392/177311 POs=392]
142 : c =       0  cl =   3054  lit =  174253  p =   388  d =     0  f =     4  -  T =     0.11 sec
  [prof 142] wall= 106.567 p=   392 | ifo=  1.024(sd=0.157 nx=0.150 tfo=0.036 cnt=0.681) snap= 0.199 srm=  2.917 sat=102.047(set=0.149 slv=101.867 max=1.3388 n=392) cex=R/T/F=0/0/4 trsplit=0 sim= 0.000(rmp=0.000 run=0.000 n=0 d=0) chk= 0.006(d=4) stat= 0.133 rest= 0.241
  [incr r=142 repr=4 next=8 tfo=1353 active=388/177307 POs=388]
143 : c =       0  cl =   3054  lit =  174249  p =   384  d =     0  f =     4  -  T =     0.11 sec
  [prof 143] wall= 112.793 p=   388 | ifo=  0.712(sd=0.123 nx=0.100 tfo=0.030 cnt=0.458) snap= 0.199 srm=  2.720 sat=108.802(set=0.151 slv=108.610 max=1.5732 n=388) cex=R/T/F=0/0/4 trsplit=0 sim= 0.000(rmp=0.000 run=0.000 n=0 d=0) chk= 0.006(d=4) stat= 0.136 rest= 0.218
  [incr r=143 repr=4 next=8 tfo=1352 active=384/177303 POs=384]
144 : c =       0  cl =   3054  lit =  174245  p =   380  d =     0  f =     4  -  T =     0.10 sec
  [prof 144] wall= 102.209 p=   384 | ifo=  0.808(sd=0.125 nx=0.110 tfo=0.045 cnt=0.528) snap= 0.203 srm=  2.837 sat= 98.012(set=0.150 slv=97.833 max=1.1933 n=384) cex=R/T/F=0/0/4 trsplit=0 sim= 0.000(rmp=0.000 run=0.000 n=0 d=0) chk= 0.006(d=4) stat= 0.133 rest= 0.210
  [incr r=144 repr=4 next=8 tfo=1351 active=380/177299 POs=380]
145 : c =       0  cl =   3054  lit =  174241  p =   376  d =     0  f =     4  -  T =     0.11 sec
  [prof 145] wall= 113.613 p=   380 | ifo=  0.743(sd=0.127 nx=0.102 tfo=0.047 cnt=0.468) snap= 0.289 srm=  2.655 sat=109.547(set=0.154 slv=109.357 max=1.5943 n=380) cex=R/T/F=0/0/4 trsplit=0 sim= 0.000(rmp=0.000 run=0.000 n=0 d=0) chk= 0.006(d=4) stat= 0.142 rest= 0.231
  [incr r=145 repr=4 next=8 tfo=1350 active=376/177295 POs=376]
146 : c =       0  cl =   3054  lit =  174237  p =   372  d =     0  f =     4  -  T =     0.11 sec
  [prof 146] wall= 105.379 p=   376 | ifo=  0.959(sd=0.155 nx=0.118 tfo=0.033 cnt=0.653) snap= 0.203 srm=  2.819 sat=100.960(set=0.159 slv=100.770 max=1.7181 n=376) cex=R/T/F=0/0/4 trsplit=0 sim= 0.000(rmp=0.000 run=0.000 n=0 d=0) chk= 0.007(d=4) stat= 0.169 rest= 0.262
  [incr r=146 repr=4 next=8 tfo=1349 active=372/177291 POs=372]
147 : c =       0  cl =   3054  lit =  174233  p =   368  d =     0  f =     4  -  T =     0.11 sec
  [prof 147] wall= 105.806 p=   372 | ifo=  1.185(sd=0.149 nx=0.132 tfo=0.040 cnt=0.865) snap= 0.294 srm=  4.388 sat= 99.570(set=0.171 slv=99.366 max=1.2968 n=372) cex=R/T/F=0/0/4 trsplit=0 sim= 0.000(rmp=0.000 run=0.000 n=0 d=0) chk= 0.006(d=4) stat= 0.139 rest= 0.223
  [incr r=147 repr=4 next=8 tfo=1348 active=368/177287 POs=368]
148 : c =       0  cl =   3054  lit =  174229  p =   364  d =     0  f =     4  -  T =     0.10 sec
  [prof 148] wall= 104.036 p=   368 | ifo=  0.766(sd=0.127 nx=0.107 tfo=0.035 cnt=0.497) snap= 0.200 srm=  2.734 sat= 99.761(set=0.153 slv=99.573 max=2.3541 n=368) cex=R/T/F=0/0/4 trsplit=0 sim= 0.000(rmp=0.000 run=0.000 n=0 d=0) chk= 0.010(d=4) stat= 0.195 rest= 0.370
  [incr r=148 repr=4 next=8 tfo=1347 active=364/177283 POs=364]
149 : c =       0  cl =   3054  lit =  174225  p =   360  d =     0  f =     4  -  T =     0.09 sec
  [prof 149] wall=  93.533 p=   364 | ifo=  1.118(sd=0.212 nx=0.185 tfo=0.082 cnt=0.639) snap= 0.261 srm=  3.278 sat= 88.429(set=0.192 slv=88.210 max=1.1846 n=364) cex=R/T/F=0/0/4 trsplit=0 sim= 0.000(rmp=0.000 run=0.000 n=0 d=0) chk= 0.008(d=4) stat= 0.166 rest= 0.273
  [incr r=149 repr=4 next=8 tfo=1346 active=360/177279 POs=360]
150 : c =       0  cl =   3054  lit =  174221  p =   356  d =     0  f =     4  -  T =     0.09 sec
  [prof 150] wall=  91.948 p=   360 | ifo=  0.883(sd=0.152 nx=0.163 tfo=0.037 cnt=0.531) snap= 0.221 srm=  2.933 sat= 87.532(set=0.178 slv=87.326 max=1.1761 n=360) cex=R/T/F=0/0/4 trsplit=0 sim= 0.000(rmp=0.000 run=0.000 n=0 d=0) chk= 0.006(d=4) stat= 0.140 rest= 0.234
  [incr r=150 repr=4 next=8 tfo=1345 active=356/177275 POs=356]
151 : c =       0  cl =   3054  lit =  174217  p =   352  d =     0  f =     4  -  T =     0.09 sec
  [prof 151] wall=  93.042 p=   356 | ifo=  0.786(sd=0.141 nx=0.141 tfo=0.032 cnt=0.473) snap= 0.218 srm=  2.756 sat= 88.873(set=0.159 slv=88.684 max=1.2837 n=356) cex=R/T/F=0/0/4 trsplit=0 sim= 0.000(rmp=0.000 run=0.000 n=0 d=0) chk= 0.006(d=4) stat= 0.158 rest= 0.245
  [incr r=151 repr=4 next=8 tfo=1344 active=352/177271 POs=352]
152 : c =       0  cl =   3054  lit =  174213  p =   348  d =     0  f =     4  -  T =     0.09 sec
  [prof 152] wall=  91.235 p=   352 | ifo=  0.921(sd=0.143 nx=0.134 tfo=0.044 cnt=0.600) snap= 0.198 srm=  2.751 sat= 87.016(set=0.188 slv=86.800 max=1.1520 n=352) cex=R/T/F=0/0/4 trsplit=0 sim= 0.000(rmp=0.000 run=0.000 n=0 d=0) chk= 0.006(d=4) stat= 0.130 rest= 0.213
  [incr r=152 repr=4 next=8 tfo=1343 active=348/177267 POs=348]
153 : c =       0  cl =   3054  lit =  174209  p =   344  d =     0  f =     4  -  T =     0.09 sec
  [prof 153] wall=  93.106 p=   348 | ifo=  0.692(sd=0.130 nx=0.104 tfo=0.033 cnt=0.427) snap= 0.206 srm=  2.602 sat= 89.275(set=0.150 slv=89.094 max=1.1519 n=348) cex=R/T/F=0/0/4 trsplit=0 sim= 0.000(rmp=0.000 run=0.000 n=0 d=0) chk= 0.005(d=4) stat= 0.125 rest= 0.202
  [incr r=153 repr=4 next=8 tfo=1342 active=344/177263 POs=344]
154 : c =       0  cl =   3054  lit =  174205  p =   340  d =     0  f =     4  -  T =     0.08 sec
  [prof 154] wall=  84.605 p=   344 | ifo=  0.664(sd=0.115 nx=0.092 tfo=0.027 cnt=0.430) snap= 0.189 srm=  2.440 sat= 80.979(set=0.139 slv=80.816 max=1.1995 n=344) cex=R/T/F=0/0/4 trsplit=0 sim= 0.000(rmp=0.000 run=0.000 n=0 d=0) chk= 0.005(d=4) stat= 0.120 rest= 0.209
  [incr r=154 repr=4 next=8 tfo=1341 active=340/177259 POs=340]
155 : c =       0  cl =   3054  lit =  174201  p =   336  d =     0  f =     4  -  T =     0.09 sec
  [prof 155] wall=  89.152 p=   340 | ifo=  0.705(sd=0.124 nx=0.129 tfo=0.033 cnt=0.420) snap= 0.210 srm=  2.666 sat= 85.229(set=0.156 slv=85.046 max=1.2000 n=340) cex=R/T/F=0/0/4 trsplit=0 sim= 0.000(rmp=0.000 run=0.000 n=0 d=0) chk= 0.006(d=4) stat= 0.127 rest= 0.210
  [incr r=155 repr=4 next=7 tfo=1340 active=336/177255 POs=336]
156 : c =       0  cl =   3054  lit =  174198  p =   333  d =     0  f =     3  -  T =     0.09 sec
  [prof 156] wall=  86.326 p=   336 | ifo=  0.689(sd=0.117 nx=0.099 tfo=0.030 cnt=0.442) snap= 0.187 srm=  2.477 sat= 82.601(set=0.137 slv=82.433 max=1.2568 n=336) cex=R/T/F=0/0/3 trsplit=0 sim= 0.000(rmp=0.000 run=0.000 n=0 d=0) chk= 0.005(d=3) stat= 0.142 rest= 0.223
  [incr r=156 repr=3 next=6 tfo=1339 active=333/177252 POs=333]
157 : c =       0  cl =   3054  lit =  174195  p =   330  d =     0  f =     3  -  T =     0.08 sec
  [prof 157] wall=  85.062 p=   333 | ifo=  0.731(sd=0.124 nx=0.103 tfo=0.054 cnt=0.450) snap= 0.190 srm=  2.818 sat= 80.899(set=0.166 slv=80.702 max=1.1798 n=333) cex=R/T/F=0/0/3 trsplit=0 sim= 0.000(rmp=0.000 run=0.000 n=0 d=0) chk= 0.006(d=3) stat= 0.172 rest= 0.246
  [incr r=157 repr=3 next=6 tfo=1338 active=330/177249 POs=330]
158 : c =       0  cl =   3054  lit =  174192  p =   327  d =     0  f =     3  -  T =     0.08 sec
  [prof 158] wall=  85.015 p=   330 | ifo=  0.846(sd=0.155 nx=0.149 tfo=0.040 cnt=0.502) snap= 0.218 srm=  2.828 sat= 80.781(set=0.165 slv=80.584 max=1.2483 n=330) cex=R/T/F=0/0/3 trsplit=0 sim= 0.000(rmp=0.000 run=0.000 n=0 d=0) chk= 0.004(d=3) stat= 0.129 rest= 0.209
  [incr r=158 repr=3 next=6 tfo=1337 active=327/177246 POs=327]
159 : c =       0  cl =   3054  lit =  174189  p =   324  d =     0  f =     3  -  T =     0.08 sec
  [prof 159] wall=  83.745 p=   327 | ifo=  0.698(sd=0.126 nx=0.100 tfo=0.035 cnt=0.437) snap= 0.193 srm=  2.759 sat= 79.705(set=0.161 slv=79.518 max=1.1933 n=327) cex=R/T/F=0/0/3 trsplit=0 sim= 0.000(rmp=0.000 run=0.000 n=0 d=0) chk= 0.012(d=3) stat= 0.149 rest= 0.229
  [incr r=159 repr=3 next=6 tfo=1336 active=324/177243 POs=324]
160 : c =       0  cl =   3054  lit =  174186  p =   321  d =     0  f =     3  -  T =     0.08 sec
  [prof 160] wall=  82.496 p=   324 | ifo=  0.800(sd=0.157 nx=0.123 tfo=0.035 cnt=0.485) snap= 0.276 srm=  2.697 sat= 78.377(set=0.320 slv=78.032 max=1.2047 n=324) cex=R/T/F=0/0/3 trsplit=0 sim= 0.000(rmp=0.000 run=0.000 n=0 d=0) chk= 0.004(d=3) stat= 0.132 rest= 0.209
  [incr r=160 repr=3 next=6 tfo=1335 active=321/177240 POs=321]
161 : c =       0  cl =   3054  lit =  174183  p =   318  d =     0  f =     3  -  T =     0.08 sec
  [prof 161] wall=  79.162 p=   321 | ifo=  0.686(sd=0.116 nx=0.096 tfo=0.031 cnt=0.444) snap= 0.247 srm=  2.525 sat= 75.382(set=0.165 slv=75.189 max=1.1479 n=321) cex=R/T/F=0/0/3 trsplit=0 sim= 0.000(rmp=0.000 run=0.000 n=0 d=0) chk= 0.004(d=3) stat= 0.123 rest= 0.195
  [incr r=161 repr=3 next=6 tfo=1334 active=318/177237 POs=318]
162 : c =       0  cl =   3054  lit =  174180  p =   315  d =     0  f =     3  -  T =     0.09 sec
  [prof 162] wall=  90.086 p=   318 | ifo=  0.657(sd=0.119 nx=0.089 tfo=0.027 cnt=0.421) snap= 0.184 srm=  2.438 sat= 86.471(set=0.134 slv=86.309 max=1.2217 n=318) cex=R/T/F=0/0/3 trsplit=0 sim= 0.000(rmp=0.000 run=0.000 n=0 d=0) chk= 0.004(d=3) stat= 0.129 rest= 0.203
  [incr r=162 repr=3 next=6 tfo=1333 active=315/177234 POs=315]
163 : c =       0  cl =   3054  lit =  174177  p =   312  d =     0  f =     3  -  T =     0.08 sec
  [prof 163] wall=  80.587 p=   315 | ifo=  0.683(sd=0.115 nx=0.099 tfo=0.030 cnt=0.439) snap= 0.181 srm=  2.442 sat= 76.949(set=0.137 slv=76.786 max=1.2996 n=315) cex=R/T/F=0/0/3 trsplit=0 sim= 0.000(rmp=0.000 run=0.000 n=0 d=0) chk= 0.004(d=3) stat= 0.126 rest= 0.202
  [incr r=163 repr=3 next=6 tfo=1332 active=312/177231 POs=312]
164 : c =       0  cl =   3054  lit =  174174  p =   309  d =     0  f =     3  -  T =     0.08 sec
  [prof 164] wall=  79.363 p=   312 | ifo=  0.672(sd=0.116 nx=0.096 tfo=0.033 cnt=0.427) snap= 0.191 srm=  2.499 sat= 75.680(set=0.138 slv=75.518 max=1.3291 n=312) cex=R/T/F=0/0/3 trsplit=0 sim= 0.000(rmp=0.000 run=0.000 n=0 d=0) chk= 0.004(d=3) stat= 0.122 rest= 0.196
  [incr r=164 repr=3 next=6 tfo=1331 active=309/177228 POs=309]
165 : c =       0  cl =   3054  lit =  174171  p =   306  d =     0  f =     3  -  T =     0.08 sec
  [prof 165] wall=  79.403 p=   309 | ifo=  0.677(sd=0.112 nx=0.091 tfo=0.050 cnt=0.423) snap= 0.189 srm=  2.454 sat= 75.614(set=0.134 slv=75.455 max=1.7391 n=309) cex=R/T/F=0/0/3 trsplit=0 sim= 0.000(rmp=0.000 run=0.000 n=0 d=0) chk= 0.005(d=3) stat= 0.180 rest= 0.285
  [incr r=165 repr=3 next=6 tfo=1330 active=306/177225 POs=306]
166 : c =       0  cl =   3054  lit =  174168  p =   303  d =     0  f =     3  -  T =     0.08 sec
  [prof 166] wall=  76.046 p=   306 | ifo=  0.867(sd=0.154 nx=0.151 tfo=0.042 cnt=0.520) snap= 0.228 srm=  2.703 sat= 71.878(set=0.157 slv=71.699 max=1.2123 n=306) cex=R/T/F=0/0/3 trsplit=0 sim= 0.000(rmp=0.000 run=0.000 n=0 d=0) chk= 0.004(d=3) stat= 0.136 rest= 0.229
  [incr r=166 repr=3 next=6 tfo=1329 active=303/177222 POs=303]
167 : c =       0  cl =   3054  lit =  174165  p =   300  d =     0  f =     3  -  T =     0.08 sec
  [prof 167] wall=  77.754 p=   303 | ifo=  0.650(sd=0.112 nx=0.091 tfo=0.023 cnt=0.425) snap= 0.182 srm=  2.425 sat= 74.124(set=0.137 slv=73.961 max=1.2239 n=303) cex=R/T/F=0/0/3 trsplit=0 sim= 0.000(rmp=0.000 run=0.000 n=0 d=0) chk= 0.005(d=3) stat= 0.142 rest= 0.227
  [incr r=167 repr=3 next=6 tfo=1328 active=300/177219 POs=300]
168 : c =       0  cl =   3054  lit =  174162  p =   297  d =     0  f =     3  -  T =     0.07 sec
  [prof 168] wall=  75.102 p=   300 | ifo=  1.154(sd=0.122 nx=0.205 tfo=0.064 cnt=0.762) snap= 0.219 srm=  2.912 sat= 70.405(set=0.166 slv=70.218 max=1.2267 n=300) cex=R/T/F=0/0/3 trsplit=0 sim= 0.000(rmp=0.000 run=0.000 n=0 d=0) chk= 0.005(d=3) stat= 0.157 rest= 0.250
  [incr r=168 repr=3 next=6 tfo=1327 active=297/177216 POs=297]
169 : c =       0  cl =   3054  lit =  174159  p =   294  d =     0  f =     3  -  T =     0.07 sec
  [prof 169] wall=  74.969 p=   297 | ifo=  0.815(sd=0.142 nx=0.132 tfo=0.038 cnt=0.503) snap= 0.209 srm=  2.803 sat= 70.750(set=0.174 slv=70.552 max=1.3432 n=297) cex=R/T/F=0/0/3 trsplit=0 sim= 0.000(rmp=0.000 run=0.000 n=0 d=0) chk= 0.005(d=3) stat= 0.151 rest= 0.237
  [incr r=169 repr=3 next=6 tfo=1326 active=294/177213 POs=294]
170 : c =       0  cl =   3054  lit =  174156  p =   291  d =     0  f =     3  -  T =     0.08 sec
  [prof 170] wall=  77.219 p=   294 | ifo=  0.759(sd=0.138 nx=0.124 tfo=0.034 cnt=0.464) snap= 0.207 srm=  2.691 sat= 73.172(set=0.154 slv=72.985 max=1.2140 n=294) cex=R/T/F=0/0/3 trsplit=0 sim= 0.000(rmp=0.000 run=0.000 n=0 d=0) chk= 0.004(d=3) stat= 0.135 rest= 0.251
  [incr r=170 repr=3 next=6 tfo=1325 active=291/177210 POs=291]
171 : c =       0  cl =   3054  lit =  174153  p =   288  d =     0  f =     3  -  T =     0.08 sec
  [prof 171] wall=  76.777 p=   291 | ifo=  0.778(sd=0.119 nx=0.101 tfo=0.039 cnt=0.519) snap= 0.181 srm=  2.631 sat= 72.810(set=0.139 slv=72.646 max=1.2679 n=291) cex=R/T/F=0/0/3 trsplit=0 sim= 0.000(rmp=0.000 run=0.000 n=0 d=0) chk= 0.005(d=3) stat= 0.140 rest= 0.233
  [incr r=171 repr=3 next=6 tfo=1324 active=288/177207 POs=288]
172 : c =       0  cl =   3054  lit =  174150  p =   285  d =     0  f =     3  -  T =     0.07 sec
  [prof 172] wall=  72.870 p=   288 | ifo=  0.713(sd=0.120 nx=0.103 tfo=0.045 cnt=0.444) snap= 0.193 srm=  2.546 sat= 69.050(set=0.144 slv=68.874 max=1.2618 n=288) cex=R/T/F=0/0/3 trsplit=0 sim= 0.000(rmp=0.000 run=0.000 n=0 d=0) chk= 0.004(d=3) stat= 0.145 rest= 0.220
  [incr r=172 repr=3 next=6 tfo=1323 active=285/177204 POs=285]
173 : c =       0  cl =   3054  lit =  174147  p =   282  d =     0  f =     3  -  T =     0.08 sec
  [prof 173] wall=  78.088 p=   285 | ifo=  0.735(sd=0.154 nx=0.113 tfo=0.027 cnt=0.441) snap= 0.208 srm=  2.663 sat= 74.149(set=0.165 slv=73.957 max=1.1812 n=285) cex=R/T/F=0/0/3 trsplit=0 sim= 0.000(rmp=0.000 run=0.000 n=0 d=0) chk= 0.004(d=3) stat= 0.126 rest= 0.204
  [incr r=173 repr=3 next=6 tfo=1322 active=282/177201 POs=282]
174 : c =       0  cl =   3054  lit =  174144  p =   279  d =     0  f =     3  -  T =     0.07 sec
  [prof 174] wall=  69.372 p=   282 | ifo=  0.682(sd=0.118 nx=0.096 tfo=0.031 cnt=0.438) snap= 0.183 srm=  2.586 sat= 65.603(set=0.146 slv=65.437 max=1.1764 n=282) cex=R/T/F=0/0/3 trsplit=0 sim= 0.000(rmp=0.000 run=0.000 n=0 d=0) chk= 0.003(d=3) stat= 0.119 rest= 0.196
  [incr r=174 repr=3 next=6 tfo=1321 active=279/177198 POs=279]
175 : c =       0  cl =   3054  lit =  174141  p =   276  d =     0  f =     3  -  T =     0.07 sec
  [prof 175] wall=  69.865 p=   279 | ifo=  0.648(sd=0.113 nx=0.089 tfo=0.027 cnt=0.419) snap= 0.216 srm=  2.714 sat= 65.922(set=0.163 slv=65.739 max=1.2551 n=279) cex=R/T/F=0/0/3 trsplit=0 sim= 0.000(rmp=0.000 run=0.000 n=0 d=0) chk= 0.004(d=3) stat= 0.130 rest= 0.230
  [incr r=175 repr=3 next=6 tfo=1320 active=276/177195 POs=276]
176 : c =       0  cl =   3054  lit =  174138  p =   273  d =     0  f =     3  -  T =     0.07 sec
  [prof 176] wall=  68.803 p=   276 | ifo=  0.698(sd=0.129 nx=0.104 tfo=0.030 cnt=0.435) snap= 0.208 srm=  2.627 sat= 64.893(set=0.151 slv=64.723 max=1.3180 n=276) cex=R/T/F=0/0/3 trsplit=0 sim= 0.000(rmp=0.000 run=0.000 n=0 d=0) chk= 0.004(d=3) stat= 0.163 rest= 0.209
  [incr r=176 repr=3 next=6 tfo=1319 active=273/177192 POs=273]
177 : c =       0  cl =   3054  lit =  174135  p =   270  d =     0  f =     3  -  T =     0.07 sec
  [prof 177] wall=  67.519 p=   273 | ifo=  0.697(sd=0.120 nx=0.102 tfo=0.037 cnt=0.438) snap= 0.182 srm=  2.571 sat= 63.748(set=0.140 slv=63.589 max=1.2358 n=273) cex=R/T/F=0/0/3 trsplit=0 sim= 0.000(rmp=0.000 run=0.000 n=0 d=0) chk= 0.003(d=3) stat= 0.124 rest= 0.193
  [incr r=177 repr=3 next=6 tfo=1318 active=270/177189 POs=270]
178 : c =       0  cl =   3054  lit =  174132  p =   267  d =     0  f =     3  -  T =     0.07 sec
  [prof 178] wall=  66.709 p=   270 | ifo=  0.642(sd=0.117 nx=0.089 tfo=0.023 cnt=0.414) snap= 0.182 srm=  2.491 sat= 63.068(set=0.139 slv=62.910 max=1.2481 n=270) cex=R/T/F=0/0/3 trsplit=0 sim= 0.000(rmp=0.000 run=0.000 n=0 d=0) chk= 0.004(d=3) stat= 0.123 rest= 0.199
  [incr r=178 repr=3 next=6 tfo=1317 active=267/177186 POs=267]
179 : c =       0  cl =   3054  lit =  174129  p =   264  d =     0  f =     3  -  T =     0.07 sec
  [prof 179] wall=  66.703 p=   267 | ifo=  0.678(sd=0.117 nx=0.093 tfo=0.030 cnt=0.439) snap= 0.191 srm=  2.486 sat= 62.899(set=0.144 slv=62.734 max=1.2015 n=267) cex=R/T/F=0/0/3 trsplit=0 sim= 0.000(rmp=0.000 run=0.000 n=0 d=0) chk= 0.005(d=3) stat= 0.188 rest= 0.256
  [incr r=179 repr=3 next=6 tfo=1316 active=264/177183 POs=264]
180 : c =       0  cl =   3054  lit =  174126  p =   261  d =     0  f =     3  -  T =     0.07 sec
  [prof 180] wall=  67.518 p=   264 | ifo=  0.851(sd=0.151 nx=0.141 tfo=0.040 cnt=0.519) snap= 0.234 srm=  2.849 sat= 63.177(set=0.179 slv=62.978 max=1.2780 n=264) cex=R/T/F=0/0/3 trsplit=0 sim= 0.000(rmp=0.000 run=0.000 n=0 d=0) chk= 0.004(d=3) stat= 0.171 rest= 0.231
  [incr r=180 repr=3 next=6 tfo=1315 active=261/177180 POs=261]
181 : c =       0  cl =   3054  lit =  174123  p =   258  d =     0  f =     3  -  T =     0.07 sec
  [prof 181] wall=  71.424 p=   261 | ifo=  0.739(sd=0.136 nx=0.115 tfo=0.022 cnt=0.466) snap= 0.219 srm=  2.615 sat= 67.362(set=0.151 slv=67.188 max=1.5952 n=261) cex=R/T/F=0/0/3 trsplit=0 sim= 0.000(rmp=0.000 run=0.000 n=0 d=0) chk= 0.004(d=3) stat= 0.158 rest= 0.326
  [incr r=181 repr=3 next=6 tfo=1314 active=258/177177 POs=258]
182 : c =       0  cl =   3054  lit =  174120  p =   255  d =     0  f =     3  -  T =     0.07 sec
  [prof 182] wall=  65.179 p=   258 | ifo=  0.764(sd=0.138 nx=0.127 tfo=0.032 cnt=0.466) snap= 0.211 srm=  2.766 sat= 61.097(set=0.159 slv=60.919 max=1.2423 n=258) cex=R/T/F=0/0/3 trsplit=0 sim= 0.000(rmp=0.000 run=0.000 n=0 d=0) chk= 0.004(d=3) stat= 0.130 rest= 0.207
  [incr r=182 repr=3 next=6 tfo=1313 active=255/177174 POs=255]
183 : c =       0  cl =   3054  lit =  174117  p =   252  d =     0  f =     3  -  T =     0.07 sec
  [prof 183] wall=  71.594 p=   255 | ifo=  0.697(sd=0.130 nx=0.122 tfo=0.027 cnt=0.418) snap= 0.208 srm=  2.884 sat= 67.290(set=0.168 slv=67.099 max=1.2415 n=255) cex=R/T/F=0/0/3 trsplit=0 sim= 0.000(rmp=0.000 run=0.000 n=0 d=0) chk= 0.005(d=3) stat= 0.277 rest= 0.232
  [incr r=183 repr=3 next=6 tfo=1312 active=252/177171 POs=252]
184 : c =       0  cl =   3054  lit =  174114  p =   249  d =     0  f =     3  -  T =     0.07 sec
  [prof 184] wall=  66.227 p=   252 | ifo=  0.796(sd=0.144 nx=0.127 tfo=0.037 cnt=0.488) snap= 0.210 srm=  2.836 sat= 61.972(set=0.166 slv=61.770 max=1.2570 n=252) cex=R/T/F=0/0/3 trsplit=0 sim= 0.000(rmp=0.000 run=0.000 n=0 d=0) chk= 0.006(d=3) stat= 0.164 rest= 0.242
  [incr r=184 repr=3 next=6 tfo=1311 active=249/177168 POs=249]
185 : c =       0  cl =   3054  lit =  174111  p =   246  d =     0  f =     3  -  T =     0.06 sec
  [prof 185] wall=  64.579 p=   249 | ifo=  1.004(sd=0.167 nx=0.140 tfo=0.037 cnt=0.659) snap= 0.219 srm=  2.709 sat= 60.268(set=0.159 slv=60.090 max=1.2162 n=249) cex=R/T/F=0/0/3 trsplit=0 sim= 0.000(rmp=0.000 run=0.000 n=0 d=0) chk= 0.003(d=3) stat= 0.163 rest= 0.214
  [incr r=185 repr=3 next=5 tfo=1310 active=246/177165 POs=246]
186 : c =       0  cl =   3054  lit =  174109  p =   244  d =     0  f =     2  -  T =     0.06 sec
  [prof 186] wall=  60.451 p=   246 | ifo=  0.691(sd=0.142 nx=0.104 tfo=0.028 cnt=0.418) snap= 0.188 srm=  2.327 sat= 56.859(set=0.125 slv=56.716 max=1.2312 n=246) cex=R/T/F=0/0/2 trsplit=0 sim= 0.000(rmp=0.000 run=0.000 n=0 d=0) chk= 0.003(d=2) stat= 0.144 rest= 0.239
  [incr r=186 repr=2 next=4 tfo=1309 active=244/177163 POs=244]
187 : c =       0  cl =   3054  lit =  174107  p =   242  d =     0  f =     2  -  T =     0.07 sec
  [prof 187] wall=  66.271 p=   244 | ifo=  0.766(sd=0.131 nx=0.130 tfo=0.029 cnt=0.476) snap= 0.552 srm=  3.794 sat= 60.807(set=0.371 slv=60.416 max=2.0691 n=244) cex=R/T/F=0/0/2 trsplit=0 sim= 0.000(rmp=0.000 run=0.000 n=0 d=0) chk= 0.002(d=2) stat= 0.132 rest= 0.217
  [incr r=187 repr=2 next=4 tfo=1308 active=242/177161 POs=242]
188 : c =       0  cl =   3054  lit =  174105  p =   240  d =     0  f =     2  -  T =     0.06 sec
  [prof 188] wall=  64.307 p=   242 | ifo=  0.661(sd=0.118 nx=0.092 tfo=0.023 cnt=0.429) snap= 0.182 srm=  2.254 sat= 60.865(set=0.112 slv=60.732 max=1.6493 n=242) cex=R/T/F=0/0/2 trsplit=0 sim= 0.000(rmp=0.000 run=0.000 n=0 d=0) chk= 0.002(d=2) stat= 0.124 rest= 0.219
  [incr r=188 repr=2 next=4 tfo=1307 active=240/177159 POs=240]
189 : c =       0  cl =   3054  lit =  174103  p =   238  d =     0  f =     2  -  T =     0.06 sec
  [prof 189] wall=  59.763 p=   240 | ifo=  0.685(sd=0.118 nx=0.095 tfo=0.051 cnt=0.422) snap= 0.180 srm=  2.288 sat= 56.285(set=0.114 slv=56.154 max=1.2071 n=240) cex=R/T/F=0/0/2 trsplit=0 sim= 0.000(rmp=0.000 run=0.000 n=0 d=0) chk= 0.002(d=2) stat= 0.125 rest= 0.198
  [incr r=189 repr=2 next=4 tfo=1306 active=238/177157 POs=238]
190 : c =       0  cl =   3054  lit =  174101  p =   236  d =     0  f =     2  -  T =     0.06 sec
  [prof 190] wall=  60.820 p=   238 | ifo=  0.693(sd=0.114 nx=0.104 tfo=0.030 cnt=0.445) snap= 0.182 srm=  2.334 sat= 57.254(set=0.117 slv=57.119 max=1.7865 n=238) cex=R/T/F=0/0/2 trsplit=0 sim= 0.000(rmp=0.000 run=0.000 n=0 d=0) chk= 0.002(d=2) stat= 0.126 rest= 0.228
  [incr r=190 repr=2 next=4 tfo=1305 active=236/177155 POs=236]
191 : c =       0  cl =   3054  lit =  174099  p =   234  d =     0  f =     2  -  T =     0.06 sec
  [prof 191] wall=  59.560 p=   236 | ifo=  0.665(sd=0.115 nx=0.095 tfo=0.032 cnt=0.423) snap= 0.181 srm=  2.299 sat= 56.052(set=0.116 slv=55.918 max=1.3003 n=236) cex=R/T/F=0/0/2 trsplit=0 sim= 0.000(rmp=0.000 run=0.000 n=0 d=0) chk= 0.003(d=2) stat= 0.129 rest= 0.230
  [incr r=191 repr=2 next=4 tfo=1304 active=234/177153 POs=234]
192 : c =       0  cl =   3054  lit =  174097  p =   232  d =     0  f =     2  -  T =     0.06 sec
  [prof 192] wall=  60.749 p=   234 | ifo=  0.675(sd=0.117 nx=0.099 tfo=0.032 cnt=0.427) snap= 0.182 srm=  2.347 sat= 57.208(set=0.117 slv=57.072 max=1.1427 n=234) cex=R/T/F=0/0/2 trsplit=0 sim= 0.000(rmp=0.000 run=0.000 n=0 d=0) chk= 0.003(d=2) stat= 0.127 rest= 0.207
  [incr r=192 repr=2 next=4 tfo=1303 active=232/177151 POs=232]
193 : c =       0  cl =   3054  lit =  174095  p =   230  d =     0  f =     2  -  T =     0.06 sec
  [prof 193] wall=  57.141 p=   232 | ifo=  0.699(sd=0.117 nx=0.096 tfo=0.031 cnt=0.456) snap= 0.182 srm=  2.293 sat= 53.630(set=0.119 slv=53.495 max=1.2527 n=232) cex=R/T/F=0/0/2 trsplit=0 sim= 0.000(rmp=0.000 run=0.000 n=0 d=0) chk= 0.002(d=2) stat= 0.119 rest= 0.217
  [incr r=193 repr=2 next=4 tfo=1302 active=230/177149 POs=230]
194 : c =       0  cl =   3054  lit =  174093  p =   228  d =     0  f =     2  -  T =     0.06 sec
  [prof 194] wall=  57.487 p=   230 | ifo=  0.654(sd=0.116 nx=0.091 tfo=0.036 cnt=0.412) snap= 0.182 srm=  2.296 sat= 54.010(set=0.116 slv=53.877 max=1.2396 n=230) cex=R/T/F=0/0/2 trsplit=0 sim= 0.000(rmp=0.000 run=0.000 n=0 d=0) chk= 0.003(d=2) stat= 0.135 rest= 0.207
  [incr r=194 repr=2 next=4 tfo=1301 active=228/177147 POs=228]
195 : c =       0  cl =   3054  lit =  174091  p =   226  d =     0  f =     2  -  T =     0.06 sec
  [prof 195] wall=  57.362 p=   228 | ifo=  0.671(sd=0.115 nx=0.095 tfo=0.031 cnt=0.430) snap= 0.222 srm=  2.637 sat= 53.478(set=0.154 slv=53.307 max=1.2623 n=228) cex=R/T/F=0/0/2 trsplit=0 sim= 0.000(rmp=0.000 run=0.000 n=0 d=0) chk= 0.003(d=2) stat= 0.153 rest= 0.197
  [incr r=195 repr=2 next=4 tfo=1300 active=226/177145 POs=226]
196 : c =       0  cl =   3054  lit =  174089  p =   224  d =     0  f =     2  -  T =     0.06 sec
  [prof 196] wall=  60.516 p=   226 | ifo=  0.653(sd=0.112 nx=0.090 tfo=0.039 cnt=0.411) snap= 0.182 srm=  2.278 sat= 56.976(set=0.117 slv=56.840 max=1.2430 n=226) cex=R/T/F=0/0/2 trsplit=0 sim= 0.000(rmp=0.000 run=0.000 n=0 d=0) chk= 0.003(d=2) stat= 0.178 rest= 0.246
  [incr r=196 repr=2 next=4 tfo=1299 active=224/177143 POs=224]
197 : c =       0  cl =   3054  lit =  174087  p =   222  d =     0  f =     2  -  T =     0.06 sec
  [prof 197] wall=  58.375 p=   224 | ifo=  0.871(sd=0.178 nx=0.127 tfo=0.037 cnt=0.529) snap= 0.204 srm=  2.528 sat= 54.168(set=0.124 slv=54.027 max=1.1967 n=224) cex=R/T/F=0/0/2 trsplit=0 sim= 0.000(rmp=0.000 run=0.000 n=0 d=0) chk= 0.003(d=2) stat= 0.158 rest= 0.442
  [incr r=197 repr=2 next=4 tfo=1298 active=222/177141 POs=222]
198 : c =       0  cl =   3054  lit =  174085  p =   220  d =     0  f =     2  -  T =     0.06 sec
  [prof 198] wall=  58.280 p=   222 | ifo=  0.743(sd=0.134 nx=0.118 tfo=0.028 cnt=0.463) snap= 0.225 srm=  2.816 sat= 54.157(set=0.137 slv=54.002 max=1.1717 n=222) cex=R/T/F=0/0/2 trsplit=0 sim= 0.000(rmp=0.000 run=0.000 n=0 d=0) chk= 0.003(d=2) stat= 0.127 rest= 0.209
  [incr r=198 repr=2 next=4 tfo=1297 active=220/177139 POs=220]
199 : c =       0  cl =   3054  lit =  174083  p =   218  d =     0  f =     2  -  T =     0.06 sec
  [prof 199] wall=  56.199 p=   220 | ifo=  0.684(sd=0.118 nx=0.097 tfo=0.041 cnt=0.429) snap= 0.181 srm=  2.340 sat= 52.567(set=0.117 slv=52.432 max=1.2883 n=220) cex=R/T/F=0/0/2 trsplit=0 sim= 0.000(rmp=0.000 run=0.000 n=0 d=0) chk= 0.003(d=2) stat= 0.167 rest= 0.256
  [incr r=199 repr=2 next=4 tfo=1296 active=218/177137 POs=218]
200 : c =       0  cl =   3054  lit =  174081  p =   216  d =     0  f =     2  -  T =     0.06 sec
  [prof 200] wall=  56.734 p=   218 | ifo=  0.799(sd=0.155 nx=0.126 tfo=0.032 cnt=0.487) snap= 0.225 srm=  2.748 sat= 52.597(set=0.137 slv=52.440 max=1.2916 n=218) cex=R/T/F=0/0/2 trsplit=0 sim= 0.000(rmp=0.000 run=0.000 n=0 d=0) chk= 0.003(d=2) stat= 0.130 rest= 0.231
  [incr r=200 repr=2 next=4 tfo=1295 active=216/177135 POs=216]
201 : c =       0  cl =   3054  lit =  174079  p =   214  d =     0  f =     2  -  T =     0.05 sec
  [prof 201] wall=  54.329 p=   216 | ifo=  0.676(sd=0.117 nx=0.099 tfo=0.033 cnt=0.428) snap= 0.184 srm=  2.340 sat= 50.800(set=0.115 slv=50.669 max=1.2952 n=216) cex=R/T/F=0/0/2 trsplit=0 sim= 0.000(rmp=0.000 run=0.000 n=0 d=0) chk= 0.002(d=2) stat= 0.123 rest= 0.204
  [incr r=201 repr=2 next=4 tfo=1294 active=214/177133 POs=214]
202 : c =       0  cl =   3054  lit =  174077  p =   212  d =     0  f =     2  -  T =     0.05 sec
  [prof 202] wall=  53.574 p=   214 | ifo=  0.661(sd=0.125 nx=0.091 tfo=0.029 cnt=0.416) snap= 0.182 srm=  2.338 sat= 50.048(set=0.116 slv=49.917 max=1.2831 n=214) cex=R/T/F=0/0/2 trsplit=0 sim= 0.000(rmp=0.000 run=0.000 n=0 d=0) chk= 0.002(d=2) stat= 0.126 rest= 0.216
  [incr r=202 repr=2 next=4 tfo=1293 active=212/177131 POs=212]
203 : c =       0  cl =   3054  lit =  174075  p =   210  d =     0  f =     2  -  T =     0.05 sec
  [prof 203] wall=  53.309 p=   212 | ifo=  0.636(sd=0.112 nx=0.089 tfo=0.024 cnt=0.411) snap= 0.181 srm=  2.276 sat= 49.891(set=0.116 slv=49.760 max=1.2493 n=212) cex=R/T/F=0/0/2 trsplit=0 sim= 0.000(rmp=0.000 run=0.000 n=0 d=0) chk= 0.002(d=2) stat= 0.122 rest= 0.200
  [incr r=203 repr=2 next=4 tfo=1292 active=210/177129 POs=210]
204 : c =       0  cl =   3054  lit =  174073  p =   208  d =     0  f =     2  -  T =     0.05 sec
  [prof 204] wall=  52.166 p=   210 | ifo=  0.642(sd=0.112 nx=0.091 tfo=0.023 cnt=0.415) snap= 0.182 srm=  2.212 sat= 48.814(set=0.116 slv=48.684 max=1.2494 n=210) cex=R/T/F=0/0/2 trsplit=0 sim= 0.000(rmp=0.000 run=0.000 n=0 d=0) chk= 0.002(d=2) stat= 0.118 rest= 0.197
  [incr r=204 repr=2 next=4 tfo=1291 active=208/177127 POs=208]
205 : c =       0  cl =   3054  lit =  174071  p =   206  d =     0  f =     2  -  T =     0.05 sec
  [prof 205] wall=  53.818 p=   208 | ifo=  0.711(sd=0.111 nx=0.128 tfo=0.030 cnt=0.443) snap= 0.188 srm=  2.435 sat= 50.136(set=0.118 slv=50.001 max=1.2143 n=208) cex=R/T/F=0/0/2 trsplit=0 sim= 0.000(rmp=0.000 run=0.000 n=0 d=0) chk= 0.009(d=2) stat= 0.124 rest= 0.215
  [incr r=205 repr=2 next=4 tfo=1290 active=206/177125 POs=206]
206 : c =       0  cl =   3054  lit =  174069  p =   204  d =     0  f =     2  -  T =     0.05 sec
  [prof 206] wall=  54.381 p=   206 | ifo=  0.699(sd=0.117 nx=0.100 tfo=0.028 cnt=0.454) snap= 0.296 srm=  2.722 sat= 50.323(set=0.212 slv=50.095 max=1.4031 n=206) cex=R/T/F=0/0/2 trsplit=0 sim= 0.000(rmp=0.000 run=0.000 n=0 d=0) chk= 0.003(d=2) stat= 0.132 rest= 0.206
  [incr r=206 repr=2 next=4 tfo=1289 active=204/177123 POs=204]
207 : c =       0  cl =   3054  lit =  174067  p =   202  d =     0  f =     2  -  T =     0.05 sec
  [prof 207] wall=  52.227 p=   204 | ifo=  0.678(sd=0.113 nx=0.093 tfo=0.034 cnt=0.438) snap= 0.181 srm=  2.323 sat= 48.622(set=0.115 slv=48.492 max=1.2728 n=204) cex=R/T/F=0/0/2 trsplit=0 sim= 0.000(rmp=0.000 run=0.000 n=0 d=0) chk= 0.002(d=2) stat= 0.161 rest= 0.259
  [incr r=207 repr=2 next=4 tfo=1288 active=202/177121 POs=202]
208 : c =       0  cl =   3054  lit =  174065  p =   200  d =     0  f =     2  -  T =     0.05 sec
  [prof 208] wall=  51.729 p=   202 | ifo=  0.715(sd=0.168 nx=0.094 tfo=0.030 cnt=0.423) snap= 0.182 srm=  2.410 sat= 48.095(set=0.118 slv=47.961 max=1.2127 n=202) cex=R/T/F=0/0/2 trsplit=0 sim= 0.000(rmp=0.000 run=0.000 n=0 d=0) chk= 0.003(d=2) stat= 0.124 rest= 0.200
  [incr r=208 repr=2 next=4 tfo=1287 active=200/177119 POs=200]
209 : c =       0  cl =   3054  lit =  174063  p =   198  d =     0  f =     2  -  T =     0.05 sec
  [prof 209] wall=  54.546 p=   200 | ifo=  0.663(sd=0.115 nx=0.093 tfo=0.022 cnt=0.433) snap= 0.232 srm=  2.919 sat= 50.298(set=0.128 slv=50.153 max=1.2380 n=200) cex=R/T/F=0/0/2 trsplit=0 sim= 0.000(rmp=0.000 run=0.000 n=0 d=0) chk= 0.006(d=2) stat= 0.139 rest= 0.290
  [incr r=209 repr=2 next=4 tfo=1286 active=198/177117 POs=198]
210 : c =       0  cl =   3054  lit =  174061  p =   196  d =     0  f =     2  -  T =     0.05 sec
  [prof 210] wall=  51.602 p=   198 | ifo=  0.790(sd=0.131 nx=0.139 tfo=0.042 cnt=0.479) snap= 0.205 srm=  2.561 sat= 47.682(set=0.137 slv=47.530 max=1.6101 n=198) cex=R/T/F=0/0/2 trsplit=0 sim= 0.000(rmp=0.000 run=0.000 n=0 d=0) chk= 0.003(d=2) stat= 0.142 rest= 0.218
  [incr r=210 repr=2 next=4 tfo=1285 active=196/177115 POs=196]
211 : c =       0  cl =   3054  lit =  174059  p =   194  d =     0  f =     2  -  T =     0.05 sec
  [prof 211] wall=  49.858 p=   196 | ifo=  0.719(sd=0.127 nx=0.116 tfo=0.024 cnt=0.451) snap= 0.205 srm=  2.389 sat= 46.175(set=0.136 slv=46.025 max=1.2636 n=196) cex=R/T/F=0/0/2 trsplit=0 sim= 0.000(rmp=0.000 run=0.000 n=0 d=0) chk= 0.002(d=2) stat= 0.134 rest= 0.233
  [incr r=211 repr=2 next=4 tfo=1284 active=194/177113 POs=194]
212 : c =       0  cl =   3054  lit =  174057  p =   192  d =     0  f =     2  -  T =     0.05 sec
  [prof 212] wall=  49.618 p=   194 | ifo=  0.682(sd=0.127 nx=0.104 tfo=0.023 cnt=0.428) snap= 0.202 srm=  2.340 sat= 46.015(set=0.123 slv=45.877 max=1.2159 n=194) cex=R/T/F=0/0/2 trsplit=0 sim= 0.000(rmp=0.000 run=0.000 n=0 d=0) chk= 0.003(d=2) stat= 0.154 rest= 0.222
  [incr r=212 repr=2 next=4 tfo=1283 active=192/177111 POs=192]
213 : c =       0  cl =   3054  lit =  174055  p =   190  d =     0  f =     2  -  T =     0.05 sec
  [prof 213] wall=  50.668 p=   192 | ifo=  0.714(sd=0.131 nx=0.107 tfo=0.028 cnt=0.448) snap= 0.724 srm=  3.090 sat= 45.758(set=0.134 slv=45.610 max=1.2744 n=192) cex=R/T/F=0/0/2 trsplit=0 sim= 0.000(rmp=0.000 run=0.000 n=0 d=0) chk= 0.002(d=2) stat= 0.154 rest= 0.225
  [incr r=213 repr=2 next=4 tfo=1282 active=190/177109 POs=190]
214 : c =       0  cl =   3054  lit =  174053  p =   188  d =     0  f =     2  -  T =     0.05 sec
  [prof 214] wall=  51.655 p=   190 | ifo=  0.953(sd=0.128 nx=0.120 tfo=0.033 cnt=0.671) snap= 0.194 srm=  2.513 sat= 47.646(set=0.123 slv=47.508 max=1.8338 n=190) cex=R/T/F=0/0/2 trsplit=0 sim= 0.000(rmp=0.000 run=0.000 n=0 d=0) chk= 0.002(d=2) stat= 0.118 rest= 0.229
  [incr r=214 repr=2 next=4 tfo=1281 active=188/177107 POs=188]
215 : c =       0  cl =   3054  lit =  174051  p =   186  d =     0  f =     2  -  T =     0.05 sec
  [prof 215] wall=  47.727 p=   188 | ifo=  0.635(sd=0.112 nx=0.089 tfo=0.022 cnt=0.412) snap= 0.183 srm=  2.421 sat= 44.150(set=0.115 slv=44.021 max=1.2199 n=188) cex=R/T/F=0/0/2 trsplit=0 sim= 0.000(rmp=0.000 run=0.000 n=0 d=0) chk= 0.002(d=2) stat= 0.120 rest= 0.215
  [incr r=215 repr=2 next=4 tfo=1280 active=186/177105 POs=186]
216 : c =       0  cl =   3054  lit =  174049  p =   184  d =     0  f =     2  -  T =     0.05 sec
  [prof 216] wall=  49.952 p=   186 | ifo=  0.634(sd=0.112 nx=0.090 tfo=0.022 cnt=0.410) snap= 0.188 srm=  2.203 sat= 46.590(set=0.113 slv=46.462 max=1.3760 n=186) cex=R/T/F=0/0/2 trsplit=0 sim= 0.000(rmp=0.000 run=0.000 n=0 d=0) chk= 0.003(d=2) stat= 0.128 rest= 0.206
  [incr r=216 repr=2 next=4 tfo=1279 active=184/177103 POs=184]
217 : c =       0  cl =   3054  lit =  174047  p =   182  d =     0  f =     2  -  T =     0.05 sec
  [prof 217] wall=  49.361 p=   184 | ifo=  0.667(sd=0.115 nx=0.098 tfo=0.032 cnt=0.422) snap= 0.182 srm=  2.277 sat= 45.898(set=0.122 slv=45.761 max=1.2854 n=184) cex=R/T/F=0/0/2 trsplit=0 sim= 0.000(rmp=0.000 run=0.000 n=0 d=0) chk= 0.002(d=2) stat= 0.130 rest= 0.205
  [incr r=217 repr=2 next=4 tfo=1278 active=182/177101 POs=182]
218 : c =       0  cl =   3054  lit =  174045  p =   180  d =     0  f =     2  -  T =     0.05 sec
  [prof 218] wall=  47.179 p=   182 | ifo=  0.687(sd=0.115 nx=0.097 tfo=0.025 cnt=0.450) snap= 0.181 srm=  2.273 sat= 43.649(set=0.115 slv=43.520 max=1.3104 n=182) cex=R/T/F=0/0/2 trsplit=0 sim= 0.000(rmp=0.000 run=0.000 n=0 d=0) chk= 0.003(d=2) stat= 0.158 rest= 0.228
  [incr r=218 repr=2 next=4 tfo=1277 active=180/177099 POs=180]
219 : c =       0  cl =   3054  lit =  174043  p =   178  d =     0  f =     2  -  T =     0.05 sec
  [prof 219] wall=  46.611 p=   180 | ifo=  0.781(sd=0.134 nx=0.119 tfo=0.056 cnt=0.472) snap= 0.207 srm=  2.552 sat= 42.749(set=0.124 slv=42.611 max=1.3020 n=180) cex=R/T/F=0/0/2 trsplit=0 sim= 0.000(rmp=0.000 run=0.000 n=0 d=0) chk= 0.003(d=2) stat= 0.124 rest= 0.197
  [incr r=219 repr=2 next=4 tfo=1276 active=178/177097 POs=178]
220 : c =       0  cl =   3054  lit =  174041  p =   176  d =     0  f =     2  -  T =     0.05 sec
  [prof 220] wall=  45.605 p=   178 | ifo=  0.653(sd=0.120 nx=0.090 tfo=0.025 cnt=0.419) snap= 0.182 srm=  2.319 sat= 42.089(set=0.114 slv=41.962 max=1.2668 n=178) cex=R/T/F=0/0/2 trsplit=0 sim= 0.000(rmp=0.000 run=0.000 n=0 d=0) chk= 0.003(d=2) stat= 0.132 rest= 0.227
  [incr r=220 repr=2 next=4 tfo=1275 active=176/177095 POs=176]
221 : c =       0  cl =   3054  lit =  174039  p =   174  d =     0  f =     2  -  T =     0.05 sec
  [prof 221] wall=  48.036 p=   176 | ifo=  0.683(sd=0.116 nx=0.113 tfo=0.032 cnt=0.422) snap= 0.184 srm=  2.788 sat= 44.064(set=0.115 slv=43.934 max=1.3974 n=176) cex=R/T/F=0/0/2 trsplit=0 sim= 0.000(rmp=0.000 run=0.000 n=0 d=0) chk= 0.002(d=2) stat= 0.121 rest= 0.194
  [incr r=221 repr=2 next=4 tfo=1274 active=174/177093 POs=174]
222 : c =       0  cl =   3054  lit =  174037  p =   172  d =     0  f =     2  -  T =     0.04 sec
  [prof 222] wall=  44.429 p=   174 | ifo=  0.654(sd=0.121 nx=0.090 tfo=0.026 cnt=0.417) snap= 0.182 srm=  2.359 sat= 40.913(set=0.119 slv=40.781 max=1.3017 n=174) cex=R/T/F=0/0/2 trsplit=0 sim= 0.000(rmp=0.000 run=0.000 n=0 d=0) chk= 0.002(d=2) stat= 0.125 rest= 0.193
  [incr r=222 repr=2 next=4 tfo=1273 active=172/177091 POs=172]
223 : c =       0  cl =   3054  lit =  174035  p =   170  d =     0  f =     2  -  T =     0.05 sec
  [prof 223] wall=  47.711 p=   172 | ifo=  0.637(sd=0.112 nx=0.090 tfo=0.023 cnt=0.413) snap= 0.201 srm=  2.592 sat= 43.938(set=0.124 slv=43.799 max=1.3634 n=172) cex=R/T/F=0/0/2 trsplit=0 sim= 0.000(rmp=0.000 run=0.000 n=0 d=0) chk= 0.002(d=2) stat= 0.122 rest= 0.218
  [incr r=223 repr=2 next=4 tfo=1272 active=170/177089 POs=170]
224 : c =       0  cl =   3054  lit =  174033  p =   168  d =     0  f =     2  -  T =     0.05 sec
  [prof 224] wall=  46.226 p=   170 | ifo=  0.657(sd=0.111 nx=0.106 tfo=0.022 cnt=0.417) snap= 0.181 srm=  2.270 sat= 42.772(set=0.116 slv=42.641 max=1.2299 n=170) cex=R/T/F=0/0/2 trsplit=0 sim= 0.000(rmp=0.000 run=0.000 n=0 d=0) chk= 0.002(d=2) stat= 0.123 rest= 0.222
  [incr r=224 repr=2 next=4 tfo=1271 active=168/177087 POs=168]
225 : c =       0  cl =   3054  lit =  174031  p =   166  d =     0  f =     2  -  T =     0.04 sec
  [prof 225] wall=  42.893 p=   168 | ifo=  0.648(sd=0.111 nx=0.089 tfo=0.022 cnt=0.426) snap= 0.189 srm=  2.218 sat= 39.508(set=0.117 slv=39.379 max=1.2688 n=168) cex=R/T/F=0/0/2 trsplit=0 sim= 0.000(rmp=0.000 run=0.000 n=0 d=0) chk= 0.002(d=2) stat= 0.125 rest= 0.204
  [incr r=225 repr=2 next=4 tfo=1270 active=166/177085 POs=166]
226 : c =       0  cl =   3054  lit =  174029  p =   164  d =     0  f =     2  -  T =     0.04 sec
  [prof 226] wall=  43.505 p=   166 | ifo=  0.644(sd=0.113 nx=0.093 tfo=0.022 cnt=0.416) snap= 0.181 srm=  2.244 sat= 40.120(set=0.116 slv=39.991 max=1.1953 n=166) cex=R/T/F=0/0/2 trsplit=0 sim= 0.000(rmp=0.000 run=0.000 n=0 d=0) chk= 0.002(d=2) stat= 0.120 rest= 0.194
  [incr r=226 repr=2 next=4 tfo=1269 active=164/177083 POs=164]
227 : c =       0  cl =   3054  lit =  174027  p =   162  d =     0  f =     2  -  T =     0.04 sec
  [prof 227] wall=  42.279 p=   164 | ifo=  0.649(sd=0.114 nx=0.098 tfo=0.023 cnt=0.413) snap= 0.203 srm=  2.500 sat= 38.612(set=0.142 slv=38.457 max=1.2344 n=164) cex=R/T/F=0/0/2 trsplit=0 sim= 0.000(rmp=0.000 run=0.000 n=0 d=0) chk= 0.002(d=2) stat= 0.124 rest= 0.191
  [incr r=227 repr=2 next=4 tfo=1268 active=162/177081 POs=162]
228 : c =       0  cl =   3054  lit =  174025  p =   160  d =     0  f =     2  -  T =     0.04 sec
  [prof 228] wall=  41.851 p=   162 | ifo=  0.649(sd=0.119 nx=0.094 tfo=0.022 cnt=0.414) snap= 0.244 srm=  2.244 sat= 38.393(set=0.115 slv=38.266 max=1.2687 n=162) cex=R/T/F=0/0/2 trsplit=0 sim= 0.000(rmp=0.000 run=0.000 n=0 d=0) chk= 0.002(d=2) stat= 0.123 rest= 0.197
  [incr r=228 repr=2 next=4 tfo=1267 active=160/177079 POs=160]
229 : c =       0  cl =   3054  lit =  174023  p =   158  d =     0  f =     2  -  T =     0.05 sec
  [prof 229] wall=  48.368 p=   160 | ifo=  0.667(sd=0.114 nx=0.093 tfo=0.033 cnt=0.427) snap= 0.182 srm=  2.251 sat= 44.945(set=0.113 slv=44.818 max=1.2741 n=160) cex=R/T/F=0/0/2 trsplit=0 sim= 0.000(rmp=0.000 run=0.000 n=0 d=0) chk= 0.002(d=2) stat= 0.127 rest= 0.193
  [incr r=229 repr=2 next=4 tfo=1266 active=158/177077 POs=158]
230 : c =       0  cl =   3054  lit =  174021  p =   156  d =     0  f =     2  -  T =     0.04 sec
  [prof 230] wall=  42.212 p=   158 | ifo=  0.636(sd=0.110 nx=0.089 tfo=0.019 cnt=0.418) snap= 0.183 srm=  2.224 sat= 38.837(set=0.153 slv=38.671 max=1.3459 n=158) cex=R/T/F=0/0/2 trsplit=0 sim= 0.000(rmp=0.000 run=0.000 n=0 d=0) chk= 0.002(d=2) stat= 0.127 rest= 0.203
  [incr r=230 repr=2 next=4 tfo=1265 active=156/177075 POs=156]
231 : c =       0  cl =   3054  lit =  174019  p =   154  d =     0  f =     2  -  T =     0.04 sec
  [prof 231] wall=  40.757 p=   156 | ifo=  0.685(sd=0.117 nx=0.097 tfo=0.028 cnt=0.443) snap= 0.186 srm=  2.315 sat= 37.257(set=0.117 slv=37.128 max=1.2893 n=156) cex=R/T/F=0/0/2 trsplit=0 sim= 0.000(rmp=0.000 run=0.000 n=0 d=0) chk= 0.002(d=2) stat= 0.122 rest= 0.191
  [incr r=231 repr=2 next=4 tfo=1264 active=154/177073 POs=154]
232 : c =       0  cl =   3054  lit =  174017  p =   152  d =     0  f =     2  -  T =     0.04 sec
  [prof 232] wall=  39.693 p=   154 | ifo=  0.633(sd=0.111 nx=0.091 tfo=0.021 cnt=0.409) snap= 0.182 srm=  2.245 sat= 36.322(set=0.114 slv=36.197 max=1.2829 n=154) cex=R/T/F=0/0/2 trsplit=0 sim= 0.000(rmp=0.000 run=0.000 n=0 d=0) chk= 0.002(d=2) stat= 0.119 rest= 0.190
  [incr r=232 repr=2 next=4 tfo=1263 active=152/177071 POs=152]
233 : c =       0  cl =   3054  lit =  174015  p =   150  d =     0  f =     2  -  T =     0.04 sec
  [prof 233] wall=  39.340 p=   152 | ifo=  0.634(sd=0.111 nx=0.089 tfo=0.028 cnt=0.406) snap= 0.188 srm=  2.203 sat= 35.971(set=0.115 slv=35.844 max=1.2867 n=152) cex=R/T/F=0/0/2 trsplit=0 sim= 0.000(rmp=0.000 run=0.000 n=0 d=0) chk= 0.002(d=2) stat= 0.130 rest= 0.213
  [incr r=233 repr=2 next=4 tfo=1262 active=150/177069 POs=150]
234 : c =       0  cl =   3054  lit =  174013  p =   148  d =     0  f =     2  -  T =     0.04 sec
  [prof 234] wall=  38.845 p=   150 | ifo=  0.632(sd=0.115 nx=0.088 tfo=0.020 cnt=0.408) snap= 0.181 srm=  2.245 sat= 35.470(set=0.117 slv=35.339 max=1.2763 n=150) cex=R/T/F=0/0/2 trsplit=0 sim= 0.000(rmp=0.000 run=0.000 n=0 d=0) chk= 0.002(d=2) stat= 0.120 rest= 0.196
  [incr r=234 repr=2 next=4 tfo=1261 active=148/177067 POs=148]
235 : c =       0  cl =   3054  lit =  174011  p =   146  d =     0  f =     2  -  T =     0.04 sec
  [prof 235] wall=  40.867 p=   148 | ifo=  0.637(sd=0.112 nx=0.091 tfo=0.019 cnt=0.415) snap= 0.190 srm=  2.304 sat= 37.411(set=0.115 slv=37.283 max=1.2929 n=148) cex=R/T/F=0/0/2 trsplit=0 sim= 0.000(rmp=0.000 run=0.000 n=0 d=0) chk= 0.002(d=2) stat= 0.122 rest= 0.201
  [incr r=235 repr=2 next=4 tfo=1260 active=146/177065 POs=146]
236 : c =       0  cl =   3054  lit =  174009  p =   144  d =     0  f =     2  -  T =     0.04 sec
  [prof 236] wall=  39.220 p=   146 | ifo=  0.656(sd=0.112 nx=0.092 tfo=0.026 cnt=0.426) snap= 0.181 srm=  2.327 sat= 35.653(set=0.116 slv=35.525 max=1.2816 n=146) cex=R/T/F=0/0/2 trsplit=0 sim= 0.000(rmp=0.000 run=0.000 n=0 d=0) chk= 0.002(d=2) stat= 0.170 rest= 0.230
  [incr r=236 repr=2 next=4 tfo=1259 active=144/177063 POs=144]
237 : c =       0  cl =   3054  lit =  174007  p =   142  d =     0  f =     2  -  T =     0.04 sec
  [prof 237] wall=  41.960 p=   144 | ifo=  0.732(sd=0.128 nx=0.115 tfo=0.027 cnt=0.463) snap= 0.500 srm=  4.327 sat= 36.046(set=0.298 slv=35.737 max=1.7752 n=144) cex=R/T/F=0/0/2 trsplit=0 sim= 0.000(rmp=0.000 run=0.000 n=0 d=0) chk= 0.002(d=2) stat= 0.126 rest= 0.227
  [incr r=237 repr=2 next=4 tfo=1258 active=142/177061 POs=142]
238 : c =       0  cl =   3054  lit =  174005  p =   140  d =     0  f =     2  -  T =     0.04 sec
  [prof 238] wall=  37.583 p=   142 | ifo=  0.656(sd=0.114 nx=0.092 tfo=0.022 cnt=0.428) snap= 0.182 srm=  2.230 sat= 34.142(set=0.123 slv=34.008 max=1.3066 n=142) cex=R/T/F=0/0/2 trsplit=0 sim= 0.000(rmp=0.000 run=0.000 n=0 d=0) chk= 0.002(d=2) stat= 0.126 rest= 0.246
  [incr r=238 repr=2 next=4 tfo=1257 active=140/177059 POs=140]
239 : c =       0  cl =   3054  lit =  174003  p =   138  d =     0  f =     2  -  T =     0.04 sec
  [prof 239] wall=  39.026 p=   140 | ifo=  0.650(sd=0.116 nx=0.091 tfo=0.023 cnt=0.420) snap= 0.186 srm=  2.421 sat= 35.390(set=0.131 slv=35.247 max=1.2447 n=140) cex=R/T/F=0/0/2 trsplit=0 sim= 0.000(rmp=0.000 run=0.000 n=0 d=0) chk= 0.003(d=2) stat= 0.138 rest= 0.238
  [incr r=239 repr=2 next=4 tfo=1256 active=138/177057 POs=138]
240 : c =       0  cl =   3054  lit =  174001  p =   136  d =     0  f =     2  -  T =     0.04 sec
  [prof 240] wall=  37.925 p=   138 | ifo=  0.776(sd=0.131 nx=0.136 tfo=0.041 cnt=0.469) snap= 0.216 srm=  2.513 sat= 34.078(set=0.129 slv=33.937 max=1.2940 n=138) cex=R/T/F=0/0/2 trsplit=0 sim= 0.000(rmp=0.000 run=0.000 n=0 d=0) chk= 0.002(d=2) stat= 0.130 rest= 0.210
  [incr r=240 repr=2 next=4 tfo=1255 active=136/177055 POs=136]
241 : c =       0  cl =   3054  lit =  173999  p =   134  d =     0  f =     2  -  T =     0.04 sec
  [prof 241] wall=  37.267 p=   136 | ifo=  0.692(sd=0.115 nx=0.097 tfo=0.031 cnt=0.449) snap= 0.188 srm=  2.329 sat= 33.673(set=0.118 slv=33.543 max=1.2471 n=136) cex=R/T/F=0/0/2 trsplit=0 sim= 0.000(rmp=0.000 run=0.000 n=0 d=0) chk= 0.003(d=2) stat= 0.151 rest= 0.231
  [incr r=241 repr=2 next=4 tfo=1254 active=134/177053 POs=134]
242 : c =       0  cl =   3054  lit =  173997  p =   132  d =     0  f =     2  -  T =     0.04 sec
  [prof 242] wall=  37.052 p=   134 | ifo=  0.848(sd=0.133 nx=0.109 tfo=0.144 cnt=0.462) snap= 0.207 srm=  2.542 sat= 33.133(set=0.127 slv=32.994 max=1.2659 n=134) cex=R/T/F=0/0/2 trsplit=0 sim= 0.000(rmp=0.000 run=0.000 n=0 d=0) chk= 0.002(d=2) stat= 0.123 rest= 0.198
  [incr r=242 repr=2 next=4 tfo=1253 active=132/177051 POs=132]
243 : c =       0  cl =   3054  lit =  173995  p =   130  d =     0  f =     2  -  T =     0.04 sec
  [prof 243] wall=  37.435 p=   132 | ifo=  0.668(sd=0.115 nx=0.094 tfo=0.028 cnt=0.430) snap= 0.189 srm=  2.306 sat= 33.884(set=0.111 slv=33.761 max=1.3126 n=132) cex=R/T/F=0/0/2 trsplit=0 sim= 0.000(rmp=0.000 run=0.000 n=0 d=0) chk= 0.003(d=2) stat= 0.152 rest= 0.234
  [incr r=243 repr=2 next=4 tfo=1252 active=130/177049 POs=130]
244 : c =       0  cl =   3054  lit =  173993  p =   128  d =     0  f =     2  -  T =     0.04 sec
  [prof 244] wall=  36.960 p=   130 | ifo=  0.717(sd=0.127 nx=0.112 tfo=0.026 cnt=0.452) snap= 0.207 srm=  2.410 sat= 33.265(set=0.126 slv=33.129 max=1.2870 n=130) cex=R/T/F=0/0/2 trsplit=0 sim= 0.000(rmp=0.000 run=0.000 n=0 d=0) chk= 0.002(d=2) stat= 0.125 rest= 0.235
  [incr r=244 repr=2 next=4 tfo=1251 active=128/177047 POs=128]
245 : c =       0  cl =   3054  lit =  173991  p =   126  d =     0  f =     2  -  T =     0.04 sec
  [prof 245] wall=  35.875 p=   128 | ifo=  0.633(sd=0.111 nx=0.089 tfo=0.021 cnt=0.411) snap= 0.185 srm=  2.232 sat= 32.451(set=0.112 slv=32.327 max=1.2589 n=128) cex=R/T/F=0/0/2 trsplit=0 sim= 0.000(rmp=0.000 run=0.000 n=0 d=0) chk= 0.003(d=2) stat= 0.133 rest= 0.238
  [incr r=245 repr=2 next=4 tfo=1250 active=126/177045 POs=126]
246 : c =       0  cl =   3054  lit =  173989  p =   124  d =     0  f =     2  -  T =     0.03 sec
  [prof 246] wall=  34.618 p=   126 | ifo=  0.695(sd=0.117 nx=0.096 tfo=0.042 cnt=0.439) snap= 0.183 srm=  2.291 sat= 31.083(set=0.115 slv=30.953 max=1.1962 n=126) cex=R/T/F=0/0/2 trsplit=0 sim= 0.000(rmp=0.000 run=0.000 n=0 d=0) chk= 0.002(d=2) stat= 0.146 rest= 0.218
  [incr r=246 repr=2 next=4 tfo=1249 active=124/177043 POs=124]
247 : c =       0  cl =   3054  lit =  173987  p =   122  d =     0  f =     2  -  T =     0.03 sec
  [prof 247] wall=  33.698 p=   124 | ifo=  0.717(sd=0.126 nx=0.107 tfo=0.023 cnt=0.461) snap= 0.182 srm=  2.298 sat= 30.164(set=0.146 slv=30.009 max=1.3373 n=124) cex=R/T/F=0/0/2 trsplit=0 sim= 0.000(rmp=0.000 run=0.000 n=0 d=0) chk= 0.002(d=2) stat= 0.119 rest= 0.216
  [incr r=247 repr=2 next=4 tfo=1248 active=122/177041 POs=122]
248 : c =       0  cl =   3054  lit =  173985  p =   120  d =     0  f =     2  -  T =     0.03 sec
  [prof 248] wall=  33.276 p=   122 | ifo=  0.647(sd=0.119 nx=0.088 tfo=0.021 cnt=0.419) snap= 0.182 srm=  2.206 sat= 29.924(set=0.114 slv=29.801 max=1.3297 n=122) cex=R/T/F=0/0/2 trsplit=0 sim= 0.000(rmp=0.000 run=0.000 n=0 d=0) chk= 0.002(d=2) stat= 0.120 rest= 0.196
  [incr r=248 repr=2 next=4 tfo=1247 active=120/177039 POs=120]
249 : c =       0  cl =   3054  lit =  173983  p =   118  d =     0  f =     2  -  T =     0.04 sec
  [prof 249] wall=  39.561 p=   120 | ifo=  0.632(sd=0.111 nx=0.088 tfo=0.019 cnt=0.414) snap= 0.181 srm=  2.226 sat= 36.208(set=0.114 slv=36.083 max=3.2325 n=120) cex=R/T/F=0/0/2 trsplit=0 sim= 0.000(rmp=0.000 run=0.000 n=0 d=0) chk= 0.002(d=2) stat= 0.122 rest= 0.191
  [incr r=249 repr=2 next=4 tfo=1246 active=118/177037 POs=118]
250 : c =       0  cl =   3054  lit =  173981  p =   116  d =     0  f =     2  -  T =     0.03 sec
  [prof 250] wall=  32.264 p=   118 | ifo=  0.639(sd=0.116 nx=0.091 tfo=0.020 cnt=0.413) snap= 0.182 srm=  2.288 sat= 28.841(set=0.114 slv=28.718 max=1.2625 n=118) cex=R/T/F=0/0/2 trsplit=0 sim= 0.000(rmp=0.000 run=0.000 n=0 d=0) chk= 0.002(d=2) stat= 0.119 rest= 0.193
  [incr r=250 repr=2 next=4 tfo=1245 active=116/177035 POs=116]
251 : c =       0  cl =   3054  lit =  173979  p =   114  d =     0  f =     2  -  T =     0.04 sec
  [prof 251] wall=  38.523 p=   116 | ifo=  0.636(sd=0.111 nx=0.088 tfo=0.018 cnt=0.419) snap= 0.182 srm=  2.210 sat= 35.098(set=0.114 slv=34.973 max=1.3133 n=116) cex=R/T/F=0/0/2 trsplit=0 sim= 0.000(rmp=0.000 run=0.000 n=0 d=0) chk= 0.002(d=2) stat= 0.159 rest= 0.236
  [incr r=251 repr=2 next=4 tfo=1244 active=114/177033 POs=114]
252 : c =       0  cl =   3054  lit =  173977  p =   112  d =     0  f =     2  -  T =     0.03 sec
  [prof 252] wall=  33.328 p=   114 | ifo=  0.754(sd=0.145 nx=0.115 tfo=0.025 cnt=0.470) snap= 0.202 srm=  2.423 sat= 29.634(set=0.121 slv=29.503 max=1.3234 n=114) cex=R/T/F=0/0/2 trsplit=0 sim= 0.000(rmp=0.000 run=0.000 n=0 d=0) chk= 0.002(d=2) stat= 0.119 rest= 0.193
  [incr r=252 repr=2 next=4 tfo=1243 active=112/177031 POs=112]
253 : c =       0  cl =   3054  lit =  173975  p =   110  d =     0  f =     2  -  T =     0.03 sec
  [prof 253] wall=  30.658 p=   112 | ifo=  0.656(sd=0.112 nx=0.089 tfo=0.031 cnt=0.423) snap= 0.184 srm=  2.231 sat= 27.276(set=0.142 slv=27.126 max=1.2018 n=112) cex=R/T/F=0/0/2 trsplit=0 sim= 0.000(rmp=0.000 run=0.000 n=0 d=0) chk= 0.002(d=2) stat= 0.118 rest= 0.190
  [incr r=253 repr=2 next=4 tfo=1242 active=110/177029 POs=110]
254 : c =       0  cl =   3054  lit =  173973  p =   108  d =     0  f =     2  -  T =     0.03 sec
  [prof 254] wall=  34.310 p=   110 | ifo=  0.632(sd=0.111 nx=0.088 tfo=0.018 cnt=0.416) snap= 0.199 srm=  2.217 sat= 30.903(set=0.189 slv=30.703 max=1.3037 n=110) cex=R/T/F=0/0/2 trsplit=0 sim= 0.000(rmp=0.000 run=0.000 n=0 d=0) chk= 0.002(d=2) stat= 0.139 rest= 0.218
  [incr r=254 repr=2 next=4 tfo=1241 active=108/177027 POs=108]
255 : c =       0  cl =   3054  lit =  173971  p =   106  d =     0  f =     2  -  T =     0.03 sec
  [prof 255] wall=  31.491 p=   108 | ifo=  0.702(sd=0.136 nx=0.100 tfo=0.019 cnt=0.447) snap= 0.203 srm=  2.371 sat= 27.885(set=0.123 slv=27.753 max=1.4620 n=108) cex=R/T/F=0/0/2 trsplit=0 sim= 0.000(rmp=0.000 run=0.000 n=0 d=0) chk= 0.002(d=2) stat= 0.126 rest= 0.202
  [incr r=255 repr=2 next=4 tfo=1240 active=106/177025 POs=106]
256 : c =       0  cl =   3054  lit =  173969  p =   104  d =     0  f =     2  -  T =     0.03 sec
  [prof 256] wall=  30.543 p=   106 | ifo=  0.661(sd=0.115 nx=0.092 tfo=0.023 cnt=0.432) snap= 0.182 srm=  2.254 sat= 27.129(set=0.116 slv=27.003 max=1.2702 n=106) cex=R/T/F=0/0/2 trsplit=0 sim= 0.000(rmp=0.000 run=0.000 n=0 d=0) chk= 0.002(d=2) stat= 0.122 rest= 0.193
  [incr r=256 repr=2 next=4 tfo=1239 active=104/177023 POs=104]
257 : c =       0  cl =   3054  lit =  173967  p =   102  d =     0  f =     2  -  T =     0.03 sec
  [prof 257] wall=  29.840 p=   104 | ifo=  0.637(sd=0.112 nx=0.097 tfo=0.018 cnt=0.410) snap= 0.181 srm=  2.208 sat= 26.448(set=0.117 slv=26.321 max=1.6720 n=104) cex=R/T/F=0/0/2 trsplit=0 sim= 0.000(rmp=0.000 run=0.000 n=0 d=0) chk= 0.002(d=2) stat= 0.153 rest= 0.212
  [incr r=257 repr=2 next=4 tfo=1238 active=102/177021 POs=102]
258 : c =       0  cl =   3054  lit =  173965  p =   100  d =     0  f =     2  -  T =     0.03 sec
  [prof 258] wall=  28.813 p=   102 | ifo=  0.666(sd=0.116 nx=0.095 tfo=0.027 cnt=0.428) snap= 0.181 srm=  2.260 sat= 25.391(set=0.113 slv=25.269 max=1.2631 n=102) cex=R/T/F=0/0/2 trsplit=0 sim= 0.000(rmp=0.000 run=0.000 n=0 d=0) chk= 0.002(d=2) stat= 0.120 rest= 0.193
  [incr r=258 repr=2 next=4 tfo=1237 active=100/177019 POs=100]
259 : c =       0  cl =   3054  lit =  173963  p =    98  d =     0  f =     2  -  T =     0.03 sec
  [prof 259] wall=  28.544 p=   100 | ifo=  0.658(sd=0.111 nx=0.090 tfo=0.036 cnt=0.420) snap= 0.180 srm=  2.281 sat= 25.048(set=0.124 slv=24.915 max=1.3407 n=100) cex=R/T/F=0/0/2 trsplit=0 sim= 0.000(rmp=0.000 run=0.000 n=0 d=0) chk= 0.002(d=2) stat= 0.145 rest= 0.229
  [incr r=259 repr=2 next=4 tfo=1236 active=98/177017 POs=98]
260 : c =       0  cl =   3054  lit =  173961  p =    96  d =     0  f =     2  -  T =     0.03 sec
  [prof 260] wall=  32.060 p=    98 | ifo=  0.697(sd=0.124 nx=0.099 tfo=0.031 cnt=0.442) snap= 0.374 srm=  3.083 sat= 27.565(set=0.203 slv=27.352 max=1.4725 n=98) cex=R/T/F=0/0/2 trsplit=0 sim= 0.000(rmp=0.000 run=0.000 n=0 d=0) chk= 0.002(d=2) stat= 0.123 rest= 0.217
  [incr r=260 repr=2 next=4 tfo=1235 active=96/177015 POs=96]
261 : c =       0  cl =   3054  lit =  173959  p =    94  d =     0  f =     2  -  T =     0.03 sec
  [prof 261] wall=  28.938 p=    96 | ifo=  0.833(sd=0.111 nx=0.088 tfo=0.022 cnt=0.612) snap= 0.212 srm=  2.858 sat= 24.662(set=0.142 slv=24.512 max=1.2583 n=96) cex=R/T/F=0/0/2 trsplit=0 sim= 0.000(rmp=0.000 run=0.000 n=0 d=0) chk= 0.002(d=2) stat= 0.184 rest= 0.189
  [incr r=261 repr=2 next=4 tfo=1234 active=94/177013 POs=94]
262 : c =       0  cl =   3054  lit =  173957  p =    92  d =     0  f =     2  -  T =     0.03 sec
  [prof 262] wall=  27.483 p=    94 | ifo=  0.628(sd=0.111 nx=0.088 tfo=0.020 cnt=0.409) snap= 0.182 srm=  2.211 sat= 24.064(set=0.112 slv=23.944 max=1.2493 n=94) cex=R/T/F=0/0/2 trsplit=0 sim= 0.000(rmp=0.000 run=0.000 n=0 d=0) chk= 0.002(d=2) stat= 0.153 rest= 0.243
  [incr r=262 repr=2 next=4 tfo=1233 active=92/177011 POs=92]
263 : c =       0  cl =   3054  lit =  173955  p =    90  d =     0  f =     2  -  T =     0.03 sec
  [prof 263] wall=  31.267 p=    92 | ifo=  0.742(sd=0.139 nx=0.110 tfo=0.032 cnt=0.462) snap= 0.704 srm=  2.886 sat= 26.610(set=0.141 slv=26.460 max=1.2067 n=92) cex=R/T/F=0/0/2 trsplit=0 sim= 0.000(rmp=0.000 run=0.000 n=0 d=0) chk= 0.002(d=2) stat= 0.121 rest= 0.202
  [incr r=263 repr=2 next=4 tfo=1232 active=90/177009 POs=90]
264 : c =       0  cl =   3054  lit =  173953  p =    88  d =     0  f =     2  -  T =     0.03 sec
  [prof 264] wall=  27.198 p=    90 | ifo=  1.292(sd=0.111 nx=0.088 tfo=0.020 cnt=1.074) snap= 0.204 srm=  2.442 sat= 22.906(set=0.122 slv=22.777 max=1.4168 n=90) cex=R/T/F=0/0/2 trsplit=0 sim= 0.000(rmp=0.000 run=0.000 n=0 d=0) chk= 0.002(d=2) stat= 0.137 rest= 0.215
  [incr r=264 repr=2 next=4 tfo=1231 active=88/177007 POs=88]
265 : c =       0  cl =   3054  lit =  173951  p =    86  d =     0  f =     2  -  T =     0.03 sec
  [prof 265] wall=  26.734 p=    88 | ifo=  0.700(sd=0.124 nx=0.112 tfo=0.024 cnt=0.440) snap= 0.203 srm=  2.434 sat= 23.038(set=0.120 slv=22.910 max=1.3350 n=88) cex=R/T/F=0/0/2 trsplit=0 sim= 0.000(rmp=0.000 run=0.000 n=0 d=0) chk= 0.002(d=2) stat= 0.135 rest= 0.221
  [incr r=265 repr=2 next=4 tfo=1230 active=86/177005 POs=86]
266 : c =       0  cl =   3054  lit =  173949  p =    84  d =     0  f =     2  -  T =     0.03 sec
  [prof 266] wall=  26.576 p=    86 | ifo=  0.804(sd=0.161 nx=0.132 tfo=0.038 cnt=0.473) snap= 0.206 srm=  3.181 sat= 22.069(set=0.146 slv=21.915 max=1.3546 n=86) cex=R/T/F=0/0/2 trsplit=0 sim= 0.000(rmp=0.000 run=0.000 n=0 d=0) chk= 0.001(d=2) stat= 0.120 rest= 0.195
  [incr r=266 repr=2 next=4 tfo=1229 active=84/177003 POs=84]
267 : c =       0  cl =   3054  lit =  173947  p =    82  d =     0  f =     2  -  T =     0.02 sec
  [prof 267] wall=  24.480 p=    84 | ifo=  0.637(sd=0.111 nx=0.089 tfo=0.021 cnt=0.417) snap= 0.195 srm=  2.221 sat= 21.115(set=0.117 slv=20.992 max=1.2720 n=84) cex=R/T/F=0/0/2 trsplit=0 sim= 0.000(rmp=0.000 run=0.000 n=0 d=0) chk= 0.001(d=2) stat= 0.119 rest= 0.191
  [incr r=267 repr=2 next=4 tfo=1228 active=82/177001 POs=82]
268 : c =       0  cl =   3054  lit =  173945  p =    80  d =     0  f =     2  -  T =     0.02 sec
  [prof 268] wall=  24.785 p=    82 | ifo=  0.655(sd=0.111 nx=0.090 tfo=0.020 cnt=0.435) snap= 0.181 srm=  2.197 sat= 21.414(set=0.123 slv=21.283 max=1.2100 n=82) cex=R/T/F=0/0/2 trsplit=0 sim= 0.000(rmp=0.000 run=0.000 n=0 d=0) chk= 0.002(d=2) stat= 0.128 rest= 0.208
  [incr r=268 repr=2 next=4 tfo=1227 active=80/176999 POs=80]
269 : c =       0  cl =   3054  lit =  173943  p =    78  d =     0  f =     2  -  T =     0.02 sec
  [prof 269] wall=  23.988 p=    80 | ifo=  0.734(sd=0.118 nx=0.098 tfo=0.034 cnt=0.484) snap= 0.184 srm=  2.492 sat= 20.271(set=0.118 slv=20.147 max=1.3669 n=80) cex=R/T/F=0/0/2 trsplit=0 sim= 0.000(rmp=0.000 run=0.000 n=0 d=0) chk= 0.001(d=2) stat= 0.117 rest= 0.188
  [incr r=269 repr=2 next=4 tfo=1226 active=78/176997 POs=78]
270 : c =       0  cl =   3054  lit =  173941  p =    76  d =     0  f =     2  -  T =     0.02 sec
  [prof 270] wall=  23.423 p=    78 | ifo=  0.641(sd=0.113 nx=0.090 tfo=0.020 cnt=0.418) snap= 0.181 srm=  2.222 sat= 20.006(set=0.114 slv=19.885 max=1.3659 n=78) cex=R/T/F=0/0/2 trsplit=0 sim= 0.000(rmp=0.000 run=0.000 n=0 d=0) chk= 0.002(d=2) stat= 0.154 rest= 0.216
  [incr r=270 repr=2 next=4 tfo=1225 active=76/176995 POs=76]
271 : c =       0  cl =   3054  lit =  173939  p =    74  d =     0  f =     2  -  T =     0.02 sec
  [prof 271] wall=  24.043 p=    76 | ifo=  0.682(sd=0.124 nx=0.099 tfo=0.020 cnt=0.440) snap= 0.204 srm=  2.394 sat= 20.445(set=0.137 slv=20.302 max=1.3222 n=76) cex=R/T/F=0/0/2 trsplit=0 sim= 0.000(rmp=0.000 run=0.000 n=0 d=0) chk= 0.002(d=2) stat= 0.123 rest= 0.193
  [incr r=271 repr=2 next=4 tfo=1224 active=74/176993 POs=74]
272 : c =       0  cl =   3054  lit =  173937  p =    72  d =     0  f =     2  -  T =     0.02 sec
  [prof 272] wall=  22.763 p=    74 | ifo=  0.678(sd=0.113 nx=0.090 tfo=0.024 cnt=0.451) snap= 0.183 srm=  2.393 sat= 19.121(set=0.113 slv=19.002 max=1.2134 n=74) cex=R/T/F=0/0/2 trsplit=0 sim= 0.000(rmp=0.000 run=0.000 n=0 d=0) chk= 0.002(d=2) stat= 0.154 rest= 0.230
  [incr r=272 repr=2 next=4 tfo=1223 active=72/176991 POs=72]
273 : c =       0  cl =   3054  lit =  173935  p =    70  d =     0  f =     2  -  T =     0.02 sec
  [prof 273] wall=  22.845 p=    72 | ifo=  0.732(sd=0.131 nx=0.115 tfo=0.038 cnt=0.448) snap= 0.208 srm=  2.361 sat= 19.183(set=0.135 slv=19.042 max=1.3702 n=72) cex=R/T/F=0/0/2 trsplit=0 sim= 0.000(rmp=0.000 run=0.000 n=0 d=0) chk= 0.002(d=2) stat= 0.139 rest= 0.221
  [incr r=273 repr=2 next=4 tfo=1222 active=70/176989 POs=70]
274 : c =       0  cl =   3054  lit =  173933  p =    68  d =     0  f =     2  -  T =     0.02 sec
  [prof 274] wall=  23.036 p=    70 | ifo=  0.676(sd=0.123 nx=0.105 tfo=0.020 cnt=0.428) snap= 0.203 srm=  2.335 sat= 19.509(set=0.130 slv=19.373 max=1.5814 n=70) cex=R/T/F=0/0/2 trsplit=0 sim= 0.000(rmp=0.000 run=0.000 n=0 d=0) chk= 0.001(d=2) stat= 0.119 rest= 0.193
  [incr r=274 repr=2 next=4 tfo=1221 active=68/176987 POs=68]
275 : c =       0  cl =   3054  lit =  173931  p =    66  d =     0  f =     2  -  T =     0.02 sec
  [prof 275] wall=  21.211 p=    68 | ifo=  0.657(sd=0.125 nx=0.089 tfo=0.021 cnt=0.423) snap= 0.183 srm=  2.293 sat= 17.766(set=0.133 slv=17.628 max=1.3603 n=68) cex=R/T/F=0/0/2 trsplit=0 sim= 0.000(rmp=0.000 run=0.000 n=0 d=0) chk= 0.001(d=2) stat= 0.122 rest= 0.189
  [incr r=275 repr=2 next=4 tfo=1220 active=66/176985 POs=66]
276 : c =       0  cl =   3054  lit =  173929  p =    64  d =     0  f =     2  -  T =     0.02 sec
  [prof 276] wall=  20.800 p=    66 | ifo=  0.640(sd=0.111 nx=0.103 tfo=0.018 cnt=0.407) snap= 0.181 srm=  2.194 sat= 17.435(set=0.114 slv=17.314 max=1.3301 n=66) cex=R/T/F=0/0/2 trsplit=0 sim= 0.000(rmp=0.000 run=0.000 n=0 d=0) chk= 0.002(d=2) stat= 0.123 rest= 0.226
  [incr r=276 repr=2 next=4 tfo=1219 active=64/176983 POs=64]
277 : c =       0  cl =   3054  lit =  173927  p =    62  d =     0  f =     2  -  T =     0.02 sec
  [prof 277] wall=  23.140 p=    64 | ifo=  0.667(sd=0.113 nx=0.095 tfo=0.028 cnt=0.431) snap= 0.221 srm=  2.712 sat= 19.232(set=0.144 slv=19.082 max=1.3539 n=64) cex=R/T/F=0/0/2 trsplit=0 sim= 0.000(rmp=0.000 run=0.000 n=0 d=0) chk= 0.002(d=2) stat= 0.118 rest= 0.188
  [incr r=277 repr=2 next=4 tfo=1218 active=62/176981 POs=62]
278 : c =       0  cl =   3054  lit =  173925  p =    60  d =     0  f =     2  -  T =     0.02 sec
  [prof 278] wall=  21.927 p=    62 | ifo=  0.646(sd=0.118 nx=0.087 tfo=0.032 cnt=0.408) snap= 0.182 srm=  2.222 sat= 18.510(set=0.112 slv=18.391 max=1.3782 n=62) cex=R/T/F=0/0/2 trsplit=0 sim= 0.000(rmp=0.000 run=0.000 n=0 d=0) chk= 0.002(d=2) stat= 0.143 rest= 0.222
  [incr r=278 repr=2 next=4 tfo=1217 active=60/176979 POs=60]
279 : c =       0  cl =   3054  lit =  173923  p =    58  d =     0  f =     2  -  T =     0.02 sec
  [prof 279] wall=  19.525 p=    60 | ifo=  0.740(sd=0.198 nx=0.100 tfo=0.024 cnt=0.417) snap= 0.182 srm=  2.235 sat= 16.061(set=0.113 slv=15.943 max=1.3182 n=60) cex=R/T/F=0/0/2 trsplit=0 sim= 0.000(rmp=0.000 run=0.000 n=0 d=0) chk= 0.001(d=2) stat= 0.117 rest= 0.188
  [incr r=279 repr=2 next=4 tfo=1216 active=58/176977 POs=58]
280 : c =       0  cl =   3054  lit =  173921  p =    56  d =     0  f =     2  -  T =     0.02 sec
  [prof 280] wall=  19.748 p=    58 | ifo=  0.629(sd=0.110 nx=0.087 tfo=0.024 cnt=0.407) snap= 0.181 srm=  2.168 sat= 16.314(set=0.115 slv=16.194 max=1.5159 n=58) cex=R/T/F=0/0/2 trsplit=0 sim= 0.000(rmp=0.000 run=0.000 n=0 d=0) chk= 0.002(d=2) stat= 0.198 rest= 0.256
  [incr r=280 repr=2 next=4 tfo=1215 active=56/176975 POs=56]
281 : c =       0  cl =   3054  lit =  173919  p =    54  d =     0  f =     2  -  T =     0.02 sec
  [prof 281] wall=  18.850 p=    56 | ifo=  0.707(sd=0.148 nx=0.105 tfo=0.030 cnt=0.423) snap= 0.182 srm=  2.250 sat= 15.377(set=0.126 slv=15.247 max=1.2211 n=56) cex=R/T/F=0/0/2 trsplit=0 sim= 0.000(rmp=0.000 run=0.000 n=0 d=0) chk= 0.002(d=2) stat= 0.118 rest= 0.214
  [incr r=281 repr=2 next=4 tfo=1214 active=54/176973 POs=54]
282 : c =       0  cl =   3054  lit =  173917  p =    52  d =     0  f =     2  -  T =     0.02 sec
  [prof 282] wall=  18.456 p=    54 | ifo=  0.631(sd=0.111 nx=0.088 tfo=0.018 cnt=0.415) snap= 0.181 srm=  2.294 sat= 15.032(set=0.128 slv=14.899 max=1.3691 n=54) cex=R/T/F=0/0/2 trsplit=0 sim= 0.000(rmp=0.000 run=0.000 n=0 d=0) chk= 0.001(d=2) stat= 0.121 rest= 0.196
  [incr r=282 repr=2 next=4 tfo=1213 active=52/176971 POs=52]
283 : c =       0  cl =   3054  lit =  173915  p =    50  d =     0  f =     2  -  T =     0.02 sec
  [prof 283] wall=  17.685 p=    52 | ifo=  0.660(sd=0.120 nx=0.090 tfo=0.018 cnt=0.432) snap= 0.182 srm=  2.260 sat= 14.272(set=0.116 slv=14.152 max=1.2283 n=52) cex=R/T/F=0/0/2 trsplit=0 sim= 0.000(rmp=0.000 run=0.000 n=0 d=0) chk= 0.001(d=2) stat= 0.120 rest= 0.190
  [incr r=283 repr=2 next=4 tfo=1212 active=50/176969 POs=50]
284 : c =       0  cl =   3054  lit =  173913  p =    48  d =     0  f =     2  -  T =     0.02 sec
  [prof 284] wall=  16.092 p=    50 | ifo=  0.627(sd=0.111 nx=0.089 tfo=0.017 cnt=0.410) snap= 0.191 srm=  2.213 sat= 12.738(set=0.113 slv=12.621 max=1.0210 n=50) cex=R/T/F=0/0/2 trsplit=0 sim= 0.000(rmp=0.000 run=0.000 n=0 d=0) chk= 0.001(d=2) stat= 0.131 rest= 0.190
  [incr r=284 repr=2 next=3 tfo=1211 active=48/176967 POs=48]
285 : c =       0  cl =   3054  lit =  173912  p =    47  d =     0  f =     1  -  T =     0.02 sec
  [prof 285] wall=  18.869 p=    48 | ifo=  0.618(sd=0.110 nx=0.087 tfo=0.017 cnt=0.405) snap= 0.190 srm=  2.005 sat= 15.740(set=0.088 slv=15.647 max=2.2738 n=48) cex=R/T/F=0/0/1 trsplit=0 sim= 0.000(rmp=0.000 run=0.000 n=0 d=0) chk= 0.001(d=1) stat= 0.124 rest= 0.190
  [incr r=285 repr=1 next=2 tfo=1210 active=47/176966 POs=47]
286 : c =       0  cl =   3054  lit =  173911  p =    46  d =     0  f =     1  -  T =     0.01 sec
  [prof 286] wall=  14.716 p=    47 | ifo=  0.633(sd=0.111 nx=0.094 tfo=0.021 cnt=0.407) snap= 0.184 srm=  1.987 sat= 11.606(set=0.094 slv=11.508 max=1.0202 n=47) cex=R/T/F=0/0/1 trsplit=0 sim= 0.000(rmp=0.000 run=0.000 n=0 d=0) chk= 0.001(d=1) stat= 0.116 rest= 0.188
  [incr r=286 repr=1 next=2 tfo=1209 active=46/176965 POs=46]
287 : c =       0  cl =   3054  lit =  173910  p =    45  d =     0  f =     1  -  T =     0.01 sec
  [prof 287] wall=  14.353 p=    46 | ifo=  0.622(sd=0.110 nx=0.087 tfo=0.019 cnt=0.406) snap= 0.182 srm=  1.995 sat= 11.251(set=0.087 slv=11.159 max=1.0346 n=46) cex=R/T/F=0/0/1 trsplit=0 sim= 0.000(rmp=0.000 run=0.000 n=0 d=0) chk= 0.001(d=1) stat= 0.115 rest= 0.187
  [incr r=287 repr=1 next=2 tfo=1208 active=45/176964 POs=45]
288 : c =       0  cl =   3054  lit =  173909  p =    44  d =     0  f =     1  -  T =     0.02 sec
  [prof 288] wall=  15.433 p=    45 | ifo=  0.628(sd=0.110 nx=0.093 tfo=0.019 cnt=0.406) snap= 0.182 srm=  2.000 sat= 12.271(set=0.085 slv=12.181 max=1.0240 n=45) cex=R/T/F=0/0/1 trsplit=0 sim= 0.000(rmp=0.000 run=0.000 n=0 d=0) chk= 0.001(d=1) stat= 0.126 rest= 0.225
  [incr r=288 repr=1 next=2 tfo=1207 active=44/176963 POs=44]
289 : c =       0  cl =   3054  lit =  173908  p =    43  d =     0  f =     1  -  T =     0.01 sec
  [prof 289] wall=  14.434 p=    44 | ifo=  0.646(sd=0.112 nx=0.093 tfo=0.024 cnt=0.417) snap= 0.183 srm=  2.041 sat= 11.249(set=0.089 slv=11.156 max=1.0038 n=44) cex=R/T/F=0/0/1 trsplit=0 sim= 0.000(rmp=0.000 run=0.000 n=0 d=0) chk= 0.001(d=1) stat= 0.120 rest= 0.195
  [incr r=289 repr=1 next=2 tfo=1206 active=43/176962 POs=43]
290 : c =       0  cl =   3054  lit =  173907  p =    42  d =     0  f =     1  -  T =     0.01 sec
  [prof 290] wall=  13.869 p=    43 | ifo=  0.645(sd=0.113 nx=0.092 tfo=0.023 cnt=0.418) snap= 0.182 srm=  2.039 sat= 10.688(set=0.095 slv=10.589 max=0.9866 n=43) cex=R/T/F=0/0/1 trsplit=0 sim= 0.000(rmp=0.000 run=0.000 n=0 d=0) chk= 0.001(d=1) stat= 0.126 rest= 0.189
  [incr r=290 repr=1 next=2 tfo=1205 active=42/176961 POs=42]
291 : c =       0  cl =   3054  lit =  173906  p =    41  d =     0  f =     1  -  T =     0.01 sec
  [prof 291] wall=  13.589 p=    42 | ifo=  0.636(sd=0.110 nx=0.087 tfo=0.021 cnt=0.417) snap= 0.189 srm=  1.982 sat= 10.478(set=0.089 slv=10.386 max=1.0467 n=42) cex=R/T/F=0/0/1 trsplit=0 sim= 0.000(rmp=0.000 run=0.000 n=0 d=0) chk= 0.001(d=1) stat= 0.115 rest= 0.188
  [incr r=291 repr=1 next=2 tfo=1204 active=41/176960 POs=41]
292 : c =       0  cl =   3054  lit =  173905  p =    40  d =     0  f =     1  -  T =     0.01 sec
  [prof 292] wall=  13.523 p=    41 | ifo=  0.624(sd=0.110 nx=0.087 tfo=0.021 cnt=0.406) snap= 0.189 srm=  1.971 sat= 10.428(set=0.086 slv=10.338 max=1.0063 n=41) cex=R/T/F=0/0/1 trsplit=0 sim= 0.000(rmp=0.000 run=0.000 n=0 d=0) chk= 0.001(d=1) stat= 0.120 rest= 0.191
  [incr r=292 repr=1 next=2 tfo=1203 active=40/176959 POs=40]
293 : c =       0  cl =   3054  lit =  173904  p =    39  d =     0  f =     1  -  T =     0.01 sec
  [prof 293] wall=  13.177 p=    40 | ifo=  0.648(sd=0.111 nx=0.091 tfo=0.022 cnt=0.424) snap= 0.184 srm=  1.996 sat= 10.044(set=0.093 slv=9.948 max=1.0404 n=40) cex=R/T/F=0/0/1 trsplit=0 sim= 0.000(rmp=0.000 run=0.000 n=0 d=0) chk= 0.001(d=1) stat= 0.116 rest= 0.188
  [incr r=293 repr=1 next=2 tfo=1202 active=39/176958 POs=39]
294 : c =       0  cl =   3054  lit =  173903  p =    38  d =     0  f =     1  -  T =     0.01 sec
  [prof 294] wall=  13.267 p=    39 | ifo=  0.656(sd=0.110 nx=0.087 tfo=0.019 cnt=0.440) snap= 0.197 srm=  1.962 sat= 10.139(set=0.101 slv=10.034 max=1.0320 n=39) cex=R/T/F=0/0/1 trsplit=0 sim= 0.000(rmp=0.000 run=0.000 n=0 d=0) chk= 0.001(d=1) stat= 0.119 rest= 0.193
  [incr r=294 repr=1 next=2 tfo=1201 active=38/176957 POs=38]
295 : c =       0  cl =   3054  lit =  173902  p =    37  d =     0  f =     1  -  T =     0.01 sec
  [prof 295] wall=  13.403 p=    38 | ifo=  0.646(sd=0.112 nx=0.089 tfo=0.021 cnt=0.424) snap= 0.184 srm=  2.020 sat= 10.247(set=0.087 slv=10.156 max=1.0377 n=38) cex=R/T/F=0/0/1 trsplit=0 sim= 0.000(rmp=0.000 run=0.000 n=0 d=0) chk= 0.001(d=1) stat= 0.117 rest= 0.188
  [incr r=295 repr=1 next=2 tfo=1200 active=37/176956 POs=37]
296 : c =       0  cl =   3054  lit =  173901  p =    36  d =     0  f =     1  -  T =     0.01 sec
  [prof 296] wall=  12.752 p=    37 | ifo=  0.655(sd=0.112 nx=0.087 tfo=0.039 cnt=0.416) snap= 0.182 srm=  1.958 sat=  9.588(set=0.087 slv=9.497 max=1.0348 n=37) cex=R/T/F=0/0/1 trsplit=0 sim= 0.000(rmp=0.000 run=0.000 n=0 d=0) chk= 0.001(d=1) stat= 0.143 rest= 0.225
  [incr r=296 repr=1 next=2 tfo=1199 active=36/176955 POs=36]
297 : c =       0  cl =   3054  lit =  173900  p =    35  d =     0  f =     1  -  T =     0.01 sec
  [prof 297] wall=  12.704 p=    36 | ifo=  0.695(sd=0.126 nx=0.105 tfo=0.037 cnt=0.427) snap= 0.202 srm=  2.077 sat=  9.388(set=0.094 slv=9.292 max=1.0296 n=36) cex=R/T/F=0/0/1 trsplit=0 sim= 0.000(rmp=0.000 run=0.000 n=0 d=0) chk= 0.001(d=1) stat= 0.124 rest= 0.217
  [incr r=297 repr=1 next=2 tfo=1198 active=35/176954 POs=35]
298 : c =       0  cl =   3054  lit =  173899  p =    34  d =     0  f =     1  -  T =     0.01 sec
  [prof 298] wall=  12.681 p=    35 | ifo=  0.694(sd=0.121 nx=0.113 tfo=0.023 cnt=0.438) snap= 0.185 srm=  2.350 sat=  9.147(set=0.088 slv=9.055 max=1.0519 n=35) cex=R/T/F=0/0/1 trsplit=0 sim= 0.000(rmp=0.000 run=0.000 n=0 d=0) chk= 0.001(d=1) stat= 0.116 rest= 0.188
  [incr r=298 repr=1 next=2 tfo=1197 active=34/176953 POs=34]
299 : c =       0  cl =   3054  lit =  173898  p =    33  d =     0  f =     1  -  T =     0.01 sec
  [prof 299] wall=  12.336 p=    34 | ifo=  0.629(sd=0.117 nx=0.087 tfo=0.018 cnt=0.407) snap= 0.188 srm=  1.976 sat=  9.086(set=0.086 slv=8.996 max=1.0597 n=34) cex=R/T/F=0/0/1 trsplit=0 sim= 0.000(rmp=0.000 run=0.000 n=0 d=0) chk= 0.001(d=1) stat= 0.154 rest= 0.303
  [incr r=299 repr=1 next=2 tfo=1196 active=33/176952 POs=33]
300 : c =       0  cl =   3054  lit =  173897  p =    32  d =     0  f =     1  -  T =     0.01 sec
  [prof 300] wall=  11.676 p=    33 | ifo=  0.641(sd=0.115 nx=0.088 tfo=0.021 cnt=0.416) snap= 0.181 srm=  2.020 sat=  8.533(set=0.087 slv=8.443 max=1.0189 n=33) cex=R/T/F=0/0/1 trsplit=0 sim= 0.000(rmp=0.000 run=0.000 n=0 d=0) chk= 0.001(d=1) stat= 0.114 rest= 0.187
  [incr r=300 repr=1 next=2 tfo=1195 active=32/176951 POs=32]
301 : c =       0  cl =   3054  lit =  173896  p =    31  d =     0  f =     1  -  T =     0.01 sec
  [prof 301] wall=  11.834 p=    32 | ifo=  0.620(sd=0.112 nx=0.087 tfo=0.018 cnt=0.403) snap= 0.363 srm=  2.003 sat=  8.513(set=0.089 slv=8.416 max=1.1323 n=32) cex=R/T/F=0/0/1 trsplit=0 sim= 0.000(rmp=0.000 run=0.000 n=0 d=0) chk= 0.001(d=1) stat= 0.119 rest= 0.215
  [incr r=301 repr=1 next=2 tfo=1194 active=31/176950 POs=31]
302 : c =       0  cl =   3054  lit =  173895  p =    30  d =     0  f =     1  -  T =     0.01 sec
  [prof 302] wall=  11.498 p=    31 | ifo=  0.629(sd=0.111 nx=0.088 tfo=0.020 cnt=0.410) snap= 0.182 srm=  2.010 sat=  8.371(set=0.087 slv=8.280 max=1.0405 n=31) cex=R/T/F=0/0/1 trsplit=0 sim= 0.000(rmp=0.000 run=0.000 n=0 d=0) chk= 0.001(d=1) stat= 0.117 rest= 0.188
  [incr r=302 repr=1 next=2 tfo=1193 active=30/176949 POs=30]
303 : c =       0  cl =   3054  lit =  173894  p =    29  d =     0  f =     1  -  T =     0.01 sec
  [prof 303] wall=  11.193 p=    30 | ifo=  0.627(sd=0.111 nx=0.088 tfo=0.023 cnt=0.406) snap= 0.181 srm=  1.993 sat=  8.081(set=0.086 slv=7.991 max=0.9884 n=30) cex=R/T/F=0/0/1 trsplit=0 sim= 0.000(rmp=0.000 run=0.000 n=0 d=0) chk= 0.001(d=1) stat= 0.118 rest= 0.192
  [incr r=303 repr=1 next=2 tfo=1192 active=29/176948 POs=29]
304 : c =       0  cl =   3054  lit =  173893  p =    28  d =     0  f =     1  -  T =     0.01 sec
  [prof 304] wall=  11.006 p=    29 | ifo=  0.645(sd=0.110 nx=0.088 tfo=0.024 cnt=0.422) snap= 0.181 srm=  2.153 sat=  7.718(set=0.086 slv=7.629 max=1.0436 n=29) cex=R/T/F=0/0/1 trsplit=0 sim= 0.000(rmp=0.000 run=0.000 n=0 d=0) chk= 0.001(d=1) stat= 0.122 rest= 0.187
  [incr r=304 repr=1 next=2 tfo=1191 active=28/176947 POs=28]
305 : c =       0  cl =   3054  lit =  173892  p =    27  d =     0  f =     1  -  T =     0.01 sec
  [prof 305] wall=  10.981 p=    28 | ifo=  0.622(sd=0.111 nx=0.087 tfo=0.020 cnt=0.404) snap= 0.183 srm=  2.037 sat=  7.822(set=0.087 slv=7.732 max=1.1525 n=28) cex=R/T/F=0/0/1 trsplit=0 sim= 0.000(rmp=0.000 run=0.000 n=0 d=0) chk= 0.001(d=1) stat= 0.122 rest= 0.193
  [incr r=305 repr=1 next=2 tfo=1190 active=27/176946 POs=27]
306 : c =       0  cl =   3054  lit =  173891  p =    26  d =     0  f =     1  -  T =     0.01 sec
  [prof 306] wall=  12.427 p=    27 | ifo=  0.707(sd=0.127 nx=0.088 tfo=0.025 cnt=0.467) snap= 0.181 srm=  2.912 sat=  8.231(set=0.088 slv=8.140 max=1.0325 n=27) cex=R/T/F=0/0/1 trsplit=0 sim= 0.000(rmp=0.000 run=0.000 n=0 d=0) chk= 0.001(d=1) stat= 0.138 rest= 0.256
  [incr r=306 repr=1 next=2 tfo=1189 active=26/176945 POs=26]
307 : c =       0  cl =   3054  lit =  173890  p =    25  d =     0  f =     1  -  T =     0.01 sec
  [prof 307] wall=  10.425 p=    26 | ifo=  0.710(sd=0.132 nx=0.102 tfo=0.047 cnt=0.429) snap= 0.182 srm=  2.091 sat=  7.138(set=0.087 slv=7.048 max=1.0138 n=26) cex=R/T/F=0/0/1 trsplit=0 sim= 0.000(rmp=0.000 run=0.000 n=0 d=0) chk= 0.001(d=1) stat= 0.116 rest= 0.188
  [incr r=307 repr=1 next=2 tfo=1188 active=25/176944 POs=25]
308 : c =       0  cl =   3054  lit =  173889  p =    24  d =     0  f =     1  -  T =     0.01 sec
  [prof 308] wall=   9.970 p=    25 | ifo=  0.631(sd=0.111 nx=0.088 tfo=0.025 cnt=0.406) snap= 0.190 srm=  1.989 sat=  6.857(set=0.092 slv=6.764 max=1.0379 n=25) cex=R/T/F=0/0/1 trsplit=0 sim= 0.000(rmp=0.000 run=0.000 n=0 d=0) chk= 0.001(d=1) stat= 0.116 rest= 0.187
  [incr r=308 repr=1 next=2 tfo=1187 active=24/176943 POs=24]
309 : c =       0  cl =   3054  lit =  173888  p =    23  d =     0  f =     1  -  T =     0.01 sec
  [prof 309] wall=  10.819 p=    24 | ifo=  0.655(sd=0.126 nx=0.088 tfo=0.022 cnt=0.418) snap= 0.199 srm=  1.978 sat=  7.590(set=0.087 slv=7.499 max=1.0294 n=24) cex=R/T/F=0/0/1 trsplit=0 sim= 0.000(rmp=0.000 run=0.000 n=0 d=0) chk= 0.001(d=1) stat= 0.170 rest= 0.226
  [incr r=309 repr=1 next=2 tfo=1186 active=23/176942 POs=23]
310 : c =       0  cl =   3054  lit =  173887  p =    22  d =     0  f =     1  -  T =     0.01 sec
  [prof 310] wall=   9.870 p=    23 | ifo=  0.661(sd=0.113 nx=0.092 tfo=0.022 cnt=0.434) snap= 0.241 srm=  2.093 sat=  6.566(set=0.105 slv=6.458 max=1.0443 n=23) cex=R/T/F=0/0/1 trsplit=0 sim= 0.000(rmp=0.000 run=0.000 n=0 d=0) chk= 0.001(d=1) stat= 0.119 rest= 0.188
  [incr r=310 repr=1 next=2 tfo=1185 active=22/176941 POs=22]
311 : c =       0  cl =   3054  lit =  173886  p =    21  d =     0  f =     1  -  T =     0.01 sec
  [prof 311] wall=   9.483 p=    22 | ifo=  0.621(sd=0.110 nx=0.087 tfo=0.018 cnt=0.406) snap= 0.250 srm=  2.147 sat=  6.158(set=0.088 slv=6.068 max=1.0541 n=22) cex=R/T/F=0/0/1 trsplit=0 sim= 0.000(rmp=0.000 run=0.000 n=0 d=0) chk= 0.001(d=1) stat= 0.116 rest= 0.189
  [incr r=311 repr=1 next=2 tfo=1184 active=21/176940 POs=21]
312 : c =       0  cl =   3054  lit =  173885  p =    20  d =     0  f =     1  -  T =     0.01 sec
  [prof 312] wall=   9.223 p=    21 | ifo=  0.660(sd=0.119 nx=0.088 tfo=0.024 cnt=0.429) snap= 0.182 srm=  2.019 sat=  6.058(set=0.093 slv=5.962 max=1.0509 n=21) cex=R/T/F=0/0/1 trsplit=0 sim= 0.000(rmp=0.000 run=0.000 n=0 d=0) chk= 0.001(d=1) stat= 0.116 rest= 0.188
  [incr r=312 repr=1 next=2 tfo=1183 active=20/176939 POs=20]
313 : c =       0  cl =   3054  lit =  173884  p =    19  d =     0  f =     1  -  T =     0.01 sec
  [prof 313] wall=   8.840 p=    20 | ifo=  0.644(sd=0.111 nx=0.087 tfo=0.030 cnt=0.415) snap= 0.182 srm=  2.055 sat=  5.658(set=0.087 slv=5.569 max=1.0642 n=20) cex=R/T/F=0/0/1 trsplit=0 sim= 0.000(rmp=0.000 run=0.000 n=0 d=0) chk= 0.001(d=1) stat= 0.114 rest= 0.186
  [incr r=313 repr=1 next=2 tfo=1182 active=19/176938 POs=19]
314 : c =       0  cl =   3054  lit =  173883  p =    18  d =     0  f =     1  -  T =     0.01 sec
  [prof 314] wall=   9.019 p=    19 | ifo=  0.631(sd=0.110 nx=0.093 tfo=0.023 cnt=0.405) snap= 0.249 srm=  2.017 sat=  5.756(set=0.088 slv=5.665 max=1.1655 n=19) cex=R/T/F=0/0/1 trsplit=0 sim= 0.000(rmp=0.000 run=0.000 n=0 d=0) chk= 0.001(d=1) stat= 0.142 rest= 0.223
  [incr r=314 repr=1 next=2 tfo=1181 active=18/176937 POs=18]
315 : c =       0  cl =   3054  lit =  173882  p =    17  d =     0  f =     1  -  T =     0.01 sec
  [prof 315] wall=   9.475 p=    18 | ifo=  0.703(sd=0.123 nx=0.112 tfo=0.025 cnt=0.444) snap= 0.348 srm=  2.434 sat=  5.671(set=0.144 slv=5.524 max=0.9921 n=18) cex=R/T/F=0/0/1 trsplit=0 sim= 0.000(rmp=0.000 run=0.000 n=0 d=0) chk= 0.001(d=1) stat= 0.121 rest= 0.198
  [incr r=315 repr=1 next=2 tfo=1180 active=17/176936 POs=17]
316 : c =       0  cl =   3054  lit =  173881  p =    16  d =     0  f =     1  -  T =     0.01 sec
  [prof 316] wall=   8.265 p=    17 | ifo=  0.630(sd=0.110 nx=0.088 tfo=0.021 cnt=0.411) snap= 0.184 srm=  2.176 sat=  4.970(set=0.088 slv=4.881 max=1.0799 n=17) cex=R/T/F=0/0/1 trsplit=0 sim= 0.000(rmp=0.000 run=0.000 n=0 d=0) chk= 0.001(d=1) stat= 0.116 rest= 0.188
  [incr r=316 repr=1 next=2 tfo=1179 active=16/176935 POs=16]
317 : c =       0  cl =   3054  lit =  173880  p =    15  d =     0  f =     1  -  T =     0.01 sec
  [prof 317] wall=   9.152 p=    16 | ifo=  0.634(sd=0.110 nx=0.087 tfo=0.031 cnt=0.406) snap= 0.181 srm=  2.016 sat=  5.930(set=0.085 slv=5.842 max=1.0697 n=16) cex=R/T/F=0/0/1 trsplit=0 sim= 0.000(rmp=0.000 run=0.000 n=0 d=0) chk= 0.001(d=1) stat= 0.147 rest= 0.241
  [incr r=317 repr=1 next=2 tfo=1178 active=15/176934 POs=15]
318 : c =       0  cl =   3054  lit =  173879  p =    14  d =     0  f =     1  -  T =     0.01 sec
  [prof 318] wall=   9.734 p=    15 | ifo=  0.723(sd=0.124 nx=0.121 tfo=0.031 cnt=0.446) snap= 0.202 srm=  3.787 sat=  4.697(set=0.110 slv=4.586 max=1.0882 n=15) cex=R/T/F=0/0/1 trsplit=0 sim= 0.000(rmp=0.000 run=0.000 n=0 d=0) chk= 0.001(d=1) stat= 0.121 rest= 0.203
  [incr r=318 repr=1 next=2 tfo=1177 active=14/176933 POs=14]
319 : c =       0  cl =   3054  lit =  173878  p =    13  d =     0  f =     1  -  T =     0.01 sec
  [prof 319] wall=   7.929 p=    14 | ifo=  0.681(sd=0.125 nx=0.096 tfo=0.028 cnt=0.432) snap= 0.252 srm=  2.174 sat=  4.485(set=0.095 slv=4.388 max=1.1055 n=14) cex=R/T/F=0/0/1 trsplit=0 sim= 0.000(rmp=0.000 run=0.000 n=0 d=0) chk= 0.001(d=1) stat= 0.118 rest= 0.218
  [incr r=319 repr=1 next=2 tfo=1176 active=13/176932 POs=13]
320 : c =       0  cl =   3054  lit =  173877  p =    12  d =     0  f =     1  -  T =     0.01 sec
  [prof 320] wall=   7.350 p=    13 | ifo=  0.636(sd=0.110 nx=0.087 tfo=0.019 cnt=0.419) snap= 0.182 srm=  1.976 sat=  4.238(set=0.087 slv=4.150 max=1.0678 n=13) cex=R/T/F=0/0/1 trsplit=0 sim= 0.000(rmp=0.000 run=0.000 n=0 d=0) chk= 0.001(d=1) stat= 0.118 rest= 0.199
  [incr r=320 repr=1 next=2 tfo=1175 active=12/176931 POs=12]
321 : c =       0  cl =   3054  lit =  173876  p =    11  d =     0  f =     1  -  T =     0.01 sec
  [prof 321] wall=   7.250 p=    12 | ifo=  0.624(sd=0.111 nx=0.089 tfo=0.019 cnt=0.404) snap= 0.200 srm=  1.994 sat=  4.128(set=0.086 slv=4.041 max=1.0866 n=12) cex=R/T/F=0/0/1 trsplit=0 sim= 0.000(rmp=0.000 run=0.000 n=0 d=0) chk= 0.001(d=1) stat= 0.116 rest= 0.188
  [incr r=321 repr=1 next=2 tfo=1174 active=11/176930 POs=11]
322 : c =       0  cl =   3054  lit =  173875  p =    10  d =     0  f =     1  -  T =     0.01 sec
  [prof 322] wall=   6.841 p=    11 | ifo=  0.626(sd=0.110 nx=0.087 tfo=0.017 cnt=0.411) snap= 0.182 srm=  1.989 sat=  3.737(set=0.094 slv=3.642 max=1.0327 n=11) cex=R/T/F=0/0/1 trsplit=0 sim= 0.000(rmp=0.000 run=0.000 n=0 d=0) chk= 0.001(d=1) stat= 0.114 rest= 0.192
  [incr r=322 repr=1 next=2 tfo=1173 active=10/176929 POs=10]
323 : c =       0  cl =   3054  lit =  173874  p =     9  d =     0  f =     1  -  T =     0.01 sec
  [prof 323] wall=   6.651 p=    10 | ifo=  0.617(sd=0.110 nx=0.087 tfo=0.016 cnt=0.404) snap= 0.181 srm=  1.960 sat=  3.590(set=0.086 slv=3.502 max=1.1577 n=10) cex=R/T/F=0/0/1 trsplit=0 sim= 0.000(rmp=0.000 run=0.000 n=0 d=0) chk= 0.001(d=1) stat= 0.115 rest= 0.188
  [incr r=323 repr=1 next=2 tfo=1172 active=9/176928 POs=9]
324 : c =       0  cl =   3054  lit =  173873  p =     8  d =     0  f =     1  -  T =     0.01 sec
  [prof 324] wall=   6.477 p=     9 | ifo=  0.632(sd=0.110 nx=0.088 tfo=0.019 cnt=0.415) snap= 0.187 srm=  1.984 sat=  3.348(set=0.087 slv=3.260 max=1.0689 n=9) cex=R/T/F=0/0/1 trsplit=0 sim= 0.000(rmp=0.000 run=0.000 n=0 d=0) chk= 0.001(d=1) stat= 0.138 rest= 0.186
  [incr r=324 repr=1 next=2 tfo=1171 active=8/176927 POs=8]
325 : c =       0  cl =   3054  lit =  173872  p =     7  d =     0  f =     1  -  T =     0.01 sec
  [prof 325] wall=   6.253 p=     8 | ifo=  0.657(sd=0.142 nx=0.090 tfo=0.019 cnt=0.406) snap= 0.182 srm=  1.982 sat=  3.118(set=0.086 slv=3.032 max=1.0736 n=8) cex=R/T/F=0/0/1 trsplit=0 sim= 0.000(rmp=0.000 run=0.000 n=0 d=0) chk= 0.001(d=1) stat= 0.116 rest= 0.195
  [incr r=325 repr=1 next=2 tfo=1170 active=7/176926 POs=7]
326 : c =       0  cl =   3054  lit =  173871  p =     6  d =     0  f =     1  -  T =     0.01 sec
  [prof 326] wall=   5.892 p=     7 | ifo=  0.649(sd=0.110 nx=0.104 tfo=0.021 cnt=0.413) snap= 0.183 srm=  1.979 sat=  2.780(set=0.087 slv=2.692 max=1.0031 n=7) cex=R/T/F=0/0/1 trsplit=0 sim= 0.000(rmp=0.000 run=0.000 n=0 d=0) chk= 0.001(d=1) stat= 0.114 rest= 0.188
  [incr r=326 repr=1 next=2 tfo=1169 active=6/176925 POs=6]
327 : c =       0  cl =   3054  lit =  173870  p =     5  d =     0  f =     1  -  T =     0.01 sec
  [prof 327] wall=   6.770 p=     6 | ifo=  0.622(sd=0.110 nx=0.087 tfo=0.020 cnt=0.405) snap= 0.226 srm=  2.954 sat=  2.633(set=0.097 slv=2.534 max=1.0835 n=6) cex=R/T/F=0/0/1 trsplit=0 sim= 0.000(rmp=0.000 run=0.000 n=0 d=0) chk= 0.002(d=1) stat= 0.123 rest= 0.210
  [incr r=327 repr=1 next=2 tfo=1168 active=5/176924 POs=5]
328 : c =       0  cl =   3054  lit =  173869  p =     4  d =     0  f =     1  -  T =     0.01 sec
  [prof 328] wall=   5.589 p=     5 | ifo=  0.669(sd=0.119 nx=0.094 tfo=0.022 cnt=0.433) snap= 0.202 srm=  2.046 sat=  2.344(set=0.093 slv=2.249 max=1.0553 n=5) cex=R/T/F=0/0/1 trsplit=0 sim= 0.000(rmp=0.000 run=0.000 n=0 d=0) chk= 0.001(d=1) stat= 0.121 rest= 0.205
  [incr r=328 repr=1 next=2 tfo=1167 active=4/176923 POs=4]
329 : c =       0  cl =   3054  lit =  173868  p =     3  d =     0  f =     1  -  T =     0.01 sec
  [prof 329] wall=   5.570 p=     4 | ifo=  0.678(sd=0.119 nx=0.094 tfo=0.026 cnt=0.439) snap= 0.202 srm=  2.175 sat=  2.203(set=0.094 slv=2.108 max=1.0856 n=4) cex=R/T/F=0/0/1 trsplit=0 sim= 0.000(rmp=0.000 run=0.000 n=0 d=0) chk= 0.001(d=1) stat= 0.119 rest= 0.193
  [incr r=329 repr=1 next=2 tfo=1166 active=3/176922 POs=3]
330 : c =       0  cl =   3054  lit =  173867  p =     2  d =     0  f =     1  -  T =     0.01 sec
  [prof 330] wall=   5.145 p=     3 | ifo=  0.623(sd=0.110 nx=0.087 tfo=0.017 cnt=0.409) snap= 0.190 srm=  2.099 sat=  1.918(set=0.087 slv=1.830 max=1.0421 n=3) cex=R/T/F=0/0/1 trsplit=0 sim= 0.000(rmp=0.000 run=0.000 n=0 d=0) chk= 0.001(d=1) stat= 0.115 rest= 0.200
  [incr r=330 repr=1 next=2 tfo=1165 active=2/176921 POs=2]
331 : c =       0  cl =   3054  lit =  173866  p =     1  d =     0  f =     1  -  T =     0.00 sec
  [prof 331] wall=   3.972 p=     2 | ifo=  0.617(sd=0.110 nx=0.087 tfo=0.017 cnt=0.403) snap= 0.193 srm=  1.968 sat=  0.893(set=0.086 slv=0.807 max=0.7844 n=2) cex=R/T/F=0/0/1 trsplit=0 sim= 0.000(rmp=0.000 run=0.000 n=0 d=0) chk= 0.001(d=1) stat= 0.114 rest= 0.186
  [incr r=331 repr=1 next=1 tfo=1164 active=1/176920 POs=1]
  [prof 332] wall=   2.709 p=     1 | ifo=  0.623(sd=0.110 nx=0.087 tfo=0.016 cnt=0.410) snap= 0.180 srm=  1.834 sat=  0.071(set=0.070 slv=0.000 max=0.0002 n=1) cex=R/T/F=0/0/0 trsplit=0 sim= 0.000(rmp=0.000 run=0.000 n=0 d=0) chk= 0.000(d=0) stat= 0.000 rest= 0.001
332 : c =       0  cl =   3054  lit =  173866  p =     0  d =     0  f =     0  -  T =     0.00 sec
  [prof ALL] wall=38177.460 p=323951 | ifo=254.149(sd=44.299 nx=37.846 tfo=11.640 cnt=160.364) snap=69.870 srm=910.187 sat=36812.887(set=51.598 slv=36741.466 max=3.6642 n=323951) cex=R/T/F=0/0/1496 trsplit=0 sim= 0.000(rmp=0.000 run=0.000 n=0 d=0) chk= 4.067(d=1496) stat=48.854 rest=77.447
Srm   =     1.23 sec (  2.47 %)
Sat   =    36.81 sec ( 73.73 %)
Sim   =     0.03 sec (  0.06 %)
Other =    11.85 sec ( 23.73 %)
Incr  =     0.25 sec (  0.51 %)
Incr: fallback rounds = 0, skipped candidate pairs = 58560179
TOTAL =    49.93 sec
NBeg = 243358. NEnd = 69307. (Gain =  71.52 %).  RBeg = 1191. REnd = 1190. (Gain =   0.08 %).
Flop output names are not available. Use command "&get -n".
[1;37m/home/zxr_wsl/benchmarks/incre_spec//Problem05_label42+token_ring.04.cil-2[0m : i/o =   8744/      1  ff =   1190  [1;36mand =   69307[0m  [1;35mlev = 1770[0m [1;35m(1.49)[0m  mem = 0.96 MB
