### benchmark: /home/zxr_wsl/benchmarks/incre_spec//Problem05_label47+token_ring.13.cil-2.aig
### opts:      &scorr -i -v -w
### timeout:   1800s
### date:      Wed May 27 22:25:46 CST 2026

======== ABC command line "&r /home/zxr_wsl/benchmarks/incre_spec//Problem05_label47+token_ring.13.cil-2.aig; &ps; &scorr -i -v -w; &ps"
Converted 0 1-valued FFs and 2627 DC-valued FFs.
Warning: The number of inputs does not match the number of input names.
[1;37m/home/zxr_wsl/benchmarks/incre_spec//Problem05_label47+token_ring.13.cil-2[0m : i/o =  28006/      1  ff =   2630  [1;36mand =  324370[0m  [1;35mlev = 1778[0m [1;35m(0.68)[0m  mem = 4.22 MB
cst =  327000  cls =      0  lit =  327000  unused =   28006  proof =     0
cst =  204243  cls =   4477  lit =  248369  unused =  102160  proof =     0
cst =  204179  cls =   4646  lit =  244901  unused =  105459  proof =     0
cst =  204152  cls =   4681  lit =  242427  unused =  107898  proof =     0
cst =  204132  cls =   4684  lit =  240399  unused =  109923  proof =     0
cst =  204105  cls =   4634  lit =  239336  unused =  111036  proof =     0
cst =  204087  cls =   4570  lit =  238585  unused =  111851  proof =     0
cst =  204076  cls =   4538  lit =  238053  unused =  112415  proof =     0
cst =  204068  cls =   4534  lit =  237588  unused =  112884  proof =     0
cst =  204066  cls =   4529  lit =  237231  unused =  113246  proof =     0
Obj =  357638. And =  324370. Conf =   100. Fr = 1. Lcorr = 0. Ring = 1. CSat = 1.
  0 : c =  204066  cl =   4529  lit =  237231  p =     0  d =     0  f =     0  +  T =     0.21 sec
BMC : c =  204001  cl =   4029  lit =  236018  p =     0  d = 27934  f =     0  +  T =     0.11 sec
  [bmc-prof   0] wall= 112.751 p= 27934 | ifo=  0.000(sd=0.000 nx=0.000 tfo=0.000 cnt=0.000) snap= 0.356 srm= 19.820 sat= 73.963(set=1.038 slv=68.574 max=0.1443 n=27934) sim=18.293(rmp=0.680 run=17.611) chk= 0.030 stat= 0.223 rest= 0.066
BMC : c =  203930  cl =   3941  lit =  235097  p =    11  d = 26883  f =     0  +  T =     0.12 sec
  [bmc-prof   1] wall= 115.703 p= 26894 | ifo=  5.019(sd=0.335 nx=0.000 tfo=4.215 cnt=0.469) snap= 0.358 srm= 18.348 sat= 73.313(set=1.038 slv=68.498 max=0.4270 n=26894) sim=18.069(rmp=0.767 run=17.302) chk= 0.023 stat= 0.189 rest= 0.383
BMC : c =  203866  cl =   3948  lit =  233978  p =    32  d = 26099  f =     0  +  T =     0.14 sec
  [bmc-prof   2] wall= 141.963 p= 26131 | ifo=  4.581(sd=0.320 nx=0.000 tfo=3.722 cnt=0.538) snap= 0.527 srm= 21.125 sat= 97.515(set=2.011 slv=91.563 max=0.7208 n=26131) sim=17.719(rmp=0.829 run=16.889) chk= 0.035 stat= 0.184 rest= 0.277
BMC : c =  203793  cl =   3899  lit =  232605  p =    44  d = 25132  f =     0  +  T =     0.13 sec
  [bmc-prof   3] wall= 135.085 p= 25176 | ifo=  4.116(sd=0.265 nx=0.000 tfo=3.398 cnt=0.453) snap= 0.469 srm= 18.712 sat= 92.447(set=1.044 slv=87.867 max=0.2229 n=25176) sim=18.835(rmp=0.810 run=18.024) chk= 0.023 stat= 0.194 rest= 0.289
BMC : c =  203755  cl =   3847  lit =  231240  p =    43  d = 23996  f =     0  +  T =     0.15 sec
  [bmc-prof   4] wall= 147.461 p= 24039 | ifo=  4.100(sd=0.251 nx=0.000 tfo=3.382 cnt=0.466) snap= 0.363 srm= 20.183 sat=101.193(set=1.010 slv=96.587 max=0.3834 n=24039) sim=21.104(rmp=0.915 run=20.189) chk= 0.024 stat= 0.204 rest= 0.291
BMC : c =  203690  cl =   3723  lit =  229692  p =    47  d = 22721  f =     0  +  T =     0.16 sec
  [bmc-prof   5] wall= 155.664 p= 22768 | ifo=  4.626(sd=0.276 nx=0.000 tfo=3.849 cnt=0.502) snap= 0.351 srm= 18.589 sat=109.713(set=1.018 slv=105.200 max=0.1913 n=22768) sim=21.792(rmp=0.757 run=21.035) chk= 0.023 stat= 0.197 rest= 0.373
BMC : c =  203647  cl =   3716  lit =  228210  p =    47  d = 21478  f =     5  +  T =     0.06 sec
  [bmc-prof   6] wall=  61.345 p= 21530 | ifo=  4.435(sd=0.261 nx=0.000 tfo=3.658 cnt=0.516) snap= 0.511 srm= 18.204 sat= 18.392(set=1.261 slv=15.373 max=0.0629 n=21530) sim=19.308(rmp=0.721 run=18.586) chk= 0.020 stat= 0.202 rest= 0.273
BMC : c =  203603  cl =   3702  lit =  226799  p =    57  d = 20082  f =     5  +  T =     0.06 sec
  [bmc-prof   7] wall=  64.796 p= 20144 | ifo=  4.138(sd=0.257 nx=0.000 tfo=3.411 cnt=0.470) snap= 0.389 srm= 18.581 sat= 22.405(set=1.098 slv=19.380 max=0.1053 n=20144) sim=18.786(rmp=0.712 run=18.073) chk= 0.018 stat= 0.187 rest= 0.292
BMC : c =  203557  cl =   3623  lit =  225317  p =    52  d = 18850  f =     6  +  T =     0.06 sec
  [bmc-prof   8] wall=  65.217 p= 18908 | ifo=  4.404(sd=0.320 nx=0.000 tfo=3.621 cnt=0.463) snap= 0.419 srm= 18.508 sat= 22.510(set=1.117 slv=19.544 max=0.1032 n=18908) sim=18.893(rmp=0.651 run=18.241) chk= 0.018 stat= 0.198 rest= 0.267
BMC : c =  203503  cl =   3587  lit =  223893  p =    50  d = 17462  f =     4  +  T =     0.06 sec
  [bmc-prof   9] wall=  64.266 p= 17516 | ifo=  4.520(sd=0.254 nx=0.000 tfo=3.791 cnt=0.475) snap= 0.396 srm= 16.885 sat= 23.114(set=0.930 slv=20.443 max=0.1253 n=17516) sim=18.890(rmp=0.672 run=18.218) chk= 0.017 stat= 0.194 rest= 0.250
BMC : c =  203390  cl =   3513  lit =  222457  p =    46  d = 16166  f =     5  +  T =     0.06 sec
  [bmc-prof  10] wall=  62.162 p= 16217 | ifo=  4.223(sd=0.252 nx=0.000 tfo=3.517 cnt=0.453) snap= 0.378 srm= 17.905 sat= 19.559(set=0.977 slv=17.151 max=0.0948 n=16217) sim=19.605(rmp=0.725 run=18.879) chk= 0.016 stat= 0.212 rest= 0.265
BMC : c =  203283  cl =   3452  lit =  221100  p =    36  d = 14961  f =     7  +  T =     0.12 sec
  [bmc-prof  11] wall= 117.717 p= 15004 | ifo=  4.663(sd=0.283 nx=0.000 tfo=3.844 cnt=0.536) snap= 0.379 srm= 17.051 sat= 76.258(set=0.987 slv=72.734 max=0.1983 n=15004) sim=18.916(rmp=0.636 run=18.280) chk= 0.015 stat= 0.205 rest= 0.229
BMC : c =  203088  cl =   3420  lit =  219726  p =    38  d = 13799  f =     3  +  T =     0.12 sec
  [bmc-prof  12] wall= 118.121 p= 13840 | ifo=  4.980(sd=0.258 nx=0.000 tfo=4.151 cnt=0.571) snap= 0.488 srm= 17.043 sat= 77.308(set=0.984 slv=73.978 max=2.0256 n=13840) sim=17.785(rmp=0.620 run=17.165) chk= 0.018 stat= 0.257 rest= 0.242
BMC : c =  202881  cl =   3380  lit =  218320  p =    53  d = 12840  f =     4  +  T =     0.06 sec
  [bmc-prof  13] wall=  63.433 p= 12897 | ifo=  4.373(sd=0.317 nx=0.000 tfo=3.587 cnt=0.469) snap= 0.436 srm= 15.700 sat= 24.711(set=0.945 slv=22.224 max=0.2159 n=12897) sim=17.664(rmp=0.713 run=16.951) chk= 0.015 stat= 0.249 rest= 0.285
BMC : c =  202616  cl =   3309  lit =  217028  p =    26  d = 11812  f =     2  +  T =     0.06 sec
  [bmc-prof  14] wall=  57.367 p= 11840 | ifo=  4.373(sd=0.308 nx=0.000 tfo=3.555 cnt=0.510) snap= 0.362 srm= 16.312 sat= 17.882(set=0.853 slv=16.059 max=0.2256 n=11840) sim=17.971(rmp=0.736 run=17.234) chk= 0.012 stat= 0.211 rest= 0.245
BMC : c =  202449  cl =   3261  lit =  215909  p =    22  d = 10855  f =     3  +  T =     0.06 sec
  [bmc-prof  15] wall=  60.404 p= 10880 | ifo=  4.206(sd=0.272 nx=0.000 tfo=3.419 cnt=0.515) snap= 0.333 srm= 16.286 sat= 20.650(set=0.892 slv=18.568 max=0.1683 n=10880) sim=18.418(rmp=0.941 run=17.476) chk= 0.013 stat= 0.226 rest= 0.272
BMC : c =  202296  cl =   3263  lit =  214812  p =    30  d = 10032  f =     2  +  T =     0.06 sec
  [bmc-prof  16] wall=  58.949 p= 10064 | ifo=  4.739(sd=0.373 nx=0.000 tfo=3.852 cnt=0.514) snap= 0.385 srm= 16.343 sat= 18.012(set=0.981 slv=16.078 max=0.0628 n=10064) sim=18.715(rmp=0.922 run=17.792) chk= 0.010 stat= 0.505 rest= 0.241
BMC : c =  202128  cl =   3206  lit =  213820  p =    22  d =  9283  f =     1  +  T =     0.06 sec
  [bmc-prof  17] wall=  57.701 p=  9306 | ifo=  4.399(sd=0.255 nx=0.000 tfo=3.689 cnt=0.454) snap= 0.340 srm= 15.693 sat= 19.061(set=0.760 slv=17.321 max=0.0883 n=9306) sim=17.763(rmp=0.775 run=16.988) chk= 0.010 stat= 0.189 rest= 0.247
BMC : c =  201879  cl =   3207  lit =  212850  p =    36  d =  8548  f =     1  +  T =     0.06 sec
  [bmc-prof  18] wall=  56.395 p=  8585 | ifo=  4.596(sd=0.244 nx=0.000 tfo=3.899 cnt=0.453) snap= 0.357 srm= 14.979 sat= 18.523(set=0.723 slv=16.889 max=0.0939 n=8585) sim=17.450(rmp=0.728 run=16.721) chk= 0.010 stat= 0.219 rest= 0.261
BMC : c =  201378  cl =   3228  lit =  211858  p =    13  d =  8000  f =     0  +  T =     0.06 sec
  [bmc-prof  19] wall=  59.313 p=  8013 | ifo=  4.645(sd=0.271 nx=0.000 tfo=3.815 cnt=0.559) snap= 0.422 srm= 16.193 sat= 18.754(set=0.870 slv=16.981 max=0.1922 n=8013) sim=18.853(rmp=0.786 run=18.065) chk= 0.009 stat= 0.206 rest= 0.232
BMC : c =  200920  cl =   3230  lit =  210843  p =    19  d =  7477  f =     0  +  T =     0.06 sec
  [bmc-prof  20] wall=  55.524 p=  7496 | ifo=  5.021(sd=0.258 nx=0.000 tfo=4.181 cnt=0.581) snap= 0.484 srm= 16.154 sat= 15.973(set=0.847 slv=14.404 max=0.1948 n=7496) sim=17.388(rmp=0.696 run=16.691) chk= 0.009 stat= 0.276 rest= 0.219
BMC : c =  200669  cl =   3180  lit =  210022  p =    36  d =  6840  f =     0  +  T =     0.06 sec
  [bmc-prof  21] wall=  57.017 p=  6876 | ifo=  4.964(sd=0.373 nx=0.000 tfo=4.090 cnt=0.501) snap= 0.362 srm= 14.241 sat= 18.123(set=0.822 slv=16.496 max=0.0975 n=6876) sim=18.853(rmp=0.772 run=18.080) chk= 0.007 stat= 0.190 rest= 0.277
BMC : c =  200536  cl =   3126  lit =  209386  p =    52  d =  6245  f =     0  +  T =     0.05 sec
  [bmc-prof  22] wall=  53.378 p=  6297 | ifo=  4.679(sd=0.240 nx=0.000 tfo=4.009 cnt=0.429) snap= 0.413 srm= 15.445 sat= 15.911(set=0.789 slv=14.486 max=0.1582 n=6297) sim=16.609(rmp=0.658 run=15.950) chk= 0.007 stat= 0.310 rest= 0.005
BMC : c =  200474  cl =   3089  lit =  208931  p =    24  d =  5822  f =     0  +  T =     0.07 sec
  [bmc-prof  23] wall=  68.360 p=  5846 | ifo=  4.932(sd=0.316 nx=0.000 tfo=4.145 cnt=0.472) snap= 0.351 srm= 13.261 sat= 33.883(set=0.691 slv=32.391 max=0.1464 n=5846) sim=15.401(rmp=0.598 run=14.802) chk= 0.007 stat= 0.243 rest= 0.281
BMC : c =  200223  cl =   3050  lit =  208570  p =    10  d =  5479  f =     0  +  T =     0.08 sec
  [bmc-prof  24] wall=  75.828 p=  5489 | ifo=  5.291(sd=0.306 nx=0.000 tfo=4.504 cnt=0.481) snap= 0.385 srm= 14.762 sat= 38.295(set=0.689 slv=36.773 max=0.4967 n=5489) sim=16.668(rmp=0.910 run=15.756) chk= 0.007 stat= 0.188 rest= 0.231
BMC : c =  200189  cl =   3044  lit =  208289  p =    12  d =  5171  f =     0  +  T =     0.08 sec
  [bmc-prof  25] wall=  80.019 p=  5183 | ifo=  4.590(sd=0.235 nx=0.000 tfo=3.919 cnt=0.436) snap= 0.567 srm= 16.820 sat= 40.574(set=0.861 slv=38.900 max=0.3415 n=5183) sim=17.043(rmp=0.927 run=16.114) chk= 0.005 stat= 0.188 rest= 0.233
BMC : c =  200168  cl =   3040  lit =  208017  p =    19  d =  4950  f =     0  +  T =     0.07 sec
  [bmc-prof  26] wall=  67.027 p=  4969 | ifo=  4.696(sd=0.327 nx=0.000 tfo=3.908 cnt=0.460) snap= 0.367 srm= 14.925 sat= 30.176(set=0.657 slv=28.819 max=0.3323 n=4969) sim=16.623(rmp=0.671 run=15.951) chk= 0.006 stat= 0.228 rest= 0.005
BMC : c =  200143  cl =   3012  lit =  207776  p =    18  d =  4715  f =     0  +  T =     0.07 sec
  [bmc-prof  27] wall=  72.200 p=  4733 | ifo=  4.456(sd=0.278 nx=0.000 tfo=3.748 cnt=0.430) snap= 0.620 srm= 13.819 sat= 36.757(set=0.811 slv=35.288 max=0.2581 n=4733) sim=16.332(rmp=0.655 run=15.676) chk= 0.005 stat= 0.204 rest= 0.006
BMC : c =  200122  cl =   2994  lit =  207578  p =    16  d =  4521  f =     0  +  T =     0.47 sec
  [bmc-prof  28] wall= 470.023 p=  4537 | ifo=  4.790(sd=0.246 nx=0.000 tfo=4.075 cnt=0.469) snap= 0.401 srm= 13.019 sat=433.166(set=0.732 slv=431.059 max=0.8004 n=4537) sim=18.151(rmp=0.597 run=17.553) chk= 0.004 stat= 0.192 rest= 0.300
BMC : c =  199881  cl =   2996  lit =  207380  p =    12  d =  4366  f =     0  +  T =     0.63 sec
  [bmc-prof  29] wall= 627.014 p=  4378 | ifo=  4.957(sd=0.238 nx=0.000 tfo=4.271 cnt=0.448) snap= 0.368 srm= 13.878 sat=588.315(set=0.622 slv=582.696 max=2.0041 n=4378) sim=19.252(rmp=0.717 run=18.533) chk= 0.005 stat= 0.196 rest= 0.044
BMC : c =  199854  cl =   2988  lit =  207172  p =    14  d =  4204  f =     0  +  T =     0.79 sec
  [bmc-prof  30] wall= 795.425 p=  4218 | ifo=  4.502(sd=0.233 nx=0.000 tfo=3.835 cnt=0.434) snap= 0.374 srm= 12.719 sat=755.523(set=0.636 slv=752.600 max=2.3550 n=4218) sim=21.861(rmp=0.773 run=21.087) chk= 0.004 stat= 0.196 rest= 0.247
BMC : c =  199827  cl =   2978  lit =  206975  p =    17  d =  4036  f =     0  +  T =     0.97 sec
  [bmc-prof  31] wall= 967.090 p=  4053 | ifo=  4.963(sd=0.237 nx=0.000 tfo=4.236 cnt=0.490) snap= 0.388 srm= 13.914 sat=927.316(set=0.666 slv=923.202 max=1.0967 n=4053) sim=20.036(rmp=0.609 run=19.426) chk= 0.004 stat= 0.195 rest= 0.275
BMC : c =  199801  cl =   2956  lit =  206784  p =    11  d =  3881  f =     0  +  T =     1.19 sec
  [bmc-prof  32] wall=1190.509 p=  3892 | ifo=  4.821(sd=0.240 nx=0.000 tfo=4.109 cnt=0.471) snap= 0.347 srm= 14.106 sat=1149.524(set=0.563 slv=1145.235 max=1.1481 n=3892) sim=21.493(rmp=0.654 run=20.838) chk= 0.004 stat= 0.209 rest= 0.006
BMC : c =  199783  cl =   2941  lit =  206616  p =    13  d =  3725  f =     0  +  T =     1.38 sec
  [bmc-prof  33] wall=1376.191 p=  3738 | ifo=  4.584(sd=0.299 nx=0.000 tfo=3.842 cnt=0.444) snap= 0.459 srm= 13.156 sat=1337.370(set=0.635 slv=1334.687 max=1.5568 n=3738) sim=20.358(rmp=0.597 run=19.760) chk= 0.005 stat= 0.253 rest= 0.006
BMC : c =  199522  cl =   2934  lit =  206467  p =    12  d =  3585  f =     0  +  T =     1.61 sec
  [bmc-prof  34] wall=1608.446 p=  3597 | ifo=  5.414(sd=0.349 nx=0.000 tfo=4.542 cnt=0.522) snap= 0.377 srm= 12.955 sat=1568.144(set=0.635 slv=1564.633 max=1.4598 n=3597) sim=21.363(rmp=0.587 run=20.774) chk= 0.004 stat= 0.184 rest= 0.005
BMC : c =  199494  cl =   2940  lit =  206312  p =    23  d =  3474  f =     0  +  T =     1.82 sec
  [bmc-prof  35] wall=1818.449 p=  3497 | ifo=  4.595(sd=0.228 nx=0.000 tfo=3.920 cnt=0.447) snap= 0.382 srm= 13.039 sat=1778.635(set=0.634 slv=1775.685 max=2.2114 n=3497) sim=21.275(rmp=0.643 run=20.630) chk= 0.004 stat= 0.190 rest= 0.329
BMC : c =  199468  cl =   2942  lit =  206149  p =    15  d =  3366  f =     0  +  T =     2.02 sec
  [bmc-prof  36] wall=2023.434 p=  3381 | ifo=  4.854(sd=0.248 nx=0.000 tfo=4.182 cnt=0.424) snap= 0.405 srm= 14.570 sat=1979.234(set=0.649 slv=1973.114 max=3.7222 n=3381) sim=23.713(rmp=0.595 run=23.117) chk= 0.004 stat= 0.207 rest= 0.447
BMC : c =  199450  cl =   2937  lit =  205986  p =    12  d =  3238  f =     0  +  T =     2.19 sec
  [bmc-prof  37] wall=2192.668 p=  3250 | ifo=  5.039(sd=0.342 nx=0.000 tfo=4.255 cnt=0.442) snap= 0.449 srm= 13.551 sat=2150.541(set=0.653 slv=2145.039 max=1.8532 n=3250) sim=22.625(rmp=0.954 run=21.670) chk= 0.003 stat= 0.186 rest= 0.274
BMC : c =  199197  cl =   2935  lit =  205815  p =    12  d =  3096  f =     0  +  T =     2.44 sec
  [bmc-prof  38] wall=2444.177 p=  3108 | ifo=  4.710(sd=0.245 nx=0.000 tfo=3.982 cnt=0.482) snap= 0.383 srm= 13.665 sat=2402.603(set=0.558 slv=2397.182 max=2.6717 n=3108) sim=22.628(rmp=0.649 run=21.978) chk= 0.003 stat= 0.179 rest= 0.006
BMC : c =  199169  cl =   2924  lit =  205643  p =    13  d =  2961  f =     0  +  T =     2.64 sec
  [bmc-prof  39] wall=2637.097 p=  2974 | ifo=  4.473(sd=0.219 nx=0.000 tfo=3.764 cnt=0.490) snap= 0.367 srm= 11.697 sat=2598.214(set=0.560 slv=2593.003 max=3.1555 n=2974) sim=21.841(rmp=0.892 run=20.948) chk= 0.004 stat= 0.190 rest= 0.312
BMC : c =  199147  cl =   2914  lit =  205476  p =    13  d =  2821  f =     0  +  T =     2.83 sec
  [bmc-prof  40] wall=2827.996 p=  2834 | ifo=  4.660(sd=0.240 nx=0.000 tfo=3.964 cnt=0.455) snap= 0.387 srm= 14.340 sat=2785.962(set=0.611 slv=2781.528 max=4.5028 n=2834) sim=22.193(rmp=0.650 run=21.543) chk= 0.004 stat= 0.236 rest= 0.214
BMC : c =  199117  cl =   2901  lit =  205342  p =    14  d =  2678  f =     0  +  T =     2.95 sec
  [bmc-prof  41] wall=2953.805 p=  2692 | ifo=  4.965(sd=0.294 nx=0.000 tfo=4.208 cnt=0.463) snap= 0.467 srm= 15.735 sat=2910.352(set=0.733 slv=2905.667 max=4.9728 n=2692) sim=21.789(rmp=0.586 run=21.201) chk= 0.004 stat= 0.209 rest= 0.284
BMC : c =  199095  cl =   2896  lit =  205203  p =    14  d =  2579  f =     0  +  T =     3.20 sec
  [bmc-prof  42] wall=3202.387 p=  2593 | ifo=  4.906(sd=0.224 nx=0.000 tfo=4.226 cnt=0.456) snap= 0.349 srm= 13.610 sat=3161.708(set=0.647 slv=3155.816 max=2.9488 n=2593) sim=21.412(rmp=0.623 run=20.789) chk= 0.003 stat= 0.190 rest= 0.209
BMC : c =  199071  cl =   2883  lit =  205065  p =    14  d =  2465  f =     0  +  T =     3.39 sec
  [bmc-prof  43] wall=3385.648 p=  2479 | ifo=  4.767(sd=0.237 nx=0.000 tfo=3.993 cnt=0.536) snap= 0.368 srm= 14.159 sat=3344.113(set=0.565 slv=3338.500 max=5.0591 n=2479) sim=21.870(rmp=0.601 run=21.268) chk= 0.002 stat= 0.168 rest= 0.203
BMC : c =  198820  cl =   2883  lit =  204929  p =    15  d =  2353  f =     0  +  T =     3.69 sec
  [bmc-prof  44] wall=3691.783 p=  2368 | ifo=  4.581(sd=0.247 nx=0.000 tfo=3.905 cnt=0.429) snap= 0.362 srm= 14.127 sat=3649.786(set=0.577 slv=3644.360 max=7.7412 n=2368) sim=22.458(rmp=1.258 run=21.198) chk= 0.002 stat= 0.226 rest= 0.240
BMC : c =  198790  cl =   2880  lit =  204809  p =    19  d =  2250  f =     0  +  T =     3.68 sec
  [bmc-prof  45] wall=3684.426 p=  2269 | ifo=  5.401(sd=0.393 nx=0.000 tfo=4.515 cnt=0.494) snap= 0.524 srm= 14.123 sat=3641.854(set=0.558 slv=3636.027 max=4.3101 n=2269) sim=21.985(rmp=1.041 run=20.943) chk= 0.002 stat= 0.182 rest= 0.355
BMC : c =  198766  cl =   2879  lit =  204677  p =    16  d =  2164  f =     0  +  T =     3.75 sec
  [bmc-prof  46] wall=3754.627 p=  2180 | ifo=  5.288(sd=0.391 nx=0.000 tfo=4.410 cnt=0.486) snap= 0.543 srm= 15.757 sat=3710.391(set=0.721 slv=3703.471 max=5.3866 n=2180) sim=22.248(rmp=0.632 run=21.616) chk= 0.002 stat= 0.169 rest= 0.228
BMC : c =  198733  cl =   2867  lit =  204523  p =    16  d =  2056  f =     0  +  T =     3.89 sec
  [bmc-prof  47] wall=3887.699 p=  2072 | ifo=  4.458(sd=0.199 nx=0.000 tfo=3.809 cnt=0.450) snap= 0.296 srm= 13.206 sat=3847.952(set=0.509 slv=3841.983 max=4.8391 n=2072) sim=21.356(rmp=0.611 run=20.743) chk= 0.002 stat= 0.190 rest= 0.238
BMC : c =  198713  cl =   2854  lit =  204391  p =    13  d =  1941  f =     0  +  T =     4.01 sec
  [bmc-prof  48] wall=4014.040 p=  1954 | ifo=  4.467(sd=0.212 nx=0.000 tfo=3.830 cnt=0.425) snap= 0.328 srm= 13.901 sat=3973.207(set=0.576 slv=3968.003 max=5.7676 n=1954) sim=21.848(rmp=0.621 run=21.226) chk= 0.002 stat= 0.170 rest= 0.116
BMC : c =  198455  cl =   2850  lit =  204272  p =    17  d =  1832  f =     0  +  T =     4.07 sec
  [bmc-prof  49] wall=4072.603 p=  1849 | ifo=  4.833(sd=0.210 nx=0.000 tfo=4.167 cnt=0.457) snap= 0.406 srm= 13.740 sat=4030.180(set=0.688 slv=4024.509 max=7.6244 n=1849) sim=23.008(rmp=0.969 run=22.037) chk= 0.003 stat= 0.185 rest= 0.248
BMC : c =  198433  cl =   2839  lit =  204153  p =    16  d =  1752  f =     1  +  T =     4.08 sec
  [bmc-prof  50] wall=4080.959 p=  1769 | ifo=  4.396(sd=0.201 nx=0.000 tfo=3.763 cnt=0.432) snap= 0.310 srm= 13.436 sat=4041.265(set=0.541 slv=4035.887 max=6.1051 n=1769) sim=20.951(rmp=0.628 run=20.322) chk= 0.003 stat= 0.210 rest= 0.387
BMC : c =  198404  cl =   2844  lit =  204027  p =    21  d =  1654  f =     0  +  T =     4.07 sec
  [bmc-prof  51] wall=4072.318 p=  1675 | ifo=  4.705(sd=0.272 nx=0.000 tfo=3.948 cnt=0.485) snap= 0.512 srm= 14.980 sat=4030.449(set=0.696 slv=4024.531 max=6.5011 n=1675) sim=21.224(rmp=1.030 run=20.193) chk= 0.002 stat= 0.183 rest= 0.261
BMC : c =  198376  cl =   2838  lit =  203888  p =    21  d =  1560  f =     0  +  T =     4.07 sec
  [bmc-prof  52] wall=4074.333 p=  1581 | ifo=  4.450(sd=0.208 nx=0.000 tfo=3.776 cnt=0.466) snap= 0.377 srm= 13.414 sat=4034.321(set=0.618 slv=4029.648 max=9.0093 n=1581) sim=21.239(rmp=0.575 run=20.663) chk= 0.003 stat= 0.235 rest= 0.295
BMC : c =  198344  cl =   2832  lit =  203765  p =    19  d =  1455  f =     0  +  T =     4.09 sec
  [bmc-prof  53] wall=4088.572 p=  1474 | ifo=  4.988(sd=0.324 nx=0.000 tfo=4.116 cnt=0.549) snap= 0.313 srm= 14.656 sat=4048.567(set=0.562 slv=4044.159 max=7.6698 n=1474) sim=19.643(rmp=0.570 run=19.072) chk= 0.002 stat= 0.164 rest= 0.238
BMC : c =  198314  cl =   2828  lit =  203647  p =    29  d =  1357  f =     0  +  T =     3.68 sec
  [bmc-prof  54] wall=3681.445 p=  1386 | ifo=  4.261(sd=0.192 nx=0.000 tfo=3.647 cnt=0.422) snap= 0.331 srm= 15.151 sat=3642.224(set=0.574 slv=3637.385 max=8.6362 n=1386) sim=19.076(rmp=0.641 run=18.434) chk= 0.002 stat= 0.164 rest= 0.238
BMC : c =  198076  cl =   2817  lit =  203539  p =    28  d =  1270  f =     2  +  T =     3.60 sec
  [bmc-prof  55] wall=3603.520 p=  1300 | ifo=  4.268(sd=0.193 nx=0.000 tfo=3.655 cnt=0.419) snap= 0.297 srm= 12.989 sat=3565.784(set=0.524 slv=3561.591 max=8.2977 n=1300) sim=19.650(rmp=0.657 run=18.992) chk= 0.002 stat= 0.283 rest= 0.246
BMC : c =  197997  cl =   2777  lit =  202719  p =    29  d =   470  f =   711  +  T =     0.67 sec
  [bmc-prof  56] wall= 673.401 p=  1210 | ifo=  4.563(sd=0.219 nx=0.000 tfo=3.920 cnt=0.424) snap= 0.452 srm= 14.152 sat=639.459(set=0.813 slv=638.376 max=6.2344 n=1210) sim=14.019(rmp=0.543 run=13.475) chk= 0.589 stat= 0.162 rest= 0.005
BMC : c =  197963  cl =   2758  lit =  202613  p =    10  d =   552  f =     4  +  T =     0.10 sec
  [bmc-prof  57] wall= 100.629 p=   566 | ifo=  4.389(sd=0.198 nx=0.000 tfo=3.764 cnt=0.427) snap= 0.374 srm= 12.645 sat= 68.273(set=0.595 slv=67.481 max=5.3738 n=566) sim=14.777(rmp=0.689 run=14.086) chk= 0.001 stat= 0.166 rest= 0.005
BMC : c =  197922  cl =   2753  lit =  202532  p =    10  d =   478  f =     3  +  T =     0.26 sec
  [bmc-prof  58] wall= 257.003 p=   491 | ifo=  4.254(sd=0.192 nx=0.000 tfo=3.643 cnt=0.418) snap= 0.463 srm= 10.935 sat=225.523(set=0.617 slv=224.659 max=4.5482 n=491) sim=15.598(rmp=0.588 run=15.008) chk= 0.001 stat= 0.225 rest= 0.005
BMC : c =  197896  cl =   2735  lit =  202452  p =     9  d =   484  f =     4  +  T =     0.16 sec
  [bmc-prof  59] wall= 163.527 p=   497 | ifo=  4.704(sd=0.204 nx=0.000 tfo=4.043 cnt=0.456) snap= 0.298 srm= 11.205 sat=133.137(set=0.499 slv=132.360 max=6.4745 n=497) sim=14.022(rmp=0.516 run=13.505) chk= 0.001 stat= 0.154 rest= 0.005
BMC : c =  197877  cl =   2718  lit =  202388  p =     9  d =   429  f =     3  +  T =     0.08 sec
  [bmc-prof  60] wall=  82.827 p=   441 | ifo=  4.294(sd=0.197 nx=0.000 tfo=3.675 cnt=0.422) snap= 0.385 srm= 11.788 sat= 52.464(set=0.735 slv=51.632 max=8.5662 n=441) sim=13.733(rmp=0.541 run=13.191) chk= 0.001 stat= 0.157 rest= 0.005
BMC : c =  197224  cl =   2758  lit =  202238  p =     9  d =   380  f =     4  +  T =     0.08 sec
  [bmc-prof  61] wall=  83.008 p=   393 | ifo=  4.346(sd=0.208 nx=0.000 tfo=3.717 cnt=0.421) snap= 0.298 srm= 11.348 sat= 53.004(set=0.520 slv=52.384 max=8.8685 n=393) sim=13.811(rmp=0.519 run=13.291) chk= 0.002 stat= 0.195 rest= 0.005
BMC : c =  195285  cl =   2861  lit =  201682  p =    65  d =  1184  f =     4  +  T =     1.01 sec
  [bmc-prof  62] wall=1009.510 p=  1253 | ifo=  4.133(sd=0.244 nx=0.000 tfo=3.491 cnt=0.397) snap= 0.318 srm= 11.190 sat=976.412(set=0.525 slv=974.906 max=9.3913 n=1253) sim=17.279(rmp=0.539 run=16.739) chk= 0.004 stat= 0.169 rest= 0.006
BMC : c =  190989  cl =   2987  lit =  200692  p =   219  d =  1704  f =     1  +  T =     0.63 sec
  [bmc-prof  63] wall= 625.458 p=  1924 | ifo=  3.762(sd=0.225 nx=0.000 tfo=3.079 cnt=0.458) snap= 0.423 srm= 12.241 sat=588.140(set=0.656 slv=586.594 max=7.3046 n=1924) sim=20.707(rmp=3.467 run=17.239) chk= 0.004 stat= 0.177 rest= 0.005
BMC : c =  181594  cl =   3140  lit =  199419  p =   474  d =  2274  f =     1  +  T =     1.12 sec
  [bmc-prof  64] wall=1123.988 p=  2749 | ifo=  3.288(sd=0.204 nx=0.000 tfo=2.664 cnt=0.420) snap= 0.323 srm= 11.894 sat=1087.805(set=0.526 slv=1086.059 max=5.7659 n=2749) sim=20.463(rmp=0.527 run=19.935) chk= 0.017 stat= 0.192 rest= 0.005
BMC : c =  162256  cl =   3343  lit =  197687  p =  1358  d =  2501  f =     1  +  T =     0.19 sec
  [bmc-prof  65] wall= 190.694 p=  3860 | ifo=  3.641(sd=0.400 nx=0.000 tfo=2.761 cnt=0.480) snap= 0.324 srm= 12.245 sat=138.486(set=0.535 slv=137.322 max=5.3530 n=3860) sim=35.807(rmp=0.653 run=35.153) chk= 0.008 stat= 0.179 rest= 0.005
BMC : c =  136945  cl =   3713  lit =  195874  p =  5895  d =  2427  f =     4  +  T =     0.41 sec
  [bmc-prof  66] wall= 411.816 p=  8326 | ifo=  2.993(sd=0.230 nx=0.000 tfo=2.317 cnt=0.446) snap= 0.340 srm= 14.249 sat=337.502(set=0.670 slv=335.662 max=5.6412 n=8326) sim=56.513(rmp=0.519 run=55.993) chk= 0.012 stat= 0.203 rest= 0.005
BMC : c =  108771  cl =   4138  lit =  193595  p = 19128  d =  2803  f =     5  +  T =     0.49 sec
  [bmc-prof  67] wall= 490.772 p= 21936 | ifo=  2.869(sd=0.244 nx=0.000 tfo=2.192 cnt=0.433) snap= 0.321 srm= 18.361 sat=398.187(set=0.994 slv=394.326 max=5.6340 n=21936) sim=70.794(rmp=0.535 run=70.258) chk= 0.027 stat= 0.207 rest= 0.005
BMC : c =   80943  cl =   4421  lit =  191317  p = 40518  d =  2879  f =     6  +  T =     0.50 sec
  [bmc-prof  68] wall= 498.775 p= 43403 | ifo=  2.713(sd=0.236 nx=0.000 tfo=2.028 cnt=0.449) snap= 0.573 srm= 23.784 sat=395.628(set=2.065 slv=388.508 max=6.6779 n=43403) sim=75.640(rmp=0.553 run=75.086) chk= 0.039 stat= 0.212 rest= 0.186
BMC : c =   57105  cl =   4597  lit =  189268  p = 68616  d =  2463  f =     3  +  T =     0.45 sec
  [bmc-prof  69] wall= 449.347 p= 71082 | ifo=  2.643(sd=0.239 nx=0.000 tfo=1.944 cnt=0.460) snap= 0.400 srm= 32.757 sat=335.891(set=2.597 slv=327.902 max=7.2481 n=71082) sim=77.068(rmp=0.541 run=76.525) chk= 0.061 stat= 0.213 rest= 0.315
BMC : c =   37092  cl =   4681  lit =  187317  p = 98544  d =  2611  f =     4  +  T =     0.75 sec
  [bmc-prof  70] wall= 747.043 p=101159 | ifo=  2.596(sd=0.242 nx=0.000 tfo=1.909 cnt=0.445) snap= 0.304 srm= 46.694 sat=614.626(set=3.034 slv=603.712 max=10.9345 n=101159) sim=82.003(rmp=0.533 run=81.462) chk= 0.109 stat= 0.246 rest= 0.465
BMC : c =   19823  cl =   4722  lit =  185394  p =127426  d =  2019  f =    56  +  T =     1.48 sec
  [bmc-prof  71] wall=1476.528 p=129501 | ifo=  2.812(sd=0.238 nx=0.000 tfo=2.091 cnt=0.484) snap= 0.339 srm= 59.402 sat=1335.443(set=3.891 slv=1323.000 max=23.0763 n=129501) sim=78.173(rmp=0.717 run=77.454) chk= 0.106 stat= 0.249 rest= 0.004
BMC : c =   10442  cl =   4792  lit =  183501  p =153499  d =  1700  f =   137  +  T =     0.44 sec
  [bmc-prof  72] wall= 443.485 p=155336 | ifo=  2.892(sd=0.236 nx=0.000 tfo=2.205 cnt=0.451) snap= 0.466 srm= 92.048 sat=268.633(set=4.747 slv=254.513 max=5.3747 n=155336) sim=78.273(rmp=0.564 run=77.708) chk= 0.141 stat= 0.261 rest= 0.769
BMC : c =    5996  cl =   4895  lit =  181836  p =167392  d =  1464  f =    64  +  T =     0.40 sec
  [bmc-prof  73] wall= 405.288 p=168920 | ifo=  3.256(sd=0.225 nx=0.000 tfo=2.501 cnt=0.530) snap= 0.359 srm=105.834 sat=236.040(set=5.722 slv=220.724 max=13.2423 n=168920) sim=58.816(rmp=0.547 run=58.267) chk= 0.163 stat= 0.273 rest= 0.548
  [bmc-incr i=74 repr=5444 active=97563/181836 POs=91560]
BMC : c =    4462  cl =   4908  lit =  180445  p = 89814  d =  1727  f =    19  +  T =     0.35 sec
  [bmc-prof  74] wall= 351.248 p= 91560 | ifo=  2.359(sd=0.241 nx=0.000 tfo=1.572 cnt=0.546) snap= 0.362 srm= 43.721 sat=235.781(set=2.683 slv=225.598 max=4.9094 n=91560) sim=68.735(rmp=0.548 run=68.187) chk= 0.069 stat= 0.212 rest= 0.008
  [bmc-incr i=75 repr=2598 active=24317/180445 POs=19864]
BMC : c =    3627  cl =   4889  lit =  179401  p = 18845  d =  1013  f =     6  +  T =     0.11 sec
  [bmc-prof  75] wall= 109.181 p= 19864 | ifo=  1.171(sd=0.207 nx=0.000 tfo=0.482 cnt=0.483) snap= 0.353 srm= 14.978 sat= 51.101(set=1.073 slv=48.265 max=4.9613 n=19864) sim=41.358(rmp=0.563 run=40.794) chk= 0.016 stat= 0.195 rest= 0.008
  [bmc-incr i=76 repr=1332 active=5711/179401 POs=2091]
BMC : c =    3010  cl =   4835  lit =  178619  p =  1367  d =   719  f =     5  +  T =     0.08 sec
  [bmc-prof  76] wall=  79.363 p=  2091 | ifo=  1.050(sd=0.195 nx=0.000 tfo=0.263 cnt=0.593) snap= 0.306 srm= 10.654 sat= 30.460(set=0.404 slv=29.613 max=4.8888 n=2091) sim=36.668(rmp=0.654 run=36.013) chk= 0.002 stat= 0.213 rest= 0.009
  [bmc-incr i=77 repr=934 active=3808/178619 POs=805]
BMC : c =    2559  cl =   4708  lit =  177961  p =   331  d =   469  f =     5  +  T =     0.06 sec
  [bmc-prof  77] wall=  56.970 p=   805 | ifo=  0.990(sd=0.196 nx=0.000 tfo=0.283 cnt=0.511) snap= 0.317 srm= 10.605 sat= 25.829(set=0.411 slv=25.203 max=4.4698 n=805) sim=19.015(rmp=0.629 run=18.385) chk= 0.002 stat= 0.206 rest= 0.007
  [bmc-incr i=78 repr=703 active=2819/177961 POs=267]
BMC : c =    2306  cl =   4584  lit =  177556  p =     0  d =   262  f =     5  +  T =     0.05 sec
  [bmc-prof  78] wall=  53.392 p=   267 | ifo=  1.045(sd=0.193 nx=0.000 tfo=0.238 cnt=0.614) snap= 0.338 srm= 10.185 sat= 24.091(set=0.382 slv=23.569 max=5.4049 n=267) sim=17.529(rmp=0.516 run=17.011) chk= 0.001 stat= 0.196 rest= 0.008
  [bmc-incr i=79 repr=427 active=2414/177556 POs=114]
BMC : c =    2213  cl =   4526  lit =  177396  p =     0  d =   109  f =     5  +  T =     0.05 sec
  [bmc-prof  79] wall=  53.766 p=   114 | ifo=  0.949(sd=0.215 nx=0.000 tfo=0.221 cnt=0.513) snap= 0.391 srm= 12.273 sat= 22.289(set=0.472 slv=21.746 max=4.9472 n=114) sim=17.632(rmp=0.619 run=17.012) chk= 0.001 stat= 0.222 rest= 0.008
  [bmc-incr i=80 repr=173 active=2254/177396 POs=47]
BMC : c =    2184  cl =   4516  lit =  177354  p =     0  d =    42  f =     5  +  T =     0.05 sec
  [bmc-prof  80] wall=  48.728 p=    47 | ifo=  0.972(sd=0.205 nx=0.000 tfo=0.221 cnt=0.547) snap= 0.301 srm=  9.849 sat= 20.873(set=0.351 slv=20.486 max=5.5940 n=47) sim=16.504(rmp=0.553 run=15.949) chk= 0.001 stat= 0.220 rest= 0.008
  [bmc-incr i=81 repr=53 active=2212/177354 POs=34]
BMC : c =    2167  cl =   4510  lit =  177331  p =     1  d =    28  f =     5  +  T =     0.05 sec
  [bmc-prof  81] wall=  46.938 p=    34 | ifo=  0.898(sd=0.188 nx=0.000 tfo=0.191 cnt=0.519) snap= 0.292 srm=  9.396 sat= 19.818(set=0.373 slv=19.410 max=4.7249 n=34) sim=16.333(rmp=0.538 run=15.794) chk= 0.001 stat= 0.195 rest= 0.007
  [bmc-incr i=82 repr=32 active=2188/177331 POs=27]
BMC : c =    2152  cl =   4507  lit =  177316  p =     0  d =    22  f =     5  +  T =     0.05 sec
  [bmc-prof  82] wall=  48.495 p=    27 | ifo=  0.840(sd=0.186 nx=0.000 tfo=0.159 cnt=0.496) snap= 0.311 srm=  9.469 sat= 21.716(set=0.383 slv=21.305 max=5.2520 n=27) sim=15.953(rmp=0.539 run=15.413) chk= 0.001 stat= 0.196 rest= 0.008
  [bmc-incr i=83 repr=25 active=2173/177316 POs=27]
BMC : c =    2143  cl =   4506  lit =  177305  p =     0  d =    22  f =     5  +  T =     0.05 sec
  [bmc-prof  83] wall=  45.691 p=    27 | ifo=  0.871(sd=0.187 nx=0.000 tfo=0.165 cnt=0.520) snap= 0.302 srm= 10.372 sat= 18.363(set=0.360 slv=17.973 max=4.4685 n=27) sim=15.572(rmp=0.630 run=14.941) chk= 0.001 stat= 0.202 rest= 0.007
  [bmc-incr i=84 repr=20 active=2162/177305 POs=25]
BMC : c =    2133  cl =   4507  lit =  177294  p =     0  d =    20  f =     5  +  T =     0.05 sec
  [bmc-prof  84] wall=  49.176 p=    25 | ifo=  0.837(sd=0.192 nx=0.000 tfo=0.137 cnt=0.509) snap= 0.311 srm=  9.545 sat= 21.910(set=0.365 slv=21.512 max=4.9885 n=25) sim=16.324(rmp=0.520 run=15.803) chk= 0.000 stat= 0.240 rest= 0.008
  [bmc-incr i=85 repr=19 active=2151/177294 POs=24]
BMC : c =    2123  cl =   4506  lit =  177282  p =     1  d =    18  f =     5  +  T =     0.05 sec
  [bmc-prof  85] wall=  46.074 p=    24 | ifo=  0.908(sd=0.209 nx=0.000 tfo=0.115 cnt=0.584) snap= 0.310 srm= 10.250 sat= 18.830(set=0.363 slv=18.443 max=4.6299 n=24) sim=15.566(rmp=0.512 run=15.053) chk= 0.001 stat= 0.201 rest= 0.007
  [bmc-incr i=86 repr=18 active=2138/177282 POs=21]
BMC : c =    2113  cl =   4506  lit =  177273  p =     0  d =    16  f =     5  +  T =     0.05 sec
  [bmc-prof  86] wall=  46.278 p=    21 | ifo=  0.832(sd=0.189 nx=0.000 tfo=0.128 cnt=0.515) snap= 0.323 srm=  9.836 sat= 19.123(set=0.375 slv=18.723 max=4.5861 n=21) sim=15.893(rmp=0.511 run=15.380) chk= 0.001 stat= 0.262 rest= 0.008
  [bmc-incr i=87 repr=16 active=2129/177273 POs=22]
BMC : c =    2105  cl =   4506  lit =  177264  p =     0  d =    17  f =     5  +  T =     0.05 sec
  [bmc-prof  87] wall=  51.749 p=    22 | ifo=  1.300(sd=0.257 nx=0.000 tfo=0.120 cnt=0.922) snap= 0.327 srm= 11.842 sat= 21.773(set=0.403 slv=21.327 max=5.1092 n=22) sim=16.289(rmp=0.542 run=15.746) chk= 0.001 stat= 0.209 rest= 0.009
  [bmc-incr i=88 repr=15 active=2120/177264 POs=21]
BMC : c =    2096  cl =   4506  lit =  177255  p =     0  d =    16  f =     5  +  T =     0.05 sec
  [bmc-prof  88] wall=  47.571 p=    21 | ifo=  0.855(sd=0.202 nx=0.000 tfo=0.099 cnt=0.554) snap= 0.342 srm= 10.531 sat= 20.005(set=0.419 slv=19.560 max=4.5090 n=21) sim=15.635(rmp=0.626 run=15.008) chk= 0.001 stat= 0.194 rest= 0.008
  [bmc-incr i=89 repr=15 active=2111/177255 POs=21]
BMC : c =    2087  cl =   4506  lit =  177246  p =     0  d =    16  f =     5  +  T =     0.05 sec
  [bmc-prof  89] wall=  48.039 p=    21 | ifo=  0.810(sd=0.199 nx=0.000 tfo=0.110 cnt=0.501) snap= 0.297 srm=  9.183 sat= 20.609(set=0.376 slv=20.206 max=4.7934 n=21) sim=16.920(rmp=0.655 run=16.264) chk= 0.000 stat= 0.214 rest= 0.007
  [bmc-incr i=90 repr=15 active=2102/177246 POs=21]
BMC : c =    2078  cl =   4506  lit =  177237  p =     0  d =    16  f =     5  +  T =     0.05 sec
  [bmc-prof  90] wall=  50.744 p=    21 | ifo=  0.904(sd=0.224 nx=0.000 tfo=0.103 cnt=0.578) snap= 0.325 srm= 10.851 sat= 22.598(set=0.390 slv=22.180 max=5.4989 n=21) sim=15.759(rmp=0.586 run=15.172) chk= 0.000 stat= 0.299 rest= 0.008
  [bmc-incr i=91 repr=15 active=2093/177237 POs=21]
BMC : c =    2069  cl =   4506  lit =  177228  p =     0  d =    16  f =     5  +  T =     0.05 sec
  [bmc-prof  91] wall=  51.418 p=    21 | ifo=  0.873(sd=0.258 nx=0.000 tfo=0.102 cnt=0.513) snap= 0.293 srm=  9.597 sat= 24.213(set=0.362 slv=23.823 max=6.0532 n=21) sim=16.219(rmp=0.528 run=15.691) chk= 0.001 stat= 0.215 rest= 0.007
  [bmc-incr i=92 repr=15 active=2084/177228 POs=21]
BMC : c =    2059  cl =   4506  lit =  177219  p =     0  d =    16  f =     5  +  T =     0.05 sec
  [bmc-prof  92] wall=  48.048 p=    21 | ifo=  0.862(sd=0.198 nx=0.000 tfo=0.124 cnt=0.540) snap= 0.299 srm= 10.666 sat= 20.345(set=0.348 slv=19.972 max=4.6613 n=21) sim=15.658(rmp=0.525 run=15.132) chk= 0.000 stat= 0.211 rest= 0.007
  [bmc-incr i=93 repr=16 active=2075/177219 POs=22]
BMC : c =    2051  cl =   4506  lit =  177209  p =     0  d =    17  f =     5  +  T =     0.05 sec
  [bmc-prof  93] wall=  50.656 p=    22 | ifo=  0.794(sd=0.190 nx=0.000 tfo=0.106 cnt=0.498) snap= 0.371 srm= 12.083 sat= 21.800(set=0.479 slv=21.292 max=4.8915 n=22) sim=15.413(rmp=0.518 run=14.894) chk= 0.001 stat= 0.187 rest= 0.008
  [bmc-incr i=94 repr=15 active=2065/177209 POs=20]
BMC : c =    2038  cl =   4506  lit =  177200  p =     0  d =    15  f =     5  +  T =     0.05 sec
  [bmc-prof  94] wall=  50.348 p=    20 | ifo=  0.814(sd=0.215 nx=0.000 tfo=0.102 cnt=0.497) snap= 0.294 srm=  9.684 sat= 23.932(set=0.365 slv=23.541 max=6.1347 n=20) sim=15.423(rmp=0.508 run=14.914) chk= 0.000 stat= 0.195 rest= 0.007
  [bmc-incr i=95 repr=18 active=2056/177200 POs=22]
BMC : c =    2030  cl =   4506  lit =  177191  p =     0  d =    17  f =     5  +  T =     0.05 sec
  [bmc-prof  95] wall=  50.810 p=    22 | ifo=  0.813(sd=0.190 nx=0.000 tfo=0.098 cnt=0.525) snap= 0.325 srm= 10.726 sat= 23.061(set=0.446 slv=22.588 max=5.0275 n=22) sim=15.681(rmp=0.511 run=15.169) chk= 0.001 stat= 0.197 rest= 0.007
  [bmc-incr i=96 repr=16 active=2047/177191 POs=21]
BMC : c =    2021  cl =   4508  lit =  177181  p =     0  d =    16  f =     5  +  T =     0.05 sec
  [bmc-prof  96] wall=  52.518 p=    21 | ifo=  0.778(sd=0.187 nx=0.000 tfo=0.095 cnt=0.496) snap= 0.529 srm= 10.464 sat= 23.004(set=0.471 slv=22.497 max=4.8903 n=21) sim=17.430(rmp=0.742 run=16.686) chk= 0.000 stat= 0.303 rest= 0.009
  [bmc-incr i=97 repr=16 active=2037/177181 POs=20]
BMC : c =    2012  cl =   4507  lit =  177170  p =     1  d =    14  f =     5  +  T =     0.05 sec
  [bmc-prof  97] wall=  52.967 p=    20 | ifo=  1.026(sd=0.273 nx=0.000 tfo=0.141 cnt=0.611) snap= 0.342 srm= 10.977 sat= 22.189(set=0.420 slv=21.748 max=4.8842 n=20) sim=18.192(rmp=0.541 run=17.650) chk= 0.001 stat= 0.232 rest= 0.009
  [bmc-incr i=98 repr=15 active=2025/177170 POs=17]
BMC : c =    2001  cl =   4506  lit =  177161  p =     0  d =    12  f =     5  +  T =     0.05 sec
  [bmc-prof  98] wall=  53.988 p=    17 | ifo=  0.906(sd=0.218 nx=0.000 tfo=0.100 cnt=0.587) snap= 0.369 srm= 11.379 sat= 24.200(set=0.428 slv=23.751 max=5.2963 n=17) sim=16.899(rmp=0.702 run=16.196) chk= 0.000 stat= 0.225 rest= 0.009
  [bmc-incr i=99 repr=15 active=2016/177161 POs=19]
BMC : c =    1992  cl =   4507  lit =  177151  p =     0  d =    14  f =     5  +  T =     0.05 sec
  [bmc-prof  99] wall=  52.333 p=    19 | ifo=  0.887(sd=0.208 nx=0.000 tfo=0.118 cnt=0.561) snap= 0.321 srm= 10.406 sat= 22.783(set=0.571 slv=22.189 max=4.7263 n=19) sim=17.705(rmp=0.608 run=17.096) chk= 0.000 stat= 0.223 rest= 0.008
  [bmc-incr i=100 repr=15 active=2006/177151 POs=18]
BMC : c =    1983  cl =   4507  lit =  177141  p =     1  d =    12  f =     5  +  T =     0.05 sec
  [bmc-prof 100] wall=  53.906 p=    18 | ifo=  0.931(sd=0.227 nx=0.000 tfo=0.098 cnt=0.606) snap= 0.330 srm= 10.699 sat= 24.824(set=0.404 slv=24.403 max=5.3240 n=18) sim=16.902(rmp=0.562 run=16.338) chk= 0.001 stat= 0.210 rest= 0.009
  [bmc-incr i=101 repr=14 active=1995/177141 POs=16]
BMC : c =    1973  cl =   4506  lit =  177132  p =     0  d =    11  f =     5  +  T =     0.05 sec
  [bmc-prof 101] wall=  51.876 p=    16 | ifo=  0.865(sd=0.207 nx=0.000 tfo=0.110 cnt=0.548) snap= 0.319 srm= 10.673 sat= 24.313(set=0.381 slv=23.917 max=5.9178 n=16) sim=15.504(rmp=0.529 run=14.973) chk= 0.000 stat= 0.194 rest= 0.008
  [bmc-incr i=102 repr=14 active=1986/177132 POs=17]
BMC : c =    1964  cl =   4507  lit =  177122  p =     0  d =    12  f =     5  +  T =     0.05 sec
  [bmc-prof 102] wall=  51.963 p=    17 | ifo=  0.801(sd=0.188 nx=0.000 tfo=0.094 cnt=0.519) snap= 0.344 srm= 10.984 sat= 22.835(set=0.416 slv=22.401 max=4.8186 n=17) sim=16.778(rmp=0.551 run=16.225) chk= 0.000 stat= 0.214 rest= 0.007
  [bmc-incr i=103 repr=14 active=1976/177122 POs=16]
BMC : c =    1955  cl =   4505  lit =  177111  p =     1  d =    10  f =     5  +  T =     0.05 sec
  [bmc-prof 103] wall=  49.814 p=    16 | ifo=  0.792(sd=0.186 nx=0.000 tfo=0.093 cnt=0.513) snap= 0.303 srm=  9.327 sat= 22.814(set=0.363 slv=22.434 max=4.6720 n=16) sim=16.343(rmp=0.510 run=15.832) chk= 0.001 stat= 0.228 rest= 0.006
  [bmc-incr i=104 repr=13 active=1964/177111 POs=12]
BMC : c =    1947  cl =   4506  lit =  177105  p =     0  d =     8  f =     4  +  T =     0.04 sec
  [bmc-prof 104] wall=  44.170 p=    12 | ifo=  0.852(sd=0.203 nx=0.000 tfo=0.094 cnt=0.556) snap= 0.311 srm=  9.290 sat= 18.252(set=0.357 slv=17.884 max=4.7913 n=12) sim=15.258(rmp=0.520 run=14.736) chk= 0.000 stat= 0.200 rest= 0.007
  [bmc-incr i=105 repr=10 active=1958/177105 POs=14]
BMC : c =    1941  cl =   4506  lit =  177098  p =     0  d =    10  f =     4  +  T =     0.05 sec
  [bmc-prof 105] wall=  46.187 p=    14 | ifo=  0.809(sd=0.190 nx=0.000 tfo=0.095 cnt=0.524) snap= 0.325 srm= 10.357 sat= 18.809(set=0.352 slv=18.440 max=4.7253 n=14) sim=15.659(rmp=0.624 run=15.034) chk= 0.000 stat= 0.220 rest= 0.008
  [bmc-incr i=106 repr=10 active=1951/177098 POs=13]
BMC : c =    1934  cl =   4506  lit =  177091  p =     0  d =     9  f =     4  +  T =     0.05 sec
  [bmc-prof 106] wall=  52.809 p=    13 | ifo=  0.801(sd=0.182 nx=0.000 tfo=0.094 cnt=0.525) snap= 0.298 srm= 11.097 sat= 20.393(set=0.345 slv=20.031 max=6.1262 n=13) sim=20.012(rmp=0.584 run=19.427) chk= 0.000 stat= 0.199 rest= 0.007
  [bmc-incr i=107 repr=10 active=1944/177091 POs=13]
BMC : c =    1927  cl =   4506  lit =  177084  p =     0  d =     9  f =     4  +  T =     0.04 sec
  [bmc-prof 107] wall=  45.132 p=    13 | ifo=  0.821(sd=0.202 nx=0.000 tfo=0.100 cnt=0.519) snap= 0.297 srm=  9.317 sat= 18.680(set=0.369 slv=18.296 max=4.7954 n=13) sim=15.808(rmp=0.517 run=15.290) chk= 0.000 stat= 0.202 rest= 0.007
  [bmc-incr i=108 repr=10 active=1937/177084 POs=13]
BMC : c =    1920  cl =   4506  lit =  177077  p =     0  d =     9  f =     4  +  T =     0.05 sec
  [bmc-prof 108] wall=  45.507 p=    13 | ifo=  0.812(sd=0.184 nx=0.000 tfo=0.089 cnt=0.539) snap= 0.311 srm=  9.568 sat= 18.889(set=0.366 slv=18.509 max=4.7029 n=13) sim=15.731(rmp=0.516 run=15.213) chk= 0.001 stat= 0.190 rest= 0.006
  [bmc-incr i=109 repr=10 active=1930/177077 POs=13]
BMC : c =    1911  cl =   4506  lit =  177070  p =     0  d =     9  f =     4  +  T =     0.05 sec
  [bmc-prof 109] wall=  49.225 p=    13 | ifo=  0.785(sd=0.189 nx=0.000 tfo=0.094 cnt=0.501) snap= 0.331 srm= 10.472 sat= 21.801(set=0.390 slv=21.394 max=5.4630 n=13) sim=15.634(rmp=0.524 run=15.100) chk= 0.000 stat= 0.195 rest= 0.007
  [bmc-incr i=110 repr=12 active=1923/177070 POs=15]
BMC : c =    1904  cl =   4507  lit =  177061  p =     0  d =    11  f =     4  +  T =     0.05 sec
  [bmc-prof 110] wall=  46.806 p=    15 | ifo=  0.787(sd=0.189 nx=0.000 tfo=0.098 cnt=0.500) snap= 0.301 srm=  9.487 sat= 19.333(set=0.338 slv=18.977 max=5.3430 n=15) sim=16.525(rmp=0.641 run=15.883) chk= 0.001 stat= 0.364 rest= 0.009
  [bmc-incr i=111 repr=12 active=1914/177061 POs=13]
BMC : c =    1896  cl =   4506  lit =  177052  p =     1  d =     8  f =     4  +  T =     0.05 sec
  [bmc-prof 111] wall=  49.338 p=    13 | ifo=  0.871(sd=0.210 nx=0.000 tfo=0.098 cnt=0.564) snap= 0.317 srm= 10.057 sat= 21.914(set=0.373 slv=21.524 max=5.6551 n=13) sim=15.938(rmp=0.538 run=15.399) chk= 0.000 stat= 0.234 rest= 0.007
  [bmc-incr i=112 repr=11 active=1904/177052 POs=11]
BMC : c =    1889  cl =   4505  lit =  177045  p =     0  d =     7  f =     4  +  T =     0.05 sec
  [bmc-prof 112] wall=  47.674 p=    11 | ifo=  0.793(sd=0.199 nx=0.000 tfo=0.091 cnt=0.503) snap= 0.324 srm= 11.200 sat= 19.715(set=0.389 slv=19.315 max=5.3127 n=11) sim=15.430(rmp=0.520 run=14.909) chk= 0.001 stat= 0.202 rest= 0.009
  [bmc-incr i=113 repr=9 active=1897/177045 POs=11]
BMC : c =    1882  cl =   4506  lit =  177039  p =     0  d =     7  f =     4  +  T =     0.05 sec
  [bmc-prof 113] wall=  47.574 p=    11 | ifo=  0.768(sd=0.181 nx=0.000 tfo=0.091 cnt=0.496) snap= 0.306 srm=  9.825 sat= 19.484(set=0.370 slv=19.103 max=5.1726 n=11) sim=16.969(rmp=0.514 run=16.455) chk= 0.000 stat= 0.214 rest= 0.007
  [bmc-incr i=114 repr=9 active=1891/177039 POs=12]
BMC : c =    1876  cl =   4506  lit =  177032  p =     0  d =     8  f =     4  +  T =     0.05 sec
  [bmc-prof 114] wall=  49.735 p=    12 | ifo=  1.023(sd=0.208 nx=0.000 tfo=0.190 cnt=0.625) snap= 0.310 srm= 10.032 sat= 21.866(set=0.362 slv=21.487 max=5.9901 n=12) sim=16.229(rmp=0.617 run=15.610) chk= 0.000 stat= 0.266 rest= 0.008
  [bmc-incr i=115 repr=9 active=1884/177032 POs=11]
BMC : c =    1869  cl =   4505  lit =  177025  p =     0  d =     7  f =     4  +  T =     0.04 sec
  [bmc-prof 115] wall=  44.849 p=    11 | ifo=  0.880(sd=0.195 nx=0.000 tfo=0.097 cnt=0.588) snap= 0.308 srm=  9.453 sat= 18.560(set=0.349 slv=18.197 max=4.5470 n=11) sim=15.449(rmp=0.543 run=14.905) chk= 0.000 stat= 0.192 rest= 0.007
  [bmc-incr i=116 repr=9 active=1877/177025 POs=11]
BMC : c =    1862  cl =   4506  lit =  177019  p =     0  d =     7  f =     4  +  T =     0.05 sec
  [bmc-prof 116] wall=  49.890 p=    11 | ifo=  0.800(sd=0.189 nx=0.000 tfo=0.089 cnt=0.521) snap= 0.329 srm= 12.362 sat= 20.037(set=0.380 slv=19.642 max=4.9849 n=11) sim=16.037(rmp=0.520 run=15.516) chk= 0.000 stat= 0.316 rest= 0.008
  [bmc-incr i=117 repr=9 active=1871/177019 POs=12]
BMC : c =    1854  cl =   4506  lit =  177012  p =     0  d =     8  f =     4  +  T =     0.05 sec
  [bmc-prof 117] wall=  48.865 p=    12 | ifo=  0.881(sd=0.237 nx=0.000 tfo=0.100 cnt=0.544) snap= 0.301 srm=  9.442 sat= 22.503(set=0.393 slv=22.080 max=5.1684 n=12) sim=15.478(rmp=0.584 run=14.893) chk= 0.001 stat= 0.252 rest= 0.007
  [bmc-incr i=118 repr=11 active=1864/177012 POs=13]
BMC : c =    1847  cl =   4506  lit =  177003  p =     0  d =     9  f =     4  +  T =     0.05 sec
  [bmc-prof 118] wall=  49.697 p=    13 | ifo=  0.955(sd=0.238 nx=0.000 tfo=0.099 cnt=0.618) snap= 0.305 srm=  9.233 sat= 23.126(set=0.375 slv=22.728 max=5.5733 n=13) sim=15.883(rmp=1.002 run=14.879) chk= 0.000 stat= 0.188 rest= 0.007
  [bmc-incr i=119 repr=11 active=1855/177003 POs=11]
BMC : c =    1839  cl =   4506  lit =  176995  p =     1  d =     6  f =     4  +  T =     0.05 sec
  [bmc-prof 119] wall=  48.754 p=    11 | ifo=  0.905(sd=0.204 nx=0.000 tfo=0.093 cnt=0.608) snap= 0.317 srm=  9.653 sat= 21.896(set=0.372 slv=21.513 max=5.5640 n=11) sim=15.758(rmp=0.527 run=15.230) chk= 0.001 stat= 0.215 rest= 0.008
  [bmc-incr i=120 repr=10 active=1846/176995 POs=10]
BMC : c =    1833  cl =   4505  lit =  176988  p =     0  d =     6  f =     4  +  T =     0.05 sec
  [bmc-prof 120] wall=  47.810 p=    10 | ifo=  0.892(sd=0.211 nx=0.000 tfo=0.090 cnt=0.591) snap= 0.334 srm= 10.310 sat= 20.130(set=0.384 slv=19.735 max=4.6803 n=10) sim=15.937(rmp=0.530 run=15.406) chk= 0.001 stat= 0.200 rest= 0.006
  [bmc-incr i=121 repr=8 active=1839/176988 POs=9]
BMC : c =    1826  cl =   4505  lit =  176982  p =     0  d =     5  f =     4  +  T =     0.05 sec
  [bmc-prof 121] wall=  48.361 p=     9 | ifo=  0.800(sd=0.190 nx=0.000 tfo=0.091 cnt=0.519) snap= 0.303 srm=  9.415 sat= 21.102(set=0.351 slv=20.740 max=5.3375 n=9) sim=16.518(rmp=0.539 run=15.977) chk= 0.000 stat= 0.216 rest= 0.008
  [bmc-incr i=122 repr=8 active=1833/176982 POs=10]
BMC : c =    1818  cl =   4506  lit =  176976  p =     0  d =     6  f =     4  +  T =     0.05 sec
  [bmc-prof 122] wall=  48.055 p=    10 | ifo=  0.840(sd=0.200 nx=0.000 tfo=0.094 cnt=0.546) snap= 0.371 srm= 10.411 sat= 20.768(set=0.418 slv=20.338 max=5.3059 n=10) sim=15.463(rmp=0.587 run=14.875) chk= 0.000 stat= 0.195 rest= 0.008
  [bmc-incr i=123 repr=10 active=1827/176976 POs=12]
BMC : c =    1812  cl =   4505  lit =  176967  p =     0  d =     8  f =     4  +  T =     0.05 sec
  [bmc-prof 123] wall=  47.811 p=    12 | ifo=  0.789(sd=0.201 nx=0.000 tfo=0.094 cnt=0.494) snap= 0.324 srm=  9.539 sat= 22.056(set=0.378 slv=21.661 max=5.4278 n=12) sim=14.911(rmp=0.547 run=14.362) chk= 0.000 stat= 0.184 rest= 0.007
  [bmc-incr i=124 repr=10 active=1818/176967 POs=9]
BMC : c =    1804  cl =   4506  lit =  176960  p =     1  d =     4  f =     4  +  T =     0.05 sec
  [bmc-prof 124] wall=  47.204 p=     9 | ifo=  0.776(sd=0.181 nx=0.000 tfo=0.095 cnt=0.500) snap= 0.325 srm=  9.536 sat= 20.136(set=0.378 slv=19.749 max=4.7751 n=9) sim=16.228(rmp=0.517 run=15.710) chk= 0.000 stat= 0.194 rest= 0.008
  [bmc-incr i=125 repr=9 active=1810/176960 POs=9]
BMC : c =    1799  cl =   4504  lit =  176953  p =     0  d =     5  f =     4  +  T =     0.05 sec
  [bmc-prof 125] wall=  49.006 p=     9 | ifo=  0.805(sd=0.204 nx=0.000 tfo=0.091 cnt=0.510) snap= 0.286 srm=  9.530 sat= 22.347(set=0.348 slv=21.987 max=5.2270 n=9) sim=15.781(rmp=0.534 run=15.246) chk= 0.001 stat= 0.250 rest= 0.007
  [bmc-incr i=126 repr=7 active=1803/176953 POs=7]
BMC : c =    1790  cl =   4505  lit =  176948  p =     0  d =     3  f =     4  +  T =     0.05 sec
  [bmc-prof 126] wall=  48.225 p=     7 | ifo=  0.895(sd=0.233 nx=0.000 tfo=0.115 cnt=0.547) snap= 0.319 srm=  9.587 sat= 21.116(set=0.360 slv=20.748 max=5.1549 n=7) sim=16.033(rmp=0.520 run=15.512) chk= 0.000 stat= 0.265 rest= 0.008
  [bmc-incr i=127 repr=9 active=1798/176948 POs=11]
BMC : c =    1785  cl =   4506  lit =  176941  p =     0  d =     7  f =     4  +  T =     0.05 sec
  [bmc-prof 127] wall=  49.800 p=    11 | ifo=  0.940(sd=0.246 nx=0.000 tfo=0.096 cnt=0.597) snap= 0.328 srm= 10.642 sat= 21.674(set=0.371 slv=21.288 max=5.2826 n=11) sim=15.943(rmp=0.534 run=15.407) chk= 0.000 stat= 0.264 rest= 0.009
  [bmc-incr i=128 repr=9 active=1791/176941 POs=9]
BMC : c =    1779  cl =   4504  lit =  176933  p =     1  d =     4  f =     4  +  T =     0.05 sec
  [bmc-prof 128] wall=  49.311 p=     9 | ifo=  0.944(sd=0.242 nx=0.000 tfo=0.098 cnt=0.604) snap= 0.299 srm=  9.541 sat= 22.589(set=0.343 slv=22.235 max=5.5268 n=9) sim=15.724(rmp=0.581 run=15.141) chk= 0.000 stat= 0.205 rest= 0.008
  [bmc-incr i=129 repr=8 active=1782/176933 POs=6]
BMC : c =    1773  cl =   4504  lit =  176927  p =     0  d =     1  f =     5  +  T =     0.05 sec
  [bmc-prof 129] wall=  49.296 p=     6 | ifo=  0.935(sd=0.231 nx=0.000 tfo=0.095 cnt=0.609) snap= 0.339 srm= 10.743 sat= 21.805(set=0.377 slv=21.420 max=9.1390 n=6) sim=15.277(rmp=0.549 run=14.727) chk= 0.000 stat= 0.190 rest= 0.007
  [bmc-incr i=130 repr=6 active=1776/176927 POs=6]
BMC : c =    1767  cl =   4504  lit =  176921  p =     0  d =     1  f =     5  +  T =     0.04 sec
  [bmc-prof 130] wall=  44.731 p=     6 | ifo=  0.788(sd=0.197 nx=0.000 tfo=0.095 cnt=0.496) snap= 0.316 srm=  9.500 sat= 17.232(set=0.543 slv=16.684 max=4.9493 n=6) sim=16.699(rmp=0.514 run=16.184) chk= 0.000 stat= 0.189 rest= 0.008
  [bmc-incr i=131 repr=6 active=1770/176921 POs=6]
BMC : c =    1761  cl =   4504  lit =  176915  p =     0  d =     1  f =     5  +  T =     0.04 sec
  [bmc-prof 131] wall=  43.960 p=     6 | ifo=  0.817(sd=0.210 nx=0.000 tfo=0.094 cnt=0.512) snap= 0.386 srm=  9.334 sat= 16.630(set=0.404 slv=16.220 max=4.8878 n=6) sim=16.574(rmp=0.548 run=16.025) chk= 0.000 stat= 0.209 rest= 0.009
  [bmc-incr i=132 repr=6 active=1764/176915 POs=6]
BMC : c =    1755  cl =   4504  lit =  176909  p =     0  d =     1  f =     5  +  T =     0.05 sec
  [bmc-prof 132] wall=  45.792 p=     6 | ifo=  1.051(sd=0.377 nx=0.000 tfo=0.093 cnt=0.581) snap= 0.297 srm= 10.140 sat= 16.488(set=0.368 slv=16.114 max=4.6619 n=6) sim=17.597(rmp=0.500 run=17.096) chk= 0.001 stat= 0.211 rest= 0.008
  [bmc-incr i=133 repr=6 active=1758/176909 POs=6]
BMC : c =    1747  cl =   4505  lit =  176903  p =     0  d =     1  f =     5  +  T =     0.04 sec
  [bmc-prof 133] wall=  43.455 p=     6 | ifo=  0.853(sd=0.216 nx=0.000 tfo=0.090 cnt=0.548) snap= 0.314 srm=  9.376 sat= 16.932(set=0.414 slv=16.512 max=5.2449 n=6) sim=15.709(rmp=0.526 run=15.182) chk= 0.001 stat= 0.263 rest= 0.006
  [bmc-incr i=134 repr=8 active=1752/176903 POs=8]
BMC : c =    1741  cl =   4505  lit =  176896  p =     0  d =     3  f =     5  +  T =     0.05 sec
  [bmc-prof 134] wall=  45.924 p=     8 | ifo=  0.851(sd=0.217 nx=0.000 tfo=0.102 cnt=0.532) snap= 0.320 srm= 11.120 sat= 17.193(set=0.364 slv=16.821 max=4.7206 n=8) sim=16.229(rmp=0.526 run=15.702) chk= 0.001 stat= 0.202 rest= 0.009
  [bmc-incr i=135 repr=8 active=1745/176896 POs=7]
BMC : c =    1735  cl =   4504  lit =  176889  p =     1  d =     1  f =     5  +  T =     0.04 sec
  [bmc-prof 135] wall=  44.576 p=     7 | ifo=  0.818(sd=0.198 nx=0.000 tfo=0.090 cnt=0.530) snap= 0.314 srm=  9.861 sat= 16.833(set=0.368 slv=16.459 max=4.8665 n=7) sim=16.516(rmp=0.504 run=16.010) chk= 0.001 stat= 0.227 rest= 0.008
  [bmc-incr i=136 repr=7 active=1737/176889 POs=5]
BMC : c =    1730  cl =   4504  lit =  176884  p =     0  d =     0  f =     5  +  T =     0.03 sec
  [bmc-prof 136] wall=  30.012 p=     5 | ifo=  0.847(sd=0.202 nx=0.000 tfo=0.095 cnt=0.550) snap= 0.332 srm= 10.171 sat= 18.441(set=0.369 slv=18.069 max=5.1826 n=5) sim= 0.000(rmp=0.000 run=0.000) chk= 0.001 stat= 0.213 rest= 0.007
  [bmc-incr i=137 repr=5 active=1732/176884 POs=5]
BMC : c =    1725  cl =   4504  lit =  176879  p =     0  d =     0  f =     5  +  T =     0.03 sec
  [bmc-prof 137] wall=  29.836 p=     5 | ifo=  0.802(sd=0.192 nx=0.000 tfo=0.088 cnt=0.521) snap= 0.317 srm= 10.075 sat= 18.399(set=0.361 slv=18.034 max=5.1009 n=5) sim= 0.000(rmp=0.000 run=0.000) chk= 0.001 stat= 0.237 rest= 0.006
  [bmc-incr i=138 repr=5 active=1727/176879 POs=5]
BMC : c =    1720  cl =   4504  lit =  176874  p =     0  d =     0  f =     5  +  T =     0.03 sec
  [bmc-prof 138] wall=  31.124 p=     5 | ifo=  0.866(sd=0.235 nx=0.000 tfo=0.109 cnt=0.522) snap= 0.454 srm= 11.402 sat= 18.185(set=0.415 slv=17.766 max=5.1618 n=5) sim= 0.000(rmp=0.000 run=0.000) chk= 0.001 stat= 0.209 rest= 0.007
  [bmc-incr i=139 repr=5 active=1722/176874 POs=5]
BMC : c =    1715  cl =   4504  lit =  176869  p =     0  d =     0  f =     5  +  T =     0.03 sec
  [bmc-prof 139] wall=  28.997 p=     5 | ifo=  0.807(sd=0.189 nx=0.000 tfo=0.096 cnt=0.522) snap= 0.448 srm= 10.285 sat= 17.246(set=0.436 slv=16.807 max=4.7083 n=5) sim= 0.000(rmp=0.000 run=0.000) chk= 0.001 stat= 0.205 rest= 0.006
  [bmc-incr i=140 repr=5 active=1717/176869 POs=4]
BMC : c =    1711  cl =   4504  lit =  176865  p =     0  d =     0  f =     4  +  T =     0.03 sec
  [bmc-prof 140] wall=  28.820 p=     4 | ifo=  0.812(sd=0.185 nx=0.000 tfo=0.118 cnt=0.509) snap= 0.296 srm=  9.640 sat= 17.866(set=0.331 slv=17.530 max=5.3920 n=4) sim= 0.000(rmp=0.000 run=0.000) chk= 0.001 stat= 0.201 rest= 0.005
  [bmc-incr i=141 repr=4 active=1713/176865 POs=4]
BMC : c =    1707  cl =   4504  lit =  176861  p =     0  d =     0  f =     4  +  T =     0.03 sec
  [bmc-prof 141] wall=  27.858 p=     4 | ifo=  0.794(sd=0.205 nx=0.000 tfo=0.078 cnt=0.511) snap= 0.319 srm=  9.887 sat= 16.628(set=0.358 slv=16.267 max=4.7840 n=4) sim= 0.000(rmp=0.000 run=0.000) chk= 0.001 stat= 0.223 rest= 0.006
  [bmc-incr i=142 repr=4 active=1709/176861 POs=4]
BMC : c =    1703  cl =   4504  lit =  176857  p =     0  d =     0  f =     4  +  T =     0.03 sec
  [bmc-prof 142] wall=  30.020 p=     4 | ifo=  0.865(sd=0.207 nx=0.000 tfo=0.088 cnt=0.570) snap= 0.312 srm= 10.366 sat= 18.256(set=0.365 slv=17.888 max=5.2882 n=4) sim= 0.000(rmp=0.000 run=0.000) chk= 0.001 stat= 0.214 rest= 0.006
  [bmc-incr i=143 repr=4 active=1705/176857 POs=4]
BMC : c =    1699  cl =   4504  lit =  176853  p =     0  d =     0  f =     4  +  T =     0.03 sec
  [bmc-prof 143] wall=  29.468 p=     4 | ifo=  0.839(sd=0.198 nx=0.000 tfo=0.082 cnt=0.559) snap= 0.301 srm= 10.767 sat= 17.316(set=0.360 slv=16.953 max=5.2293 n=4) sim= 0.000(rmp=0.000 run=0.000) chk= 0.001 stat= 0.236 rest= 0.008
  [bmc-incr i=144 repr=4 active=1701/176853 POs=4]
BMC : c =    1695  cl =   4504  lit =  176849  p =     0  d =     0  f =     4  +  T =     0.03 sec
  [bmc-prof 144] wall=  28.087 p=     4 | ifo=  0.794(sd=0.199 nx=0.000 tfo=0.087 cnt=0.508) snap= 0.309 srm=  9.663 sat= 17.095(set=0.371 slv=16.720 max=4.9747 n=4) sim= 0.000(rmp=0.000 run=0.000) chk= 0.000 stat= 0.220 rest= 0.005
  [bmc-incr i=145 repr=4 active=1697/176849 POs=4]
BMC : c =    1691  cl =   4504  lit =  176845  p =     0  d =     0  f =     4  +  T =     0.03 sec
  [bmc-prof 145] wall=  28.285 p=     4 | ifo=  0.767(sd=0.186 nx=0.000 tfo=0.089 cnt=0.493) snap= 0.311 srm=  9.622 sat= 17.358(set=0.360 slv=16.994 max=5.0884 n=4) sim= 0.000(rmp=0.000 run=0.000) chk= 0.001 stat= 0.219 rest= 0.006
  [bmc-incr i=146 repr=4 active=1693/176845 POs=4]
BMC : c =    1687  cl =   4504  lit =  176841  p =     0  d =     0  f =     4  +  T =     0.03 sec
  [bmc-prof 146] wall=  29.227 p=     4 | ifo=  0.807(sd=0.193 nx=0.000 tfo=0.084 cnt=0.530) snap= 0.378 srm= 10.096 sat= 17.734(set=0.405 slv=17.325 max=5.1770 n=4) sim= 0.000(rmp=0.000 run=0.000) chk= 0.001 stat= 0.206 rest= 0.006
  [bmc-incr i=147 repr=4 active=1689/176841 POs=4]
BMC : c =    1683  cl =   4504  lit =  176837  p =     0  d =     0  f =     4  +  T =     0.03 sec
  [bmc-prof 147] wall=  30.031 p=     4 | ifo=  0.967(sd=0.188 nx=0.000 tfo=0.083 cnt=0.695) snap= 0.293 srm=  9.869 sat= 18.680(set=0.366 slv=18.310 max=5.6092 n=4) sim= 0.000(rmp=0.000 run=0.000) chk= 0.001 stat= 0.214 rest= 0.007
  [bmc-incr i=148 repr=4 active=1685/176837 POs=4]
BMC : c =    1679  cl =   4504  lit =  176833  p =     0  d =     0  f =     4  +  T =     0.03 sec
  [bmc-prof 148] wall=  29.773 p=     4 | ifo=  1.037(sd=0.199 nx=0.000 tfo=0.078 cnt=0.759) snap= 0.297 srm= 10.419 sat= 17.807(set=0.384 slv=17.419 max=5.2792 n=4) sim= 0.000(rmp=0.000 run=0.000) chk= 0.001 stat= 0.205 rest= 0.007
  [bmc-incr i=149 repr=4 active=1681/176833 POs=4]
BMC : c =    1675  cl =   4504  lit =  176829  p =     0  d =     0  f =     4  +  T =     0.03 sec
  [bmc-prof 149] wall=  29.696 p=     4 | ifo=  1.008(sd=0.207 nx=0.000 tfo=0.081 cnt=0.720) snap= 0.458 srm=  9.250 sat= 18.711(set=0.429 slv=18.278 max=5.3578 n=4) sim= 0.000(rmp=0.000 run=0.000) chk= 0.001 stat= 0.262 rest= 0.006
  [bmc-incr i=150 repr=4 active=1677/176829 POs=4]
BMC : c =    1671  cl =   4504  lit =  176825  p =     0  d =     0  f =     4  +  T =     0.03 sec
  [bmc-prof 150] wall=  29.354 p=     4 | ifo=  0.796(sd=0.189 nx=0.000 tfo=0.077 cnt=0.530) snap= 0.365 srm=  9.965 sat= 18.013(set=0.389 slv=17.619 max=5.5020 n=4) sim= 0.000(rmp=0.000 run=0.000) chk= 0.001 stat= 0.209 rest= 0.007
  [bmc-incr i=151 repr=4 active=1673/176825 POs=4]
BMC : c =    1667  cl =   4504  lit =  176821  p =     0  d =     0  f =     4  +  T =     0.03 sec
  [bmc-prof 151] wall=  28.701 p=     4 | ifo=  0.791(sd=0.207 nx=0.000 tfo=0.078 cnt=0.506) snap= 0.309 srm=  9.472 sat= 17.910(set=0.414 slv=17.493 max=5.3311 n=4) sim= 0.000(rmp=0.000 run=0.000) chk= 0.001 stat= 0.213 rest= 0.006
  [bmc-incr i=152 repr=4 active=1669/176821 POs=4]
BMC : c =    1663  cl =   4504  lit =  176817  p =     0  d =     0  f =     4  +  T =     0.03 sec
  [bmc-prof 152] wall=  30.708 p=     4 | ifo=  0.806(sd=0.196 nx=0.000 tfo=0.083 cnt=0.527) snap= 0.321 srm= 10.335 sat= 19.030(set=0.367 slv=18.659 max=5.4389 n=4) sim= 0.000(rmp=0.000 run=0.000) chk= 0.001 stat= 0.209 rest= 0.005
  [bmc-incr i=153 repr=4 active=1665/176817 POs=4]
BMC : c =    1659  cl =   4504  lit =  176813  p =     0  d =     0  f =     4  +  T =     0.03 sec
  [bmc-prof 153] wall=  30.006 p=     4 | ifo=  0.773(sd=0.193 nx=0.000 tfo=0.080 cnt=0.499) snap= 0.300 srm=  9.527 sat= 19.201(set=0.430 slv=18.766 max=5.7413 n=4) sim= 0.000(rmp=0.000 run=0.000) chk= 0.001 stat= 0.199 rest= 0.005
  [bmc-incr i=154 repr=4 active=1661/176813 POs=4]
BMC : c =    1655  cl =   4504  lit =  176809  p =     0  d =     0  f =     4  +  T =     0.03 sec
  [bmc-prof 154] wall=  29.172 p=     4 | ifo=  0.773(sd=0.195 nx=0.000 tfo=0.077 cnt=0.501) snap= 0.303 srm= 10.030 sat= 17.814(set=0.347 slv=17.463 max=5.0842 n=4) sim= 0.000(rmp=0.000 run=0.000) chk= 0.001 stat= 0.244 rest= 0.006
  [bmc-incr i=155 repr=4 active=1657/176809 POs=4]
BMC : c =    1651  cl =   4504  lit =  176805  p =     0  d =     0  f =     4  +  T =     0.03 sec
  [bmc-prof 155] wall=  29.077 p=     4 | ifo=  0.779(sd=0.185 nx=0.000 tfo=0.080 cnt=0.513) snap= 0.347 srm=  9.370 sat= 18.352(set=0.347 slv=18.000 max=5.5785 n=4) sim= 0.000(rmp=0.000 run=0.000) chk= 0.001 stat= 0.222 rest= 0.007
  [bmc-incr i=156 repr=4 active=1653/176805 POs=4]
BMC : c =    1647  cl =   4504  lit =  176801  p =     0  d =     0  f =     4  +  T =     0.03 sec
  [bmc-prof 156] wall=  28.802 p=     4 | ifo=  1.054(sd=0.223 nx=0.000 tfo=0.085 cnt=0.745) snap= 0.317 srm= 10.123 sat= 17.095(set=0.376 slv=16.714 max=5.0512 n=4) sim= 0.000(rmp=0.000 run=0.000) chk= 0.001 stat= 0.207 rest= 0.006
  [bmc-incr i=157 repr=4 active=1649/176801 POs=4]
BMC : c =    1643  cl =   4504  lit =  176797  p =     0  d =     0  f =     4  +  T =     0.03 sec
  [bmc-prof 157] wall=  28.706 p=     4 | ifo=  0.769(sd=0.182 nx=0.000 tfo=0.081 cnt=0.506) snap= 0.296 srm=  9.774 sat= 17.596(set=0.487 slv=17.105 max=5.9351 n=4) sim= 0.000(rmp=0.000 run=0.000) chk= 0.001 stat= 0.265 rest= 0.006
  [bmc-incr i=158 repr=4 active=1645/176797 POs=4]
BMC : c =    1639  cl =   4504  lit =  176793  p =     0  d =     0  f =     4  +  T =     0.03 sec
  [bmc-prof 158] wall=  29.918 p=     4 | ifo=  0.933(sd=0.232 nx=0.000 tfo=0.091 cnt=0.610) snap= 0.383 srm= 10.164 sat= 18.223(set=0.413 slv=17.805 max=5.3573 n=4) sim= 0.000(rmp=0.000 run=0.000) chk= 0.001 stat= 0.208 rest= 0.007
  [bmc-incr i=159 repr=4 active=1641/176793 POs=4]
BMC : c =    1635  cl =   4504  lit =  176789  p =     0  d =     0  f =     4  +  T =     0.03 sec
  [bmc-prof 159] wall=  30.198 p=     4 | ifo=  0.805(sd=0.195 nx=0.000 tfo=0.083 cnt=0.528) snap= 0.330 srm= 10.603 sat= 18.239(set=0.418 slv=17.817 max=5.3700 n=4) sim= 0.000(rmp=0.000 run=0.000) chk= 0.001 stat= 0.213 rest= 0.007
  [bmc-incr i=160 repr=4 active=1637/176789 POs=4]
BMC : c =    1631  cl =   4504  lit =  176785  p =     0  d =     0  f =     4  +  T =     0.03 sec
  [bmc-prof 160] wall=  28.154 p=     4 | ifo=  0.813(sd=0.209 nx=0.000 tfo=0.077 cnt=0.527) snap= 0.310 srm=  9.643 sat= 17.100(set=0.362 slv=16.734 max=4.9341 n=4) sim= 0.000(rmp=0.000 run=0.000) chk= 0.001 stat= 0.280 rest= 0.006
  [bmc-incr i=161 repr=4 active=1633/176785 POs=2]
BMC : c =    1629  cl =   4504  lit =  176783  p =     0  d =     0  f =     2  +  T =     0.02 sec
  [bmc-prof 161] wall=  17.885 p=     2 | ifo=  0.868(sd=0.237 nx=0.000 tfo=0.091 cnt=0.540) snap= 0.305 srm=  9.153 sat=  7.345(set=0.285 slv=7.058 max=4.7474 n=2) sim= 0.000(rmp=0.000 run=0.000) chk= 0.001 stat= 0.207 rest= 0.008
  [bmc-incr i=162 repr=2 active=1631/176783 POs=2]
BMC : c =    1627  cl =   4504  lit =  176781  p =     0  d =     0  f =     2  +  T =     0.02 sec
  [bmc-prof 162] wall=  19.061 p=     2 | ifo=  0.938(sd=0.198 nx=0.000 tfo=0.207 cnt=0.532) snap= 0.290 srm=  8.906 sat=  8.718(set=0.338 slv=8.376 max=5.4502 n=2) sim= 0.000(rmp=0.000 run=0.000) chk= 0.001 stat= 0.204 rest= 0.006
  [bmc-incr i=163 repr=2 active=1629/176781 POs=2]
BMC : c =    1625  cl =   4504  lit =  176779  p =     0  d =     0  f =     2  +  T =     0.02 sec
  [bmc-prof 163] wall=  18.544 p=     2 | ifo=  0.826(sd=0.195 nx=0.000 tfo=0.085 cnt=0.545) snap= 0.313 srm=  9.496 sat=  7.701(set=0.253 slv=7.445 max=5.1395 n=2) sim= 0.000(rmp=0.000 run=0.000) chk= 0.001 stat= 0.201 rest= 0.006
  [bmc-incr i=164 repr=2 active=1627/176779 POs=2]
BMC : c =    1623  cl =   4504  lit =  176777  p =     0  d =     0  f =     2  +  T =     0.02 sec
  [bmc-prof 164] wall=  20.139 p=     2 | ifo=  0.756(sd=0.184 nx=0.000 tfo=0.077 cnt=0.495) snap= 0.334 srm= 10.154 sat=  8.677(set=0.270 slv=8.405 max=5.4870 n=2) sim= 0.000(rmp=0.000 run=0.000) chk= 0.001 stat= 0.211 rest= 0.005
  [bmc-incr i=165 repr=2 active=1625/176777 POs=2]
BMC : c =    1621  cl =   4504  lit =  176775  p =     0  d =     0  f =     2  +  T =     0.02 sec
  [bmc-prof 165] wall=  18.496 p=     2 | ifo=  0.828(sd=0.204 nx=0.000 tfo=0.077 cnt=0.546) snap= 0.316 srm=  9.399 sat=  7.751(set=0.344 slv=7.404 max=4.6158 n=2) sim= 0.000(rmp=0.000 run=0.000) chk= 0.001 stat= 0.195 rest= 0.006
  [bmc-incr i=166 repr=2 active=1623/176775 POs=2]
BMC : c =    1619  cl =   4504  lit =  176773  p =     0  d =     0  f =     2  +  T =     0.02 sec
  [bmc-prof 166] wall=  17.775 p=     2 | ifo=  0.805(sd=0.205 nx=0.000 tfo=0.080 cnt=0.521) snap= 0.283 srm=  8.688 sat=  7.745(set=0.227 slv=7.514 max=4.9650 n=2) sim= 0.000(rmp=0.000 run=0.000) chk= 0.001 stat= 0.249 rest= 0.005
  [bmc-incr i=167 repr=2 active=1621/176773 POs=2]
BMC : c =    1617  cl =   4504  lit =  176771  p =     0  d =     0  f =     2  +  T =     0.02 sec
  [bmc-prof 167] wall=  18.695 p=     2 | ifo=  0.852(sd=0.226 nx=0.000 tfo=0.091 cnt=0.535) snap= 0.316 srm=  9.782 sat=  7.470(set=0.237 slv=7.229 max=4.8993 n=2) sim= 0.000(rmp=0.000 run=0.000) chk= 0.001 stat= 0.269 rest= 0.006
  [bmc-incr i=168 repr=2 active=1619/176771 POs=2]
BMC : c =    1615  cl =   4504  lit =  176769  p =     0  d =     0  f =     2  +  T =     0.02 sec
  [bmc-prof 168] wall=  19.132 p=     2 | ifo=  0.763(sd=0.185 nx=0.000 tfo=0.078 cnt=0.499) snap= 0.316 srm=  9.642 sat=  8.201(set=0.254 slv=7.944 max=5.4921 n=2) sim= 0.000(rmp=0.000 run=0.000) chk= 0.001 stat= 0.204 rest= 0.006
  [bmc-incr i=169 repr=2 active=1617/176769 POs=2]
BMC : c =    1613  cl =   4504  lit =  176767  p =     0  d =     0  f =     2  +  T =     0.02 sec
  [bmc-prof 169] wall=  18.640 p=     2 | ifo=  0.812(sd=0.196 nx=0.000 tfo=0.077 cnt=0.539) snap= 0.315 srm=  9.804 sat=  7.501(set=0.247 slv=7.251 max=4.7870 n=2) sim= 0.000(rmp=0.000 run=0.000) chk= 0.001 stat= 0.202 rest= 0.006
  [bmc-incr i=170 repr=2 active=1615/176767 POs=2]
BMC : c =    1611  cl =   4504  lit =  176765  p =     0  d =     0  f =     2  +  T =     0.02 sec
  [bmc-prof 170] wall=  17.646 p=     2 | ifo=  0.781(sd=0.183 nx=0.000 tfo=0.092 cnt=0.506) snap= 0.427 srm=  8.795 sat=  7.436(set=0.244 slv=7.188 max=4.6828 n=2) sim= 0.000(rmp=0.000 run=0.000) chk= 0.001 stat= 0.201 rest= 0.005
  [bmc-incr i=171 repr=2 active=1613/176765 POs=2]
BMC : c =    1609  cl =   4504  lit =  176763  p =     0  d =     0  f =     2  +  T =     0.02 sec
  [bmc-prof 171] wall=  19.182 p=     2 | ifo=  0.794(sd=0.195 nx=0.000 tfo=0.079 cnt=0.520) snap= 0.333 srm= 10.057 sat=  7.775(set=0.251 slv=7.520 max=4.6731 n=2) sim= 0.000(rmp=0.000 run=0.000) chk= 0.001 stat= 0.214 rest= 0.008
  [bmc-incr i=172 repr=2 active=1611/176763 POs=2]
BMC : c =    1607  cl =   4504  lit =  176761  p =     0  d =     0  f =     2  +  T =     0.02 sec
  [bmc-prof 172] wall=  18.360 p=     2 | ifo=  0.772(sd=0.184 nx=0.000 tfo=0.077 cnt=0.511) snap= 0.297 srm=  9.199 sat=  7.881(set=0.249 slv=7.630 max=5.1494 n=2) sim= 0.000(rmp=0.000 run=0.000) chk= 0.001 stat= 0.204 rest= 0.007
  [bmc-incr i=173 repr=2 active=1609/176761 POs=2]
BMC : c =    1605  cl =   4504  lit =  176759  p =     0  d =     0  f =     2  +  T =     0.02 sec
  [bmc-prof 173] wall=  18.531 p=     2 | ifo=  0.896(sd=0.195 nx=0.000 tfo=0.078 cnt=0.622) snap= 0.370 srm=  9.643 sat=  7.414(set=0.288 slv=7.123 max=4.8134 n=2) sim= 0.000(rmp=0.000 run=0.000) chk= 0.001 stat= 0.201 rest= 0.006
  [bmc-incr i=174 repr=2 active=1607/176759 POs=2]
BMC : c =    1603  cl =   4504  lit =  176757  p =     0  d =     0  f =     2  +  T =     0.02 sec
  [bmc-prof 174] wall=  19.151 p=     2 | ifo=  0.745(sd=0.182 nx=0.000 tfo=0.076 cnt=0.487) snap= 0.381 srm=  9.936 sat=  7.876(set=0.324 slv=7.549 max=4.9843 n=2) sim= 0.000(rmp=0.000 run=0.000) chk= 0.001 stat= 0.207 rest= 0.005
  [bmc-incr i=175 repr=2 active=1605/176757 POs=2]
BMC : c =    1601  cl =   4504  lit =  176755  p =     0  d =     0  f =     2  +  T =     0.02 sec
  [bmc-prof 175] wall=  18.453 p=     2 | ifo=  0.787(sd=0.193 nx=0.000 tfo=0.080 cnt=0.514) snap= 0.306 srm=  9.716 sat=  7.392(set=0.274 slv=7.114 max=4.8898 n=2) sim= 0.000(rmp=0.000 run=0.000) chk= 0.001 stat= 0.246 rest= 0.006
  [bmc-incr i=176 repr=2 active=1603/176755 POs=2]
BMC : c =    1599  cl =   4504  lit =  176753  p =     0  d =     0  f =     2  +  T =     0.02 sec
  [bmc-prof 176] wall=  17.696 p=     2 | ifo=  0.782(sd=0.192 nx=0.000 tfo=0.078 cnt=0.512) snap= 0.366 srm=  8.869 sat=  7.482(set=0.243 slv=7.236 max=5.0873 n=2) sim= 0.000(rmp=0.000 run=0.000) chk= 0.001 stat= 0.192 rest= 0.006
  [bmc-incr i=177 repr=2 active=1601/176753 POs=2]
BMC : c =    1597  cl =   4504  lit =  176751  p =     0  d =     0  f =     2  +  T =     0.02 sec
  [bmc-prof 177] wall=  17.797 p=     2 | ifo=  0.868(sd=0.197 nx=0.000 tfo=0.075 cnt=0.595) snap= 0.293 srm=  8.858 sat=  7.499(set=0.250 slv=7.244 max=4.9532 n=2) sim= 0.000(rmp=0.000 run=0.000) chk= 0.001 stat= 0.273 rest= 0.005
  [bmc-incr i=178 repr=2 active=1599/176751 POs=2]
BMC : c =    1595  cl =   4504  lit =  176749  p =     0  d =     0  f =     2  +  T =     0.02 sec
  [bmc-prof 178] wall=  17.814 p=     2 | ifo=  0.852(sd=0.230 nx=0.000 tfo=0.086 cnt=0.537) snap= 0.294 srm=  8.733 sat=  7.718(set=0.240 slv=7.475 max=5.4931 n=2) sim= 0.000(rmp=0.000 run=0.000) chk= 0.001 stat= 0.208 rest= 0.008
  [bmc-incr i=179 repr=2 active=1597/176749 POs=2]
BMC : c =    1593  cl =   4504  lit =  176747  p =     0  d =     0  f =     2  +  T =     0.02 sec
  [bmc-prof 179] wall=  18.843 p=     2 | ifo=  0.867(sd=0.224 nx=0.000 tfo=0.076 cnt=0.566) snap= 0.295 srm= 10.392 sat=  7.021(set=0.265 slv=6.752 max=4.9613 n=2) sim= 0.000(rmp=0.000 run=0.000) chk= 0.001 stat= 0.263 rest= 0.006
  [bmc-incr i=180 repr=2 active=1595/176747 POs=2]
BMC : c =    1591  cl =   4504  lit =  176745  p =     0  d =     0  f =     2  +  T =     0.02 sec
  [bmc-prof 180] wall=  17.849 p=     2 | ifo=  0.943(sd=0.237 nx=0.000 tfo=0.092 cnt=0.614) snap= 0.308 srm=  9.525 sat=  6.873(set=0.244 slv=6.626 max=5.1297 n=2) sim= 0.000(rmp=0.000 run=0.000) chk= 0.001 stat= 0.191 rest= 0.008
  [bmc-incr i=181 repr=2 active=1593/176745 POs=2]
BMC : c =    1589  cl =   4504  lit =  176743  p =     0  d =     0  f =     2  +  T =     0.02 sec
  [bmc-prof 181] wall=  16.247 p=     2 | ifo=  0.782(sd=0.190 nx=0.000 tfo=0.078 cnt=0.515) snap= 0.290 srm=  8.590 sat=  6.390(set=0.219 slv=6.169 max=4.8680 n=2) sim= 0.000(rmp=0.000 run=0.000) chk= 0.001 stat= 0.189 rest= 0.005
  [bmc-incr i=182 repr=2 active=1591/176743 POs=2]
BMC : c =    1587  cl =   4504  lit =  176741  p =     0  d =     0  f =     2  +  T =     0.02 sec
  [bmc-prof 182] wall=  20.184 p=     2 | ifo=  0.781(sd=0.186 nx=0.000 tfo=0.080 cnt=0.515) snap= 0.394 srm= 11.662 sat=  7.138(set=0.308 slv=6.826 max=5.2051 n=2) sim= 0.000(rmp=0.000 run=0.000) chk= 0.001 stat= 0.202 rest= 0.006
  [bmc-incr i=183 repr=2 active=1589/176741 POs=2]
BMC : c =    1585  cl =   4504  lit =  176739  p =     0  d =     0  f =     2  +  T =     0.02 sec
  [bmc-prof 183] wall=  17.082 p=     2 | ifo=  0.785(sd=0.191 nx=0.000 tfo=0.075 cnt=0.519) snap= 0.310 srm=  9.214 sat=  6.569(set=0.250 slv=6.316 max=5.1287 n=2) sim= 0.000(rmp=0.000 run=0.000) chk= 0.001 stat= 0.197 rest= 0.006
  [bmc-incr i=184 repr=2 active=1587/176739 POs=2]
BMC : c =    1583  cl =   4504  lit =  176737  p =     0  d =     0  f =     2  +  T =     0.02 sec
  [bmc-prof 184] wall=  16.864 p=     2 | ifo=  0.826(sd=0.201 nx=0.000 tfo=0.073 cnt=0.553) snap= 0.299 srm=  9.612 sat=  5.920(set=0.255 slv=5.663 max=4.4753 n=2) sim= 0.000(rmp=0.000 run=0.000) chk= 0.001 stat= 0.198 rest= 0.008
  [bmc-incr i=185 repr=2 active=1585/176737 POs=2]
BMC : c =    1581  cl =   4504  lit =  176735  p =     0  d =     0  f =     2  +  T =     0.02 sec
  [bmc-prof 185] wall=  16.110 p=     2 | ifo=  0.762(sd=0.181 nx=0.000 tfo=0.086 cnt=0.495) snap= 0.366 srm=  8.844 sat=  5.940(set=0.241 slv=5.697 max=4.5695 n=2) sim= 0.000(rmp=0.000 run=0.000) chk= 0.001 stat= 0.193 rest= 0.005
  [bmc-incr i=186 repr=2 active=1583/176735 POs=2]
BMC : c =    1579  cl =   4504  lit =  176733  p =     0  d =     0  f =     2  +  T =     0.02 sec
  [bmc-prof 186] wall=  17.746 p=     2 | ifo=  0.825(sd=0.196 nx=0.000 tfo=0.075 cnt=0.554) snap= 0.326 srm=  9.932 sat=  6.451(set=0.261 slv=6.187 max=5.0603 n=2) sim= 0.000(rmp=0.000 run=0.000) chk= 0.001 stat= 0.206 rest= 0.005
  [bmc-incr i=187 repr=2 active=1581/176733 POs=2]
BMC : c =    1577  cl =   4504  lit =  176731  p =     0  d =     0  f =     2  +  T =     0.02 sec
  [bmc-prof 187] wall=  16.591 p=     2 | ifo=  0.819(sd=0.205 nx=0.000 tfo=0.078 cnt=0.537) snap= 0.290 srm=  8.925 sat=  6.355(set=0.232 slv=6.119 max=5.1990 n=2) sim= 0.000(rmp=0.000 run=0.000) chk= 0.000 stat= 0.195 rest= 0.005
  [bmc-incr i=188 repr=2 active=1579/176731 POs=2]
BMC : c =    1575  cl =   4504  lit =  176729  p =     0  d =     0  f =     2  +  T =     0.04 sec
  [bmc-prof 188] wall=  37.001 p=     2 | ifo=  0.756(sd=0.186 nx=0.000 tfo=0.076 cnt=0.493) snap= 0.397 srm=  9.654 sat= 25.972(set=0.292 slv=25.676 max=19.8810 n=2) sim= 0.000(rmp=0.000 run=0.000) chk= 0.001 stat= 0.215 rest= 0.007
  [bmc-incr i=189 repr=2 active=1577/176729 POs=2]
BMC : c =    1573  cl =   4504  lit =  176727  p =     0  d =     0  f =     2  +  T =     0.03 sec
  [bmc-prof 189] wall=  34.752 p=     2 | ifo=  0.845(sd=0.199 nx=0.000 tfo=0.078 cnt=0.568) snap= 0.341 srm=  9.208 sat= 24.144(set=0.469 slv=23.671 max=18.4597 n=2) sim= 0.000(rmp=0.000 run=0.000) chk= 0.001 stat= 0.208 rest= 0.006
  [bmc-incr i=190 repr=2 active=1575/176727 POs=2]
BMC : c =    1571  cl =   4504  lit =  176725  p =     0  d =     0  f =     2  +  T =     0.04 sec
  [bmc-prof 190] wall=  36.583 p=     2 | ifo=  0.748(sd=0.186 nx=0.000 tfo=0.074 cnt=0.488) snap= 0.362 srm= 10.216 sat= 25.039(set=0.278 slv=24.756 max=19.5062 n=2) sim= 0.000(rmp=0.000 run=0.000) chk= 0.001 stat= 0.211 rest= 0.007
  [bmc-incr i=191 repr=2 active=1573/176725 POs=2]
BMC : c =    1570  cl =   4503  lit =  176723  p =     0  d =     1  f =     1  +  T =     0.07 sec
  [bmc-prof 191] wall=  71.594 p=     2 | ifo=  0.753(sd=0.187 nx=0.000 tfo=0.076 cnt=0.490) snap= 0.397 srm=  9.752 sat= 44.849(set=0.328 slv=44.514 max=39.6886 n=2) sim=15.630(rmp=0.555 run=15.073) chk= 0.000 stat= 0.205 rest= 0.008
  [bmc-incr i=192 repr=2 active=1571/176723 POs=1]
BMC : c =    1569  cl =   4503  lit =  176722  p =     0  d =     0  f =     1  +  T =     0.02 sec
  [bmc-prof 192] wall=  16.255 p=     1 | ifo=  0.861(sd=0.196 nx=0.000 tfo=0.083 cnt=0.582) snap= 0.330 srm=  9.826 sat=  5.019(set=0.201 slv=4.815 max=4.8152 n=1) sim= 0.000(rmp=0.000 run=0.000) chk= 0.001 stat= 0.212 rest= 0.007
  [bmc-incr i=193 repr=1 active=1570/176722 POs=1]
BMC : c =    1568  cl =   4503  lit =  176721  p =     0  d =     0  f =     1  +  T =     0.01 sec
  [bmc-prof 193] wall=  15.091 p=     1 | ifo=  0.752(sd=0.181 nx=0.000 tfo=0.074 cnt=0.497) snap= 0.295 srm=  8.817 sat=  5.024(set=0.200 slv=4.821 max=4.8209 n=1) sim= 0.000(rmp=0.000 run=0.000) chk= 0.000 stat= 0.197 rest= 0.006
  [bmc-incr i=194 repr=1 active=1569/176721 POs=1]
BMC : c =    1567  cl =   4503  lit =  176720  p =     0  d =     0  f =     1  +  T =     0.02 sec
  [bmc-prof 194] wall=  17.205 p=     1 | ifo=  0.754(sd=0.176 nx=0.000 tfo=0.088 cnt=0.491) snap= 0.329 srm= 10.648 sat=  5.280(set=0.222 slv=5.056 max=5.0561 n=1) sim= 0.000(rmp=0.000 run=0.000) chk= 0.001 stat= 0.186 rest= 0.007
  [bmc-incr i=195 repr=1 active=1568/176720 POs=1]
BMC : c =    1566  cl =   4503  lit =  176719  p =     0  d =     0  f =     1  +  T =     0.01 sec
  [bmc-prof 195] wall=  14.692 p=     1 | ifo=  0.751(sd=0.180 nx=0.000 tfo=0.077 cnt=0.494) snap= 0.346 srm=  8.219 sat=  5.181(set=0.186 slv=4.992 max=4.9917 n=1) sim= 0.000(rmp=0.000 run=0.000) chk= 0.000 stat= 0.190 rest= 0.004
  [bmc-incr i=196 repr=1 active=1567/176719 POs=1]
BMC : c =    1565  cl =   4503  lit =  176718  p =     0  d =     0  f =     1  +  T =     0.02 sec
  [bmc-prof 196] wall=  15.305 p=     1 | ifo=  0.928(sd=0.197 nx=0.000 tfo=0.076 cnt=0.655) snap= 0.292 srm=  8.338 sat=  5.499(set=0.178 slv=5.318 max=5.3184 n=1) sim= 0.000(rmp=0.000 run=0.000) chk= 0.000 stat= 0.243 rest= 0.005
  [bmc-incr i=197 repr=1 active=1566/176718 POs=1]
BMC : c =    1564  cl =   4503  lit =  176717  p =     0  d =     0  f =     1  +  T =     0.01 sec
  [bmc-prof 197] wall=  14.777 p=     1 | ifo=  0.897(sd=0.238 nx=0.000 tfo=0.082 cnt=0.577) snap= 0.293 srm=  8.576 sat=  4.814(set=0.204 slv=4.607 max=4.6074 n=1) sim= 0.000(rmp=0.000 run=0.000) chk= 0.001 stat= 0.189 rest= 0.007
  [bmc-incr i=198 repr=1 active=1565/176717 POs=1]
BMC : c =    1563  cl =   4503  lit =  176716  p =     0  d =     0  f =     1  +  T =     0.02 sec
  [bmc-prof 198] wall=  15.219 p=     1 | ifo=  0.778(sd=0.183 nx=0.000 tfo=0.073 cnt=0.522) snap= 0.307 srm=  8.629 sat=  5.293(set=0.184 slv=5.107 max=5.1073 n=1) sim= 0.000(rmp=0.000 run=0.000) chk= 0.001 stat= 0.203 rest= 0.008
  [bmc-incr i=199 repr=1 active=1564/176716 POs=1]
BMC : c =    1562  cl =   4503  lit =  176715  p =     0  d =     0  f =     1  +  T =     0.02 sec
  [bmc-prof 199] wall=  16.699 p=     1 | ifo=  0.775(sd=0.194 nx=0.000 tfo=0.077 cnt=0.504) snap= 0.313 srm= 10.060 sat=  5.337(set=0.202 slv=5.131 max=5.1313 n=1) sim= 0.000(rmp=0.000 run=0.000) chk= 0.000 stat= 0.207 rest= 0.006
  [bmc-incr i=200 repr=1 active=1563/176715 POs=1]
BMC : c =    1561  cl =   4503  lit =  176714  p =     0  d =     0  f =     1  +  T =     0.02 sec
  [bmc-prof 200] wall=  15.895 p=     1 | ifo=  0.853(sd=0.229 nx=0.000 tfo=0.086 cnt=0.538) snap= 0.306 srm=  8.527 sat=  6.002(set=0.193 slv=5.806 max=5.8056 n=1) sim= 0.000(rmp=0.000 run=0.000) chk= 0.001 stat= 0.202 rest= 0.005
  [bmc-incr i=201 repr=1 active=1562/176714 POs=1]
BMC : c =    1560  cl =   4503  lit =  176713  p =     0  d =     0  f =     1  +  T =     0.02 sec
  [bmc-prof 201] wall=  17.590 p=     1 | ifo=  0.811(sd=0.192 nx=0.000 tfo=0.075 cnt=0.545) snap= 0.481 srm= 10.009 sat=  6.064(set=0.298 slv=5.762 max=5.7619 n=1) sim= 0.000(rmp=0.000 run=0.000) chk= 0.001 stat= 0.218 rest= 0.007
  [bmc-incr i=202 repr=1 active=1561/176713 POs=1]
BMC : c =    1559  cl =   4503  lit =  176712  p =     0  d =     0  f =     1  +  T =     0.02 sec
  [bmc-prof 202] wall=  16.068 p=     1 | ifo=  1.014(sd=0.196 nx=0.000 tfo=0.073 cnt=0.745) snap= 0.444 srm=  9.064 sat=  5.345(set=0.230 slv=5.112 max=5.1117 n=1) sim= 0.000(rmp=0.000 run=0.000) chk= 0.000 stat= 0.195 rest= 0.006
  [bmc-incr i=203 repr=1 active=1560/176712 POs=1]
BMC : c =    1558  cl =   4503  lit =  176711  p =     0  d =     0  f =     1  +  T =     0.02 sec
  [bmc-prof 203] wall=  17.162 p=     1 | ifo=  0.770(sd=0.184 nx=0.000 tfo=0.076 cnt=0.511) snap= 0.319 srm=  9.847 sat=  6.003(set=0.189 slv=5.811 max=5.8110 n=1) sim= 0.000(rmp=0.000 run=0.000) chk= 0.001 stat= 0.217 rest= 0.005
  [bmc-incr i=204 repr=1 active=1559/176711 POs=1]
BMC : c =    1557  cl =   4503  lit =  176710  p =     0  d =     0  f =     1  +  T =     0.02 sec
  [bmc-prof 204] wall=  15.726 p=     1 | ifo=  0.779(sd=0.191 nx=0.000 tfo=0.073 cnt=0.514) snap= 0.301 srm=  8.451 sat=  5.795(set=0.187 slv=5.605 max=5.6048 n=1) sim= 0.000(rmp=0.000 run=0.000) chk= 0.001 stat= 0.393 rest= 0.006
  [bmc-incr i=205 repr=1 active=1558/176710 POs=1]
BMC : c =    1556  cl =   4503  lit =  176709  p =     0  d =     0  f =     1  +  T =     0.02 sec
  [bmc-prof 205] wall=  15.867 p=     1 | ifo=  0.826(sd=0.220 nx=0.000 tfo=0.075 cnt=0.531) snap= 0.440 srm=  9.281 sat=  5.107(set=0.238 slv=4.866 max=4.8659 n=1) sim= 0.000(rmp=0.000 run=0.000) chk= 0.001 stat= 0.206 rest= 0.006
  [bmc-incr i=206 repr=1 active=1557/176709 POs=1]
BMC : c =    1555  cl =   4503  lit =  176708  p =     0  d =     0  f =     1  +  T =     0.02 sec
  [bmc-prof 206] wall=  16.010 p=     1 | ifo=  0.786(sd=0.194 nx=0.000 tfo=0.075 cnt=0.516) snap= 0.283 srm=  8.835 sat=  5.915(set=0.202 slv=5.709 max=5.7094 n=1) sim= 0.000(rmp=0.000 run=0.000) chk= 0.000 stat= 0.186 rest= 0.005
  [bmc-incr i=207 repr=1 active=1556/176708 POs=1]
BMC : c =    1554  cl =   4503  lit =  176707  p =     0  d =     0  f =     1  +  T =     0.01 sec
  [bmc-prof 207] wall=  14.649 p=     1 | ifo=  0.745(sd=0.180 nx=0.000 tfo=0.076 cnt=0.489) snap= 0.298 srm=  8.019 sat=  5.341(set=0.185 slv=5.152 max=5.1525 n=1) sim= 0.000(rmp=0.000 run=0.000) chk= 0.001 stat= 0.240 rest= 0.005
  [bmc-incr i=208 repr=1 active=1555/176707 POs=1]
BMC : c =    1553  cl =   4503  lit =  176706  p =     0  d =     0  f =     1  +  T =     0.02 sec
  [bmc-prof 208] wall=  15.268 p=     1 | ifo=  0.796(sd=0.194 nx=0.000 tfo=0.096 cnt=0.507) snap= 0.291 srm=  8.821 sat=  5.143(set=0.202 slv=4.939 max=4.9388 n=1) sim= 0.000(rmp=0.000 run=0.000) chk= 0.001 stat= 0.208 rest= 0.007
  [bmc-incr i=209 repr=1 active=1554/176706 POs=1]
BMC : c =    1552  cl =   4503  lit =  176705  p =     0  d =     0  f =     1  +  T =     0.02 sec
  [bmc-prof 209] wall=  17.386 p=     1 | ifo=  0.764(sd=0.188 nx=0.000 tfo=0.080 cnt=0.496) snap= 0.352 srm= 10.089 sat=  5.954(set=0.218 slv=5.731 max=5.7313 n=1) sim= 0.000(rmp=0.000 run=0.000) chk= 0.001 stat= 0.216 rest= 0.010
  [bmc-incr i=210 repr=1 active=1553/176705 POs=1]
BMC : c =    1551  cl =   4503  lit =  176704  p =     0  d =     0  f =     1  +  T =     0.01 sec
  [bmc-prof 210] wall=  15.149 p=     1 | ifo=  0.833(sd=0.191 nx=0.000 tfo=0.091 cnt=0.550) snap= 0.314 srm=  8.884 sat=  4.919(set=0.202 slv=4.714 max=4.7143 n=1) sim= 0.000(rmp=0.000 run=0.000) chk= 0.000 stat= 0.193 rest= 0.005
  [bmc-incr i=211 repr=1 active=1552/176704 POs=1]
BMC : c =    1550  cl =   4503  lit =  176703  p =     0  d =     0  f =     1  +  T =     0.01 sec
  [bmc-prof 211] wall=  14.578 p=     1 | ifo=  0.791(sd=0.212 nx=0.000 tfo=0.074 cnt=0.505) snap= 0.312 srm=  8.389 sat=  4.891(set=0.184 slv=4.705 max=4.7045 n=1) sim= 0.000(rmp=0.000 run=0.000) chk= 0.000 stat= 0.190 rest= 0.004
  [bmc-incr i=212 repr=1 active=1551/176703 POs=1]
BMC : c =    1549  cl =   4503  lit =  176702  p =     0  d =     0  f =     1  +  T =     0.01 sec
  [bmc-prof 212] wall=  14.500 p=     1 | ifo=  0.767(sd=0.181 nx=0.000 tfo=0.070 cnt=0.516) snap= 0.333 srm=  8.507 sat=  4.701(set=0.188 slv=4.510 max=4.5103 n=1) sim= 0.000(rmp=0.000 run=0.000) chk= 0.000 stat= 0.187 rest= 0.004
  [bmc-incr i=213 repr=1 active=1550/176702 POs=1]
BMC : c =    1548  cl =   4503  lit =  176701  p =     0  d =     0  f =     1  +  T =     0.01 sec
  [bmc-prof 213] wall=  14.486 p=     1 | ifo=  0.738(sd=0.179 nx=0.000 tfo=0.074 cnt=0.486) snap= 0.304 srm=  8.268 sat=  4.971(set=0.187 slv=4.782 max=4.7820 n=1) sim= 0.000(rmp=0.000 run=0.000) chk= 0.000 stat= 0.201 rest= 0.004
  [bmc-incr i=214 repr=1 active=1549/176701 POs=1]
BMC : c =    1547  cl =   4503  lit =  176700  p =     0  d =     0  f =     1  +  T =     0.01 sec
  [bmc-prof 214] wall=  14.475 p=     1 | ifo=  0.808(sd=0.185 nx=0.000 tfo=0.074 cnt=0.549) snap= 0.286 srm=  8.298 sat=  4.865(set=0.194 slv=4.668 max=4.6682 n=1) sim= 0.000(rmp=0.000 run=0.000) chk= 0.001 stat= 0.211 rest= 0.006
  [bmc-incr i=215 repr=1 active=1548/176700 POs=1]
BMC : c =    1546  cl =   4503  lit =  176699  p =     0  d =     0  f =     1  +  T =     0.01 sec
  [bmc-prof 215] wall=  14.537 p=     1 | ifo=  0.781(sd=0.192 nx=0.000 tfo=0.075 cnt=0.513) snap= 0.293 srm=  8.491 sat=  4.772(set=0.198 slv=4.570 max=4.5704 n=1) sim= 0.000(rmp=0.000 run=0.000) chk= 0.001 stat= 0.195 rest= 0.004
  [bmc-incr i=216 repr=1 active=1547/176699 POs=1]
BMC : c =    1545  cl =   4503  lit =  176698  p =     0  d =     0  f =     1  +  T =     0.02 sec
  [bmc-prof 216] wall=  16.201 p=     1 | ifo=  0.814(sd=0.192 nx=0.000 tfo=0.074 cnt=0.549) snap= 0.292 srm=  8.793 sat=  6.087(set=0.191 slv=5.894 max=5.8938 n=1) sim= 0.000(rmp=0.000 run=0.000) chk= 0.000 stat= 0.207 rest= 0.007
  [bmc-incr i=217 repr=1 active=1546/176698 POs=1]
BMC : c =    1544  cl =   4503  lit =  176697  p =     0  d =     0  f =     1  +  T =     0.02 sec
  [bmc-prof 217] wall=  15.837 p=     1 | ifo=  0.836(sd=0.204 nx=0.000 tfo=0.077 cnt=0.555) snap= 0.315 srm=  9.262 sat=  5.224(set=0.215 slv=5.007 max=5.0066 n=1) sim= 0.000(rmp=0.000 run=0.000) chk= 0.001 stat= 0.191 rest= 0.007
  [bmc-incr i=218 repr=1 active=1545/176697 POs=1]
BMC : c =    1543  cl =   4503  lit =  176696  p =     0  d =     0  f =     1  +  T =     0.02 sec
  [bmc-prof 218] wall=  15.309 p=     1 | ifo=  0.814(sd=0.199 nx=0.000 tfo=0.075 cnt=0.541) snap= 0.294 srm=  8.398 sat=  5.601(set=0.209 slv=5.388 max=5.3884 n=1) sim= 0.000(rmp=0.000 run=0.000) chk= 0.001 stat= 0.197 rest= 0.004
  [bmc-incr i=219 repr=1 active=1544/176696 POs=1]
BMC : c =    1542  cl =   4503  lit =  176695  p =     0  d =     0  f =     1  +  T =     0.02 sec
  [bmc-prof 219] wall=  18.420 p=     1 | ifo=  0.763(sd=0.185 nx=0.000 tfo=0.072 cnt=0.506) snap= 0.363 srm= 10.636 sat=  6.431(set=0.225 slv=6.204 max=6.2037 n=1) sim= 0.000(rmp=0.000 run=0.000) chk= 0.001 stat= 0.219 rest= 0.006
  [bmc-incr i=220 repr=1 active=1543/176695 POs=1]
BMC : c =    1541  cl =   4503  lit =  176694  p =     0  d =     0  f =     1  +  T =     0.02 sec
  [bmc-prof 220] wall=  16.110 p=     1 | ifo=  0.859(sd=0.206 nx=0.000 tfo=0.078 cnt=0.574) snap= 0.308 srm=  9.316 sat=  5.427(set=0.188 slv=5.237 max=5.2371 n=1) sim= 0.000(rmp=0.000 run=0.000) chk= 0.001 stat= 0.196 rest= 0.005
  [bmc-incr i=221 repr=1 active=1542/176694 POs=1]
BMC : c =    1540  cl =   4503  lit =  176693  p =     0  d =     0  f =     1  +  T =     0.02 sec
  [bmc-prof 221] wall=  15.708 p=     1 | ifo=  0.830(sd=0.192 nx=0.000 tfo=0.091 cnt=0.546) snap= 0.312 srm=  8.603 sat=  5.709(set=0.191 slv=5.516 max=5.5156 n=1) sim= 0.000(rmp=0.000 run=0.000) chk= 0.000 stat= 0.247 rest= 0.006
  [bmc-incr i=222 repr=1 active=1541/176693 POs=1]
BMC : c =    1539  cl =   4503  lit =  176692  p =     0  d =     0  f =     1  +  T =     0.02 sec
  [bmc-prof 222] wall=  15.600 p=     1 | ifo=  0.901(sd=0.249 nx=0.000 tfo=0.084 cnt=0.567) snap= 0.312 srm=  8.506 sat=  5.665(set=0.189 slv=5.467 max=5.4674 n=1) sim= 0.000(rmp=0.000 run=0.000) chk= 0.000 stat= 0.209 rest= 0.005
  [bmc-incr i=223 repr=1 active=1540/176692 POs=1]
BMC : c =    1538  cl =   4503  lit =  176691  p =     0  d =     0  f =     1  +  T =     0.02 sec
  [bmc-prof 223] wall=  15.746 p=     1 | ifo=  0.870(sd=0.201 nx=0.000 tfo=0.089 cnt=0.580) snap= 0.294 srm=  9.181 sat=  5.202(set=0.178 slv=5.022 max=5.0216 n=1) sim= 0.000(rmp=0.000 run=0.000) chk= 0.001 stat= 0.193 rest= 0.006
  [bmc-incr i=224 repr=1 active=1539/176691 POs=1]
BMC : c =    1537  cl =   4503  lit =  176690  p =     0  d =     0  f =     1  +  T =     0.02 sec
  [bmc-prof 224] wall=  17.813 p=     1 | ifo=  0.757(sd=0.183 nx=0.000 tfo=0.072 cnt=0.502) snap= 0.354 srm= 10.696 sat=  5.793(set=0.209 slv=5.581 max=5.5809 n=1) sim= 0.000(rmp=0.000 run=0.000) chk= 0.000 stat= 0.207 rest= 0.005
  [bmc-incr i=225 repr=1 active=1538/176690 POs=1]
BMC : c =    1536  cl =   4503  lit =  176689  p =     0  d =     0  f =     1  +  T =     0.02 sec
  [bmc-prof 225] wall=  16.102 p=     1 | ifo=  0.837(sd=0.214 nx=0.000 tfo=0.076 cnt=0.547) snap= 0.313 srm=  9.358 sat=  5.367(set=0.189 slv=5.176 max=5.1758 n=1) sim= 0.000(rmp=0.000 run=0.000) chk= 0.001 stat= 0.221 rest= 0.006
  [bmc-incr i=226 repr=1 active=1537/176689 POs=1]
BMC : c =    1535  cl =   4503  lit =  176688  p =     0  d =     0  f =     1  +  T =     0.02 sec
  [bmc-prof 226] wall=  15.847 p=     1 | ifo=  0.767(sd=0.190 nx=0.000 tfo=0.077 cnt=0.500) snap= 0.337 srm=  9.443 sat=  5.084(set=0.190 slv=4.891 max=4.8910 n=1) sim= 0.000(rmp=0.000 run=0.000) chk= 0.000 stat= 0.208 rest= 0.008
  [bmc-incr i=227 repr=1 active=1536/176688 POs=1]
BMC : c =    1534  cl =   4503  lit =  176687  p =     0  d =     0  f =     1  +  T =     0.01 sec
  [bmc-prof 227] wall=  14.592 p=     1 | ifo=  0.770(sd=0.181 nx=0.000 tfo=0.075 cnt=0.514) snap= 0.301 srm=  8.331 sat=  4.992(set=0.179 slv=4.809 max=4.8087 n=1) sim= 0.000(rmp=0.000 run=0.000) chk= 0.000 stat= 0.194 rest= 0.004
  [bmc-incr i=228 repr=1 active=1535/176687 POs=1]
BMC : c =    1533  cl =   4503  lit =  176686  p =     0  d =     0  f =     1  +  T =     0.01 sec
  [bmc-prof 228] wall=  15.040 p=     1 | ifo=  0.768(sd=0.182 nx=0.000 tfo=0.069 cnt=0.517) snap= 0.344 srm=  8.493 sat=  5.237(set=0.185 slv=5.049 max=5.0493 n=1) sim= 0.000(rmp=0.000 run=0.000) chk= 0.000 stat= 0.192 rest= 0.006
  [bmc-incr i=229 repr=1 active=1534/176686 POs=1]
BMC : c =    1532  cl =   4503  lit =  176685  p =     0  d =     0  f =     1  +  T =     0.01 sec
  [bmc-prof 229] wall=  15.190 p=     1 | ifo=  0.793(sd=0.188 nx=0.000 tfo=0.090 cnt=0.515) snap= 0.291 srm=  8.625 sat=  5.284(set=0.180 slv=5.101 max=5.1011 n=1) sim= 0.000(rmp=0.000 run=0.000) chk= 0.000 stat= 0.190 rest= 0.008
  [bmc-incr i=230 repr=1 active=1533/176685 POs=1]
BMC : c =    1531  cl =   4503  lit =  176684  p =     0  d =     0  f =     1  +  T =     0.02 sec
  [bmc-prof 230] wall=  15.551 p=     1 | ifo=  0.786(sd=0.202 nx=0.000 tfo=0.073 cnt=0.511) snap= 0.356 srm=  8.866 sat=  5.351(set=0.237 slv=5.111 max=5.1112 n=1) sim= 0.000(rmp=0.000 run=0.000) chk= 0.000 stat= 0.187 rest= 0.005
  [bmc-incr i=231 repr=1 active=1532/176684 POs=1]
BMC : c =    1530  cl =   4503  lit =  176683  p =     0  d =     0  f =     1  +  T =     0.02 sec
  [bmc-prof 231] wall=  18.060 p=     1 | ifo=  0.761(sd=0.184 nx=0.000 tfo=0.072 cnt=0.505) snap= 0.347 srm=  9.971 sat=  6.687(set=0.203 slv=6.481 max=6.4807 n=1) sim= 0.000(rmp=0.000 run=0.000) chk= 0.001 stat= 0.288 rest= 0.006
  [bmc-incr i=232 repr=1 active=1531/176683 POs=1]
BMC : c =    1529  cl =   4503  lit =  176682  p =     0  d =     0  f =     1  +  T =     0.02 sec
  [bmc-prof 232] wall=  16.051 p=     1 | ifo=  0.821(sd=0.200 nx=0.000 tfo=0.078 cnt=0.543) snap= 0.311 srm=  9.139 sat=  5.518(set=0.195 slv=5.320 max=5.3197 n=1) sim= 0.000(rmp=0.000 run=0.000) chk= 0.000 stat= 0.257 rest= 0.005
  [bmc-incr i=233 repr=1 active=1530/176682 POs=1]
BMC : c =    1528  cl =   4503  lit =  176681  p =     0  d =     0  f =     1  +  T =     0.02 sec
  [bmc-prof 233] wall=  16.112 p=     1 | ifo=  1.088(sd=0.245 nx=0.000 tfo=0.264 cnt=0.579) snap= 0.401 srm=  8.719 sat=  5.697(set=0.236 slv=5.458 max=5.4581 n=1) sim= 0.000(rmp=0.000 run=0.000) chk= 0.000 stat= 0.200 rest= 0.006
  [bmc-incr i=234 repr=1 active=1529/176681 POs=1]
BMC : c =    1527  cl =   4503  lit =  176680  p =     0  d =     0  f =     1  +  T =     0.02 sec
  [bmc-prof 234] wall=  16.679 p=     1 | ifo=  0.795(sd=0.192 nx=0.000 tfo=0.069 cnt=0.534) snap= 0.426 srm=  9.563 sat=  5.694(set=0.236 slv=5.455 max=5.4549 n=1) sim= 0.000(rmp=0.000 run=0.000) chk= 0.000 stat= 0.195 rest= 0.005
  [bmc-incr i=235 repr=1 active=1528/176680 POs=1]
BMC : c =    1526  cl =   4503  lit =  176679  p =     0  d =     0  f =     1  +  T =     0.01 sec
  [bmc-prof 235] wall=  14.764 p=     1 | ifo=  0.796(sd=0.212 nx=0.000 tfo=0.074 cnt=0.510) snap= 0.317 srm=  8.424 sat=  5.035(set=0.181 slv=4.851 max=4.8515 n=1) sim= 0.000(rmp=0.000 run=0.000) chk= 0.001 stat= 0.186 rest= 0.004
  [bmc-incr i=236 repr=1 active=1527/176679 POs=1]
BMC : c =    1525  cl =   4503  lit =  176678  p =     0  d =     0  f =     1  +  T =     0.02 sec
  [bmc-prof 236] wall=  16.518 p=     1 | ifo=  0.745(sd=0.186 nx=0.000 tfo=0.074 cnt=0.485) snap= 0.315 srm=  8.221 sat=  7.007(set=0.190 slv=6.814 max=6.8143 n=1) sim= 0.000(rmp=0.000 run=0.000) chk= 0.001 stat= 0.222 rest= 0.007
  [bmc-incr i=237 repr=1 active=1526/176678 POs=1]
BMC : c =    1524  cl =   4503  lit =  176677  p =     0  d =     0  f =     1  +  T =     0.02 sec
  [bmc-prof 237] wall=  17.541 p=     1 | ifo=  0.893(sd=0.213 nx=0.000 tfo=0.072 cnt=0.608) snap= 0.315 srm= 10.368 sat=  5.736(set=0.208 slv=5.525 max=5.5245 n=1) sim= 0.000(rmp=0.000 run=0.000) chk= 0.001 stat= 0.222 rest= 0.007
  [bmc-incr i=238 repr=1 active=1525/176677 POs=1]
BMC : c =    1523  cl =   4503  lit =  176676  p =     0  d =     0  f =     1  +  T =     0.02 sec
  [bmc-prof 238] wall=  16.154 p=     1 | ifo=  0.795(sd=0.192 nx=0.000 tfo=0.072 cnt=0.530) snap= 0.314 srm=  8.756 sat=  6.080(set=0.195 slv=5.883 max=5.8827 n=1) sim= 0.000(rmp=0.000 run=0.000) chk= 0.001 stat= 0.204 rest= 0.005
  [bmc-incr i=239 repr=1 active=1524/176676 POs=1]
BMC : c =    1522  cl =   4503  lit =  176675  p =     0  d =     0  f =     1  +  T =     0.02 sec
  [bmc-prof 239] wall=  15.981 p=     1 | ifo=  0.837(sd=0.200 nx=0.000 tfo=0.085 cnt=0.553) snap= 0.300 srm=  9.576 sat=  5.040(set=0.179 slv=4.859 max=4.8592 n=1) sim= 0.000(rmp=0.000 run=0.000) chk= 0.001 stat= 0.220 rest= 0.007
  [bmc-incr i=240 repr=1 active=1523/176675 POs=1]
BMC : c =    1521  cl =   4503  lit =  176674  p =     0  d =     0  f =     1  +  T =     0.02 sec
  [bmc-prof 240] wall=  16.216 p=     1 | ifo=  0.818(sd=0.200 nx=0.000 tfo=0.077 cnt=0.540) snap= 0.329 srm=  8.768 sat=  5.742(set=0.198 slv=5.541 max=5.5413 n=1) sim= 0.000(rmp=0.000 run=0.000) chk= 0.001 stat= 0.551 rest= 0.008
  [bmc-incr i=241 repr=1 active=1522/176674 POs=1]
BMC : c =    1520  cl =   4503  lit =  176673  p =     0  d =     0  f =     1  +  T =     0.02 sec
  [bmc-prof 241] wall=  16.316 p=     1 | ifo=  0.823(sd=0.199 nx=0.000 tfo=0.071 cnt=0.552) snap= 0.311 srm=  9.213 sat=  5.770(set=0.193 slv=5.575 max=5.5748 n=1) sim= 0.000(rmp=0.000 run=0.000) chk= 0.001 stat= 0.192 rest= 0.007
  [bmc-incr i=242 repr=1 active=1521/176673 POs=1]
BMC : c =    1519  cl =   4503  lit =  176672  p =     0  d =     0  f =     1  +  T =     0.01 sec
  [bmc-prof 242] wall=  15.007 p=     1 | ifo=  0.790(sd=0.183 nx=0.000 tfo=0.095 cnt=0.512) snap= 0.292 srm=  8.369 sat=  5.353(set=0.178 slv=5.173 max=5.1733 n=1) sim= 0.000(rmp=0.000 run=0.000) chk= 0.001 stat= 0.195 rest= 0.008
  [bmc-incr i=243 repr=1 active=1520/176672 POs=1]
BMC : c =    1518  cl =   4503  lit =  176671  p =     0  d =     0  f =     1  +  T =     0.02 sec
  [bmc-prof 243] wall=  15.852 p=     1 | ifo=  0.812(sd=0.193 nx=0.000 tfo=0.071 cnt=0.548) snap= 0.345 srm=  9.273 sat=  5.210(set=0.192 slv=5.016 max=5.0159 n=1) sim= 0.000(rmp=0.000 run=0.000) chk= 0.001 stat= 0.204 rest= 0.008
  [bmc-incr i=244 repr=1 active=1519/176671 POs=1]
BMC : c =    1517  cl =   4503  lit =  176670  p =     0  d =     0  f =     1  +  T =     0.01 sec
  [bmc-prof 244] wall=  15.014 p=     1 | ifo=  0.777(sd=0.188 nx=0.000 tfo=0.073 cnt=0.516) snap= 0.291 srm=  8.853 sat=  4.900(set=0.173 slv=4.724 max=4.7243 n=1) sim= 0.000(rmp=0.000 run=0.000) chk= 0.001 stat= 0.188 rest= 0.005
  [bmc-incr i=245 repr=1 active=1518/176670 POs=1]
BMC : c =    1516  cl =   4503  lit =  176669  p =     0  d =     0  f =     1  +  T =     0.02 sec
  [bmc-prof 245] wall=  16.456 p=     1 | ifo=  0.759(sd=0.184 nx=0.000 tfo=0.073 cnt=0.502) snap= 0.348 srm=  9.413 sat=  5.720(set=0.224 slv=5.493 max=5.4933 n=1) sim= 0.000(rmp=0.000 run=0.000) chk= 0.001 stat= 0.210 rest= 0.005
  [bmc-incr i=246 repr=1 active=1517/176669 POs=1]
BMC : c =    1515  cl =   4503  lit =  176668  p =     0  d =     0  f =     1  +  T =     0.02 sec
  [bmc-prof 246] wall=  15.986 p=     1 | ifo=  0.829(sd=0.192 nx=0.000 tfo=0.073 cnt=0.565) snap= 0.308 srm=  8.434 sat=  6.211(set=0.184 slv=6.025 max=6.0245 n=1) sim= 0.000(rmp=0.000 run=0.000) chk= 0.001 stat= 0.197 rest= 0.005
  [bmc-incr i=247 repr=1 active=1516/176668 POs=1]
BMC : c =    1514  cl =   4503  lit =  176667  p =     0  d =     0  f =     1  +  T =     0.02 sec
  [bmc-prof 247] wall=  15.960 p=     1 | ifo=  0.798(sd=0.191 nx=0.000 tfo=0.073 cnt=0.534) snap= 0.400 srm=  8.951 sat=  5.507(set=0.198 slv=5.306 max=5.3058 n=1) sim= 0.000(rmp=0.000 run=0.000) chk= 0.000 stat= 0.298 rest= 0.006
  [bmc-incr i=248 repr=1 active=1515/176667 POs=1]
BMC : c =    1513  cl =   4503  lit =  176666  p =     0  d =     0  f =     1  +  T =     0.02 sec
  [bmc-prof 248] wall=  15.484 p=     1 | ifo=  0.948(sd=0.182 nx=0.000 tfo=0.221 cnt=0.544) snap= 0.353 srm=  8.684 sat=  5.300(set=0.210 slv=5.087 max=5.0871 n=1) sim= 0.000(rmp=0.000 run=0.000) chk= 0.000 stat= 0.194 rest= 0.005
  [bmc-incr i=249 repr=1 active=1514/176666 POs=1]
BMC : c =    1512  cl =   4503  lit =  176665  p =     0  d =     0  f =     1  +  T =     0.02 sec
  [bmc-prof 249] wall=  15.574 p=     1 | ifo=  0.783(sd=0.182 nx=0.000 tfo=0.073 cnt=0.528) snap= 0.308 srm=  8.904 sat=  5.379(set=0.194 slv=5.182 max=5.1818 n=1) sim= 0.000(rmp=0.000 run=0.000) chk= 0.000 stat= 0.194 rest= 0.006
  [bmc-incr i=250 repr=1 active=1513/176665 POs=1]
BMC : c =    1511  cl =   4503  lit =  176664  p =     0  d =     0  f =     1  +  T =     0.01 sec
  [bmc-prof 250] wall=  15.097 p=     1 | ifo=  0.748(sd=0.184 nx=0.000 tfo=0.070 cnt=0.493) snap= 0.316 srm=  8.107 sat=  5.670(set=0.191 slv=5.477 max=5.4767 n=1) sim= 0.000(rmp=0.000 run=0.000) chk= 0.000 stat= 0.217 rest= 0.039
  [bmc-incr i=251 repr=1 active=1512/176664 POs=1]
BMC : c =    1510  cl =   4503  lit =  176663  p =     0  d =     0  f =     1  +  T =     0.02 sec
  [bmc-prof 251] wall=  16.376 p=     1 | ifo=  0.896(sd=0.254 nx=0.000 tfo=0.071 cnt=0.572) snap= 0.313 srm=  8.880 sat=  6.009(set=0.188 slv=5.818 max=5.8179 n=1) sim= 0.000(rmp=0.000 run=0.000) chk= 0.000 stat= 0.271 rest= 0.005
  [bmc-incr i=252 repr=1 active=1511/176663 POs=1]
BMC : c =    1509  cl =   4503  lit =  176662  p =     0  d =     0  f =     1  +  T =     0.02 sec
  [bmc-prof 252] wall=  16.005 p=     1 | ifo=  0.755(sd=0.190 nx=0.000 tfo=0.073 cnt=0.492) snap= 0.317 srm=  8.458 sat=  6.252(set=0.194 slv=6.054 max=6.0539 n=1) sim= 0.000(rmp=0.000 run=0.000) chk= 0.001 stat= 0.217 rest= 0.005
  [bmc-incr i=253 repr=1 active=1510/176662 POs=1]
BMC : c =    1508  cl =   4503  lit =  176661  p =     0  d =     0  f =     1  +  T =     0.02 sec
  [bmc-prof 253] wall=  15.436 p=     1 | ifo=  0.983(sd=0.208 nx=0.000 tfo=0.162 cnt=0.614) snap= 0.295 srm=  8.750 sat=  5.207(set=0.198 slv=5.007 max=5.0070 n=1) sim= 0.000(rmp=0.000 run=0.000) chk= 0.001 stat= 0.196 rest= 0.005
  [bmc-incr i=254 repr=1 active=1509/176661 POs=1]
BMC : c =    1507  cl =   4503  lit =  176660  p =     0  d =     0  f =     1  +  T =     0.02 sec
  [bmc-prof 254] wall=  15.378 p=     1 | ifo=  0.789(sd=0.184 nx=0.000 tfo=0.093 cnt=0.511) snap= 0.293 srm=  8.726 sat=  5.367(set=0.253 slv=5.112 max=5.1117 n=1) sim= 0.000(rmp=0.000 run=0.000) chk= 0.001 stat= 0.197 rest= 0.006
  [bmc-incr i=255 repr=1 active=1508/176660 POs=1]
BMC : c =    1506  cl =   4503  lit =  176659  p =     0  d =     0  f =     1  +  T =     0.02 sec
  [bmc-prof 255] wall=  18.360 p=     1 | ifo=  0.767(sd=0.182 nx=0.000 tfo=0.082 cnt=0.504) snap= 0.426 srm= 11.172 sat=  5.789(set=0.247 slv=5.540 max=5.5399 n=1) sim= 0.000(rmp=0.000 run=0.000) chk= 0.001 stat= 0.200 rest= 0.006
  [bmc-incr i=256 repr=1 active=1507/176659 POs=1]
BMC : c =    1505  cl =   4503  lit =  176658  p =     0  d =     0  f =     1  +  T =     0.02 sec
  [bmc-prof 256] wall=  15.575 p=     1 | ifo=  0.808(sd=0.188 nx=0.000 tfo=0.096 cnt=0.525) snap= 0.354 srm=  8.642 sat=  5.573(set=0.212 slv=5.358 max=5.3583 n=1) sim= 0.000(rmp=0.000 run=0.000) chk= 0.001 stat= 0.192 rest= 0.005
  [bmc-incr i=257 repr=1 active=1506/176658 POs=1]
BMC : c =    1504  cl =   4503  lit =  176657  p =     0  d =     0  f =     1  +  T =     0.02 sec
  [bmc-prof 257] wall=  18.826 p=     1 | ifo=  0.775(sd=0.186 nx=0.000 tfo=0.077 cnt=0.512) snap= 0.364 srm= 11.596 sat=  5.886(set=0.208 slv=5.675 max=5.6750 n=1) sim= 0.000(rmp=0.000 run=0.000) chk= 0.000 stat= 0.199 rest= 0.005
  [bmc-incr i=258 repr=1 active=1505/176657 POs=1]
BMC : c =    1503  cl =   4503  lit =  176656  p =     0  d =     0  f =     1  +  T =     0.02 sec
  [bmc-prof 258] wall=  15.782 p=     1 | ifo=  0.788(sd=0.187 nx=0.000 tfo=0.075 cnt=0.526) snap= 0.296 srm=  8.996 sat=  5.492(set=0.187 slv=5.302 max=5.3020 n=1) sim= 0.000(rmp=0.000 run=0.000) chk= 0.000 stat= 0.205 rest= 0.005
  [bmc-incr i=259 repr=1 active=1504/176656 POs=1]
BMC : c =    1502  cl =   4503  lit =  176655  p =     0  d =     0  f =     1  +  T =     0.02 sec
  [bmc-prof 259] wall=  15.384 p=     1 | ifo=  0.762(sd=0.193 nx=0.000 tfo=0.075 cnt=0.494) snap= 0.292 srm=  8.501 sat=  5.630(set=0.180 slv=5.447 max=5.4467 n=1) sim= 0.000(rmp=0.000 run=0.000) chk= 0.000 stat= 0.194 rest= 0.005
  [bmc-incr i=260 repr=1 active=1503/176655 POs=1]
BMC : c =    1501  cl =   4503  lit =  176654  p =     0  d =     0  f =     1  +  T =     0.01 sec
  [bmc-prof 260] wall=  14.264 p=     1 | ifo=  0.742(sd=0.185 nx=0.000 tfo=0.072 cnt=0.485) snap= 0.286 srm=  8.255 sat=  4.796(set=0.177 slv=4.616 max=4.6158 n=1) sim= 0.000(rmp=0.000 run=0.000) chk= 0.000 stat= 0.180 rest= 0.006
  [bmc-incr i=261 repr=1 active=1502/176654 POs=1]
BMC : c =    1500  cl =   4503  lit =  176653  p =     0  d =     0  f =     1  +  T =     0.01 sec
  [bmc-prof 261] wall=  14.398 p=     1 | ifo=  0.768(sd=0.184 nx=0.000 tfo=0.074 cnt=0.510) snap= 0.283 srm=  8.030 sat=  5.082(set=0.173 slv=4.905 max=4.9053 n=1) sim= 0.000(rmp=0.000 run=0.000) chk= 0.000 stat= 0.231 rest= 0.004
  [bmc-incr i=262 repr=1 active=1501/176653 POs=1]
BMC : c =    1499  cl =   4503  lit =  176652  p =     0  d =     0  f =     1  +  T =     0.02 sec
  [bmc-prof 262] wall=  15.964 p=     1 | ifo=  0.887(sd=0.222 nx=0.000 tfo=0.078 cnt=0.587) snap= 0.292 srm=  8.084 sat=  6.461(set=0.186 slv=6.272 max=6.2716 n=1) sim= 0.000(rmp=0.000 run=0.000) chk= 0.001 stat= 0.230 rest= 0.008
  [bmc-incr i=263 repr=1 active=1500/176652 POs=1]
BMC : c =    1498  cl =   4503  lit =  176651  p =     0  d =     0  f =     1  +  T =     0.02 sec
  [bmc-prof 263] wall=  17.533 p=     1 | ifo=  0.932(sd=0.225 nx=0.000 tfo=0.074 cnt=0.633) snap= 0.374 srm=  9.697 sat=  6.220(set=0.216 slv=6.001 max=6.0006 n=1) sim= 0.000(rmp=0.000 run=0.000) chk= 0.001 stat= 0.301 rest= 0.008
  [bmc-incr i=264 repr=1 active=1499/176651 POs=1]
BMC : c =    1497  cl =   4503  lit =  176650  p =     0  d =     0  f =     1  +  T =     0.02 sec
  [bmc-prof 264] wall=  15.649 p=     1 | ifo=  0.963(sd=0.261 nx=0.000 tfo=0.099 cnt=0.604) snap= 0.295 srm=  9.183 sat=  5.009(set=0.189 slv=4.817 max=4.8170 n=1) sim= 0.000(rmp=0.000 run=0.000) chk= 0.001 stat= 0.192 rest= 0.006
  [bmc-incr i=265 repr=1 active=1498/176650 POs=1]
BMC : c =    1496  cl =   4503  lit =  176649  p =     0  d =     0  f =     1  +  T =     0.02 sec
  [bmc-prof 265] wall=  15.731 p=     1 | ifo=  0.751(sd=0.182 nx=0.000 tfo=0.072 cnt=0.498) snap= 0.315 srm=  9.191 sat=  5.278(set=0.196 slv=5.079 max=5.0789 n=1) sim= 0.000(rmp=0.000 run=0.000) chk= 0.001 stat= 0.187 rest= 0.008
  [bmc-incr i=266 repr=1 active=1497/176649 POs=1]
BMC : c =    1495  cl =   4503  lit =  176648  p =     0  d =     0  f =     1  +  T =     0.01 sec
  [bmc-prof 266] wall=  14.475 p=     1 | ifo=  0.789(sd=0.204 nx=0.000 tfo=0.072 cnt=0.513) snap= 0.301 srm=  8.420 sat=  4.772(set=0.183 slv=4.586 max=4.5864 n=1) sim= 0.000(rmp=0.000 run=0.000) chk= 0.001 stat= 0.186 rest= 0.005
  [bmc-incr i=267 repr=1 active=1496/176648 POs=1]
BMC : c =    1494  cl =   4503  lit =  176647  p =     0  d =     0  f =     1  +  T =     0.02 sec
  [bmc-prof 267] wall=  15.776 p=     1 | ifo=  0.775(sd=0.199 nx=0.000 tfo=0.074 cnt=0.502) snap= 0.358 srm=  9.021 sat=  5.414(set=0.218 slv=5.194 max=5.1936 n=1) sim= 0.000(rmp=0.000 run=0.000) chk= 0.000 stat= 0.202 rest= 0.006
  [bmc-incr i=268 repr=1 active=1495/176647 POs=1]
BMC : c =    1493  cl =   4503  lit =  176646  p =     0  d =     0  f =     1  +  T =     0.02 sec
  [bmc-prof 268] wall=  17.609 p=     1 | ifo=  0.773(sd=0.185 nx=0.000 tfo=0.072 cnt=0.516) snap= 0.345 srm= 10.140 sat=  6.145(set=0.206 slv=5.936 max=5.9359 n=1) sim= 0.000(rmp=0.000 run=0.000) chk= 0.000 stat= 0.201 rest= 0.005
  [bmc-incr i=269 repr=1 active=1494/176646 POs=1]
BMC : c =    1492  cl =   4503  lit =  176645  p =     0  d =     0  f =     1  +  T =     0.02 sec
  [bmc-prof 269] wall=  15.354 p=     1 | ifo=  0.832(sd=0.210 nx=0.000 tfo=0.080 cnt=0.542) snap= 0.304 srm=  8.635 sat=  5.325(set=0.201 slv=5.120 max=5.1200 n=1) sim= 0.000(rmp=0.000 run=0.000) chk= 0.001 stat= 0.253 rest= 0.005
  [bmc-incr i=270 repr=1 active=1493/176645 POs=1]
BMC : c =    1491  cl =   4503  lit =  176644  p =     0  d =     0  f =     1  +  T =     0.02 sec
  [bmc-prof 270] wall=  18.415 p=     1 | ifo=  0.947(sd=0.280 nx=0.000 tfo=0.095 cnt=0.572) snap= 0.595 srm=  9.959 sat=  6.664(set=0.334 slv=6.327 max=6.3272 n=1) sim= 0.000(rmp=0.000 run=0.000) chk= 0.005 stat= 0.237 rest= 0.008
  [bmc-incr i=271 repr=1 active=1492/176644 POs=1]
BMC : c =    1490  cl =   4503  lit =  176643  p =     0  d =     0  f =     1  +  T =     0.02 sec
  [bmc-prof 271] wall=  16.240 p=     1 | ifo=  0.857(sd=0.199 nx=0.000 tfo=0.081 cnt=0.577) snap= 0.301 srm=  8.758 sat=  6.126(set=0.191 slv=5.933 max=5.9330 n=1) sim= 0.000(rmp=0.000 run=0.000) chk= 0.000 stat= 0.192 rest= 0.005
  [bmc-incr i=272 repr=1 active=1491/176643 POs=1]
BMC : c =    1489  cl =   4503  lit =  176642  p =     0  d =     0  f =     1  +  T =     0.02 sec
  [bmc-prof 272] wall=  15.979 p=     1 | ifo=  0.806(sd=0.203 nx=0.000 tfo=0.078 cnt=0.525) snap= 0.311 srm=  8.494 sat=  6.163(set=0.189 slv=5.970 max=5.9705 n=1) sim= 0.000(rmp=0.000 run=0.000) chk= 0.001 stat= 0.199 rest= 0.006
  [bmc-incr i=273 repr=1 active=1490/176642 POs=1]
BMC : c =    1488  cl =   4503  lit =  176641  p =     0  d =     0  f =     1  +  T =     0.02 sec
  [bmc-prof 273] wall=  15.593 p=     1 | ifo=  0.774(sd=0.175 nx=0.000 tfo=0.078 cnt=0.520) snap= 0.324 srm=  8.752 sat=  5.536(set=0.207 slv=5.327 max=5.3271 n=1) sim= 0.000(rmp=0.000 run=0.000) chk= 0.001 stat= 0.200 rest= 0.006
  [bmc-incr i=274 repr=1 active=1489/176641 POs=1]
BMC : c =    1487  cl =   4503  lit =  176640  p =     0  d =     0  f =     1  +  T =     0.02 sec
  [bmc-prof 274] wall=  16.863 p=     1 | ifo=  0.804(sd=0.196 nx=0.000 tfo=0.076 cnt=0.532) snap= 0.318 srm=  8.949 sat=  6.561(set=0.293 slv=6.265 max=6.2652 n=1) sim= 0.000(rmp=0.000 run=0.000) chk= 0.000 stat= 0.226 rest= 0.005
  [bmc-incr i=275 repr=1 active=1488/176640 POs=1]
BMC : c =    1486  cl =   4503  lit =  176639  p =     0  d =     0  f =     1  +  T =     0.01 sec
  [bmc-prof 275] wall=  14.873 p=     1 | ifo=  0.795(sd=0.198 nx=0.000 tfo=0.073 cnt=0.524) snap= 0.305 srm=  8.546 sat=  5.022(set=0.197 slv=4.823 max=4.8226 n=1) sim= 0.000(rmp=0.000 run=0.000) chk= 0.000 stat= 0.200 rest= 0.004
  [bmc-incr i=276 repr=1 active=1487/176639 POs=1]
BMC : c =    1485  cl =   4503  lit =  176638  p =     0  d =     0  f =     1  +  T =     0.02 sec
  [bmc-prof 276] wall=  15.780 p=     1 | ifo=  0.823(sd=0.184 nx=0.000 tfo=0.071 cnt=0.569) snap= 0.317 srm=  9.177 sat=  5.264(set=0.212 slv=5.049 max=5.0489 n=1) sim= 0.000(rmp=0.000 run=0.000) chk= 0.000 stat= 0.194 rest= 0.005
  [bmc-incr i=277 repr=1 active=1486/176638 POs=1]
BMC : c =    1484  cl =   4503  lit =  176637  p =     0  d =     0  f =     1  +  T =     0.02 sec
  [bmc-prof 277] wall=  16.113 p=     1 | ifo=  0.784(sd=0.197 nx=0.000 tfo=0.076 cnt=0.511) snap= 0.355 srm=  9.005 sat=  5.775(set=0.232 slv=5.540 max=5.5399 n=1) sim= 0.000(rmp=0.000 run=0.000) chk= 0.000 stat= 0.188 rest= 0.006
  [bmc-incr i=278 repr=1 active=1485/176637 POs=1]
BMC : c =    1483  cl =   4503  lit =  176636  p =     0  d =     0  f =     1  +  T =     0.01 sec
  [bmc-prof 278] wall=  15.012 p=     1 | ifo=  0.795(sd=0.199 nx=0.000 tfo=0.072 cnt=0.525) snap= 0.292 srm=  8.472 sat=  5.258(set=0.181 slv=5.075 max=5.0746 n=1) sim= 0.000(rmp=0.000 run=0.000) chk= 0.000 stat= 0.188 rest= 0.005
  [bmc-incr i=279 repr=1 active=1484/176636 POs=1]
BMC : c =    1482  cl =   4503  lit =  176635  p =     0  d =     0  f =     1  +  T =     0.02 sec
  [bmc-prof 279] wall=  15.451 p=     1 | ifo=  0.762(sd=0.185 nx=0.000 tfo=0.070 cnt=0.508) snap= 0.307 srm=  8.755 sat=  5.418(set=0.185 slv=5.229 max=5.2293 n=1) sim= 0.000(rmp=0.000 run=0.000) chk= 0.000 stat= 0.202 rest= 0.006
  [bmc-incr i=280 repr=1 active=1483/176635 POs=1]
BMC : c =    1481  cl =   4503  lit =  176634  p =     0  d =     0  f =     1  +  T =     0.02 sec
  [bmc-prof 280] wall=  15.805 p=     1 | ifo=  0.781(sd=0.204 nx=0.000 tfo=0.074 cnt=0.503) snap= 0.308 srm=  9.125 sat=  5.375(set=0.229 slv=5.142 max=5.1423 n=1) sim= 0.000(rmp=0.000 run=0.000) chk= 0.001 stat= 0.209 rest= 0.006
  [bmc-incr i=281 repr=1 active=1482/176634 POs=1]
BMC : c =    1480  cl =   4503  lit =  176633  p =     0  d =     0  f =     1  +  T =     0.01 sec
  [bmc-prof 281] wall=  14.922 p=     1 | ifo=  0.781(sd=0.190 nx=0.000 tfo=0.075 cnt=0.516) snap= 0.282 srm=  8.377 sat=  5.291(set=0.183 slv=5.105 max=5.1048 n=1) sim= 0.000(rmp=0.000 run=0.000) chk= 0.000 stat= 0.186 rest= 0.004
  [bmc-incr i=282 repr=1 active=1481/176633 POs=1]
BMC : c =    1479  cl =   4503  lit =  176632  p =     0  d =     0  f =     1  +  T =     0.02 sec
  [bmc-prof 282] wall=  16.438 p=     1 | ifo=  0.713(sd=0.174 nx=0.000 tfo=0.063 cnt=0.476) snap= 0.328 srm=  9.305 sat=  5.832(set=0.198 slv=5.632 max=5.6322 n=1) sim= 0.000(rmp=0.000 run=0.000) chk= 0.000 stat= 0.253 rest= 0.006
  [bmc-incr i=283 repr=1 active=1480/176632 POs=1]
BMC : c =    1478  cl =   4503  lit =  176631  p =     0  d =     0  f =     1  +  T =     0.02 sec
  [bmc-prof 283] wall=  16.251 p=     1 | ifo=  0.801(sd=0.193 nx=0.000 tfo=0.068 cnt=0.540) snap= 0.319 srm=  8.930 sat=  5.989(set=0.193 slv=5.793 max=5.7929 n=1) sim= 0.000(rmp=0.000 run=0.000) chk= 0.000 stat= 0.207 rest= 0.005
  [bmc-incr i=284 repr=1 active=1479/176631 POs=1]
BMC : c =    1477  cl =   4503  lit =  176630  p =     0  d =     0  f =     1  +  T =     0.02 sec
  [bmc-prof 284] wall=  16.478 p=     1 | ifo=  0.806(sd=0.197 nx=0.000 tfo=0.069 cnt=0.541) snap= 0.413 srm=  9.286 sat=  5.761(set=0.194 slv=5.565 max=5.5647 n=1) sim= 0.000(rmp=0.000 run=0.000) chk= 0.001 stat= 0.205 rest= 0.006
  [bmc-incr i=285 repr=1 active=1478/176630 POs=1]
BMC : c =    1476  cl =   4503  lit =  176629  p =     0  d =     0  f =     1  +  T =     0.02 sec
  [bmc-prof 285] wall=  16.491 p=     1 | ifo=  0.806(sd=0.190 nx=0.000 tfo=0.071 cnt=0.545) snap= 0.327 srm=  9.338 sat=  5.806(set=0.197 slv=5.607 max=5.6067 n=1) sim= 0.000(rmp=0.000 run=0.000) chk= 0.001 stat= 0.207 rest= 0.008
  [bmc-incr i=286 repr=1 active=1477/176629 POs=1]
BMC : c =    1475  cl =   4503  lit =  176628  p =     0  d =     0  f =     1  +  T =     0.02 sec
  [bmc-prof 286] wall=  16.752 p=     1 | ifo=  0.805(sd=0.194 nx=0.000 tfo=0.070 cnt=0.541) snap= 0.373 srm=  9.281 sat=  6.093(set=0.263 slv=5.826 max=5.8262 n=1) sim= 0.000(rmp=0.000 run=0.000) chk= 0.000 stat= 0.195 rest= 0.005
  [bmc-incr i=287 repr=1 active=1476/176628 POs=1]
BMC : c =    1474  cl =   4503  lit =  176627  p =     0  d =     0  f =     1  +  T =     0.02 sec
  [bmc-prof 287] wall=  15.438 p=     1 | ifo=  0.785(sd=0.188 nx=0.000 tfo=0.075 cnt=0.521) snap= 0.295 srm=  9.000 sat=  5.153(set=0.200 slv=4.950 max=4.9504 n=1) sim= 0.000(rmp=0.000 run=0.000) chk= 0.000 stat= 0.198 rest= 0.006
  [bmc-incr i=288 repr=1 active=1475/176627 POs=1]
BMC : c =    1473  cl =   4503  lit =  176626  p =     0  d =     0  f =     1  +  T =     0.01 sec
  [bmc-prof 288] wall=  15.151 p=     1 | ifo=  0.779(sd=0.202 nx=0.000 tfo=0.070 cnt=0.507) snap= 0.326 srm=  8.143 sat=  5.707(set=0.181 slv=5.524 max=5.5239 n=1) sim= 0.000(rmp=0.000 run=0.000) chk= 0.000 stat= 0.191 rest= 0.005
  [bmc-incr i=289 repr=1 active=1474/176626 POs=1]
BMC : c =    1472  cl =   4503  lit =  176625  p =     0  d =     0  f =     1  +  T =     0.02 sec
  [bmc-prof 289] wall=  15.810 p=     1 | ifo=  0.748(sd=0.185 nx=0.000 tfo=0.069 cnt=0.494) snap= 0.302 srm=  8.395 sat=  6.151(set=0.187 slv=5.961 max=5.9610 n=1) sim= 0.000(rmp=0.000 run=0.000) chk= 0.000 stat= 0.208 rest= 0.005
  [bmc-incr i=290 repr=1 active=1473/176625 POs=1]
BMC : c =    1471  cl =   4503  lit =  176624  p =     0  d =     0  f =     1  +  T =     0.02 sec
  [bmc-prof 290] wall=  15.768 p=     1 | ifo=  0.844(sd=0.203 nx=0.000 tfo=0.070 cnt=0.571) snap= 0.380 srm=  8.920 sat=  5.405(set=0.221 slv=5.181 max=5.1808 n=1) sim= 0.000(rmp=0.000 run=0.000) chk= 0.000 stat= 0.214 rest= 0.005
  [bmc-incr i=291 repr=1 active=1472/176624 POs=1]
BMC : c =    1470  cl =   4503  lit =  176623  p =     0  d =     0  f =     1  +  T =     0.02 sec
  [bmc-prof 291] wall=  15.262 p=     1 | ifo=  0.785(sd=0.190 nx=0.000 tfo=0.073 cnt=0.522) snap= 0.293 srm=  8.733 sat=  5.254(set=0.206 slv=5.045 max=5.0447 n=1) sim= 0.000(rmp=0.000 run=0.000) chk= 0.000 stat= 0.191 rest= 0.005
  [bmc-incr i=292 repr=1 active=1471/176623 POs=1]
BMC : c =    1469  cl =   4503  lit =  176622  p =     0  d =     0  f =     1  +  T =     0.02 sec
  [bmc-prof 292] wall=  15.355 p=     1 | ifo=  0.781(sd=0.182 nx=0.000 tfo=0.067 cnt=0.532) snap= 0.365 srm=  8.476 sat=  5.536(set=0.189 slv=5.344 max=5.3441 n=1) sim= 0.000(rmp=0.000 run=0.000) chk= 0.001 stat= 0.192 rest= 0.005
  [bmc-incr i=293 repr=1 active=1470/176622 POs=1]
BMC : c =    1468  cl =   4503  lit =  176621  p =     0  d =     0  f =     1  +  T =     0.02 sec
  [bmc-prof 293] wall=  15.756 p=     1 | ifo=  0.837(sd=0.191 nx=0.000 tfo=0.071 cnt=0.576) snap= 0.295 srm=  8.883 sat=  5.521(set=0.201 slv=5.317 max=5.3173 n=1) sim= 0.000(rmp=0.000 run=0.000) chk= 0.001 stat= 0.212 rest= 0.008
  [bmc-incr i=294 repr=1 active=1469/176621 POs=1]
BMC : c =    1467  cl =   4503  lit =  176620  p =     0  d =     0  f =     1  +  T =     0.02 sec
  [bmc-prof 294] wall=  16.235 p=     1 | ifo=  0.807(sd=0.194 nx=0.000 tfo=0.074 cnt=0.538) snap= 0.318 srm=  9.301 sat=  5.601(set=0.195 slv=5.403 max=5.4034 n=1) sim= 0.000(rmp=0.000 run=0.000) chk= 0.000 stat= 0.202 rest= 0.006
  [bmc-incr i=295 repr=1 active=1468/176620 POs=1]
BMC : c =    1466  cl =   4503  lit =  176619  p =     0  d =     0  f =     1  +  T =     0.02 sec
  [bmc-prof 295] wall=  15.931 p=     1 | ifo=  0.991(sd=0.209 nx=0.000 tfo=0.143 cnt=0.638) snap= 0.311 srm=  8.611 sat=  5.818(set=0.179 slv=5.636 max=5.6362 n=1) sim= 0.000(rmp=0.000 run=0.000) chk= 0.001 stat= 0.193 rest= 0.007
  [bmc-incr i=296 repr=1 active=1467/176619 POs=1]
BMC : c =    1465  cl =   4503  lit =  176618  p =     0  d =     0  f =     1  +  T =     0.02 sec
  [bmc-prof 296] wall=  15.548 p=     1 | ifo=  0.758(sd=0.198 nx=0.000 tfo=0.073 cnt=0.487) snap= 0.285 srm=  8.558 sat=  5.730(set=0.182 slv=5.545 max=5.5452 n=1) sim= 0.000(rmp=0.000 run=0.000) chk= 0.000 stat= 0.211 rest= 0.006
  [bmc-incr i=297 repr=1 active=1466/176618 POs=1]
BMC : c =    1464  cl =   4503  lit =  176617  p =     0  d =     0  f =     1  +  T =     0.02 sec
  [bmc-prof 297] wall=  17.318 p=     1 | ifo=  0.814(sd=0.198 nx=0.000 tfo=0.073 cnt=0.543) snap= 0.325 srm=  9.637 sat=  6.338(set=0.202 slv=6.133 max=6.1325 n=1) sim= 0.000(rmp=0.000 run=0.000) chk= 0.000 stat= 0.200 rest= 0.005
  [bmc-incr i=298 repr=1 active=1465/176617 POs=1]
BMC : c =    1463  cl =   4503  lit =  176616  p =     0  d =     0  f =     1  +  T =     0.02 sec
  [bmc-prof 298] wall=  16.199 p=     1 | ifo=  0.810(sd=0.197 nx=0.000 tfo=0.072 cnt=0.541) snap= 0.314 srm=  8.784 sat=  6.074(set=0.189 slv=5.881 max=5.8814 n=1) sim= 0.000(rmp=0.000 run=0.000) chk= 0.001 stat= 0.210 rest= 0.005
  [bmc-incr i=299 repr=1 active=1464/176616 POs=1]
BMC : c =    1462  cl =   4503  lit =  176615  p =     0  d =     0  f =     1  +  T =     0.02 sec
  [bmc-prof 299] wall=  15.211 p=     1 | ifo=  0.768(sd=0.185 nx=0.000 tfo=0.068 cnt=0.515) snap= 0.293 srm=  8.671 sat=  5.278(set=0.193 slv=5.082 max=5.0821 n=1) sim= 0.000(rmp=0.000 run=0.000) chk= 0.000 stat= 0.195 rest= 0.005
  [bmc-incr i=300 repr=1 active=1463/176615 POs=1]
BMC : c =    1461  cl =   4503  lit =  176614  p =     0  d =     0  f =     1  +  T =     0.02 sec
  [bmc-prof 300] wall=  15.427 p=     1 | ifo=  0.885(sd=0.309 nx=0.000 tfo=0.075 cnt=0.501) snap= 0.294 srm=  8.064 sat=  5.974(set=0.202 slv=5.769 max=5.7693 n=1) sim= 0.000(rmp=0.000 run=0.000) chk= 0.000 stat= 0.204 rest= 0.005
  [bmc-incr i=301 repr=1 active=1462/176614 POs=1]
BMC : c =    1460  cl =   4503  lit =  176613  p =     0  d =     0  f =     1  +  T =     0.02 sec
  [bmc-prof 301] wall=  16.769 p=     1 | ifo=  0.836(sd=0.198 nx=0.000 tfo=0.071 cnt=0.567) snap= 0.292 srm=  8.729 sat=  6.694(set=0.186 slv=6.505 max=6.5053 n=1) sim= 0.000(rmp=0.000 run=0.000) chk= 0.000 stat= 0.213 rest= 0.005
  [bmc-incr i=302 repr=1 active=1461/176613 POs=1]
BMC : c =    1459  cl =   4503  lit =  176612  p =     0  d =     0  f =     1  +  T =     0.02 sec
  [bmc-prof 302] wall=  15.838 p=     1 | ifo=  0.852(sd=0.199 nx=0.000 tfo=0.084 cnt=0.569) snap= 0.310 srm=  8.744 sat=  5.724(set=0.200 slv=5.521 max=5.5214 n=1) sim= 0.000(rmp=0.000 run=0.000) chk= 0.001 stat= 0.201 rest= 0.007
  [bmc-incr i=303 repr=1 active=1460/176612 POs=1]
BMC : c =    1458  cl =   4503  lit =  176611  p =     0  d =     0  f =     1  +  T =     0.02 sec
  [bmc-prof 303] wall=  15.255 p=     1 | ifo=  0.813(sd=0.204 nx=0.000 tfo=0.074 cnt=0.535) snap= 0.309 srm=  8.632 sat=  5.301(set=0.199 slv=5.100 max=5.0996 n=1) sim= 0.000(rmp=0.000 run=0.000) chk= 0.000 stat= 0.191 rest= 0.008
  [bmc-incr i=304 repr=1 active=1459/176611 POs=1]
BMC : c =    1457  cl =   4503  lit =  176610  p =     0  d =     0  f =     1  +  T =     0.01 sec
  [bmc-prof 304] wall=  14.874 p=     1 | ifo=  0.773(sd=0.200 nx=0.000 tfo=0.069 cnt=0.504) snap= 0.313 srm=  8.514 sat=  5.077(set=0.187 slv=4.887 max=4.8867 n=1) sim= 0.000(rmp=0.000 run=0.000) chk= 0.001 stat= 0.188 rest= 0.008
  [bmc-incr i=305 repr=1 active=1458/176610 POs=1]
BMC : c =    1456  cl =   4503  lit =  176609  p =     0  d =     0  f =     1  +  T =     0.01 sec
  [bmc-prof 305] wall=  14.613 p=     1 | ifo=  0.742(sd=0.183 nx=0.000 tfo=0.069 cnt=0.489) snap= 0.311 srm=  8.220 sat=  5.141(set=0.186 slv=4.952 max=4.9517 n=1) sim= 0.000(rmp=0.000 run=0.000) chk= 0.001 stat= 0.193 rest= 0.005
  [bmc-incr i=306 repr=1 active=1457/176609 POs=1]
BMC : c =    1455  cl =   4503  lit =  176608  p =     0  d =     0  f =     1  +  T =     0.02 sec
  [bmc-prof 306] wall=  15.253 p=     1 | ifo=  0.784(sd=0.201 nx=0.000 tfo=0.070 cnt=0.513) snap= 0.306 srm=  8.737 sat=  5.216(set=0.181 slv=5.033 max=5.0328 n=1) sim= 0.000(rmp=0.000 run=0.000) chk= 0.000 stat= 0.206 rest= 0.004
  [bmc-incr i=307 repr=1 active=1456/176608 POs=1]
BMC : c =    1454  cl =   4503  lit =  176607  p =     0  d =     0  f =     1  +  T =     0.01 sec
  [bmc-prof 307] wall=  15.046 p=     1 | ifo=  0.779(sd=0.189 nx=0.000 tfo=0.074 cnt=0.516) snap= 0.315 srm=  8.621 sat=  5.137(set=0.191 slv=4.943 max=4.9428 n=1) sim= 0.000(rmp=0.000 run=0.000) chk= 0.000 stat= 0.190 rest= 0.004
  [bmc-incr i=308 repr=1 active=1455/176607 POs=1]
BMC : c =    1453  cl =   4503  lit =  176606  p =     0  d =     0  f =     1  +  T =     0.02 sec
  [bmc-prof 308] wall=  15.376 p=     1 | ifo=  0.753(sd=0.179 nx=0.000 tfo=0.070 cnt=0.504) snap= 0.302 srm=  8.475 sat=  5.643(set=0.191 slv=5.450 max=5.4501 n=1) sim= 0.000(rmp=0.000 run=0.000) chk= 0.001 stat= 0.198 rest= 0.004
  [bmc-incr i=309 repr=1 active=1454/176606 POs=1]
BMC : c =    1452  cl =   4503  lit =  176605  p =     0  d =     0  f =     1  +  T =     0.02 sec
  [bmc-prof 309] wall=  16.371 p=     1 | ifo=  0.817(sd=0.199 nx=0.000 tfo=0.076 cnt=0.542) snap= 0.297 srm=  9.145 sat=  5.902(set=0.190 slv=5.710 max=5.7103 n=1) sim= 0.000(rmp=0.000 run=0.000) chk= 0.001 stat= 0.203 rest= 0.006
  [bmc-incr i=310 repr=1 active=1453/176605 POs=1]
BMC : c =    1451  cl =   4503  lit =  176604  p =     0  d =     0  f =     1  +  T =     0.02 sec
  [bmc-prof 310] wall=  15.941 p=     1 | ifo=  0.827(sd=0.195 nx=0.000 tfo=0.069 cnt=0.563) snap= 0.300 srm=  9.395 sat=  5.221(set=0.202 slv=5.016 max=5.0163 n=1) sim= 0.000(rmp=0.000 run=0.000) chk= 0.001 stat= 0.191 rest= 0.006
  [bmc-incr i=311 repr=1 active=1452/176604 POs=1]
BMC : c =    1450  cl =   4503  lit =  176603  p =     0  d =     0  f =     1  +  T =     0.01 sec
  [bmc-prof 311] wall=  15.102 p=     1 | ifo=  0.788(sd=0.201 nx=0.000 tfo=0.070 cnt=0.516) snap= 0.385 srm=  8.398 sat=  5.332(set=0.184 slv=5.146 max=5.1462 n=1) sim= 0.000(rmp=0.000 run=0.000) chk= 0.001 stat= 0.195 rest= 0.004
  [bmc-incr i=312 repr=1 active=1451/176603 POs=1]
BMC : c =    1449  cl =   4503  lit =  176602  p =     0  d =     0  f =     1  +  T =     0.02 sec
  [bmc-prof 312] wall=  17.635 p=     1 | ifo=  0.762(sd=0.179 nx=0.000 tfo=0.069 cnt=0.513) snap= 0.334 srm=  9.875 sat=  6.432(set=0.211 slv=6.218 max=6.2181 n=1) sim= 0.000(rmp=0.000 run=0.000) chk= 0.000 stat= 0.226 rest= 0.005
  [bmc-incr i=313 repr=1 active=1450/176602 POs=1]
BMC : c =    1448  cl =   4503  lit =  176601  p =     0  d =     0  f =     1  +  T =     0.02 sec
  [bmc-prof 313] wall=  15.425 p=     1 | ifo=  0.766(sd=0.190 nx=0.000 tfo=0.071 cnt=0.505) snap= 0.290 srm=  8.798 sat=  5.371(set=0.181 slv=5.187 max=5.1872 n=1) sim= 0.000(rmp=0.000 run=0.000) chk= 0.001 stat= 0.192 rest= 0.007
  [bmc-incr i=314 repr=1 active=1449/176601 POs=1]
BMC : c =    1447  cl =   4503  lit =  176600  p =     0  d =     0  f =     1  +  T =     0.02 sec
  [bmc-prof 314] wall=  16.313 p=     1 | ifo=  0.792(sd=0.201 nx=0.000 tfo=0.080 cnt=0.512) snap= 0.314 srm=  9.184 sat=  5.796(set=0.187 slv=5.606 max=5.6065 n=1) sim= 0.000(rmp=0.000 run=0.000) chk= 0.000 stat= 0.222 rest= 0.005
  [bmc-incr i=315 repr=1 active=1448/176600 POs=1]
BMC : c =    1446  cl =   4503  lit =  176599  p =     0  d =     0  f =     1  +  T =     0.02 sec
  [bmc-prof 315] wall=  18.249 p=     1 | ifo=  0.760(sd=0.186 nx=0.000 tfo=0.070 cnt=0.505) snap= 0.349 srm= 10.129 sat=  6.806(set=0.221 slv=6.582 max=6.5825 n=1) sim= 0.000(rmp=0.000 run=0.000) chk= 0.000 stat= 0.200 rest= 0.005
  [bmc-incr i=316 repr=1 active=1447/176599 POs=1]
BMC : c =    1445  cl =   4503  lit =  176598  p =     0  d =     0  f =     1  +  T =     0.02 sec
  [bmc-prof 316] wall=  15.562 p=     1 | ifo=  0.798(sd=0.210 nx=0.000 tfo=0.065 cnt=0.522) snap= 0.320 srm=  8.699 sat=  5.551(set=0.205 slv=5.343 max=5.3430 n=1) sim= 0.000(rmp=0.000 run=0.000) chk= 0.001 stat= 0.189 rest= 0.005
  [bmc-incr i=317 repr=1 active=1446/176598 POs=1]
BMC : c =    1444  cl =   4503  lit =  176597  p =     0  d =     0  f =     1  +  T =     0.02 sec
  [bmc-prof 317] wall=  15.529 p=     1 | ifo=  0.744(sd=0.191 nx=0.000 tfo=0.068 cnt=0.486) snap= 0.314 srm=  8.303 sat=  5.968(set=0.183 slv=5.782 max=5.7821 n=1) sim= 0.000(rmp=0.000 run=0.000) chk= 0.000 stat= 0.194 rest= 0.006
  [bmc-incr i=318 repr=1 active=1445/176597 POs=1]
BMC : c =    1443  cl =   4503  lit =  176596  p =     0  d =     0  f =     1  +  T =     0.02 sec
  [bmc-prof 318] wall=  16.135 p=     1 | ifo=  0.762(sd=0.189 nx=0.000 tfo=0.077 cnt=0.496) snap= 0.316 srm=  8.735 sat=  6.094(set=0.197 slv=5.894 max=5.8941 n=1) sim= 0.000(rmp=0.000 run=0.000) chk= 0.001 stat= 0.223 rest= 0.005
  [bmc-incr i=319 repr=1 active=1444/176596 POs=1]
BMC : c =    1442  cl =   4503  lit =  176595  p =     0  d =     0  f =     1  +  T =     0.02 sec
  [bmc-prof 319] wall=  15.334 p=     1 | ifo=  0.819(sd=0.217 nx=0.000 tfo=0.070 cnt=0.532) snap= 0.331 srm=  8.524 sat=  5.467(set=0.186 slv=5.278 max=5.2784 n=1) sim= 0.000(rmp=0.000 run=0.000) chk= 0.001 stat= 0.187 rest= 0.005
  [bmc-incr i=320 repr=1 active=1443/176595 POs=1]
BMC : c =    1441  cl =   4503  lit =  176594  p =     0  d =     0  f =     1  +  T =     0.02 sec
  [bmc-prof 320] wall=  15.784 p=     1 | ifo=  0.760(sd=0.182 nx=0.000 tfo=0.071 cnt=0.507) snap= 0.294 srm=  8.536 sat=  5.906(set=0.187 slv=5.716 max=5.7164 n=1) sim= 0.000(rmp=0.000 run=0.000) chk= 0.000 stat= 0.281 rest= 0.006
  [bmc-incr i=321 repr=1 active=1442/176594 POs=1]
BMC : c =    1440  cl =   4503  lit =  176593  p =     0  d =     0  f =     1  +  T =     0.02 sec
  [bmc-prof 321] wall=  16.117 p=     1 | ifo=  0.816(sd=0.200 nx=0.000 tfo=0.071 cnt=0.545) snap= 0.307 srm=  9.072 sat=  5.652(set=0.195 slv=5.454 max=5.4535 n=1) sim= 0.000(rmp=0.000 run=0.000) chk= 0.001 stat= 0.263 rest= 0.005
  [bmc-incr i=322 repr=1 active=1441/176593 POs=1]
BMC : c =    1439  cl =   4503  lit =  176592  p =     0  d =     0  f =     1  +  T =     0.02 sec
  [bmc-prof 322] wall=  16.365 p=     1 | ifo=  0.894(sd=0.237 nx=0.000 tfo=0.079 cnt=0.578) snap= 0.294 srm=  8.398 sat=  6.522(set=0.185 slv=6.334 max=6.3336 n=1) sim= 0.000(rmp=0.000 run=0.000) chk= 0.001 stat= 0.251 rest= 0.006
  [bmc-incr i=323 repr=1 active=1440/176592 POs=1]
BMC : c =    1438  cl =   4503  lit =  176591  p =     0  d =     0  f =     1  +  T =     0.02 sec
  [bmc-prof 323] wall=  17.093 p=     1 | ifo=  0.840(sd=0.225 nx=0.000 tfo=0.074 cnt=0.541) snap= 0.321 srm=  9.445 sat=  6.280(set=0.199 slv=6.078 max=6.0783 n=1) sim= 0.000(rmp=0.000 run=0.000) chk= 0.001 stat= 0.201 rest= 0.006
  [bmc-incr i=324 repr=1 active=1439/176591 POs=1]
BMC : c =    1437  cl =   4503  lit =  176590  p =     0  d =     0  f =     1  +  T =     0.02 sec
  [bmc-prof 324] wall=  16.013 p=     1 | ifo=  0.829(sd=0.189 nx=0.000 tfo=0.071 cnt=0.569) snap= 0.375 srm=  8.868 sat=  5.733(set=0.227 slv=5.503 max=5.5034 n=1) sim= 0.000(rmp=0.000 run=0.000) chk= 0.001 stat= 0.201 rest= 0.006
  [bmc-incr i=325 repr=1 active=1438/176590 POs=1]
BMC : c =    1436  cl =   4503  lit =  176589  p =     0  d =     0  f =     1  +  T =     0.02 sec
  [bmc-prof 325] wall=  17.584 p=     1 | ifo=  1.038(sd=0.307 nx=0.000 tfo=0.086 cnt=0.644) snap= 0.326 srm=  9.587 sat=  6.408(set=0.255 slv=6.149 max=6.1486 n=1) sim= 0.000(rmp=0.000 run=0.000) chk= 0.001 stat= 0.216 rest= 0.007
  [bmc-incr i=326 repr=1 active=1437/176589 POs=1]
BMC : c =    1435  cl =   4503  lit =  176588  p =     0  d =     0  f =     1  +  T =     0.02 sec
  [bmc-prof 326] wall=  16.557 p=     1 | ifo=  0.795(sd=0.194 nx=0.000 tfo=0.072 cnt=0.530) snap= 0.316 srm=  9.285 sat=  5.952(set=0.205 slv=5.744 max=5.7440 n=1) sim= 0.000(rmp=0.000 run=0.000) chk= 0.000 stat= 0.203 rest= 0.006
  [bmc-incr i=327 repr=1 active=1436/176588 POs=1]
BMC : c =    1434  cl =   4503  lit =  176587  p =     0  d =     0  f =     1  +  T =     0.02 sec
  [bmc-prof 327] wall=  15.884 p=     1 | ifo=  0.894(sd=0.274 nx=0.000 tfo=0.074 cnt=0.546) snap= 0.309 srm=  8.695 sat=  5.779(set=0.197 slv=5.579 max=5.5793 n=1) sim= 0.000(rmp=0.000 run=0.000) chk= 0.001 stat= 0.199 rest= 0.007
  [bmc-incr i=328 repr=1 active=1435/176587 POs=1]
BMC : c =    1433  cl =   4503  lit =  176586  p =     0  d =     0  f =     1  +  T =     0.02 sec
  [bmc-prof 328] wall=  16.211 p=     1 | ifo=  0.812(sd=0.199 nx=0.000 tfo=0.075 cnt=0.538) snap= 0.296 srm=  9.575 sat=  5.337(set=0.198 slv=5.137 max=5.1369 n=1) sim= 0.000(rmp=0.000 run=0.000) chk= 0.001 stat= 0.183 rest= 0.006
  [bmc-incr i=329 repr=1 active=1434/176586 POs=1]
BMC : c =    1432  cl =   4503  lit =  176585  p =     0  d =     0  f =     1  +  T =     0.01 sec
  [bmc-prof 329] wall=  14.829 p=     1 | ifo=  0.764(sd=0.178 nx=0.000 tfo=0.068 cnt=0.518) snap= 0.321 srm=  8.424 sat=  5.128(set=0.183 slv=4.942 max=4.9419 n=1) sim= 0.000(rmp=0.000 run=0.000) chk= 0.000 stat= 0.187 rest= 0.005
  [bmc-incr i=330 repr=1 active=1433/176585 POs=1]
BMC : c =    1431  cl =   4503  lit =  176584  p =     0  d =     0  f =     1  +  T =     0.02 sec
  [bmc-prof 330] wall=  15.682 p=     1 | ifo=  0.770(sd=0.187 nx=0.000 tfo=0.083 cnt=0.500) snap= 0.296 srm=  8.532 sat=  5.888(set=0.184 slv=5.702 max=5.7017 n=1) sim= 0.000(rmp=0.000 run=0.000) chk= 0.001 stat= 0.190 rest= 0.005
  [bmc-incr i=331 repr=1 active=1432/176584 POs=1]
BMC : c =    1430  cl =   4503  lit =  176583  p =     0  d =     0  f =     1  +  T =     0.01 sec
  [bmc-prof 331] wall=  14.884 p=     1 | ifo=  0.770(sd=0.190 nx=0.000 tfo=0.079 cnt=0.500) snap= 0.318 srm=  8.573 sat=  5.031(set=0.187 slv=4.841 max=4.8412 n=1) sim= 0.000(rmp=0.000 run=0.000) chk= 0.001 stat= 0.187 rest= 0.005
  [bmc-incr i=332 repr=1 active=1431/176583 POs=1]
BMC : c =    1429  cl =   4503  lit =  176582  p =     0  d =     0  f =     1  +  T =     0.02 sec
  [bmc-prof 332] wall=  16.132 p=     1 | ifo=  0.751(sd=0.185 nx=0.000 tfo=0.069 cnt=0.497) snap= 0.353 srm=  8.510 sat=  6.276(set=0.204 slv=6.068 max=6.0680 n=1) sim= 0.000(rmp=0.000 run=0.000) chk= 0.000 stat= 0.235 rest= 0.006
  [bmc-incr i=333 repr=1 active=1430/176582 POs=1]
BMC : c =    1428  cl =   4503  lit =  176581  p =     0  d =     0  f =     1  +  T =     0.02 sec
  [bmc-prof 333] wall=  15.474 p=     1 | ifo=  0.778(sd=0.192 nx=0.000 tfo=0.072 cnt=0.514) snap= 0.303 srm=  9.016 sat=  5.117(set=0.230 slv=4.884 max=4.8839 n=1) sim= 0.000(rmp=0.000 run=0.000) chk= 0.001 stat= 0.255 rest= 0.004
  [bmc-incr i=334 repr=1 active=1429/176581 POs=1]
BMC : c =    1427  cl =   4503  lit =  176580  p =     0  d =     0  f =     1  +  T =     0.01 sec
  [bmc-prof 334] wall=  14.819 p=     1 | ifo=  0.853(sd=0.238 nx=0.000 tfo=0.076 cnt=0.539) snap= 0.330 srm=  8.389 sat=  5.047(set=0.208 slv=4.837 max=4.8370 n=1) sim= 0.000(rmp=0.000 run=0.000) chk= 0.001 stat= 0.193 rest= 0.006
  [bmc-incr i=335 repr=1 active=1428/176580 POs=1]
BMC : c =    1426  cl =   4503  lit =  176579  p =     0  d =     0  f =     1  +  T =     0.02 sec
  [bmc-prof 335] wall=  16.578 p=     1 | ifo=  0.791(sd=0.199 nx=0.000 tfo=0.077 cnt=0.515) snap= 0.289 srm=  8.528 sat=  6.731(set=0.181 slv=6.548 max=6.5479 n=1) sim= 0.000(rmp=0.000 run=0.000) chk= 0.001 stat= 0.231 rest= 0.008
  [bmc-incr i=336 repr=1 active=1427/176579 POs=1]
BMC : c =    1425  cl =   4503  lit =  176578  p =     0  d =     0  f =     1  +  T =     0.02 sec
  [bmc-prof 336] wall=  18.220 p=     1 | ifo=  0.941(sd=0.230 nx=0.000 tfo=0.079 cnt=0.633) snap= 0.323 srm= 10.958 sat=  5.782(set=0.204 slv=5.574 max=5.5735 n=1) sim= 0.000(rmp=0.000 run=0.000) chk= 0.000 stat= 0.208 rest= 0.007
  [bmc-incr i=337 repr=1 active=1426/176578 POs=1]
BMC : c =    1424  cl =   4503  lit =  176577  p =     0  d =     0  f =     1  +  T =     0.01 sec
  [bmc-prof 337] wall=  15.034 p=     1 | ifo=  0.824(sd=0.199 nx=0.000 tfo=0.069 cnt=0.556) snap= 0.289 srm=  8.371 sat=  5.348(set=0.216 slv=5.129 max=5.1292 n=1) sim= 0.000(rmp=0.000 run=0.000) chk= 0.001 stat= 0.194 rest= 0.007
  [bmc-incr i=338 repr=1 active=1425/176577 POs=1]
BMC : c =    1423  cl =   4503  lit =  176576  p =     0  d =     0  f =     1  +  T =     0.02 sec
  [bmc-prof 338] wall=  16.315 p=     1 | ifo=  0.794(sd=0.199 nx=0.000 tfo=0.071 cnt=0.524) snap= 0.289 srm=  8.779 sat=  6.237(set=0.199 slv=6.036 max=6.0359 n=1) sim= 0.000(rmp=0.000 run=0.000) chk= 0.001 stat= 0.209 rest= 0.007
  [bmc-incr i=339 repr=1 active=1424/176576 POs=1]
BMC : c =    1422  cl =   4503  lit =  176575  p =     0  d =     0  f =     1  +  T =     0.02 sec
  [bmc-prof 339] wall=  16.947 p=     1 | ifo=  0.878(sd=0.199 nx=0.000 tfo=0.073 cnt=0.606) snap= 0.299 srm=  9.474 sat=  6.031(set=0.186 slv=5.841 max=5.8411 n=1) sim= 0.000(rmp=0.000 run=0.000) chk= 0.000 stat= 0.259 rest= 0.006
  [bmc-incr i=340 repr=1 active=1423/176575 POs=1]
BMC : c =    1421  cl =   4503  lit =  176574  p =     0  d =     0  f =     1  +  T =     0.02 sec
  [bmc-prof 340] wall=  15.797 p=     1 | ifo=  0.843(sd=0.228 nx=0.000 tfo=0.076 cnt=0.539) snap= 0.292 srm=  8.415 sat=  6.046(set=0.192 slv=5.851 max=5.8515 n=1) sim= 0.000(rmp=0.000 run=0.000) chk= 0.000 stat= 0.193 rest= 0.007
  [bmc-incr i=341 repr=1 active=1422/176574 POs=1]
BMC : c =    1420  cl =   4503  lit =  176573  p =     0  d =     0  f =     1  +  T =     0.01 sec
  [bmc-prof 341] wall=  14.984 p=     1 | ifo=  0.766(sd=0.183 nx=0.000 tfo=0.067 cnt=0.516) snap= 0.291 srm=  8.501 sat=  5.232(set=0.185 slv=5.045 max=5.0450 n=1) sim= 0.000(rmp=0.000 run=0.000) chk= 0.001 stat= 0.188 rest= 0.006
  [bmc-incr i=342 repr=1 active=1421/176573 POs=1]
BMC : c =    1419  cl =   4503  lit =  176572  p =     0  d =     0  f =     1  +  T =     0.02 sec
  [bmc-prof 342] wall=  17.924 p=     1 | ifo=  0.899(sd=0.186 nx=0.000 tfo=0.065 cnt=0.648) snap= 0.340 srm=  9.972 sat=  6.504(set=0.238 slv=6.264 max=6.2642 n=1) sim= 0.000(rmp=0.000 run=0.000) chk= 0.000 stat= 0.203 rest= 0.006
  [bmc-incr i=343 repr=1 active=1420/176572 POs=1]
BMC : c =    1418  cl =   4503  lit =  176571  p =     0  d =     0  f =     1  +  T =     0.02 sec
  [bmc-prof 343] wall=  16.024 p=     1 | ifo=  0.758(sd=0.186 nx=0.000 tfo=0.069 cnt=0.502) snap= 0.314 srm=  8.970 sat=  5.761(set=0.197 slv=5.561 max=5.5611 n=1) sim= 0.000(rmp=0.000 run=0.000) chk= 0.000 stat= 0.214 rest= 0.006
  [bmc-incr i=344 repr=1 active=1419/176571 POs=1]
BMC : c =    1417  cl =   4503  lit =  176570  p =     0  d =     0  f =     1  +  T =     0.02 sec
  [bmc-prof 344] wall=  15.840 p=     1 | ifo=  0.805(sd=0.198 nx=0.000 tfo=0.067 cnt=0.540) snap= 0.314 srm=  9.170 sat=  5.335(set=0.190 slv=5.143 max=5.1431 n=1) sim= 0.000(rmp=0.000 run=0.000) chk= 0.001 stat= 0.208 rest= 0.008
  [bmc-incr i=345 repr=1 active=1418/176570 POs=1]
BMC : c =    1416  cl =   4503  lit =  176569  p =     0  d =     0  f =     1  +  T =     0.02 sec
  [bmc-prof 345] wall=  16.020 p=     1 | ifo=  0.869(sd=0.183 nx=0.000 tfo=0.070 cnt=0.616) snap= 0.296 srm=  8.115 sat=  6.517(set=0.196 slv=6.318 max=6.3184 n=1) sim= 0.000(rmp=0.000 run=0.000) chk= 0.000 stat= 0.218 rest= 0.006
  [bmc-incr i=346 repr=1 active=1417/176569 POs=1]
BMC : c =    1415  cl =   4503  lit =  176568  p =     0  d =     0  f =     1  +  T =     0.02 sec
  [bmc-prof 346] wall=  17.139 p=     1 | ifo=  0.880(sd=0.213 nx=0.000 tfo=0.069 cnt=0.598) snap= 0.311 srm=  9.623 sat=  6.086(set=0.193 slv=5.889 max=5.8894 n=1) sim= 0.000(rmp=0.000 run=0.000) chk= 0.000 stat= 0.233 rest= 0.006
  [bmc-incr i=347 repr=1 active=1416/176568 POs=1]
BMC : c =    1414  cl =   4503  lit =  176567  p =     0  d =     0  f =     1  +  T =     0.02 sec
  [bmc-prof 347] wall=  15.383 p=     1 | ifo=  0.763(sd=0.196 nx=0.000 tfo=0.068 cnt=0.499) snap= 0.309 srm=  8.582 sat=  5.530(set=0.194 slv=5.334 max=5.3339 n=1) sim= 0.000(rmp=0.000 run=0.000) chk= 0.000 stat= 0.192 rest= 0.007
  [bmc-incr i=348 repr=1 active=1415/176567 POs=1]
BMC : c =    1413  cl =   4503  lit =  176566  p =     0  d =     0  f =     1  +  T =     0.01 sec
  [bmc-prof 348] wall=  15.070 p=     1 | ifo=  0.778(sd=0.199 nx=0.000 tfo=0.068 cnt=0.512) snap= 0.295 srm=  8.416 sat=  5.387(set=0.197 slv=5.188 max=5.1876 n=1) sim= 0.000(rmp=0.000 run=0.000) chk= 0.001 stat= 0.187 rest= 0.006
  [bmc-incr i=349 repr=1 active=1414/176566 POs=1]
BMC : c =    1412  cl =   4503  lit =  176565  p =     0  d =     0  f =     1  +  T =     0.02 sec
  [bmc-prof 349] wall=  15.438 p=     1 | ifo=  0.814(sd=0.204 nx=0.000 tfo=0.068 cnt=0.542) snap= 0.290 srm=  8.889 sat=  5.233(set=0.190 slv=5.040 max=5.0403 n=1) sim= 0.000(rmp=0.000 run=0.000) chk= 0.000 stat= 0.206 rest= 0.006
  [bmc-incr i=350 repr=1 active=1413/176565 POs=1]
BMC : c =    1411  cl =   4503  lit =  176564  p =     0  d =     0  f =     1  +  T =     0.02 sec
  [bmc-prof 350] wall=  15.585 p=     1 | ifo=  0.770(sd=0.185 nx=0.000 tfo=0.072 cnt=0.514) snap= 0.300 srm=  8.073 sat=  6.241(set=0.192 slv=6.046 max=6.0462 n=1) sim= 0.000(rmp=0.000 run=0.000) chk= 0.001 stat= 0.195 rest= 0.005
  [bmc-incr i=351 repr=1 active=1412/176564 POs=1]
BMC : c =    1410  cl =   4503  lit =  176563  p =     0  d =     0  f =     1  +  T =     0.02 sec
  [bmc-prof 351] wall=  16.524 p=     1 | ifo=  0.766(sd=0.188 nx=0.000 tfo=0.068 cnt=0.509) snap= 0.312 srm=  9.400 sat=  5.834(set=0.197 slv=5.635 max=5.6354 n=1) sim= 0.000(rmp=0.000 run=0.000) chk= 0.001 stat= 0.205 rest= 0.006
  [bmc-incr i=352 repr=1 active=1411/176563 POs=1]
BMC : c =    1409  cl =   4503  lit =  176562  p =     0  d =     0  f =     1  +  T =     0.02 sec
  [bmc-prof 352] wall=  16.275 p=     1 | ifo=  0.846(sd=0.203 nx=0.000 tfo=0.087 cnt=0.556) snap= 0.383 srm=  9.222 sat=  5.624(set=0.261 slv=5.361 max=5.3611 n=1) sim= 0.000(rmp=0.000 run=0.000) chk= 0.001 stat= 0.193 rest= 0.006
  [bmc-incr i=353 repr=1 active=1410/176562 POs=1]
BMC : c =    1408  cl =   4503  lit =  176561  p =     0  d =     0  f =     1  +  T =     0.02 sec
  [bmc-prof 353] wall=  16.644 p=     1 | ifo=  0.777(sd=0.203 nx=0.000 tfo=0.067 cnt=0.507) snap= 0.299 srm=  8.443 sat=  6.897(set=0.180 slv=6.715 max=6.7146 n=1) sim= 0.000(rmp=0.000 run=0.000) chk= 0.001 stat= 0.222 rest= 0.006
  [bmc-incr i=354 repr=1 active=1409/176561 POs=1]
BMC : c =    1407  cl =   4503  lit =  176560  p =     0  d =     0  f =     1  +  T =     0.02 sec
  [bmc-prof 354] wall=  15.864 p=     1 | ifo=  0.914(sd=0.217 nx=0.000 tfo=0.091 cnt=0.606) snap= 0.292 srm=  9.164 sat=  5.291(set=0.187 slv=5.101 max=5.1011 n=1) sim= 0.000(rmp=0.000 run=0.000) chk= 0.001 stat= 0.196 rest= 0.006
  [bmc-incr i=355 repr=1 active=1408/176560 POs=1]
BMC : c =    1406  cl =   4503  lit =  176559  p =     0  d =     0  f =     1  +  T =     0.02 sec
  [bmc-prof 355] wall=  16.767 p=     1 | ifo=  0.886(sd=0.194 nx=0.000 tfo=0.076 cnt=0.617) snap= 0.307 srm=  9.152 sat=  6.197(set=0.196 slv=5.997 max=5.9971 n=1) sim= 0.000(rmp=0.000 run=0.000) chk= 0.001 stat= 0.219 rest= 0.006
  [bmc-incr i=356 repr=1 active=1407/176559 POs=1]
BMC : c =    1405  cl =   4503  lit =  176558  p =     0  d =     0  f =     1  +  T =     0.01 sec
  [bmc-prof 356] wall=  14.997 p=     1 | ifo=  0.794(sd=0.191 nx=0.000 tfo=0.069 cnt=0.534) snap= 0.282 srm=  8.436 sat=  5.231(set=0.186 slv=5.042 max=5.0418 n=1) sim= 0.000(rmp=0.000 run=0.000) chk= 0.000 stat= 0.250 rest= 0.004
  [bmc-incr i=357 repr=1 active=1406/176558 POs=1]
BMC : c =    1404  cl =   4503  lit =  176557  p =     0  d =     0  f =     1  +  T =     0.02 sec
  [bmc-prof 357] wall=  15.629 p=     1 | ifo=  0.892(sd=0.227 nx=0.000 tfo=0.077 cnt=0.587) snap= 0.298 srm=  8.186 sat=  5.990(set=0.190 slv=5.797 max=5.7974 n=1) sim= 0.000(rmp=0.000 run=0.000) chk= 0.000 stat= 0.225 rest= 0.037
  [bmc-incr i=358 repr=1 active=1405/176557 POs=1]
BMC : c =    1403  cl =   4503  lit =  176556  p =     0  d =     0  f =     1  +  T =     0.02 sec
  [bmc-prof 358] wall=  16.300 p=     1 | ifo=  0.863(sd=0.212 nx=0.000 tfo=0.068 cnt=0.584) snap= 0.321 srm=  9.116 sat=  5.796(set=0.199 slv=5.594 max=5.5942 n=1) sim= 0.000(rmp=0.000 run=0.000) chk= 0.001 stat= 0.198 rest= 0.007
  [bmc-incr i=359 repr=1 active=1404/176556 POs=1]
BMC : c =    1402  cl =   4503  lit =  176555  p =     0  d =     0  f =     1  +  T =     0.02 sec
  [bmc-prof 359] wall=  15.934 p=     1 | ifo=  0.784(sd=0.191 nx=0.000 tfo=0.064 cnt=0.530) snap= 0.300 srm=  8.972 sat=  5.679(set=0.187 slv=5.489 max=5.4891 n=1) sim= 0.000(rmp=0.000 run=0.000) chk= 0.000 stat= 0.189 rest= 0.008
  [bmc-incr i=360 repr=1 active=1403/176555 POs=1]
BMC : c =    1401  cl =   4503  lit =  176554  p =     0  d =     0  f =     1  +  T =     0.02 sec
  [bmc-prof 360] wall=  15.698 p=     1 | ifo=  0.770(sd=0.198 nx=0.000 tfo=0.065 cnt=0.507) snap= 0.292 srm=  8.464 sat=  5.968(set=0.184 slv=5.782 max=5.7822 n=1) sim= 0.000(rmp=0.000 run=0.000) chk= 0.000 stat= 0.199 rest= 0.005
  [bmc-incr i=361 repr=1 active=1402/176554 POs=1]
BMC : c =    1400  cl =   4503  lit =  176553  p =     0  d =     0  f =     1  +  T =     0.02 sec
  [bmc-prof 361] wall=  16.662 p=     1 | ifo=  0.749(sd=0.196 nx=0.000 tfo=0.069 cnt=0.484) snap= 0.321 srm=  9.210 sat=  6.169(set=0.201 slv=5.965 max=5.9645 n=1) sim= 0.000(rmp=0.000 run=0.000) chk= 0.000 stat= 0.208 rest= 0.006
  [bmc-incr i=362 repr=1 active=1401/176553 POs=1]
BMC : c =    1399  cl =   4503  lit =  176552  p =     0  d =     0  f =     1  +  T =     0.02 sec
  [bmc-prof 362] wall=  15.993 p=     1 | ifo=  0.818(sd=0.198 nx=0.000 tfo=0.068 cnt=0.553) snap= 0.315 srm=  9.020 sat=  5.637(set=0.195 slv=5.440 max=5.4397 n=1) sim= 0.000(rmp=0.000 run=0.000) chk= 0.000 stat= 0.197 rest= 0.005
  [bmc-incr i=363 repr=1 active=1400/176552 POs=1]
BMC : c =    1398  cl =   4503  lit =  176551  p =     0  d =     0  f =     1  +  T =     0.02 sec
  [bmc-prof 363] wall=  15.964 p=     1 | ifo=  0.790(sd=0.192 nx=0.000 tfo=0.068 cnt=0.529) snap= 0.325 srm=  9.018 sat=  5.638(set=0.191 slv=5.445 max=5.4447 n=1) sim= 0.000(rmp=0.000 run=0.000) chk= 0.001 stat= 0.188 rest= 0.005
  [bmc-incr i=364 repr=1 active=1399/176551 POs=1]
BMC : c =    1397  cl =   4503  lit =  176550  p =     0  d =     0  f =     1  +  T =     0.02 sec
  [bmc-prof 364] wall=  16.586 p=     1 | ifo=  0.755(sd=0.181 nx=0.000 tfo=0.070 cnt=0.504) snap= 0.311 srm=  8.707 sat=  6.585(set=0.208 slv=6.374 max=6.3745 n=1) sim= 0.000(rmp=0.000 run=0.000) chk= 0.001 stat= 0.224 rest= 0.005
  [bmc-incr i=365 repr=1 active=1398/176550 POs=1]
BMC : c =    1396  cl =   4503  lit =  176549  p =     0  d =     0  f =     1  +  T =     0.02 sec
  [bmc-prof 365] wall=  16.267 p=     1 | ifo=  1.020(sd=0.313 nx=0.000 tfo=0.081 cnt=0.626) snap= 0.336 srm=  8.972 sat=  5.722(set=0.207 slv=5.512 max=5.5121 n=1) sim= 0.000(rmp=0.000 run=0.000) chk= 0.000 stat= 0.209 rest= 0.008
  [bmc-incr i=366 repr=1 active=1397/176549 POs=1]
BMC : c =    1395  cl =   4503  lit =  176548  p =     0  d =     0  f =     1  +  T =     0.02 sec
  [bmc-prof 366] wall=  17.351 p=     1 | ifo=  0.810(sd=0.196 nx=0.000 tfo=0.068 cnt=0.547) snap= 0.308 srm= 10.401 sat=  5.628(set=0.204 slv=5.421 max=5.4206 n=1) sim= 0.000(rmp=0.000 run=0.000) chk= 0.000 stat= 0.197 rest= 0.006
  [bmc-incr i=367 repr=1 active=1396/176548 POs=1]
BMC : c =    1394  cl =   4503  lit =  176547  p =     0  d =     0  f =     1  +  T =     0.02 sec
  [bmc-prof 367] wall=  16.304 p=     1 | ifo=  0.750(sd=0.176 nx=0.000 tfo=0.074 cnt=0.500) snap= 0.294 srm=  9.024 sat=  6.018(set=0.187 slv=5.829 max=5.8291 n=1) sim= 0.000(rmp=0.000 run=0.000) chk= 0.001 stat= 0.211 rest= 0.006
  [bmc-incr i=368 repr=1 active=1395/176547 POs=1]
BMC : c =    1393  cl =   4503  lit =  176546  p =     0  d =     0  f =     1  +  T =     0.02 sec
  [bmc-prof 368] wall=  15.701 p=     1 | ifo=  1.165(sd=0.243 nx=0.000 tfo=0.313 cnt=0.609) snap= 0.316 srm=  8.757 sat=  5.268(set=0.205 slv=5.060 max=5.0598 n=1) sim= 0.000(rmp=0.000 run=0.000) chk= 0.000 stat= 0.189 rest= 0.006
  [bmc-incr i=369 repr=1 active=1394/176546 POs=1]
BMC : c =    1392  cl =   4503  lit =  176545  p =     0  d =     0  f =     1  +  T =     0.02 sec
  [bmc-prof 369] wall=  15.617 p=     1 | ifo=  0.725(sd=0.181 nx=0.000 tfo=0.067 cnt=0.477) snap= 0.318 srm=  8.906 sat=  5.467(set=0.202 slv=5.262 max=5.2620 n=1) sim= 0.000(rmp=0.000 run=0.000) chk= 0.000 stat= 0.195 rest= 0.005
  [bmc-incr i=370 repr=1 active=1393/176545 POs=1]
BMC : c =    1391  cl =   4503  lit =  176544  p =     0  d =     0  f =     1  +  T =     0.02 sec
  [bmc-prof 370] wall=  15.884 p=     1 | ifo=  0.755(sd=0.192 nx=0.000 tfo=0.068 cnt=0.494) snap= 0.402 srm=  8.013 sat=  6.495(set=0.187 slv=6.306 max=6.3064 n=1) sim= 0.000(rmp=0.000 run=0.000) chk= 0.000 stat= 0.212 rest= 0.006
  [bmc-incr i=371 repr=1 active=1392/176544 POs=1]
BMC : c =    1390  cl =   4503  lit =  176543  p =     0  d =     0  f =     1  +  T =     0.02 sec
  [bmc-prof 371] wall=  17.328 p=     1 | ifo=  0.879(sd=0.210 nx=0.000 tfo=0.067 cnt=0.603) snap= 0.327 srm=  9.583 sat=  6.334(set=0.201 slv=6.130 max=6.1297 n=1) sim= 0.000(rmp=0.000 run=0.000) chk= 0.000 stat= 0.200 rest= 0.005
  [bmc-incr i=372 repr=1 active=1391/176543 POs=1]
BMC : c =    1389  cl =   4503  lit =  176542  p =     0  d =     0  f =     1  +  T =     0.01 sec
  [bmc-prof 372] wall=  14.753 p=     1 | ifo=  0.807(sd=0.195 nx=0.000 tfo=0.064 cnt=0.548) snap= 0.279 srm=  8.230 sat=  5.240(set=0.186 slv=5.052 max=5.0518 n=1) sim= 0.000(rmp=0.000 run=0.000) chk= 0.000 stat= 0.191 rest= 0.005
  [bmc-incr i=373 repr=1 active=1390/176542 POs=1]
BMC : c =    1388  cl =   4503  lit =  176541  p =     0  d =     0  f =     1  +  T =     0.02 sec
  [bmc-prof 373] wall=  15.764 p=     1 | ifo=  0.741(sd=0.183 nx=0.000 tfo=0.066 cnt=0.492) snap= 0.293 srm=  8.757 sat=  5.775(set=0.207 slv=5.566 max=5.5657 n=1) sim= 0.000(rmp=0.000 run=0.000) chk= 0.001 stat= 0.191 rest= 0.007
  [bmc-incr i=374 repr=1 active=1389/176541 POs=1]
BMC : c =    1387  cl =   4503  lit =  176540  p =     0  d =     0  f =     1  +  T =     0.02 sec
  [bmc-prof 374] wall=  16.733 p=     1 | ifo=  0.785(sd=0.203 nx=0.000 tfo=0.066 cnt=0.516) snap= 0.293 srm=  8.955 sat=  6.424(set=0.187 slv=6.233 max=6.2334 n=1) sim= 0.000(rmp=0.000 run=0.000) chk= 0.001 stat= 0.270 rest= 0.006
  [bmc-incr i=375 repr=1 active=1388/176540 POs=1]
BMC : c =    1386  cl =   4503  lit =  176539  p =     0  d =     0  f =     1  +  T =     0.02 sec
  [bmc-prof 375] wall=  16.094 p=     1 | ifo=  0.928(sd=0.251 nx=0.000 tfo=0.077 cnt=0.600) snap= 0.331 srm=  8.916 sat=  5.687(set=0.195 slv=5.489 max=5.4890 n=1) sim= 0.000(rmp=0.000 run=0.000) chk= 0.001 stat= 0.223 rest= 0.008
  [bmc-incr i=376 repr=1 active=1387/176539 POs=1]
BMC : c =    1385  cl =   4503  lit =  176538  p =     0  d =     0  f =     1  +  T =     0.02 sec
  [bmc-prof 376] wall=  16.772 p=     1 | ifo=  0.832(sd=0.203 nx=0.000 tfo=0.066 cnt=0.563) snap= 0.363 srm=  9.535 sat=  5.831(set=0.226 slv=5.602 max=5.6024 n=1) sim= 0.000(rmp=0.000 run=0.000) chk= 0.001 stat= 0.204 rest= 0.006
  [bmc-incr i=377 repr=1 active=1386/176538 POs=1]
BMC : c =    1384  cl =   4503  lit =  176537  p =     0  d =     0  f =     1  +  T =     0.02 sec
  [bmc-prof 377] wall=  17.557 p=     1 | ifo=  0.779(sd=0.193 nx=0.000 tfo=0.066 cnt=0.520) snap= 0.390 srm=  9.971 sat=  6.212(set=0.233 slv=5.977 max=5.9769 n=1) sim= 0.000(rmp=0.000 run=0.000) chk= 0.000 stat= 0.199 rest= 0.005
  [bmc-incr i=378 repr=1 active=1385/176537 POs=1]
BMC : c =    1383  cl =   4503  lit =  176536  p =     0  d =     0  f =     1  +  T =     0.02 sec
  [bmc-prof 378] wall=  15.932 p=     1 | ifo=  0.790(sd=0.193 nx=0.000 tfo=0.064 cnt=0.533) snap= 0.375 srm=  8.795 sat=  5.783(set=0.195 slv=5.586 max=5.5859 n=1) sim= 0.000(rmp=0.000 run=0.000) chk= 0.001 stat= 0.182 rest= 0.006
  [bmc-incr i=379 repr=1 active=1384/176536 POs=1]
BMC : c =    1382  cl =   4503  lit =  176535  p =     0  d =     0  f =     1  +  T =     0.02 sec
  [bmc-prof 379] wall=  15.464 p=     1 | ifo=  0.740(sd=0.177 nx=0.000 tfo=0.067 cnt=0.496) snap= 0.285 srm=  8.123 sat=  6.120(set=0.178 slv=5.940 max=5.9401 n=1) sim= 0.000(rmp=0.000 run=0.000) chk= 0.001 stat= 0.189 rest= 0.006
  [bmc-incr i=380 repr=1 active=1383/176535 POs=1]
BMC : c =    1381  cl =   4503  lit =  176534  p =     0  d =     0  f =     1  +  T =     0.02 sec
  [bmc-prof 380] wall=  16.763 p=     1 | ifo=  0.815(sd=0.182 nx=0.000 tfo=0.078 cnt=0.555) snap= 0.313 srm=  9.211 sat=  6.140(set=0.197 slv=5.941 max=5.9408 n=1) sim= 0.000(rmp=0.000 run=0.000) chk= 0.000 stat= 0.278 rest= 0.006
  [bmc-incr i=381 repr=1 active=1382/176534 POs=1]
BMC : c =    1380  cl =   4503  lit =  176533  p =     0  d =     0  f =     1  +  T =     0.02 sec
  [bmc-prof 381] wall=  16.070 p=     1 | ifo=  0.851(sd=0.191 nx=0.000 tfo=0.064 cnt=0.596) snap= 0.308 srm=  8.497 sat=  6.211(set=0.369 slv=5.839 max=5.8390 n=1) sim= 0.000(rmp=0.000 run=0.000) chk= 0.000 stat= 0.196 rest= 0.006
  [bmc-incr i=382 repr=1 active=1381/176533 POs=1]
BMC : c =    1379  cl =   4503  lit =  176532  p =     0  d =     0  f =     1  +  T =     0.02 sec
  [bmc-prof 382] wall=  16.882 p=     1 | ifo=  0.868(sd=0.193 nx=0.000 tfo=0.066 cnt=0.609) snap= 0.312 srm=  8.921 sat=  6.572(set=0.192 slv=6.377 max=6.3773 n=1) sim= 0.000(rmp=0.000 run=0.000) chk= 0.001 stat= 0.202 rest= 0.006
  [bmc-incr i=383 repr=1 active=1380/176532 POs=1]
BMC : c =    1378  cl =   4503  lit =  176531  p =     0  d =     0  f =     1  +  T =     0.02 sec
  [bmc-prof 383] wall=  16.435 p=     1 | ifo=  0.814(sd=0.202 nx=0.000 tfo=0.063 cnt=0.549) snap= 0.308 srm=  9.260 sat=  5.799(set=0.190 slv=5.606 max=5.6062 n=1) sim= 0.000(rmp=0.000 run=0.000) chk= 0.000 stat= 0.247 rest= 0.005
  [bmc-incr i=384 repr=1 active=1379/176531 POs=1]
BMC : c =    1377  cl =   4503  lit =  176530  p =     0  d =     0  f =     1  +  T =     0.02 sec
  [bmc-prof 384] wall=  15.999 p=     1 | ifo=  0.937(sd=0.224 nx=0.000 tfo=0.116 cnt=0.597) snap= 0.292 srm=  8.873 sat=  5.699(set=0.225 slv=5.471 max=5.4709 n=1) sim= 0.000(rmp=0.000 run=0.000) chk= 0.000 stat= 0.192 rest= 0.005
  [bmc-incr i=385 repr=1 active=1378/176530 POs=1]
BMC : c =    1376  cl =   4503  lit =  176529  p =     0  d =     0  f =     1  +  T =     0.02 sec
  [bmc-prof 385] wall=  15.773 p=     1 | ifo=  0.780(sd=0.203 nx=0.000 tfo=0.065 cnt=0.512) snap= 0.301 srm=  8.719 sat=  5.731(set=0.208 slv=5.521 max=5.5207 n=1) sim= 0.000(rmp=0.000 run=0.000) chk= 0.000 stat= 0.236 rest= 0.005
  [bmc-incr i=386 repr=1 active=1377/176529 POs=1]
BMC : c =    1375  cl =   4503  lit =  176528  p =     0  d =     0  f =     1  +  T =     0.02 sec
  [bmc-prof 386] wall=  15.737 p=     1 | ifo=  0.838(sd=0.222 nx=0.000 tfo=0.070 cnt=0.546) snap= 0.372 srm=  8.446 sat=  5.851(set=0.233 slv=5.615 max=5.6149 n=1) sim= 0.000(rmp=0.000 run=0.000) chk= 0.001 stat= 0.224 rest= 0.006
  [bmc-incr i=387 repr=1 active=1376/176528 POs=1]
BMC : c =    1374  cl =   4503  lit =  176527  p =     0  d =     0  f =     1  +  T =     0.02 sec
  [bmc-prof 387] wall=  16.566 p=     1 | ifo=  0.793(sd=0.192 nx=0.000 tfo=0.068 cnt=0.533) snap= 0.296 srm=  9.851 sat=  5.416(set=0.222 slv=5.191 max=5.1915 n=1) sim= 0.000(rmp=0.000 run=0.000) chk= 0.001 stat= 0.202 rest= 0.007
  [bmc-incr i=388 repr=1 active=1375/176527 POs=1]
BMC : c =    1373  cl =   4503  lit =  176526  p =     0  d =     0  f =     1  +  T =     0.02 sec
  [bmc-prof 388] wall=  15.204 p=     1 | ifo=  0.773(sd=0.192 nx=0.000 tfo=0.065 cnt=0.516) snap= 0.289 srm=  8.957 sat=  4.994(set=0.200 slv=4.791 max=4.7912 n=1) sim= 0.000(rmp=0.000 run=0.000) chk= 0.000 stat= 0.187 rest= 0.004
  [bmc-incr i=389 repr=1 active=1374/176526 POs=1]
BMC : c =    1372  cl =   4503  lit =  176525  p =     0  d =     0  f =     1  +  T =     0.02 sec
  [bmc-prof 389] wall=  15.522 p=     1 | ifo=  0.727(sd=0.182 nx=0.000 tfo=0.065 cnt=0.479) snap= 0.309 srm=  8.492 sat=  5.761(set=0.202 slv=5.556 max=5.5557 n=1) sim= 0.000(rmp=0.000 run=0.000) chk= 0.000 stat= 0.195 rest= 0.039
  [bmc-incr i=390 repr=1 active=1373/176525 POs=1]
BMC : c =    1371  cl =   4503  lit =  176524  p =     0  d =     0  f =     1  +  T =     0.02 sec
  [bmc-prof 390] wall=  15.911 p=     1 | ifo=  0.743(sd=0.187 nx=0.000 tfo=0.064 cnt=0.493) snap= 0.299 srm=  8.932 sat=  5.739(set=0.188 slv=5.549 max=5.5486 n=1) sim= 0.000(rmp=0.000 run=0.000) chk= 0.000 stat= 0.191 rest= 0.007
  [bmc-incr i=391 repr=1 active=1372/176524 POs=1]
BMC : c =    1370  cl =   4503  lit =  176523  p =     0  d =     0  f =     1  +  T =     0.02 sec
  [bmc-prof 391] wall=  16.103 p=     1 | ifo=  0.762(sd=0.185 nx=0.000 tfo=0.067 cnt=0.510) snap= 0.682 srm=  8.557 sat=  5.905(set=0.230 slv=5.672 max=5.6716 n=1) sim= 0.000(rmp=0.000 run=0.000) chk= 0.000 stat= 0.192 rest= 0.005
  [bmc-incr i=392 repr=1 active=1371/176523 POs=1]
BMC : c =    1369  cl =   4503  lit =  176522  p =     0  d =     0  f =     1  +  T =     0.02 sec
  [bmc-prof 392] wall=  17.806 p=     1 | ifo=  0.739(sd=0.179 nx=0.000 tfo=0.066 cnt=0.494) snap= 0.327 srm=  9.945 sat=  6.534(set=0.200 slv=6.331 max=6.3314 n=1) sim= 0.000(rmp=0.000 run=0.000) chk= 0.001 stat= 0.255 rest= 0.005
  [bmc-incr i=393 repr=1 active=1370/176522 POs=1]
BMC : c =    1368  cl =   4503  lit =  176521  p =     0  d =     0  f =     1  +  T =     0.02 sec
  [bmc-prof 393] wall=  17.138 p=     1 | ifo=  0.846(sd=0.233 nx=0.000 tfo=0.076 cnt=0.537) snap= 0.406 srm=  8.782 sat=  6.811(set=0.252 slv=6.556 max=6.5555 n=1) sim= 0.000(rmp=0.000 run=0.000) chk= 0.001 stat= 0.286 rest= 0.008
  [bmc-incr i=394 repr=1 active=1369/176521 POs=1]
BMC : c =    1367  cl =   4503  lit =  176520  p =     0  d =     0  f =     1  +  T =     0.02 sec
  [bmc-prof 394] wall=  16.487 p=     1 | ifo=  0.918(sd=0.254 nx=0.000 tfo=0.102 cnt=0.562) snap= 0.312 srm=  8.756 sat=  6.292(set=0.209 slv=6.080 max=6.0803 n=1) sim= 0.000(rmp=0.000 run=0.000) chk= 0.000 stat= 0.203 rest= 0.006
  [bmc-incr i=395 repr=1 active=1368/176520 POs=1]
BMC : c =    1366  cl =   4503  lit =  176519  p =     0  d =     0  f =     1  +  T =     0.02 sec
  [bmc-prof 395] wall=  16.878 p=     1 | ifo=  0.836(sd=0.218 nx=0.000 tfo=0.070 cnt=0.548) snap= 0.305 srm=  9.189 sat=  6.347(set=0.189 slv=6.154 max=6.1544 n=1) sim= 0.000(rmp=0.000 run=0.000) chk= 0.000 stat= 0.196 rest= 0.006
  [bmc-incr i=396 repr=1 active=1367/176519 POs=1]
BMC : c =    1365  cl =   4503  lit =  176518  p =     0  d =     0  f =     1  +  T =     0.02 sec
  [bmc-prof 396] wall=  16.908 p=     1 | ifo=  0.757(sd=0.190 nx=0.000 tfo=0.065 cnt=0.503) snap= 0.317 srm=  9.427 sat=  6.178(set=0.218 slv=5.957 max=5.9570 n=1) sim= 0.000(rmp=0.000 run=0.000) chk= 0.000 stat= 0.222 rest= 0.006
  [bmc-incr i=397 repr=1 active=1366/176518 POs=1]
BMC : c =    1364  cl =   4503  lit =  176517  p =     0  d =     0  f =     1  +  T =     0.02 sec
  [bmc-prof 397] wall=  15.439 p=     1 | ifo=  0.819(sd=0.196 nx=0.000 tfo=0.060 cnt=0.564) snap= 0.316 srm=  8.724 sat=  5.368(set=0.211 slv=5.154 max=5.1544 n=1) sim= 0.000(rmp=0.000 run=0.000) chk= 0.000 stat= 0.205 rest= 0.006
  [bmc-incr i=398 repr=1 active=1365/176517 POs=1]
BMC : c =    1363  cl =   4503  lit =  176516  p =     0  d =     0  f =     1  +  T =     0.02 sec
  [bmc-prof 398] wall=  15.942 p=     1 | ifo=  0.776(sd=0.205 nx=0.000 tfo=0.065 cnt=0.506) snap= 0.350 srm=  8.690 sat=  5.889(set=0.206 slv=5.680 max=5.6803 n=1) sim= 0.000(rmp=0.000 run=0.000) chk= 0.001 stat= 0.230 rest= 0.006
  [bmc-incr i=399 repr=1 active=1364/176516 POs=1]
BMC : c =    1362  cl =   4503  lit =  176515  p =     0  d =     0  f =     1  +  T =     0.02 sec
  [bmc-prof 399] wall=  16.935 p=     1 | ifo=  0.858(sd=0.210 nx=0.000 tfo=0.071 cnt=0.577) snap= 0.322 srm=  9.683 sat=  5.830(set=0.208 slv=5.619 max=5.6191 n=1) sim= 0.000(rmp=0.000 run=0.000) chk= 0.000 stat= 0.235 rest= 0.005
  [bmc-incr i=400 repr=1 active=1363/176515 POs=1]
BMC : c =    1361  cl =   4503  lit =  176514  p =     0  d =     0  f =     1  +  T =     0.02 sec
  [bmc-prof 400] wall=  16.896 p=     1 | ifo=  0.868(sd=0.202 nx=0.000 tfo=0.065 cnt=0.602) snap= 0.394 srm=  9.810 sat=  5.619(set=0.244 slv=5.373 max=5.3726 n=1) sim= 0.000(rmp=0.000 run=0.000) chk= 0.000 stat= 0.198 rest= 0.006
  [bmc-incr i=401 repr=1 active=1362/176514 POs=1]
BMC : c =    1360  cl =   4503  lit =  176513  p =     0  d =     0  f =     1  +  T =     0.01 sec
  [bmc-prof 401] wall=  15.222 p=     1 | ifo=  0.739(sd=0.181 nx=0.000 tfo=0.062 cnt=0.496) snap= 0.313 srm=  8.377 sat=  5.536(set=0.186 slv=5.347 max=5.3468 n=1) sim= 0.000(rmp=0.000 run=0.000) chk= 0.000 stat= 0.252 rest= 0.006
  [bmc-incr i=402 repr=1 active=1361/176513 POs=1]
BMC : c =    1359  cl =   4503  lit =  176512  p =     0  d =     0  f =     1  +  T =     0.01 sec
  [bmc-prof 402] wall=  14.845 p=     1 | ifo=  0.821(sd=0.229 nx=0.000 tfo=0.077 cnt=0.515) snap= 0.379 srm=  8.378 sat=  5.078(set=0.205 slv=4.870 max=4.8701 n=1) sim= 0.000(rmp=0.000 run=0.000) chk= 0.001 stat= 0.183 rest= 0.005
  [bmc-incr i=403 repr=1 active=1360/176512 POs=1]
BMC : c =    1358  cl =   4503  lit =  176511  p =     0  d =     0  f =     1  +  T =     0.02 sec
  [bmc-prof 403] wall=  15.230 p=     1 | ifo=  0.725(sd=0.176 nx=0.000 tfo=0.064 cnt=0.485) snap= 0.291 srm=  8.302 sat=  5.718(set=0.210 slv=5.505 max=5.5046 n=1) sim= 0.000(rmp=0.000 run=0.000) chk= 0.001 stat= 0.189 rest= 0.004
  [bmc-incr i=404 repr=1 active=1359/176511 POs=1]
BMC : c =    1357  cl =   4503  lit =  176510  p =     0  d =     0  f =     1  +  T =     0.02 sec
  [bmc-prof 404] wall=  16.188 p=     1 | ifo=  0.744(sd=0.190 nx=0.000 tfo=0.061 cnt=0.493) snap= 0.302 srm=  8.601 sat=  6.325(set=0.191 slv=6.131 max=6.1310 n=1) sim= 0.000(rmp=0.000 run=0.000) chk= 0.000 stat= 0.211 rest= 0.005
  [bmc-incr i=405 repr=1 active=1358/176510 POs=1]
BMC : c =    1356  cl =   4503  lit =  176509  p =     0  d =     0  f =     1  +  T =     0.02 sec
  [bmc-prof 405] wall=  16.338 p=     1 | ifo=  0.842(sd=0.203 nx=0.000 tfo=0.078 cnt=0.561) snap= 0.293 srm=  9.272 sat=  5.730(set=0.251 slv=5.476 max=5.4762 n=1) sim= 0.000(rmp=0.000 run=0.000) chk= 0.001 stat= 0.194 rest= 0.008
  [bmc-incr i=406 repr=1 active=1357/176509 POs=1]
BMC : c =    1355  cl =   4503  lit =  176508  p =     0  d =     0  f =     1  +  T =     0.02 sec
  [bmc-prof 406] wall=  15.283 p=     1 | ifo=  0.763(sd=0.202 nx=0.000 tfo=0.062 cnt=0.499) snap= 0.294 srm=  8.499 sat=  5.474(set=0.186 slv=5.285 max=5.2850 n=1) sim= 0.000(rmp=0.000 run=0.000) chk= 0.001 stat= 0.245 rest= 0.007
  [bmc-incr i=407 repr=1 active=1356/176508 POs=1]
BMC : c =    1354  cl =   4503  lit =  176507  p =     0  d =     0  f =     1  +  T =     0.02 sec
  [bmc-prof 407] wall=  16.946 p=     1 | ifo=  0.830(sd=0.191 nx=0.000 tfo=0.126 cnt=0.513) snap= 0.329 srm=  9.026 sat=  6.537(set=0.196 slv=6.340 max=6.3395 n=1) sim= 0.000(rmp=0.000 run=0.000) chk= 0.000 stat= 0.211 rest= 0.013
  [bmc-incr i=408 repr=1 active=1355/176507 POs=1]
BMC : c =    1353  cl =   4503  lit =  176506  p =     0  d =     0  f =     1  +  T =     0.02 sec
  [bmc-prof 408] wall=  16.249 p=     1 | ifo=  0.834(sd=0.206 nx=0.000 tfo=0.066 cnt=0.563) snap= 0.320 srm=  9.263 sat=  5.611(set=0.194 slv=5.414 max=5.4143 n=1) sim= 0.000(rmp=0.000 run=0.000) chk= 0.001 stat= 0.212 rest= 0.008
  [bmc-incr i=409 repr=1 active=1354/176506 POs=1]
BMC : c =    1352  cl =   4503  lit =  176505  p =     0  d =     0  f =     1  +  T =     0.02 sec
  [bmc-prof 409] wall=  17.794 p=     1 | ifo=  0.928(sd=0.184 nx=0.000 tfo=0.063 cnt=0.681) snap= 0.299 srm=  8.488 sat=  7.800(set=0.216 slv=7.581 max=7.5808 n=1) sim= 0.000(rmp=0.000 run=0.000) chk= 0.001 stat= 0.272 rest= 0.006
  [bmc-incr i=410 repr=1 active=1353/176505 POs=1]
BMC : c =    1351  cl =   4503  lit =  176504  p =     0  d =     0  f =     1  +  T =     0.02 sec
  [bmc-prof 410] wall=  17.217 p=     1 | ifo=  0.962(sd=0.262 nx=0.000 tfo=0.076 cnt=0.624) snap= 0.307 srm=  9.751 sat=  5.987(set=0.194 slv=5.790 max=5.7899 n=1) sim= 0.000(rmp=0.000 run=0.000) chk= 0.001 stat= 0.203 rest= 0.008
  [bmc-incr i=411 repr=1 active=1352/176504 POs=1]
BMC : c =    1350  cl =   4503  lit =  176503  p =     0  d =     0  f =     1  +  T =     0.02 sec
  [bmc-prof 411] wall=  17.100 p=     1 | ifo=  0.793(sd=0.195 nx=0.000 tfo=0.065 cnt=0.533) snap= 0.345 srm=  9.276 sat=  6.460(set=0.210 slv=6.246 max=6.2463 n=1) sim= 0.000(rmp=0.000 run=0.000) chk= 0.001 stat= 0.222 rest= 0.004
  [bmc-incr i=412 repr=1 active=1351/176503 POs=1]
BMC : c =    1349  cl =   4503  lit =  176502  p =     0  d =     0  f =     1  +  T =     0.02 sec
  [bmc-prof 412] wall=  15.906 p=     1 | ifo=  0.816(sd=0.196 nx=0.000 tfo=0.063 cnt=0.558) snap= 0.291 srm=  8.570 sat=  6.033(set=0.183 slv=5.847 max=5.8475 n=1) sim= 0.000(rmp=0.000 run=0.000) chk= 0.001 stat= 0.190 rest= 0.005
  [bmc-incr i=413 repr=1 active=1350/176502 POs=1]
BMC : c =    1348  cl =   4503  lit =  176501  p =     0  d =     0  f =     1  +  T =     0.02 sec
  [bmc-prof 413] wall=  16.013 p=     1 | ifo=  0.805(sd=0.186 nx=0.000 tfo=0.115 cnt=0.504) snap= 0.380 srm=  8.681 sat=  5.938(set=0.203 slv=5.732 max=5.7322 n=1) sim= 0.000(rmp=0.000 run=0.000) chk= 0.001 stat= 0.203 rest= 0.006
  [bmc-incr i=414 repr=1 active=1349/176501 POs=1]
BMC : c =    1347  cl =   4503  lit =  176500  p =     0  d =     0  f =     1  +  T =     0.02 sec
  [bmc-prof 414] wall=  17.056 p=     1 | ifo=  0.811(sd=0.195 nx=0.000 tfo=0.066 cnt=0.551) snap= 0.335 srm=  9.364 sat=  6.335(set=0.200 slv=6.133 max=6.1329 n=1) sim= 0.000(rmp=0.000 run=0.000) chk= 0.000 stat= 0.204 rest= 0.006
  [bmc-incr i=415 repr=1 active=1348/176500 POs=1]
BMC : c =    1346  cl =   4503  lit =  176499  p =     0  d =     0  f =     1  +  T =     0.02 sec
  [bmc-prof 415] wall=  16.577 p=     1 | ifo=  0.812(sd=0.195 nx=0.000 tfo=0.062 cnt=0.555) snap= 0.327 srm=  8.944 sat=  6.294(set=0.209 slv=6.082 max=6.0823 n=1) sim= 0.000(rmp=0.000 run=0.000) chk= 0.000 stat= 0.194 rest= 0.005
  [bmc-incr i=416 repr=1 active=1347/176499 POs=1]
BMC : c =    1345  cl =   4503  lit =  176498  p =     0  d =     0  f =     1  +  T =     0.02 sec
  [bmc-prof 416] wall=  16.551 p=     1 | ifo=  0.741(sd=0.182 nx=0.000 tfo=0.063 cnt=0.497) snap= 0.340 srm=  9.024 sat=  6.188(set=0.211 slv=5.973 max=5.9731 n=1) sim= 0.000(rmp=0.000 run=0.000) chk= 0.000 stat= 0.252 rest= 0.006
  [bmc-incr i=417 repr=1 active=1346/176498 POs=1]
BMC : c =    1344  cl =   4503  lit =  176497  p =     0  d =     0  f =     1  +  T =     0.02 sec
  [bmc-prof 417] wall=  16.636 p=     1 | ifo=  0.824(sd=0.227 nx=0.000 tfo=0.075 cnt=0.522) snap= 0.308 srm=  8.816 sat=  6.474(set=0.194 slv=6.277 max=6.2773 n=1) sim= 0.000(rmp=0.000 run=0.000) chk= 0.000 stat= 0.208 rest= 0.006
  [bmc-incr i=418 repr=1 active=1345/176497 POs=1]
BMC : c =    1343  cl =   4503  lit =  176496  p =     0  d =     0  f =     1  +  T =     0.02 sec
  [bmc-prof 418] wall=  15.417 p=     1 | ifo=  0.913(sd=0.279 nx=0.000 tfo=0.076 cnt=0.558) snap= 0.313 srm=  8.614 sat=  5.365(set=0.193 slv=5.169 max=5.1693 n=1) sim= 0.000(rmp=0.000 run=0.000) chk= 0.001 stat= 0.204 rest= 0.008
  [bmc-incr i=419 repr=1 active=1344/176496 POs=1]
BMC : c =    1342  cl =   4503  lit =  176495  p =     0  d =     0  f =     1  +  T =     0.02 sec
  [bmc-prof 419] wall=  15.253 p=     1 | ifo=  0.927(sd=0.208 nx=0.000 tfo=0.102 cnt=0.618) snap= 0.282 srm=  8.260 sat=  5.588(set=0.178 slv=5.408 max=5.4080 n=1) sim= 0.000(rmp=0.000 run=0.000) chk= 0.000 stat= 0.191 rest= 0.005
  [bmc-incr i=420 repr=1 active=1343/176495 POs=1]
BMC : c =    1341  cl =   4503  lit =  176494  p =     0  d =     0  f =     1  +  T =     0.02 sec
  [bmc-prof 420] wall=  15.871 p=     1 | ifo=  0.798(sd=0.191 nx=0.000 tfo=0.063 cnt=0.544) snap= 0.287 srm=  8.765 sat=  5.811(set=0.188 slv=5.621 max=5.6207 n=1) sim= 0.000(rmp=0.000 run=0.000) chk= 0.001 stat= 0.204 rest= 0.006
  [bmc-incr i=421 repr=1 active=1342/176494 POs=1]
BMC : c =    1340  cl =   4503  lit =  176493  p =     0  d =     0  f =     1  +  T =     0.02 sec
  [bmc-prof 421] wall=  16.332 p=     1 | ifo=  0.835(sd=0.206 nx=0.000 tfo=0.063 cnt=0.566) snap= 0.321 srm=  9.031 sat=  5.885(set=0.216 slv=5.666 max=5.6659 n=1) sim= 0.000(rmp=0.000 run=0.000) chk= 0.001 stat= 0.251 rest= 0.008
  [bmc-incr i=422 repr=1 active=1341/176493 POs=1]
BMC : c =    1339  cl =   4503  lit =  176492  p =     0  d =     0  f =     1  +  T =     0.02 sec
  [bmc-prof 422] wall=  17.770 p=     1 | ifo=  0.785(sd=0.197 nx=0.000 tfo=0.072 cnt=0.516) snap= 0.380 srm= 10.449 sat=  5.950(set=0.243 slv=5.704 max=5.7043 n=1) sim= 0.000(rmp=0.000 run=0.000) chk= 0.001 stat= 0.198 rest= 0.007
  [bmc-incr i=423 repr=1 active=1340/176492 POs=1]
BMC : c =    1338  cl =   4503  lit =  176491  p =     0  d =     0  f =     1  +  T =     0.02 sec
  [bmc-prof 423] wall=  15.841 p=     1 | ifo=  0.735(sd=0.182 nx=0.000 tfo=0.065 cnt=0.488) snap= 0.380 srm=  8.694 sat=  5.836(set=0.229 slv=5.604 max=5.6040 n=1) sim= 0.000(rmp=0.000 run=0.000) chk= 0.000 stat= 0.190 rest= 0.006
  [bmc-incr i=424 repr=1 active=1339/176491 POs=1]
BMC : c =    1337  cl =   4503  lit =  176490  p =     0  d =     0  f =     1  +  T =     0.02 sec
  [bmc-prof 424] wall=  18.468 p=     1 | ifo=  0.769(sd=0.184 nx=0.000 tfo=0.064 cnt=0.520) snap= 0.355 srm= 10.826 sat=  6.300(set=0.215 slv=6.082 max=6.0818 n=1) sim= 0.000(rmp=0.000 run=0.000) chk= 0.001 stat= 0.210 rest= 0.007
  [bmc-incr i=425 repr=1 active=1338/176490 POs=1]
BMC : c =    1336  cl =   4503  lit =  176489  p =     0  d =     0  f =     1  +  T =     0.02 sec
  [bmc-prof 425] wall=  16.714 p=     1 | ifo=  0.836(sd=0.203 nx=0.000 tfo=0.067 cnt=0.566) snap= 0.314 srm=  8.898 sat=  6.465(set=0.196 slv=6.265 max=6.2653 n=1) sim= 0.000(rmp=0.000 run=0.000) chk= 0.000 stat= 0.197 rest= 0.004
  [bmc-incr i=426 repr=1 active=1337/176489 POs=1]
BMC : c =    1335  cl =   4503  lit =  176488  p =     0  d =     0  f =     1  +  T =     0.02 sec
  [bmc-prof 426] wall=  15.759 p=     1 | ifo=  0.769(sd=0.202 nx=0.000 tfo=0.064 cnt=0.504) snap= 0.294 srm=  8.559 sat=  5.900(set=0.199 slv=5.698 max=5.6981 n=1) sim= 0.000(rmp=0.000 run=0.000) chk= 0.000 stat= 0.231 rest= 0.006
  [bmc-incr i=427 repr=1 active=1336/176488 POs=1]
BMC : c =    1334  cl =   4503  lit =  176487  p =     0  d =     0  f =     1  +  T =     0.02 sec
  [bmc-prof 427] wall=  15.317 p=     1 | ifo=  0.829(sd=0.199 nx=0.000 tfo=0.064 cnt=0.566) snap= 0.309 srm=  8.548 sat=  5.418(set=0.196 slv=5.219 max=5.2191 n=1) sim= 0.000(rmp=0.000 run=0.000) chk= 0.001 stat= 0.208 rest= 0.005
  [bmc-incr i=428 repr=1 active=1335/176487 POs=1]
BMC : c =    1333  cl =   4503  lit =  176486  p =     0  d =     0  f =     1  +  T =     0.02 sec
  [bmc-prof 428] wall=  15.305 p=     1 | ifo=  0.769(sd=0.185 nx=0.000 tfo=0.062 cnt=0.523) snap= 0.310 srm=  8.557 sat=  5.478(set=0.190 slv=5.285 max=5.2849 n=1) sim= 0.000(rmp=0.000 run=0.000) chk= 0.000 stat= 0.186 rest= 0.004
  [bmc-incr i=429 repr=1 active=1334/176486 POs=1]
BMC : c =    1332  cl =   4503  lit =  176485  p =     0  d =     0  f =     1  +  T =     0.02 sec
  [bmc-prof 429] wall=  15.407 p=     1 | ifo=  0.804(sd=0.195 nx=0.000 tfo=0.071 cnt=0.539) snap= 0.323 srm=  8.465 sat=  5.619(set=0.197 slv=5.419 max=5.4193 n=1) sim= 0.000(rmp=0.000 run=0.000) chk= 0.000 stat= 0.191 rest= 0.004
  [bmc-incr i=430 repr=1 active=1333/176485 POs=1]
BMC : c =    1331  cl =   4503  lit =  176484  p =     0  d =     0  f =     1  +  T =     0.02 sec
  [bmc-prof 430] wall=  16.740 p=     1 | ifo=  0.793(sd=0.196 nx=0.000 tfo=0.073 cnt=0.524) snap= 0.363 srm=  9.446 sat=  5.916(set=0.228 slv=5.685 max=5.6853 n=1) sim= 0.000(rmp=0.000 run=0.000) chk= 0.000 stat= 0.216 rest= 0.006
  [bmc-incr i=431 repr=1 active=1332/176484 POs=1]
BMC : c =    1330  cl =   4503  lit =  176483  p =     0  d =     0  f =     1  +  T =     0.02 sec
  [bmc-prof 431] wall=  19.343 p=     1 | ifo=  0.757(sd=0.187 nx=0.000 tfo=0.075 cnt=0.495) snap= 0.368 srm= 11.270 sat=  6.730(set=0.235 slv=6.492 max=6.4915 n=1) sim= 0.000(rmp=0.000 run=0.000) chk= 0.000 stat= 0.211 rest= 0.006
  [bmc-incr i=432 repr=1 active=1331/176483 POs=1]
BMC : c =    1329  cl =   4503  lit =  176482  p =     0  d =     0  f =     1  +  T =     0.02 sec
  [bmc-prof 432] wall=  17.118 p=     1 | ifo=  0.854(sd=0.209 nx=0.000 tfo=0.067 cnt=0.579) snap= 0.321 srm=  9.455 sat=  6.287(set=0.196 slv=6.088 max=6.0878 n=1) sim= 0.000(rmp=0.000 run=0.000) chk= 0.000 stat= 0.193 rest= 0.006
  [bmc-incr i=433 repr=1 active=1330/176482 POs=1]
BMC : c =    1328  cl =   4503  lit =  176481  p =     0  d =     0  f =     1  +  T =     0.02 sec
  [bmc-prof 433] wall=  16.013 p=     1 | ifo=  0.794(sd=0.183 nx=0.000 tfo=0.060 cnt=0.551) snap= 0.331 srm=  8.213 sat=  6.463(set=0.213 slv=6.248 max=6.2475 n=1) sim= 0.000(rmp=0.000 run=0.000) chk= 0.001 stat= 0.204 rest= 0.008
  [bmc-incr i=434 repr=1 active=1329/176481 POs=1]
BMC : c =    1327  cl =   4503  lit =  176480  p =     0  d =     0  f =     1  +  T =     0.02 sec
  [bmc-prof 434] wall=  16.955 p=     1 | ifo=  0.816(sd=0.200 nx=0.000 tfo=0.064 cnt=0.552) snap= 0.321 srm=  9.295 sat=  6.309(set=0.209 slv=6.097 max=6.0967 n=1) sim= 0.000(rmp=0.000 run=0.000) chk= 0.001 stat= 0.207 rest= 0.007
  [bmc-incr i=435 repr=1 active=1328/176480 POs=1]
BMC : c =    1326  cl =   4503  lit =  176479  p =     0  d =     0  f =     1  +  T =     0.02 sec
  [bmc-prof 435] wall=  16.718 p=     1 | ifo=  0.902(sd=0.202 nx=0.000 tfo=0.065 cnt=0.635) snap= 0.296 srm=  8.981 sat=  6.271(set=0.194 slv=6.073 max=6.0730 n=1) sim= 0.000(rmp=0.000 run=0.000) chk= 0.000 stat= 0.262 rest= 0.006
  [bmc-incr i=436 repr=1 active=1327/176479 POs=1]
BMC : c =    1325  cl =   4503  lit =  176478  p =     0  d =     0  f =     1  +  T =     0.02 sec
  [bmc-prof 436] wall=  16.020 p=     1 | ifo=  0.994(sd=0.238 nx=0.000 tfo=0.076 cnt=0.680) snap= 0.290 srm=  8.640 sat=  5.900(set=0.206 slv=5.692 max=5.6921 n=1) sim= 0.000(rmp=0.000 run=0.000) chk= 0.000 stat= 0.191 rest= 0.005
  [bmc-incr i=437 repr=1 active=1326/176478 POs=1]
BMC : c =    1324  cl =   4503  lit =  176477  p =     0  d =     0  f =     1  +  T =     0.01 sec
  [bmc-prof 437] wall=  15.161 p=     1 | ifo=  0.779(sd=0.206 nx=0.000 tfo=0.060 cnt=0.513) snap= 0.290 srm=  8.517 sat=  5.334(set=0.200 slv=5.132 max=5.1318 n=1) sim= 0.000(rmp=0.000 run=0.000) chk= 0.001 stat= 0.234 rest= 0.005
  [bmc-incr i=438 repr=1 active=1325/176477 POs=1]
BMC : c =    1323  cl =   4503  lit =  176476  p =     0  d =     0  f =     1  +  T =     0.01 sec
  [bmc-prof 438] wall=  15.181 p=     1 | ifo=  0.768(sd=0.192 nx=0.000 tfo=0.068 cnt=0.508) snap= 0.368 srm=  8.494 sat=  5.356(set=0.226 slv=5.127 max=5.1271 n=1) sim= 0.000(rmp=0.000 run=0.000) chk= 0.000 stat= 0.190 rest= 0.006
  [bmc-incr i=439 repr=1 active=1324/176476 POs=1]
BMC : c =    1322  cl =   4503  lit =  176475  p =     0  d =     0  f =     1  +  T =     0.02 sec
  [bmc-prof 439] wall=  15.327 p=     1 | ifo=  0.801(sd=0.217 nx=0.000 tfo=0.069 cnt=0.515) snap= 0.295 srm=  8.632 sat=  5.399(set=0.194 slv=5.202 max=5.2025 n=1) sim= 0.000(rmp=0.000 run=0.000) chk= 0.001 stat= 0.191 rest= 0.008
  [bmc-incr i=440 repr=1 active=1323/176475 POs=1]
BMC : c =    1321  cl =   4503  lit =  176474  p =     0  d =     0  f =     1  +  T =     0.02 sec
  [bmc-prof 440] wall=  16.740 p=     1 | ifo=  0.812(sd=0.199 nx=0.000 tfo=0.066 cnt=0.547) snap= 0.313 srm=  9.684 sat=  5.735(set=0.205 slv=5.527 max=5.5274 n=1) sim= 0.000(rmp=0.000 run=0.000) chk= 0.000 stat= 0.192 rest= 0.005
  [bmc-incr i=441 repr=1 active=1322/176474 POs=1]
BMC : c =    1320  cl =   4503  lit =  176473  p =     0  d =     0  f =     1  +  T =     0.02 sec
  [bmc-prof 441] wall=  15.277 p=     1 | ifo=  0.734(sd=0.182 nx=0.000 tfo=0.059 cnt=0.493) snap= 0.297 srm=  8.414 sat=  5.627(set=0.197 slv=5.427 max=5.4273 n=1) sim= 0.000(rmp=0.000 run=0.000) chk= 0.001 stat= 0.198 rest= 0.005
  [bmc-incr i=442 repr=1 active=1321/176473 POs=1]
BMC : c =    1319  cl =   4503  lit =  176472  p =     0  d =     0  f =     1  +  T =     0.02 sec
  [bmc-prof 442] wall=  15.915 p=     1 | ifo=  0.765(sd=0.186 nx=0.000 tfo=0.062 cnt=0.517) snap= 0.281 srm=  8.739 sat=  5.576(set=0.185 slv=5.389 max=5.3892 n=1) sim= 0.000(rmp=0.000 run=0.000) chk= 0.001 stat= 0.547 rest= 0.007
  [bmc-incr i=443 repr=1 active=1320/176472 POs=1]
BMC : c =    1318  cl =   4503  lit =  176471  p =     0  d =     0  f =     1  +  T =     0.02 sec
  [bmc-prof 443] wall=  17.399 p=     1 | ifo=  0.879(sd=0.251 nx=0.000 tfo=0.066 cnt=0.561) snap= 0.386 srm=  9.504 sat=  6.418(set=0.239 slv=6.176 max=6.1759 n=1) sim= 0.000(rmp=0.000 run=0.000) chk= 0.000 stat= 0.206 rest= 0.005
  [bmc-incr i=444 repr=1 active=1319/176471 POs=1]
BMC : c =    1317  cl =   4503  lit =  176470  p =     0  d =     0  f =     1  +  T =     0.01 sec
  [bmc-prof 444] wall=  15.129 p=     1 | ifo=  0.736(sd=0.182 nx=0.000 tfo=0.062 cnt=0.492) snap= 0.298 srm=  8.470 sat=  5.411(set=0.192 slv=5.217 max=5.2173 n=1) sim= 0.000(rmp=0.000 run=0.000) chk= 0.000 stat= 0.209 rest= 0.005
  [bmc-incr i=445 repr=1 active=1318/176470 POs=1]
BMC : c =    1316  cl =   4503  lit =  176469  p =     0  d =     0  f =     1  +  T =     0.02 sec
  [bmc-prof 445] wall=  15.663 p=     1 | ifo=  0.808(sd=0.183 nx=0.000 tfo=0.062 cnt=0.563) snap= 0.304 srm=  8.594 sat=  5.749(set=0.198 slv=5.548 max=5.5479 n=1) sim= 0.000(rmp=0.000 run=0.000) chk= 0.000 stat= 0.200 rest= 0.007
  [bmc-incr i=446 repr=1 active=1317/176469 POs=1]
BMC : c =    1315  cl =   4503  lit =  176468  p =     0  d =     0  f =     1  +  T =     0.02 sec
  [bmc-prof 446] wall=  18.269 p=     1 | ifo=  0.774(sd=0.192 nx=0.000 tfo=0.065 cnt=0.517) snap= 0.341 srm= 10.000 sat=  6.924(set=0.293 slv=6.626 max=6.6264 n=1) sim= 0.000(rmp=0.000 run=0.000) chk= 0.001 stat= 0.222 rest= 0.007
  [bmc-incr i=447 repr=1 active=1316/176468 POs=1]
BMC : c =    1314  cl =   4503  lit =  176467  p =     0  d =     0  f =     1  +  T =     0.02 sec
  [bmc-prof 447] wall=  16.826 p=     1 | ifo=  0.863(sd=0.199 nx=0.000 tfo=0.065 cnt=0.599) snap= 0.325 srm=  9.221 sat=  6.176(set=0.221 slv=5.951 max=5.9509 n=1) sim= 0.000(rmp=0.000 run=0.000) chk= 0.001 stat= 0.235 rest= 0.006
  [bmc-incr i=448 repr=1 active=1315/176467 POs=1]
BMC : c =    1313  cl =   4503  lit =  176466  p =     0  d =     0  f =     1  +  T =     0.02 sec
  [bmc-prof 448] wall=  15.802 p=     1 | ifo=  0.801(sd=0.207 nx=0.000 tfo=0.066 cnt=0.527) snap= 0.309 srm=  8.860 sat=  5.609(set=0.215 slv=5.391 max=5.3905 n=1) sim= 0.000(rmp=0.000 run=0.000) chk= 0.000 stat= 0.216 rest= 0.006
  [bmc-incr i=449 repr=1 active=1314/176466 POs=1]
BMC : c =    1312  cl =   4503  lit =  176465  p =     0  d =     0  f =     1  +  T =     0.02 sec
  [bmc-prof 449] wall=  15.873 p=     1 | ifo=  0.922(sd=0.192 nx=0.000 tfo=0.068 cnt=0.662) snap= 0.295 srm=  8.504 sat=  5.955(set=0.191 slv=5.761 max=5.7613 n=1) sim= 0.000(rmp=0.000 run=0.000) chk= 0.001 stat= 0.192 rest= 0.004
  [bmc-incr i=450 repr=1 active=1313/176465 POs=1]
BMC : c =    1311  cl =   4503  lit =  176464  p =     0  d =     0  f =     1  +  T =     0.02 sec
  [bmc-prof 450] wall=  15.605 p=     1 | ifo=  0.756(sd=0.189 nx=0.000 tfo=0.065 cnt=0.502) snap= 0.298 srm=  8.664 sat=  5.642(set=0.195 slv=5.444 max=5.4437 n=1) sim= 0.000(rmp=0.000 run=0.000) chk= 0.001 stat= 0.236 rest= 0.008
  [bmc-incr i=451 repr=1 active=1312/176464 POs=1]
BMC : c =    1310  cl =   4503  lit =  176463  p =     0  d =     0  f =     1  +  T =     0.02 sec
  [bmc-prof 451] wall=  17.464 p=     1 | ifo=  0.981(sd=0.245 nx=0.000 tfo=0.068 cnt=0.669) snap= 0.341 srm=  9.417 sat=  6.498(set=0.211 slv=6.284 max=6.2842 n=1) sim= 0.000(rmp=0.000 run=0.000) chk= 0.000 stat= 0.221 rest= 0.005
  [bmc-incr i=452 repr=1 active=1311/176463 POs=1]
BMC : c =    1309  cl =   4503  lit =  176462  p =     0  d =     0  f =     1  +  T =     0.02 sec
  [bmc-prof 452] wall=  17.519 p=     1 | ifo=  0.878(sd=0.216 nx=0.000 tfo=0.067 cnt=0.594) snap= 0.314 srm=  9.698 sat=  6.409(set=0.199 slv=6.200 max=6.2001 n=1) sim= 0.000(rmp=0.000 run=0.000) chk= 0.001 stat= 0.213 rest= 0.007
  [bmc-incr i=453 repr=1 active=1310/176462 POs=1]
BMC : c =    1308  cl =   4503  lit =  176461  p =     0  d =     0  f =     1  +  T =     0.02 sec
  [bmc-prof 453] wall=  16.196 p=     1 | ifo=  0.778(sd=0.188 nx=0.000 tfo=0.059 cnt=0.531) snap= 0.309 srm=  9.019 sat=  5.833(set=0.219 slv=5.611 max=5.6108 n=1) sim= 0.000(rmp=0.000 run=0.000) chk= 0.001 stat= 0.247 rest= 0.009
  [bmc-incr i=454 repr=1 active=1309/176461 POs=1]
BMC : c =    1307  cl =   4503  lit =  176460  p =     0  d =     0  f =     1  +  T =     0.02 sec
  [bmc-prof 454] wall=  17.607 p=     1 | ifo=  0.787(sd=0.203 nx=0.000 tfo=0.062 cnt=0.522) snap= 0.355 srm= 10.308 sat=  5.933(set=0.227 slv=5.702 max=5.7021 n=1) sim= 0.000(rmp=0.000 run=0.000) chk= 0.000 stat= 0.217 rest= 0.006
  [bmc-incr i=455 repr=1 active=1308/176460 POs=1]
BMC : c =    1306  cl =   4503  lit =  176459  p =     0  d =     0  f =     1  +  T =     0.02 sec
  [bmc-prof 455] wall=  17.450 p=     1 | ifo=  0.884(sd=0.228 nx=0.000 tfo=0.085 cnt=0.571) snap= 0.319 srm=  9.836 sat=  6.213(set=0.209 slv=6.001 max=6.0013 n=1) sim= 0.000(rmp=0.000 run=0.000) chk= 0.000 stat= 0.192 rest= 0.005
  [bmc-incr i=456 repr=1 active=1307/176459 POs=1]
BMC : c =    1305  cl =   4503  lit =  176458  p =     0  d =     0  f =     1  +  T =     0.02 sec
  [bmc-prof 456] wall=  15.533 p=     1 | ifo=  0.761(sd=0.200 nx=0.000 tfo=0.062 cnt=0.499) snap= 0.290 srm=  8.415 sat=  5.866(set=0.188 slv=5.669 max=5.6692 n=1) sim= 0.000(rmp=0.000 run=0.000) chk= 0.001 stat= 0.194 rest= 0.006
  [bmc-incr i=457 repr=1 active=1306/176458 POs=1]
BMC : c =    1304  cl =   4503  lit =  176457  p =     0  d =     0  f =     1  +  T =     0.02 sec
  [bmc-prof 457] wall=  15.878 p=     1 | ifo=  0.765(sd=0.185 nx=0.000 tfo=0.061 cnt=0.519) snap= 0.293 srm=  8.827 sat=  5.779(set=0.189 slv=5.588 max=5.5882 n=1) sim= 0.000(rmp=0.000 run=0.000) chk= 0.001 stat= 0.206 rest= 0.007
  [bmc-incr i=458 repr=1 active=1305/176457 POs=1]
BMC : c =    1303  cl =   4503  lit =  176456  p =     0  d =     0  f =     1  +  T =     0.02 sec
  [bmc-prof 458] wall=  17.454 p=     1 | ifo=  0.839(sd=0.199 nx=0.000 tfo=0.063 cnt=0.577) snap= 0.336 srm=  9.559 sat=  6.506(set=0.222 slv=6.281 max=6.2810 n=1) sim= 0.000(rmp=0.000 run=0.000) chk= 0.001 stat= 0.208 rest= 0.005
  [bmc-incr i=459 repr=1 active=1304/176456 POs=1]
BMC : c =    1302  cl =   4503  lit =  176455  p =     0  d =     0  f =     1  +  T =     0.02 sec
  [bmc-prof 459] wall=  17.387 p=     1 | ifo=  0.940(sd=0.201 nx=0.000 tfo=0.063 cnt=0.676) snap= 0.332 srm=  9.159 sat=  6.749(set=0.222 slv=6.524 max=6.5242 n=1) sim= 0.000(rmp=0.000 run=0.000) chk= 0.000 stat= 0.202 rest= 0.004
  [bmc-incr i=460 repr=1 active=1303/176455 POs=1]
BMC : c =    1301  cl =   4503  lit =  176454  p =     0  d =     0  f =     1  +  T =     0.02 sec
  [bmc-prof 460] wall=  17.125 p=     1 | ifo=  0.882(sd=0.198 nx=0.000 tfo=0.065 cnt=0.620) snap= 0.359 srm=  8.638 sat=  7.028(set=0.209 slv=6.815 max=6.8148 n=1) sim= 0.000(rmp=0.000 run=0.000) chk= 0.001 stat= 0.211 rest= 0.006
  [bmc-incr i=461 repr=1 active=1302/176454 POs=1]
BMC : c =    1300  cl =   4503  lit =  176453  p =     0  d =     0  f =     1  +  T =     0.02 sec
  [bmc-prof 461] wall=  16.927 p=     1 | ifo=  0.802(sd=0.200 nx=0.000 tfo=0.061 cnt=0.541) snap= 0.323 srm=  9.300 sat=  6.276(set=0.214 slv=6.060 max=6.0596 n=1) sim= 0.000(rmp=0.000 run=0.000) chk= 0.001 stat= 0.219 rest= 0.006
  [bmc-incr i=462 repr=1 active=1301/176453 POs=1]
BMC : c =    1299  cl =   4503  lit =  176452  p =     0  d =     0  f =     1  +  T =     0.02 sec
  [bmc-prof 462] wall=  16.445 p=     1 | ifo=  0.822(sd=0.201 nx=0.000 tfo=0.077 cnt=0.543) snap= 0.340 srm=  9.415 sat=  5.666(set=0.203 slv=5.460 max=5.4603 n=1) sim= 0.000(rmp=0.000 run=0.000) chk= 0.001 stat= 0.193 rest= 0.007
  [bmc-incr i=463 repr=1 active=1300/176452 POs=1]
BMC : c =    1298  cl =   4503  lit =  176451  p =     0  d =     0  f =     1  +  T =     0.02 sec
  [bmc-prof 463] wall=  16.590 p=     1 | ifo=  0.785(sd=0.178 nx=0.000 tfo=0.068 cnt=0.539) snap= 0.325 srm=  8.826 sat=  6.454(set=0.198 slv=6.253 max=6.2532 n=1) sim= 0.000(rmp=0.000 run=0.000) chk= 0.000 stat= 0.192 rest= 0.007
  [bmc-incr i=464 repr=1 active=1299/176451 POs=1]
BMC : c =    1297  cl =   4503  lit =  176450  p =     0  d =     0  f =     1  +  T =     0.02 sec
  [bmc-prof 464] wall=  15.483 p=     1 | ifo=  0.734(sd=0.183 nx=0.000 tfo=0.059 cnt=0.493) snap= 0.306 srm=  9.024 sat=  5.209(set=0.203 slv=5.003 max=5.0028 n=1) sim= 0.000(rmp=0.000 run=0.000) chk= 0.000 stat= 0.200 rest= 0.009
  [bmc-incr i=465 repr=1 active=1298/176450 POs=1]
BMC : c =    1296  cl =   4503  lit =  176449  p =     0  d =     0  f =     1  +  T =     0.02 sec
  [bmc-prof 465] wall=  16.205 p=     1 | ifo=  0.721(sd=0.179 nx=0.000 tfo=0.063 cnt=0.479) snap= 0.306 srm=  8.569 sat=  6.399(set=0.207 slv=6.190 max=6.1898 n=1) sim= 0.000(rmp=0.000 run=0.000) chk= 0.000 stat= 0.202 rest= 0.008
  [bmc-incr i=466 repr=1 active=1297/176449 POs=1]
BMC : c =    1295  cl =   4503  lit =  176448  p =     0  d =     0  f =     1  +  T =     0.02 sec
  [bmc-prof 466] wall=  16.999 p=     1 | ifo=  0.782(sd=0.194 nx=0.000 tfo=0.066 cnt=0.522) snap= 0.339 srm=  9.561 sat=  6.104(set=0.214 slv=5.888 max=5.8879 n=1) sim= 0.000(rmp=0.000 run=0.000) chk= 0.000 stat= 0.205 rest= 0.008
  [bmc-incr i=467 repr=1 active=1296/176448 POs=1]
BMC : c =    1294  cl =   4503  lit =  176447  p =     0  d =     0  f =     1  +  T =     0.02 sec
  [bmc-prof 467] wall=  15.407 p=     1 | ifo=  0.819(sd=0.195 nx=0.000 tfo=0.063 cnt=0.561) snap= 0.289 srm=  8.304 sat=  5.791(set=0.191 slv=5.596 max=5.5961 n=1) sim= 0.000(rmp=0.000 run=0.000) chk= 0.001 stat= 0.199 rest= 0.005
  [bmc-incr i=468 repr=1 active=1295/176447 POs=1]
BMC : c =    1293  cl =   4503  lit =  176446  p =     0  d =     0  f =     1  +  T =     0.02 sec
  [bmc-prof 468] wall=  17.806 p=     1 | ifo=  0.781(sd=0.192 nx=0.000 tfo=0.063 cnt=0.526) snap= 0.334 srm=  9.509 sat=  6.954(set=0.214 slv=6.737 max=6.7375 n=1) sim= 0.000(rmp=0.000 run=0.000) chk= 0.000 stat= 0.222 rest= 0.005
  [bmc-incr i=469 repr=1 active=1294/176446 POs=1]
BMC : c =    1292  cl =   4503  lit =  176445  p =     0  d =     0  f =     1  +  T =     0.02 sec
  [bmc-prof 469] wall=  15.942 p=     1 | ifo=  0.838(sd=0.205 nx=0.000 tfo=0.063 cnt=0.570) snap= 0.310 srm=  8.744 sat=  5.857(set=0.202 slv=5.652 max=5.6521 n=1) sim= 0.000(rmp=0.000 run=0.000) chk= 0.001 stat= 0.188 rest= 0.005
  [bmc-incr i=470 repr=1 active=1293/176445 POs=1]
BMC : c =    1291  cl =   4503  lit =  176444  p =     0  d =     0  f =     1  +  T =     0.02 sec
  [bmc-prof 470] wall=  15.996 p=     1 | ifo=  0.747(sd=0.195 nx=0.000 tfo=0.067 cnt=0.485) snap= 0.298 srm=  8.547 sat=  6.205(set=0.221 slv=5.980 max=5.9804 n=1) sim= 0.000(rmp=0.000 run=0.000) chk= 0.000 stat= 0.192 rest= 0.006
  [bmc-incr i=471 repr=1 active=1292/176444 POs=1]
BMC : c =    1290  cl =   4503  lit =  176443  p =     0  d =     0  f =     1  +  T =     0.02 sec
  [bmc-prof 471] wall=  15.959 p=     1 | ifo=  0.766(sd=0.192 nx=0.000 tfo=0.069 cnt=0.504) snap= 0.308 srm=  8.589 sat=  6.081(set=0.211 slv=5.868 max=5.8681 n=1) sim= 0.000(rmp=0.000 run=0.000) chk= 0.001 stat= 0.209 rest= 0.005
  [bmc-incr i=472 repr=1 active=1291/176443 POs=1]
BMC : c =    1289  cl =   4503  lit =  176442  p =     0  d =     0  f =     1  +  T =     0.02 sec
  [bmc-prof 472] wall=  16.710 p=     1 | ifo=  0.809(sd=0.199 nx=0.000 tfo=0.063 cnt=0.547) snap= 0.329 srm=  9.323 sat=  6.032(set=0.213 slv=5.816 max=5.8164 n=1) sim= 0.000(rmp=0.000 run=0.000) chk= 0.000 stat= 0.212 rest= 0.005
  [bmc-incr i=473 repr=1 active=1290/176442 POs=1]
BMC : c =    1288  cl =   4503  lit =  176441  p =     0  d =     0  f =     1  +  T =     0.02 sec
  [bmc-prof 473] wall=  16.646 p=     1 | ifo=  0.983(sd=0.204 nx=0.000 tfo=0.064 cnt=0.716) snap= 0.307 srm=  9.189 sat=  5.961(set=0.200 slv=5.758 max=5.7579 n=1) sim= 0.000(rmp=0.000 run=0.000) chk= 0.001 stat= 0.200 rest= 0.006
  [bmc-incr i=474 repr=1 active=1289/176441 POs=1]
BMC : c =    1287  cl =   4503  lit =  176440  p =     0  d =     0  f =     1  +  T =     0.02 sec
  [bmc-prof 474] wall=  16.856 p=     1 | ifo=  0.796(sd=0.208 nx=0.000 tfo=0.064 cnt=0.523) snap= 0.288 srm=  8.895 sat=  6.596(set=0.193 slv=6.399 max=6.3990 n=1) sim= 0.000(rmp=0.000 run=0.000) chk= 0.001 stat= 0.275 rest= 0.006
  [bmc-incr i=475 repr=1 active=1288/176440 POs=1]
BMC : c =    1286  cl =   4503  lit =  176439  p =     0  d =     0  f =     1  +  T =     0.02 sec
  [bmc-prof 475] wall=  17.700 p=     1 | ifo=  0.913(sd=0.248 nx=0.000 tfo=0.082 cnt=0.582) snap= 0.318 srm=  9.128 sat=  7.107(set=0.210 slv=6.894 max=6.8940 n=1) sim= 0.000(rmp=0.000 run=0.000) chk= 0.001 stat= 0.226 rest= 0.007
  [bmc-incr i=476 repr=1 active=1287/176439 POs=1]
BMC : c =    1285  cl =   4503  lit =  176438  p =     0  d =     0  f =     1  +  T =     0.02 sec
  [bmc-prof 476] wall=  17.408 p=     1 | ifo=  0.909(sd=0.222 nx=0.000 tfo=0.065 cnt=0.622) snap= 0.329 srm=  9.838 sat=  6.118(set=0.201 slv=5.915 max=5.9145 n=1) sim= 0.000(rmp=0.000 run=0.000) chk= 0.001 stat= 0.193 rest= 0.020
  [bmc-incr i=477 repr=1 active=1286/176438 POs=1]
BMC : c =    1284  cl =   4503  lit =  176437  p =     0  d =     0  f =     1  +  T =     0.02 sec
  [bmc-prof 477] wall=  16.218 p=     1 | ifo=  0.762(sd=0.190 nx=0.000 tfo=0.062 cnt=0.510) snap= 0.298 srm=  8.690 sat=  6.258(set=0.198 slv=6.057 max=6.0568 n=1) sim= 0.000(rmp=0.000 run=0.000) chk= 0.000 stat= 0.204 rest= 0.006
  [bmc-incr i=478 repr=1 active=1285/176437 POs=1]
BMC : c =    1283  cl =   4503  lit =  176436  p =     0  d =     0  f =     1  +  T =     0.02 sec
  [bmc-prof 478] wall=  16.564 p=     1 | ifo=  0.793(sd=0.197 nx=0.000 tfo=0.063 cnt=0.533) snap= 0.315 srm=  9.074 sat=  6.177(set=0.203 slv=5.971 max=5.9714 n=1) sim= 0.000(rmp=0.000 run=0.000) chk= 0.001 stat= 0.199 rest= 0.005
  [bmc-incr i=479 repr=1 active=1284/176436 POs=1]
BMC : c =    1282  cl =   4503  lit =  176435  p =     0  d =     0  f =     1  +  T =     0.02 sec
  [bmc-prof 479] wall=  16.240 p=     1 | ifo=  0.796(sd=0.197 nx=0.000 tfo=0.066 cnt=0.534) snap= 0.299 srm=  8.954 sat=  5.982(set=0.187 slv=5.793 max=5.7932 n=1) sim= 0.000(rmp=0.000 run=0.000) chk= 0.000 stat= 0.189 rest= 0.019
  [bmc-incr i=480 repr=1 active=1283/176435 POs=1]
BMC : c =    1281  cl =   4503  lit =  176434  p =     0  d =     0  f =     1  +  T =     0.02 sec
  [bmc-prof 480] wall=  15.968 p=     1 | ifo=  0.780(sd=0.202 nx=0.000 tfo=0.060 cnt=0.518) snap= 0.294 srm=  8.587 sat=  6.105(set=0.191 slv=5.911 max=5.9110 n=1) sim= 0.000(rmp=0.000 run=0.000) chk= 0.000 stat= 0.197 rest= 0.005
  [bmc-incr i=481 repr=1 active=1282/176434 POs=1]
BMC : c =    1280  cl =   4503  lit =  176433  p =     0  d =     0  f =     1  +  T =     0.02 sec
  [bmc-prof 481] wall=  16.801 p=     1 | ifo=  0.746(sd=0.185 nx=0.000 tfo=0.066 cnt=0.495) snap= 0.328 srm= 10.025 sat=  5.488(set=0.225 slv=5.260 max=5.2602 n=1) sim= 0.000(rmp=0.000 run=0.000) chk= 0.001 stat= 0.207 rest= 0.007
  [bmc-incr i=482 repr=1 active=1281/176433 POs=1]
BMC : c =    1279  cl =   4503  lit =  176432  p =     0  d =     0  f =     1  +  T =     0.02 sec
  [bmc-prof 482] wall=  16.112 p=     1 | ifo=  0.786(sd=0.188 nx=0.000 tfo=0.061 cnt=0.537) snap= 0.304 srm=  8.451 sat=  6.372(set=0.199 slv=6.169 max=6.1693 n=1) sim= 0.000(rmp=0.000 run=0.000) chk= 0.001 stat= 0.194 rest= 0.004
  [bmc-incr i=483 repr=1 active=1280/176432 POs=1]
BMC : c =    1278  cl =   4503  lit =  176431  p =     0  d =     0  f =     1  +  T =     0.02 sec
  [bmc-prof 483] wall=  15.506 p=     1 | ifo=  0.750(sd=0.195 nx=0.000 tfo=0.062 cnt=0.492) snap= 0.314 srm=  8.771 sat=  5.458(set=0.196 slv=5.259 max=5.2595 n=1) sim= 0.000(rmp=0.000 run=0.000) chk= 0.000 stat= 0.205 rest= 0.007
  [bmc-incr i=484 repr=1 active=1279/176431 POs=1]
BMC : c =    1277  cl =   4503  lit =  176430  p =     0  d =     0  f =     1  +  T =     0.02 sec
  [bmc-prof 484] wall=  16.172 p=     1 | ifo=  0.752(sd=0.184 nx=0.000 tfo=0.060 cnt=0.509) snap= 0.299 srm=  8.558 sat=  6.366(set=0.222 slv=6.141 max=6.1406 n=1) sim= 0.000(rmp=0.000 run=0.000) chk= 0.000 stat= 0.191 rest= 0.006
  [bmc-incr i=485 repr=1 active=1278/176430 POs=1]
BMC : c =    1276  cl =   4503  lit =  176429  p =     0  d =     0  f =     1  +  T =     0.02 sec
  [bmc-prof 485] wall=  18.037 p=     1 | ifo=  0.738(sd=0.179 nx=0.000 tfo=0.060 cnt=0.499) snap= 0.339 srm=  9.486 sat=  7.230(set=0.212 slv=7.014 max=7.0140 n=1) sim= 0.000(rmp=0.000 run=0.000) chk= 0.001 stat= 0.239 rest= 0.005
  [bmc-incr i=486 repr=1 active=1277/176429 POs=1]
BMC : c =    1275  cl =   4503  lit =  176428  p =     0  d =     0  f =     1  +  T =     0.02 sec
  [bmc-prof 486] wall=  16.060 p=     1 | ifo=  0.794(sd=0.199 nx=0.000 tfo=0.064 cnt=0.531) snap= 0.301 srm=  9.131 sat=  5.631(set=0.199 slv=5.429 max=5.4288 n=1) sim= 0.000(rmp=0.000 run=0.000) chk= 0.000 stat= 0.197 rest= 0.006
  [bmc-incr i=487 repr=1 active=1276/176428 POs=1]
BMC : c =    1274  cl =   4503  lit =  176427  p =     0  d =     0  f =     1  +  T =     0.02 sec
  [bmc-prof 487] wall=  15.813 p=     1 | ifo=  0.866(sd=0.179 nx=0.000 tfo=0.061 cnt=0.625) snap= 0.294 srm=  8.349 sat=  6.083(set=0.193 slv=5.886 max=5.8865 n=1) sim= 0.000(rmp=0.000 run=0.000) chk= 0.000 stat= 0.213 rest= 0.008
  [bmc-incr i=488 repr=1 active=1275/176427 POs=1]
BMC : c =    1273  cl =   4503  lit =  176426  p =     0  d =     0  f =     1  +  T =     0.02 sec
  [bmc-prof 488] wall=  16.752 p=     1 | ifo=  0.834(sd=0.204 nx=0.000 tfo=0.063 cnt=0.566) snap= 0.306 srm=  9.880 sat=  5.542(set=0.198 slv=5.341 max=5.3412 n=1) sim= 0.000(rmp=0.000 run=0.000) chk= 0.000 stat= 0.184 rest= 0.006
  [bmc-incr i=489 repr=1 active=1274/176426 POs=1]
BMC : c =    1272  cl =   4503  lit =  176425  p =     0  d =     0  f =     1  +  T =     0.02 sec
  [bmc-prof 489] wall=  15.854 p=     1 | ifo=  0.733(sd=0.179 nx=0.000 tfo=0.062 cnt=0.492) snap= 0.289 srm=  8.249 sat=  6.375(set=0.183 slv=6.189 max=6.1893 n=1) sim= 0.000(rmp=0.000 run=0.000) chk= 0.001 stat= 0.202 rest= 0.007
  [bmc-incr i=490 repr=1 active=1273/176425 POs=1]
BMC : c =    1271  cl =   4503  lit =  176424  p =     0  d =     0  f =     1  +  T =     0.02 sec
  [bmc-prof 490] wall=  17.058 p=     1 | ifo=  0.798(sd=0.195 nx=0.000 tfo=0.063 cnt=0.541) snap= 0.337 srm=  9.348 sat=  6.372(set=0.209 slv=6.159 max=6.1594 n=1) sim= 0.000(rmp=0.000 run=0.000) chk= 0.001 stat= 0.197 rest= 0.005
  [bmc-incr i=491 repr=1 active=1272/176424 POs=1]
BMC : c =    1270  cl =   4503  lit =  176423  p =     0  d =     0  f =     1  +  T =     0.02 sec
  [bmc-prof 491] wall=  16.409 p=     1 | ifo=  0.788(sd=0.190 nx=0.000 tfo=0.072 cnt=0.527) snap= 0.300 srm=  8.623 sat=  6.451(set=0.196 slv=6.251 max=6.2513 n=1) sim= 0.000(rmp=0.000 run=0.000) chk= 0.000 stat= 0.242 rest= 0.005
  [bmc-incr i=492 repr=1 active=1271/176423 POs=1]
BMC : c =    1269  cl =   4503  lit =  176422  p =     0  d =     0  f =     1  +  T =     0.02 sec
  [bmc-prof 492] wall=  15.971 p=     1 | ifo=  0.852(sd=0.228 nx=0.000 tfo=0.128 cnt=0.495) snap= 0.308 srm=  8.499 sat=  6.116(set=0.199 slv=5.914 max=5.9141 n=1) sim= 0.000(rmp=0.000 run=0.000) chk= 0.001 stat= 0.190 rest= 0.006
  [bmc-incr i=493 repr=1 active=1270/176422 POs=1]
BMC : c =    1268  cl =   4503  lit =  176421  p =     0  d =     0  f =     1  +  T =     0.02 sec
  [bmc-prof 493] wall=  17.248 p=     1 | ifo=  0.807(sd=0.185 nx=0.000 tfo=0.061 cnt=0.561) snap= 0.324 srm=  8.971 sat=  6.927(set=0.207 slv=6.717 max=6.7170 n=1) sim= 0.000(rmp=0.000 run=0.000) chk= 0.000 stat= 0.212 rest= 0.007
  [bmc-incr i=494 repr=1 active=1269/176421 POs=1]
BMC : c =    1267  cl =   4503  lit =  176420  p =     0  d =     0  f =     1  +  T =     0.02 sec
  [bmc-prof 494] wall=  16.976 p=     1 | ifo=  0.806(sd=0.201 nx=0.000 tfo=0.060 cnt=0.544) snap= 0.318 srm=  9.097 sat=  6.531(set=0.210 slv=6.317 max=6.3166 n=1) sim= 0.000(rmp=0.000 run=0.000) chk= 0.000 stat= 0.219 rest= 0.005
  [bmc-incr i=495 repr=1 active=1268/176420 POs=1]
BMC : c =    1266  cl =   4503  lit =  176419  p =     0  d =     0  f =     1  +  T =     0.02 sec
  [bmc-prof 495] wall=  15.961 p=     1 | ifo=  0.904(sd=0.276 nx=0.000 tfo=0.068 cnt=0.560) snap= 0.315 srm=  8.793 sat=  5.752(set=0.192 slv=5.558 max=5.5580 n=1) sim= 0.000(rmp=0.000 run=0.000) chk= 0.001 stat= 0.188 rest= 0.008
  [bmc-incr i=496 repr=1 active=1267/176419 POs=1]
BMC : c =    1265  cl =   4503  lit =  176418  p =     0  d =     0  f =     1  +  T =     0.02 sec
  [bmc-prof 496] wall=  16.748 p=     1 | ifo=  0.758(sd=0.180 nx=0.000 tfo=0.071 cnt=0.508) snap= 0.321 srm=  8.485 sat=  6.937(set=0.218 slv=6.715 max=6.7152 n=1) sim= 0.000(rmp=0.000 run=0.000) chk= 0.000 stat= 0.203 rest= 0.043
  [bmc-incr i=497 repr=1 active=1266/176418 POs=1]
BMC : c =    1264  cl =   4503  lit =  176417  p =     0  d =     0  f =     1  +  T =     0.02 sec
  [bmc-prof 497] wall=  17.355 p=     1 | ifo=  0.787(sd=0.194 nx=0.000 tfo=0.061 cnt=0.531) snap= 0.320 srm=  9.212 sat=  6.759(set=0.207 slv=6.549 max=6.5490 n=1) sim= 0.000(rmp=0.000 run=0.000) chk= 0.001 stat= 0.272 rest= 0.005
  [bmc-incr i=498 repr=1 active=1265/176417 POs=1]
BMC : c =    1263  cl =   4503  lit =  176416  p =     0  d =     0  f =     1  +  T =     0.02 sec
  [bmc-prof 498] wall=  16.860 p=     1 | ifo=  0.862(sd=0.232 nx=0.000 tfo=0.061 cnt=0.569) snap= 0.320 srm=  8.937 sat=  6.530(set=0.205 slv=6.323 max=6.3227 n=1) sim= 0.000(rmp=0.000 run=0.000) chk= 0.000 stat= 0.204 rest= 0.007
  [bmc-incr i=499 repr=1 active=1264/176416 POs=1]
BMC : c =    1262  cl =   4503  lit =  176415  p =     0  d =     0  f =     1  +  T =     0.02 sec
  [bmc-prof 499] wall=  16.556 p=     1 | ifo=  0.804(sd=0.207 nx=0.000 tfo=0.062 cnt=0.535) snap= 0.309 srm=  9.067 sat=  6.180(set=0.201 slv=5.976 max=5.9760 n=1) sim= 0.000(rmp=0.000 run=0.000) chk= 0.000 stat= 0.187 rest= 0.007
  [bmc-incr i=500 repr=1 active=1263/176415 POs=1]
BMC : c =    1261  cl =   4503  lit =  176414  p =     0  d =     0  f =     1  +  T =     0.02 sec
  [bmc-prof 500] wall=  15.802 p=     1 | ifo=  0.732(sd=0.187 nx=0.000 tfo=0.059 cnt=0.486) snap= 0.297 srm=  8.288 sat=  6.213(set=0.189 slv=6.021 max=6.0206 n=1) sim= 0.000(rmp=0.000 run=0.000) chk= 0.000 stat= 0.266 rest= 0.006
  [bmc-incr i=501 repr=1 active=1262/176414 POs=1]
BMC : c =    1260  cl =   4503  lit =  176413  p =     0  d =     0  f =     1  +  T =     0.02 sec
  [bmc-prof 501] wall=  16.466 p=     1 | ifo=  0.908(sd=0.250 nx=0.000 tfo=0.068 cnt=0.590) snap= 0.312 srm=  8.536 sat=  6.491(set=0.206 slv=6.283 max=6.2831 n=1) sim= 0.000(rmp=0.000 run=0.000) chk= 0.001 stat= 0.211 rest= 0.007
  [bmc-incr i=502 repr=1 active=1261/176413 POs=1]
BMC : c =    1259  cl =   4503  lit =  176412  p =     0  d =     0  f =     1  +  T =     0.02 sec
  [bmc-prof 502] wall=  16.423 p=     1 | ifo=  0.824(sd=0.204 nx=0.000 tfo=0.063 cnt=0.557) snap= 0.318 srm=  9.384 sat=  5.700(set=0.196 slv=5.501 max=5.5014 n=1) sim= 0.000(rmp=0.000 run=0.000) chk= 0.001 stat= 0.190 rest= 0.008
  [bmc-incr i=503 repr=1 active=1260/176412 POs=1]
BMC : c =    1258  cl =   4503  lit =  176411  p =     0  d =     0  f =     1  +  T =     0.02 sec
  [bmc-prof 503] wall=  16.153 p=     1 | ifo=  0.740(sd=0.201 nx=0.000 tfo=0.062 cnt=0.477) snap= 0.297 srm=  8.545 sat=  6.340(set=0.215 slv=6.123 max=6.1226 n=1) sim= 0.000(rmp=0.000 run=0.000) chk= 0.000 stat= 0.222 rest= 0.007
  [bmc-incr i=504 repr=1 active=1259/176411 POs=1]
BMC : c =    1257  cl =   4503  lit =  176410  p =     0  d =     0  f =     1  +  T =     0.02 sec
  [bmc-prof 504] wall=  17.448 p=     1 | ifo=  0.811(sd=0.216 nx=0.000 tfo=0.066 cnt=0.529) snap= 0.383 srm= 10.115 sat=  5.944(set=0.238 slv=5.703 max=5.7033 n=1) sim= 0.000(rmp=0.000 run=0.000) chk= 0.000 stat= 0.189 rest= 0.005
  [bmc-incr i=505 repr=1 active=1258/176410 POs=1]
BMC : c =    1256  cl =   4503  lit =  176409  p =     0  d =     0  f =     1  +  T =     0.02 sec
  [bmc-prof 505] wall=  15.334 p=     1 | ifo=  0.753(sd=0.187 nx=0.000 tfo=0.066 cnt=0.501) snap= 0.284 srm=  8.290 sat=  5.765(set=0.188 slv=5.575 max=5.5746 n=1) sim= 0.000(rmp=0.000 run=0.000) chk= 0.000 stat= 0.234 rest= 0.007
  [bmc-incr i=506 repr=1 active=1257/176409 POs=1]
BMC : c =    1255  cl =   4503  lit =  176408  p =     0  d =     0  f =     1  +  T =     0.02 sec
  [bmc-prof 506] wall=  16.376 p=     1 | ifo=  0.757(sd=0.188 nx=0.000 tfo=0.060 cnt=0.509) snap= 0.311 srm=  8.649 sat=  6.419(set=0.227 slv=6.190 max=6.1896 n=1) sim= 0.000(rmp=0.000 run=0.000) chk= 0.001 stat= 0.231 rest= 0.009
  [bmc-incr i=507 repr=1 active=1256/176408 POs=1]
BMC : c =    1254  cl =   4503  lit =  176407  p =     0  d =     0  f =     1  +  T =     0.02 sec
  [bmc-prof 507] wall=  16.540 p=     1 | ifo=  0.965(sd=0.211 nx=0.000 tfo=0.075 cnt=0.679) snap= 0.323 srm=  9.061 sat=  5.973(set=0.206 slv=5.763 max=5.7630 n=1) sim= 0.000(rmp=0.000 run=0.000) chk= 0.001 stat= 0.209 rest= 0.008
  [bmc-incr i=508 repr=1 active=1255/176407 POs=1]
BMC : c =    1253  cl =   4503  lit =  176406  p =     0  d =     0  f =     1  +  T =     0.02 sec
  [bmc-prof 508] wall=  16.207 p=     1 | ifo=  0.749(sd=0.182 nx=0.000 tfo=0.062 cnt=0.505) snap= 0.313 srm=  8.906 sat=  6.019(set=0.214 slv=5.801 max=5.8008 n=1) sim= 0.000(rmp=0.000 run=0.000) chk= 0.001 stat= 0.214 rest= 0.006
  [bmc-incr i=509 repr=1 active=1254/176406 POs=1]
BMC : c =    1252  cl =   4503  lit =  176405  p =     0  d =     0  f =     1  +  T =     0.02 sec
  [bmc-prof 509] wall=  16.988 p=     1 | ifo=  0.751(sd=0.188 nx=0.000 tfo=0.063 cnt=0.499) snap= 0.313 srm=  8.597 sat=  7.094(set=0.229 slv=6.862 max=6.8621 n=1) sim= 0.000(rmp=0.000 run=0.000) chk= 0.001 stat= 0.224 rest= 0.009
  [bmc-incr i=510 repr=1 active=1253/176405 POs=1]
BMC : c =    1251  cl =   4503  lit =  176404  p =     0  d =     0  f =     1  +  T =     0.02 sec
  [bmc-prof 510] wall=  16.628 p=     1 | ifo=  0.860(sd=0.209 nx=0.000 tfo=0.068 cnt=0.583) snap= 0.313 srm=  9.378 sat=  5.820(set=0.218 slv=5.599 max=5.5995 n=1) sim= 0.000(rmp=0.000 run=0.000) chk= 0.001 stat= 0.248 rest= 0.009
  [bmc-incr i=511 repr=1 active=1252/176404 POs=1]
BMC : c =    1250  cl =   4503  lit =  176403  p =     0  d =     0  f =     1  +  T =     0.02 sec
  [bmc-prof 511] wall=  16.510 p=     1 | ifo=  0.751(sd=0.188 nx=0.000 tfo=0.059 cnt=0.503) snap= 0.293 srm=  8.908 sat=  6.339(set=0.214 slv=6.121 max=6.1212 n=1) sim= 0.000(rmp=0.000 run=0.000) chk= 0.001 stat= 0.212 rest= 0.006
  [bmc-incr i=512 repr=1 active=1251/176403 POs=1]
BMC : c =    1249  cl =   4503  lit =  176402  p =     0  d =     0  f =     1  +  T =     0.02 sec
  [bmc-prof 512] wall=  16.370 p=     1 | ifo=  0.801(sd=0.194 nx=0.000 tfo=0.063 cnt=0.544) snap= 0.391 srm=  8.583 sat=  6.354(set=0.228 slv=6.122 max=6.1222 n=1) sim= 0.000(rmp=0.000 run=0.000) chk= 0.001 stat= 0.232 rest= 0.007
  [bmc-incr i=513 repr=1 active=1250/176402 POs=1]
BMC : c =    1248  cl =   4503  lit =  176401  p =     0  d =     0  f =     1  +  T =     0.02 sec
  [bmc-prof 513] wall=  18.396 p=     1 | ifo=  0.789(sd=0.199 nx=0.000 tfo=0.065 cnt=0.524) snap= 0.428 srm=  9.669 sat=  7.265(set=0.268 slv=6.994 max=6.9936 n=1) sim= 0.000(rmp=0.000 run=0.000) chk= 0.001 stat= 0.237 rest= 0.007
  [bmc-incr i=514 repr=1 active=1249/176401 POs=1]
BMC : c =    1247  cl =   4503  lit =  176400  p =     0  d =     0  f =     1  +  T =     0.02 sec
  [bmc-prof 514] wall=  16.556 p=     1 | ifo=  0.835(sd=0.213 nx=0.000 tfo=0.063 cnt=0.559) snap= 0.313 srm=  9.148 sat=  6.053(set=0.214 slv=5.835 max=5.8346 n=1) sim= 0.000(rmp=0.000 run=0.000) chk= 0.000 stat= 0.201 rest= 0.005
  [bmc-incr i=515 repr=1 active=1248/176400 POs=1]
BMC : c =    1246  cl =   4503  lit =  176399  p =     0  d =     0  f =     1  +  T =     0.02 sec
  [bmc-prof 515] wall=  17.299 p=     1 | ifo=  0.757(sd=0.194 nx=0.000 tfo=0.065 cnt=0.497) snap= 0.323 srm=  9.591 sat=  6.352(set=0.217 slv=6.131 max=6.1310 n=1) sim= 0.000(rmp=0.000 run=0.000) chk= 0.001 stat= 0.270 rest= 0.005
  [bmc-incr i=516 repr=1 active=1247/176399 POs=1]
BMC : c =    1245  cl =   4503  lit =  176398  p =     0  d =     0  f =     1  +  T =     0.02 sec
  [bmc-prof 516] wall=  16.180 p=     1 | ifo=  0.935(sd=0.255 nx=0.000 tfo=0.075 cnt=0.605) snap= 0.292 srm=  9.050 sat=  5.691(set=0.205 slv=5.483 max=5.4832 n=1) sim= 0.000(rmp=0.000 run=0.000) chk= 0.001 stat= 0.204 rest= 0.007
  [bmc-incr i=517 repr=1 active=1246/176398 POs=1]
BMC : c =    1244  cl =   4503  lit =  176397  p =     0  d =     0  f =     1  +  T =     0.02 sec
  [bmc-prof 517] wall=  15.972 p=     1 | ifo=  0.744(sd=0.184 nx=0.000 tfo=0.062 cnt=0.498) snap= 0.298 srm=  8.750 sat=  5.916(set=0.203 slv=5.710 max=5.7097 n=1) sim= 0.000(rmp=0.000 run=0.000) chk= 0.001 stat= 0.258 rest= 0.005
  [bmc-incr i=518 repr=1 active=1245/176397 POs=1]
BMC : c =    1243  cl =   4503  lit =  176396  p =     0  d =     0  f =     1  +  T =     0.02 sec
  [bmc-prof 518] wall=  18.887 p=     1 | ifo=  0.884(sd=0.237 nx=0.000 tfo=0.071 cnt=0.575) snap= 0.365 srm= 10.463 sat=  6.967(set=0.256 slv=6.708 max=6.7079 n=1) sim= 0.000(rmp=0.000 run=0.000) chk= 0.001 stat= 0.201 rest= 0.006
  [bmc-incr i=519 repr=1 active=1244/176396 POs=1]
BMC : c =    1242  cl =   4503  lit =  176395  p =     0  d =     0  f =     1  +  T =     0.02 sec
  [bmc-prof 519] wall=  15.719 p=     1 | ifo=  0.796(sd=0.199 nx=0.000 tfo=0.061 cnt=0.536) snap= 0.317 srm=  8.592 sat=  5.820(set=0.199 slv=5.618 max=5.6181 n=1) sim= 0.000(rmp=0.000 run=0.000) chk= 0.000 stat= 0.190 rest= 0.005
  [bmc-incr i=520 repr=1 active=1243/176395 POs=1]
BMC : c =    1241  cl =   4503  lit =  176394  p =     0  d =     0  f =     1  +  T =     0.02 sec
  [bmc-prof 520] wall=  16.213 p=     1 | ifo=  0.739(sd=0.179 nx=0.000 tfo=0.059 cnt=0.500) snap= 0.295 srm=  8.598 sat=  6.373(set=0.191 slv=6.179 max=6.1791 n=1) sim= 0.000(rmp=0.000 run=0.000) chk= 0.001 stat= 0.200 rest= 0.007
  [bmc-incr i=521 repr=1 active=1242/176394 POs=1]
BMC : c =    1240  cl =   4503  lit =  176393  p =     0  d =     0  f =     1  +  T =     0.02 sec
  [bmc-prof 521] wall=  16.925 p=     1 | ifo=  0.787(sd=0.193 nx=0.000 tfo=0.062 cnt=0.532) snap= 0.301 srm=  9.901 sat=  5.730(set=0.216 slv=5.512 max=5.5115 n=1) sim= 0.000(rmp=0.000 run=0.000) chk= 0.001 stat= 0.197 rest= 0.007
  [bmc-incr i=522 repr=1 active=1241/176393 POs=1]
BMC : c =    1239  cl =   4503  lit =  176392  p =     0  d =     0  f =     1  +  T =     0.02 sec
  [bmc-prof 522] wall=  15.565 p=     1 | ifo=  0.731(sd=0.181 nx=0.000 tfo=0.058 cnt=0.491) snap= 0.313 srm=  8.313 sat=  5.973(set=0.235 slv=5.735 max=5.7345 n=1) sim= 0.000(rmp=0.000 run=0.000) chk= 0.001 stat= 0.231 rest= 0.005
  [bmc-incr i=523 repr=1 active=1240/176392 POs=1]
BMC : c =    1238  cl =   4503  lit =  176391  p =     0  d =     0  f =     1  +  T =     0.02 sec
  [bmc-prof 523] wall=  17.252 p=     1 | ifo=  0.932(sd=0.224 nx=0.000 tfo=0.073 cnt=0.635) snap= 0.331 srm=  9.197 sat=  6.589(set=0.214 slv=6.372 max=6.3717 n=1) sim= 0.000(rmp=0.000 run=0.000) chk= 0.000 stat= 0.198 rest= 0.005
  [bmc-incr i=524 repr=1 active=1239/176391 POs=1]
BMC : c =    1237  cl =   4503  lit =  176390  p =     0  d =     0  f =     1  +  T =     0.02 sec
  [bmc-prof 524] wall=  16.118 p=     1 | ifo=  0.800(sd=0.197 nx=0.000 tfo=0.058 cnt=0.544) snap= 0.314 srm=  8.695 sat=  6.107(set=0.196 slv=5.908 max=5.9080 n=1) sim= 0.000(rmp=0.000 run=0.000) chk= 0.000 stat= 0.196 rest= 0.005
  [bmc-incr i=525 repr=1 active=1238/176390 POs=1]
BMC : c =    1236  cl =   4503  lit =  176389  p =     0  d =     0  f =     1  +  T =     0.02 sec
  [bmc-prof 525] wall=  15.874 p=     1 | ifo=  0.800(sd=0.191 nx=0.000 tfo=0.058 cnt=0.551) snap= 0.292 srm=  8.470 sat=  6.093(set=0.213 slv=5.878 max=5.8779 n=1) sim= 0.000(rmp=0.000 run=0.000) chk= 0.000 stat= 0.212 rest= 0.006
  [bmc-incr i=526 repr=1 active=1237/176389 POs=1]
BMC : c =    1235  cl =   4503  lit =  176388  p =     0  d =     0  f =     1  +  T =     0.02 sec
  [bmc-prof 526] wall=  16.323 p=     1 | ifo=  0.780(sd=0.205 nx=0.000 tfo=0.064 cnt=0.511) snap= 0.288 srm=  8.539 sat=  6.512(set=0.194 slv=6.315 max=6.3146 n=1) sim= 0.000(rmp=0.000 run=0.000) chk= 0.001 stat= 0.199 rest= 0.005
  [bmc-incr i=527 repr=1 active=1236/176388 POs=1]
BMC : c =    1234  cl =   4503  lit =  176387  p =     0  d =     0  f =     1  +  T =     0.02 sec
  [bmc-prof 527] wall=  16.250 p=     1 | ifo=  0.758(sd=0.178 nx=0.000 tfo=0.057 cnt=0.523) snap= 0.296 srm=  8.370 sat=  6.606(set=0.236 slv=6.368 max=6.3677 n=1) sim= 0.000(rmp=0.000 run=0.000) chk= 0.001 stat= 0.211 rest= 0.008
  [bmc-incr i=528 repr=1 active=1235/176387 POs=1]
BMC : c =    1233  cl =   4503  lit =  176386  p =     0  d =     0  f =     1  +  T =     0.02 sec
  [bmc-prof 528] wall=  16.637 p=     1 | ifo=  0.827(sd=0.202 nx=0.000 tfo=0.060 cnt=0.566) snap= 0.313 srm=  9.027 sat=  6.218(set=0.215 slv=6.000 max=5.9995 n=1) sim= 0.000(rmp=0.000 run=0.000) chk= 0.001 stat= 0.207 rest= 0.045
  [bmc-incr i=529 repr=1 active=1234/176386 POs=1]
BMC : c =    1232  cl =   4503  lit =  176385  p =     0  d =     0  f =     1  +  T =     0.02 sec
  [bmc-prof 529] wall=  17.450 p=     1 | ifo=  0.799(sd=0.196 nx=0.000 tfo=0.060 cnt=0.543) snap= 0.321 srm=  9.661 sat=  6.461(set=0.199 slv=6.259 max=6.2593 n=1) sim= 0.000(rmp=0.000 run=0.000) chk= 0.001 stat= 0.201 rest= 0.007
  [bmc-incr i=530 repr=1 active=1233/176385 POs=1]
BMC : c =    1231  cl =   4503  lit =  176384  p =     0  d =     0  f =     1  +  T =     0.02 sec
  [bmc-prof 530] wall=  16.129 p=     1 | ifo=  0.807(sd=0.198 nx=0.000 tfo=0.060 cnt=0.549) snap= 0.314 srm=  9.068 sat=  5.730(set=0.214 slv=5.514 max=5.5138 n=1) sim= 0.000(rmp=0.000 run=0.000) chk= 0.000 stat= 0.203 rest= 0.006
  [bmc-incr i=531 repr=1 active=1232/176384 POs=1]
BMC : c =    1230  cl =   4503  lit =  176383  p =     0  d =     0  f =     1  +  T =     0.02 sec
  [bmc-prof 531] wall=  15.673 p=     1 | ifo=  0.748(sd=0.183 nx=0.000 tfo=0.059 cnt=0.506) snap= 0.298 srm=  8.342 sat=  6.086(set=0.193 slv=5.889 max=5.8892 n=1) sim= 0.000(rmp=0.000 run=0.000) chk= 0.001 stat= 0.193 rest= 0.005
  [bmc-incr i=532 repr=1 active=1231/176383 POs=1]
BMC : c =    1229  cl =   4503  lit =  176382  p =     0  d =     0  f =     1  +  T =     0.02 sec
  [bmc-prof 532] wall=  17.383 p=     1 | ifo=  0.753(sd=0.185 nx=0.000 tfo=0.057 cnt=0.510) snap= 0.323 srm=  9.966 sat=  6.140(set=0.201 slv=5.936 max=5.9356 n=1) sim= 0.000(rmp=0.000 run=0.000) chk= 0.000 stat= 0.193 rest= 0.007
  [bmc-incr i=533 repr=1 active=1230/176382 POs=1]
BMC : c =    1228  cl =   4503  lit =  176381  p =     0  d =     0  f =     1  +  T =     0.02 sec
  [bmc-prof 533] wall=  16.729 p=     1 | ifo=  0.784(sd=0.205 nx=0.000 tfo=0.066 cnt=0.513) snap= 0.321 srm=  9.405 sat=  6.022(set=0.227 slv=5.793 max=5.7934 n=1) sim= 0.000(rmp=0.000 run=0.000) chk= 0.001 stat= 0.190 rest= 0.006
  [bmc-incr i=534 repr=1 active=1229/176381 POs=1]
BMC : c =    1227  cl =   4503  lit =  176380  p =     0  d =     0  f =     1  +  T =     0.02 sec
  [bmc-prof 534] wall=  16.982 p=     1 | ifo=  0.745(sd=0.186 nx=0.000 tfo=0.059 cnt=0.500) snap= 0.329 srm=  9.144 sat=  6.493(set=0.224 slv=6.266 max=6.2658 n=1) sim= 0.000(rmp=0.000 run=0.000) chk= 0.001 stat= 0.264 rest= 0.005
  [bmc-incr i=535 repr=1 active=1228/176380 POs=1]
BMC : c =    1226  cl =   4503  lit =  176379  p =     0  d =     0  f =     1  +  T =     0.02 sec
  [bmc-prof 535] wall=  16.498 p=     1 | ifo=  0.868(sd=0.305 nx=0.000 tfo=0.061 cnt=0.501) snap= 0.292 srm=  8.771 sat=  6.303(set=0.190 slv=6.111 max=6.1105 n=1) sim= 0.000(rmp=0.000 run=0.000) chk= 0.000 stat= 0.258 rest= 0.006
  [bmc-incr i=536 repr=1 active=1227/176379 POs=1]
BMC : c =    1225  cl =   4503  lit =  176378  p =     0  d =     0  f =     1  +  T =     0.02 sec
  [bmc-prof 536] wall=  16.497 p=     1 | ifo=  0.869(sd=0.299 nx=0.000 tfo=0.059 cnt=0.510) snap= 0.372 srm=  8.953 sat=  6.101(set=0.200 slv=5.897 max=5.8975 n=1) sim= 0.000(rmp=0.000 run=0.000) chk= 0.000 stat= 0.197 rest= 0.006
  [bmc-incr i=537 repr=1 active=1226/176378 POs=1]
BMC : c =    1224  cl =   4503  lit =  176377  p =     0  d =     0  f =     1  +  T =     0.02 sec
  [bmc-prof 537] wall=  16.153 p=     1 | ifo=  0.765(sd=0.205 nx=0.000 tfo=0.058 cnt=0.502) snap= 0.299 srm=  8.441 sat=  6.386(set=0.194 slv=6.189 max=6.1891 n=1) sim= 0.000(rmp=0.000 run=0.000) chk= 0.001 stat= 0.256 rest= 0.005
  [bmc-incr i=538 repr=1 active=1225/176377 POs=1]
BMC : c =    1223  cl =   4503  lit =  176376  p =     0  d =     0  f =     1  +  T =     0.02 sec
  [bmc-prof 538] wall=  18.422 p=     1 | ifo=  0.824(sd=0.225 nx=0.000 tfo=0.068 cnt=0.531) snap= 0.293 srm=  8.501 sat=  8.542(set=0.193 slv=8.346 max=8.3464 n=1) sim= 0.000(rmp=0.000 run=0.000) chk= 0.001 stat= 0.255 rest= 0.006
  [bmc-incr i=539 repr=1 active=1224/176376 POs=1]
BMC : c =    1222  cl =   4503  lit =  176375  p =     0  d =     0  f =     1  +  T =     0.02 sec
  [bmc-prof 539] wall=  16.853 p=     1 | ifo=  1.124(sd=0.235 nx=0.000 tfo=0.061 cnt=0.828) snap= 0.294 srm=  9.361 sat=  5.861(set=0.252 slv=5.607 max=5.6068 n=1) sim= 0.000(rmp=0.000 run=0.000) chk= 0.000 stat= 0.205 rest= 0.007
  [bmc-incr i=540 repr=1 active=1223/176375 POs=1]
BMC : c =    1221  cl =   4503  lit =  176374  p =     0  d =     0  f =     1  +  T =     0.02 sec
  [bmc-prof 540] wall=  16.316 p=     1 | ifo=  1.031(sd=0.182 nx=0.000 tfo=0.056 cnt=0.792) snap= 0.293 srm=  8.166 sat=  6.612(set=0.201 slv=6.409 max=6.4085 n=1) sim= 0.000(rmp=0.000 run=0.000) chk= 0.000 stat= 0.207 rest= 0.006
  [bmc-incr i=541 repr=1 active=1222/176374 POs=1]
BMC : c =    1220  cl =   4503  lit =  176373  p =     0  d =     0  f =     1  +  T =     0.02 sec
  [bmc-prof 541] wall=  16.782 p=     1 | ifo=  0.794(sd=0.204 nx=0.000 tfo=0.056 cnt=0.534) snap= 0.288 srm=  9.420 sat=  6.031(set=0.193 slv=5.834 max=5.8345 n=1) sim= 0.000(rmp=0.000 run=0.000) chk= 0.000 stat= 0.244 rest= 0.005
  [bmc-incr i=542 repr=1 active=1221/176373 POs=1]
BMC : c =    1219  cl =   4503  lit =  176372  p =     0  d =     0  f =     1  +  T =     0.02 sec
  [bmc-prof 542] wall=  15.525 p=     1 | ifo=  0.847(sd=0.263 nx=0.000 tfo=0.072 cnt=0.512) snap= 0.297 srm=  8.641 sat=  5.543(set=0.210 slv=5.331 max=5.3312 n=1) sim= 0.000(rmp=0.000 run=0.000) chk= 0.000 stat= 0.190 rest= 0.006
  [bmc-incr i=543 repr=1 active=1220/176372 POs=1]
BMC : c =    1218  cl =   4503  lit =  176371  p =     0  d =     0  f =     1  +  T =     0.02 sec
  [bmc-prof 543] wall=  16.135 p=     1 | ifo=  0.757(sd=0.178 nx=0.000 tfo=0.080 cnt=0.499) snap= 0.294 srm=  8.812 sat=  6.058(set=0.199 slv=5.856 max=5.8562 n=1) sim= 0.000(rmp=0.000 run=0.000) chk= 0.001 stat= 0.205 rest= 0.008
  [bmc-incr i=544 repr=1 active=1219/176371 POs=1]
BMC : c =    1217  cl =   4503  lit =  176370  p =     0  d =     0  f =     1  +  T =     0.02 sec
  [bmc-prof 544] wall=  16.435 p=     1 | ifo=  0.780(sd=0.196 nx=0.000 tfo=0.056 cnt=0.529) snap= 0.317 srm=  9.249 sat=  5.891(set=0.192 slv=5.696 max=5.6961 n=1) sim= 0.000(rmp=0.000 run=0.000) chk= 0.001 stat= 0.190 rest= 0.006
  [bmc-incr i=545 repr=1 active=1218/176370 POs=1]
BMC : c =    1216  cl =   4503  lit =  176369  p =     0  d =     0  f =     1  +  T =     0.02 sec
  [bmc-prof 545] wall=  15.694 p=     1 | ifo=  0.781(sd=0.208 nx=0.000 tfo=0.060 cnt=0.513) snap= 0.298 srm=  8.823 sat=  5.594(set=0.194 slv=5.398 max=5.3976 n=1) sim= 0.000(rmp=0.000 run=0.000) chk= 0.000 stat= 0.190 rest= 0.007
  [bmc-incr i=546 repr=1 active=1217/176369 POs=1]
BMC : c =    1215  cl =   4503  lit =  176368  p =     0  d =     0  f =     1  +  T =     0.02 sec
  [bmc-prof 546] wall=  15.857 p=     1 | ifo=  0.723(sd=0.176 nx=0.000 tfo=0.058 cnt=0.490) snap= 0.292 srm=  8.681 sat=  5.890(set=0.194 slv=5.694 max=5.6937 n=1) sim= 0.000(rmp=0.000 run=0.000) chk= 0.001 stat= 0.263 rest= 0.008
  [bmc-incr i=547 repr=1 active=1216/176368 POs=1]
BMC : c =    1214  cl =   4503  lit =  176367  p =     0  d =     0  f =     1  +  T =     0.02 sec
  [bmc-prof 547] wall=  16.673 p=     1 | ifo=  0.806(sd=0.200 nx=0.000 tfo=0.061 cnt=0.545) snap= 0.311 srm=  9.360 sat=  5.987(set=0.192 slv=5.792 max=5.7924 n=1) sim= 0.000(rmp=0.000 run=0.000) chk= 0.001 stat= 0.200 rest= 0.008
  [bmc-incr i=548 repr=1 active=1215/176367 POs=1]
BMC : c =    1213  cl =   4503  lit =  176366  p =     0  d =     0  f =     1  +  T =     0.02 sec
  [bmc-prof 548] wall=  15.993 p=     1 | ifo=  0.778(sd=0.206 nx=0.000 tfo=0.059 cnt=0.513) snap= 0.312 srm=  8.306 sat=  6.405(set=0.191 slv=6.212 max=6.2115 n=1) sim= 0.000(rmp=0.000 run=0.000) chk= 0.000 stat= 0.186 rest= 0.005
  [bmc-incr i=549 repr=1 active=1214/176366 POs=1]
BMC : c =    1212  cl =   4503  lit =  176365  p =     0  d =     0  f =     1  +  T =     0.02 sec
  [bmc-prof 549] wall=  16.132 p=     1 | ifo=  0.714(sd=0.181 nx=0.000 tfo=0.059 cnt=0.474) snap= 0.295 srm=  8.780 sat=  6.130(set=0.198 slv=5.930 max=5.9298 n=1) sim= 0.000(rmp=0.000 run=0.000) chk= 0.001 stat= 0.206 rest= 0.007
  [bmc-incr i=550 repr=1 active=1213/176365 POs=1]
BMC : c =    1211  cl =   4503  lit =  176364  p =     0  d =     0  f =     1  +  T =     0.02 sec
  [bmc-prof 550] wall=  17.160 p=     1 | ifo=  0.788(sd=0.197 nx=0.000 tfo=0.058 cnt=0.534) snap= 0.320 srm=  9.327 sat=  6.512(set=0.224 slv=6.286 max=6.2857 n=1) sim= 0.000(rmp=0.000 run=0.000) chk= 0.001 stat= 0.207 rest= 0.006
  [bmc-incr i=551 repr=1 active=1212/176364 POs=1]
BMC : c =    1210  cl =   4503  lit =  176363  p =     0  d =     0  f =     1  +  T =     0.02 sec
  [bmc-prof 551] wall=  17.032 p=     1 | ifo=  0.826(sd=0.204 nx=0.000 tfo=0.064 cnt=0.559) snap= 0.318 srm=  9.214 sat=  6.464(set=0.202 slv=6.259 max=6.2593 n=1) sim= 0.000(rmp=0.000 run=0.000) chk= 0.001 stat= 0.202 rest= 0.007
  [bmc-incr i=552 repr=1 active=1211/176363 POs=1]
BMC : c =    1209  cl =   4503  lit =  176362  p =     0  d =     0  f =     1  +  T =     0.02 sec
  [bmc-prof 552] wall=  17.210 p=     1 | ifo=  0.794(sd=0.193 nx=0.000 tfo=0.063 cnt=0.537) snap= 0.311 srm=  9.741 sat=  6.172(set=0.225 slv=5.943 max=5.9429 n=1) sim= 0.000(rmp=0.000 run=0.000) chk= 0.001 stat= 0.187 rest= 0.005
  [bmc-incr i=553 repr=1 active=1210/176362 POs=1]
BMC : c =    1208  cl =   4503  lit =  176361  p =     0  d =     0  f =     1  +  T =     0.02 sec
  [bmc-prof 553] wall=  15.852 p=     1 | ifo=  0.775(sd=0.184 nx=0.000 tfo=0.075 cnt=0.515) snap= 0.311 srm=  8.669 sat=  5.879(set=0.195 slv=5.681 max=5.6814 n=1) sim= 0.000(rmp=0.000 run=0.000) chk= 0.001 stat= 0.212 rest= 0.006
  [bmc-incr i=554 repr=1 active=1209/176361 POs=1]
BMC : c =    1207  cl =   4503  lit =  176360  p =     0  d =     0  f =     1  +  T =     0.02 sec
  [bmc-prof 554] wall=  16.602 p=     1 | ifo=  0.829(sd=0.278 nx=0.000 tfo=0.059 cnt=0.492) snap= 0.293 srm=  8.269 sat=  6.989(set=0.208 slv=6.778 max=6.7781 n=1) sim= 0.000(rmp=0.000 run=0.000) chk= 0.001 stat= 0.216 rest= 0.005
  [bmc-incr i=555 repr=1 active=1208/176360 POs=1]
BMC : c =    1206  cl =   4503  lit =  176359  p =     0  d =     0  f =     1  +  T =     0.02 sec
  [bmc-prof 555] wall=  15.994 p=     1 | ifo=  0.784(sd=0.192 nx=0.000 tfo=0.057 cnt=0.535) snap= 0.309 srm=  8.703 sat=  5.981(set=0.197 slv=5.781 max=5.7811 n=1) sim= 0.000(rmp=0.000 run=0.000) chk= 0.001 stat= 0.209 rest= 0.006
  [bmc-incr i=556 repr=1 active=1207/176359 POs=1]
BMC : c =    1205  cl =   4503  lit =  176358  p =     0  d =     0  f =     1  +  T =     0.02 sec
  [bmc-prof 556] wall=  15.951 p=     1 | ifo=  0.766(sd=0.185 nx=0.000 tfo=0.076 cnt=0.506) snap= 0.290 srm=  8.413 sat=  6.276(set=0.218 slv=6.056 max=6.0556 n=1) sim= 0.000(rmp=0.000 run=0.000) chk= 0.000 stat= 0.202 rest= 0.004
  [bmc-incr i=557 repr=1 active=1206/176358 POs=1]
BMC : c =    1204  cl =   4503  lit =  176357  p =     0  d =     0  f =     1  +  T =     0.02 sec
  [bmc-prof 557] wall=  18.031 p=     1 | ifo=  0.877(sd=0.185 nx=0.000 tfo=0.070 cnt=0.622) snap= 0.328 srm=  9.189 sat=  7.422(set=0.211 slv=7.208 max=7.2080 n=1) sim= 0.000(rmp=0.000 run=0.000) chk= 0.000 stat= 0.207 rest= 0.006
  [bmc-incr i=558 repr=1 active=1205/176357 POs=1]
BMC : c =    1203  cl =   4503  lit =  176356  p =     0  d =     0  f =     1  +  T =     0.02 sec
  [bmc-prof 558] wall=  16.471 p=     1 | ifo=  0.831(sd=0.225 nx=0.000 tfo=0.059 cnt=0.548) snap= 0.293 srm=  8.647 sat=  6.494(set=0.209 slv=6.282 max=6.2822 n=1) sim= 0.000(rmp=0.000 run=0.000) chk= 0.000 stat= 0.199 rest= 0.005
  [bmc-incr i=559 repr=1 active=1204/176356 POs=1]
BMC : c =    1202  cl =   4503  lit =  176355  p =     0  d =     0  f =     1  +  T =     0.02 sec
  [bmc-prof 559] wall=  16.416 p=     1 | ifo=  0.784(sd=0.204 nx=0.000 tfo=0.062 cnt=0.518) snap= 0.309 srm=  8.757 sat=  6.368(set=0.212 slv=6.153 max=6.1528 n=1) sim= 0.000(rmp=0.000 run=0.000) chk= 0.000 stat= 0.192 rest= 0.006
  [bmc-incr i=560 repr=1 active=1203/176355 POs=1]
BMC : c =    1201  cl =   4503  lit =  176354  p =     0  d =     0  f =     1  +  T =     0.02 sec
  [bmc-prof 560] wall=  15.732 p=     1 | ifo=  0.748(sd=0.184 nx=0.000 tfo=0.058 cnt=0.506) snap= 0.293 srm=  8.633 sat=  5.812(set=0.189 slv=5.621 max=5.6206 n=1) sim= 0.000(rmp=0.000 run=0.000) chk= 0.001 stat= 0.239 rest= 0.006
  [bmc-incr i=561 repr=1 active=1202/176354 POs=1]
BMC : c =    1200  cl =   4503  lit =  176353  p =     0  d =     0  f =     1  +  T =     0.02 sec
  [bmc-prof 561] wall=  16.310 p=     1 | ifo=  0.743(sd=0.183 nx=0.000 tfo=0.061 cnt=0.500) snap= 0.287 srm=  8.665 sat=  6.366(set=0.193 slv=6.171 max=6.1707 n=1) sim= 0.000(rmp=0.000 run=0.000) chk= 0.001 stat= 0.241 rest= 0.008
  [bmc-incr i=562 repr=1 active=1201/176353 POs=1]
BMC : c =    1199  cl =   4503  lit =  176352  p =     0  d =     0  f =     1  +  T =     0.02 sec
  [bmc-prof 562] wall=  17.688 p=     1 | ifo=  0.872(sd=0.221 nx=0.000 tfo=0.059 cnt=0.592) snap= 0.329 srm=  9.561 sat=  6.678(set=0.255 slv=6.421 max=6.4208 n=1) sim= 0.000(rmp=0.000 run=0.000) chk= 0.000 stat= 0.242 rest= 0.005
  [bmc-incr i=563 repr=1 active=1200/176352 POs=1]
BMC : c =    1198  cl =   4503  lit =  176351  p =     0  d =     0  f =     1  +  T =     0.02 sec
  [bmc-prof 563] wall=  16.557 p=     1 | ifo=  0.746(sd=0.185 nx=0.000 tfo=0.059 cnt=0.502) snap= 0.296 srm=  9.090 sat=  6.213(set=0.191 slv=6.020 max=6.0195 n=1) sim= 0.000(rmp=0.000 run=0.000) chk= 0.001 stat= 0.205 rest= 0.005
  [bmc-incr i=564 repr=1 active=1199/176351 POs=1]
BMC : c =    1197  cl =   4503  lit =  176350  p =     0  d =     0  f =     1  +  T =     0.02 sec
  [bmc-prof 564] wall=  16.747 p=     1 | ifo=  0.768(sd=0.193 nx=0.000 tfo=0.061 cnt=0.513) snap= 0.296 srm=  8.752 sat=  6.723(set=0.205 slv=6.515 max=6.5154 n=1) sim= 0.000(rmp=0.000 run=0.000) chk= 0.001 stat= 0.203 rest= 0.005
  [bmc-incr i=565 repr=1 active=1198/176350 POs=1]
BMC : c =    1196  cl =   4503  lit =  176349  p =     0  d =     0  f =     1  +  T =     0.02 sec
  [bmc-prof 565] wall=  17.282 p=     1 | ifo=  0.810(sd=0.209 nx=0.000 tfo=0.060 cnt=0.541) snap= 0.444 srm=  9.218 sat=  6.517(set=0.353 slv=6.160 max=6.1602 n=1) sim= 0.000(rmp=0.000 run=0.000) chk= 0.001 stat= 0.286 rest= 0.007
  [bmc-incr i=566 repr=1 active=1197/176349 POs=1]
BMC : c =    1195  cl =   4503  lit =  176348  p =     0  d =     0  f =     1  +  T =     0.02 sec
  [bmc-prof 566] wall=  16.961 p=     1 | ifo=  0.789(sd=0.197 nx=0.000 tfo=0.063 cnt=0.529) snap= 0.315 srm=  8.852 sat=  6.774(set=0.206 slv=6.565 max=6.5648 n=1) sim= 0.000(rmp=0.000 run=0.000) chk= 0.001 stat= 0.225 rest= 0.005
  [bmc-incr i=567 repr=1 active=1196/176348 POs=1]
BMC : c =    1194  cl =   4503  lit =  176347  p =     0  d =     0  f =     1  +  T =     0.02 sec
  [bmc-prof 567] wall=  15.428 p=     1 | ifo=  0.809(sd=0.200 nx=0.000 tfo=0.061 cnt=0.548) snap= 0.295 srm=  8.436 sat=  5.687(set=0.198 slv=5.486 max=5.4858 n=1) sim= 0.000(rmp=0.000 run=0.000) chk= 0.001 stat= 0.195 rest= 0.006
  [bmc-incr i=568 repr=1 active=1195/176347 POs=1]
BMC : c =    1193  cl =   4503  lit =  176346  p =     0  d =     0  f =     1  +  T =     0.02 sec
  [bmc-prof 568] wall=  16.194 p=     1 | ifo=  0.751(sd=0.185 nx=0.000 tfo=0.075 cnt=0.492) snap= 0.346 srm=  8.365 sat=  6.532(set=0.211 slv=6.319 max=6.3185 n=1) sim= 0.000(rmp=0.000 run=0.000) chk= 0.000 stat= 0.194 rest= 0.005
  [bmc-incr i=569 repr=1 active=1194/176346 POs=1]
BMC : c =    1192  cl =   4503  lit =  176345  p =     0  d =     0  f =     1  +  T =     0.02 sec
  [bmc-prof 569] wall=  16.981 p=     1 | ifo=  0.769(sd=0.178 nx=0.000 tfo=0.062 cnt=0.528) snap= 0.295 srm=  8.749 sat=  6.948(set=0.192 slv=6.753 max=6.7526 n=1) sim= 0.000(rmp=0.000 run=0.000) chk= 0.000 stat= 0.212 rest= 0.007
  [bmc-incr i=570 repr=1 active=1193/176345 POs=1]
BMC : c =    1191  cl =   4503  lit =  176344  p =     0  d =     0  f =     1  +  T =     0.02 sec
  [bmc-prof 570] wall=  18.449 p=     1 | ifo=  0.852(sd=0.209 nx=0.000 tfo=0.060 cnt=0.583) snap= 0.316 srm=  9.513 sat=  7.509(set=0.205 slv=7.300 max=7.2999 n=1) sim= 0.000(rmp=0.000 run=0.000) chk= 0.001 stat= 0.252 rest= 0.006
  [bmc-incr i=571 repr=1 active=1192/176344 POs=1]
BMC : c =    1190  cl =   4503  lit =  176343  p =     0  d =     0  f =     1  +  T =     0.02 sec
  [bmc-prof 571] wall=  16.846 p=     1 | ifo=  0.879(sd=0.232 nx=0.000 tfo=0.064 cnt=0.583) snap= 0.309 srm=  8.537 sat=  6.892(set=0.214 slv=6.675 max=6.6754 n=1) sim= 0.000(rmp=0.000 run=0.000) chk= 0.001 stat= 0.220 rest= 0.009
  [bmc-incr i=572 repr=1 active=1191/176343 POs=1]
BMC : c =    1189  cl =   4503  lit =  176342  p =     0  d =     0  f =     1  +  T =     0.02 sec
  [bmc-prof 572] wall=  17.520 p=     1 | ifo=  1.204(sd=0.206 nx=0.000 tfo=0.062 cnt=0.936) snap= 0.327 srm=  9.522 sat=  6.252(set=0.217 slv=6.032 max=6.0318 n=1) sim= 0.000(rmp=0.000 run=0.000) chk= 0.000 stat= 0.207 rest= 0.007
  [bmc-incr i=573 repr=1 active=1190/176342 POs=1]
BMC : c =    1188  cl =   4503  lit =  176341  p =     0  d =     0  f =     1  +  T =     0.02 sec
  [bmc-prof 573] wall=  17.361 p=     1 | ifo=  0.823(sd=0.212 nx=0.000 tfo=0.059 cnt=0.552) snap= 0.309 srm=  9.113 sat=  6.902(set=0.219 slv=6.680 max=6.6796 n=1) sim= 0.000(rmp=0.000 run=0.000) chk= 0.001 stat= 0.206 rest= 0.006
  [bmc-incr i=574 repr=1 active=1189/176341 POs=1]
BMC : c =    1187  cl =   4503  lit =  176340  p =     0  d =     0  f =     1  +  T =     0.02 sec
  [bmc-prof 574] wall=  16.885 p=     1 | ifo=  0.803(sd=0.200 nx=0.000 tfo=0.061 cnt=0.542) snap= 0.304 srm=  9.460 sat=  6.101(set=0.221 slv=5.878 max=5.8777 n=1) sim= 0.000(rmp=0.000 run=0.000) chk= 0.000 stat= 0.209 rest= 0.008
  [bmc-incr i=575 repr=1 active=1188/176340 POs=1]
BMC : c =    1186  cl =   4503  lit =  176339  p =     0  d =     0  f =     1  +  T =     0.02 sec
  [bmc-prof 575] wall=  15.306 p=     1 | ifo=  0.754(sd=0.184 nx=0.000 tfo=0.059 cnt=0.511) snap= 0.396 srm=  8.165 sat=  5.796(set=0.203 slv=5.591 max=5.5908 n=1) sim= 0.000(rmp=0.000 run=0.000) chk= 0.000 stat= 0.189 rest= 0.005
  [bmc-incr i=576 repr=1 active=1187/176339 POs=1]
BMC : c =    1185  cl =   4503  lit =  176338  p =     0  d =     0  f =     1  +  T =     0.02 sec
  [bmc-prof 576] wall=  16.026 p=     1 | ifo=  0.751(sd=0.186 nx=0.000 tfo=0.061 cnt=0.505) snap= 0.303 srm=  8.598 sat=  6.168(set=0.198 slv=5.966 max=5.9655 n=1) sim= 0.000(rmp=0.000 run=0.000) chk= 0.001 stat= 0.199 rest= 0.007
  [bmc-incr i=577 repr=1 active=1186/176338 POs=1]
BMC : c =    1184  cl =   4503  lit =  176337  p =     0  d =     0  f =     1  +  T =     0.02 sec
  [bmc-prof 577] wall=  17.315 p=     1 | ifo=  0.781(sd=0.193 nx=0.000 tfo=0.058 cnt=0.529) snap= 0.342 srm=  9.560 sat=  6.415(set=0.214 slv=6.198 max=6.1978 n=1) sim= 0.000(rmp=0.000 run=0.000) chk= 0.001 stat= 0.211 rest= 0.006
  [bmc-incr i=578 repr=1 active=1185/176337 POs=1]
BMC : c =    1183  cl =   4503  lit =  176336  p =     0  d =     0  f =     1  +  T =     0.02 sec
  [bmc-prof 578] wall=  16.654 p=     1 | ifo=  0.783(sd=0.183 nx=0.000 tfo=0.058 cnt=0.543) snap= 0.346 srm=  8.669 sat=  6.645(set=0.203 slv=6.439 max=6.4394 n=1) sim= 0.000(rmp=0.000 run=0.000) chk= 0.001 stat= 0.204 rest= 0.005
  [bmc-incr i=579 repr=1 active=1184/176336 POs=1]
BMC : c =    1182  cl =   4503  lit =  176335  p =     0  d =     0  f =     1  +  T =     0.02 sec
  [bmc-prof 579] wall=  17.630 p=     1 | ifo=  0.785(sd=0.196 nx=0.000 tfo=0.060 cnt=0.529) snap= 0.323 srm=  9.471 sat=  6.849(set=0.224 slv=6.622 max=6.6216 n=1) sim= 0.000(rmp=0.000 run=0.000) chk= 0.001 stat= 0.195 rest= 0.005
  [bmc-incr i=580 repr=1 active=1183/176335 POs=1]
BMC : c =    1181  cl =   4503  lit =  176334  p =     0  d =     0  f =     1  +  T =     0.02 sec
  [bmc-prof 580] wall=  16.574 p=     1 | ifo=  0.761(sd=0.184 nx=0.000 tfo=0.065 cnt=0.512) snap= 0.346 srm=  8.866 sat=  6.328(set=0.198 slv=6.127 max=6.1267 n=1) sim= 0.000(rmp=0.000 run=0.000) chk= 0.001 stat= 0.266 rest= 0.006
  [bmc-incr i=581 repr=1 active=1182/176334 POs=1]
BMC : c =    1180  cl =   4503  lit =  176333  p =     0  d =     0  f =     1  +  T =     0.02 sec
  [bmc-prof 581] wall=  16.412 p=     1 | ifo=  0.826(sd=0.231 nx=0.000 tfo=0.063 cnt=0.532) snap= 0.415 srm=  8.511 sat=  6.459(set=0.209 slv=6.247 max=6.2475 n=1) sim= 0.000(rmp=0.000 run=0.000) chk= 0.001 stat= 0.193 rest= 0.006
  [bmc-incr i=582 repr=1 active=1181/176333 POs=1]
BMC : c =    1179  cl =   4503  lit =  176332  p =     0  d =     0  f =     1  +  T =     0.02 sec
  [bmc-prof 582] wall=  17.296 p=     1 | ifo=  0.765(sd=0.194 nx=0.000 tfo=0.056 cnt=0.515) snap= 0.299 srm=  8.637 sat=  7.386(set=0.199 slv=7.184 max=7.1838 n=1) sim= 0.000(rmp=0.000 run=0.000) chk= 0.000 stat= 0.203 rest= 0.006
  [bmc-incr i=583 repr=1 active=1180/176332 POs=1]
BMC : c =    1178  cl =   4503  lit =  176331  p =     0  d =     0  f =     1  +  T =     0.02 sec
  [bmc-prof 583] wall=  17.531 p=     1 | ifo=  0.787(sd=0.196 nx=0.000 tfo=0.058 cnt=0.533) snap= 0.316 srm=  8.991 sat=  7.229(set=0.218 slv=7.008 max=7.0080 n=1) sim= 0.000(rmp=0.000 run=0.000) chk= 0.000 stat= 0.203 rest= 0.004
  [bmc-incr i=584 repr=1 active=1179/176331 POs=1]
BMC : c =    1177  cl =   4503  lit =  176330  p =     0  d =     0  f =     1  +  T =     0.02 sec
  [bmc-prof 584] wall=  16.422 p=     1 | ifo=  0.798(sd=0.197 nx=0.000 tfo=0.058 cnt=0.543) snap= 0.316 srm=  8.759 sat=  6.341(set=0.201 slv=6.136 max=6.1365 n=1) sim= 0.000(rmp=0.000 run=0.000) chk= 0.000 stat= 0.203 rest= 0.005
  [bmc-incr i=585 repr=1 active=1178/176330 POs=1]
BMC : c =    1176  cl =   4503  lit =  176329  p =     0  d =     0  f =     1  +  T =     0.02 sec
  [bmc-prof 585] wall=  16.824 p=     1 | ifo=  0.798(sd=0.198 nx=0.000 tfo=0.057 cnt=0.542) snap= 0.328 srm=  9.101 sat=  6.397(set=0.206 slv=6.188 max=6.1875 n=1) sim= 0.000(rmp=0.000 run=0.000) chk= 0.001 stat= 0.195 rest= 0.005
  [bmc-incr i=586 repr=1 active=1177/176329 POs=1]
BMC : c =    1175  cl =   4503  lit =  176328  p =     0  d =     0  f =     1  +  T =     0.02 sec
  [bmc-prof 586] wall=  16.238 p=     1 | ifo=  0.746(sd=0.188 nx=0.000 tfo=0.058 cnt=0.500) snap= 0.299 srm=  8.457 sat=  6.535(set=0.200 slv=6.333 max=6.3329 n=1) sim= 0.000(rmp=0.000 run=0.000) chk= 0.000 stat= 0.196 rest= 0.005
  [bmc-incr i=587 repr=1 active=1176/176328 POs=1]
BMC : c =    1174  cl =   4503  lit =  176327  p =     0  d =     0  f =     1  +  T =     0.02 sec
  [bmc-prof 587] wall=  17.219 p=     1 | ifo=  0.732(sd=0.181 nx=0.000 tfo=0.056 cnt=0.495) snap= 0.298 srm=  9.175 sat=  6.809(set=0.245 slv=6.562 max=6.5618 n=1) sim= 0.000(rmp=0.000 run=0.000) chk= 0.000 stat= 0.198 rest= 0.007
  [bmc-incr i=588 repr=1 active=1175/176327 POs=1]
BMC : c =    1173  cl =   4503  lit =  176326  p =     0  d =     0  f =     1  +  T =     0.02 sec
  [bmc-prof 588] wall=  17.272 p=     1 | ifo=  0.925(sd=0.190 nx=0.000 tfo=0.173 cnt=0.561) snap= 0.298 srm=  8.672 sat=  7.169(set=0.197 slv=6.968 max=6.9679 n=1) sim= 0.000(rmp=0.000 run=0.000) chk= 0.000 stat= 0.202 rest= 0.005
  [bmc-incr i=589 repr=1 active=1174/176326 POs=1]
BMC : c =    1172  cl =   4503  lit =  176325  p =     0  d =     0  f =     1  +  T =     0.02 sec
  [bmc-prof 589] wall=  16.053 p=     1 | ifo=  0.793(sd=0.197 nx=0.000 tfo=0.055 cnt=0.541) snap= 0.295 srm=  8.639 sat=  6.127(set=0.201 slv=5.923 max=5.9230 n=1) sim= 0.000(rmp=0.000 run=0.000) chk= 0.001 stat= 0.193 rest= 0.006
  [bmc-incr i=590 repr=1 active=1173/176325 POs=1]
BMC : c =    1171  cl =   4503  lit =  176324  p =     0  d =     0  f =     1  +  T =     0.02 sec
  [bmc-prof 590] wall=  15.733 p=     1 | ifo=  0.776(sd=0.204 nx=0.000 tfo=0.058 cnt=0.513) snap= 0.292 srm=  8.437 sat=  6.024(set=0.212 slv=5.809 max=5.8089 n=1) sim= 0.000(rmp=0.000 run=0.000) chk= 0.001 stat= 0.199 rest= 0.005
  [bmc-incr i=591 repr=1 active=1172/176324 POs=1]
BMC : c =    1170  cl =   4503  lit =  176323  p =     0  d =     0  f =     1  +  T =     0.02 sec
  [bmc-prof 591] wall=  17.179 p=     1 | ifo=  0.754(sd=0.202 nx=0.000 tfo=0.059 cnt=0.493) snap= 0.306 srm=  9.021 sat=  6.884(set=0.195 slv=6.686 max=6.6860 n=1) sim= 0.000(rmp=0.000 run=0.000) chk= 0.001 stat= 0.205 rest= 0.008
  [bmc-incr i=592 repr=1 active=1171/176323 POs=1]
BMC : c =    1169  cl =   4503  lit =  176322  p =     0  d =     0  f =     1  +  T =     0.02 sec
  [bmc-prof 592] wall=  16.401 p=     1 | ifo=  0.833(sd=0.214 nx=0.000 tfo=0.058 cnt=0.561) snap= 0.286 srm=  8.998 sat=  6.040(set=0.214 slv=5.823 max=5.8231 n=1) sim= 0.000(rmp=0.000 run=0.000) chk= 0.000 stat= 0.236 rest= 0.007
  [bmc-incr i=593 repr=1 active=1170/176322 POs=1]
BMC : c =    1168  cl =   4503  lit =  176321  p =     0  d =     0  f =     1  +  T =     0.02 sec
  [bmc-prof 593] wall=  16.068 p=     1 | ifo=  0.750(sd=0.189 nx=0.000 tfo=0.053 cnt=0.508) snap= 0.292 srm=  8.492 sat=  6.322(set=0.193 slv=6.126 max=6.1257 n=1) sim= 0.000(rmp=0.000 run=0.000) chk= 0.001 stat= 0.204 rest= 0.006
  [bmc-incr i=594 repr=1 active=1169/176321 POs=1]
BMC : c =    1167  cl =   4503  lit =  176320  p =     0  d =     0  f =     1  +  T =     0.02 sec
  [bmc-prof 594] wall=  16.836 p=     1 | ifo=  0.770(sd=0.182 nx=0.000 tfo=0.077 cnt=0.511) snap= 0.293 srm=  8.601 sat=  6.969(set=0.203 slv=6.763 max=6.7635 n=1) sim= 0.000(rmp=0.000 run=0.000) chk= 0.001 stat= 0.197 rest= 0.005
  [bmc-incr i=595 repr=1 active=1168/176320 POs=1]
BMC : c =    1166  cl =   4503  lit =  176319  p =     0  d =     0  f =     1  +  T =     0.02 sec
  [bmc-prof 595] wall=  16.249 p=     1 | ifo=  0.796(sd=0.202 nx=0.000 tfo=0.061 cnt=0.533) snap= 0.302 srm=  8.851 sat=  6.093(set=0.194 slv=5.895 max=5.8951 n=1) sim= 0.000(rmp=0.000 run=0.000) chk= 0.001 stat= 0.201 rest= 0.006
  [bmc-incr i=596 repr=1 active=1167/176319 POs=1]
BMC : c =    1165  cl =   4503  lit =  176318  p =     0  d =     0  f =     1  +  T =     0.02 sec
  [bmc-prof 596] wall=  15.299 p=     1 | ifo=  0.778(sd=0.207 nx=0.000 tfo=0.054 cnt=0.517) snap= 0.288 srm=  8.267 sat=  5.768(set=0.245 slv=5.521 max=5.5205 n=1) sim= 0.000(rmp=0.000 run=0.000) chk= 0.001 stat= 0.191 rest= 0.006
  [bmc-incr i=597 repr=1 active=1166/176318 POs=1]
BMC : c =    1164  cl =   4503  lit =  176317  p =     0  d =     0  f =     1  +  T =     0.02 sec
  [bmc-prof 597] wall=  16.915 p=     1 | ifo=  0.758(sd=0.184 nx=0.000 tfo=0.059 cnt=0.515) snap= 0.326 srm=  9.284 sat=  6.336(set=0.202 slv=6.131 max=6.1314 n=1) sim= 0.000(rmp=0.000 run=0.000) chk= 0.000 stat= 0.204 rest= 0.006
  [bmc-incr i=598 repr=1 active=1165/176317 POs=1]
BMC : c =    1163  cl =   4503  lit =  176316  p =     0  d =     0  f =     1  +  T =     0.02 sec
  [bmc-prof 598] wall=  16.160 p=     1 | ifo=  0.757(sd=0.180 nx=0.000 tfo=0.055 cnt=0.522) snap= 0.307 srm=  8.689 sat=  6.192(set=0.196 slv=5.993 max=5.9934 n=1) sim= 0.000(rmp=0.000 run=0.000) chk= 0.000 stat= 0.209 rest= 0.006
  [bmc-incr i=599 repr=1 active=1164/176316 POs=1]
BMC : c =    1162  cl =   4503  lit =  176315  p =     0  d =     0  f =     1  +  T =     0.02 sec
  [bmc-prof 599] wall=  19.918 p=     1 | ifo=  0.724(sd=0.178 nx=0.000 tfo=0.057 cnt=0.489) snap= 0.288 srm=  8.487 sat= 10.179(set=0.189 slv=9.985 max=9.9852 n=1) sim= 0.000(rmp=0.000 run=0.000) chk= 0.001 stat= 0.233 rest= 0.007
  [bmc-incr i=600 repr=1 active=1163/176315 POs=1]
BMC : c =    1161  cl =   4503  lit =  176314  p =     0  d =     0  f =     1  +  T =     0.02 sec
  [bmc-prof 600] wall=  17.435 p=     1 | ifo=  0.857(sd=0.209 nx=0.000 tfo=0.064 cnt=0.584) snap= 0.318 srm=  9.460 sat=  6.589(set=0.224 slv=6.362 max=6.3620 n=1) sim= 0.000(rmp=0.000 run=0.000) chk= 0.001 stat= 0.205 rest= 0.006
  [bmc-incr i=601 repr=1 active=1162/176314 POs=1]
BMC : c =    1160  cl =   4503  lit =  176313  p =     0  d =     0  f =     1  +  T =     0.02 sec
  [bmc-prof 601] wall=  17.696 p=     1 | ifo=  0.758(sd=0.190 nx=0.000 tfo=0.056 cnt=0.512) snap= 0.351 srm=  9.662 sat=  6.717(set=0.222 slv=6.492 max=6.4918 n=1) sim= 0.000(rmp=0.000 run=0.000) chk= 0.000 stat= 0.203 rest= 0.005
  [bmc-incr i=602 repr=1 active=1161/176313 POs=1]
BMC : c =    1159  cl =   4503  lit =  176312  p =     0  d =     0  f =     1  +  T =     0.02 sec
  [bmc-prof 602] wall=  16.762 p=     1 | ifo=  0.805(sd=0.203 nx=0.000 tfo=0.060 cnt=0.542) snap= 0.307 srm=  8.833 sat=  6.562(set=0.201 slv=6.358 max=6.3578 n=1) sim= 0.000(rmp=0.000 run=0.000) chk= 0.000 stat= 0.250 rest= 0.005
  [bmc-incr i=603 repr=1 active=1160/176312 POs=1]
BMC : c =    1158  cl =   4503  lit =  176311  p =     0  d =     0  f =     1  +  T =     0.02 sec
  [bmc-prof 603] wall=  16.243 p=     1 | ifo=  0.911(sd=0.269 nx=0.000 tfo=0.065 cnt=0.577) snap= 0.357 srm=  8.725 sat=  6.045(set=0.223 slv=5.819 max=5.8191 n=1) sim= 0.000(rmp=0.000 run=0.000) chk= 0.000 stat= 0.199 rest= 0.005
  [bmc-incr i=604 repr=1 active=1159/176311 POs=1]
BMC : c =    1157  cl =   4503  lit =  176310  p =     0  d =     0  f =     1  +  T =     0.02 sec
  [bmc-prof 604] wall=  16.284 p=     1 | ifo=  0.743(sd=0.179 nx=0.000 tfo=0.055 cnt=0.509) snap= 0.303 srm=  9.506 sat=  5.531(set=0.197 slv=5.331 max=5.3309 n=1) sim= 0.000(rmp=0.000 run=0.000) chk= 0.001 stat= 0.196 rest= 0.005
  [bmc-incr i=605 repr=1 active=1158/176310 POs=1]
BMC : c =    1156  cl =   4503  lit =  176309  p =     0  d =     0  f =     1  +  T =     0.02 sec
  [bmc-prof 605] wall=  15.817 p=     1 | ifo=  0.717(sd=0.182 nx=0.000 tfo=0.055 cnt=0.481) snap= 0.295 srm=  8.616 sat=  5.992(set=0.208 slv=5.781 max=5.7815 n=1) sim= 0.000(rmp=0.000 run=0.000) chk= 0.001 stat= 0.192 rest= 0.005
  [bmc-incr i=606 repr=1 active=1157/176309 POs=1]
BMC : c =    1155  cl =   4503  lit =  176308  p =     0  d =     0  f =     1  +  T =     0.02 sec
  [bmc-prof 606] wall=  16.220 p=     1 | ifo=  0.770(sd=0.202 nx=0.000 tfo=0.054 cnt=0.514) snap= 0.289 srm=  8.634 sat=  6.322(set=0.187 slv=6.131 max=6.1311 n=1) sim= 0.000(rmp=0.000 run=0.000) chk= 0.000 stat= 0.199 rest= 0.006
  [bmc-incr i=607 repr=1 active=1156/176308 POs=1]
BMC : c =    1154  cl =   4503  lit =  176307  p =     0  d =     0  f =     1  +  T =     0.02 sec
  [bmc-prof 607] wall=  16.967 p=     1 | ifo=  0.758(sd=0.189 nx=0.000 tfo=0.060 cnt=0.509) snap= 0.313 srm=  9.549 sat=  6.125(set=0.210 slv=5.913 max=5.9128 n=1) sim= 0.000(rmp=0.000 run=0.000) chk= 0.000 stat= 0.213 rest= 0.008
  [bmc-incr i=608 repr=1 active=1155/176307 POs=1]
BMC : c =    1153  cl =   4503  lit =  176306  p =     0  d =     0  f =     1  +  T =     0.02 sec
  [bmc-prof 608] wall=  17.437 p=     1 | ifo=  0.782(sd=0.192 nx=0.000 tfo=0.058 cnt=0.532) snap= 0.568 srm=  9.489 sat=  6.380(set=0.263 slv=6.113 max=6.1133 n=1) sim= 0.000(rmp=0.000 run=0.000) chk= 0.001 stat= 0.211 rest= 0.007
  [bmc-incr i=609 repr=1 active=1154/176306 POs=1]
BMC : c =    1152  cl =   4503  lit =  176305  p =     0  d =     0  f =     1  +  T =     0.02 sec
  [bmc-prof 609] wall=  17.888 p=     1 | ifo=  0.798(sd=0.193 nx=0.000 tfo=0.059 cnt=0.546) snap= 0.350 srm=  9.238 sat=  7.287(set=0.509 slv=6.774 max=6.7742 n=1) sim= 0.000(rmp=0.000 run=0.000) chk= 0.001 stat= 0.210 rest= 0.005
  [bmc-incr i=610 repr=1 active=1153/176305 POs=1]
BMC : c =    1151  cl =   4503  lit =  176304  p =     0  d =     0  f =     1  +  T =     0.02 sec
  [bmc-prof 610] wall=  17.504 p=     1 | ifo=  0.767(sd=0.196 nx=0.000 tfo=0.056 cnt=0.515) snap= 0.395 srm=  9.199 sat=  6.935(set=0.235 slv=6.697 max=6.6973 n=1) sim= 0.000(rmp=0.000 run=0.000) chk= 0.000 stat= 0.202 rest= 0.006
  [bmc-incr i=611 repr=1 active=1152/176304 POs=1]
BMC : c =    1150  cl =   4503  lit =  176303  p =     0  d =     0  f =     1  +  T =     0.02 sec
  [bmc-prof 611] wall=  17.057 p=     1 | ifo=  0.754(sd=0.188 nx=0.000 tfo=0.056 cnt=0.509) snap= 0.369 srm=  8.597 sat=  7.013(set=0.236 slv=6.773 max=6.7728 n=1) sim= 0.000(rmp=0.000 run=0.000) chk= 0.000 stat= 0.318 rest= 0.007
  [bmc-incr i=612 repr=1 active=1151/176303 POs=1]
BMC : c =    1149  cl =   4503  lit =  176302  p =     0  d =     0  f =     1  +  T =     0.02 sec
  [bmc-prof 612] wall=  17.251 p=     1 | ifo=  0.936(sd=0.277 nx=0.000 tfo=0.071 cnt=0.588) snap= 0.319 srm=  8.924 sat=  6.856(set=0.213 slv=6.641 max=6.6413 n=1) sim= 0.000(rmp=0.000 run=0.000) chk= 0.001 stat= 0.207 rest= 0.007
  [bmc-incr i=613 repr=1 active=1150/176302 POs=1]
BMC : c =    1148  cl =   4503  lit =  176301  p =     0  d =     0  f =     1  +  T =     0.02 sec
  [bmc-prof 613] wall=  17.699 p=     1 | ifo=  0.879(sd=0.201 nx=0.000 tfo=0.056 cnt=0.622) snap= 0.340 srm=  8.905 sat=  7.357(set=0.207 slv=7.147 max=7.1471 n=1) sim= 0.000(rmp=0.000 run=0.000) chk= 0.000 stat= 0.211 rest= 0.006
  [bmc-incr i=614 repr=1 active=1149/176301 POs=1]
BMC : c =    1147  cl =   4503  lit =  176300  p =     0  d =     0  f =     1  +  T =     0.02 sec
  [bmc-prof 614] wall=  17.750 p=     1 | ifo=  0.785(sd=0.194 nx=0.000 tfo=0.057 cnt=0.534) snap= 0.296 srm=  8.556 sat=  7.875(set=0.205 slv=7.667 max=7.6667 n=1) sim= 0.000(rmp=0.000 run=0.000) chk= 0.001 stat= 0.227 rest= 0.010
  [bmc-incr i=615 repr=1 active=1148/176300 POs=1]
BMC : c =    1146  cl =   4503  lit =  176299  p =     0  d =     0  f =     1  +  T =     0.02 sec
  [bmc-prof 615] wall=  17.695 p=     1 | ifo=  0.889(sd=0.228 nx=0.000 tfo=0.057 cnt=0.604) snap= 0.304 srm=  9.913 sat=  6.376(set=0.202 slv=6.171 max=6.1711 n=1) sim= 0.000(rmp=0.000 run=0.000) chk= 0.001 stat= 0.204 rest= 0.008
  [bmc-incr i=616 repr=1 active=1147/176299 POs=1]
BMC : c =    1145  cl =   4503  lit =  176298  p =     0  d =     0  f =     1  +  T =     0.02 sec
  [bmc-prof 616] wall=  16.837 p=     1 | ifo=  0.794(sd=0.200 nx=0.000 tfo=0.058 cnt=0.536) snap= 0.323 srm=  9.104 sat=  6.408(set=0.216 slv=6.189 max=6.1890 n=1) sim= 0.000(rmp=0.000 run=0.000) chk= 0.000 stat= 0.205 rest= 0.004
  [bmc-incr i=617 repr=1 active=1146/176298 POs=1]
BMC : c =    1144  cl =   4503  lit =  176297  p =     0  d =     0  f =     1  +  T =     0.02 sec
  [bmc-prof 617] wall=  17.386 p=     1 | ifo=  0.866(sd=0.202 nx=0.000 tfo=0.057 cnt=0.607) snap= 0.300 srm=  8.849 sat=  7.177(set=0.193 slv=6.981 max=6.9808 n=1) sim= 0.000(rmp=0.000 run=0.000) chk= 0.000 stat= 0.189 rest= 0.006
  [bmc-incr i=618 repr=1 active=1145/176297 POs=1]
BMC : c =    1143  cl =   4503  lit =  176296  p =     0  d =     0  f =     1  +  T =     0.02 sec
  [bmc-prof 618] wall=  18.160 p=     1 | ifo=  0.752(sd=0.184 nx=0.000 tfo=0.056 cnt=0.512) snap= 0.315 srm= 10.239 sat=  6.659(set=0.202 slv=6.454 max=6.4542 n=1) sim= 0.000(rmp=0.000 run=0.000) chk= 0.001 stat= 0.187 rest= 0.007
  [bmc-incr i=619 repr=1 active=1144/176296 POs=1]
BMC : c =    1142  cl =   4503  lit =  176295  p =     0  d =     0  f =     1  +  T =     0.02 sec
  [bmc-prof 619] wall=  16.784 p=     1 | ifo=  0.746(sd=0.183 nx=0.000 tfo=0.073 cnt=0.491) snap= 0.283 srm=  8.376 sat=  7.166(set=0.198 slv=6.965 max=6.9649 n=1) sim= 0.000(rmp=0.000 run=0.000) chk= 0.001 stat= 0.205 rest= 0.006
  [bmc-incr i=620 repr=1 active=1143/176295 POs=1]
BMC : c =    1141  cl =   4503  lit =  176294  p =     0  d =     0  f =     1  +  T =     0.02 sec
  [bmc-prof 620] wall=  16.847 p=     1 | ifo=  0.820(sd=0.199 nx=0.000 tfo=0.055 cnt=0.567) snap= 0.322 srm=  9.194 sat=  6.303(set=0.214 slv=6.086 max=6.0861 n=1) sim= 0.000(rmp=0.000 run=0.000) chk= 0.000 stat= 0.200 rest= 0.008
  [bmc-incr i=621 repr=1 active=1142/176294 POs=1]
BMC : c =    1140  cl =   4503  lit =  176293  p =     0  d =     0  f =     1  +  T =     0.02 sec
  [bmc-prof 621] wall=  17.850 p=     1 | ifo=  0.741(sd=0.186 nx=0.000 tfo=0.053 cnt=0.502) snap= 0.313 srm=  8.886 sat=  7.691(set=0.206 slv=7.482 max=7.4816 n=1) sim= 0.000(rmp=0.000 run=0.000) chk= 0.001 stat= 0.212 rest= 0.006
  [bmc-incr i=622 repr=1 active=1141/176293 POs=1]
BMC : c =    1139  cl =   4503  lit =  176292  p =     0  d =     0  f =     1  +  T =     0.02 sec
  [bmc-prof 622] wall=  17.542 p=     1 | ifo=  0.839(sd=0.200 nx=0.000 tfo=0.056 cnt=0.583) snap= 0.317 srm=  9.240 sat=  6.931(set=0.205 slv=6.723 max=6.7234 n=1) sim= 0.000(rmp=0.000 run=0.000) chk= 0.001 stat= 0.207 rest= 0.007
  [bmc-incr i=623 repr=1 active=1140/176292 POs=1]
BMC : c =    1138  cl =   4503  lit =  176291  p =     0  d =     0  f =     1  +  T =     0.02 sec
  [bmc-prof 623] wall=  17.471 p=     1 | ifo=  0.804(sd=0.199 nx=0.000 tfo=0.054 cnt=0.551) snap= 0.341 srm=  9.353 sat=  6.746(set=0.217 slv=6.524 max=6.5240 n=1) sim= 0.000(rmp=0.000 run=0.000) chk= 0.001 stat= 0.221 rest= 0.006
  [bmc-incr i=624 repr=1 active=1139/176291 POs=1]
BMC : c =    1137  cl =   4503  lit =  176290  p =     0  d =     0  f =     1  +  T =     0.02 sec
  [bmc-prof 624] wall=  17.813 p=     1 | ifo=  0.835(sd=0.205 nx=0.000 tfo=0.062 cnt=0.568) snap= 0.368 srm=  9.365 sat=  6.992(set=0.238 slv=6.751 max=6.7511 n=1) sim= 0.000(rmp=0.000 run=0.000) chk= 0.001 stat= 0.245 rest= 0.007
  [bmc-incr i=625 repr=1 active=1138/176290 POs=1]
BMC : c =    1136  cl =   4503  lit =  176289  p =     0  d =     0  f =     1  +  T =     0.02 sec
  [bmc-prof 625] wall=  15.679 p=     1 | ifo=  0.754(sd=0.185 nx=0.000 tfo=0.056 cnt=0.513) snap= 0.296 srm=  8.197 sat=  6.233(set=0.212 slv=6.018 max=6.0179 n=1) sim= 0.000(rmp=0.000 run=0.000) chk= 0.000 stat= 0.194 rest= 0.004
  [bmc-incr i=626 repr=1 active=1137/176289 POs=1]
BMC : c =    1135  cl =   4503  lit =  176288  p =     0  d =     0  f =     1  +  T =     0.02 sec
  [bmc-prof 626] wall=  18.084 p=     1 | ifo=  0.742(sd=0.185 nx=0.000 tfo=0.056 cnt=0.500) snap= 0.332 srm=  9.794 sat=  7.009(set=0.215 slv=6.791 max=6.7909 n=1) sim= 0.000(rmp=0.000 run=0.000) chk= 0.000 stat= 0.202 rest= 0.005
  [bmc-incr i=627 repr=1 active=1136/176288 POs=1]
BMC : c =    1134  cl =   4503  lit =  176287  p =     0  d =     0  f =     1  +  T =     0.02 sec
  [bmc-prof 627] wall=  15.468 p=     1 | ifo=  0.793(sd=0.202 nx=0.000 tfo=0.053 cnt=0.539) snap= 0.295 srm=  8.285 sat=  5.897(set=0.197 slv=5.698 max=5.6982 n=1) sim= 0.000(rmp=0.000 run=0.000) chk= 0.001 stat= 0.191 rest= 0.005
  [bmc-incr i=628 repr=1 active=1135/176287 POs=1]
BMC : c =    1133  cl =   4503  lit =  176286  p =     0  d =     0  f =     1  +  T =     0.02 sec
  [bmc-prof 628] wall=  17.082 p=     1 | ifo=  0.728(sd=0.183 nx=0.000 tfo=0.056 cnt=0.489) snap= 0.323 srm=  8.597 sat=  7.211(set=0.202 slv=7.007 max=7.0070 n=1) sim= 0.000(rmp=0.000 run=0.000) chk= 0.001 stat= 0.214 rest= 0.007
  [bmc-incr i=629 repr=1 active=1134/176286 POs=1]
BMC : c =    1132  cl =   4503  lit =  176285  p =     0  d =     0  f =     1  +  T =     0.02 sec
  [bmc-prof 629] wall=  16.870 p=     1 | ifo=  0.839(sd=0.219 nx=0.000 tfo=0.056 cnt=0.564) snap= 0.306 srm=  9.628 sat=  5.893(set=0.200 slv=5.691 max=5.6909 n=1) sim= 0.000(rmp=0.000 run=0.000) chk= 0.001 stat= 0.197 rest= 0.008
  [bmc-incr i=630 repr=1 active=1133/176285 POs=1]
BMC : c =    1131  cl =   4503  lit =  176284  p =     0  d =     0  f =     1  +  T =     0.02 sec
  [bmc-prof 630] wall=  17.720 p=     1 | ifo=  0.727(sd=0.184 nx=0.000 tfo=0.056 cnt=0.487) snap= 0.318 srm=  9.046 sat=  7.320(set=0.233 slv=7.084 max=7.0836 n=1) sim= 0.000(rmp=0.000 run=0.000) chk= 0.001 stat= 0.299 rest= 0.009
  [bmc-incr i=631 repr=1 active=1132/176284 POs=1]
BMC : c =    1130  cl =   4503  lit =  176283  p =     0  d =     0  f =     1  +  T =     0.02 sec
  [bmc-prof 631] wall=  17.246 p=     1 | ifo=  0.846(sd=0.217 nx=0.000 tfo=0.065 cnt=0.564) snap= 0.343 srm=  9.501 sat=  6.357(set=0.258 slv=6.096 max=6.0961 n=1) sim= 0.000(rmp=0.000 run=0.000) chk= 0.000 stat= 0.192 rest= 0.006
  [bmc-incr i=632 repr=1 active=1131/176283 POs=1]
BMC : c =    1129  cl =   4503  lit =  176282  p =     0  d =     0  f =     1  +  T =     0.02 sec
  [bmc-prof 632] wall=  15.808 p=     1 | ifo=  0.736(sd=0.185 nx=0.000 tfo=0.056 cnt=0.495) snap= 0.318 srm=  8.639 sat=  5.903(set=0.203 slv=5.697 max=5.6975 n=1) sim= 0.000(rmp=0.000 run=0.000) chk= 0.001 stat= 0.207 rest= 0.005
  [bmc-incr i=633 repr=1 active=1130/176282 POs=1]
BMC : c =    1128  cl =   4503  lit =  176281  p =     0  d =     0  f =     1  +  T =     0.02 sec
  [bmc-prof 633] wall=  15.946 p=     1 | ifo=  0.735(sd=0.182 nx=0.000 tfo=0.054 cnt=0.499) snap= 0.328 srm=  8.885 sat=  5.789(set=0.212 slv=5.574 max=5.5745 n=1) sim= 0.000(rmp=0.000 run=0.000) chk= 0.001 stat= 0.202 rest= 0.007
  [bmc-incr i=634 repr=1 active=1129/176281 POs=1]
BMC : c =    1127  cl =   4503  lit =  176280  p =     0  d =     0  f =     1  +  T =     0.02 sec
  [bmc-prof 634] wall=  17.007 p=     1 | ifo=  0.731(sd=0.182 nx=0.000 tfo=0.055 cnt=0.495) snap= 0.291 srm=  8.373 sat=  7.411(set=0.180 slv=7.228 max=7.2281 n=1) sim= 0.000(rmp=0.000 run=0.000) chk= 0.000 stat= 0.196 rest= 0.004
  [bmc-incr i=635 repr=1 active=1128/176280 POs=1]
BMC : c =    1126  cl =   4503  lit =  176279  p =     0  d =     0  f =     1  +  T =     0.02 sec
  [bmc-prof 635] wall=  16.603 p=     1 | ifo=  0.736(sd=0.176 nx=0.000 tfo=0.069 cnt=0.491) snap= 0.295 srm=  8.664 sat=  6.663(set=0.195 slv=6.466 max=6.4656 n=1) sim= 0.000(rmp=0.000 run=0.000) chk= 0.000 stat= 0.202 rest= 0.042
  [bmc-incr i=636 repr=1 active=1127/176279 POs=1]
BMC : c =    1125  cl =   4503  lit =  176278  p =     0  d =     0  f =     1  +  T =     0.02 sec
  [bmc-prof 636] wall=  16.021 p=     1 | ifo=  0.778(sd=0.195 nx=0.000 tfo=0.054 cnt=0.530) snap= 0.555 srm=  8.573 sat=  5.899(set=0.206 slv=5.690 max=5.6903 n=1) sim= 0.000(rmp=0.000 run=0.000) chk= 0.001 stat= 0.210 rest= 0.006
  [bmc-incr i=637 repr=1 active=1126/176278 POs=1]
BMC : c =    1124  cl =   4503  lit =  176277  p =     0  d =     0  f =     1  +  T =     0.02 sec
  [bmc-prof 637] wall=  15.992 p=     1 | ifo=  0.745(sd=0.187 nx=0.000 tfo=0.057 cnt=0.502) snap= 0.307 srm=  8.522 sat=  6.221(set=0.194 slv=6.024 max=6.0236 n=1) sim= 0.000(rmp=0.000 run=0.000) chk= 0.001 stat= 0.191 rest= 0.005
  [bmc-incr i=638 repr=1 active=1125/176277 POs=1]
BMC : c =    1123  cl =   4503  lit =  176276  p =     0  d =     0  f =     1  +  T =     0.02 sec
  [bmc-prof 638] wall=  16.717 p=     1 | ifo=  0.745(sd=0.185 nx=0.000 tfo=0.054 cnt=0.505) snap= 0.304 srm=  9.054 sat=  6.353(set=0.198 slv=6.152 max=6.1516 n=1) sim= 0.000(rmp=0.000 run=0.000) chk= 0.001 stat= 0.255 rest= 0.005
  [bmc-incr i=639 repr=1 active=1124/176276 POs=1]
BMC : c =    1122  cl =   4503  lit =  176275  p =     0  d =     0  f =     1  +  T =     0.02 sec
  [bmc-prof 639] wall=  17.160 p=     1 | ifo=  0.847(sd=0.230 nx=0.000 tfo=0.059 cnt=0.558) snap= 0.357 srm=  9.399 sat=  6.294(set=0.208 slv=6.083 max=6.0826 n=1) sim= 0.000(rmp=0.000 run=0.000) chk= 0.000 stat= 0.257 rest= 0.006
  [bmc-incr i=640 repr=1 active=1123/176275 POs=1]
BMC : c =    1121  cl =   4503  lit =  176274  p =     0  d =     0  f =     1  +  T =     0.02 sec
  [bmc-prof 640] wall=  20.462 p=     1 | ifo=  0.810(sd=0.232 nx=0.000 tfo=0.063 cnt=0.514) snap= 0.545 srm= 11.145 sat=  7.735(set=0.266 slv=7.467 max=7.4668 n=1) sim= 0.000(rmp=0.000 run=0.000) chk= 0.001 stat= 0.219 rest= 0.008
  [bmc-incr i=641 repr=1 active=1122/176274 POs=1]
BMC : c =    1120  cl =   4503  lit =  176273  p =     0  d =     0  f =     1  +  T =     0.02 sec
  [bmc-prof 641] wall=  16.798 p=     1 | ifo=  0.822(sd=0.201 nx=0.000 tfo=0.054 cnt=0.567) snap= 0.338 srm=  9.091 sat=  6.331(set=0.203 slv=6.125 max=6.1252 n=1) sim= 0.000(rmp=0.000 run=0.000) chk= 0.001 stat= 0.209 rest= 0.007
  [bmc-incr i=642 repr=1 active=1121/176273 POs=1]
BMC : c =    1119  cl =   4503  lit =  176272  p =     0  d =     0  f =     1  +  T =     0.02 sec
  [bmc-prof 642] wall=  16.754 p=     1 | ifo=  0.754(sd=0.187 nx=0.000 tfo=0.050 cnt=0.517) snap= 0.288 srm=  8.387 sat=  7.102(set=0.190 slv=6.908 max=6.9076 n=1) sim= 0.000(rmp=0.000 run=0.000) chk= 0.001 stat= 0.217 rest= 0.005
  [bmc-incr i=643 repr=1 active=1120/176272 POs=1]
BMC : c =    1118  cl =   4503  lit =  176271  p =     0  d =     0  f =     1  +  T =     0.02 sec
  [bmc-prof 643] wall=  16.805 p=     1 | ifo=  0.753(sd=0.193 nx=0.000 tfo=0.061 cnt=0.499) snap= 0.298 srm=  9.088 sat=  6.442(set=0.216 slv=6.222 max=6.2224 n=1) sim= 0.000(rmp=0.000 run=0.000) chk= 0.001 stat= 0.218 rest= 0.006
  [bmc-incr i=644 repr=1 active=1119/176271 POs=1]
BMC : c =    1117  cl =   4503  lit =  176270  p =     0  d =     0  f =     1  +  T =     0.02 sec
  [bmc-prof 644] wall=  18.499 p=     1 | ifo=  1.102(sd=0.268 nx=0.000 tfo=0.060 cnt=0.775) snap= 0.388 srm=  9.730 sat=  7.076(set=0.243 slv=6.831 max=6.8305 n=1) sim= 0.000(rmp=0.000 run=0.000) chk= 0.001 stat= 0.197 rest= 0.005
  [bmc-incr i=645 repr=1 active=1118/176270 POs=1]
BMC : c =    1116  cl =   4503  lit =  176269  p =     0  d =     0  f =     1  +  T =     0.02 sec
  [bmc-prof 645] wall=  18.289 p=     1 | ifo=  0.777(sd=0.193 nx=0.000 tfo=0.055 cnt=0.528) snap= 0.336 srm= 10.102 sat=  6.862(set=0.224 slv=6.635 max=6.6349 n=1) sim= 0.000(rmp=0.000 run=0.000) chk= 0.000 stat= 0.208 rest= 0.005
  [bmc-incr i=646 repr=1 active=1117/176269 POs=1]
BMC : c =    1115  cl =   4503  lit =  176268  p =     0  d =     0  f =     1  +  T =     0.02 sec
  [bmc-prof 646] wall=  17.540 p=     1 | ifo=  0.797(sd=0.201 nx=0.000 tfo=0.055 cnt=0.541) snap= 0.318 srm=  9.453 sat=  6.752(set=0.221 slv=6.528 max=6.5279 n=1) sim= 0.000(rmp=0.000 run=0.000) chk= 0.000 stat= 0.212 rest= 0.008
  [bmc-incr i=647 repr=1 active=1116/176268 POs=1]
BMC : c =    1114  cl =   4503  lit =  176267  p =     0  d =     0  f =     1  +  T =     0.02 sec
  [bmc-prof 647] wall=  17.808 p=     1 | ifo=  0.799(sd=0.201 nx=0.000 tfo=0.055 cnt=0.543) snap= 0.350 srm=  9.523 sat=  6.848(set=0.226 slv=6.618 max=6.6181 n=1) sim= 0.000(rmp=0.000 run=0.000) chk= 0.000 stat= 0.282 rest= 0.006
  [bmc-incr i=648 repr=1 active=1115/176267 POs=1]
BMC : c =    1113  cl =   4503  lit =  176266  p =     0  d =     0  f =     1  +  T =     0.02 sec
  [bmc-prof 648] wall=  17.118 p=     1 | ifo=  0.767(sd=0.193 nx=0.000 tfo=0.059 cnt=0.514) snap= 0.330 srm=  8.835 sat=  6.969(set=0.214 slv=6.752 max=6.7523 n=1) sim= 0.000(rmp=0.000 run=0.000) chk= 0.001 stat= 0.211 rest= 0.006
  [bmc-incr i=649 repr=1 active=1114/176266 POs=1]
BMC : c =    1112  cl =   4503  lit =  176265  p =     0  d =     0  f =     1  +  T =     0.02 sec
  [bmc-prof 649] wall=  17.742 p=     1 | ifo=  0.827(sd=0.204 nx=0.000 tfo=0.058 cnt=0.565) snap= 0.308 srm=  9.352 sat=  7.044(set=0.222 slv=6.818 max=6.8178 n=1) sim= 0.000(rmp=0.000 run=0.000) chk= 0.001 stat= 0.204 rest= 0.006
  [bmc-incr i=650 repr=1 active=1113/176265 POs=1]
BMC : c =    1111  cl =   4503  lit =  176264  p =     0  d =     0  f =     1  +  T =     0.02 sec
  [bmc-prof 650] wall=  16.980 p=     1 | ifo=  0.810(sd=0.211 nx=0.000 tfo=0.057 cnt=0.541) snap= 0.301 srm=  8.957 sat=  6.702(set=0.214 slv=6.485 max=6.4846 n=1) sim= 0.000(rmp=0.000 run=0.000) chk= 0.000 stat= 0.204 rest= 0.006
  [bmc-incr i=651 repr=1 active=1112/176264 POs=1]
BMC : c =    1110  cl =   4503  lit =  176263  p =     0  d =     0  f =     1  +  T =     0.02 sec
  [bmc-prof 651] wall=  17.538 p=     1 | ifo=  0.764(sd=0.184 nx=0.000 tfo=0.054 cnt=0.526) snap= 0.323 srm=  8.850 sat=  7.288(set=0.241 slv=7.041 max=7.0414 n=1) sim= 0.000(rmp=0.000 run=0.000) chk= 0.001 stat= 0.307 rest= 0.006
  [bmc-incr i=652 repr=1 active=1111/176263 POs=1]
BMC : c =    1109  cl =   4503  lit =  176262  p =     0  d =     0  f =     1  +  T =     0.02 sec
  [bmc-prof 652] wall=  16.461 p=     1 | ifo=  1.018(sd=0.261 nx=0.000 tfo=0.067 cnt=0.691) snap= 0.320 srm=  9.108 sat=  5.805(set=0.197 slv=5.605 max=5.6049 n=1) sim= 0.000(rmp=0.000 run=0.000) chk= 0.001 stat= 0.201 rest= 0.008
  [bmc-incr i=653 repr=1 active=1110/176262 POs=1]
BMC : c =    1108  cl =   4503  lit =  176261  p =     0  d =     0  f =     1  +  T =     0.02 sec
  [bmc-prof 653] wall=  16.919 p=     1 | ifo=  0.760(sd=0.196 nx=0.000 tfo=0.063 cnt=0.501) snap= 0.313 srm=  9.070 sat=  6.564(set=0.210 slv=6.352 max=6.3519 n=1) sim= 0.000(rmp=0.000 run=0.000) chk= 0.000 stat= 0.204 rest= 0.008
  [bmc-incr i=654 repr=1 active=1109/176261 POs=1]
BMC : c =    1107  cl =   4503  lit =  176260  p =     0  d =     0  f =     1  +  T =     0.02 sec
  [bmc-prof 654] wall=  19.278 p=     1 | ifo=  0.767(sd=0.192 nx=0.000 tfo=0.056 cnt=0.520) snap= 0.361 srm= 10.589 sat=  7.360(set=0.228 slv=7.129 max=7.1291 n=1) sim= 0.000(rmp=0.000 run=0.000) chk= 0.001 stat= 0.195 rest= 0.005
  [bmc-incr i=655 repr=1 active=1108/176260 POs=1]
BMC : c =    1106  cl =   4503  lit =  176259  p =     0  d =     0  f =     1  +  T =     0.02 sec
  [bmc-prof 655] wall=  16.796 p=     1 | ifo=  0.740(sd=0.185 nx=0.000 tfo=0.051 cnt=0.504) snap= 0.361 srm=  9.027 sat=  6.470(set=0.202 slv=6.265 max=6.2653 n=1) sim= 0.000(rmp=0.000 run=0.000) chk= 0.001 stat= 0.193 rest= 0.005
  [bmc-incr i=656 repr=1 active=1107/176259 POs=1]
BMC : c =    1105  cl =   4503  lit =  176258  p =     0  d =     0  f =     1  +  T =     0.02 sec
  [bmc-prof 656] wall=  15.859 p=     1 | ifo=  0.724(sd=0.179 nx=0.000 tfo=0.052 cnt=0.493) snap= 0.289 srm=  8.334 sat=  6.312(set=0.234 slv=6.076 max=6.0756 n=1) sim= 0.000(rmp=0.000 run=0.000) chk= 0.001 stat= 0.194 rest= 0.005
  [bmc-incr i=657 repr=1 active=1106/176258 POs=1]
BMC : c =    1104  cl =   4503  lit =  176257  p =     0  d =     0  f =     1  +  T =     0.02 sec
  [bmc-prof 657] wall=  17.725 p=     1 | ifo=  0.743(sd=0.188 nx=0.000 tfo=0.051 cnt=0.504) snap= 0.320 srm=  9.853 sat=  6.602(set=0.208 slv=6.391 max=6.3907 n=1) sim= 0.000(rmp=0.000 run=0.000) chk= 0.001 stat= 0.201 rest= 0.006
  [bmc-incr i=658 repr=1 active=1105/176257 POs=1]
BMC : c =    1103  cl =   4503  lit =  176256  p =     0  d =     0  f =     1  +  T =     0.02 sec
  [bmc-prof 658] wall=  15.517 p=     1 | ifo=  0.748(sd=0.183 nx=0.000 tfo=0.051 cnt=0.514) snap= 0.304 srm=  8.297 sat=  5.971(set=0.192 slv=5.776 max=5.7763 n=1) sim= 0.000(rmp=0.000 run=0.000) chk= 0.001 stat= 0.191 rest= 0.005
  [bmc-incr i=659 repr=1 active=1104/176256 POs=1]
BMC : c =    1102  cl =   4503  lit =  176255  p =     0  d =     0  f =     1  +  T =     0.02 sec
  [bmc-prof 659] wall=  18.012 p=     1 | ifo=  1.000(sd=0.207 nx=0.000 tfo=0.089 cnt=0.704) snap= 0.302 srm=  8.517 sat=  7.964(set=0.199 slv=7.763 max=7.7625 n=1) sim= 0.000(rmp=0.000 run=0.000) chk= 0.000 stat= 0.221 rest= 0.007
  [bmc-incr i=660 repr=1 active=1103/176255 POs=1]
BMC : c =    1101  cl =   4503  lit =  176254  p =     0  d =     0  f =     1  +  T =     0.02 sec
  [bmc-prof 660] wall=  17.341 p=     1 | ifo=  0.890(sd=0.217 nx=0.000 tfo=0.056 cnt=0.617) snap= 0.297 srm=  9.640 sat=  6.318(set=0.213 slv=6.102 max=6.1021 n=1) sim= 0.000(rmp=0.000 run=0.000) chk= 0.000 stat= 0.189 rest= 0.007
  [bmc-incr i=661 repr=1 active=1102/176254 POs=1]
BMC : c =    1100  cl =   4503  lit =  176253  p =     0  d =     0  f =     1  +  T =     0.02 sec
  [bmc-prof 661] wall=  20.320 p=     1 | ifo=  0.747(sd=0.185 nx=0.000 tfo=0.054 cnt=0.509) snap= 0.350 srm= 11.107 sat=  7.899(set=0.235 slv=7.660 max=7.6602 n=1) sim= 0.000(rmp=0.000 run=0.000) chk= 0.001 stat= 0.212 rest= 0.005
  [bmc-incr i=662 repr=1 active=1101/176253 POs=1]
BMC : c =    1099  cl =   4503  lit =  176252  p =     0  d =     0  f =     1  +  T =     0.02 sec
  [bmc-prof 662] wall=  16.716 p=     1 | ifo=  0.822(sd=0.193 nx=0.000 tfo=0.053 cnt=0.576) snap= 0.284 srm=  9.177 sat=  6.236(set=0.210 slv=6.022 max=6.0223 n=1) sim= 0.000(rmp=0.000 run=0.000) chk= 0.001 stat= 0.191 rest= 0.005
  [bmc-incr i=663 repr=1 active=1100/176252 POs=1]
BMC : c =    1098  cl =   4503  lit =  176251  p =     0  d =     0  f =     1  +  T =     0.02 sec
  [bmc-prof 663] wall=  15.710 p=     1 | ifo=  0.782(sd=0.185 nx=0.000 tfo=0.052 cnt=0.545) snap= 0.286 srm=  8.582 sat=  5.864(set=0.212 slv=5.650 max=5.6495 n=1) sim= 0.000(rmp=0.000 run=0.000) chk= 0.001 stat= 0.190 rest= 0.006
  [bmc-incr i=664 repr=1 active=1099/176251 POs=1]
BMC : c =    1097  cl =   4503  lit =  176250  p =     0  d =     0  f =     1  +  T =     0.02 sec
  [bmc-prof 664] wall=  17.295 p=     1 | ifo=  0.753(sd=0.187 nx=0.000 tfo=0.066 cnt=0.501) snap= 0.293 srm=  9.075 sat=  6.970(set=0.199 slv=6.768 max=6.7681 n=1) sim= 0.000(rmp=0.000 run=0.000) chk= 0.000 stat= 0.198 rest= 0.006
  [bmc-incr i=665 repr=1 active=1098/176250 POs=1]
BMC : c =    1096  cl =   4503  lit =  176249  p =     0  d =     0  f =     1  +  T =     0.02 sec
  [bmc-prof 665] wall=  16.509 p=     1 | ifo=  0.783(sd=0.205 nx=0.000 tfo=0.055 cnt=0.523) snap= 0.294 srm=  8.721 sat=  6.511(set=0.209 slv=6.299 max=6.2993 n=1) sim= 0.000(rmp=0.000 run=0.000) chk= 0.000 stat= 0.194 rest= 0.005
  [bmc-incr i=666 repr=1 active=1097/176249 POs=1]
BMC : c =    1095  cl =   4503  lit =  176248  p =     0  d =     0  f =     1  +  T =     0.02 sec
  [bmc-prof 666] wall=  18.211 p=     1 | ifo=  0.734(sd=0.183 nx=0.000 tfo=0.049 cnt=0.502) snap= 0.324 srm= 10.395 sat=  6.546(set=0.206 slv=6.338 max=6.3379 n=1) sim= 0.000(rmp=0.000 run=0.000) chk= 0.001 stat= 0.204 rest= 0.007
  [bmc-incr i=667 repr=1 active=1096/176248 POs=1]
BMC : c =    1094  cl =   4503  lit =  176247  p =     0  d =     0  f =     1  +  T =     0.02 sec
  [bmc-prof 667] wall=  16.851 p=     1 | ifo=  0.788(sd=0.205 nx=0.000 tfo=0.065 cnt=0.518) snap= 0.358 srm=  8.668 sat=  6.803(set=0.232 slv=6.568 max=6.5679 n=1) sim= 0.000(rmp=0.000 run=0.000) chk= 0.001 stat= 0.228 rest= 0.006
  [bmc-incr i=668 repr=1 active=1095/176247 POs=1]
BMC : c =    1093  cl =   4503  lit =  176246  p =     0  d =     0  f =     1  +  T =     0.02 sec
  [bmc-prof 668] wall=  16.241 p=     1 | ifo=  0.773(sd=0.198 nx=0.000 tfo=0.054 cnt=0.521) snap= 0.306 srm=  8.344 sat=  6.619(set=0.187 slv=6.429 max=6.4292 n=1) sim= 0.000(rmp=0.000 run=0.000) chk= 0.000 stat= 0.193 rest= 0.005
  [bmc-incr i=669 repr=1 active=1094/176246 POs=1]
BMC : c =    1092  cl =   4503  lit =  176245  p =     0  d =     0  f =     1  +  T =     0.02 sec
  [bmc-prof 669] wall=  19.042 p=     1 | ifo=  0.737(sd=0.186 nx=0.000 tfo=0.055 cnt=0.496) snap= 0.398 srm= 10.604 sat=  7.068(set=0.255 slv=6.809 max=6.8093 n=1) sim= 0.000(rmp=0.000 run=0.000) chk= 0.001 stat= 0.229 rest= 0.005
  [bmc-incr i=670 repr=1 active=1093/176245 POs=1]
BMC : c =    1091  cl =   4503  lit =  176244  p =     0  d =     0  f =     1  +  T =     0.02 sec
  [bmc-prof 670] wall=  16.095 p=     1 | ifo=  0.747(sd=0.186 nx=0.000 tfo=0.052 cnt=0.509) snap= 0.284 srm=  8.604 sat=  6.183(set=0.221 slv=5.960 max=5.9600 n=1) sim= 0.000(rmp=0.000 run=0.000) chk= 0.000 stat= 0.271 rest= 0.005
  [bmc-incr i=671 repr=1 active=1092/176244 POs=1]
BMC : c =    1090  cl =   4503  lit =  176243  p =     0  d =     0  f =     1  +  T =     0.02 sec
  [bmc-prof 671] wall=  16.280 p=     1 | ifo=  0.746(sd=0.182 nx=0.000 tfo=0.051 cnt=0.513) snap= 0.282 srm=  8.635 sat=  6.401(set=0.186 slv=6.213 max=6.2131 n=1) sim= 0.000(rmp=0.000 run=0.000) chk= 0.001 stat= 0.207 rest= 0.007
  [bmc-incr i=672 repr=1 active=1091/176243 POs=1]
BMC : c =    1089  cl =   4503  lit =  176242  p =     0  d =     0  f =     1  +  T =     0.02 sec
  [bmc-prof 672] wall=  16.978 p=     1 | ifo=  0.735(sd=0.179 nx=0.000 tfo=0.049 cnt=0.506) snap= 0.293 srm=  9.167 sat=  6.586(set=0.200 slv=6.382 max=6.3821 n=1) sim= 0.000(rmp=0.000 run=0.000) chk= 0.000 stat= 0.192 rest= 0.006
  [bmc-incr i=673 repr=1 active=1090/176242 POs=1]
BMC : c =    1088  cl =   4503  lit =  176241  p =     0  d =     0  f =     1  +  T =     0.02 sec
  [bmc-prof 673] wall=  16.983 p=     1 | ifo=  0.770(sd=0.185 nx=0.000 tfo=0.055 cnt=0.530) snap= 0.316 srm=  8.335 sat=  7.336(set=0.219 slv=7.115 max=7.1146 n=1) sim= 0.000(rmp=0.000 run=0.000) chk= 0.000 stat= 0.218 rest= 0.007
  [bmc-incr i=674 repr=1 active=1089/176241 POs=1]
BMC : c =    1087  cl =   4503  lit =  176240  p =     0  d =     0  f =     1  +  T =     0.02 sec
  [bmc-prof 674] wall=  17.550 p=     1 | ifo=  0.790(sd=0.201 nx=0.000 tfo=0.054 cnt=0.535) snap= 0.326 srm=  9.410 sat=  6.807(set=0.214 slv=6.590 max=6.5902 n=1) sim= 0.000(rmp=0.000 run=0.000) chk= 0.000 stat= 0.209 rest= 0.008
  [bmc-incr i=675 repr=1 active=1088/176240 POs=1]
BMC : c =    1086  cl =   4503  lit =  176239  p =     0  d =     0  f =     1  +  T =     0.02 sec
  [bmc-prof 675] wall=  17.042 p=     1 | ifo=  0.894(sd=0.211 nx=0.000 tfo=0.053 cnt=0.630) snap= 0.310 srm=  9.397 sat=  6.224(set=0.206 slv=6.016 max=6.0157 n=1) sim= 0.000(rmp=0.000 run=0.000) chk= 0.001 stat= 0.209 rest= 0.006
  [bmc-incr i=676 repr=1 active=1087/176239 POs=1]
BMC : c =    1085  cl =   4503  lit =  176238  p =     0  d =     0  f =     1  +  T =     0.02 sec
  [bmc-prof 676] wall=  17.750 p=     1 | ifo=  0.790(sd=0.204 nx=0.000 tfo=0.059 cnt=0.527) snap= 0.324 srm=  9.818 sat=  6.606(set=0.211 slv=6.392 max=6.3924 n=1) sim= 0.000(rmp=0.000 run=0.000) chk= 0.000 stat= 0.205 rest= 0.007
  [bmc-incr i=677 repr=1 active=1086/176238 POs=1]
BMC : c =    1084  cl =   4503  lit =  176237  p =     0  d =     0  f =     1  +  T =     0.02 sec
  [bmc-prof 677] wall=  17.074 p=     1 | ifo=  0.824(sd=0.202 nx=0.000 tfo=0.060 cnt=0.562) snap= 0.389 srm=  9.098 sat=  6.555(set=0.249 slv=6.303 max=6.3030 n=1) sim= 0.000(rmp=0.000 run=0.000) chk= 0.001 stat= 0.202 rest= 0.005
  [bmc-incr i=678 repr=1 active=1085/176237 POs=1]
BMC : c =    1083  cl =   4503  lit =  176236  p =     0  d =     0  f =     1  +  T =     0.02 sec
  [bmc-prof 678] wall=  15.812 p=     1 | ifo=  0.743(sd=0.184 nx=0.000 tfo=0.055 cnt=0.504) snap= 0.290 srm=  8.108 sat=  6.485(set=0.318 slv=6.165 max=6.1652 n=1) sim= 0.000(rmp=0.000 run=0.000) chk= 0.001 stat= 0.181 rest= 0.004
  [bmc-incr i=679 repr=1 active=1084/176236 POs=1]
BMC : c =    1082  cl =   4503  lit =  176235  p =     0  d =     0  f =     1  +  T =     0.02 sec
  [bmc-prof 679] wall=  21.929 p=     1 | ifo=  0.709(sd=0.176 nx=0.000 tfo=0.051 cnt=0.483) snap= 0.364 srm= 12.891 sat=  7.747(set=0.242 slv=7.503 max=7.5029 n=1) sim= 0.000(rmp=0.000 run=0.000) chk= 0.001 stat= 0.211 rest= 0.006
  [bmc-incr i=680 repr=1 active=1083/176235 POs=1]
BMC : c =    1081  cl =   4503  lit =  176234  p =     0  d =     0  f =     1  +  T =     0.02 sec
  [bmc-prof 680] wall=  20.193 p=     1 | ifo=  0.777(sd=0.192 nx=0.000 tfo=0.053 cnt=0.533) snap= 0.315 srm= 10.432 sat=  8.441(set=0.248 slv=8.190 max=8.1898 n=1) sim= 0.000(rmp=0.000 run=0.000) chk= 0.001 stat= 0.220 rest= 0.007
  [bmc-incr i=681 repr=1 active=1082/176234 POs=1]
BMC : c =    1080  cl =   4503  lit =  176233  p =     0  d =     0  f =     1  +  T =     0.02 sec
  [bmc-prof 681] wall=  17.632 p=     1 | ifo=  0.818(sd=0.201 nx=0.000 tfo=0.055 cnt=0.562) snap= 0.293 srm=  9.786 sat=  6.526(set=0.209 slv=6.314 max=6.3144 n=1) sim= 0.000(rmp=0.000 run=0.000) chk= 0.001 stat= 0.202 rest= 0.007
  [bmc-incr i=682 repr=1 active=1081/176233 POs=1]
BMC : c =    1079  cl =   4503  lit =  176232  p =     0  d =     0  f =     1  +  T =     0.02 sec
  [bmc-prof 682] wall=  17.890 p=     1 | ifo=  0.789(sd=0.205 nx=0.000 tfo=0.053 cnt=0.531) snap= 0.316 srm=  9.572 sat=  7.009(set=0.233 slv=6.772 max=6.7715 n=1) sim= 0.000(rmp=0.000 run=0.000) chk= 0.001 stat= 0.198 rest= 0.006
  [bmc-incr i=683 repr=1 active=1080/176232 POs=1]
BMC : c =    1078  cl =   4503  lit =  176231  p =     0  d =     0  f =     1  +  T =     0.02 sec
  [bmc-prof 683] wall=  17.110 p=     1 | ifo=  0.744(sd=0.182 nx=0.000 tfo=0.050 cnt=0.512) snap= 0.364 srm=  8.902 sat=  6.897(set=0.235 slv=6.658 max=6.6585 n=1) sim= 0.000(rmp=0.000 run=0.000) chk= 0.001 stat= 0.198 rest= 0.006
  [bmc-incr i=684 repr=1 active=1079/176231 POs=1]
BMC : c =    1077  cl =   4503  lit =  176230  p =     0  d =     0  f =     1  +  T =     0.02 sec
  [bmc-prof 684] wall=  17.146 p=     1 | ifo=  0.730(sd=0.187 nx=0.000 tfo=0.055 cnt=0.489) snap= 0.297 srm=  8.520 sat=  7.385(set=0.197 slv=7.185 max=7.1848 n=1) sim= 0.000(rmp=0.000 run=0.000) chk= 0.001 stat= 0.206 rest= 0.007
  [bmc-incr i=685 repr=1 active=1078/176230 POs=1]
BMC : c =    1076  cl =   4503  lit =  176229  p =     0  d =     0  f =     1  +  T =     0.02 sec
  [bmc-prof 685] wall=  17.639 p=     1 | ifo=  0.801(sd=0.202 nx=0.000 tfo=0.054 cnt=0.545) snap= 0.315 srm=  9.564 sat=  6.741(set=0.226 slv=6.512 max=6.5117 n=1) sim= 0.000(rmp=0.000 run=0.000) chk= 0.000 stat= 0.211 rest= 0.007
  [bmc-incr i=686 repr=1 active=1077/176229 POs=1]
BMC : c =    1075  cl =   4503  lit =  176228  p =     0  d =     0  f =     1  +  T =     0.02 sec
  [bmc-prof 686] wall=  17.961 p=     1 | ifo=  0.811(sd=0.202 nx=0.000 tfo=0.052 cnt=0.557) snap= 0.324 srm=  9.656 sat=  6.952(set=0.219 slv=6.730 max=6.7303 n=1) sim= 0.000(rmp=0.000 run=0.000) chk= 0.001 stat= 0.211 rest= 0.006
  [bmc-incr i=687 repr=1 active=1076/176228 POs=1]
BMC : c =    1074  cl =   4503  lit =  176227  p =     0  d =     0  f =     1  +  T =     0.02 sec
  [bmc-prof 687] wall=  18.703 p=     1 | ifo=  0.791(sd=0.195 nx=0.000 tfo=0.061 cnt=0.536) snap= 0.404 srm= 10.583 sat=  6.696(set=0.262 slv=6.430 max=6.4302 n=1) sim= 0.000(rmp=0.000 run=0.000) chk= 0.001 stat= 0.222 rest= 0.007
  [bmc-incr i=688 repr=1 active=1075/176227 POs=1]
BMC : c =    1073  cl =   4503  lit =  176226  p =     0  d =     0  f =     1  +  T =     0.02 sec
  [bmc-prof 688] wall=  17.767 p=     1 | ifo=  0.798(sd=0.223 nx=0.000 tfo=0.059 cnt=0.515) snap= 0.317 srm=  9.864 sat=  6.584(set=0.205 slv=6.376 max=6.3764 n=1) sim= 0.000(rmp=0.000 run=0.000) chk= 0.000 stat= 0.199 rest= 0.005
  [bmc-incr i=689 repr=1 active=1074/176226 POs=1]
BMC : c =    1072  cl =   4503  lit =  176225  p =     0  d =     0  f =     1  +  T =     0.02 sec
  [bmc-prof 689] wall=  16.463 p=     1 | ifo=  0.758(sd=0.193 nx=0.000 tfo=0.053 cnt=0.512) snap= 0.295 srm=  8.612 sat=  6.592(set=0.191 slv=6.397 max=6.3974 n=1) sim= 0.000(rmp=0.000 run=0.000) chk= 0.001 stat= 0.200 rest= 0.006
  [bmc-incr i=690 repr=1 active=1073/176225 POs=1]
BMC : c =    1071  cl =   4503  lit =  176224  p =     0  d =     0  f =     1  +  T =     0.02 sec
  [bmc-prof 690] wall=  18.955 p=     1 | ifo=  0.748(sd=0.184 nx=0.000 tfo=0.052 cnt=0.512) snap= 0.335 srm= 10.356 sat=  7.299(set=0.223 slv=7.072 max=7.0723 n=1) sim= 0.000(rmp=0.000 run=0.000) chk= 0.000 stat= 0.211 rest= 0.005
  [bmc-incr i=691 repr=1 active=1072/176224 POs=1]
BMC : c =    1070  cl =   4503  lit =  176223  p =     0  d =     0  f =     1  +  T =     0.02 sec
  [bmc-prof 691] wall=  17.306 p=     1 | ifo=  0.810(sd=0.203 nx=0.000 tfo=0.053 cnt=0.554) snap= 0.311 srm=  9.404 sat=  6.571(set=0.207 slv=6.362 max=6.3619 n=1) sim= 0.000(rmp=0.000 run=0.000) chk= 0.001 stat= 0.202 rest= 0.007
  [bmc-incr i=692 repr=1 active=1071/176223 POs=1]
BMC : c =    1069  cl =   4503  lit =  176222  p =     0  d =     0  f =     1  +  T =     0.02 sec
  [bmc-prof 692] wall=  17.355 p=     1 | ifo=  0.779(sd=0.194 nx=0.000 tfo=0.053 cnt=0.532) snap= 0.384 srm=  9.174 sat=  6.769(set=0.285 slv=6.481 max=6.4809 n=1) sim= 0.000(rmp=0.000 run=0.000) chk= 0.000 stat= 0.242 rest= 0.006
  [bmc-incr i=693 repr=1 active=1070/176222 POs=1]
BMC : c =    1068  cl =   4503  lit =  176221  p =     0  d =     0  f =     1  +  T =     0.02 sec
  [bmc-prof 693] wall=  16.011 p=     1 | ifo=  0.899(sd=0.235 nx=0.000 tfo=0.061 cnt=0.603) snap= 0.282 srm=  8.216 sat=  6.420(set=0.183 slv=6.234 max=6.2342 n=1) sim= 0.000(rmp=0.000 run=0.000) chk= 0.000 stat= 0.189 rest= 0.006
  [bmc-incr i=694 repr=1 active=1069/176221 POs=1]
BMC : c =    1067  cl =   4503  lit =  176220  p =     0  d =     0  f =     1  +  T =     0.02 sec
  [bmc-prof 694] wall=  15.895 p=     1 | ifo=  0.718(sd=0.185 nx=0.000 tfo=0.048 cnt=0.485) snap= 0.291 srm=  8.357 sat=  6.340(set=0.187 slv=6.149 max=6.1487 n=1) sim= 0.000(rmp=0.000 run=0.000) chk= 0.000 stat= 0.186 rest= 0.004
  [bmc-incr i=695 repr=1 active=1068/176220 POs=1]
BMC : c =    1066  cl =   4503  lit =  176219  p =     0  d =     0  f =     1  +  T =     0.02 sec
  [bmc-prof 695] wall=  16.057 p=     1 | ifo=  0.966(sd=0.221 nx=0.000 tfo=0.057 cnt=0.689) snap= 0.299 srm=  8.278 sat=  6.307(set=0.196 slv=6.107 max=6.1069 n=1) sim= 0.000(rmp=0.000 run=0.000) chk= 0.001 stat= 0.199 rest= 0.006
  [bmc-incr i=696 repr=1 active=1067/176219 POs=1]
BMC : c =    1065  cl =   4503  lit =  176218  p =     0  d =     0  f =     1  +  T =     0.02 sec
  [bmc-prof 696] wall=  16.414 p=     1 | ifo=  0.767(sd=0.194 nx=0.000 tfo=0.055 cnt=0.518) snap= 0.360 srm=  9.035 sat=  6.058(set=0.246 slv=5.809 max=5.8088 n=1) sim= 0.000(rmp=0.000 run=0.000) chk= 0.000 stat= 0.189 rest= 0.005
  [bmc-incr i=697 repr=1 active=1066/176218 POs=1]
BMC : c =    1064  cl =   4503  lit =  176217  p =     0  d =     0  f =     1  +  T =     0.02 sec
  [bmc-prof 697] wall=  16.342 p=     1 | ifo=  0.745(sd=0.183 nx=0.000 tfo=0.052 cnt=0.511) snap= 0.440 srm=  8.575 sat=  6.378(set=0.191 slv=6.185 max=6.1845 n=1) sim= 0.000(rmp=0.000 run=0.000) chk= 0.001 stat= 0.198 rest= 0.005
  [bmc-incr i=698 repr=1 active=1065/176217 POs=1]
BMC : c =    1063  cl =   4503  lit =  176216  p =     0  d =     0  f =     1  +  T =     0.02 sec
  [bmc-prof 698] wall=  17.047 p=     1 | ifo=  0.826(sd=0.200 nx=0.000 tfo=0.051 cnt=0.575) snap= 0.314 srm=  9.028 sat=  6.671(set=0.202 slv=6.466 max=6.4660 n=1) sim= 0.000(rmp=0.000 run=0.000) chk= 0.001 stat= 0.203 rest= 0.005
  [bmc-incr i=699 repr=1 active=1064/176216 POs=1]
BMC : c =    1062  cl =   4503  lit =  176215  p =     0  d =     0  f =     1  +  T =     0.02 sec
  [bmc-prof 699] wall=  16.643 p=     1 | ifo=  0.749(sd=0.185 nx=0.000 tfo=0.048 cnt=0.515) snap= 0.305 srm=  8.677 sat=  6.677(set=0.206 slv=6.469 max=6.4686 n=1) sim= 0.000(rmp=0.000 run=0.000) chk= 0.000 stat= 0.230 rest= 0.005
  [bmc-incr i=700 repr=1 active=1063/176215 POs=1]
BMC : c =    1061  cl =   4503  lit =  176214  p =     0  d =     0  f =     1  +  T =     0.02 sec
  [bmc-prof 700] wall=  17.058 p=     1 | ifo=  0.744(sd=0.200 nx=0.000 tfo=0.049 cnt=0.495) snap= 0.292 srm=  8.981 sat=  6.826(set=0.195 slv=6.628 max=6.6279 n=1) sim= 0.000(rmp=0.000 run=0.000) chk= 0.000 stat= 0.208 rest= 0.007
  [bmc-incr i=701 repr=1 active=1062/176214 POs=1]
BMC : c =    1060  cl =   4503  lit =  176213  p =     0  d =     0  f =     1  +  T =     0.02 sec
  [bmc-prof 701] wall=  17.945 p=     1 | ifo=  0.983(sd=0.207 nx=0.000 tfo=0.053 cnt=0.724) snap= 0.315 srm=  9.007 sat=  7.436(set=0.203 slv=7.230 max=7.2302 n=1) sim= 0.000(rmp=0.000 run=0.000) chk= 0.001 stat= 0.199 rest= 0.005
  [bmc-incr i=702 repr=1 active=1061/176213 POs=1]
BMC : c =    1059  cl =   4503  lit =  176212  p =     0  d =     0  f =     1  +  T =     0.02 sec
  [bmc-prof 702] wall=  16.603 p=     1 | ifo=  0.728(sd=0.187 nx=0.000 tfo=0.049 cnt=0.492) snap= 0.290 srm=  8.685 sat=  6.702(set=0.214 slv=6.485 max=6.4847 n=1) sim= 0.000(rmp=0.000 run=0.000) chk= 0.001 stat= 0.193 rest= 0.005
  [bmc-incr i=703 repr=1 active=1060/176212 POs=1]
BMC : c =    1058  cl =   4503  lit =  176211  p =     0  d =     0  f =     1  +  T =     0.02 sec
  [bmc-prof 703] wall=  17.813 p=     1 | ifo=  0.725(sd=0.181 nx=0.000 tfo=0.052 cnt=0.493) snap= 0.320 srm=  9.444 sat=  7.081(set=0.299 slv=6.779 max=6.7791 n=1) sim= 0.000(rmp=0.000 run=0.000) chk= 0.001 stat= 0.237 rest= 0.005
  [bmc-incr i=704 repr=1 active=1059/176211 POs=1]
BMC : c =    1057  cl =   4503  lit =  176210  p =     0  d =     0  f =     1  +  T =     0.02 sec
  [bmc-prof 704] wall=  16.396 p=     1 | ifo=  0.857(sd=0.259 nx=0.000 tfo=0.063 cnt=0.535) snap= 0.297 srm=  8.578 sat=  6.465(set=0.188 slv=6.273 max=6.2734 n=1) sim= 0.000(rmp=0.000 run=0.000) chk= 0.000 stat= 0.192 rest= 0.005
  [bmc-incr i=705 repr=1 active=1058/176210 POs=1]
BMC : c =    1056  cl =   4503  lit =  176209  p =     0  d =     0  f =     1  +  T =     0.02 sec
  [bmc-prof 705] wall=  19.843 p=     1 | ifo=  0.714(sd=0.177 nx=0.000 tfo=0.053 cnt=0.483) snap= 0.347 srm= 10.640 sat=  7.948(set=0.243 slv=7.702 max=7.7019 n=1) sim= 0.000(rmp=0.000 run=0.000) chk= 0.001 stat= 0.190 rest= 0.005
  [bmc-incr i=706 repr=1 active=1057/176209 POs=1]
BMC : c =    1055  cl =   4503  lit =  176208  p =     0  d =     0  f =     1  +  T =     0.02 sec
  [bmc-prof 706] wall=  16.402 p=     1 | ifo=  0.741(sd=0.190 nx=0.000 tfo=0.053 cnt=0.497) snap= 0.312 srm=  8.210 sat=  6.946(set=0.207 slv=6.737 max=6.7366 n=1) sim= 0.000(rmp=0.000 run=0.000) chk= 0.000 stat= 0.189 rest= 0.005
  [bmc-incr i=707 repr=1 active=1056/176208 POs=1]
BMC : c =    1054  cl =   4503  lit =  176207  p =     0  d =     0  f =     1  +  T =     0.02 sec
  [bmc-prof 707] wall=  17.613 p=     1 | ifo=  0.765(sd=0.207 nx=0.000 tfo=0.053 cnt=0.505) snap= 0.299 srm=  8.767 sat=  7.561(set=0.205 slv=7.352 max=7.3522 n=1) sim= 0.000(rmp=0.000 run=0.000) chk= 0.001 stat= 0.215 rest= 0.005
  [bmc-incr i=708 repr=1 active=1055/176207 POs=1]
BMC : c =    1053  cl =   4503  lit =  176206  p =     0  d =     0  f =     1  +  T =     0.02 sec
  [bmc-prof 708] wall=  17.824 p=     1 | ifo=  0.856(sd=0.210 nx=0.000 tfo=0.056 cnt=0.590) snap= 0.628 srm=  9.615 sat=  6.500(set=0.250 slv=6.247 max=6.2470 n=1) sim= 0.000(rmp=0.000 run=0.000) chk= 0.001 stat= 0.216 rest= 0.007
  [bmc-incr i=709 repr=1 active=1054/176206 POs=1]
BMC : c =    1052  cl =   4503  lit =  176205  p =     0  d =     0  f =     1  +  T =     0.02 sec
  [bmc-prof 709] wall=  18.049 p=     1 | ifo=  1.359(sd=0.193 nx=0.000 tfo=0.061 cnt=1.104) snap= 0.696 srm=  8.822 sat=  6.966(set=0.242 slv=6.721 max=6.7210 n=1) sim= 0.000(rmp=0.000 run=0.000) chk= 0.000 stat= 0.200 rest= 0.006
  [bmc-incr i=710 repr=1 active=1053/176205 POs=1]
BMC : c =    1051  cl =   4503  lit =  176204  p =     0  d =     0  f =     1  +  T =     0.02 sec
  [bmc-prof 710] wall=  17.023 p=     1 | ifo=  0.804(sd=0.204 nx=0.000 tfo=0.055 cnt=0.545) snap= 0.324 srm=  8.874 sat=  6.826(set=0.210 slv=6.613 max=6.6128 n=1) sim= 0.000(rmp=0.000 run=0.000) chk= 0.001 stat= 0.190 rest= 0.004
  [bmc-incr i=711 repr=1 active=1052/176204 POs=1]
BMC : c =    1050  cl =   4503  lit =  176203  p =     0  d =     0  f =     1  +  T =     0.02 sec
  [bmc-prof 711] wall=  17.201 p=     1 | ifo=  0.751(sd=0.183 nx=0.000 tfo=0.051 cnt=0.517) snap= 0.330 srm=  8.581 sat=  7.286(set=0.205 slv=7.077 max=7.0768 n=1) sim= 0.000(rmp=0.000 run=0.000) chk= 0.000 stat= 0.248 rest= 0.005
  [bmc-incr i=712 repr=1 active=1051/176203 POs=1]
BMC : c =    1049  cl =   4503  lit =  176202  p =     0  d =     0  f =     1  +  T =     0.02 sec
  [bmc-prof 712] wall=  17.614 p=     1 | ifo=  0.808(sd=0.218 nx=0.000 tfo=0.054 cnt=0.536) snap= 0.321 srm=  8.882 sat=  7.386(set=0.218 slv=7.165 max=7.1652 n=1) sim= 0.000(rmp=0.000 run=0.000) chk= 0.001 stat= 0.210 rest= 0.006
  [bmc-incr i=713 repr=1 active=1050/176202 POs=1]
BMC : c =    1048  cl =   4503  lit =  176201  p =     0  d =     0  f =     1  +  T =     0.02 sec
  [bmc-prof 713] wall=  16.351 p=     1 | ifo=  0.895(sd=0.212 nx=0.000 tfo=0.058 cnt=0.625) snap= 0.297 srm=  8.926 sat=  6.028(set=0.227 slv=5.798 max=5.7982 n=1) sim= 0.000(rmp=0.000 run=0.000) chk= 0.001 stat= 0.198 rest= 0.006
  [bmc-incr i=714 repr=1 active=1049/176201 POs=1]
BMC : c =    1047  cl =   4503  lit =  176200  p =     0  d =     0  f =     1  +  T =     0.02 sec
  [bmc-prof 714] wall=  16.653 p=     1 | ifo=  0.738(sd=0.186 nx=0.000 tfo=0.051 cnt=0.501) snap= 0.299 srm=  8.389 sat=  7.005(set=0.209 slv=6.792 max=6.7922 n=1) sim= 0.000(rmp=0.000 run=0.000) chk= 0.000 stat= 0.214 rest= 0.008
  [bmc-incr i=715 repr=1 active=1048/176200 POs=1]
BMC : c =    1046  cl =   4503  lit =  176199  p =     0  d =     0  f =     1  +  T =     0.02 sec
  [bmc-prof 715] wall=  18.031 p=     1 | ifo=  0.831(sd=0.214 nx=0.000 tfo=0.054 cnt=0.563) snap= 0.320 srm=  9.378 sat=  7.295(set=0.215 slv=7.077 max=7.0765 n=1) sim= 0.000(rmp=0.000 run=0.000) chk= 0.000 stat= 0.202 rest= 0.006
  [bmc-incr i=716 repr=1 active=1047/176199 POs=1]
BMC : c =    1045  cl =   4503  lit =  176198  p =     0  d =     0  f =     1  +  T =     0.02 sec
  [bmc-prof 716] wall=  18.460 p=     1 | ifo=  0.789(sd=0.192 nx=0.000 tfo=0.051 cnt=0.546) snap= 0.331 srm=  9.940 sat=  7.194(set=0.213 slv=6.979 max=6.9788 n=1) sim= 0.000(rmp=0.000 run=0.000) chk= 0.001 stat= 0.199 rest= 0.006
  [bmc-incr i=717 repr=1 active=1046/176198 POs=1]
BMC : c =    1044  cl =   4503  lit =  176197  p =     0  d =     0  f =     1  +  T =     0.02 sec
  [bmc-prof 717] wall=  17.451 p=     1 | ifo=  0.824(sd=0.203 nx=0.000 tfo=0.052 cnt=0.568) snap= 0.306 srm=  8.956 sat=  7.154(set=0.196 slv=6.956 max=6.9557 n=1) sim= 0.000(rmp=0.000 run=0.000) chk= 0.001 stat= 0.204 rest= 0.006
  [bmc-incr i=718 repr=1 active=1045/176197 POs=1]
BMC : c =    1043  cl =   4503  lit =  176196  p =     0  d =     0  f =     1  +  T =     0.02 sec
  [bmc-prof 718] wall=  17.456 p=     1 | ifo=  0.769(sd=0.196 nx=0.000 tfo=0.052 cnt=0.522) snap= 0.330 srm=  9.262 sat=  6.897(set=0.203 slv=6.691 max=6.6912 n=1) sim= 0.000(rmp=0.000 run=0.000) chk= 0.000 stat= 0.193 rest= 0.004
  [bmc-incr i=719 repr=1 active=1044/176196 POs=1]
BMC : c =    1042  cl =   4503  lit =  176195  p =     0  d =     0  f =     1  +  T =     0.02 sec
  [bmc-prof 719] wall=  15.736 p=     1 | ifo=  0.758(sd=0.200 nx=0.000 tfo=0.047 cnt=0.511) snap= 0.293 srm=  8.328 sat=  6.160(set=0.207 slv=5.949 max=5.9494 n=1) sim= 0.000(rmp=0.000 run=0.000) chk= 0.001 stat= 0.190 rest= 0.006
  [bmc-incr i=720 repr=1 active=1043/176195 POs=1]
BMC : c =    1041  cl =   4503  lit =  176194  p =     0  d =     0  f =     1  +  T =     0.02 sec
  [bmc-prof 720] wall=  16.677 p=     1 | ifo=  1.057(sd=0.450 nx=0.000 tfo=0.061 cnt=0.546) snap= 0.298 srm=  8.663 sat=  6.453(set=0.199 slv=6.252 max=6.2518 n=1) sim= 0.000(rmp=0.000 run=0.000) chk= 0.001 stat= 0.198 rest= 0.007
  [bmc-incr i=721 repr=1 active=1042/176194 POs=1]
BMC : c =    1040  cl =   4503  lit =  176193  p =     0  d =     0  f =     1  +  T =     0.02 sec
  [bmc-prof 721] wall=  17.978 p=     1 | ifo=  0.788(sd=0.195 nx=0.000 tfo=0.053 cnt=0.540) snap= 0.328 srm=  9.277 sat=  7.373(set=0.212 slv=7.157 max=7.1574 n=1) sim= 0.000(rmp=0.000 run=0.000) chk= 0.001 stat= 0.209 rest= 0.004
  [bmc-incr i=722 repr=1 active=1041/176193 POs=1]
BMC : c =    1039  cl =   4503  lit =  176192  p =     0  d =     0  f =     1  +  T =     0.02 sec
  [bmc-prof 722] wall=  17.645 p=     1 | ifo=  0.768(sd=0.194 nx=0.000 tfo=0.051 cnt=0.524) snap= 0.316 srm=  8.942 sat=  7.344(set=0.212 slv=7.128 max=7.1285 n=1) sim= 0.000(rmp=0.000 run=0.000) chk= 0.001 stat= 0.269 rest= 0.005
  [bmc-incr i=723 repr=1 active=1040/176192 POs=1]
BMC : c =    1038  cl =   4503  lit =  176191  p =     0  d =     0  f =     1  +  T =     0.02 sec
  [bmc-prof 723] wall=  16.237 p=     1 | ifo=  0.803(sd=0.196 nx=0.000 tfo=0.049 cnt=0.558) snap= 0.289 srm=  8.847 sat=  6.102(set=0.193 slv=5.907 max=5.9072 n=1) sim= 0.000(rmp=0.000 run=0.000) chk= 0.001 stat= 0.189 rest= 0.006
  [bmc-incr i=724 repr=1 active=1039/176191 POs=1]
BMC : c =    1037  cl =   4503  lit =  176190  p =     0  d =     0  f =     1  +  T =     0.02 sec
  [bmc-prof 724] wall=  18.468 p=     1 | ifo=  0.733(sd=0.191 nx=0.000 tfo=0.053 cnt=0.490) snap= 0.297 srm=  8.435 sat=  8.783(set=0.194 slv=8.586 max=8.5858 n=1) sim= 0.000(rmp=0.000 run=0.000) chk= 0.001 stat= 0.214 rest= 0.006
  [bmc-incr i=725 repr=1 active=1038/176190 POs=1]
BMC : c =    1036  cl =   4503  lit =  176189  p =     0  d =     0  f =     1  +  T =     0.02 sec
  [bmc-prof 725] wall=  17.517 p=     1 | ifo=  0.838(sd=0.212 nx=0.000 tfo=0.054 cnt=0.572) snap= 0.321 srm=  9.330 sat=  6.820(set=0.209 slv=6.609 max=6.6088 n=1) sim= 0.000(rmp=0.000 run=0.000) chk= 0.001 stat= 0.199 rest= 0.007
  [bmc-incr i=726 repr=1 active=1037/176189 POs=1]
BMC : c =    1035  cl =   4503  lit =  176188  p =     0  d =     0  f =     1  +  T =     0.02 sec
  [bmc-prof 726] wall=  17.741 p=     1 | ifo=  0.779(sd=0.195 nx=0.000 tfo=0.050 cnt=0.533) snap= 0.324 srm=  9.140 sat=  7.292(set=0.206 slv=7.083 max=7.0835 n=1) sim= 0.000(rmp=0.000 run=0.000) chk= 0.000 stat= 0.202 rest= 0.004
  [bmc-incr i=727 repr=1 active=1036/176188 POs=1]
BMC : c =    1034  cl =   4503  lit =  176187  p =     0  d =     0  f =     1  +  T =     0.02 sec
  [bmc-prof 727] wall=  16.859 p=     1 | ifo=  0.787(sd=0.194 nx=0.000 tfo=0.054 cnt=0.539) snap= 0.313 srm=  9.042 sat=  6.527(set=0.199 slv=6.325 max=6.3254 n=1) sim= 0.000(rmp=0.000 run=0.000) chk= 0.000 stat= 0.184 rest= 0.007
  [bmc-incr i=728 repr=1 active=1035/176187 POs=1]
BMC : c =    1033  cl =   4503  lit =  176186  p =     0  d =     0  f =     1  +  T =     0.02 sec
  [bmc-prof 728] wall=  17.738 p=     1 | ifo=  0.742(sd=0.179 nx=0.000 tfo=0.054 cnt=0.509) snap= 0.290 srm=  8.685 sat=  7.795(set=0.197 slv=7.596 max=7.5962 n=1) sim= 0.000(rmp=0.000 run=0.000) chk= 0.001 stat= 0.219 rest= 0.007
  [bmc-incr i=729 repr=1 active=1034/176186 POs=1]
BMC : c =    1032  cl =   4503  lit =  176185  p =     0  d =     0  f =     1  +  T =     0.02 sec
  [bmc-prof 729] wall=  17.295 p=     1 | ifo=  0.824(sd=0.206 nx=0.000 tfo=0.050 cnt=0.568) snap= 0.319 srm=  9.031 sat=  6.911(set=0.204 slv=6.704 max=6.7041 n=1) sim= 0.000(rmp=0.000 run=0.000) chk= 0.001 stat= 0.205 rest= 0.005
  [bmc-incr i=730 repr=1 active=1033/176185 POs=1]
BMC : c =    1031  cl =   4503  lit =  176184  p =     0  d =     0  f =     1  +  T =     0.02 sec
  [bmc-prof 730] wall=  17.317 p=     1 | ifo=  0.804(sd=0.199 nx=0.000 tfo=0.058 cnt=0.547) snap= 0.297 srm=  9.584 sat=  6.425(set=0.192 slv=6.230 max=6.2299 n=1) sim= 0.000(rmp=0.000 run=0.000) chk= 0.001 stat= 0.200 rest= 0.007
  [bmc-incr i=731 repr=1 active=1032/176184 POs=1]
BMC : c =    1030  cl =   4503  lit =  176183  p =     0  d =     0  f =     1  +  T =     0.02 sec
  [bmc-prof 731] wall=  17.079 p=     1 | ifo=  0.775(sd=0.196 nx=0.000 tfo=0.051 cnt=0.528) snap= 0.313 srm=  9.258 sat=  6.507(set=0.203 slv=6.301 max=6.3006 n=1) sim= 0.000(rmp=0.000 run=0.000) chk= 0.000 stat= 0.219 rest= 0.007
  [bmc-incr i=732 repr=1 active=1031/176183 POs=1]
BMC : c =    1029  cl =   4503  lit =  176182  p =     0  d =     0  f =     1  +  T =     0.02 sec
  [bmc-prof 732] wall=  16.997 p=     1 | ifo=  0.743(sd=0.185 nx=0.000 tfo=0.052 cnt=0.505) snap= 0.292 srm=  8.246 sat=  7.513(set=0.190 slv=7.320 max=7.3203 n=1) sim= 0.000(rmp=0.000 run=0.000) chk= 0.000 stat= 0.197 rest= 0.005
  [bmc-incr i=733 repr=1 active=1030/176182 POs=1]
BMC : c =    1028  cl =   4503  lit =  176181  p =     0  d =     0  f =     1  +  T =     0.02 sec
  [bmc-prof 733] wall=  17.792 p=     1 | ifo=  0.757(sd=0.190 nx=0.000 tfo=0.049 cnt=0.518) snap= 0.314 srm=  9.168 sat=  7.355(set=0.214 slv=7.138 max=7.1382 n=1) sim= 0.000(rmp=0.000 run=0.000) chk= 0.000 stat= 0.193 rest= 0.005
  [bmc-incr i=734 repr=1 active=1029/176181 POs=1]
BMC : c =    1027  cl =   4503  lit =  176180  p =     0  d =     0  f =     1  +  T =     0.02 sec
  [bmc-prof 734] wall=  18.031 p=     1 | ifo=  0.734(sd=0.186 nx=0.000 tfo=0.051 cnt=0.497) snap= 0.305 srm=  9.358 sat=  7.373(set=0.208 slv=7.162 max=7.1620 n=1) sim= 0.000(rmp=0.000 run=0.000) chk= 0.000 stat= 0.255 rest= 0.005
  [bmc-incr i=735 repr=1 active=1028/176180 POs=1]
BMC : c =    1026  cl =   4503  lit =  176179  p =     0  d =     0  f =     1  +  T =     0.02 sec
  [bmc-prof 735] wall=  16.721 p=     1 | ifo=  0.851(sd=0.238 nx=0.000 tfo=0.057 cnt=0.557) snap= 0.311 srm=  8.693 sat=  6.662(set=0.200 slv=6.458 max=6.4584 n=1) sim= 0.000(rmp=0.000 run=0.000) chk= 0.001 stat= 0.198 rest= 0.005
  [bmc-incr i=736 repr=1 active=1027/176179 POs=1]
BMC : c =    1025  cl =   4503  lit =  176178  p =     0  d =     0  f =     1  +  T =     0.02 sec
  [bmc-prof 736] wall=  16.227 p=     1 | ifo=  0.749(sd=0.187 nx=0.000 tfo=0.046 cnt=0.516) snap= 0.287 srm=  8.116 sat=  6.864(set=0.182 slv=6.678 max=6.6785 n=1) sim= 0.000(rmp=0.000 run=0.000) chk= 0.001 stat= 0.205 rest= 0.006
  [bmc-incr i=737 repr=1 active=1026/176178 POs=1]
BMC : c =    1024  cl =   4503  lit =  176177  p =     0  d =     0  f =     1  +  T =     0.02 sec
  [bmc-prof 737] wall=  21.185 p=     1 | ifo=  0.748(sd=0.187 nx=0.000 tfo=0.056 cnt=0.504) snap= 0.411 srm= 11.632 sat=  8.165(set=0.263 slv=7.898 max=7.8979 n=1) sim= 0.000(rmp=0.000 run=0.000) chk= 0.001 stat= 0.222 rest= 0.007
  [bmc-incr i=738 repr=1 active=1025/176177 POs=1]
BMC : c =    1023  cl =   4503  lit =  176176  p =     0  d =     0  f =     1  +  T =     0.02 sec
  [bmc-prof 738] wall=  17.888 p=     1 | ifo=  0.785(sd=0.213 nx=0.000 tfo=0.052 cnt=0.521) snap= 0.303 srm=  9.146 sat=  7.460(set=0.196 slv=7.261 max=7.2612 n=1) sim= 0.000(rmp=0.000 run=0.000) chk= 0.000 stat= 0.189 rest= 0.005
  [bmc-incr i=739 repr=1 active=1024/176176 POs=1]
BMC : c =    1022  cl =   4503  lit =  176175  p =     0  d =     0  f =     1  +  T =     0.02 sec
  [bmc-prof 739] wall=  18.505 p=     1 | ifo=  0.763(sd=0.183 nx=0.000 tfo=0.068 cnt=0.511) snap= 0.330 srm= 10.074 sat=  7.139(set=0.230 slv=6.907 max=6.9066 n=1) sim= 0.000(rmp=0.000 run=0.000) chk= 0.000 stat= 0.192 rest= 0.007
  [bmc-incr i=740 repr=1 active=1023/176175 POs=1]
BMC : c =    1021  cl =   4503  lit =  176174  p =     0  d =     0  f =     1  +  T =     0.02 sec
  [bmc-prof 740] wall=  16.290 p=     1 | ifo=  0.731(sd=0.190 nx=0.000 tfo=0.051 cnt=0.490) snap= 0.300 srm=  8.607 sat=  6.448(set=0.204 slv=6.241 max=6.2410 n=1) sim= 0.000(rmp=0.000 run=0.000) chk= 0.001 stat= 0.198 rest= 0.006
  [bmc-incr i=741 repr=1 active=1022/176174 POs=1]
BMC : c =    1020  cl =   4503  lit =  176173  p =     0  d =     0  f =     1  +  T =     0.02 sec
  [bmc-prof 741] wall=  18.767 p=     1 | ifo=  0.774(sd=0.193 nx=0.000 tfo=0.050 cnt=0.531) snap= 0.342 srm=  9.965 sat=  7.478(set=0.219 slv=7.256 max=7.2565 n=1) sim= 0.000(rmp=0.000 run=0.000) chk= 0.001 stat= 0.202 rest= 0.006
  [bmc-incr i=742 repr=1 active=1021/176173 POs=1]
BMC : c =    1019  cl =   4503  lit =  176172  p =     0  d =     0  f =     1  +  T =     0.02 sec
  [bmc-prof 742] wall=  17.810 p=     1 | ifo=  0.814(sd=0.197 nx=0.000 tfo=0.055 cnt=0.562) snap= 0.321 srm=  9.902 sat=  6.531(set=0.206 slv=6.321 max=6.3215 n=1) sim= 0.000(rmp=0.000 run=0.000) chk= 0.000 stat= 0.203 rest= 0.040
  [bmc-incr i=743 repr=1 active=1020/176172 POs=1]
BMC : c =    1018  cl =   4503  lit =  176171  p =     0  d =     0  f =     1  +  T =     0.02 sec
  [bmc-prof 743] wall=  16.785 p=     1 | ifo=  0.744(sd=0.187 nx=0.000 tfo=0.049 cnt=0.507) snap= 0.300 srm=  8.858 sat=  6.658(set=0.214 slv=6.441 max=6.4406 n=1) sim= 0.000(rmp=0.000 run=0.000) chk= 0.001 stat= 0.218 rest= 0.007
  [bmc-incr i=744 repr=1 active=1019/176171 POs=1]
BMC : c =    1017  cl =   4503  lit =  176170  p =     0  d =     0  f =     1  +  T =     0.02 sec
  [bmc-prof 744] wall=  20.057 p=     1 | ifo=  0.748(sd=0.194 nx=0.000 tfo=0.058 cnt=0.496) snap= 0.340 srm= 11.481 sat=  7.258(set=0.226 slv=7.028 max=7.0276 n=1) sim= 0.000(rmp=0.000 run=0.000) chk= 0.001 stat= 0.223 rest= 0.007
  [bmc-incr i=745 repr=1 active=1018/176170 POs=1]
BMC : c =    1016  cl =   4503  lit =  176169  p =     0  d =     0  f =     1  +  T =     0.02 sec
  [bmc-prof 745] wall=  17.243 p=     1 | ifo=  0.774(sd=0.197 nx=0.000 tfo=0.066 cnt=0.511) snap= 0.357 srm=  8.946 sat=  6.893(set=0.277 slv=6.611 max=6.6115 n=1) sim= 0.000(rmp=0.000 run=0.000) chk= 0.001 stat= 0.254 rest= 0.018
  [bmc-incr i=746 repr=1 active=1017/176169 POs=1]
BMC : c =    1015  cl =   4503  lit =  176168  p =     0  d =     0  f =     1  +  T =     0.02 sec
  [bmc-prof 746] wall=  19.147 p=     1 | ifo=  0.829(sd=0.234 nx=0.000 tfo=0.060 cnt=0.535) snap= 0.314 srm=  8.528 sat=  9.253(set=0.206 slv=9.043 max=9.0427 n=1) sim= 0.000(rmp=0.000 run=0.000) chk= 0.001 stat= 0.216 rest= 0.006
  [bmc-incr i=747 repr=1 active=1016/176168 POs=1]
BMC : c =    1014  cl =   4503  lit =  176167  p =     0  d =     0  f =     1  +  T =     0.02 sec
  [bmc-prof 747] wall=  17.399 p=     1 | ifo=  0.848(sd=0.220 nx=0.000 tfo=0.051 cnt=0.578) snap= 0.328 srm=  9.225 sat=  6.806(set=0.214 slv=6.590 max=6.5896 n=1) sim= 0.000(rmp=0.000 run=0.000) chk= 0.001 stat= 0.186 rest= 0.006
  [bmc-incr i=748 repr=1 active=1015/176167 POs=1]
BMC : c =    1013  cl =   4503  lit =  176166  p =     0  d =     0  f =     1  +  T =     0.02 sec
  [bmc-prof 748] wall=  17.140 p=     1 | ifo=  0.778(sd=0.188 nx=0.000 tfo=0.052 cnt=0.538) snap= 0.296 srm=  8.612 sat=  7.248(set=0.200 slv=7.045 max=7.0451 n=1) sim= 0.000(rmp=0.000 run=0.000) chk= 0.001 stat= 0.187 rest= 0.017
  [bmc-incr i=749 repr=1 active=1014/176166 POs=1]
BMC : c =    1012  cl =   4503  lit =  176165  p =     0  d =     0  f =     1  +  T =     0.02 sec
  [bmc-prof 749] wall=  18.288 p=     1 | ifo=  0.740(sd=0.185 nx=0.000 tfo=0.060 cnt=0.496) snap= 0.325 srm=  9.933 sat=  7.078(set=0.208 slv=6.868 max=6.8675 n=1) sim= 0.000(rmp=0.000 run=0.000) chk= 0.001 stat= 0.203 rest= 0.008
  [bmc-incr i=750 repr=1 active=1013/176165 POs=1]
BMC : c =    1011  cl =   4503  lit =  176164  p =     0  d =     0  f =     1  +  T =     0.02 sec
  [bmc-prof 750] wall=  16.714 p=     1 | ifo=  0.798(sd=0.198 nx=0.000 tfo=0.053 cnt=0.547) snap= 0.369 srm=  8.844 sat=  6.507(set=0.264 slv=6.240 max=6.2403 n=1) sim= 0.000(rmp=0.000 run=0.000) chk= 0.000 stat= 0.191 rest= 0.005
  [bmc-incr i=751 repr=1 active=1012/176164 POs=1]
BMC : c =    1010  cl =   4503  lit =  176163  p =     0  d =     0  f =     1  +  T =     0.02 sec
  [bmc-prof 751] wall=  16.975 p=     1 | ifo=  0.757(sd=0.191 nx=0.000 tfo=0.050 cnt=0.515) snap= 0.344 srm=  8.800 sat=  6.866(set=0.192 slv=6.670 max=6.6704 n=1) sim= 0.000(rmp=0.000 run=0.000) chk= 0.001 stat= 0.202 rest= 0.005
  [bmc-incr i=752 repr=1 active=1011/176163 POs=1]
BMC : c =    1009  cl =   4503  lit =  176162  p =     0  d =     0  f =     1  +  T =     0.02 sec
  [bmc-prof 752] wall=  16.160 p=     1 | ifo=  0.753(sd=0.201 nx=0.000 tfo=0.055 cnt=0.496) snap= 0.292 srm=  8.346 sat=  6.488(set=0.204 slv=6.280 max=6.2797 n=1) sim= 0.000(rmp=0.000 run=0.000) chk= 0.001 stat= 0.274 rest= 0.006
  [bmc-incr i=753 repr=1 active=1010/176162 POs=1]
BMC : c =    1008  cl =   4503  lit =  176161  p =     0  d =     0  f =     1  +  T =     0.02 sec
  [bmc-prof 753] wall=  16.225 p=     1 | ifo=  0.835(sd=0.239 nx=0.000 tfo=0.057 cnt=0.540) snap= 0.314 srm=  8.807 sat=  6.070(set=0.201 slv=5.867 max=5.8672 n=1) sim= 0.000(rmp=0.000 run=0.000) chk= 0.001 stat= 0.191 rest= 0.007
  [bmc-incr i=754 repr=1 active=1009/176161 POs=1]
BMC : c =    1007  cl =   4503  lit =  176160  p =     0  d =     0  f =     1  +  T =     0.02 sec
  [bmc-prof 754] wall=  16.406 p=     1 | ifo=  0.706(sd=0.182 nx=0.000 tfo=0.050 cnt=0.474) snap= 0.297 srm=  8.523 sat=  6.686(set=0.208 slv=6.476 max=6.4762 n=1) sim= 0.000(rmp=0.000 run=0.000) chk= 0.001 stat= 0.188 rest= 0.005
  [bmc-incr i=755 repr=1 active=1008/176160 POs=1]
BMC : c =    1006  cl =   4503  lit =  176159  p =     0  d =     0  f =     1  +  T =     0.02 sec
  [bmc-prof 755] wall=  16.719 p=     1 | ifo=  0.740(sd=0.196 nx=0.000 tfo=0.049 cnt=0.495) snap= 0.304 srm=  8.445 sat=  7.000(set=0.192 slv=6.804 max=6.8039 n=1) sim= 0.000(rmp=0.000 run=0.000) chk= 0.001 stat= 0.225 rest= 0.005
  [bmc-incr i=756 repr=1 active=1007/176159 POs=1]
BMC : c =    1005  cl =   4503  lit =  176158  p =     0  d =     0  f =     1  +  T =     0.02 sec
  [bmc-prof 756] wall=  16.612 p=     1 | ifo=  0.921(sd=0.304 nx=0.000 tfo=0.058 cnt=0.558) snap= 0.329 srm=  8.727 sat=  6.413(set=0.252 slv=6.159 max=6.1592 n=1) sim= 0.000(rmp=0.000 run=0.000) chk= 0.001 stat= 0.213 rest= 0.008
  [bmc-incr i=757 repr=1 active=1006/176158 POs=1]
BMC : c =    1004  cl =   4503  lit =  176157  p =     0  d =     0  f =     1  +  T =     0.02 sec
  [bmc-prof 757] wall=  16.741 p=     1 | ifo=  0.717(sd=0.184 nx=0.000 tfo=0.048 cnt=0.486) snap= 0.288 srm=  8.758 sat=  6.762(set=0.190 slv=6.569 max=6.5691 n=1) sim= 0.000(rmp=0.000 run=0.000) chk= 0.001 stat= 0.208 rest= 0.006
  [bmc-incr i=758 repr=1 active=1005/176157 POs=1]
BMC : c =    1003  cl =   4503  lit =  176156  p =     0  d =     0  f =     1  +  T =     0.02 sec
  [bmc-prof 758] wall=  17.592 p=     1 | ifo=  0.790(sd=0.197 nx=0.000 tfo=0.049 cnt=0.544) snap= 0.319 srm=  9.570 sat=  6.722(set=0.200 slv=6.520 max=6.5199 n=1) sim= 0.000(rmp=0.000 run=0.000) chk= 0.001 stat= 0.183 rest= 0.007
  [bmc-incr i=759 repr=1 active=1004/176156 POs=1]
BMC : c =    1002  cl =   4503  lit =  176155  p =     0  d =     0  f =     1  +  T =     0.02 sec
  [bmc-prof 759] wall=  15.417 p=     1 | ifo=  0.733(sd=0.180 nx=0.000 tfo=0.050 cnt=0.502) snap= 0.424 srm=  8.085 sat=  5.985(set=0.194 slv=5.788 max=5.7883 n=1) sim= 0.000(rmp=0.000 run=0.000) chk= 0.000 stat= 0.184 rest= 0.005
  [bmc-incr i=760 repr=1 active=1003/176155 POs=1]
BMC : c =    1001  cl =   4503  lit =  176154  p =     0  d =     0  f =     1  +  T =     0.02 sec
  [bmc-prof 760] wall=  16.813 p=     1 | ifo=  0.734(sd=0.178 nx=0.000 tfo=0.061 cnt=0.494) snap= 0.290 srm=  9.028 sat=  6.550(set=0.224 slv=6.320 max=6.3202 n=1) sim= 0.000(rmp=0.000 run=0.000) chk= 0.000 stat= 0.203 rest= 0.008
  [bmc-incr i=761 repr=1 active=1002/176154 POs=1]
BMC : c =    1000  cl =   4503  lit =  176153  p =     0  d =     0  f =     1  +  T =     0.02 sec
  [bmc-prof 761] wall=  16.250 p=     1 | ifo=  0.733(sd=0.188 nx=0.000 tfo=0.051 cnt=0.493) snap= 0.309 srm=  8.739 sat=  6.276(set=0.203 slv=6.071 max=6.0705 n=1) sim= 0.000(rmp=0.000 run=0.000) chk= 0.000 stat= 0.189 rest= 0.004
  [bmc-incr i=762 repr=1 active=1001/176153 POs=1]
BMC : c =     999  cl =   4503  lit =  176152  p =     0  d =     0  f =     1  +  T =     0.02 sec
  [bmc-prof 762] wall=  16.447 p=     1 | ifo=  0.758(sd=0.177 nx=0.000 tfo=0.049 cnt=0.533) snap= 0.287 srm=  8.326 sat=  6.891(set=0.193 slv=6.695 max=6.6954 n=1) sim= 0.000(rmp=0.000 run=0.000) chk= 0.000 stat= 0.180 rest= 0.004
  [bmc-incr i=763 repr=1 active=1000/176152 POs=1]
BMC : c =     998  cl =   4503  lit =  176151  p =     0  d =     0  f =     1  +  T =     0.02 sec
  [bmc-prof 763] wall=  16.509 p=     1 | ifo=  0.717(sd=0.180 nx=0.000 tfo=0.049 cnt=0.488) snap= 0.293 srm=  8.736 sat=  6.562(set=0.205 slv=6.354 max=6.3536 n=1) sim= 0.000(rmp=0.000 run=0.000) chk= 0.000 stat= 0.196 rest= 0.006
  [bmc-incr i=764 repr=1 active=999/176151 POs=1]
BMC : c =     997  cl =   4503  lit =  176150  p =     0  d =     0  f =     1  +  T =     0.02 sec
  [bmc-prof 764] wall=  18.817 p=     1 | ifo=  0.798(sd=0.186 nx=0.000 tfo=0.107 cnt=0.504) snap= 0.295 srm=  8.433 sat=  9.072(set=0.205 slv=8.863 max=8.8631 n=1) sim= 0.000(rmp=0.000 run=0.000) chk= 0.000 stat= 0.214 rest= 0.005
  [bmc-incr i=765 repr=1 active=998/176150 POs=1]
BMC : c =     996  cl =   4503  lit =  176149  p =     0  d =     0  f =     1  +  T =     0.02 sec
  [bmc-prof 765] wall=  17.114 p=     1 | ifo=  0.808(sd=0.195 nx=0.000 tfo=0.054 cnt=0.559) snap= 0.293 srm=  8.658 sat=  7.096(set=0.195 slv=6.899 max=6.8986 n=1) sim= 0.000(rmp=0.000 run=0.000) chk= 0.000 stat= 0.253 rest= 0.006
  [bmc-incr i=766 repr=1 active=997/176149 POs=1]
BMC : c =     995  cl =   4503  lit =  176148  p =     0  d =     0  f =     1  +  T =     0.02 sec
  [bmc-prof 766] wall=  17.010 p=     1 | ifo=  0.833(sd=0.286 nx=0.000 tfo=0.051 cnt=0.496) snap= 0.311 srm=  8.568 sat=  7.103(set=0.219 slv=6.881 max=6.8808 n=1) sim= 0.000(rmp=0.000 run=0.000) chk= 0.000 stat= 0.190 rest= 0.005
  [bmc-incr i=767 repr=1 active=996/176148 POs=1]
BMC : c =     994  cl =   4503  lit =  176147  p =     0  d =     0  f =     1  +  T =     0.02 sec
  [bmc-prof 767] wall=  17.736 p=     1 | ifo=  0.737(sd=0.191 nx=0.000 tfo=0.047 cnt=0.499) snap= 0.327 srm=  9.424 sat=  7.026(set=0.216 slv=6.807 max=6.8073 n=1) sim= 0.000(rmp=0.000 run=0.000) chk= 0.001 stat= 0.217 rest= 0.005
  [bmc-incr i=768 repr=1 active=995/176147 POs=1]
BMC : c =     993  cl =   4503  lit =  176146  p =     0  d =     0  f =     1  +  T =     0.02 sec
  [bmc-prof 768] wall=  17.404 p=     1 | ifo=  0.799(sd=0.196 nx=0.000 tfo=0.049 cnt=0.554) snap= 0.293 srm=  9.294 sat=  6.788(set=0.200 slv=6.584 max=6.5845 n=1) sim= 0.000(rmp=0.000 run=0.000) chk= 0.000 stat= 0.224 rest= 0.006
  [bmc-incr i=769 repr=1 active=994/176146 POs=1]
BMC : c =     992  cl =   4503  lit =  176145  p =     0  d =     0  f =     1  +  T =     0.02 sec
  [bmc-prof 769] wall=  16.808 p=     1 | ifo=  0.826(sd=0.205 nx=0.000 tfo=0.049 cnt=0.572) snap= 0.595 srm=  8.426 sat=  6.769(set=0.195 slv=6.572 max=6.5716 n=1) sim= 0.000(rmp=0.000 run=0.000) chk= 0.000 stat= 0.187 rest= 0.005
  [bmc-incr i=770 repr=1 active=993/176145 POs=1]
BMC : c =     991  cl =   4503  lit =  176144  p =     0  d =     0  f =     1  +  T =     0.02 sec
  [bmc-prof 770] wall=  16.766 p=     1 | ifo=  1.000(sd=0.347 nx=0.000 tfo=0.071 cnt=0.582) snap= 0.316 srm=  8.748 sat=  6.507(set=0.196 slv=6.308 max=6.3077 n=1) sim= 0.000(rmp=0.000 run=0.000) chk= 0.000 stat= 0.190 rest= 0.005
  [bmc-incr i=771 repr=1 active=992/176144 POs=1]
BMC : c =     990  cl =   4503  lit =  176143  p =     0  d =     0  f =     1  +  T =     0.02 sec
  [bmc-prof 771] wall=  18.523 p=     1 | ifo=  0.703(sd=0.177 nx=0.000 tfo=0.046 cnt=0.479) snap= 0.312 srm=  9.888 sat=  7.362(set=0.230 slv=7.128 max=7.1277 n=1) sim= 0.000(rmp=0.000 run=0.000) chk= 0.001 stat= 0.251 rest= 0.006
  [bmc-incr i=772 repr=1 active=991/176143 POs=1]
BMC : c =     989  cl =   4503  lit =  176142  p =     0  d =     0  f =     1  +  T =     0.02 sec
  [bmc-prof 772] wall=  17.333 p=     1 | ifo=  0.824(sd=0.229 nx=0.000 tfo=0.055 cnt=0.540) snap= 0.298 srm=  8.606 sat=  7.345(set=0.221 slv=7.122 max=7.1219 n=1) sim= 0.000(rmp=0.000 run=0.000) chk= 0.001 stat= 0.252 rest= 0.009
  [bmc-incr i=773 repr=1 active=990/176142 POs=1]
BMC : c =     988  cl =   4503  lit =  176141  p =     0  d =     0  f =     1  +  T =     0.02 sec
  [bmc-prof 773] wall=  18.048 p=     1 | ifo=  0.889(sd=0.227 nx=0.000 tfo=0.052 cnt=0.611) snap= 0.389 srm=  9.529 sat=  7.033(set=0.267 slv=6.764 max=6.7639 n=1) sim= 0.000(rmp=0.000 run=0.000) chk= 0.001 stat= 0.201 rest= 0.005
  [bmc-incr i=774 repr=1 active=989/176141 POs=1]
BMC : c =     987  cl =   4503  lit =  176140  p =     0  d =     0  f =     1  +  T =     0.02 sec
  [bmc-prof 774] wall=  17.477 p=     1 | ifo=  0.744(sd=0.185 nx=0.000 tfo=0.047 cnt=0.512) snap= 0.296 srm=  9.338 sat=  6.861(set=0.196 slv=6.662 max=6.6621 n=1) sim= 0.000(rmp=0.000 run=0.000) chk= 0.000 stat= 0.196 rest= 0.042
  [bmc-incr i=775 repr=1 active=988/176140 POs=1]
BMC : c =     986  cl =   4503  lit =  176139  p =     0  d =     0  f =     1  +  T =     0.02 sec
  [bmc-prof 775] wall=  18.634 p=     1 | ifo=  0.766(sd=0.194 nx=0.000 tfo=0.048 cnt=0.524) snap= 0.319 srm= 10.218 sat=  7.117(set=0.225 slv=6.888 max=6.8884 n=1) sim= 0.000(rmp=0.000 run=0.000) chk= 0.001 stat= 0.206 rest= 0.008
  [bmc-incr i=776 repr=1 active=987/176139 POs=1]
BMC : c =     985  cl =   4503  lit =  176138  p =     0  d =     0  f =     1  +  T =     0.02 sec
  [bmc-prof 776] wall=  16.430 p=     1 | ifo=  0.888(sd=0.239 nx=0.000 tfo=0.051 cnt=0.599) snap= 0.311 srm=  8.858 sat=  6.177(set=0.198 slv=5.976 max=5.9758 n=1) sim= 0.000(rmp=0.000 run=0.000) chk= 0.001 stat= 0.189 rest= 0.006
  [bmc-incr i=777 repr=1 active=986/176138 POs=1]
BMC : c =     984  cl =   4503  lit =  176137  p =     0  d =     0  f =     1  +  T =     0.02 sec
  [bmc-prof 777] wall=  17.514 p=     1 | ifo=  0.833(sd=0.182 nx=0.000 tfo=0.048 cnt=0.603) snap= 0.324 srm=  8.234 sat=  7.905(set=0.209 slv=7.693 max=7.6933 n=1) sim= 0.000(rmp=0.000 run=0.000) chk= 0.001 stat= 0.211 rest= 0.007
  [bmc-incr i=778 repr=1 active=985/176137 POs=1]
BMC : c =     983  cl =   4503  lit =  176136  p =     0  d =     0  f =     1  +  T =     0.02 sec
  [bmc-prof 778] wall=  17.605 p=     1 | ifo=  0.846(sd=0.219 nx=0.000 tfo=0.051 cnt=0.576) snap= 0.313 srm=  9.073 sat=  7.172(set=0.197 slv=6.972 max=6.9719 n=1) sim= 0.000(rmp=0.000 run=0.000) chk= 0.000 stat= 0.196 rest= 0.005
  [bmc-incr i=779 repr=1 active=984/176136 POs=1]
BMC : c =     982  cl =   4503  lit =  176135  p =     0  d =     0  f =     1  +  T =     0.02 sec
  [bmc-prof 779] wall=  16.421 p=     1 | ifo=  0.753(sd=0.195 nx=0.000 tfo=0.046 cnt=0.512) snap= 0.294 srm=  8.706 sat=  6.469(set=0.225 slv=6.240 max=6.2404 n=1) sim= 0.000(rmp=0.000 run=0.000) chk= 0.001 stat= 0.192 rest= 0.005
  [bmc-incr i=780 repr=1 active=983/176135 POs=1]
BMC : c =     981  cl =   4503  lit =  176134  p =     0  d =     0  f =     1  +  T =     0.02 sec
  [bmc-prof 780] wall=  17.381 p=     1 | ifo=  0.792(sd=0.184 nx=0.000 tfo=0.047 cnt=0.561) snap= 0.303 srm=  8.279 sat=  7.783(set=0.214 slv=7.566 max=7.5665 n=1) sim= 0.000(rmp=0.000 run=0.000) chk= 0.001 stat= 0.215 rest= 0.008
  [bmc-incr i=781 repr=1 active=982/176134 POs=1]
BMC : c =     980  cl =   4503  lit =  176133  p =     0  d =     0  f =     1  +  T =     0.02 sec
  [bmc-prof 781] wall=  16.782 p=     1 | ifo=  0.999(sd=0.222 nx=0.000 tfo=0.047 cnt=0.729) snap= 0.298 srm=  8.802 sat=  6.470(set=0.192 slv=6.275 max=6.2751 n=1) sim= 0.000(rmp=0.000 run=0.000) chk= 0.000 stat= 0.205 rest= 0.008
  [bmc-incr i=782 repr=1 active=981/176133 POs=1]
BMC : c =     979  cl =   4503  lit =  176132  p =     0  d =     0  f =     1  +  T =     0.02 sec
  [bmc-prof 782] wall=  16.185 p=     1 | ifo=  0.731(sd=0.190 nx=0.000 tfo=0.047 cnt=0.494) snap= 0.282 srm=  8.460 sat=  6.525(set=0.186 slv=6.335 max=6.3347 n=1) sim= 0.000(rmp=0.000 run=0.000) chk= 0.001 stat= 0.182 rest= 0.005
  [bmc-incr i=783 repr=1 active=980/176132 POs=1]
BMC : c =     978  cl =   4503  lit =  176131  p =     0  d =     0  f =     1  +  T =     0.02 sec
  [bmc-prof 783] wall=  15.923 p=     1 | ifo=  0.706(sd=0.177 nx=0.000 tfo=0.049 cnt=0.480) snap= 0.306 srm=  8.474 sat=  6.233(set=0.211 slv=6.020 max=6.0195 n=1) sim= 0.000(rmp=0.000 run=0.000) chk= 0.001 stat= 0.197 rest= 0.007
  [bmc-incr i=784 repr=1 active=979/176131 POs=1]
BMC : c =     977  cl =   4503  lit =  176130  p =     0  d =     0  f =     1  +  T =     0.02 sec
  [bmc-prof 784] wall=  16.964 p=     1 | ifo=  0.846(sd=0.178 nx=0.000 tfo=0.061 cnt=0.607) snap= 0.315 srm=  9.081 sat=  6.515(set=0.204 slv=6.308 max=6.3085 n=1) sim= 0.000(rmp=0.000 run=0.000) chk= 0.001 stat= 0.199 rest= 0.007
  [bmc-incr i=785 repr=1 active=978/176130 POs=1]
BMC : c =     976  cl =   4503  lit =  176129  p =     0  d =     0  f =     1  +  T =     0.02 sec
  [bmc-prof 785] wall=  16.327 p=     1 | ifo=  0.738(sd=0.184 nx=0.000 tfo=0.049 cnt=0.506) snap= 0.302 srm=  8.392 sat=  6.703(set=0.194 slv=6.507 max=6.5065 n=1) sim= 0.000(rmp=0.000 run=0.000) chk= 0.001 stat= 0.185 rest= 0.006
  [bmc-incr i=786 repr=1 active=977/176129 POs=1]
BMC : c =     975  cl =   4503  lit =  176128  p =     0  d =     0  f =     1  +  T =     0.02 sec
  [bmc-prof 786] wall=  16.226 p=     1 | ifo=  0.732(sd=0.182 nx=0.000 tfo=0.060 cnt=0.490) snap= 0.289 srm=  8.774 sat=  6.241(set=0.198 slv=6.041 max=6.0408 n=1) sim= 0.000(rmp=0.000 run=0.000) chk= 0.001 stat= 0.183 rest= 0.006
  [bmc-incr i=787 repr=1 active=976/176128 POs=1]
BMC : c =     974  cl =   4503  lit =  176127  p =     0  d =     0  f =     1  +  T =     0.02 sec
  [bmc-prof 787] wall=  16.571 p=     1 | ifo=  0.713(sd=0.176 nx=0.000 tfo=0.045 cnt=0.492) snap= 0.315 srm=  8.534 sat=  6.793(set=0.200 slv=6.590 max=6.5900 n=1) sim= 0.000(rmp=0.000 run=0.000) chk= 0.001 stat= 0.211 rest= 0.005
  [bmc-incr i=788 repr=1 active=975/176127 POs=1]
BMC : c =     973  cl =   4503  lit =  176126  p =     0  d =     0  f =     1  +  T =     0.02 sec
  [bmc-prof 788] wall=  16.148 p=     1 | ifo=  0.744(sd=0.185 nx=0.000 tfo=0.048 cnt=0.511) snap= 0.293 srm=  8.494 sat=  6.396(set=0.214 slv=6.180 max=6.1800 n=1) sim= 0.000(rmp=0.000 run=0.000) chk= 0.001 stat= 0.212 rest= 0.008
  [bmc-incr i=789 repr=1 active=974/176126 POs=1]
BMC : c =     972  cl =   4503  lit =  176125  p =     0  d =     0  f =     1  +  T =     0.02 sec
  [bmc-prof 789] wall=  17.737 p=     1 | ifo=  0.830(sd=0.203 nx=0.000 tfo=0.047 cnt=0.579) snap= 0.322 srm=  8.997 sat=  7.387(set=0.208 slv=7.176 max=7.1757 n=1) sim= 0.000(rmp=0.000 run=0.000) chk= 0.000 stat= 0.197 rest= 0.005
  [bmc-incr i=790 repr=1 active=973/176125 POs=1]
BMC : c =     971  cl =   4503  lit =  176124  p =     0  d =     0  f =     1  +  T =     0.02 sec
  [bmc-prof 790] wall=  17.845 p=     1 | ifo=  0.794(sd=0.196 nx=0.000 tfo=0.047 cnt=0.550) snap= 0.312 srm=  8.900 sat=  7.638(set=0.202 slv=7.433 max=7.4326 n=1) sim= 0.000(rmp=0.000 run=0.000) chk= 0.001 stat= 0.197 rest= 0.004
  [bmc-incr i=791 repr=1 active=972/176124 POs=1]
BMC : c =     970  cl =   4503  lit =  176123  p =     0  d =     0  f =     1  +  T =     0.02 sec
  [bmc-prof 791] wall=  17.776 p=     1 | ifo=  0.774(sd=0.196 nx=0.000 tfo=0.046 cnt=0.533) snap= 0.313 srm=  8.803 sat=  7.686(set=0.208 slv=7.475 max=7.4748 n=1) sim= 0.000(rmp=0.000 run=0.000) chk= 0.001 stat= 0.194 rest= 0.005
  [bmc-incr i=792 repr=1 active=971/176123 POs=1]
BMC : c =     969  cl =   4503  lit =  176122  p =     0  d =     0  f =     1  +  T =     0.02 sec
  [bmc-prof 792] wall=  16.385 p=     1 | ifo=  0.762(sd=0.183 nx=0.000 tfo=0.062 cnt=0.517) snap= 0.293 srm=  8.701 sat=  6.426(set=0.227 slv=6.195 max=6.1950 n=1) sim= 0.000(rmp=0.000 run=0.000) chk= 0.001 stat= 0.197 rest= 0.005
  [bmc-incr i=793 repr=1 active=970/176122 POs=1]
BMC : c =     968  cl =   4503  lit =  176121  p =     0  d =     0  f =     1  +  T =     0.02 sec
  [bmc-prof 793] wall=  16.321 p=     1 | ifo=  0.710(sd=0.180 nx=0.000 tfo=0.046 cnt=0.484) snap= 0.387 srm=  8.540 sat=  6.492(set=0.201 slv=6.289 max=6.2888 n=1) sim= 0.000(rmp=0.000 run=0.000) chk= 0.000 stat= 0.187 rest= 0.004
  [bmc-incr i=794 repr=1 active=969/176121 POs=1]
BMC : c =     967  cl =   4503  lit =  176120  p =     0  d =     0  f =     1  +  T =     0.02 sec
  [bmc-prof 794] wall=  19.207 p=     1 | ifo=  0.725(sd=0.185 nx=0.000 tfo=0.047 cnt=0.494) snap= 0.301 srm=  8.849 sat=  9.013(set=0.242 slv=8.767 max=8.7668 n=1) sim= 0.000(rmp=0.000 run=0.000) chk= 0.001 stat= 0.311 rest= 0.007
  [bmc-incr i=795 repr=1 active=968/176120 POs=1]
BMC : c =     966  cl =   4503  lit =  176119  p =     0  d =     0  f =     1  +  T =     0.02 sec
  [bmc-prof 795] wall=  19.336 p=     1 | ifo=  1.040(sd=0.260 nx=0.000 tfo=0.069 cnt=0.712) snap= 0.313 srm=  9.964 sat=  7.807(set=0.231 slv=7.573 max=7.5727 n=1) sim= 0.000(rmp=0.000 run=0.000) chk= 0.001 stat= 0.205 rest= 0.006
  [bmc-incr i=796 repr=1 active=967/176119 POs=1]
BMC : c =     965  cl =   4503  lit =  176118  p =     0  d =     0  f =     1  +  T =     0.02 sec
  [bmc-prof 796] wall=  17.343 p=     1 | ifo=  0.743(sd=0.190 nx=0.000 tfo=0.047 cnt=0.506) snap= 0.320 srm=  8.941 sat=  7.087(set=0.214 slv=6.870 max=6.8697 n=1) sim= 0.000(rmp=0.000 run=0.000) chk= 0.000 stat= 0.248 rest= 0.004
  [bmc-incr i=797 repr=1 active=966/176118 POs=1]
BMC : c =     964  cl =   4503  lit =  176117  p =     0  d =     0  f =     1  +  T =     0.02 sec
  [bmc-prof 797] wall=  16.825 p=     1 | ifo=  0.853(sd=0.240 nx=0.000 tfo=0.053 cnt=0.560) snap= 0.304 srm=  8.498 sat=  6.961(set=0.203 slv=6.756 max=6.7558 n=1) sim= 0.000(rmp=0.000 run=0.000) chk= 0.001 stat= 0.203 rest= 0.005
  [bmc-incr i=798 repr=1 active=965/176117 POs=1]
BMC : c =     963  cl =   4503  lit =  176116  p =     0  d =     0  f =     1  +  T =     0.02 sec
  [bmc-prof 798] wall=  17.301 p=     1 | ifo=  1.007(sd=0.196 nx=0.000 tfo=0.049 cnt=0.762) snap= 0.304 srm=  8.922 sat=  6.860(set=0.303 slv=6.554 max=6.5541 n=1) sim= 0.000(rmp=0.000 run=0.000) chk= 0.000 stat= 0.202 rest= 0.005
  [bmc-incr i=799 repr=1 active=964/176116 POs=1]
BMC : c =     962  cl =   4503  lit =  176115  p =     0  d =     0  f =     1  +  T =     0.02 sec
  [bmc-prof 799] wall=  17.013 p=     1 | ifo=  0.796(sd=0.197 nx=0.000 tfo=0.047 cnt=0.552) snap= 0.318 srm=  9.213 sat=  6.471(set=0.203 slv=6.266 max=6.2660 n=1) sim= 0.000(rmp=0.000 run=0.000) chk= 0.001 stat= 0.207 rest= 0.007
  [bmc-incr i=800 repr=1 active=963/176115 POs=1]
BMC : c =     961  cl =   4503  lit =  176114  p =     0  d =     0  f =     1  +  T =     0.02 sec
  [bmc-prof 800] wall=  15.827 p=     1 | ifo=  0.747(sd=0.190 nx=0.000 tfo=0.050 cnt=0.506) snap= 0.291 srm=  8.359 sat=  6.212(set=0.213 slv=5.996 max=5.9960 n=1) sim= 0.000(rmp=0.000 run=0.000) chk= 0.001 stat= 0.213 rest= 0.005
  [bmc-incr i=801 repr=1 active=962/176114 POs=1]
BMC : c =     960  cl =   4503  lit =  176113  p =     0  d =     0  f =     1  +  T =     0.02 sec
  [bmc-prof 801] wall=  18.010 p=     1 | ifo=  0.850(sd=0.203 nx=0.000 tfo=0.063 cnt=0.583) snap= 0.343 srm=  8.714 sat=  7.854(set=0.261 slv=7.590 max=7.5904 n=1) sim= 0.000(rmp=0.000 run=0.000) chk= 0.000 stat= 0.238 rest= 0.009
  [bmc-incr i=802 repr=1 active=961/176113 POs=1]
BMC : c =     959  cl =   4503  lit =  176112  p =     0  d =     0  f =     1  +  T =     0.02 sec
  [bmc-prof 802] wall=  19.338 p=     1 | ifo=  0.916(sd=0.223 nx=0.000 tfo=0.051 cnt=0.642) snap= 0.333 srm= 10.084 sat=  7.780(set=0.225 slv=7.552 max=7.5515 n=1) sim= 0.000(rmp=0.000 run=0.000) chk= 0.001 stat= 0.219 rest= 0.005
  [bmc-incr i=803 repr=1 active=960/176112 POs=1]
BMC : c =     958  cl =   4503  lit =  176111  p =     0  d =     0  f =     1  +  T =     0.02 sec
  [bmc-prof 803] wall=  17.842 p=     1 | ifo=  0.807(sd=0.206 nx=0.000 tfo=0.048 cnt=0.553) snap= 0.374 srm=  9.822 sat=  6.632(set=0.240 slv=6.390 max=6.3899 n=1) sim= 0.000(rmp=0.000 run=0.000) chk= 0.000 stat= 0.201 rest= 0.005
  [bmc-incr i=804 repr=1 active=959/176111 POs=1]
BMC : c =     957  cl =   4503  lit =  176110  p =     0  d =     0  f =     1  +  T =     0.02 sec
  [bmc-prof 804] wall=  17.540 p=     1 | ifo=  0.758(sd=0.189 nx=0.000 tfo=0.045 cnt=0.524) snap= 0.316 srm=  9.369 sat=  6.886(set=0.221 slv=6.663 max=6.6626 n=1) sim= 0.000(rmp=0.000 run=0.000) chk= 0.000 stat= 0.204 rest= 0.006
  [bmc-incr i=805 repr=1 active=958/176110 POs=1]
BMC : c =     956  cl =   4503  lit =  176109  p =     0  d =     0  f =     1  +  T =     0.02 sec
  [bmc-prof 805] wall=  17.970 p=     1 | ifo=  0.795(sd=0.198 nx=0.000 tfo=0.042 cnt=0.555) snap= 0.301 srm=  9.399 sat=  7.212(set=0.213 slv=6.996 max=6.9963 n=1) sim= 0.000(rmp=0.000 run=0.000) chk= 0.000 stat= 0.258 rest= 0.004
  [bmc-incr i=806 repr=1 active=957/176109 POs=1]
BMC : c =     955  cl =   4503  lit =  176108  p =     0  d =     0  f =     1  +  T =     0.02 sec
  [bmc-prof 806] wall=  17.097 p=     1 | ifo=  0.861(sd=0.237 nx=0.000 tfo=0.053 cnt=0.571) snap= 0.345 srm=  9.176 sat=  6.478(set=0.201 slv=6.275 max=6.2746 n=1) sim= 0.000(rmp=0.000 run=0.000) chk= 0.001 stat= 0.228 rest= 0.008
  [bmc-incr i=807 repr=1 active=956/176108 POs=1]
BMC : c =     954  cl =   4503  lit =  176107  p =     0  d =     0  f =     1  +  T =     0.02 sec
  [bmc-prof 807] wall=  17.506 p=     1 | ifo=  0.753(sd=0.193 nx=0.000 tfo=0.053 cnt=0.507) snap= 0.310 srm=  8.952 sat=  7.287(set=0.203 slv=7.082 max=7.0820 n=1) sim= 0.000(rmp=0.000 run=0.000) chk= 0.001 stat= 0.198 rest= 0.005
  [bmc-incr i=808 repr=1 active=955/176107 POs=1]
BMC : c =     953  cl =   4503  lit =  176106  p =     0  d =     0  f =     1  +  T =     0.02 sec
  [bmc-prof 808] wall=  17.739 p=     1 | ifo=  0.741(sd=0.186 nx=0.000 tfo=0.044 cnt=0.511) snap= 0.317 srm=  9.614 sat=  6.875(set=0.222 slv=6.650 max=6.6496 n=1) sim= 0.000(rmp=0.000 run=0.000) chk= 0.000 stat= 0.187 rest= 0.005
  [bmc-incr i=809 repr=1 active=954/176106 POs=1]
BMC : c =     952  cl =   4503  lit =  176105  p =     0  d =     0  f =     1  +  T =     0.02 sec
  [bmc-prof 809] wall=  18.097 p=     1 | ifo=  0.735(sd=0.182 nx=0.000 tfo=0.045 cnt=0.508) snap= 0.325 srm=  9.590 sat=  7.181(set=0.220 slv=6.957 max=6.9568 n=1) sim= 0.000(rmp=0.000 run=0.000) chk= 0.000 stat= 0.260 rest= 0.006
  [bmc-incr i=810 repr=1 active=953/176105 POs=1]
BMC : c =     951  cl =   4503  lit =  176104  p =     0  d =     0  f =     1  +  T =     0.02 sec
  [bmc-prof 810] wall=  18.072 p=     1 | ifo=  0.820(sd=0.231 nx=0.000 tfo=0.055 cnt=0.534) snap= 0.305 srm=  9.092 sat=  7.630(set=0.211 slv=7.417 max=7.4169 n=1) sim= 0.000(rmp=0.000 run=0.000) chk= 0.000 stat= 0.215 rest= 0.009
  [bmc-incr i=811 repr=1 active=952/176104 POs=1]
BMC : c =     950  cl =   4503  lit =  176103  p =     0  d =     0  f =     1  +  T =     0.02 sec
  [bmc-prof 811] wall=  18.384 p=     1 | ifo=  0.796(sd=0.202 nx=0.000 tfo=0.046 cnt=0.548) snap= 0.379 srm=  9.423 sat=  7.580(set=0.216 slv=7.362 max=7.3622 n=1) sim= 0.000(rmp=0.000 run=0.000) chk= 0.000 stat= 0.201 rest= 0.005
  [bmc-incr i=812 repr=1 active=951/176103 POs=1]
BMC : c =     949  cl =   4503  lit =  176102  p =     0  d =     0  f =     1  +  T =     0.02 sec
  [bmc-prof 812] wall=  17.575 p=     1 | ifo=  0.775(sd=0.196 nx=0.000 tfo=0.046 cnt=0.532) snap= 0.296 srm=  9.394 sat=  6.921(set=0.196 slv=6.723 max=6.7227 n=1) sim= 0.000(rmp=0.000 run=0.000) chk= 0.000 stat= 0.184 rest= 0.005
  [bmc-incr i=813 repr=1 active=950/176102 POs=1]
BMC : c =     948  cl =   4503  lit =  176101  p =     0  d =     0  f =     1  +  T =     0.02 sec
  [bmc-prof 813] wall=  16.967 p=     1 | ifo=  0.745(sd=0.178 nx=0.000 tfo=0.044 cnt=0.523) snap= 0.292 srm=  8.710 sat=  6.983(set=0.180 slv=6.801 max=6.8013 n=1) sim= 0.000(rmp=0.000 run=0.000) chk= 0.001 stat= 0.229 rest= 0.007
  [bmc-incr i=814 repr=1 active=949/176101 POs=1]
BMC : c =     947  cl =   4503  lit =  176100  p =     0  d =     0  f =     1  +  T =     0.02 sec
  [bmc-prof 814] wall=  18.490 p=     1 | ifo=  0.921(sd=0.229 nx=0.000 tfo=0.048 cnt=0.645) snap= 0.313 srm=  9.499 sat=  7.535(set=0.213 slv=7.318 max=7.3180 n=1) sim= 0.000(rmp=0.000 run=0.000) chk= 0.001 stat= 0.215 rest= 0.006
  [bmc-incr i=815 repr=1 active=948/176100 POs=1]
BMC : c =     946  cl =   4503  lit =  176099  p =     0  d =     0  f =     1  +  T =     0.02 sec
  [bmc-prof 815] wall=  17.287 p=     1 | ifo=  0.776(sd=0.196 nx=0.000 tfo=0.047 cnt=0.533) snap= 0.355 srm=  9.114 sat=  6.849(set=0.229 slv=6.617 max=6.6165 n=1) sim= 0.000(rmp=0.000 run=0.000) chk= 0.000 stat= 0.187 rest= 0.005
  [bmc-incr i=816 repr=1 active=947/176099 POs=1]
BMC : c =     945  cl =   4503  lit =  176098  p =     0  d =     0  f =     1  +  T =     0.02 sec
  [bmc-prof 816] wall=  17.780 p=     1 | ifo=  0.724(sd=0.183 nx=0.000 tfo=0.045 cnt=0.495) snap= 0.310 srm=  9.619 sat=  6.929(set=0.252 slv=6.675 max=6.6749 n=1) sim= 0.000(rmp=0.000 run=0.000) chk= 0.000 stat= 0.192 rest= 0.006
  [bmc-incr i=817 repr=1 active=946/176098 POs=1]
BMC : c =     944  cl =   4503  lit =  176097  p =     0  d =     0  f =     1  +  T =     0.02 sec
  [bmc-prof 817] wall=  16.572 p=     1 | ifo=  0.697(sd=0.178 nx=0.000 tfo=0.044 cnt=0.475) snap= 0.295 srm=  8.619 sat=  6.735(set=0.194 slv=6.539 max=6.5394 n=1) sim= 0.000(rmp=0.000 run=0.000) chk= 0.001 stat= 0.185 rest= 0.040
  [bmc-incr i=818 repr=1 active=945/176097 POs=1]
BMC : c =     943  cl =   4503  lit =  176096  p =     0  d =     0  f =     1  +  T =     0.02 sec
  [bmc-prof 818] wall=  17.208 p=     1 | ifo=  0.700(sd=0.179 nx=0.000 tfo=0.043 cnt=0.478) snap= 0.294 srm=  9.216 sat=  6.775(set=0.202 slv=6.570 max=6.5695 n=1) sim= 0.000(rmp=0.000 run=0.000) chk= 0.001 stat= 0.215 rest= 0.007
  [bmc-incr i=819 repr=1 active=944/176096 POs=1]
BMC : c =     942  cl =   4503  lit =  176095  p =     0  d =     0  f =     1  +  T =     0.02 sec
  [bmc-prof 819] wall=  17.047 p=     1 | ifo=  0.931(sd=0.208 nx=0.000 tfo=0.048 cnt=0.674) snap= 0.297 srm=  8.756 sat=  6.868(set=0.189 slv=6.676 max=6.6761 n=1) sim= 0.000(rmp=0.000 run=0.000) chk= 0.000 stat= 0.189 rest= 0.006
  [bmc-incr i=820 repr=1 active=943/176095 POs=1]
BMC : c =     941  cl =   4503  lit =  176094  p =     0  d =     0  f =     1  +  T =     0.02 sec
  [bmc-prof 820] wall=  19.204 p=     1 | ifo=  0.754(sd=0.184 nx=0.000 tfo=0.043 cnt=0.527) snap= 0.325 srm= 10.419 sat=  7.493(set=0.213 slv=7.276 max=7.2761 n=1) sim= 0.000(rmp=0.000 run=0.000) chk= 0.001 stat= 0.207 rest= 0.005
  [bmc-incr i=821 repr=1 active=942/176094 POs=1]
BMC : c =     940  cl =   4503  lit =  176093  p =     0  d =     0  f =     1  +  T =     0.02 sec
  [bmc-prof 821] wall=  17.489 p=     1 | ifo=  0.783(sd=0.198 nx=0.000 tfo=0.052 cnt=0.533) snap= 0.312 srm=  9.009 sat=  7.173(set=0.211 slv=6.959 max=6.9594 n=1) sim= 0.000(rmp=0.000 run=0.000) chk= 0.001 stat= 0.206 rest= 0.007
  [bmc-incr i=822 repr=1 active=941/176093 POs=1]
BMC : c =     939  cl =   4503  lit =  176092  p =     0  d =     0  f =     1  +  T =     0.02 sec
  [bmc-prof 822] wall=  17.354 p=     1 | ifo=  0.892(sd=0.202 nx=0.000 tfo=0.052 cnt=0.638) snap= 0.301 srm=  9.409 sat=  6.548(set=0.224 slv=6.322 max=6.3216 n=1) sim= 0.000(rmp=0.000 run=0.000) chk= 0.001 stat= 0.195 rest= 0.008
  [bmc-incr i=823 repr=1 active=940/176092 POs=1]
BMC : c =     938  cl =   4503  lit =  176091  p =     0  d =     0  f =     1  +  T =     0.02 sec
  [bmc-prof 823] wall=  17.049 p=     1 | ifo=  0.771(sd=0.203 nx=0.000 tfo=0.050 cnt=0.519) snap= 0.356 srm=  8.493 sat=  7.232(set=0.325 slv=6.905 max=6.9053 n=1) sim= 0.000(rmp=0.000 run=0.000) chk= 0.001 stat= 0.190 rest= 0.005
  [bmc-incr i=824 repr=1 active=939/176091 POs=1]
BMC : c =     937  cl =   4503  lit =  176090  p =     0  d =     0  f =     1  +  T =     0.02 sec
  [bmc-prof 824] wall=  17.806 p=     1 | ifo=  0.720(sd=0.181 nx=0.000 tfo=0.044 cnt=0.494) snap= 0.300 srm=  8.464 sat=  8.076(set=0.194 slv=7.879 max=7.8790 n=1) sim= 0.000(rmp=0.000 run=0.000) chk= 0.001 stat= 0.238 rest= 0.007
  [bmc-incr i=825 repr=1 active=938/176090 POs=1]
BMC : c =     936  cl =   4503  lit =  176089  p =     0  d =     0  f =     1  +  T =     0.02 sec
  [bmc-prof 825] wall=  17.372 p=     1 | ifo=  0.856(sd=0.215 nx=0.000 tfo=0.053 cnt=0.588) snap= 0.291 srm=  9.660 sat=  6.363(set=0.206 slv=6.154 max=6.1539 n=1) sim= 0.000(rmp=0.000 run=0.000) chk= 0.001 stat= 0.194 rest= 0.007
  [bmc-incr i=826 repr=1 active=937/176089 POs=1]
BMC : c =     935  cl =   4503  lit =  176088  p =     0  d =     0  f =     1  +  T =     0.02 sec
  [bmc-prof 826] wall=  18.293 p=     1 | ifo=  0.740(sd=0.185 nx=0.000 tfo=0.045 cnt=0.510) snap= 0.396 srm= 10.148 sat=  6.811(set=0.249 slv=6.560 max=6.5596 n=1) sim= 0.000(rmp=0.000 run=0.000) chk= 0.000 stat= 0.192 rest= 0.005
  [bmc-incr i=827 repr=1 active=936/176088 POs=1]
BMC : c =     934  cl =   4503  lit =  176087  p =     0  d =     0  f =     1  +  T =     0.02 sec
  [bmc-prof 827] wall=  18.858 p=     1 | ifo=  0.741(sd=0.185 nx=0.000 tfo=0.045 cnt=0.510) snap= 0.342 srm=  9.997 sat=  7.570(set=0.220 slv=7.348 max=7.3480 n=1) sim= 0.000(rmp=0.000 run=0.000) chk= 0.001 stat= 0.204 rest= 0.004
  [bmc-incr i=828 repr=1 active=935/176087 POs=1]
BMC : c =     933  cl =   4503  lit =  176086  p =     0  d =     0  f =     1  +  T =     0.02 sec
  [bmc-prof 828] wall=  16.458 p=     1 | ifo=  0.961(sd=0.321 nx=0.000 tfo=0.053 cnt=0.587) snap= 0.283 srm=  8.424 sat=  6.594(set=0.189 slv=6.403 max=6.4028 n=1) sim= 0.000(rmp=0.000 run=0.000) chk= 0.001 stat= 0.189 rest= 0.007
  [bmc-incr i=829 repr=1 active=934/176086 POs=1]
BMC : c =     932  cl =   4503  lit =  176085  p =     0  d =     0  f =     1  +  T =     0.02 sec
  [bmc-prof 829] wall=  17.094 p=     1 | ifo=  0.709(sd=0.179 nx=0.000 tfo=0.044 cnt=0.486) snap= 0.301 srm=  8.743 sat=  7.139(set=0.204 slv=6.933 max=6.9330 n=1) sim= 0.000(rmp=0.000 run=0.000) chk= 0.001 stat= 0.194 rest= 0.006
  [bmc-incr i=830 repr=1 active=933/176085 POs=1]
BMC : c =     931  cl =   4503  lit =  176084  p =     0  d =     0  f =     1  +  T =     0.02 sec
  [bmc-prof 830] wall=  16.780 p=     1 | ifo=  0.795(sd=0.203 nx=0.000 tfo=0.048 cnt=0.544) snap= 0.296 srm=  8.967 sat=  6.492(set=0.226 slv=6.264 max=6.2641 n=1) sim= 0.000(rmp=0.000 run=0.000) chk= 0.000 stat= 0.209 rest= 0.020
  [bmc-incr i=831 repr=1 active=932/176084 POs=1]
BMC : c =     930  cl =   4503  lit =  176083  p =     0  d =     0  f =     1  +  T =     0.02 sec
  [bmc-prof 831] wall=  16.315 p=     1 | ifo=  0.715(sd=0.190 nx=0.000 tfo=0.045 cnt=0.480) snap= 0.291 srm=  8.333 sat=  6.772(set=0.187 slv=6.582 max=6.5819 n=1) sim= 0.000(rmp=0.000 run=0.000) chk= 0.000 stat= 0.199 rest= 0.004
  [bmc-incr i=832 repr=1 active=931/176083 POs=1]
BMC : c =     929  cl =   4503  lit =  176082  p =     0  d =     0  f =     1  +  T =     0.02 sec
  [bmc-prof 832] wall=  17.549 p=     1 | ifo=  0.771(sd=0.196 nx=0.000 tfo=0.045 cnt=0.530) snap= 0.320 srm=  9.024 sat=  7.239(set=0.204 slv=7.033 max=7.0327 n=1) sim= 0.000(rmp=0.000 run=0.000) chk= 0.000 stat= 0.190 rest= 0.005
  [bmc-incr i=833 repr=1 active=930/176082 POs=1]
BMC : c =     928  cl =   4503  lit =  176081  p =     0  d =     0  f =     1  +  T =     0.02 sec
  [bmc-prof 833] wall=  16.533 p=     1 | ifo=  0.936(sd=0.325 nx=0.000 tfo=0.057 cnt=0.554) snap= 0.280 srm=  8.403 sat=  6.673(set=0.200 slv=6.470 max=6.4700 n=1) sim= 0.000(rmp=0.000 run=0.000) chk= 0.000 stat= 0.235 rest= 0.006
  [bmc-incr i=834 repr=1 active=929/176081 POs=1]
BMC : c =     927  cl =   4503  lit =  176080  p =     0  d =     0  f =     1  +  T =     0.02 sec
  [bmc-prof 834] wall=  16.382 p=     1 | ifo=  0.769(sd=0.206 nx=0.000 tfo=0.047 cnt=0.517) snap= 0.444 srm=  8.411 sat=  6.567(set=0.218 slv=6.346 max=6.3462 n=1) sim= 0.000(rmp=0.000 run=0.000) chk= 0.000 stat= 0.186 rest= 0.005
  [bmc-incr i=835 repr=1 active=928/176080 POs=1]
BMC : c =     926  cl =   4503  lit =  176079  p =     0  d =     0  f =     1  +  T =     0.02 sec
  [bmc-prof 835] wall=  18.345 p=     1 | ifo=  0.721(sd=0.182 nx=0.000 tfo=0.045 cnt=0.494) snap= 0.327 srm=  9.806 sat=  7.288(set=0.215 slv=7.071 max=7.0706 n=1) sim= 0.000(rmp=0.000 run=0.000) chk= 0.000 stat= 0.198 rest= 0.005
  [bmc-incr i=836 repr=1 active=927/176079 POs=1]
BMC : c =     925  cl =   4503  lit =  176078  p =     0  d =     0  f =     1  +  T =     0.02 sec
  [bmc-prof 836] wall=  17.508 p=     1 | ifo=  0.775(sd=0.193 nx=0.000 tfo=0.045 cnt=0.538) snap= 0.480 srm=  8.944 sat=  7.109(set=0.244 slv=6.862 max=6.8624 n=1) sim= 0.000(rmp=0.000 run=0.000) chk= 0.000 stat= 0.193 rest= 0.006
  [bmc-incr i=837 repr=1 active=926/176078 POs=1]
BMC : c =     924  cl =   4503  lit =  176077  p =     0  d =     0  f =     1  +  T =     0.02 sec
  [bmc-prof 837] wall=  16.159 p=     1 | ifo=  0.769(sd=0.185 nx=0.000 tfo=0.045 cnt=0.539) snap= 0.279 srm=  8.497 sat=  6.406(set=0.194 slv=6.210 max=6.2103 n=1) sim= 0.000(rmp=0.000 run=0.000) chk= 0.001 stat= 0.200 rest= 0.007
  [bmc-incr i=838 repr=1 active=925/176077 POs=1]
BMC : c =     923  cl =   4503  lit =  176076  p =     0  d =     0  f =     1  +  T =     0.02 sec
  [bmc-prof 838] wall=  16.536 p=     1 | ifo=  0.753(sd=0.199 nx=0.000 tfo=0.048 cnt=0.506) snap= 0.294 srm=  8.677 sat=  6.620(set=0.220 slv=6.398 max=6.3975 n=1) sim= 0.000(rmp=0.000 run=0.000) chk= 0.000 stat= 0.185 rest= 0.007
  [bmc-incr i=839 repr=1 active=924/176076 POs=1]
BMC : c =     922  cl =   4503  lit =  176075  p =     0  d =     0  f =     1  +  T =     0.02 sec
  [bmc-prof 839] wall=  17.286 p=     1 | ifo=  0.721(sd=0.185 nx=0.000 tfo=0.047 cnt=0.490) snap= 0.295 srm=  8.891 sat=  7.166(set=0.195 slv=6.969 max=6.9686 n=1) sim= 0.000(rmp=0.000 run=0.000) chk= 0.001 stat= 0.206 rest= 0.006
  [bmc-incr i=840 repr=1 active=923/176075 POs=1]
BMC : c =     921  cl =   4503  lit =  176074  p =     0  d =     0  f =     1  +  T =     0.02 sec
  [bmc-prof 840] wall=  18.250 p=     1 | ifo=  0.799(sd=0.201 nx=0.000 tfo=0.044 cnt=0.554) snap= 0.324 srm=  9.214 sat=  7.708(set=0.209 slv=7.497 max=7.4966 n=1) sim= 0.000(rmp=0.000 run=0.000) chk= 0.001 stat= 0.200 rest= 0.005
  [bmc-incr i=841 repr=1 active=922/176074 POs=1]
BMC : c =     920  cl =   4503  lit =  176073  p =     0  d =     0  f =     1  +  T =     0.02 sec
  [bmc-prof 841] wall=  17.901 p=     1 | ifo=  0.780(sd=0.195 nx=0.000 tfo=0.044 cnt=0.541) snap= 0.394 srm=  8.890 sat=  7.618(set=0.217 slv=7.398 max=7.3985 n=1) sim= 0.000(rmp=0.000 run=0.000) chk= 0.001 stat= 0.212 rest= 0.006
  [bmc-incr i=842 repr=1 active=921/176073 POs=1]
BMC : c =     919  cl =   4503  lit =  176072  p =     0  d =     0  f =     1  +  T =     0.02 sec
  [bmc-prof 842] wall=  17.644 p=     1 | ifo=  0.776(sd=0.196 nx=0.000 tfo=0.046 cnt=0.534) snap= 0.308 srm=  8.903 sat=  7.461(set=0.207 slv=7.251 max=7.2509 n=1) sim= 0.000(rmp=0.000 run=0.000) chk= 0.000 stat= 0.191 rest= 0.005
  [bmc-incr i=843 repr=1 active=920/176072 POs=1]
BMC : c =     918  cl =   4503  lit =  176071  p =     0  d =     0  f =     1  +  T =     0.02 sec
  [bmc-prof 843] wall=  16.364 p=     1 | ifo=  0.712(sd=0.179 nx=0.000 tfo=0.044 cnt=0.489) snap= 0.285 srm=  8.599 sat=  6.574(set=0.191 slv=6.380 max=6.3802 n=1) sim= 0.000(rmp=0.000 run=0.000) chk= 0.000 stat= 0.188 rest= 0.006
  [bmc-incr i=844 repr=1 active=919/176071 POs=1]
BMC : c =     917  cl =   4503  lit =  176070  p =     0  d =     0  f =     1  +  T =     0.02 sec
  [bmc-prof 844] wall=  19.153 p=     1 | ifo=  0.741(sd=0.186 nx=0.000 tfo=0.044 cnt=0.512) snap= 0.327 srm= 10.290 sat=  7.602(set=0.232 slv=7.367 max=7.3668 n=1) sim= 0.000(rmp=0.000 run=0.000) chk= 0.000 stat= 0.187 rest= 0.005
  [bmc-incr i=845 repr=1 active=918/176070 POs=1]
BMC : c =     916  cl =   4503  lit =  176069  p =     0  d =     0  f =     1  +  T =     0.02 sec
  [bmc-prof 845] wall=  17.533 p=     1 | ifo=  0.727(sd=0.188 nx=0.000 tfo=0.042 cnt=0.497) snap= 0.360 srm=  8.632 sat=  7.608(set=0.205 slv=7.401 max=7.4012 n=1) sim= 0.000(rmp=0.000 run=0.000) chk= 0.000 stat= 0.201 rest= 0.005
  [bmc-incr i=846 repr=1 active=917/176069 POs=1]
BMC : c =     915  cl =   4503  lit =  176068  p =     0  d =     0  f =     1  +  T =     0.02 sec
  [bmc-prof 846] wall=  19.071 p=     1 | ifo=  0.804(sd=0.213 nx=0.000 tfo=0.045 cnt=0.546) snap= 0.662 srm=  9.253 sat=  8.140(set=0.315 slv=7.823 max=7.8228 n=1) sim= 0.000(rmp=0.000 run=0.000) chk= 0.001 stat= 0.206 rest= 0.004
  [bmc-incr i=847 repr=1 active=916/176068 POs=1]
BMC : c =     914  cl =   4503  lit =  176067  p =     0  d =     0  f =     1  +  T =     0.02 sec
  [bmc-prof 847] wall=  18.019 p=     1 | ifo=  0.839(sd=0.196 nx=0.000 tfo=0.050 cnt=0.593) snap= 0.309 srm=  9.284 sat=  7.380(set=0.204 slv=7.174 max=7.1738 n=1) sim= 0.000(rmp=0.000 run=0.000) chk= 0.001 stat= 0.200 rest= 0.006
  [bmc-incr i=848 repr=1 active=915/176067 POs=1]
BMC : c =     913  cl =   4503  lit =  176066  p =     0  d =     0  f =     1  +  T =     0.02 sec
  [bmc-prof 848] wall=  18.572 p=     1 | ifo=  0.780(sd=0.195 nx=0.000 tfo=0.044 cnt=0.542) snap= 0.329 srm=  9.137 sat=  8.124(set=0.211 slv=7.909 max=7.9090 n=1) sim= 0.000(rmp=0.000 run=0.000) chk= 0.000 stat= 0.197 rest= 0.005
  [bmc-incr i=849 repr=1 active=914/176066 POs=1]
BMC : c =     912  cl =   4503  lit =  176065  p =     0  d =     0  f =     1  +  T =     0.02 sec
  [bmc-prof 849] wall=  16.705 p=     1 | ifo=  0.759(sd=0.198 nx=0.000 tfo=0.044 cnt=0.517) snap= 0.310 srm=  8.861 sat=  6.543(set=0.198 slv=6.342 max=6.3421 n=1) sim= 0.000(rmp=0.000 run=0.000) chk= 0.001 stat= 0.225 rest= 0.006
  [bmc-incr i=850 repr=1 active=913/176065 POs=1]
BMC : c =     911  cl =   4503  lit =  176064  p =     0  d =     0  f =     1  +  T =     0.02 sec
  [bmc-prof 850] wall=  16.372 p=     1 | ifo=  0.752(sd=0.198 nx=0.000 tfo=0.045 cnt=0.509) snap= 0.447 srm=  8.386 sat=  6.566(set=0.249 slv=6.314 max=6.3135 n=1) sim= 0.000(rmp=0.000 run=0.000) chk= 0.001 stat= 0.215 rest= 0.006
  [bmc-incr i=851 repr=1 active=912/176064 POs=1]
BMC : c =     910  cl =   4503  lit =  176063  p =     0  d =     0  f =     1  +  T =     0.02 sec
  [bmc-prof 851] wall=  17.964 p=     1 | ifo=  0.719(sd=0.183 nx=0.000 tfo=0.045 cnt=0.491) snap= 0.299 srm=  9.823 sat=  6.915(set=0.219 slv=6.693 max=6.6926 n=1) sim= 0.000(rmp=0.000 run=0.000) chk= 0.001 stat= 0.200 rest= 0.006
  [bmc-incr i=852 repr=1 active=911/176063 POs=1]
BMC : c =     909  cl =   4503  lit =  176062  p =     0  d =     0  f =     1  +  T =     0.02 sec
  [bmc-prof 852] wall=  18.964 p=     1 | ifo=  0.760(sd=0.184 nx=0.000 tfo=0.047 cnt=0.530) snap= 0.313 srm= 10.122 sat=  7.562(set=0.222 slv=7.337 max=7.3367 n=1) sim= 0.000(rmp=0.000 run=0.000) chk= 0.000 stat= 0.201 rest= 0.005
  [bmc-incr i=853 repr=1 active=910/176062 POs=1]
BMC : c =     908  cl =   4503  lit =  176061  p =     0  d =     0  f =     1  +  T =     0.02 sec
  [bmc-prof 853] wall=  18.726 p=     1 | ifo=  0.751(sd=0.195 nx=0.000 tfo=0.045 cnt=0.511) snap= 0.341 srm= 10.362 sat=  7.063(set=0.224 slv=6.836 max=6.8355 n=1) sim= 0.000(rmp=0.000 run=0.000) chk= 0.001 stat= 0.203 rest= 0.006
  [bmc-incr i=854 repr=1 active=909/176061 POs=1]
BMC : c =     907  cl =   4503  lit =  176060  p =     0  d =     0  f =     1  +  T =     0.02 sec
  [bmc-prof 854] wall=  17.572 p=     1 | ifo=  0.772(sd=0.198 nx=0.000 tfo=0.043 cnt=0.531) snap= 0.308 srm=  9.208 sat=  7.083(set=0.208 slv=6.872 max=6.8724 n=1) sim= 0.000(rmp=0.000 run=0.000) chk= 0.000 stat= 0.196 rest= 0.005
  [bmc-incr i=855 repr=1 active=908/176060 POs=1]
BMC : c =     906  cl =   4503  lit =  176059  p =     0  d =     0  f =     1  +  T =     0.02 sec
  [bmc-prof 855] wall=  18.211 p=     1 | ifo=  0.786(sd=0.195 nx=0.000 tfo=0.046 cnt=0.546) snap= 0.321 srm=  9.615 sat=  7.232(set=0.236 slv=6.994 max=6.9936 n=1) sim= 0.000(rmp=0.000 run=0.000) chk= 0.001 stat= 0.216 rest= 0.040
  [bmc-incr i=856 repr=1 active=907/176059 POs=1]
BMC : c =     905  cl =   4503  lit =  176058  p =     0  d =     0  f =     1  +  T =     0.02 sec
  [bmc-prof 856] wall=  18.599 p=     1 | ifo=  1.129(sd=0.523 nx=0.000 tfo=0.051 cnt=0.555) snap= 0.381 srm=  9.283 sat=  7.593(set=0.208 slv=7.382 max=7.3819 n=1) sim= 0.000(rmp=0.000 run=0.000) chk= 0.001 stat= 0.207 rest= 0.006
  [bmc-incr i=857 repr=1 active=906/176058 POs=1]
BMC : c =     904  cl =   4503  lit =  176057  p =     0  d =     0  f =     1  +  T =     0.02 sec
  [bmc-prof 857] wall=  18.211 p=     1 | ifo=  0.801(sd=0.187 nx=0.000 tfo=0.046 cnt=0.568) snap= 0.318 srm=  9.135 sat=  7.621(set=0.242 slv=7.374 max=7.3738 n=1) sim= 0.000(rmp=0.000 run=0.000) chk= 0.001 stat= 0.325 rest= 0.010
  [bmc-incr i=858 repr=1 active=905/176057 POs=1]
BMC : c =     903  cl =   4503  lit =  176056  p =     0  d =     0  f =     1  +  T =     0.02 sec
  [bmc-prof 858] wall=  17.986 p=     1 | ifo=  0.929(sd=0.288 nx=0.000 tfo=0.049 cnt=0.592) snap= 0.309 srm=  9.330 sat=  7.211(set=0.233 slv=6.976 max=6.9761 n=1) sim= 0.000(rmp=0.000 run=0.000) chk= 0.001 stat= 0.200 rest= 0.008
  [bmc-incr i=859 repr=1 active=904/176056 POs=1]
BMC : c =     902  cl =   4503  lit =  176055  p =     0  d =     0  f =     1  +  T =     0.02 sec
  [bmc-prof 859] wall=  18.021 p=     1 | ifo=  0.792(sd=0.207 nx=0.000 tfo=0.044 cnt=0.540) snap= 0.329 srm=  9.391 sat=  7.248(set=0.218 slv=7.027 max=7.0269 n=1) sim= 0.000(rmp=0.000 run=0.000) chk= 0.000 stat= 0.256 rest= 0.004
  [bmc-incr i=860 repr=1 active=903/176055 POs=1]
BMC : c =     901  cl =   4503  lit =  176054  p =     0  d =     0  f =     1  +  T =     0.02 sec
  [bmc-prof 860] wall=  17.676 p=     1 | ifo=  0.889(sd=0.257 nx=0.000 tfo=0.055 cnt=0.577) snap= 0.326 srm=  9.032 sat=  7.210(set=0.215 slv=6.991 max=6.9915 n=1) sim= 0.000(rmp=0.000 run=0.000) chk= 0.001 stat= 0.212 rest= 0.006
  [bmc-incr i=861 repr=1 active=902/176054 POs=1]
BMC : c =     900  cl =   4503  lit =  176053  p =     0  d =     0  f =     1  +  T =     0.02 sec
  [bmc-prof 861] wall=  17.054 p=     1 | ifo=  0.789(sd=0.200 nx=0.000 tfo=0.045 cnt=0.544) snap= 0.319 srm=  8.967 sat=  6.779(set=0.202 slv=6.575 max=6.5751 n=1) sim= 0.000(rmp=0.000 run=0.000) chk= 0.000 stat= 0.194 rest= 0.005
  [bmc-incr i=862 repr=1 active=901/176053 POs=1]
BMC : c =     899  cl =   4503  lit =  176052  p =     0  d =     0  f =     1  +  T =     0.02 sec
  [bmc-prof 862] wall=  15.962 p=     1 | ifo=  0.717(sd=0.182 nx=0.000 tfo=0.040 cnt=0.495) snap= 0.299 srm=  8.233 sat=  6.521(set=0.191 slv=6.328 max=6.3278 n=1) sim= 0.000(rmp=0.000 run=0.000) chk= 0.000 stat= 0.187 rest= 0.005
  [bmc-incr i=863 repr=1 active=900/176052 POs=1]
BMC : c =     898  cl =   4503  lit =  176051  p =     0  d =     0  f =     1  +  T =     0.02 sec
  [bmc-prof 863] wall=  16.151 p=     1 | ifo=  0.737(sd=0.179 nx=0.000 tfo=0.043 cnt=0.516) snap= 0.310 srm=  8.572 sat=  6.314(set=0.196 slv=6.115 max=6.1151 n=1) sim= 0.000(rmp=0.000 run=0.000) chk= 0.001 stat= 0.212 rest= 0.005
  [bmc-incr i=864 repr=1 active=899/176051 POs=1]
BMC : c =     897  cl =   4503  lit =  176050  p =     0  d =     0  f =     1  +  T =     0.02 sec
  [bmc-prof 864] wall=  16.538 p=     1 | ifo=  0.853(sd=0.199 nx=0.000 tfo=0.061 cnt=0.594) snap= 0.304 srm=  8.569 sat=  6.602(set=0.197 slv=6.403 max=6.4026 n=1) sim= 0.000(rmp=0.000 run=0.000) chk= 0.000 stat= 0.204 rest= 0.006
  [bmc-incr i=865 repr=1 active=898/176050 POs=1]
BMC : c =     896  cl =   4503  lit =  176049  p =     0  d =     0  f =     1  +  T =     0.02 sec
  [bmc-prof 865] wall=  15.947 p=     1 | ifo=  0.708(sd=0.183 nx=0.000 tfo=0.044 cnt=0.481) snap= 0.325 srm=  8.459 sat=  6.255(set=0.190 slv=6.062 max=6.0621 n=1) sim= 0.000(rmp=0.000 run=0.000) chk= 0.000 stat= 0.193 rest= 0.007
  [bmc-incr i=866 repr=1 active=897/176049 POs=1]
BMC : c =     895  cl =   4503  lit =  176048  p =     0  d =     0  f =     1  +  T =     0.02 sec
  [bmc-prof 866] wall=  16.806 p=     1 | ifo=  0.734(sd=0.184 nx=0.000 tfo=0.048 cnt=0.502) snap= 0.288 srm=  8.789 sat=  6.783(set=0.189 slv=6.591 max=6.5910 n=1) sim= 0.000(rmp=0.000 run=0.000) chk= 0.001 stat= 0.204 rest= 0.008
  [bmc-incr i=867 repr=1 active=896/176048 POs=1]
BMC : c =     894  cl =   4503  lit =  176047  p =     0  d =     0  f =     1  +  T =     0.02 sec
  [bmc-prof 867] wall=  17.650 p=     1 | ifo=  0.918(sd=0.189 nx=0.000 tfo=0.045 cnt=0.684) snap= 0.293 srm=  9.180 sat=  7.058(set=0.201 slv=6.854 max=6.8540 n=1) sim= 0.000(rmp=0.000 run=0.000) chk= 0.000 stat= 0.194 rest= 0.006
  [bmc-incr i=868 repr=1 active=895/176047 POs=1]
BMC : c =     893  cl =   4503  lit =  176046  p =     0  d =     0  f =     1  +  T =     0.02 sec
  [bmc-prof 868] wall=  17.942 p=     1 | ifo=  0.753(sd=0.199 nx=0.000 tfo=0.046 cnt=0.508) snap= 0.320 srm=  9.933 sat=  6.732(set=0.219 slv=6.510 max=6.5101 n=1) sim= 0.000(rmp=0.000 run=0.000) chk= 0.000 stat= 0.195 rest= 0.009
  [bmc-incr i=869 repr=1 active=894/176046 POs=1]
BMC : c =     892  cl =   4503  lit =  176045  p =     0  d =     0  f =     1  +  T =     0.02 sec
  [bmc-prof 869] wall=  16.959 p=     1 | ifo=  0.735(sd=0.192 nx=0.000 tfo=0.047 cnt=0.496) snap= 0.285 srm=  8.584 sat=  7.148(set=0.197 slv=6.948 max=6.9480 n=1) sim= 0.000(rmp=0.000 run=0.000) chk= 0.001 stat= 0.200 rest= 0.006
  [bmc-incr i=870 repr=1 active=893/176045 POs=1]
BMC : c =     891  cl =   4503  lit =  176044  p =     0  d =     0  f =     1  +  T =     0.02 sec
  [bmc-prof 870] wall=  17.850 p=     1 | ifo=  0.787(sd=0.194 nx=0.000 tfo=0.049 cnt=0.545) snap= 0.342 srm=  9.357 sat=  7.161(set=0.209 slv=6.950 max=6.9497 n=1) sim= 0.000(rmp=0.000 run=0.000) chk= 0.001 stat= 0.196 rest= 0.005
  [bmc-incr i=871 repr=1 active=892/176044 POs=1]
BMC : c =     890  cl =   4503  lit =  176043  p =     0  d =     0  f =     1  +  T =     0.02 sec
  [bmc-prof 871] wall=  18.263 p=     1 | ifo=  0.805(sd=0.191 nx=0.000 tfo=0.041 cnt=0.573) snap= 0.324 srm=  9.414 sat=  7.498(set=0.340 slv=7.154 max=7.1540 n=1) sim= 0.000(rmp=0.000 run=0.000) chk= 0.000 stat= 0.215 rest= 0.006
  [bmc-incr i=872 repr=1 active=891/176043 POs=1]
BMC : c =     889  cl =   4503  lit =  176042  p =     0  d =     0  f =     1  +  T =     0.02 sec
  [bmc-prof 872] wall=  16.974 p=     1 | ifo=  0.747(sd=0.185 nx=0.000 tfo=0.044 cnt=0.518) snap= 0.291 srm=  9.272 sat=  6.463(set=0.217 slv=6.243 max=6.2433 n=1) sim= 0.000(rmp=0.000 run=0.000) chk= 0.001 stat= 0.193 rest= 0.007
  [bmc-incr i=873 repr=1 active=890/176042 POs=1]
BMC : c =     888  cl =   4503  lit =  176041  p =     0  d =     0  f =     1  +  T =     0.02 sec
  [bmc-prof 873] wall=  17.835 p=     1 | ifo=  0.760(sd=0.205 nx=0.000 tfo=0.045 cnt=0.510) snap= 0.284 srm=  8.838 sat=  7.743(set=0.193 slv=7.548 max=7.5479 n=1) sim= 0.000(rmp=0.000 run=0.000) chk= 0.001 stat= 0.204 rest= 0.007
  [bmc-incr i=874 repr=1 active=889/176041 POs=1]
BMC : c =     887  cl =   4503  lit =  176040  p =     0  d =     0  f =     1  +  T =     0.02 sec
  [bmc-prof 874] wall=  17.929 p=     1 | ifo=  0.744(sd=0.186 nx=0.000 tfo=0.042 cnt=0.515) snap= 0.325 srm=  9.637 sat=  6.674(set=0.226 slv=6.446 max=6.4457 n=1) sim= 0.000(rmp=0.000 run=0.000) chk= 0.000 stat= 0.543 rest= 0.006
  [bmc-incr i=875 repr=1 active=888/176040 POs=1]
BMC : c =     886  cl =   4503  lit =  176039  p =     0  d =     0  f =     1  +  T =     0.02 sec
  [bmc-prof 875] wall=  17.909 p=     1 | ifo=  0.807(sd=0.227 nx=0.000 tfo=0.050 cnt=0.530) snap= 0.301 srm=  8.281 sat=  8.299(set=0.243 slv=8.053 max=8.0533 n=1) sim= 0.000(rmp=0.000 run=0.000) chk= 0.000 stat= 0.212 rest= 0.008
  [bmc-incr i=876 repr=1 active=887/176039 POs=1]
BMC : c =     885  cl =   4503  lit =  176038  p =     0  d =     0  f =     1  +  T =     0.02 sec
  [bmc-prof 876] wall=  17.545 p=     1 | ifo=  0.811(sd=0.204 nx=0.000 tfo=0.045 cnt=0.563) snap= 0.318 srm=  9.430 sat=  6.780(set=0.209 slv=6.569 max=6.5689 n=1) sim= 0.000(rmp=0.000 run=0.000) chk= 0.001 stat= 0.199 rest= 0.007
  [bmc-incr i=877 repr=1 active=886/176038 POs=1]
BMC : c =     884  cl =   4503  lit =  176037  p =     0  d =     0  f =     1  +  T =     0.02 sec
  [bmc-prof 877] wall=  17.239 p=     1 | ifo=  0.768(sd=0.195 nx=0.000 tfo=0.041 cnt=0.533) snap= 0.305 srm=  9.368 sat=  6.599(set=0.218 slv=6.379 max=6.3792 n=1) sim= 0.000(rmp=0.000 run=0.000) chk= 0.001 stat= 0.191 rest= 0.007
  [bmc-incr i=878 repr=1 active=885/176037 POs=1]
BMC : c =     883  cl =   4503  lit =  176036  p =     0  d =     0  f =     1  +  T =     0.02 sec
  [bmc-prof 878] wall=  17.494 p=     1 | ifo=  0.792(sd=0.182 nx=0.000 tfo=0.044 cnt=0.566) snap= 0.295 srm=  9.124 sat=  7.076(set=0.206 slv=6.868 max=6.8676 n=1) sim= 0.000(rmp=0.000 run=0.000) chk= 0.001 stat= 0.200 rest= 0.007
  [bmc-incr i=879 repr=1 active=884/176036 POs=1]
BMC : c =     882  cl =   4503  lit =  176035  p =     0  d =     0  f =     1  +  T =     0.02 sec
  [bmc-prof 879] wall=  17.788 p=     1 | ifo=  0.762(sd=0.195 nx=0.000 tfo=0.045 cnt=0.522) snap= 0.388 srm=  9.274 sat=  7.158(set=0.251 slv=6.904 max=6.9038 n=1) sim= 0.000(rmp=0.000 run=0.000) chk= 0.000 stat= 0.199 rest= 0.006
  [bmc-incr i=880 repr=1 active=883/176035 POs=1]
BMC : c =     881  cl =   4503  lit =  176034  p =     0  d =     0  f =     1  +  T =     0.02 sec
  [bmc-prof 880] wall=  17.254 p=     1 | ifo=  0.734(sd=0.182 nx=0.000 tfo=0.053 cnt=0.499) snap= 0.287 srm=  8.783 sat=  7.256(set=0.206 slv=7.048 max=7.0479 n=1) sim= 0.000(rmp=0.000 run=0.000) chk= 0.001 stat= 0.187 rest= 0.005
  [bmc-incr i=881 repr=1 active=882/176034 POs=1]
BMC : c =     880  cl =   4503  lit =  176033  p =     0  d =     0  f =     1  +  T =     0.02 sec
  [bmc-prof 881] wall=  17.334 p=     1 | ifo=  0.696(sd=0.175 nx=0.000 tfo=0.044 cnt=0.478) snap= 0.297 srm=  8.409 sat=  7.686(set=0.194 slv=7.489 max=7.4893 n=1) sim= 0.000(rmp=0.000 run=0.000) chk= 0.001 stat= 0.240 rest= 0.006
  [bmc-incr i=882 repr=1 active=881/176033 POs=1]
BMC : c =     879  cl =   4503  lit =  176032  p =     0  d =     0  f =     1  +  T =     0.02 sec
  [bmc-prof 882] wall=  18.162 p=     1 | ifo=  0.787(sd=0.200 nx=0.000 tfo=0.043 cnt=0.544) snap= 0.321 srm=  9.161 sat=  7.687(set=0.221 slv=7.462 max=7.4625 n=1) sim= 0.000(rmp=0.000 run=0.000) chk= 0.000 stat= 0.200 rest= 0.005
  [bmc-incr i=883 repr=1 active=880/176032 POs=1]
BMC : c =     878  cl =   4503  lit =  176031  p =     0  d =     0  f =     1  +  T =     0.02 sec
  [bmc-prof 883] wall=  18.197 p=     1 | ifo=  0.787(sd=0.196 nx=0.000 tfo=0.043 cnt=0.548) snap= 0.494 srm=  9.439 sat=  7.270(set=0.259 slv=7.008 max=7.0083 n=1) sim= 0.000(rmp=0.000 run=0.000) chk= 0.001 stat= 0.201 rest= 0.005
  [bmc-incr i=884 repr=1 active=879/176031 POs=1]
BMC : c =     877  cl =   4503  lit =  176030  p =     0  d =     0  f =     1  +  T =     0.02 sec
  [bmc-prof 884] wall=  17.837 p=     1 | ifo=  0.803(sd=0.194 nx=0.000 tfo=0.045 cnt=0.565) snap= 0.286 srm=  9.235 sat=  7.324(set=0.388 slv=6.934 max=6.9342 n=1) sim= 0.000(rmp=0.000 run=0.000) chk= 0.000 stat= 0.184 rest= 0.005
  [bmc-incr i=885 repr=1 active=878/176030 POs=1]
BMC : c =     876  cl =   4503  lit =  176029  p =     0  d =     0  f =     1  +  T =     0.02 sec
  [bmc-prof 885] wall=  17.360 p=     1 | ifo=  0.715(sd=0.182 nx=0.000 tfo=0.044 cnt=0.489) snap= 0.292 srm=  8.856 sat=  7.297(set=0.194 slv=7.101 max=7.1007 n=1) sim= 0.000(rmp=0.000 run=0.000) chk= 0.000 stat= 0.195 rest= 0.006
  [bmc-incr i=886 repr=1 active=877/176029 POs=1]
BMC : c =     875  cl =   4503  lit =  176028  p =     0  d =     0  f =     1  +  T =     0.02 sec
  [bmc-prof 886] wall=  19.345 p=     1 | ifo=  0.753(sd=0.190 nx=0.000 tfo=0.043 cnt=0.520) snap= 0.340 srm= 10.194 sat=  7.855(set=0.219 slv=7.634 max=7.6339 n=1) sim= 0.000(rmp=0.000 run=0.000) chk= 0.000 stat= 0.197 rest= 0.005
  [bmc-incr i=887 repr=1 active=876/176028 POs=1]
BMC : c =     874  cl =   4503  lit =  176027  p =     0  d =     0  f =     1  +  T =     0.02 sec
  [bmc-prof 887] wall=  17.972 p=     1 | ifo=  0.763(sd=0.194 nx=0.000 tfo=0.042 cnt=0.527) snap= 0.327 srm=  9.476 sat=  7.139(set=0.207 slv=6.928 max=6.9278 n=1) sim= 0.000(rmp=0.000 run=0.000) chk= 0.000 stat= 0.260 rest= 0.006
  [bmc-incr i=888 repr=1 active=875/176027 POs=1]
BMC : c =     873  cl =   4503  lit =  176026  p =     0  d =     0  f =     1  +  T =     0.02 sec
  [bmc-prof 888] wall=  16.287 p=     1 | ifo=  0.720(sd=0.180 nx=0.000 tfo=0.043 cnt=0.496) snap= 0.292 srm=  8.569 sat=  6.500(set=0.262 slv=6.236 max=6.2364 n=1) sim= 0.000(rmp=0.000 run=0.000) chk= 0.001 stat= 0.200 rest= 0.005
  [bmc-incr i=889 repr=1 active=874/176026 POs=1]
BMC : c =     872  cl =   4503  lit =  176025  p =     0  d =     0  f =     1  +  T =     0.02 sec
  [bmc-prof 889] wall=  16.696 p=     1 | ifo=  0.740(sd=0.200 nx=0.000 tfo=0.046 cnt=0.494) snap= 0.306 srm=  8.426 sat=  7.034(set=0.200 slv=6.831 max=6.8307 n=1) sim= 0.000(rmp=0.000 run=0.000) chk= 0.000 stat= 0.185 rest= 0.004
  [bmc-incr i=890 repr=1 active=873/176025 POs=1]
BMC : c =     871  cl =   4503  lit =  176024  p =     0  d =     0  f =     1  +  T =     0.02 sec
  [bmc-prof 890] wall=  17.346 p=     1 | ifo=  0.725(sd=0.194 nx=0.000 tfo=0.042 cnt=0.489) snap= 0.307 srm=  8.542 sat=  7.513(set=0.215 slv=7.293 max=7.2934 n=1) sim= 0.000(rmp=0.000 run=0.000) chk= 0.000 stat= 0.254 rest= 0.005
  [bmc-incr i=891 repr=1 active=872/176024 POs=1]
BMC : c =     870  cl =   4503  lit =  176023  p =     0  d =     0  f =     1  +  T =     0.02 sec
  [bmc-prof 891] wall=  17.883 p=     1 | ifo=  0.831(sd=0.234 nx=0.000 tfo=0.048 cnt=0.550) snap= 0.304 srm=  8.649 sat=  7.742(set=0.217 slv=7.522 max=7.5224 n=1) sim= 0.000(rmp=0.000 run=0.000) chk= 0.001 stat= 0.352 rest= 0.006
  [bmc-incr i=892 repr=1 active=871/176023 POs=1]
BMC : c =     869  cl =   4503  lit =  176022  p =     0  d =     0  f =     1  +  T =     0.02 sec
  [bmc-prof 892] wall=  16.981 p=     1 | ifo=  0.752(sd=0.191 nx=0.000 tfo=0.042 cnt=0.519) snap= 0.315 srm=  8.645 sat=  7.033(set=0.324 slv=6.708 max=6.7075 n=1) sim= 0.000(rmp=0.000 run=0.000) chk= 0.001 stat= 0.198 rest= 0.038
  [bmc-incr i=893 repr=1 active=870/176022 POs=1]
BMC : c =     868  cl =   4503  lit =  176021  p =     0  d =     0  f =     1  +  T =     0.02 sec
  [bmc-prof 893] wall=  18.268 p=     1 | ifo=  0.780(sd=0.193 nx=0.000 tfo=0.046 cnt=0.541) snap= 0.322 srm=  9.959 sat=  7.003(set=0.260 slv=6.739 max=6.7388 n=1) sim= 0.000(rmp=0.000 run=0.000) chk= 0.001 stat= 0.198 rest= 0.006
  [bmc-incr i=894 repr=1 active=869/176021 POs=1]
BMC : c =     867  cl =   4503  lit =  176020  p =     0  d =     0  f =     1  +  T =     0.02 sec
  [bmc-prof 894] wall=  16.441 p=     1 | ifo=  0.728(sd=0.182 nx=0.000 tfo=0.044 cnt=0.502) snap= 0.319 srm=  8.389 sat=  6.717(set=0.204 slv=6.509 max=6.5095 n=1) sim= 0.000(rmp=0.000 run=0.000) chk= 0.000 stat= 0.281 rest= 0.005
  [bmc-incr i=895 repr=1 active=868/176020 POs=1]
BMC : c =     866  cl =   4503  lit =  176019  p =     0  d =     0  f =     1  +  T =     0.02 sec
  [bmc-prof 895] wall=  17.210 p=     1 | ifo=  0.707(sd=0.181 nx=0.000 tfo=0.044 cnt=0.482) snap= 0.373 srm=  8.625 sat=  7.266(set=0.242 slv=7.020 max=7.0201 n=1) sim= 0.000(rmp=0.000 run=0.000) chk= 0.000 stat= 0.233 rest= 0.006
  [bmc-incr i=896 repr=1 active=867/176019 POs=1]
BMC : c =     865  cl =   4503  lit =  176018  p =     0  d =     0  f =     1  +  T =     0.02 sec
  [bmc-prof 896] wall=  18.347 p=     1 | ifo=  0.735(sd=0.193 nx=0.000 tfo=0.047 cnt=0.495) snap= 0.299 srm=  8.519 sat=  8.583(set=0.201 slv=8.379 max=8.3789 n=1) sim= 0.000(rmp=0.000 run=0.000) chk= 0.001 stat= 0.206 rest= 0.005
  [bmc-incr i=897 repr=1 active=866/176018 POs=1]
BMC : c =     864  cl =   4503  lit =  176017  p =     0  d =     0  f =     1  +  T =     0.02 sec
  [bmc-prof 897] wall=  17.034 p=     1 | ifo=  0.767(sd=0.201 nx=0.000 tfo=0.044 cnt=0.521) snap= 0.312 srm=  8.827 sat=  6.926(set=0.204 slv=6.718 max=6.7183 n=1) sim= 0.000(rmp=0.000 run=0.000) chk= 0.000 stat= 0.196 rest= 0.005
  [bmc-incr i=898 repr=1 active=865/176017 POs=1]
BMC : c =     863  cl =   4503  lit =  176016  p =     0  d =     0  f =     1  +  T =     0.02 sec
  [bmc-prof 898] wall=  19.357 p=     1 | ifo=  0.713(sd=0.186 nx=0.000 tfo=0.042 cnt=0.486) snap= 0.290 srm=  9.219 sat=  8.920(set=0.204 slv=8.712 max=8.7123 n=1) sim= 0.000(rmp=0.000 run=0.000) chk= 0.000 stat= 0.210 rest= 0.006
  [bmc-incr i=899 repr=1 active=864/176016 POs=1]
BMC : c =     862  cl =   4503  lit =  176015  p =     0  d =     0  f =     1  +  T =     0.02 sec
  [bmc-prof 899] wall=  17.558 p=     1 | ifo=  0.771(sd=0.198 nx=0.000 tfo=0.041 cnt=0.532) snap= 0.306 srm=  8.908 sat=  7.312(set=0.202 slv=7.107 max=7.1066 n=1) sim= 0.000(rmp=0.000 run=0.000) chk= 0.000 stat= 0.257 rest= 0.004
  [bmc-incr i=900 repr=1 active=863/176015 POs=1]
BMC : c =     861  cl =   4503  lit =  176014  p =     0  d =     0  f =     1  +  T =     0.02 sec
  [bmc-prof 900] wall=  18.586 p=     1 | ifo=  0.849(sd=0.238 nx=0.000 tfo=0.066 cnt=0.545) snap= 0.315 srm=  8.869 sat=  8.230(set=0.206 slv=8.019 max=8.0192 n=1) sim= 0.000(rmp=0.000 run=0.000) chk= 0.001 stat= 0.317 rest= 0.005
  [bmc-incr i=901 repr=1 active=862/176014 POs=1]
BMC : c =     860  cl =   4503  lit =  176013  p =     0  d =     0  f =     1  +  T =     0.02 sec
  [bmc-prof 901] wall=  18.358 p=     1 | ifo=  1.007(sd=0.350 nx=0.000 tfo=0.051 cnt=0.606) snap= 0.389 srm=  9.432 sat=  7.325(set=0.257 slv=7.066 max=7.0656 n=1) sim= 0.000(rmp=0.000 run=0.000) chk= 0.000 stat= 0.198 rest= 0.005
  [bmc-incr i=902 repr=1 active=861/176013 POs=1]
BMC : c =     859  cl =   4503  lit =  176012  p =     0  d =     0  f =     1  +  T =     0.02 sec
  [bmc-prof 902] wall=  18.103 p=     1 | ifo=  0.760(sd=0.192 nx=0.000 tfo=0.041 cnt=0.526) snap= 0.307 srm=  9.152 sat=  7.678(set=0.217 slv=7.457 max=7.4573 n=1) sim= 0.000(rmp=0.000 run=0.000) chk= 0.000 stat= 0.200 rest= 0.005
  [bmc-incr i=903 repr=1 active=860/176012 POs=1]
BMC : c =     858  cl =   4503  lit =  176011  p =     0  d =     0  f =     1  +  T =     0.02 sec
  [bmc-prof 903] wall=  18.516 p=     1 | ifo=  0.770(sd=0.193 nx=0.000 tfo=0.042 cnt=0.535) snap= 0.313 srm=  8.955 sat=  8.266(set=0.211 slv=8.052 max=8.0517 n=1) sim= 0.000(rmp=0.000 run=0.000) chk= 0.001 stat= 0.207 rest= 0.005
  [bmc-incr i=904 repr=1 active=859/176011 POs=1]
BMC : c =     857  cl =   4503  lit =  176010  p =     0  d =     0  f =     1  +  T =     0.02 sec
  [bmc-prof 904] wall=  17.711 p=     1 | ifo=  0.869(sd=0.202 nx=0.000 tfo=0.044 cnt=0.623) snap= 0.322 srm=  9.148 sat=  7.109(set=0.224 slv=6.882 max=6.8821 n=1) sim= 0.000(rmp=0.000 run=0.000) chk= 0.000 stat= 0.256 rest= 0.006
  [bmc-incr i=905 repr=1 active=858/176010 POs=1]
BMC : c =     856  cl =   4503  lit =  176009  p =     0  d =     0  f =     1  +  T =     0.02 sec
  [bmc-prof 905] wall=  17.875 p=     1 | ifo=  0.829(sd=0.242 nx=0.000 tfo=0.050 cnt=0.537) snap= 0.340 srm=  8.902 sat=  7.521(set=0.206 slv=7.310 max=7.3103 n=1) sim= 0.000(rmp=0.000 run=0.000) chk= 0.001 stat= 0.276 rest= 0.005
  [bmc-incr i=906 repr=1 active=857/176009 POs=1]
BMC : c =     855  cl =   4503  lit =  176008  p =     0  d =     0  f =     1  +  T =     0.02 sec
  [bmc-prof 906] wall=  17.988 p=     1 | ifo=  0.837(sd=0.240 nx=0.000 tfo=0.052 cnt=0.545) snap= 0.297 srm=  9.498 sat=  6.878(set=0.242 slv=6.632 max=6.6324 n=1) sim= 0.000(rmp=0.000 run=0.000) chk= 0.000 stat= 0.470 rest= 0.007
  [bmc-incr i=907 repr=1 active=856/176008 POs=1]
BMC : c =     854  cl =   4503  lit =  176007  p =     0  d =     0  f =     1  +  T =     0.02 sec
  [bmc-prof 907] wall=  18.150 p=     1 | ifo=  0.813(sd=0.230 nx=0.000 tfo=0.049 cnt=0.535) snap= 0.319 srm=  9.482 sat=  7.322(set=0.229 slv=7.089 max=7.0893 n=1) sim= 0.000(rmp=0.000 run=0.000) chk= 0.000 stat= 0.207 rest= 0.007
  [bmc-incr i=908 repr=1 active=855/176007 POs=1]
BMC : c =     853  cl =   4503  lit =  176006  p =     0  d =     0  f =     1  +  T =     0.02 sec
  [bmc-prof 908] wall=  18.130 p=     1 | ifo=  0.786(sd=0.199 nx=0.000 tfo=0.042 cnt=0.546) snap= 0.447 srm=  9.585 sat=  7.115(set=0.246 slv=6.867 max=6.8670 n=1) sim= 0.000(rmp=0.000 run=0.000) chk= 0.000 stat= 0.191 rest= 0.005
  [bmc-incr i=909 repr=1 active=854/176006 POs=1]
BMC : c =     852  cl =   4503  lit =  176005  p =     0  d =     0  f =     1  +  T =     0.02 sec
  [bmc-prof 909] wall=  16.433 p=     1 | ifo=  0.702(sd=0.178 nx=0.000 tfo=0.043 cnt=0.482) snap= 0.293 srm=  8.300 sat=  6.877(set=0.215 slv=6.657 max=6.6575 n=1) sim= 0.000(rmp=0.000 run=0.000) chk= 0.000 stat= 0.250 rest= 0.010
  [bmc-incr i=910 repr=1 active=853/176005 POs=1]
BMC : c =     851  cl =   4503  lit =  176004  p =     0  d =     0  f =     1  +  T =     0.02 sec
  [bmc-prof 910] wall=  17.041 p=     1 | ifo=  0.779(sd=0.214 nx=0.000 tfo=0.047 cnt=0.518) snap= 0.343 srm=  8.724 sat=  7.003(set=0.214 slv=6.787 max=6.7868 n=1) sim= 0.000(rmp=0.000 run=0.000) chk= 0.001 stat= 0.185 rest= 0.005
  [bmc-incr i=911 repr=1 active=852/176004 POs=1]
BMC : c =     850  cl =   4503  lit =  176003  p =     0  d =     0  f =     1  +  T =     0.02 sec
  [bmc-prof 911] wall=  16.957 p=     1 | ifo=  0.698(sd=0.178 nx=0.000 tfo=0.040 cnt=0.480) snap= 0.287 srm=  8.361 sat=  7.420(set=0.194 slv=7.223 max=7.2227 n=1) sim= 0.000(rmp=0.000 run=0.000) chk= 0.001 stat= 0.186 rest= 0.004
  [bmc-incr i=912 repr=1 active=851/176003 POs=1]
BMC : c =     849  cl =   4503  lit =  176002  p =     0  d =     0  f =     1  +  T =     0.02 sec
  [bmc-prof 912] wall=  19.557 p=     1 | ifo=  0.715(sd=0.192 nx=0.000 tfo=0.040 cnt=0.483) snap= 0.351 srm= 10.316 sat=  7.885(set=0.240 slv=7.641 max=7.6408 n=1) sim= 0.000(rmp=0.000 run=0.000) chk= 0.001 stat= 0.282 rest= 0.007
  [bmc-incr i=913 repr=1 active=850/176002 POs=1]
BMC : c =     848  cl =   4503  lit =  176001  p =     0  d =     0  f =     1  +  T =     0.02 sec
  [bmc-prof 913] wall=  18.052 p=     1 | ifo=  0.856(sd=0.242 nx=0.000 tfo=0.055 cnt=0.559) snap= 0.308 srm=  8.967 sat=  7.711(set=0.218 slv=7.490 max=7.4905 n=1) sim= 0.000(rmp=0.000 run=0.000) chk= 0.001 stat= 0.201 rest= 0.006
  [bmc-incr i=914 repr=1 active=849/176001 POs=1]
BMC : c =     847  cl =   4503  lit =  176000  p =     0  d =     0  f =     1  +  T =     0.02 sec
  [bmc-prof 914] wall=  18.357 p=     1 | ifo=  0.787(sd=0.196 nx=0.000 tfo=0.044 cnt=0.546) snap= 0.326 srm=  9.300 sat=  7.739(set=0.219 slv=7.517 max=7.5168 n=1) sim= 0.000(rmp=0.000 run=0.000) chk= 0.000 stat= 0.198 rest= 0.006
  [bmc-incr i=915 repr=1 active=848/176000 POs=1]
BMC : c =     846  cl =   4503  lit =  175999  p =     0  d =     0  f =     1  +  T =     0.02 sec
  [bmc-prof 915] wall=  17.965 p=     1 | ifo=  0.770(sd=0.188 nx=0.000 tfo=0.044 cnt=0.538) snap= 0.344 srm=  9.451 sat=  7.196(set=0.217 slv=6.976 max=6.9763 n=1) sim= 0.000(rmp=0.000 run=0.000) chk= 0.000 stat= 0.198 rest= 0.006
  [bmc-incr i=916 repr=1 active=847/175999 POs=1]
BMC : c =     845  cl =   4503  lit =  175998  p =     0  d =     0  f =     1  +  T =     0.02 sec
  [bmc-prof 916] wall=  19.657 p=     1 | ifo=  0.767(sd=0.192 nx=0.000 tfo=0.043 cnt=0.532) snap= 0.416 srm= 10.874 sat=  7.390(set=0.297 slv=7.090 max=7.0897 n=1) sim= 0.000(rmp=0.000 run=0.000) chk= 0.000 stat= 0.203 rest= 0.006
  [bmc-incr i=917 repr=1 active=846/175998 POs=1]
BMC : c =     844  cl =   4503  lit =  175997  p =     0  d =     0  f =     1  +  T =     0.02 sec
  [bmc-prof 917] wall=  17.794 p=     1 | ifo=  0.777(sd=0.198 nx=0.000 tfo=0.051 cnt=0.528) snap= 0.316 srm=  8.913 sat=  7.598(set=0.207 slv=7.389 max=7.3885 n=1) sim= 0.000(rmp=0.000 run=0.000) chk= 0.000 stat= 0.185 rest= 0.004
  [bmc-incr i=918 repr=1 active=845/175997 POs=1]
BMC : c =     843  cl =   4503  lit =  175996  p =     0  d =     0  f =     1  +  T =     0.02 sec
  [bmc-prof 918] wall=  16.226 p=     1 | ifo=  0.713(sd=0.183 nx=0.000 tfo=0.041 cnt=0.490) snap= 0.287 srm=  8.128 sat=  6.837(set=0.201 slv=6.634 max=6.6335 n=1) sim= 0.000(rmp=0.000 run=0.000) chk= 0.000 stat= 0.256 rest= 0.005
  [bmc-incr i=919 repr=1 active=844/175996 POs=1]
BMC : c =     842  cl =   4503  lit =  175995  p =     0  d =     0  f =     1  +  T =     0.02 sec
  [bmc-prof 919] wall=  18.080 p=     1 | ifo=  0.869(sd=0.231 nx=0.000 tfo=0.048 cnt=0.590) snap= 0.316 srm=  8.599 sat=  8.090(set=0.221 slv=7.866 max=7.8659 n=1) sim= 0.000(rmp=0.000 run=0.000) chk= 0.000 stat= 0.199 rest= 0.006
  [bmc-incr i=920 repr=1 active=843/175995 POs=1]
BMC : c =     841  cl =   4503  lit =  175994  p =     0  d =     0  f =     1  +  T =     0.02 sec
  [bmc-prof 920] wall=  17.317 p=     1 | ifo=  0.779(sd=0.189 nx=0.000 tfo=0.042 cnt=0.548) snap= 0.304 srm=  8.220 sat=  7.806(set=0.254 slv=7.548 max=7.5483 n=1) sim= 0.000(rmp=0.000 run=0.000) chk= 0.001 stat= 0.203 rest= 0.005
  [bmc-incr i=921 repr=1 active=842/175994 POs=1]
BMC : c =     840  cl =   4503  lit =  175993  p =     0  d =     0  f =     1  +  T =     0.02 sec
  [bmc-prof 921] wall=  18.294 p=     1 | ifo=  0.762(sd=0.193 nx=0.000 tfo=0.047 cnt=0.522) snap= 0.309 srm=  9.352 sat=  7.661(set=0.218 slv=7.440 max=7.4403 n=1) sim= 0.000(rmp=0.000 run=0.000) chk= 0.000 stat= 0.204 rest= 0.006
  [bmc-incr i=922 repr=1 active=841/175993 POs=1]
BMC : c =     839  cl =   4503  lit =  175992  p =     0  d =     0  f =     1  +  T =     0.02 sec
  [bmc-prof 922] wall=  18.116 p=     1 | ifo=  0.824(sd=0.216 nx=0.000 tfo=0.044 cnt=0.564) snap= 0.313 srm=  9.660 sat=  7.111(set=0.212 slv=6.896 max=6.8961 n=1) sim= 0.000(rmp=0.000 run=0.000) chk= 0.000 stat= 0.200 rest= 0.007
  [bmc-incr i=923 repr=1 active=840/175992 POs=1]
BMC : c =     838  cl =   4503  lit =  175991  p =     0  d =     0  f =     1  +  T =     0.02 sec
  [bmc-prof 923] wall=  18.756 p=     1 | ifo=  0.725(sd=0.177 nx=0.000 tfo=0.045 cnt=0.504) snap= 0.292 srm=  8.533 sat=  8.985(set=0.200 slv=8.781 max=8.7813 n=1) sim= 0.000(rmp=0.000 run=0.000) chk= 0.000 stat= 0.216 rest= 0.005
  [bmc-incr i=924 repr=1 active=839/175991 POs=1]
BMC : c =     837  cl =   4503  lit =  175990  p =     0  d =     0  f =     1  +  T =     0.02 sec
  [bmc-prof 924] wall=  18.172 p=     1 | ifo=  0.829(sd=0.218 nx=0.000 tfo=0.046 cnt=0.565) snap= 0.307 srm=  9.589 sat=  7.150(set=0.226 slv=6.920 max=6.9202 n=1) sim= 0.000(rmp=0.000 run=0.000) chk= 0.000 stat= 0.290 rest= 0.006
  [bmc-incr i=925 repr=1 active=838/175990 POs=1]
BMC : c =     836  cl =   4503  lit =  175989  p =     0  d =     0  f =     1  +  T =     0.02 sec
  [bmc-prof 925] wall=  17.255 p=     1 | ifo=  0.759(sd=0.235 nx=0.000 tfo=0.041 cnt=0.483) snap= 0.293 srm=  8.470 sat=  7.446(set=0.222 slv=7.220 max=7.2204 n=1) sim= 0.000(rmp=0.000 run=0.000) chk= 0.000 stat= 0.280 rest= 0.006
  [bmc-incr i=926 repr=1 active=837/175989 POs=1]
BMC : c =     835  cl =   4503  lit =  175988  p =     0  d =     0  f =     1  +  T =     0.02 sec
  [bmc-prof 926] wall=  17.154 p=     1 | ifo=  0.755(sd=0.182 nx=0.000 tfo=0.040 cnt=0.533) snap= 0.291 srm=  8.417 sat=  7.484(set=0.206 slv=7.275 max=7.2747 n=1) sim= 0.000(rmp=0.000 run=0.000) chk= 0.000 stat= 0.200 rest= 0.006
  [bmc-incr i=927 repr=1 active=836/175988 POs=1]
BMC : c =     834  cl =   4503  lit =  175987  p =     0  d =     0  f =     1  +  T =     0.02 sec
  [bmc-prof 927] wall=  17.963 p=     1 | ifo=  0.801(sd=0.209 nx=0.000 tfo=0.045 cnt=0.547) snap= 0.300 srm=  9.318 sat=  7.337(set=0.207 slv=7.127 max=7.1271 n=1) sim= 0.000(rmp=0.000 run=0.000) chk= 0.001 stat= 0.201 rest= 0.006
  [bmc-incr i=928 repr=1 active=835/175987 POs=1]
BMC : c =     833  cl =   4503  lit =  175986  p =     0  d =     0  f =     1  +  T =     0.02 sec
  [bmc-prof 928] wall=  18.950 p=     1 | ifo=  0.797(sd=0.197 nx=0.000 tfo=0.044 cnt=0.556) snap= 0.301 srm=  9.990 sat=  7.605(set=0.211 slv=7.391 max=7.3911 n=1) sim= 0.000(rmp=0.000 run=0.000) chk= 0.000 stat= 0.251 rest= 0.005
  [bmc-incr i=929 repr=1 active=834/175986 POs=1]
BMC : c =     832  cl =   4503  lit =  175985  p =     0  d =     0  f =     1  +  T =     0.02 sec
  [bmc-prof 929] wall=  16.627 p=     1 | ifo=  0.786(sd=0.217 nx=0.000 tfo=0.041 cnt=0.528) snap= 0.288 srm=  8.507 sat=  6.848(set=0.213 slv=6.632 max=6.6318 n=1) sim= 0.000(rmp=0.000 run=0.000) chk= 0.000 stat= 0.192 rest= 0.006
  [bmc-incr i=930 repr=1 active=833/175985 POs=1]
BMC : c =     831  cl =   4503  lit =  175984  p =     0  d =     0  f =     1  +  T =     0.02 sec
  [bmc-prof 930] wall=  18.510 p=     1 | ifo=  1.033(sd=0.191 nx=0.000 tfo=0.095 cnt=0.748) snap= 0.290 srm=  8.513 sat=  8.412(set=0.201 slv=8.208 max=8.2076 n=1) sim= 0.000(rmp=0.000 run=0.000) chk= 0.001 stat= 0.256 rest= 0.006
  [bmc-incr i=931 repr=1 active=832/175984 POs=1]
BMC : c =     830  cl =   4503  lit =  175983  p =     0  d =     0  f =     1  +  T =     0.02 sec
  [bmc-prof 931] wall=  17.589 p=     1 | ifo=  0.855(sd=0.243 nx=0.000 tfo=0.051 cnt=0.562) snap= 0.352 srm=  8.748 sat=  7.435(set=0.233 slv=7.200 max=7.1995 n=1) sim= 0.000(rmp=0.000 run=0.000) chk= 0.000 stat= 0.192 rest= 0.006
  [bmc-incr i=932 repr=1 active=831/175983 POs=1]
BMC : c =     829  cl =   4503  lit =  175982  p =     0  d =     0  f =     1  +  T =     0.02 sec
  [bmc-prof 932] wall=  17.288 p=     1 | ifo=  0.756(sd=0.198 nx=0.000 tfo=0.045 cnt=0.513) snap= 0.319 srm=  8.685 sat=  7.316(set=0.229 slv=7.084 max=7.0837 n=1) sim= 0.000(rmp=0.000 run=0.000) chk= 0.001 stat= 0.206 rest= 0.005
  [bmc-incr i=933 repr=1 active=830/175982 POs=1]
BMC : c =     828  cl =   4503  lit =  175981  p =     0  d =     0  f =     1  +  T =     0.02 sec
  [bmc-prof 933] wall=  17.712 p=     1 | ifo=  0.746(sd=0.186 nx=0.000 tfo=0.063 cnt=0.497) snap= 0.291 srm=  9.235 sat=  7.183(set=0.209 slv=6.970 max=6.9701 n=1) sim= 0.000(rmp=0.000 run=0.000) chk= 0.000 stat= 0.251 rest= 0.005
  [bmc-incr i=934 repr=1 active=829/175981 POs=1]
BMC : c =     827  cl =   4503  lit =  175980  p =     0  d =     0  f =     1  +  T =     0.02 sec
  [bmc-prof 934] wall=  17.094 p=     1 | ifo=  0.857(sd=0.240 nx=0.000 tfo=0.054 cnt=0.563) snap= 0.326 srm=  8.678 sat=  7.026(set=0.210 slv=6.813 max=6.8127 n=1) sim= 0.000(rmp=0.000 run=0.000) chk= 0.000 stat= 0.201 rest= 0.006
  [bmc-incr i=935 repr=1 active=828/175980 POs=1]
BMC : c =     826  cl =   4503  lit =  175979  p =     0  d =     0  f =     1  +  T =     0.02 sec
  [bmc-prof 935] wall=  18.634 p=     1 | ifo=  0.817(sd=0.256 nx=0.000 tfo=0.042 cnt=0.519) snap= 0.305 srm=  9.099 sat=  8.206(set=0.211 slv=7.992 max=7.9917 n=1) sim= 0.000(rmp=0.000 run=0.000) chk= 0.000 stat= 0.202 rest= 0.006
  [bmc-incr i=936 repr=1 active=827/175979 POs=1]
BMC : c =     825  cl =   4503  lit =  175978  p =     0  d =     0  f =     1  +  T =     0.02 sec
  [bmc-prof 936] wall=  18.735 p=     1 | ifo=  0.760(sd=0.194 nx=0.000 tfo=0.040 cnt=0.526) snap= 0.309 srm=  9.478 sat=  7.989(set=0.216 slv=7.769 max=7.7689 n=1) sim= 0.000(rmp=0.000 run=0.000) chk= 0.000 stat= 0.192 rest= 0.006
  [bmc-incr i=937 repr=1 active=826/175978 POs=1]
BMC : c =     824  cl =   4503  lit =  175977  p =     0  d =     0  f =     1  +  T =     0.02 sec
  [bmc-prof 937] wall=  17.581 p=     1 | ifo=  0.738(sd=0.184 nx=0.000 tfo=0.041 cnt=0.513) snap= 0.295 srm=  8.865 sat=  7.480(set=0.210 slv=7.266 max=7.2664 n=1) sim= 0.000(rmp=0.000 run=0.000) chk= 0.000 stat= 0.197 rest= 0.006
  [bmc-incr i=938 repr=1 active=825/175977 POs=1]
BMC : c =     823  cl =   4503  lit =  175976  p =     0  d =     0  f =     1  +  T =     0.02 sec
  [bmc-prof 938] wall=  19.498 p=     1 | ifo=  0.735(sd=0.186 nx=0.000 tfo=0.042 cnt=0.507) snap= 0.336 srm=  9.168 sat=  8.935(set=0.230 slv=8.700 max=8.6998 n=1) sim= 0.000(rmp=0.000 run=0.000) chk= 0.001 stat= 0.318 rest= 0.006
  [bmc-incr i=939 repr=1 active=824/175976 POs=1]
BMC : c =     822  cl =   4503  lit =  175975  p =     0  d =     0  f =     1  +  T =     0.02 sec
  [bmc-prof 939] wall=  18.115 p=     1 | ifo=  0.804(sd=0.204 nx=0.000 tfo=0.043 cnt=0.557) snap= 0.380 srm=  9.202 sat=  7.528(set=0.261 slv=7.263 max=7.2632 n=1) sim= 0.000(rmp=0.000 run=0.000) chk= 0.001 stat= 0.195 rest= 0.006
  [bmc-incr i=940 repr=1 active=823/175975 POs=1]
BMC : c =     821  cl =   4503  lit =  175974  p =     0  d =     0  f =     1  +  T =     0.02 sec
  [bmc-prof 940] wall=  17.852 p=     1 | ifo=  0.716(sd=0.177 nx=0.000 tfo=0.041 cnt=0.498) snap= 0.327 srm=  8.373 sat=  8.218(set=0.275 slv=7.940 max=7.9401 n=1) sim= 0.000(rmp=0.000 run=0.000) chk= 0.000 stat= 0.211 rest= 0.006
  [bmc-incr i=941 repr=1 active=822/175974 POs=1]
BMC : c =     820  cl =   4503  lit =  175973  p =     0  d =     0  f =     1  +  T =     0.02 sec
  [bmc-prof 941] wall=  17.956 p=     1 | ifo=  0.807(sd=0.202 nx=0.000 tfo=0.045 cnt=0.559) snap= 0.311 srm=  8.980 sat=  7.632(set=0.208 slv=7.421 max=7.4214 n=1) sim= 0.000(rmp=0.000 run=0.000) chk= 0.001 stat= 0.217 rest= 0.008
  [bmc-incr i=942 repr=1 active=821/175973 POs=1]
BMC : c =     819  cl =   4503  lit =  175972  p =     0  d =     0  f =     1  +  T =     0.02 sec
  [bmc-prof 942] wall=  17.855 p=     1 | ifo=  0.773(sd=0.196 nx=0.000 tfo=0.040 cnt=0.536) snap= 0.317 srm=  9.459 sat=  7.094(set=0.218 slv=6.873 max=6.8732 n=1) sim= 0.000(rmp=0.000 run=0.000) chk= 0.001 stat= 0.203 rest= 0.007
  [bmc-incr i=943 repr=1 active=820/175972 POs=1]
BMC : c =     818  cl =   4503  lit =  175971  p =     0  d =     0  f =     1  +  T =     0.02 sec
  [bmc-prof 943] wall=  16.535 p=     1 | ifo=  0.741(sd=0.188 nx=0.000 tfo=0.043 cnt=0.511) snap= 0.322 srm=  8.637 sat=  6.637(set=0.197 slv=6.436 max=6.4361 n=1) sim= 0.000(rmp=0.000 run=0.000) chk= 0.000 stat= 0.192 rest= 0.005
  [bmc-incr i=944 repr=1 active=819/175971 POs=1]
BMC : c =     817  cl =   4503  lit =  175970  p =     0  d =     0  f =     1  +  T =     0.02 sec
  [bmc-prof 944] wall=  17.446 p=     1 | ifo=  0.713(sd=0.190 nx=0.000 tfo=0.043 cnt=0.480) snap= 0.317 srm=  8.493 sat=  7.713(set=0.206 slv=7.505 max=7.5048 n=1) sim= 0.000(rmp=0.000 run=0.000) chk= 0.001 stat= 0.204 rest= 0.005
  [bmc-incr i=945 repr=1 active=818/175970 POs=1]
BMC : c =     816  cl =   4503  lit =  175969  p =     0  d =     0  f =     1  +  T =     0.02 sec
  [bmc-prof 945] wall=  18.178 p=     1 | ifo=  0.813(sd=0.206 nx=0.000 tfo=0.044 cnt=0.563) snap= 0.327 srm=  9.227 sat=  7.603(set=0.217 slv=7.384 max=7.3837 n=1) sim= 0.000(rmp=0.000 run=0.000) chk= 0.001 stat= 0.202 rest= 0.004
  [bmc-incr i=946 repr=1 active=817/175969 POs=1]
BMC : c =     815  cl =   4503  lit =  175968  p =     0  d =     0  f =     1  +  T =     0.02 sec
  [bmc-prof 946] wall=  18.398 p=     1 | ifo=  0.802(sd=0.200 nx=0.000 tfo=0.049 cnt=0.553) snap= 0.330 srm=  9.211 sat=  7.844(set=0.231 slv=7.610 max=7.6100 n=1) sim= 0.000(rmp=0.000 run=0.000) chk= 0.000 stat= 0.204 rest= 0.006
  [bmc-incr i=947 repr=1 active=816/175968 POs=1]
BMC : c =     814  cl =   4503  lit =  175967  p =     0  d =     0  f =     1  +  T =     0.02 sec
  [bmc-prof 947] wall=  19.874 p=     1 | ifo=  0.772(sd=0.192 nx=0.000 tfo=0.041 cnt=0.539) snap= 0.301 srm=  9.463 sat=  9.120(set=0.218 slv=8.899 max=8.8985 n=1) sim= 0.000(rmp=0.000 run=0.000) chk= 0.001 stat= 0.211 rest= 0.006
  [bmc-incr i=948 repr=1 active=815/175967 POs=1]
BMC : c =     813  cl =   4503  lit =  175966  p =     0  d =     0  f =     1  +  T =     0.02 sec
  [bmc-prof 948] wall=  17.884 p=     1 | ifo=  0.805(sd=0.200 nx=0.000 tfo=0.042 cnt=0.563) snap= 0.325 srm=  9.118 sat=  7.417(set=0.218 slv=7.197 max=7.1972 n=1) sim= 0.000(rmp=0.000 run=0.000) chk= 0.001 stat= 0.213 rest= 0.005
  [bmc-incr i=949 repr=1 active=814/175966 POs=1]
BMC : c =     812  cl =   4503  lit =  175965  p =     0  d =     0  f =     1  +  T =     0.02 sec
  [bmc-prof 949] wall=  18.151 p=     1 | ifo=  0.787(sd=0.203 nx=0.000 tfo=0.042 cnt=0.542) snap= 0.323 srm=  9.093 sat=  7.716(set=0.219 slv=7.494 max=7.4936 n=1) sim= 0.000(rmp=0.000 run=0.000) chk= 0.001 stat= 0.227 rest= 0.005
  [bmc-incr i=950 repr=1 active=813/175965 POs=1]
BMC : c =     811  cl =   4503  lit =  175964  p =     0  d =     0  f =     1  +  T =     0.02 sec
  [bmc-prof 950] wall=  17.417 p=     1 | ifo=  0.833(sd=0.214 nx=0.000 tfo=0.043 cnt=0.576) snap= 0.355 srm=  9.088 sat=  6.939(set=0.209 slv=6.727 max=6.7273 n=1) sim= 0.000(rmp=0.000 run=0.000) chk= 0.000 stat= 0.197 rest= 0.005
  [bmc-incr i=951 repr=1 active=812/175964 POs=1]
BMC : c =     810  cl =   4503  lit =  175963  p =     0  d =     0  f =     1  +  T =     0.02 sec
  [bmc-prof 951] wall=  18.758 p=     1 | ifo=  0.769(sd=0.188 nx=0.000 tfo=0.041 cnt=0.540) snap= 0.318 srm=  9.694 sat=  7.775(set=0.225 slv=7.547 max=7.5470 n=1) sim= 0.000(rmp=0.000 run=0.000) chk= 0.000 stat= 0.197 rest= 0.005
  [bmc-incr i=952 repr=1 active=811/175963 POs=1]
BMC : c =     809  cl =   4503  lit =  175962  p =     0  d =     0  f =     1  +  T =     0.02 sec
  [bmc-prof 952] wall=  18.587 p=     1 | ifo=  0.746(sd=0.189 nx=0.000 tfo=0.040 cnt=0.517) snap= 0.326 srm=  9.237 sat=  8.059(set=0.222 slv=7.834 max=7.8339 n=1) sim= 0.000(rmp=0.000 run=0.000) chk= 0.001 stat= 0.215 rest= 0.005
  [bmc-incr i=953 repr=1 active=810/175962 POs=1]
BMC : c =     808  cl =   4503  lit =  175961  p =     0  d =     0  f =     1  +  T =     0.02 sec
  [bmc-prof 953] wall=  17.163 p=     1 | ifo=  0.738(sd=0.186 nx=0.000 tfo=0.041 cnt=0.511) snap= 0.294 srm=  8.593 sat=  7.337(set=0.229 slv=7.104 max=7.1043 n=1) sim= 0.000(rmp=0.000 run=0.000) chk= 0.000 stat= 0.196 rest= 0.005
  [bmc-incr i=954 repr=1 active=809/175961 POs=1]
BMC : c =     807  cl =   4503  lit =  175960  p =     0  d =     0  f =     1  +  T =     0.02 sec
  [bmc-prof 954] wall=  17.329 p=     1 | ifo=  0.744(sd=0.187 nx=0.000 tfo=0.041 cnt=0.516) snap= 0.299 srm=  8.555 sat=  7.495(set=0.209 slv=7.284 max=7.2840 n=1) sim= 0.000(rmp=0.000 run=0.000) chk= 0.000 stat= 0.230 rest= 0.005
  [bmc-incr i=955 repr=1 active=808/175960 POs=1]
BMC : c =     806  cl =   4503  lit =  175959  p =     0  d =     0  f =     1  +  T =     0.02 sec
  [bmc-prof 955] wall=  17.626 p=     1 | ifo=  0.868(sd=0.268 nx=0.000 tfo=0.042 cnt=0.558) snap= 0.564 srm=  9.000 sat=  6.975(set=0.208 slv=6.764 max=6.7640 n=1) sim= 0.000(rmp=0.000 run=0.000) chk= 0.000 stat= 0.213 rest= 0.006
  [bmc-incr i=956 repr=1 active=807/175959 POs=1]
BMC : c =     805  cl =   4503  lit =  175958  p =     0  d =     0  f =     1  +  T =     0.02 sec
  [bmc-prof 956] wall=  17.948 p=     1 | ifo=  0.734(sd=0.186 nx=0.000 tfo=0.039 cnt=0.509) snap= 0.296 srm=  9.138 sat=  7.575(set=0.221 slv=7.350 max=7.3502 n=1) sim= 0.000(rmp=0.000 run=0.000) chk= 0.000 stat= 0.198 rest= 0.006
  [bmc-incr i=957 repr=1 active=806/175958 POs=1]
BMC : c =     804  cl =   4503  lit =  175957  p =     0  d =     0  f =     1  +  T =     0.02 sec
  [bmc-prof 957] wall=  18.529 p=     1 | ifo=  0.753(sd=0.197 nx=0.000 tfo=0.043 cnt=0.513) snap= 0.341 srm=  9.380 sat=  7.853(set=0.216 slv=7.634 max=7.6338 n=1) sim= 0.000(rmp=0.000 run=0.000) chk= 0.000 stat= 0.196 rest= 0.005
  [bmc-incr i=958 repr=1 active=805/175957 POs=1]
BMC : c =     803  cl =   4503  lit =  175956  p =     0  d =     0  f =     1  +  T =     0.02 sec
  [bmc-prof 958] wall=  18.606 p=     1 | ifo=  0.753(sd=0.204 nx=0.000 tfo=0.042 cnt=0.508) snap= 0.313 srm=  9.731 sat=  7.594(set=0.212 slv=7.379 max=7.3789 n=1) sim= 0.000(rmp=0.000 run=0.000) chk= 0.001 stat= 0.207 rest= 0.006
  [bmc-incr i=959 repr=1 active=804/175956 POs=1]
BMC : c =     802  cl =   4503  lit =  175955  p =     0  d =     0  f =     1  +  T =     0.02 sec
  [bmc-prof 959] wall=  18.166 p=     1 | ifo=  0.756(sd=0.192 nx=0.000 tfo=0.042 cnt=0.522) snap= 0.317 srm=  9.308 sat=  7.579(set=0.233 slv=7.343 max=7.3434 n=1) sim= 0.000(rmp=0.000 run=0.000) chk= 0.001 stat= 0.199 rest= 0.005
  [bmc-incr i=960 repr=1 active=803/175955 POs=1]
BMC : c =     801  cl =   4503  lit =  175954  p =     0  d =     0  f =     1  +  T =     0.02 sec
  [bmc-prof 960] wall=  17.647 p=     1 | ifo=  0.768(sd=0.191 nx=0.000 tfo=0.041 cnt=0.536) snap= 0.342 srm=  9.330 sat=  6.977(set=0.240 slv=6.735 max=6.7347 n=1) sim= 0.000(rmp=0.000 run=0.000) chk= 0.001 stat= 0.220 rest= 0.009
  [bmc-incr i=961 repr=1 active=802/175954 POs=1]
BMC : c =     800  cl =   4503  lit =  175953  p =     0  d =     0  f =     1  +  T =     0.02 sec
  [bmc-prof 961] wall=  18.186 p=     1 | ifo=  0.772(sd=0.200 nx=0.000 tfo=0.044 cnt=0.528) snap= 0.303 srm=  9.694 sat=  7.201(set=0.228 slv=6.970 max=6.9699 n=1) sim= 0.000(rmp=0.000 run=0.000) chk= 0.000 stat= 0.207 rest= 0.008
  [bmc-incr i=962 repr=1 active=801/175953 POs=1]
BMC : c =     799  cl =   4503  lit =  175952  p =     0  d =     0  f =     1  +  T =     0.02 sec
  [bmc-prof 962] wall=  19.636 p=     1 | ifo=  0.760(sd=0.190 nx=0.000 tfo=0.040 cnt=0.530) snap= 0.327 srm= 10.231 sat=  8.105(set=0.223 slv=7.880 max=7.8795 n=1) sim= 0.000(rmp=0.000 run=0.000) chk= 0.001 stat= 0.207 rest= 0.006
  [bmc-incr i=963 repr=1 active=800/175952 POs=1]
BMC : c =     798  cl =   4503  lit =  175951  p =     0  d =     0  f =     1  +  T =     0.02 sec
  [bmc-prof 963] wall=  18.136 p=     1 | ifo=  0.793(sd=0.201 nx=0.000 tfo=0.042 cnt=0.551) snap= 0.316 srm=  9.131 sat=  7.689(set=0.219 slv=7.466 max=7.4662 n=1) sim= 0.000(rmp=0.000 run=0.000) chk= 0.000 stat= 0.202 rest= 0.005
  [bmc-incr i=964 repr=1 active=799/175951 POs=1]
BMC : c =     797  cl =   4503  lit =  175950  p =     0  d =     0  f =     1  +  T =     0.02 sec
  [bmc-prof 964] wall=  18.338 p=     1 | ifo=  0.781(sd=0.198 nx=0.000 tfo=0.043 cnt=0.540) snap= 0.320 srm=  9.398 sat=  7.564(set=0.228 slv=7.333 max=7.3333 n=1) sim= 0.000(rmp=0.000 run=0.000) chk= 0.001 stat= 0.269 rest= 0.005
  [bmc-incr i=965 repr=1 active=798/175950 POs=1]
BMC : c =     796  cl =   4503  lit =  175949  p =     0  d =     0  f =     1  +  T =     0.02 sec
  [bmc-prof 965] wall=  18.143 p=     1 | ifo=  0.915(sd=0.247 nx=0.000 tfo=0.046 cnt=0.622) snap= 0.322 srm=  8.667 sat=  7.975(set=0.207 slv=7.764 max=7.7637 n=1) sim= 0.000(rmp=0.000 run=0.000) chk= 0.001 stat= 0.258 rest= 0.006
  [bmc-incr i=966 repr=1 active=797/175949 POs=1]
BMC : c =     795  cl =   4503  lit =  175948  p =     0  d =     0  f =     1  +  T =     0.02 sec
  [bmc-prof 966] wall=  17.489 p=     1 | ifo=  0.947(sd=0.242 nx=0.000 tfo=0.044 cnt=0.661) snap= 0.302 srm=  8.965 sat=  7.058(set=0.208 slv=6.847 max=6.8474 n=1) sim= 0.000(rmp=0.000 run=0.000) chk= 0.001 stat= 0.207 rest= 0.009
  [bmc-incr i=967 repr=1 active=796/175948 POs=1]
BMC : c =     794  cl =   4503  lit =  175947  p =     0  d =     0  f =     1  +  T =     0.02 sec
  [bmc-prof 967] wall=  18.255 p=     1 | ifo=  0.770(sd=0.210 nx=0.000 tfo=0.045 cnt=0.514) snap= 0.320 srm=  8.943 sat=  7.980(set=0.223 slv=7.753 max=7.7532 n=1) sim= 0.000(rmp=0.000 run=0.000) chk= 0.001 stat= 0.198 rest= 0.043
  [bmc-incr i=968 repr=1 active=795/175947 POs=1]
BMC : c =     793  cl =   4503  lit =  175946  p =     0  d =     0  f =     1  +  T =     0.02 sec
  [bmc-prof 968] wall=  18.262 p=     1 | ifo=  0.746(sd=0.187 nx=0.000 tfo=0.050 cnt=0.509) snap= 0.345 srm=  9.861 sat=  7.086(set=0.220 slv=6.863 max=6.8631 n=1) sim= 0.000(rmp=0.000 run=0.000) chk= 0.001 stat= 0.214 rest= 0.008
  [bmc-incr i=969 repr=1 active=794/175946 POs=1]
BMC : c =     792  cl =   4503  lit =  175945  p =     0  d =     0  f =     1  +  T =     0.02 sec
  [bmc-prof 969] wall=  17.157 p=     1 | ifo=  0.737(sd=0.184 nx=0.000 tfo=0.042 cnt=0.511) snap= 0.299 srm=  8.867 sat=  7.063(set=0.217 slv=6.843 max=6.8430 n=1) sim= 0.000(rmp=0.000 run=0.000) chk= 0.000 stat= 0.187 rest= 0.004
  [bmc-incr i=970 repr=1 active=793/175945 POs=1]
BMC : c =     791  cl =   4503  lit =  175944  p =     0  d =     0  f =     1  +  T =     0.02 sec
  [bmc-prof 970] wall=  16.582 p=     1 | ifo=  0.726(sd=0.191 nx=0.000 tfo=0.042 cnt=0.492) snap= 0.320 srm=  8.463 sat=  6.879(set=0.212 slv=6.664 max=6.6642 n=1) sim= 0.000(rmp=0.000 run=0.000) chk= 0.001 stat= 0.188 rest= 0.006
  [bmc-incr i=971 repr=1 active=792/175944 POs=1]
BMC : c =     790  cl =   4503  lit =  175943  p =     0  d =     0  f =     1  +  T =     0.02 sec
  [bmc-prof 971] wall=  18.490 p=     1 | ifo=  0.757(sd=0.192 nx=0.000 tfo=0.053 cnt=0.512) snap= 0.294 srm=  8.986 sat=  8.219(set=0.194 slv=8.022 max=8.0222 n=1) sim= 0.000(rmp=0.000 run=0.000) chk= 0.001 stat= 0.227 rest= 0.007
  [bmc-incr i=972 repr=1 active=791/175943 POs=1]
BMC : c =     789  cl =   4503  lit =  175942  p =     0  d =     0  f =     1  +  T =     0.02 sec
  [bmc-prof 972] wall=  18.155 p=     1 | ifo=  0.822(sd=0.209 nx=0.000 tfo=0.044 cnt=0.570) snap= 0.298 srm=  9.823 sat=  7.013(set=0.227 slv=6.784 max=6.7840 n=1) sim= 0.000(rmp=0.000 run=0.000) chk= 0.000 stat= 0.191 rest= 0.007
  [bmc-incr i=973 repr=1 active=790/175942 POs=1]
BMC : c =     788  cl =   4503  lit =  175941  p =     0  d =     0  f =     1  +  T =     0.02 sec
  [bmc-prof 973] wall=  20.231 p=     1 | ifo=  0.695(sd=0.175 nx=0.000 tfo=0.040 cnt=0.480) snap= 0.304 srm=  9.028 sat=  9.960(set=0.211 slv=9.746 max=9.7456 n=1) sim= 0.000(rmp=0.000 run=0.000) chk= 0.001 stat= 0.236 rest= 0.008
  [bmc-incr i=974 repr=1 active=789/175941 POs=1]
BMC : c =     787  cl =   4503  lit =  175940  p =     0  d =     0  f =     1  +  T =     0.02 sec
  [bmc-prof 974] wall=  19.120 p=     1 | ifo=  0.895(sd=0.237 nx=0.000 tfo=0.041 cnt=0.618) snap= 0.323 srm=  9.914 sat=  7.780(set=0.226 slv=7.551 max=7.5507 n=1) sim= 0.000(rmp=0.000 run=0.000) chk= 0.001 stat= 0.203 rest= 0.005
  [bmc-incr i=975 repr=1 active=788/175940 POs=1]
BMC : c =     786  cl =   4503  lit =  175939  p =     0  d =     0  f =     1  +  T =     0.02 sec
  [bmc-prof 975] wall=  17.443 p=     1 | ifo=  0.834(sd=0.236 nx=0.000 tfo=0.050 cnt=0.548) snap= 0.305 srm=  9.338 sat=  6.762(set=0.207 slv=6.552 max=6.5523 n=1) sim= 0.000(rmp=0.000 run=0.000) chk= 0.001 stat= 0.195 rest= 0.008
  [bmc-incr i=976 repr=1 active=787/175939 POs=1]
BMC : c =     785  cl =   4503  lit =  175938  p =     0  d =     0  f =     1  +  T =     0.02 sec
  [bmc-prof 976] wall=  17.853 p=     1 | ifo=  0.770(sd=0.185 nx=0.000 tfo=0.043 cnt=0.543) snap= 0.295 srm=  9.009 sat=  7.520(set=0.220 slv=7.297 max=7.2972 n=1) sim= 0.000(rmp=0.000 run=0.000) chk= 0.001 stat= 0.252 rest= 0.006
  [bmc-incr i=977 repr=1 active=786/175938 POs=1]
BMC : c =     784  cl =   4503  lit =  175937  p =     0  d =     0  f =     1  +  T =     0.02 sec
  [bmc-prof 977] wall=  18.367 p=     1 | ifo=  0.840(sd=0.220 nx=0.000 tfo=0.045 cnt=0.575) snap= 0.315 srm=  9.416 sat=  7.591(set=0.224 slv=7.364 max=7.3641 n=1) sim= 0.000(rmp=0.000 run=0.000) chk= 0.001 stat= 0.198 rest= 0.006
  [bmc-incr i=978 repr=1 active=785/175937 POs=1]
BMC : c =     783  cl =   4503  lit =  175936  p =     0  d =     0  f =     1  +  T =     0.02 sec
  [bmc-prof 978] wall=  17.197 p=     1 | ifo=  0.819(sd=0.188 nx=0.000 tfo=0.040 cnt=0.592) snap= 0.289 srm=  9.090 sat=  6.798(set=0.199 slv=6.597 max=6.5969 n=1) sim= 0.000(rmp=0.000 run=0.000) chk= 0.000 stat= 0.192 rest= 0.007
  [bmc-incr i=979 repr=1 active=784/175936 POs=1]
BMC : c =     782  cl =   4503  lit =  175935  p =     0  d =     0  f =     1  +  T =     0.02 sec
  [bmc-prof 979] wall=  17.689 p=     1 | ifo=  0.751(sd=0.199 nx=0.000 tfo=0.043 cnt=0.508) snap= 0.296 srm=  9.606 sat=  6.839(set=0.231 slv=6.606 max=6.6059 n=1) sim= 0.000(rmp=0.000 run=0.000) chk= 0.000 stat= 0.192 rest= 0.005
  [bmc-incr i=980 repr=1 active=783/175935 POs=1]
BMC : c =     781  cl =   4503  lit =  175934  p =     0  d =     0  f =     1  +  T =     0.02 sec
  [bmc-prof 980] wall=  16.605 p=     1 | ifo=  0.742(sd=0.198 nx=0.000 tfo=0.045 cnt=0.499) snap= 0.307 srm=  8.536 sat=  6.790(set=0.203 slv=6.584 max=6.5842 n=1) sim= 0.000(rmp=0.000 run=0.000) chk= 0.000 stat= 0.224 rest= 0.005
  [bmc-incr i=981 repr=1 active=782/175934 POs=1]
BMC : c =     780  cl =   4503  lit =  175933  p =     0  d =     0  f =     1  +  T =     0.02 sec
  [bmc-prof 981] wall=  17.595 p=     1 | ifo=  0.751(sd=0.196 nx=0.000 tfo=0.039 cnt=0.516) snap= 0.294 srm=  8.438 sat=  7.895(set=0.202 slv=7.690 max=7.6904 n=1) sim= 0.000(rmp=0.000 run=0.000) chk= 0.000 stat= 0.210 rest= 0.007
  [bmc-incr i=982 repr=1 active=781/175933 POs=1]
BMC : c =     779  cl =   4503  lit =  175932  p =     0  d =     0  f =     1  +  T =     0.02 sec
  [bmc-prof 982] wall=  18.251 p=     1 | ifo=  0.771(sd=0.194 nx=0.000 tfo=0.039 cnt=0.538) snap= 0.317 srm=  9.551 sat=  7.413(set=0.210 slv=7.200 max=7.2004 n=1) sim= 0.000(rmp=0.000 run=0.000) chk= 0.000 stat= 0.194 rest= 0.005
  [bmc-incr i=983 repr=1 active=780/175932 POs=1]
BMC : c =     778  cl =   4503  lit =  175931  p =     0  d =     0  f =     1  +  T =     0.02 sec
  [bmc-prof 983] wall=  19.951 p=     1 | ifo=  0.719(sd=0.185 nx=0.000 tfo=0.039 cnt=0.496) snap= 0.364 srm= 10.384 sat=  8.273(set=0.235 slv=8.036 max=8.0355 n=1) sim= 0.000(rmp=0.000 run=0.000) chk= 0.000 stat= 0.207 rest= 0.005
  [bmc-incr i=984 repr=1 active=779/175931 POs=1]
BMC : c =     777  cl =   4503  lit =  175930  p =     0  d =     0  f =     1  +  T =     0.02 sec
  [bmc-prof 984] wall=  17.764 p=     1 | ifo=  0.741(sd=0.188 nx=0.000 tfo=0.042 cnt=0.512) snap= 0.338 srm=  8.692 sat=  7.793(set=0.211 slv=7.579 max=7.5795 n=1) sim= 0.000(rmp=0.000 run=0.000) chk= 0.000 stat= 0.194 rest= 0.005
  [bmc-incr i=985 repr=1 active=778/175930 POs=1]
BMC : c =     776  cl =   4503  lit =  175929  p =     0  d =     0  f =     1  +  T =     0.02 sec
  [bmc-prof 985] wall=  18.880 p=     1 | ifo=  0.744(sd=0.200 nx=0.000 tfo=0.041 cnt=0.504) snap= 0.329 srm= 10.441 sat=  7.154(set=0.221 slv=6.930 max=6.9296 n=1) sim= 0.000(rmp=0.000 run=0.000) chk= 0.000 stat= 0.204 rest= 0.007
  [bmc-incr i=986 repr=1 active=777/175929 POs=1]
BMC : c =     775  cl =   4503  lit =  175928  p =     0  d =     0  f =     1  +  T =     0.02 sec
  [bmc-prof 986] wall=  17.090 p=     1 | ifo=  0.734(sd=0.178 nx=0.000 tfo=0.042 cnt=0.513) snap= 0.294 srm=  8.890 sat=  6.953(set=0.199 slv=6.751 max=6.7510 n=1) sim= 0.000(rmp=0.000 run=0.000) chk= 0.000 stat= 0.213 rest= 0.006
  [bmc-incr i=987 repr=1 active=776/175928 POs=1]
BMC : c =     774  cl =   4503  lit =  175927  p =     0  d =     0  f =     1  +  T =     0.02 sec
  [bmc-prof 987] wall=  17.560 p=     1 | ifo=  0.798(sd=0.184 nx=0.000 tfo=0.038 cnt=0.576) snap= 0.289 srm=  9.229 sat=  7.020(set=0.319 slv=6.699 max=6.6987 n=1) sim= 0.000(rmp=0.000 run=0.000) chk= 0.001 stat= 0.216 rest= 0.007
  [bmc-incr i=988 repr=1 active=775/175927 POs=1]
BMC : c =     773  cl =   4503  lit =  175926  p =     0  d =     0  f =     1  +  T =     0.02 sec
  [bmc-prof 988] wall=  16.733 p=     1 | ifo=  0.735(sd=0.189 nx=0.000 tfo=0.039 cnt=0.507) snap= 0.314 srm=  8.470 sat=  7.010(set=0.214 slv=6.793 max=6.7933 n=1) sim= 0.000(rmp=0.000 run=0.000) chk= 0.001 stat= 0.198 rest= 0.007
  [bmc-incr i=989 repr=1 active=774/175926 POs=1]
BMC : c =     772  cl =   4503  lit =  175925  p =     0  d =     0  f =     1  +  T =     0.02 sec
  [bmc-prof 989] wall=  19.905 p=     1 | ifo=  0.734(sd=0.187 nx=0.000 tfo=0.039 cnt=0.508) snap= 0.349 srm= 10.013 sat=  8.528(set=0.233 slv=8.292 max=8.2917 n=1) sim= 0.000(rmp=0.000 run=0.000) chk= 0.000 stat= 0.274 rest= 0.005
  [bmc-incr i=990 repr=1 active=773/175925 POs=1]
BMC : c =     771  cl =   4503  lit =  175924  p =     0  d =     0  f =     1  +  T =     0.02 sec
  [bmc-prof 990] wall=  18.628 p=     1 | ifo=  0.717(sd=0.189 nx=0.000 tfo=0.038 cnt=0.490) snap= 0.312 srm=  8.590 sat=  8.799(set=0.206 slv=8.590 max=8.5896 n=1) sim= 0.000(rmp=0.000 run=0.000) chk= 0.000 stat= 0.205 rest= 0.005
  [bmc-incr i=991 repr=1 active=772/175924 POs=1]
BMC : c =     770  cl =   4503  lit =  175923  p =     0  d =     0  f =     1  +  T =     0.02 sec
  [bmc-prof 991] wall=  17.760 p=     1 | ifo=  0.805(sd=0.215 nx=0.000 tfo=0.042 cnt=0.548) snap= 0.304 srm=  9.220 sat=  7.101(set=0.227 slv=6.870 max=6.8705 n=1) sim= 0.000(rmp=0.000 run=0.000) chk= 0.000 stat= 0.324 rest= 0.006
  [bmc-incr i=992 repr=1 active=771/175923 POs=1]
BMC : c =     769  cl =   4503  lit =  175922  p =     0  d =     0  f =     1  +  T =     0.02 sec
  [bmc-prof 992] wall=  17.302 p=     1 | ifo=  0.723(sd=0.191 nx=0.000 tfo=0.038 cnt=0.494) snap= 0.312 srm=  8.516 sat=  7.548(set=0.271 slv=7.274 max=7.2743 n=1) sim= 0.000(rmp=0.000 run=0.000) chk= 0.001 stat= 0.197 rest= 0.005
  [bmc-incr i=993 repr=1 active=770/175922 POs=1]
BMC : c =     768  cl =   4503  lit =  175921  p =     0  d =     0  f =     1  +  T =     0.02 sec
  [bmc-prof 993] wall=  19.321 p=     1 | ifo=  0.735(sd=0.183 nx=0.000 tfo=0.040 cnt=0.513) snap= 0.291 srm=  9.113 sat=  8.961(set=0.203 slv=8.755 max=8.7552 n=1) sim= 0.000(rmp=0.000 run=0.000) chk= 0.001 stat= 0.214 rest= 0.006
  [bmc-incr i=994 repr=1 active=769/175921 POs=1]
BMC : c =     767  cl =   4503  lit =  175920  p =     0  d =     0  f =     1  +  T =     0.02 sec
  [bmc-prof 994] wall=  17.608 p=     1 | ifo=  0.852(sd=0.222 nx=0.000 tfo=0.041 cnt=0.589) snap= 0.291 srm=  9.031 sat=  7.241(set=0.224 slv=7.013 max=7.0131 n=1) sim= 0.000(rmp=0.000 run=0.000) chk= 0.001 stat= 0.187 rest= 0.006
  [bmc-incr i=995 repr=1 active=768/175920 POs=1]
BMC : c =     766  cl =   4503  lit =  175919  p =     0  d =     0  f =     1  +  T =     0.02 sec
  [bmc-prof 995] wall=  17.176 p=     1 | ifo=  0.704(sd=0.179 nx=0.000 tfo=0.039 cnt=0.486) snap= 0.313 srm=  8.537 sat=  7.422(set=0.207 slv=7.212 max=7.2117 n=1) sim= 0.000(rmp=0.000 run=0.000) chk= 0.000 stat= 0.195 rest= 0.005
  [bmc-incr i=996 repr=1 active=767/175919 POs=1]
BMC : c =     765  cl =   4503  lit =  175918  p =     0  d =     0  f =     1  +  T =     0.02 sec
  [bmc-prof 996] wall=  17.143 p=     1 | ifo=  0.798(sd=0.245 nx=0.000 tfo=0.038 cnt=0.515) snap= 0.309 srm=  8.578 sat=  7.265(set=0.205 slv=7.056 max=7.0561 n=1) sim= 0.000(rmp=0.000 run=0.000) chk= 0.000 stat= 0.187 rest= 0.006
  [bmc-incr i=997 repr=1 active=766/175918 POs=1]
BMC : c =     764  cl =   4503  lit =  175917  p =     0  d =     0  f =     1  +  T =     0.02 sec
  [bmc-prof 997] wall=  17.107 p=     1 | ifo=  0.714(sd=0.185 nx=0.000 tfo=0.039 cnt=0.490) snap= 0.294 srm=  8.717 sat=  7.172(set=0.205 slv=6.964 max=6.9644 n=1) sim= 0.000(rmp=0.000 run=0.000) chk= 0.000 stat= 0.203 rest= 0.007
  [bmc-incr i=998 repr=1 active=765/175917 POs=1]
BMC : c =     763  cl =   4503  lit =  175916  p =     0  d =     0  f =     1  +  T =     0.02 sec
  [bmc-prof 998] wall=  17.458 p=     1 | ifo=  0.719(sd=0.185 nx=0.000 tfo=0.039 cnt=0.495) snap= 0.296 srm=  8.867 sat=  7.373(set=0.220 slv=7.150 max=7.1499 n=1) sim= 0.000(rmp=0.000 run=0.000) chk= 0.000 stat= 0.196 rest= 0.006
  [bmc-incr i=999 repr=1 active=764/175916 POs=1]
BMC : c =     762  cl =   4503  lit =  175915  p =     0  d =     0  f =     1  +  T =     0.02 sec
  [bmc-prof 999] wall=  16.609 p=     1 | ifo=  0.733(sd=0.183 nx=0.000 tfo=0.056 cnt=0.493) snap= 0.306 srm=  8.545 sat=  6.780(set=0.204 slv=6.573 max=6.5731 n=1) sim= 0.000(rmp=0.000 run=0.000) chk= 0.000 stat= 0.239 rest= 0.006
  [bmc-incr i=1000 repr=1 active=763/175915 POs=1]
BMC : c =     761  cl =   4503  lit =  175914  p =     0  d =     0  f =     1  +  T =     0.02 sec
  [bmc-prof 1000] wall=  17.133 p=     1 | ifo=  0.798(sd=0.246 nx=0.000 tfo=0.041 cnt=0.512) snap= 0.309 srm=  8.539 sat=  7.293(set=0.210 slv=7.080 max=7.0801 n=1) sim= 0.000(rmp=0.000 run=0.000) chk= 0.000 stat= 0.188 rest= 0.005
  [bmc-incr i=1001 repr=1 active=762/175914 POs=1]
BMC : c =     760  cl =   4503  lit =  175913  p =     0  d =     0  f =     1  +  T =     0.02 sec
  [bmc-prof 1001] wall=  18.363 p=     1 | ifo=  0.718(sd=0.183 nx=0.000 tfo=0.040 cnt=0.495) snap= 0.296 srm=  8.534 sat=  8.587(set=0.212 slv=8.373 max=8.3732 n=1) sim= 0.000(rmp=0.000 run=0.000) chk= 0.001 stat= 0.220 rest= 0.007
  [bmc-incr i=1002 repr=1 active=761/175913 POs=1]
BMC : c =     759  cl =   4503  lit =  175912  p =     0  d =     0  f =     1  +  T =     0.02 sec
  [bmc-prof 1002] wall=  19.309 p=     1 | ifo=  0.867(sd=0.224 nx=0.000 tfo=0.046 cnt=0.597) snap= 0.311 srm=  9.756 sat=  8.107(set=0.230 slv=7.873 max=7.8733 n=1) sim= 0.000(rmp=0.000 run=0.000) chk= 0.000 stat= 0.261 rest= 0.006
  [bmc-incr i=1003 repr=1 active=760/175912 POs=1]
BMC : c =     758  cl =   4503  lit =  175911  p =     0  d =     0  f =     1  +  T =     0.02 sec
  [bmc-prof 1003] wall=  17.470 p=     1 | ifo=  0.879(sd=0.229 nx=0.000 tfo=0.046 cnt=0.605) snap= 0.288 srm=  9.318 sat=  6.762(set=0.234 slv=6.525 max=6.5251 n=1) sim= 0.000(rmp=0.000 run=0.000) chk= 0.000 stat= 0.214 rest= 0.008
  [bmc-incr i=1004 repr=1 active=759/175911 POs=1]
BMC : c =     757  cl =   4503  lit =  175910  p =     0  d =     0  f =     1  +  T =     0.02 sec
  [bmc-prof 1004] wall=  17.870 p=     1 | ifo=  0.725(sd=0.186 nx=0.000 tfo=0.040 cnt=0.500) snap= 0.296 srm=  8.737 sat=  7.884(set=0.202 slv=7.668 max=7.6680 n=1) sim= 0.000(rmp=0.000 run=0.000) chk= 0.000 stat= 0.221 rest= 0.005
  [bmc-incr i=1005 repr=1 active=758/175910 POs=1]
BMC : c =     756  cl =   4503  lit =  175909  p =     0  d =     0  f =     1  +  T =     0.02 sec
  [bmc-prof 1005] wall=  17.311 p=     1 | ifo=  0.747(sd=0.192 nx=0.000 tfo=0.038 cnt=0.517) snap= 0.312 srm=  8.615 sat=  7.432(set=0.354 slv=7.076 max=7.0756 n=1) sim= 0.000(rmp=0.000 run=0.000) chk= 0.001 stat= 0.198 rest= 0.006
  [bmc-incr i=1006 repr=1 active=757/175909 POs=1]
BMC : c =     755  cl =   4503  lit =  175908  p =     0  d =     0  f =     1  +  T =     0.02 sec
  [bmc-prof 1006] wall=  19.065 p=     1 | ifo=  0.739(sd=0.185 nx=0.000 tfo=0.058 cnt=0.496) snap= 0.315 srm=  9.114 sat=  8.619(set=0.225 slv=8.390 max=8.3903 n=1) sim= 0.000(rmp=0.000 run=0.000) chk= 0.000 stat= 0.271 rest= 0.006
  [bmc-incr i=1007 repr=1 active=756/175908 POs=1]
BMC : c =     754  cl =   4503  lit =  175907  p =     0  d =     0  f =     1  +  T =     0.02 sec
  [bmc-prof 1007] wall=  17.794 p=     1 | ifo=  0.944(sd=0.253 nx=0.000 tfo=0.048 cnt=0.643) snap= 0.300 srm=  9.072 sat=  7.257(set=0.208 slv=7.046 max=7.0459 n=1) sim= 0.000(rmp=0.000 run=0.000) chk= 0.000 stat= 0.214 rest= 0.008
  [bmc-incr i=1008 repr=1 active=755/175907 POs=1]
BMC : c =     753  cl =   4503  lit =  175906  p =     0  d =     0  f =     1  +  T =     0.02 sec
  [bmc-prof 1008] wall=  18.235 p=     1 | ifo=  0.766(sd=0.195 nx=0.000 tfo=0.040 cnt=0.531) snap= 0.334 srm=  9.344 sat=  7.581(set=0.217 slv=7.360 max=7.3601 n=1) sim= 0.000(rmp=0.000 run=0.000) chk= 0.000 stat= 0.205 rest= 0.006
  [bmc-incr i=1009 repr=1 active=754/175906 POs=1]
BMC : c =     752  cl =   4503  lit =  175905  p =     0  d =     0  f =     1  +  T =     0.02 sec
  [bmc-prof 1009] wall=  19.678 p=     1 | ifo=  0.761(sd=0.192 nx=0.000 tfo=0.040 cnt=0.529) snap= 0.362 srm= 10.203 sat=  8.142(set=0.233 slv=7.906 max=7.9063 n=1) sim= 0.000(rmp=0.000 run=0.000) chk= 0.000 stat= 0.205 rest= 0.006
  [bmc-incr i=1010 repr=1 active=753/175905 POs=1]
BMC : c =     751  cl =   4503  lit =  175904  p =     0  d =     0  f =     1  +  T =     0.02 sec
  [bmc-prof 1010] wall=  18.097 p=     1 | ifo=  0.782(sd=0.202 nx=0.000 tfo=0.035 cnt=0.545) snap= 0.324 srm=  9.106 sat=  7.678(set=0.227 slv=7.447 max=7.4470 n=1) sim= 0.000(rmp=0.000 run=0.000) chk= 0.000 stat= 0.202 rest= 0.005
  [bmc-incr i=1011 repr=1 active=752/175904 POs=1]
BMC : c =     750  cl =   4503  lit =  175903  p =     0  d =     0  f =     1  +  T =     0.02 sec
  [bmc-prof 1011] wall=  18.148 p=     1 | ifo=  0.939(sd=0.325 nx=0.000 tfo=0.045 cnt=0.569) snap= 0.306 srm=  8.939 sat=  7.754(set=0.214 slv=7.538 max=7.5379 n=1) sim= 0.000(rmp=0.000 run=0.000) chk= 0.000 stat= 0.201 rest= 0.008
  [bmc-incr i=1012 repr=1 active=751/175903 POs=1]
BMC : c =     749  cl =   4503  lit =  175902  p =     0  d =     0  f =     1  +  T =     0.02 sec
  [bmc-prof 1012] wall=  18.474 p=     1 | ifo=  0.797(sd=0.197 nx=0.000 tfo=0.038 cnt=0.562) snap= 0.295 srm=  9.187 sat=  7.993(set=0.227 slv=7.763 max=7.7629 n=1) sim= 0.000(rmp=0.000 run=0.000) chk= 0.000 stat= 0.196 rest= 0.006
  [bmc-incr i=1013 repr=1 active=750/175902 POs=1]
BMC : c =     748  cl =   4503  lit =  175901  p =     0  d =     0  f =     1  +  T =     0.02 sec
  [bmc-prof 1013] wall=  20.134 p=     1 | ifo=  0.772(sd=0.190 nx=0.000 tfo=0.046 cnt=0.536) snap= 0.335 srm= 10.753 sat=  8.066(set=0.232 slv=7.831 max=7.8305 n=1) sim= 0.000(rmp=0.000 run=0.000) chk= 0.000 stat= 0.202 rest= 0.006
  [bmc-incr i=1014 repr=1 active=749/175901 POs=1]
BMC : c =     747  cl =   4503  lit =  175900  p =     0  d =     0  f =     1  +  T =     0.02 sec
  [bmc-prof 1014] wall=  18.061 p=     1 | ifo=  0.764(sd=0.195 nx=0.000 tfo=0.039 cnt=0.530) snap= 0.316 srm=  8.937 sat=  7.832(set=0.213 slv=7.615 max=7.6155 n=1) sim= 0.000(rmp=0.000 run=0.000) chk= 0.000 stat= 0.208 rest= 0.005
  [bmc-incr i=1015 repr=1 active=748/175900 POs=1]
BMC : c =     746  cl =   4503  lit =  175899  p =     0  d =     0  f =     1  +  T =     0.02 sec
  [bmc-prof 1015] wall=  20.058 p=     1 | ifo=  0.774(sd=0.195 nx=0.000 tfo=0.050 cnt=0.529) snap= 0.299 srm= 10.674 sat=  8.090(set=0.229 slv=7.857 max=7.8568 n=1) sim= 0.000(rmp=0.000 run=0.000) chk= 0.000 stat= 0.213 rest= 0.008
  [bmc-incr i=1016 repr=1 active=747/175899 POs=1]
BMC : c =     745  cl =   4503  lit =  175898  p =     0  d =     0  f =     1  +  T =     0.02 sec
  [bmc-prof 1016] wall=  19.261 p=     1 | ifo=  0.747(sd=0.194 nx=0.000 tfo=0.040 cnt=0.514) snap= 0.317 srm=  9.860 sat=  8.131(set=0.230 slv=7.897 max=7.8975 n=1) sim= 0.000(rmp=0.000 run=0.000) chk= 0.000 stat= 0.199 rest= 0.006
  [bmc-incr i=1017 repr=1 active=746/175898 POs=1]
BMC : c =     744  cl =   4503  lit =  175897  p =     0  d =     0  f =     1  +  T =     0.02 sec
  [bmc-prof 1017] wall=  18.108 p=     1 | ifo=  0.766(sd=0.189 nx=0.000 tfo=0.059 cnt=0.518) snap= 0.293 srm=  8.436 sat=  8.415(set=0.216 slv=8.196 max=8.1957 n=1) sim= 0.000(rmp=0.000 run=0.000) chk= 0.001 stat= 0.192 rest= 0.005
  [bmc-incr i=1018 repr=1 active=745/175897 POs=1]
BMC : c =     743  cl =   4503  lit =  175896  p =     0  d =     0  f =     1  +  T =     0.02 sec
  [bmc-prof 1018] wall=  17.314 p=     1 | ifo=  0.733(sd=0.190 nx=0.000 tfo=0.045 cnt=0.498) snap= 0.292 srm=  8.949 sat=  7.111(set=0.210 slv=6.898 max=6.8981 n=1) sim= 0.000(rmp=0.000 run=0.000) chk= 0.000 stat= 0.221 rest= 0.008
  [bmc-incr i=1019 repr=1 active=744/175896 POs=1]
BMC : c =     742  cl =   4503  lit =  175895  p =     0  d =     0  f =     1  +  T =     0.02 sec
  [bmc-prof 1019] wall=  18.556 p=     1 | ifo=  0.829(sd=0.228 nx=0.000 tfo=0.043 cnt=0.558) snap= 0.331 srm=  9.541 sat=  7.645(set=0.229 slv=7.413 max=7.4131 n=1) sim= 0.000(rmp=0.000 run=0.000) chk= 0.000 stat= 0.205 rest= 0.005
  [bmc-incr i=1020 repr=1 active=743/175895 POs=1]
BMC : c =     741  cl =   4503  lit =  175894  p =     0  d =     0  f =     1  +  T =     0.02 sec
  [bmc-prof 1020] wall=  18.475 p=     1 | ifo=  0.804(sd=0.209 nx=0.000 tfo=0.042 cnt=0.553) snap= 0.313 srm=  9.182 sat=  7.965(set=0.212 slv=7.750 max=7.7502 n=1) sim= 0.000(rmp=0.000 run=0.000) chk= 0.000 stat= 0.204 rest= 0.007
  [bmc-incr i=1021 repr=1 active=742/175894 POs=1]
BMC : c =     740  cl =   4503  lit =  175893  p =     0  d =     0  f =     1  +  T =     0.02 sec
  [bmc-prof 1021] wall=  19.293 p=     1 | ifo=  0.787(sd=0.197 nx=0.000 tfo=0.037 cnt=0.553) snap= 0.354 srm= 10.001 sat=  7.889(set=0.239 slv=7.647 max=7.6471 n=1) sim= 0.000(rmp=0.000 run=0.000) chk= 0.001 stat= 0.250 rest= 0.011
  [bmc-incr i=1022 repr=1 active=741/175893 POs=1]
BMC : c =     739  cl =   4503  lit =  175892  p =     0  d =     0  f =     1  +  T =     0.02 sec
  [bmc-prof 1022] wall=  19.730 p=     1 | ifo=  0.800(sd=0.216 nx=0.000 tfo=0.040 cnt=0.544) snap= 0.331 srm= 10.000 sat=  8.375(set=0.244 slv=8.127 max=8.1266 n=1) sim= 0.000(rmp=0.000 run=0.000) chk= 0.001 stat= 0.219 rest= 0.005
  [bmc-incr i=1023 repr=1 active=740/175892 POs=1]
BMC : c =     738  cl =   4503  lit =  175891  p =     0  d =     0  f =     1  +  T =     0.02 sec
  [bmc-prof 1023] wall=  18.999 p=     1 | ifo=  0.809(sd=0.213 nx=0.000 tfo=0.039 cnt=0.557) snap= 0.320 srm=  9.916 sat=  7.719(set=0.251 slv=7.465 max=7.4649 n=1) sim= 0.000(rmp=0.000 run=0.000) chk= 0.001 stat= 0.225 rest= 0.009
  [bmc-incr i=1024 repr=1 active=739/175891 POs=1]
BMC : c =     737  cl =   4503  lit =  175890  p =     0  d =     0  f =     1  +  T =     0.02 sec
  [bmc-prof 1024] wall=  17.738 p=     1 | ifo=  0.759(sd=0.188 nx=0.000 tfo=0.039 cnt=0.532) snap= 0.310 srm=  9.083 sat=  7.373(set=0.224 slv=7.146 max=7.1458 n=1) sim= 0.000(rmp=0.000 run=0.000) chk= 0.000 stat= 0.205 rest= 0.007
  [bmc-incr i=1025 repr=1 active=738/175890 POs=1]
BMC : c =     736  cl =   4503  lit =  175889  p =     0  d =     0  f =     1  +  T =     0.02 sec
  [bmc-prof 1025] wall=  18.082 p=     1 | ifo=  0.760(sd=0.194 nx=0.000 tfo=0.040 cnt=0.526) snap= 0.321 srm=  9.096 sat=  7.697(set=0.233 slv=7.461 max=7.4612 n=1) sim= 0.000(rmp=0.000 run=0.000) chk= 0.000 stat= 0.203 rest= 0.004
  [bmc-incr i=1026 repr=1 active=737/175889 POs=1]
BMC : c =     735  cl =   4503  lit =  175888  p =     0  d =     0  f =     1  +  T =     0.02 sec
  [bmc-prof 1026] wall=  18.380 p=     1 | ifo=  0.788(sd=0.198 nx=0.000 tfo=0.038 cnt=0.552) snap= 0.326 srm=  9.293 sat=  7.763(set=0.223 slv=7.537 max=7.5369 n=1) sim= 0.000(rmp=0.000 run=0.000) chk= 0.000 stat= 0.205 rest= 0.006
  [bmc-incr i=1027 repr=1 active=736/175888 POs=1]
BMC : c =     734  cl =   4503  lit =  175887  p =     0  d =     0  f =     1  +  T =     0.02 sec
  [bmc-prof 1027] wall=  18.383 p=     1 | ifo=  0.825(sd=0.210 nx=0.000 tfo=0.039 cnt=0.576) snap= 0.318 srm=  9.045 sat=  7.977(set=0.225 slv=7.748 max=7.7483 n=1) sim= 0.000(rmp=0.000 run=0.000) chk= 0.000 stat= 0.211 rest= 0.007
  [bmc-incr i=1028 repr=1 active=735/175887 POs=1]
BMC : c =     733  cl =   4503  lit =  175886  p =     0  d =     0  f =     1  +  T =     0.02 sec
  [bmc-prof 1028] wall=  19.170 p=     1 | ifo=  0.800(sd=0.200 nx=0.000 tfo=0.038 cnt=0.562) snap= 0.314 srm=  9.385 sat=  8.465(set=0.221 slv=8.240 max=8.2403 n=1) sim= 0.000(rmp=0.000 run=0.000) chk= 0.000 stat= 0.200 rest= 0.006
  [bmc-incr i=1029 repr=1 active=734/175886 POs=1]
BMC : c =     732  cl =   4503  lit =  175885  p =     0  d =     0  f =     1  +  T =     0.02 sec
  [bmc-prof 1029] wall=  18.085 p=     1 | ifo=  0.770(sd=0.194 nx=0.000 tfo=0.039 cnt=0.537) snap= 0.372 srm=  9.356 sat=  7.372(set=0.224 slv=7.145 max=7.1448 n=1) sim= 0.000(rmp=0.000 run=0.000) chk= 0.001 stat= 0.209 rest= 0.006
  [bmc-incr i=1030 repr=1 active=733/175885 POs=1]
BMC : c =     731  cl =   4503  lit =  175884  p =     0  d =     0  f =     1  +  T =     0.02 sec
  [bmc-prof 1030] wall=  16.996 p=     1 | ifo=  0.739(sd=0.196 nx=0.000 tfo=0.038 cnt=0.504) snap= 0.285 srm=  8.525 sat=  7.164(set=0.212 slv=6.949 max=6.9492 n=1) sim= 0.000(rmp=0.000 run=0.000) chk= 0.000 stat= 0.277 rest= 0.005
  [bmc-incr i=1031 repr=1 active=732/175884 POs=1]
BMC : c =     730  cl =   4503  lit =  175883  p =     0  d =     0  f =     1  +  T =     0.02 sec
  [bmc-prof 1031] wall=  17.241 p=     1 | ifo=  0.887(sd=0.223 nx=0.000 tfo=0.040 cnt=0.624) snap= 0.315 srm=  8.680 sat=  7.103(set=0.210 slv=6.890 max=6.8899 n=1) sim= 0.000(rmp=0.000 run=0.000) chk= 0.000 stat= 0.248 rest= 0.008
  [bmc-incr i=1032 repr=1 active=731/175883 POs=1]
BMC : c =     729  cl =   4503  lit =  175882  p =     0  d =     0  f =     1  +  T =     0.02 sec
  [bmc-prof 1032] wall=  17.982 p=     1 | ifo=  0.800(sd=0.218 nx=0.000 tfo=0.043 cnt=0.539) snap= 0.296 srm=  8.799 sat=  7.880(set=0.222 slv=7.654 max=7.6540 n=1) sim= 0.000(rmp=0.000 run=0.000) chk= 0.001 stat= 0.201 rest= 0.007
  [bmc-incr i=1033 repr=1 active=730/175882 POs=1]
BMC : c =     728  cl =   4503  lit =  175881  p =     0  d =     0  f =     1  +  T =     0.02 sec
  [bmc-prof 1033] wall=  17.272 p=     1 | ifo=  0.771(sd=0.192 nx=0.000 tfo=0.053 cnt=0.526) snap= 0.291 srm=  8.354 sat=  7.670(set=0.201 slv=7.466 max=7.4655 n=1) sim= 0.000(rmp=0.000 run=0.000) chk= 0.000 stat= 0.181 rest= 0.005
  [bmc-incr i=1034 repr=1 active=729/175881 POs=1]
BMC : c =     727  cl =   4503  lit =  175880  p =     0  d =     0  f =     1  +  T =     0.02 sec
  [bmc-prof 1034] wall=  20.331 p=     1 | ifo=  0.691(sd=0.179 nx=0.000 tfo=0.035 cnt=0.477) snap= 0.355 srm= 10.153 sat=  8.921(set=0.240 slv=8.678 max=8.6776 n=1) sim= 0.000(rmp=0.000 run=0.000) chk= 0.000 stat= 0.205 rest= 0.006
  [bmc-incr i=1035 repr=1 active=728/175880 POs=1]
BMC : c =     726  cl =   4503  lit =  175879  p =     0  d =     0  f =     1  +  T =     0.02 sec
  [bmc-prof 1035] wall=  18.138 p=     1 | ifo=  0.777(sd=0.197 nx=0.000 tfo=0.038 cnt=0.542) snap= 0.306 srm=  8.842 sat=  8.008(set=0.209 slv=7.796 max=7.7960 n=1) sim= 0.000(rmp=0.000 run=0.000) chk= 0.000 stat= 0.199 rest= 0.005
  [bmc-incr i=1036 repr=1 active=727/175879 POs=1]
BMC : c =     725  cl =   4503  lit =  175878  p =     0  d =     0  f =     1  +  T =     0.02 sec
  [bmc-prof 1036] wall=  17.992 p=     1 | ifo=  0.770(sd=0.194 nx=0.000 tfo=0.039 cnt=0.536) snap= 0.323 srm=  9.140 sat=  7.509(set=0.215 slv=7.292 max=7.2916 n=1) sim= 0.000(rmp=0.000 run=0.000) chk= 0.000 stat= 0.244 rest= 0.004
  [bmc-incr i=1037 repr=1 active=726/175878 POs=1]
BMC : c =     724  cl =   4503  lit =  175877  p =     0  d =     0  f =     1  +  T =     0.02 sec
  [bmc-prof 1037] wall=  18.635 p=     1 | ifo=  0.849(sd=0.239 nx=0.000 tfo=0.042 cnt=0.569) snap= 0.326 srm=  8.908 sat=  8.347(set=0.218 slv=8.126 max=8.1261 n=1) sim= 0.000(rmp=0.000 run=0.000) chk= 0.001 stat= 0.197 rest= 0.006
  [bmc-incr i=1038 repr=1 active=725/175877 POs=1]
BMC : c =     723  cl =   4503  lit =  175876  p =     0  d =     0  f =     1  +  T =     0.02 sec
  [bmc-prof 1038] wall=  17.672 p=     1 | ifo=  0.805(sd=0.200 nx=0.000 tfo=0.037 cnt=0.568) snap= 0.296 srm=  8.683 sat=  7.683(set=0.204 slv=7.475 max=7.4753 n=1) sim= 0.000(rmp=0.000 run=0.000) chk= 0.002 stat= 0.198 rest= 0.006
  [bmc-incr i=1039 repr=1 active=724/175876 POs=1]
BMC : c =     722  cl =   4503  lit =  175875  p =     0  d =     0  f =     1  +  T =     0.02 sec
  [bmc-prof 1039] wall=  20.024 p=     1 | ifo=  0.727(sd=0.181 nx=0.000 tfo=0.039 cnt=0.507) snap= 0.368 srm= 10.579 sat=  8.142(set=0.233 slv=7.905 max=7.9054 n=1) sim= 0.000(rmp=0.000 run=0.000) chk= 0.000 stat= 0.201 rest= 0.007
  [bmc-incr i=1040 repr=1 active=723/175875 POs=1]
BMC : c =     721  cl =   4503  lit =  175874  p =     0  d =     0  f =     1  +  T =     0.02 sec
  [bmc-prof 1040] wall=  18.972 p=     1 | ifo=  0.741(sd=0.191 nx=0.000 tfo=0.037 cnt=0.513) snap= 0.327 srm=  9.226 sat=  8.477(set=0.215 slv=8.260 max=8.2596 n=1) sim= 0.000(rmp=0.000 run=0.000) chk= 0.000 stat= 0.196 rest= 0.005
  [bmc-incr i=1041 repr=1 active=722/175874 POs=1]
BMC : c =     720  cl =   4503  lit =  175873  p =     0  d =     0  f =     1  +  T =     0.02 sec
  [bmc-prof 1041] wall=  18.422 p=     1 | ifo=  0.759(sd=0.196 nx=0.000 tfo=0.036 cnt=0.527) snap= 0.341 srm=  9.153 sat=  7.937(set=0.238 slv=7.695 max=7.6951 n=1) sim= 0.000(rmp=0.000 run=0.000) chk= 0.000 stat= 0.226 rest= 0.007
  [bmc-incr i=1042 repr=1 active=721/175873 POs=1]
BMC : c =     719  cl =   4503  lit =  175872  p =     0  d =     0  f =     1  +  T =     0.02 sec
  [bmc-prof 1042] wall=  17.183 p=     1 | ifo=  0.768(sd=0.189 nx=0.000 tfo=0.054 cnt=0.525) snap= 0.317 srm=  8.920 sat=  6.985(set=0.207 slv=6.774 max=6.7744 n=1) sim= 0.000(rmp=0.000 run=0.000) chk= 0.000 stat= 0.187 rest= 0.005
  [bmc-incr i=1043 repr=1 active=720/175872 POs=1]
BMC : c =     718  cl =   4503  lit =  175871  p =     0  d =     0  f =     1  +  T =     0.02 sec
  [bmc-prof 1043] wall=  19.584 p=     1 | ifo=  0.754(sd=0.188 nx=0.000 tfo=0.036 cnt=0.530) snap= 0.357 srm=  9.949 sat=  8.262(set=0.237 slv=8.022 max=8.0223 n=1) sim= 0.000(rmp=0.000 run=0.000) chk= 0.000 stat= 0.256 rest= 0.006
  [bmc-incr i=1044 repr=1 active=719/175871 POs=1]
BMC : c =     717  cl =   4503  lit =  175870  p =     0  d =     0  f =     1  +  T =     0.02 sec
  [bmc-prof 1044] wall=  19.398 p=     1 | ifo=  0.819(sd=0.229 nx=0.000 tfo=0.057 cnt=0.533) snap= 0.293 srm=  9.090 sat=  8.902(set=0.214 slv=8.683 max=8.6835 n=1) sim= 0.000(rmp=0.000 run=0.000) chk= 0.000 stat= 0.286 rest= 0.007
  [bmc-incr i=1045 repr=1 active=718/175870 POs=1]
BMC : c =     716  cl =   4503  lit =  175869  p =     0  d =     0  f =     1  +  T =     0.02 sec
  [bmc-prof 1045] wall=  18.169 p=     1 | ifo=  0.993(sd=0.270 nx=0.000 tfo=0.048 cnt=0.675) snap= 0.318 srm=  9.449 sat=  7.199(set=0.238 slv=6.959 max=6.9586 n=1) sim= 0.000(rmp=0.000 run=0.000) chk= 0.001 stat= 0.204 rest= 0.006
  [bmc-incr i=1046 repr=1 active=717/175869 POs=1]
BMC : c =     715  cl =   4503  lit =  175868  p =     0  d =     0  f =     1  +  T =     0.02 sec
  [bmc-prof 1046] wall=  18.937 p=     1 | ifo=  0.769(sd=0.205 nx=0.000 tfo=0.038 cnt=0.526) snap= 0.829 srm=  8.735 sat=  8.400(set=0.655 slv=7.742 max=7.7422 n=1) sim= 0.000(rmp=0.000 run=0.000) chk= 0.000 stat= 0.197 rest= 0.005
  [bmc-incr i=1047 repr=1 active=716/175868 POs=1]
BMC : c =     714  cl =   4503  lit =  175867  p =     0  d =     0  f =     1  +  T =     0.02 sec
  [bmc-prof 1047] wall=  22.029 p=     1 | ifo=  0.739(sd=0.185 nx=0.000 tfo=0.035 cnt=0.520) snap= 0.426 srm= 12.230 sat=  8.393(set=0.284 slv=8.106 max=8.1058 n=1) sim= 0.000(rmp=0.000 run=0.000) chk= 0.000 stat= 0.235 rest= 0.006
  [bmc-incr i=1048 repr=1 active=715/175867 POs=1]
BMC : c =     713  cl =   4503  lit =  175866  p =     0  d =     0  f =     1  +  T =     0.02 sec
  [bmc-prof 1048] wall=  17.257 p=     1 | ifo=  0.760(sd=0.200 nx=0.000 tfo=0.038 cnt=0.522) snap= 0.307 srm=  8.647 sat=  7.273(set=0.240 slv=7.030 max=7.0295 n=1) sim= 0.000(rmp=0.000 run=0.000) chk= 0.000 stat= 0.266 rest= 0.005
  [bmc-incr i=1049 repr=1 active=714/175866 POs=1]
BMC : c =     712  cl =   4503  lit =  175865  p =     0  d =     0  f =     1  +  T =     0.02 sec
  [bmc-prof 1049] wall=  19.138 p=     1 | ifo=  0.859(sd=0.233 nx=0.000 tfo=0.041 cnt=0.586) snap= 0.297 srm=  8.496 sat=  9.257(set=0.210 slv=9.044 max=9.0441 n=1) sim= 0.000(rmp=0.000 run=0.000) chk= 0.001 stat= 0.223 rest= 0.007
  [bmc-incr i=1050 repr=1 active=713/175865 POs=1]
BMC : c =     711  cl =   4503  lit =  175864  p =     0  d =     0  f =     1  +  T =     0.02 sec
  [bmc-prof 1050] wall=  18.744 p=     1 | ifo=  0.849(sd=0.220 nx=0.000 tfo=0.038 cnt=0.591) snap= 0.341 srm=  9.539 sat=  7.817(set=0.231 slv=7.584 max=7.5836 n=1) sim= 0.000(rmp=0.000 run=0.000) chk= 0.000 stat= 0.191 rest= 0.006
  [bmc-incr i=1051 repr=1 active=712/175864 POs=1]
BMC : c =     710  cl =   4503  lit =  175863  p =     0  d =     0  f =     1  +  T =     0.02 sec
  [bmc-prof 1051] wall=  17.205 p=     1 | ifo=  0.739(sd=0.189 nx=0.000 tfo=0.035 cnt=0.516) snap= 0.354 srm=  8.790 sat=  7.119(set=0.243 slv=6.874 max=6.8739 n=1) sim= 0.000(rmp=0.000 run=0.000) chk= 0.000 stat= 0.196 rest= 0.006
  [bmc-incr i=1052 repr=1 active=711/175863 POs=1]
BMC : c =     709  cl =   4503  lit =  175862  p =     0  d =     0  f =     1  +  T =     0.02 sec
  [bmc-prof 1052] wall=  17.455 p=     1 | ifo=  0.733(sd=0.192 nx=0.000 tfo=0.034 cnt=0.507) snap= 0.336 srm=  9.156 sat=  7.008(set=0.212 slv=6.793 max=6.7929 n=1) sim= 0.000(rmp=0.000 run=0.000) chk= 0.001 stat= 0.214 rest= 0.007
  [bmc-incr i=1053 repr=1 active=710/175862 POs=1]
BMC : c =     708  cl =   4503  lit =  175861  p =     0  d =     0  f =     1  +  T =     0.02 sec
  [bmc-prof 1053] wall=  17.442 p=     1 | ifo=  0.771(sd=0.210 nx=0.000 tfo=0.041 cnt=0.520) snap= 0.292 srm=  8.380 sat=  7.804(set=0.230 slv=7.570 max=7.5703 n=1) sim= 0.000(rmp=0.000 run=0.000) chk= 0.000 stat= 0.189 rest= 0.005
  [bmc-incr i=1054 repr=1 active=709/175861 POs=1]
BMC : c =     707  cl =   4503  lit =  175860  p =     0  d =     0  f =     1  +  T =     0.02 sec
  [bmc-prof 1054] wall=  20.219 p=     1 | ifo=  0.729(sd=0.190 nx=0.000 tfo=0.037 cnt=0.502) snap= 0.349 srm= 10.401 sat=  8.531(set=0.251 slv=8.278 max=8.2775 n=1) sim= 0.000(rmp=0.000 run=0.000) chk= 0.000 stat= 0.202 rest= 0.005
  [bmc-incr i=1055 repr=1 active=708/175860 POs=1]
BMC : c =     706  cl =   4503  lit =  175859  p =     0  d =     0  f =     1  +  T =     0.02 sec
  [bmc-prof 1055] wall=  17.308 p=     1 | ifo=  0.733(sd=0.185 nx=0.000 tfo=0.034 cnt=0.515) snap= 0.295 srm=  8.727 sat=  7.350(set=0.230 slv=7.118 max=7.1175 n=1) sim= 0.000(rmp=0.000 run=0.000) chk= 0.001 stat= 0.196 rest= 0.005
  [bmc-incr i=1056 repr=1 active=707/175859 POs=1]
BMC : c =     705  cl =   4503  lit =  175858  p =     0  d =     0  f =     1  +  T =     0.02 sec
  [bmc-prof 1056] wall=  17.250 p=     1 | ifo=  0.734(sd=0.203 nx=0.000 tfo=0.034 cnt=0.497) snap= 0.290 srm=  8.708 sat=  7.304(set=0.229 slv=7.072 max=7.0722 n=1) sim= 0.000(rmp=0.000 run=0.000) chk= 0.000 stat= 0.206 rest= 0.008
  [bmc-incr i=1057 repr=1 active=706/175858 POs=1]
BMC : c =     704  cl =   4503  lit =  175857  p =     0  d =     0  f =     1  +  T =     0.02 sec
  [bmc-prof 1057] wall=  17.488 p=     1 | ifo=  0.738(sd=0.186 nx=0.000 tfo=0.035 cnt=0.517) snap= 0.291 srm=  8.875 sat=  7.376(set=0.203 slv=7.171 max=7.1710 n=1) sim= 0.000(rmp=0.000 run=0.000) chk= 0.000 stat= 0.201 rest= 0.007
  [bmc-incr i=1058 repr=1 active=705/175857 POs=1]
BMC : c =     703  cl =   4503  lit =  175856  p =     0  d =     0  f =     1  +  T =     0.02 sec
  [bmc-prof 1058] wall=  18.768 p=     1 | ifo=  0.781(sd=0.197 nx=0.000 tfo=0.037 cnt=0.548) snap= 0.310 srm=  9.006 sat=  8.450(set=0.234 slv=8.213 max=8.2129 n=1) sim= 0.000(rmp=0.000 run=0.000) chk= 0.000 stat= 0.212 rest= 0.007
  [bmc-incr i=1059 repr=1 active=704/175856 POs=1]
BMC : c =     702  cl =   4503  lit =  175855  p =     0  d =     0  f =     1  +  T =     0.02 sec
  [bmc-prof 1059] wall=  18.733 p=     1 | ifo=  0.763(sd=0.193 nx=0.000 tfo=0.037 cnt=0.533) snap= 0.322 srm=  9.174 sat=  8.262(set=0.224 slv=8.034 max=8.0343 n=1) sim= 0.000(rmp=0.000 run=0.000) chk= 0.000 stat= 0.207 rest= 0.005
  [bmc-incr i=1060 repr=1 active=703/175855 POs=1]
BMC : c =     701  cl =   4503  lit =  175854  p =     0  d =     0  f =     1  +  T =     0.02 sec
  [bmc-prof 1060] wall=  18.778 p=     1 | ifo=  0.787(sd=0.198 nx=0.000 tfo=0.037 cnt=0.552) snap= 0.295 srm= 10.024 sat=  7.454(set=0.217 slv=7.234 max=7.2339 n=1) sim= 0.000(rmp=0.000 run=0.000) chk= 0.000 stat= 0.210 rest= 0.006
  [bmc-incr i=1061 repr=1 active=702/175854 POs=1]
BMC : c =     700  cl =   4503  lit =  175853  p =     0  d =     0  f =     1  +  T =     0.02 sec
  [bmc-prof 1061] wall=  19.189 p=     1 | ifo=  0.767(sd=0.199 nx=0.000 tfo=0.033 cnt=0.535) snap= 0.321 srm= 10.062 sat=  7.833(set=0.234 slv=7.596 max=7.5964 n=1) sim= 0.000(rmp=0.000 run=0.000) chk= 0.000 stat= 0.200 rest= 0.006
  [bmc-incr i=1062 repr=1 active=701/175853 POs=1]
BMC : c =     699  cl =   4503  lit =  175852  p =     0  d =     0  f =     1  +  T =     0.02 sec
  [bmc-prof 1062] wall=  18.197 p=     1 | ifo=  0.771(sd=0.194 nx=0.000 tfo=0.035 cnt=0.542) snap= 0.286 srm=  8.896 sat=  8.041(set=0.212 slv=7.826 max=7.8264 n=1) sim= 0.000(rmp=0.000 run=0.000) chk= 0.000 stat= 0.196 rest= 0.007
  [bmc-incr i=1063 repr=1 active=700/175852 POs=1]
BMC : c =     698  cl =   4503  lit =  175851  p =     0  d =     0  f =     1  +  T =     0.02 sec
  [bmc-prof 1063] wall=  19.268 p=     1 | ifo=  0.738(sd=0.186 nx=0.000 tfo=0.036 cnt=0.517) snap= 0.307 srm= 10.349 sat=  7.621(set=0.236 slv=7.382 max=7.3817 n=1) sim= 0.000(rmp=0.000 run=0.000) chk= 0.000 stat= 0.247 rest= 0.006
  [bmc-incr i=1064 repr=1 active=699/175851 POs=1]
BMC : c =     697  cl =   4503  lit =  175850  p =     0  d =     0  f =     1  +  T =     0.02 sec
  [bmc-prof 1064] wall=  16.913 p=     1 | ifo=  0.726(sd=0.181 nx=0.000 tfo=0.033 cnt=0.513) snap= 0.292 srm=  8.416 sat=  7.284(set=0.205 slv=7.076 max=7.0757 n=1) sim= 0.000(rmp=0.000 run=0.000) chk= 0.000 stat= 0.191 rest= 0.005
  [bmc-incr i=1065 repr=1 active=698/175850 POs=1]
BMC : c =     696  cl =   4503  lit =  175849  p =     0  d =     0  f =     1  +  T =     0.02 sec
  [bmc-prof 1065] wall=  16.961 p=     1 | ifo=  0.876(sd=0.184 nx=0.000 tfo=0.035 cnt=0.657) snap= 0.285 srm=  8.512 sat=  7.073(set=0.209 slv=6.862 max=6.8617 n=1) sim= 0.000(rmp=0.000 run=0.000) chk= 0.001 stat= 0.205 rest= 0.009
  [bmc-incr i=1066 repr=1 active=697/175849 POs=1]
BMC : c =     695  cl =   4503  lit =  175848  p =     0  d =     0  f =     1  +  T =     0.02 sec
  [bmc-prof 1066] wall=  18.096 p=     1 | ifo=  0.729(sd=0.184 nx=0.000 tfo=0.035 cnt=0.510) snap= 0.302 srm=  8.401 sat=  8.441(set=0.212 slv=8.226 max=8.2264 n=1) sim= 0.000(rmp=0.000 run=0.000) chk= 0.000 stat= 0.214 rest= 0.008
  [bmc-incr i=1067 repr=1 active=696/175848 POs=1]
BMC : c =     694  cl =   4503  lit =  175847  p =     0  d =     0  f =     1  +  T =     0.02 sec
  [bmc-prof 1067] wall=  18.352 p=     1 | ifo=  0.812(sd=0.214 nx=0.000 tfo=0.035 cnt=0.563) snap= 0.298 srm=  9.491 sat=  7.557(set=0.219 slv=7.335 max=7.3349 n=1) sim= 0.000(rmp=0.000 run=0.000) chk= 0.000 stat= 0.189 rest= 0.005
  [bmc-incr i=1068 repr=1 active=695/175847 POs=1]
BMC : c =     693  cl =   4503  lit =  175846  p =     0  d =     0  f =     1  +  T =     0.02 sec
  [bmc-prof 1068] wall=  23.851 p=     1 | ifo=  0.731(sd=0.188 nx=0.000 tfo=0.035 cnt=0.508) snap= 0.322 srm= 12.643 sat=  9.891(set=0.236 slv=9.651 max=9.6511 n=1) sim= 0.000(rmp=0.000 run=0.000) chk= 0.000 stat= 0.255 rest= 0.008
  [bmc-incr i=1069 repr=1 active=694/175846 POs=1]
BMC : c =     692  cl =   4503  lit =  175845  p =     0  d =     0  f =     1  +  T =     0.02 sec
  [bmc-prof 1069] wall=  18.168 p=     1 | ifo=  0.858(sd=0.216 nx=0.000 tfo=0.038 cnt=0.603) snap= 0.306 srm=  9.265 sat=  7.538(set=0.235 slv=7.300 max=7.2998 n=1) sim= 0.000(rmp=0.000 run=0.000) chk= 0.000 stat= 0.194 rest= 0.008
  [bmc-incr i=1070 repr=1 active=693/175845 POs=1]
BMC : c =     691  cl =   4503  lit =  175844  p =     0  d =     0  f =     1  +  T =     0.02 sec
  [bmc-prof 1070] wall=  18.942 p=     1 | ifo=  0.740(sd=0.194 nx=0.000 tfo=0.036 cnt=0.509) snap= 0.319 srm=  9.535 sat=  8.084(set=0.230 slv=7.851 max=7.8507 n=1) sim= 0.000(rmp=0.000 run=0.000) chk= 0.000 stat= 0.258 rest= 0.005
  [bmc-incr i=1071 repr=1 active=692/175844 POs=1]
BMC : c =     690  cl =   4503  lit =  175843  p =     0  d =     0  f =     1  +  T =     0.02 sec
  [bmc-prof 1071] wall=  17.749 p=     1 | ifo=  0.730(sd=0.196 nx=0.000 tfo=0.036 cnt=0.499) snap= 0.303 srm=  8.785 sat=  7.710(set=0.218 slv=7.490 max=7.4896 n=1) sim= 0.000(rmp=0.000 run=0.000) chk= 0.000 stat= 0.206 rest= 0.014
  [bmc-incr i=1072 repr=1 active=691/175843 POs=1]
BMC : c =     689  cl =   4503  lit =  175842  p =     0  d =     0  f =     1  +  T =     0.02 sec
  [bmc-prof 1072] wall=  18.741 p=     1 | ifo=  0.767(sd=0.198 nx=0.000 tfo=0.038 cnt=0.531) snap= 0.322 srm=  9.583 sat=  7.849(set=0.231 slv=7.614 max=7.6142 n=1) sim= 0.000(rmp=0.000 run=0.000) chk= 0.000 stat= 0.215 rest= 0.006
  [bmc-incr i=1073 repr=1 active=690/175842 POs=1]
BMC : c =     688  cl =   4503  lit =  175841  p =     0  d =     0  f =     1  +  T =     0.02 sec
  [bmc-prof 1073] wall=  18.647 p=     1 | ifo=  0.781(sd=0.203 nx=0.000 tfo=0.036 cnt=0.543) snap= 0.314 srm=  9.145 sat=  8.201(set=0.223 slv=7.976 max=7.9756 n=1) sim= 0.000(rmp=0.000 run=0.000) chk= 0.000 stat= 0.200 rest= 0.005
  [bmc-incr i=1074 repr=1 active=689/175841 POs=1]
BMC : c =     687  cl =   4503  lit =  175840  p =     0  d =     0  f =     1  +  T =     0.02 sec
  [bmc-prof 1074] wall=  18.718 p=     1 | ifo=  0.763(sd=0.198 nx=0.000 tfo=0.034 cnt=0.531) snap= 0.327 srm=  9.322 sat=  8.081(set=0.245 slv=7.825 max=7.8254 n=1) sim= 0.000(rmp=0.000 run=0.000) chk= 0.001 stat= 0.219 rest= 0.006
  [bmc-incr i=1075 repr=1 active=688/175840 POs=1]
BMC : c =     686  cl =   4503  lit =  175839  p =     0  d =     0  f =     1  +  T =     0.02 sec
  [bmc-prof 1075] wall=  19.382 p=     1 | ifo=  0.773(sd=0.203 nx=0.000 tfo=0.035 cnt=0.536) snap= 0.341 srm= 10.163 sat=  7.881(set=0.235 slv=7.643 max=7.6431 n=1) sim= 0.000(rmp=0.000 run=0.000) chk= 0.000 stat= 0.214 rest= 0.009
  [bmc-incr i=1076 repr=1 active=687/175839 POs=1]
BMC : c =     685  cl =   4503  lit =  175838  p =     0  d =     0  f =     1  +  T =     0.02 sec
  [bmc-prof 1076] wall=  16.955 p=     1 | ifo=  0.725(sd=0.189 nx=0.000 tfo=0.035 cnt=0.500) snap= 0.286 srm=  8.667 sat=  7.082(set=0.221 slv=6.858 max=6.8584 n=1) sim= 0.000(rmp=0.000 run=0.000) chk= 0.000 stat= 0.189 rest= 0.006
  [bmc-incr i=1077 repr=1 active=686/175838 POs=1]
BMC : c =     684  cl =   4503  lit =  175837  p =     0  d =     0  f =     1  +  T =     0.02 sec
  [bmc-prof 1077] wall=  18.615 p=     1 | ifo=  0.727(sd=0.180 nx=0.000 tfo=0.034 cnt=0.513) snap= 0.304 srm=  8.608 sat=  8.748(set=0.202 slv=8.542 max=8.5425 n=1) sim= 0.000(rmp=0.000 run=0.000) chk= 0.001 stat= 0.222 rest= 0.006
  [bmc-incr i=1078 repr=1 active=685/175837 POs=1]
BMC : c =     683  cl =   4503  lit =  175836  p =     0  d =     0  f =     1  +  T =     0.02 sec
  [bmc-prof 1078] wall=  18.740 p=     1 | ifo=  0.812(sd=0.204 nx=0.000 tfo=0.036 cnt=0.573) snap= 0.321 srm=  9.466 sat=  7.932(set=0.222 slv=7.707 max=7.7074 n=1) sim= 0.000(rmp=0.000 run=0.000) chk= 0.000 stat= 0.203 rest= 0.006
  [bmc-incr i=1079 repr=1 active=684/175836 POs=1]
BMC : c =     682  cl =   4503  lit =  175835  p =     0  d =     0  f =     1  +  T =     0.02 sec
  [bmc-prof 1079] wall=  19.511 p=     1 | ifo=  0.781(sd=0.197 nx=0.000 tfo=0.038 cnt=0.546) snap= 0.321 srm=  9.549 sat=  8.629(set=0.234 slv=8.390 max=8.3905 n=1) sim= 0.000(rmp=0.000 run=0.000) chk= 0.001 stat= 0.225 rest= 0.007
  [bmc-incr i=1080 repr=1 active=683/175835 POs=1]
BMC : c =     681  cl =   4503  lit =  175834  p =     0  d =     0  f =     1  +  T =     0.02 sec
  [bmc-prof 1080] wall=  18.552 p=     1 | ifo=  0.814(sd=0.207 nx=0.000 tfo=0.039 cnt=0.568) snap= 0.366 srm=  9.625 sat=  7.528(set=0.264 slv=7.261 max=7.2611 n=1) sim= 0.000(rmp=0.000 run=0.000) chk= 0.001 stat= 0.211 rest= 0.007
  [bmc-incr i=1081 repr=1 active=682/175834 POs=1]
BMC : c =     680  cl =   4503  lit =  175833  p =     0  d =     0  f =     1  +  T =     0.02 sec
  [bmc-prof 1081] wall=  18.205 p=     1 | ifo=  0.904(sd=0.213 nx=0.000 tfo=0.040 cnt=0.651) snap= 0.298 srm=  8.989 sat=  7.793(set=0.269 slv=7.521 max=7.5206 n=1) sim= 0.000(rmp=0.000 run=0.000) chk= 0.000 stat= 0.210 rest= 0.009
  [bmc-incr i=1082 repr=1 active=681/175833 POs=1]
BMC : c =     679  cl =   4503  lit =  175832  p =     0  d =     0  f =     1  +  T =     0.02 sec
  [bmc-prof 1082] wall=  19.320 p=     1 | ifo=  0.775(sd=0.200 nx=0.000 tfo=0.034 cnt=0.541) snap= 0.319 srm= 10.219 sat=  7.782(set=0.239 slv=7.540 max=7.5401 n=1) sim= 0.000(rmp=0.000 run=0.000) chk= 0.000 stat= 0.216 rest= 0.009
  [bmc-incr i=1083 repr=1 active=680/175832 POs=1]
BMC : c =     678  cl =   4503  lit =  175831  p =     0  d =     0  f =     1  +  T =     0.02 sec
  [bmc-prof 1083] wall=  18.438 p=     1 | ifo=  0.742(sd=0.186 nx=0.000 tfo=0.034 cnt=0.522) snap= 0.306 srm=  9.111 sat=  8.059(set=0.213 slv=7.843 max=7.8425 n=1) sim= 0.000(rmp=0.000 run=0.000) chk= 0.001 stat= 0.212 rest= 0.007
  [bmc-incr i=1084 repr=1 active=679/175831 POs=1]
BMC : c =     677  cl =   4503  lit =  175830  p =     0  d =     0  f =     1  +  T =     0.02 sec
  [bmc-prof 1084] wall=  18.902 p=     1 | ifo=  0.786(sd=0.200 nx=0.000 tfo=0.036 cnt=0.549) snap= 0.315 srm=  9.670 sat=  7.926(set=0.233 slv=7.690 max=7.6895 n=1) sim= 0.000(rmp=0.000 run=0.000) chk= 0.000 stat= 0.198 rest= 0.006
  [bmc-incr i=1085 repr=1 active=678/175830 POs=1]
BMC : c =     676  cl =   4503  lit =  175829  p =     0  d =     0  f =     1  +  T =     0.02 sec
  [bmc-prof 1085] wall=  18.728 p=     1 | ifo=  0.733(sd=0.190 nx=0.000 tfo=0.033 cnt=0.510) snap= 0.322 srm=  9.833 sat=  7.630(set=0.243 slv=7.384 max=7.3836 n=1) sim= 0.000(rmp=0.000 run=0.000) chk= 0.000 stat= 0.204 rest= 0.005
  [bmc-incr i=1086 repr=1 active=677/175829 POs=1]
BMC : c =     675  cl =   4503  lit =  175828  p =     0  d =     0  f =     1  +  T =     0.02 sec
  [bmc-prof 1086] wall=  17.937 p=     1 | ifo=  0.701(sd=0.182 nx=0.000 tfo=0.034 cnt=0.485) snap= 0.305 srm=  8.742 sat=  7.954(set=0.220 slv=7.731 max=7.7306 n=1) sim= 0.000(rmp=0.000 run=0.000) chk= 0.000 stat= 0.227 rest= 0.006
  [bmc-incr i=1087 repr=1 active=676/175828 POs=1]
BMC : c =     674  cl =   4503  lit =  175827  p =     0  d =     0  f =     1  +  T =     0.02 sec
  [bmc-prof 1087] wall=  17.068 p=     1 | ifo=  0.829(sd=0.203 nx=0.000 tfo=0.034 cnt=0.593) snap= 0.294 srm=  8.873 sat=  6.869(set=0.207 slv=6.659 max=6.6588 n=1) sim= 0.000(rmp=0.000 run=0.000) chk= 0.001 stat= 0.198 rest= 0.005
  [bmc-incr i=1088 repr=1 active=675/175827 POs=1]
BMC : c =     673  cl =   4503  lit =  175826  p =     0  d =     0  f =     1  +  T =     0.02 sec
  [bmc-prof 1088] wall=  17.113 p=     1 | ifo=  0.710(sd=0.192 nx=0.000 tfo=0.034 cnt=0.484) snap= 0.297 srm=  8.825 sat=  7.066(set=0.218 slv=6.845 max=6.8445 n=1) sim= 0.000(rmp=0.000 run=0.000) chk= 0.000 stat= 0.207 rest= 0.008
  [bmc-incr i=1089 repr=1 active=674/175826 POs=1]
BMC : c =     672  cl =   4503  lit =  175825  p =     0  d =     0  f =     1  +  T =     0.02 sec
  [bmc-prof 1089] wall=  18.576 p=     1 | ifo=  0.714(sd=0.178 nx=0.000 tfo=0.032 cnt=0.503) snap= 0.293 srm=  8.731 sat=  8.605(set=0.207 slv=8.395 max=8.3945 n=1) sim= 0.000(rmp=0.000 run=0.000) chk= 0.000 stat= 0.227 rest= 0.006
  [bmc-incr i=1090 repr=1 active=673/175825 POs=1]
BMC : c =     671  cl =   4503  lit =  175824  p =     0  d =     0  f =     1  +  T =     0.02 sec
  [bmc-prof 1090] wall=  20.409 p=     1 | ifo=  0.951(sd=0.194 nx=0.000 tfo=0.034 cnt=0.723) snap= 0.312 srm=  8.820 sat= 10.110(set=0.252 slv=9.855 max=9.8547 n=1) sim= 0.000(rmp=0.000 run=0.000) chk= 0.001 stat= 0.209 rest= 0.006
  [bmc-incr i=1091 repr=1 active=672/175824 POs=1]
BMC : c =     670  cl =   4503  lit =  175823  p =     0  d =     0  f =     1  +  T =     0.02 sec
  [bmc-prof 1091] wall=  19.023 p=     1 | ifo=  0.870(sd=0.230 nx=0.000 tfo=0.035 cnt=0.605) snap= 0.302 srm=  9.005 sat=  8.609(set=0.222 slv=8.383 max=8.3833 n=1) sim= 0.000(rmp=0.000 run=0.000) chk= 0.001 stat= 0.231 rest= 0.007
  [bmc-incr i=1092 repr=1 active=671/175823 POs=1]
BMC : c =     669  cl =   4503  lit =  175822  p =     0  d =     0  f =     1  +  T =     0.02 sec
  [bmc-prof 1092] wall=  18.311 p=     1 | ifo=  0.766(sd=0.193 nx=0.000 tfo=0.030 cnt=0.543) snap= 0.315 srm=  8.880 sat=  8.077(set=0.237 slv=7.837 max=7.8368 n=1) sim= 0.000(rmp=0.000 run=0.000) chk= 0.000 stat= 0.268 rest= 0.006
  [bmc-incr i=1093 repr=1 active=670/175822 POs=1]
BMC : c =     668  cl =   4503  lit =  175821  p =     0  d =     0  f =     1  +  T =     0.02 sec
  [bmc-prof 1093] wall=  17.132 p=     1 | ifo=  0.884(sd=0.263 nx=0.000 tfo=0.040 cnt=0.581) snap= 0.317 srm=  8.572 sat=  7.125(set=0.214 slv=6.908 max=6.9084 n=1) sim= 0.000(rmp=0.000 run=0.000) chk= 0.000 stat= 0.225 rest= 0.009
  [bmc-incr i=1094 repr=1 active=669/175821 POs=1]
BMC : c =     667  cl =   4503  lit =  175820  p =     0  d =     0  f =     1  +  T =     0.02 sec
  [bmc-prof 1094] wall=  19.021 p=     1 | ifo=  0.813(sd=0.231 nx=0.000 tfo=0.044 cnt=0.537) snap= 0.341 srm=  8.850 sat=  8.758(set=0.229 slv=8.525 max=8.5255 n=1) sim= 0.000(rmp=0.000 run=0.000) chk= 0.042 stat= 0.210 rest= 0.006
  [bmc-incr i=1095 repr=1 active=668/175820 POs=1]
BMC : c =     666  cl =   4503  lit =  175819  p =     0  d =     0  f =     1  +  T =     0.02 sec
  [bmc-prof 1095] wall=  17.993 p=     1 | ifo=  0.742(sd=0.187 nx=0.000 tfo=0.033 cnt=0.523) snap= 0.316 srm=  9.119 sat=  7.576(set=0.209 slv=7.363 max=7.3634 n=1) sim= 0.000(rmp=0.000 run=0.000) chk= 0.000 stat= 0.233 rest= 0.006
  [bmc-incr i=1096 repr=1 active=667/175819 POs=1]
BMC : c =     665  cl =   4503  lit =  175818  p =     0  d =     0  f =     1  +  T =     0.02 sec
  [bmc-prof 1096] wall=  16.861 p=     1 | ifo=  0.734(sd=0.211 nx=0.000 tfo=0.036 cnt=0.488) snap= 0.302 srm=  8.446 sat=  7.182(set=0.223 slv=6.956 max=6.9561 n=1) sim= 0.000(rmp=0.000 run=0.000) chk= 0.000 stat= 0.193 rest= 0.005
  [bmc-incr i=1097 repr=1 active=666/175818 POs=1]
BMC : c =     664  cl =   4503  lit =  175817  p =     0  d =     0  f =     1  +  T =     0.02 sec
  [bmc-prof 1097] wall=  17.553 p=     1 | ifo=  0.755(sd=0.202 nx=0.000 tfo=0.036 cnt=0.516) snap= 0.306 srm=  8.571 sat=  7.606(set=0.205 slv=7.398 max=7.3979 n=1) sim= 0.000(rmp=0.000 run=0.000) chk= 0.000 stat= 0.310 rest= 0.005
  [bmc-incr i=1098 repr=1 active=665/175817 POs=1]
BMC : c =     663  cl =   4503  lit =  175816  p =     0  d =     0  f =     1  +  T =     0.02 sec
  [bmc-prof 1098] wall=  17.436 p=     1 | ifo=  0.781(sd=0.188 nx=0.000 tfo=0.034 cnt=0.560) snap= 0.294 srm=  8.424 sat=  7.734(set=0.248 slv=7.483 max=7.4835 n=1) sim= 0.000(rmp=0.000 run=0.000) chk= 0.001 stat= 0.195 rest= 0.007
  [bmc-incr i=1099 repr=1 active=664/175816 POs=1]
BMC : c =     662  cl =   4503  lit =  175815  p =     0  d =     0  f =     1  +  T =     0.02 sec
  [bmc-prof 1099] wall=  18.999 p=     1 | ifo=  0.757(sd=0.192 nx=0.000 tfo=0.032 cnt=0.533) snap= 0.311 srm=  9.388 sat=  8.336(set=0.216 slv=8.115 max=8.1150 n=1) sim= 0.000(rmp=0.000 run=0.000) chk= 0.001 stat= 0.201 rest= 0.006
  [bmc-incr i=1100 repr=1 active=663/175815 POs=1]
BMC : c =     661  cl =   4503  lit =  175814  p =     0  d =     0  f =     1  +  T =     0.02 sec
  [bmc-prof 1100] wall=  20.217 p=     1 | ifo=  0.734(sd=0.190 nx=0.000 tfo=0.034 cnt=0.510) snap= 0.348 srm= 10.221 sat=  8.712(set=0.243 slv=8.466 max=8.4658 n=1) sim= 0.000(rmp=0.000 run=0.000) chk= 0.000 stat= 0.196 rest= 0.005
  [bmc-incr i=1101 repr=1 active=662/175814 POs=1]
BMC : c =     660  cl =   4503  lit =  175813  p =     0  d =     0  f =     1  +  T =     0.02 sec
  [bmc-prof 1101] wall=  17.868 p=     1 | ifo=  0.747(sd=0.187 nx=0.000 tfo=0.033 cnt=0.528) snap= 0.311 srm=  9.014 sat=  7.592(set=0.211 slv=7.378 max=7.3780 n=1) sim= 0.000(rmp=0.000 run=0.000) chk= 0.000 stat= 0.197 rest= 0.006
  [bmc-incr i=1102 repr=1 active=661/175813 POs=1]
BMC : c =     659  cl =   4503  lit =  175812  p =     0  d =     0  f =     1  +  T =     0.02 sec
  [bmc-prof 1102] wall=  19.255 p=     1 | ifo=  0.727(sd=0.183 nx=0.000 tfo=0.033 cnt=0.511) snap= 0.336 srm= 10.297 sat=  7.693(set=0.226 slv=7.464 max=7.4641 n=1) sim= 0.000(rmp=0.000 run=0.000) chk= 0.000 stat= 0.195 rest= 0.006
  [bmc-incr i=1103 repr=1 active=660/175812 POs=1]
BMC : c =     658  cl =   4503  lit =  175811  p =     0  d =     0  f =     1  +  T =     0.02 sec
  [bmc-prof 1103] wall=  17.707 p=     1 | ifo=  0.747(sd=0.200 nx=0.000 tfo=0.034 cnt=0.513) snap= 0.308 srm=  8.760 sat=  7.687(set=0.215 slv=7.469 max=7.4693 n=1) sim= 0.000(rmp=0.000 run=0.000) chk= 0.000 stat= 0.200 rest= 0.005
  [bmc-incr i=1104 repr=1 active=659/175811 POs=1]
BMC : c =     657  cl =   4503  lit =  175810  p =     0  d =     0  f =     1  +  T =     0.02 sec
  [bmc-prof 1104] wall=  17.753 p=     1 | ifo=  0.716(sd=0.178 nx=0.000 tfo=0.033 cnt=0.504) snap= 0.298 srm=  8.566 sat=  7.975(set=0.207 slv=7.765 max=7.7649 n=1) sim= 0.000(rmp=0.000 run=0.000) chk= 0.001 stat= 0.194 rest= 0.005
  [bmc-incr i=1105 repr=1 active=658/175810 POs=1]
BMC : c =     656  cl =   4503  lit =  175809  p =     0  d =     0  f =     1  +  T =     0.02 sec
  [bmc-prof 1105] wall=  18.789 p=     1 | ifo=  0.768(sd=0.191 nx=0.000 tfo=0.034 cnt=0.544) snap= 0.326 srm=  9.346 sat=  8.146(set=0.295 slv=7.848 max=7.8481 n=1) sim= 0.000(rmp=0.000 run=0.000) chk= 0.000 stat= 0.197 rest= 0.005
  [bmc-incr i=1106 repr=1 active=657/175809 POs=1]
BMC : c =     655  cl =   4503  lit =  175808  p =     0  d =     0  f =     1  +  T =     0.02 sec
  [bmc-prof 1106] wall=  18.882 p=     1 | ifo=  0.746(sd=0.195 nx=0.000 tfo=0.033 cnt=0.518) snap= 0.316 srm=  9.801 sat=  7.819(set=0.213 slv=7.603 max=7.6025 n=1) sim= 0.000(rmp=0.000 run=0.000) chk= 0.000 stat= 0.194 rest= 0.006
  [bmc-incr i=1107 repr=1 active=656/175808 POs=1]
BMC : c =     654  cl =   4503  lit =  175807  p =     0  d =     0  f =     1  +  T =     0.02 sec
  [bmc-prof 1107] wall=  19.317 p=     1 | ifo=  0.702(sd=0.180 nx=0.000 tfo=0.034 cnt=0.488) snap= 0.314 srm=  9.785 sat=  8.313(set=0.215 slv=8.095 max=8.0954 n=1) sim= 0.000(rmp=0.000 run=0.000) chk= 0.000 stat= 0.196 rest= 0.006
  [bmc-incr i=1108 repr=1 active=655/175807 POs=1]
BMC : c =     653  cl =   4503  lit =  175806  p =     0  d =     0  f =     1  +  T =     0.02 sec
  [bmc-prof 1108] wall=  20.808 p=     1 | ifo=  0.716(sd=0.184 nx=0.000 tfo=0.033 cnt=0.499) snap= 0.418 srm= 11.330 sat=  8.140(set=0.282 slv=7.854 max=7.8541 n=1) sim= 0.000(rmp=0.000 run=0.000) chk= 0.001 stat= 0.198 rest= 0.006
  [bmc-incr i=1109 repr=1 active=654/175806 POs=1]
BMC : c =     652  cl =   4503  lit =  175805  p =     0  d =     0  f =     1  +  T =     0.02 sec
  [bmc-prof 1109] wall=  18.010 p=     1 | ifo=  0.724(sd=0.184 nx=0.000 tfo=0.034 cnt=0.507) snap= 0.304 srm=  9.137 sat=  7.645(set=0.205 slv=7.437 max=7.4368 n=1) sim= 0.000(rmp=0.000 run=0.000) chk= 0.000 stat= 0.195 rest= 0.005
  [bmc-incr i=1110 repr=1 active=653/175805 POs=1]
BMC : c =     651  cl =   4503  lit =  175804  p =     0  d =     0  f =     1  +  T =     0.02 sec
  [bmc-prof 1110] wall=  21.119 p=     1 | ifo=  0.714(sd=0.191 nx=0.000 tfo=0.033 cnt=0.490) snap= 0.348 srm= 12.124 sat=  7.734(set=0.247 slv=7.484 max=7.4837 n=1) sim= 0.000(rmp=0.000 run=0.000) chk= 0.001 stat= 0.194 rest= 0.005
  [bmc-incr i=1111 repr=1 active=652/175804 POs=1]
BMC : c =     650  cl =   4503  lit =  175803  p =     0  d =     0  f =     1  +  T =     0.02 sec
  [bmc-prof 1111] wall=  17.531 p=     1 | ifo=  0.758(sd=0.185 nx=0.000 tfo=0.034 cnt=0.539) snap= 0.291 srm=  8.770 sat=  7.444(set=0.202 slv=7.238 max=7.2382 n=1) sim= 0.000(rmp=0.000 run=0.000) chk= 0.000 stat= 0.262 rest= 0.005
  [bmc-incr i=1112 repr=1 active=651/175803 POs=1]
BMC : c =     649  cl =   4503  lit =  175802  p =     0  d =     0  f =     1  +  T =     0.02 sec
  [bmc-prof 1112] wall=  18.122 p=     1 | ifo=  0.826(sd=0.234 nx=0.000 tfo=0.040 cnt=0.552) snap= 0.291 srm=  9.379 sat=  7.364(set=0.230 slv=7.130 max=7.1304 n=1) sim= 0.000(rmp=0.000 run=0.000) chk= 0.001 stat= 0.256 rest= 0.006
  [bmc-incr i=1113 repr=1 active=650/175802 POs=1]
BMC : c =     648  cl =   4503  lit =  175801  p =     0  d =     0  f =     1  +  T =     0.02 sec
  [bmc-prof 1113] wall=  18.264 p=     1 | ifo=  0.794(sd=0.224 nx=0.000 tfo=0.038 cnt=0.532) snap= 0.296 srm=  9.269 sat=  7.690(set=0.215 slv=7.473 max=7.4726 n=1) sim= 0.000(rmp=0.000 run=0.000) chk= 0.000 stat= 0.209 rest= 0.006
  [bmc-incr i=1114 repr=1 active=649/175801 POs=1]
BMC : c =     647  cl =   4503  lit =  175800  p =     0  d =     0  f =     1  +  T =     0.02 sec
  [bmc-prof 1114] wall=  19.235 p=     1 | ifo=  0.766(sd=0.197 nx=0.000 tfo=0.033 cnt=0.536) snap= 0.383 srm=  9.756 sat=  8.118(set=0.267 slv=7.847 max=7.8473 n=1) sim= 0.000(rmp=0.000 run=0.000) chk= 0.000 stat= 0.206 rest= 0.006
  [bmc-incr i=1115 repr=1 active=648/175800 POs=1]
BMC : c =     646  cl =   4503  lit =  175799  p =     0  d =     0  f =     1  +  T =     0.02 sec
  [bmc-prof 1115] wall=  18.866 p=     1 | ifo=  0.879(sd=0.195 nx=0.000 tfo=0.034 cnt=0.650) snap= 0.294 srm=  8.716 sat=  8.747(set=0.214 slv=8.530 max=8.5295 n=1) sim= 0.000(rmp=0.000 run=0.000) chk= 0.000 stat= 0.223 rest= 0.007
  [bmc-incr i=1116 repr=1 active=647/175799 POs=1]
BMC : c =     645  cl =   4503  lit =  175798  p =     0  d =     0  f =     1  +  T =     0.02 sec
  [bmc-prof 1116] wall=  18.265 p=     1 | ifo=  0.807(sd=0.209 nx=0.000 tfo=0.033 cnt=0.566) snap= 0.306 srm=  9.490 sat=  7.463(set=0.213 slv=7.247 max=7.2471 n=1) sim= 0.000(rmp=0.000 run=0.000) chk= 0.000 stat= 0.193 rest= 0.006
  [bmc-incr i=1117 repr=1 active=646/175798 POs=1]
BMC : c =     644  cl =   4503  lit =  175797  p =     0  d =     0  f =     1  +  T =     0.02 sec
  [bmc-prof 1117] wall=  18.029 p=     1 | ifo=  0.741(sd=0.203 nx=0.000 tfo=0.034 cnt=0.504) snap= 0.304 srm=  8.778 sat=  8.001(set=0.210 slv=7.788 max=7.7877 n=1) sim= 0.000(rmp=0.000 run=0.000) chk= 0.000 stat= 0.198 rest= 0.006
  [bmc-incr i=1118 repr=1 active=645/175797 POs=1]
BMC : c =     643  cl =   4503  lit =  175796  p =     0  d =     0  f =     1  +  T =     0.02 sec
  [bmc-prof 1118] wall=  17.354 p=     1 | ifo=  0.784(sd=0.207 nx=0.000 tfo=0.035 cnt=0.542) snap= 0.292 srm=  8.735 sat=  7.344(set=0.207 slv=7.134 max=7.1341 n=1) sim= 0.000(rmp=0.000 run=0.000) chk= 0.000 stat= 0.194 rest= 0.004
  [bmc-incr i=1119 repr=1 active=644/175796 POs=1]
BMC : c =     642  cl =   4503  lit =  175795  p =     0  d =     0  f =     1  +  T =     0.02 sec
  [bmc-prof 1119] wall=  19.156 p=     1 | ifo=  0.726(sd=0.184 nx=0.000 tfo=0.032 cnt=0.510) snap= 0.302 srm=  8.471 sat=  9.432(set=0.204 slv=9.225 max=9.2251 n=1) sim= 0.000(rmp=0.000 run=0.000) chk= 0.000 stat= 0.218 rest= 0.006
  [bmc-incr i=1120 repr=1 active=643/175795 POs=1]
BMC : c =     641  cl =   4503  lit =  175794  p =     0  d =     0  f =     1  +  T =     0.02 sec
  [bmc-prof 1120] wall=  17.568 p=     1 | ifo=  0.829(sd=0.207 nx=0.000 tfo=0.034 cnt=0.588) snap= 0.313 srm=  9.023 sat=  7.154(set=0.213 slv=6.938 max=6.9379 n=1) sim= 0.000(rmp=0.000 run=0.000) chk= 0.000 stat= 0.243 rest= 0.006
  [bmc-incr i=1121 repr=1 active=642/175794 POs=1]
BMC : c =     640  cl =   4503  lit =  175793  p =     0  d =     0  f =     1  +  T =     0.02 sec
  [bmc-prof 1121] wall=  18.192 p=     1 | ifo=  0.813(sd=0.242 nx=0.000 tfo=0.038 cnt=0.533) snap= 0.300 srm=  9.546 sat=  7.311(set=0.217 slv=7.091 max=7.0911 n=1) sim= 0.000(rmp=0.000 run=0.000) chk= 0.001 stat= 0.213 rest= 0.009
  [bmc-incr i=1122 repr=1 active=641/175793 POs=1]
BMC : c =     639  cl =   4503  lit =  175792  p =     0  d =     0  f =     1  +  T =     0.02 sec
  [bmc-prof 1122] wall=  23.586 p=     1 | ifo=  0.906(sd=0.189 nx=0.000 tfo=0.034 cnt=0.682) snap= 0.310 srm= 13.544 sat=  8.523(set=0.265 slv=8.254 max=8.2538 n=1) sim= 0.000(rmp=0.000 run=0.000) chk= 0.000 stat= 0.296 rest= 0.008
  [bmc-incr i=1123 repr=1 active=640/175792 POs=1]
BMC : c =     638  cl =   4503  lit =  175791  p =     0  d =     0  f =     1  +  T =     0.02 sec
  [bmc-prof 1123] wall=  18.016 p=     1 | ifo=  0.851(sd=0.228 nx=0.000 tfo=0.034 cnt=0.588) snap= 0.297 srm=  9.472 sat=  7.202(set=0.214 slv=6.985 max=6.9854 n=1) sim= 0.000(rmp=0.000 run=0.000) chk= 0.000 stat= 0.188 rest= 0.005
  [bmc-incr i=1124 repr=1 active=639/175791 POs=1]
BMC : c =     637  cl =   4503  lit =  175790  p =     0  d =     0  f =     1  +  T =     0.02 sec
  [bmc-prof 1124] wall=  17.675 p=     1 | ifo=  0.713(sd=0.184 nx=0.000 tfo=0.033 cnt=0.496) snap= 0.297 srm=  9.225 sat=  7.234(set=0.218 slv=7.014 max=7.0144 n=1) sim= 0.000(rmp=0.000 run=0.000) chk= 0.000 stat= 0.199 rest= 0.007
  [bmc-incr i=1125 repr=1 active=638/175790 POs=1]
BMC : c =     636  cl =   4503  lit =  175789  p =     0  d =     0  f =     1  +  T =     0.02 sec
  [bmc-prof 1125] wall=  22.830 p=     1 | ifo=  0.734(sd=0.187 nx=0.000 tfo=0.035 cnt=0.513) snap= 0.383 srm= 11.985 sat=  9.493(set=0.251 slv=9.238 max=9.2382 n=1) sim= 0.000(rmp=0.000 run=0.000) chk= 0.000 stat= 0.229 rest= 0.005
  [bmc-incr i=1126 repr=1 active=637/175789 POs=1]
BMC : c =     635  cl =   4503  lit =  175788  p =     0  d =     0  f =     1  +  T =     0.02 sec
  [bmc-prof 1126] wall=  19.438 p=     1 | ifo=  0.924(sd=0.216 nx=0.000 tfo=0.034 cnt=0.674) snap= 0.417 srm=  9.689 sat=  8.201(set=0.264 slv=7.935 max=7.9346 n=1) sim= 0.000(rmp=0.000 run=0.000) chk= 0.000 stat= 0.202 rest= 0.006
  [bmc-incr i=1127 repr=1 active=636/175788 POs=1]
BMC : c =     634  cl =   4503  lit =  175787  p =     0  d =     0  f =     1  +  T =     0.02 sec
  [bmc-prof 1127] wall=  18.946 p=     1 | ifo=  0.766(sd=0.195 nx=0.000 tfo=0.032 cnt=0.538) snap= 0.319 srm=  9.151 sat=  8.424(set=0.249 slv=8.173 max=8.1727 n=1) sim= 0.000(rmp=0.000 run=0.000) chk= 0.000 stat= 0.278 rest= 0.008
  [bmc-incr i=1128 repr=1 active=635/175787 POs=1]
BMC : c =     633  cl =   4503  lit =  175786  p =     0  d =     0  f =     1  +  T =     0.02 sec
  [bmc-prof 1128] wall=  19.591 p=     1 | ifo=  0.787(sd=0.207 nx=0.000 tfo=0.036 cnt=0.544) snap= 0.335 srm=  9.615 sat=  8.642(set=0.243 slv=8.395 max=8.3952 n=1) sim= 0.000(rmp=0.000 run=0.000) chk= 0.000 stat= 0.208 rest= 0.005
  [bmc-incr i=1129 repr=1 active=634/175786 POs=1]
BMC : c =     632  cl =   4503  lit =  175785  p =     0  d =     0  f =     1  +  T =     0.02 sec
  [bmc-prof 1129] wall=  19.251 p=     1 | ifo=  0.770(sd=0.200 nx=0.000 tfo=0.032 cnt=0.538) snap= 0.322 srm=  9.491 sat=  8.453(set=0.236 slv=8.213 max=8.2131 n=1) sim= 0.000(rmp=0.000 run=0.000) chk= 0.000 stat= 0.207 rest= 0.006
  [bmc-incr i=1130 repr=1 active=633/175785 POs=1]
BMC : c =     631  cl =   4503  lit =  175784  p =     0  d =     0  f =     1  +  T =     0.02 sec
  [bmc-prof 1130] wall=  18.190 p=     1 | ifo=  0.757(sd=0.193 nx=0.000 tfo=0.032 cnt=0.532) snap= 0.314 srm=  9.549 sat=  7.370(set=0.233 slv=7.134 max=7.1344 n=1) sim= 0.000(rmp=0.000 run=0.000) chk= 0.000 stat= 0.192 rest= 0.008
  [bmc-incr i=1131 repr=1 active=632/175784 POs=1]
BMC : c =     630  cl =   4503  lit =  175783  p =     0  d =     0  f =     1  +  T =     0.02 sec
  [bmc-prof 1131] wall=  18.287 p=     1 | ifo=  0.753(sd=0.198 nx=0.000 tfo=0.034 cnt=0.521) snap= 0.295 srm=  8.890 sat=  8.078(set=0.209 slv=7.865 max=7.8650 n=1) sim= 0.000(rmp=0.000 run=0.000) chk= 0.001 stat= 0.264 rest= 0.006
  [bmc-incr i=1132 repr=1 active=631/175783 POs=1]
BMC : c =     629  cl =   4503  lit =  175782  p =     0  d =     0  f =     1  +  T =     0.02 sec
  [bmc-prof 1132] wall=  19.093 p=     1 | ifo=  0.952(sd=0.242 nx=0.000 tfo=0.039 cnt=0.671) snap= 0.305 srm=  9.338 sat=  8.277(set=0.225 slv=8.049 max=8.0486 n=1) sim= 0.000(rmp=0.000 run=0.000) chk= 0.000 stat= 0.214 rest= 0.006
  [bmc-incr i=1133 repr=1 active=630/175782 POs=1]
BMC : c =     628  cl =   4503  lit =  175781  p =     0  d =     0  f =     1  +  T =     0.02 sec
  [bmc-prof 1133] wall=  18.776 p=     1 | ifo=  0.777(sd=0.204 nx=0.000 tfo=0.032 cnt=0.542) snap= 0.323 srm=  9.254 sat=  8.209(set=0.238 slv=7.967 max=7.9673 n=1) sim= 0.000(rmp=0.000 run=0.000) chk= 0.000 stat= 0.206 rest= 0.005
  [bmc-incr i=1134 repr=1 active=629/175781 POs=1]
BMC : c =     627  cl =   4503  lit =  175780  p =     0  d =     0  f =     1  +  T =     0.02 sec
  [bmc-prof 1134] wall=  18.724 p=     1 | ifo=  0.790(sd=0.205 nx=0.000 tfo=0.030 cnt=0.555) snap= 0.322 srm=  9.205 sat=  8.193(set=0.238 slv=7.951 max=7.9511 n=1) sim= 0.000(rmp=0.000 run=0.000) chk= 0.001 stat= 0.209 rest= 0.005
  [bmc-incr i=1135 repr=1 active=628/175780 POs=1]
BMC : c =     626  cl =   4503  lit =  175779  p =     0  d =     0  f =     1  +  T =     0.02 sec
  [bmc-prof 1135] wall=  19.510 p=     1 | ifo=  0.970(sd=0.201 nx=0.000 tfo=0.034 cnt=0.734) snap= 0.319 srm=  9.453 sat=  8.548(set=0.240 slv=8.305 max=8.3054 n=1) sim= 0.000(rmp=0.000 run=0.000) chk= 0.001 stat= 0.213 rest= 0.008
  [bmc-incr i=1136 repr=1 active=627/175779 POs=1]
BMC : c =     625  cl =   4503  lit =  175778  p =     0  d =     0  f =     1  +  T =     0.02 sec
  [bmc-prof 1136] wall=  18.294 p=     1 | ifo=  0.806(sd=0.203 nx=0.000 tfo=0.032 cnt=0.571) snap= 0.304 srm=  9.273 sat=  7.707(set=0.206 slv=7.498 max=7.4980 n=1) sim= 0.000(rmp=0.000 run=0.000) chk= 0.000 stat= 0.198 rest= 0.005
  [bmc-incr i=1137 repr=1 active=626/175778 POs=1]
BMC : c =     624  cl =   4503  lit =  175777  p =     0  d =     0  f =     1  +  T =     0.02 sec
  [bmc-prof 1137] wall=  19.651 p=     1 | ifo=  0.713(sd=0.189 nx=0.000 tfo=0.032 cnt=0.492) snap= 0.359 srm=  9.400 sat=  8.961(set=0.261 slv=8.697 max=8.6971 n=1) sim= 0.000(rmp=0.000 run=0.000) chk= 0.000 stat= 0.211 rest= 0.006
  [bmc-incr i=1138 repr=1 active=625/175777 POs=1]
BMC : c =     623  cl =   4503  lit =  175776  p =     0  d =     0  f =     1  +  T =     0.02 sec
  [bmc-prof 1138] wall=  19.718 p=     1 | ifo=  0.785(sd=0.205 nx=0.000 tfo=0.032 cnt=0.548) snap= 0.317 srm=  9.938 sat=  8.465(set=0.234 slv=8.228 max=8.2279 n=1) sim= 0.000(rmp=0.000 run=0.000) chk= 0.000 stat= 0.206 rest= 0.006
  [bmc-incr i=1139 repr=1 active=624/175776 POs=1]
BMC : c =     622  cl =   4503  lit =  175775  p =     0  d =     0  f =     1  +  T =     0.02 sec
  [bmc-prof 1139] wall=  18.788 p=     1 | ifo=  0.758(sd=0.193 nx=0.000 tfo=0.033 cnt=0.532) snap= 0.314 srm=  9.256 sat=  8.253(set=0.223 slv=8.028 max=8.0278 n=1) sim= 0.000(rmp=0.000 run=0.000) chk= 0.000 stat= 0.202 rest= 0.006
  [bmc-incr i=1140 repr=1 active=623/175775 POs=1]
BMC : c =     621  cl =   4503  lit =  175774  p =     0  d =     0  f =     1  +  T =     0.02 sec
  [bmc-prof 1140] wall=  19.171 p=     1 | ifo=  0.744(sd=0.191 nx=0.000 tfo=0.034 cnt=0.519) snap= 0.316 srm=  9.940 sat=  7.956(set=0.408 slv=7.545 max=7.5455 n=1) sim= 0.000(rmp=0.000 run=0.000) chk= 0.001 stat= 0.207 rest= 0.007
  [bmc-incr i=1141 repr=1 active=622/175774 POs=1]
BMC : c =     620  cl =   4503  lit =  175773  p =     0  d =     0  f =     1  +  T =     0.02 sec
  [bmc-prof 1141] wall=  18.518 p=     1 | ifo=  0.755(sd=0.193 nx=0.000 tfo=0.035 cnt=0.527) snap= 0.290 srm=  9.257 sat=  7.993(set=0.211 slv=7.780 max=7.7800 n=1) sim= 0.000(rmp=0.000 run=0.000) chk= 0.001 stat= 0.215 rest= 0.008
  [bmc-incr i=1142 repr=1 active=621/175773 POs=1]
BMC : c =     619  cl =   4503  lit =  175772  p =     0  d =     0  f =     1  +  T =     0.02 sec
  [bmc-prof 1142] wall=  18.643 p=     1 | ifo=  0.765(sd=0.207 nx=0.000 tfo=0.032 cnt=0.526) snap= 0.367 srm=  9.361 sat=  7.937(set=0.248 slv=7.686 max=7.6861 n=1) sim= 0.000(rmp=0.000 run=0.000) chk= 0.000 stat= 0.207 rest= 0.005
  [bmc-incr i=1143 repr=1 active=620/175772 POs=1]
BMC : c =     618  cl =   4503  lit =  175771  p =     0  d =     0  f =     1  +  T =     0.02 sec
  [bmc-prof 1143] wall=  17.791 p=     1 | ifo=  0.730(sd=0.185 nx=0.000 tfo=0.033 cnt=0.512) snap= 0.317 srm=  9.129 sat=  7.409(set=0.275 slv=7.131 max=7.1315 n=1) sim= 0.000(rmp=0.000 run=0.000) chk= 0.000 stat= 0.199 rest= 0.007
  [bmc-incr i=1144 repr=1 active=619/175771 POs=1]
BMC : c =     617  cl =   4503  lit =  175770  p =     0  d =     0  f =     1  +  T =     0.02 sec
  [bmc-prof 1144] wall=  18.036 p=     1 | ifo=  0.784(sd=0.222 nx=0.000 tfo=0.033 cnt=0.529) snap= 0.320 srm=  8.455 sat=  8.247(set=0.223 slv=8.021 max=8.0211 n=1) sim= 0.000(rmp=0.000 run=0.000) chk= 0.000 stat= 0.223 rest= 0.006
  [bmc-incr i=1145 repr=1 active=618/175770 POs=1]
BMC : c =     616  cl =   4503  lit =  175769  p =     0  d =     0  f =     1  +  T =     0.02 sec
  [bmc-prof 1145] wall=  19.331 p=     1 | ifo=  0.743(sd=0.188 nx=0.000 tfo=0.032 cnt=0.522) snap= 0.322 srm=  9.082 sat=  8.911(set=0.230 slv=8.677 max=8.6775 n=1) sim= 0.000(rmp=0.000 run=0.000) chk= 0.000 stat= 0.267 rest= 0.006
  [bmc-incr i=1146 repr=1 active=617/175769 POs=1]
BMC : c =     615  cl =   4503  lit =  175768  p =     0  d =     0  f =     1  +  T =     0.02 sec
  [bmc-prof 1146] wall=  18.938 p=     1 | ifo=  0.811(sd=0.234 nx=0.000 tfo=0.034 cnt=0.544) snap= 0.297 srm=  8.529 sat=  9.075(set=0.210 slv=8.861 max=8.8615 n=1) sim= 0.000(rmp=0.000 run=0.000) chk= 0.001 stat= 0.211 rest= 0.014
  [bmc-incr i=1147 repr=1 active=616/175768 POs=1]
BMC : c =     614  cl =   4503  lit =  175767  p =     0  d =     0  f =     1  +  T =     0.02 sec
  [bmc-prof 1147] wall=  18.856 p=     1 | ifo=  0.778(sd=0.200 nx=0.000 tfo=0.034 cnt=0.544) snap= 0.299 srm=  9.574 sat=  8.000(set=0.220 slv=7.777 max=7.7772 n=1) sim= 0.000(rmp=0.000 run=0.000) chk= 0.000 stat= 0.199 rest= 0.006
  [bmc-incr i=1148 repr=1 active=615/175767 POs=1]
BMC : c =     613  cl =   4503  lit =  175766  p =     0  d =     0  f =     1  +  T =     0.02 sec
  [bmc-prof 1148] wall=  18.003 p=     1 | ifo=  0.795(sd=0.196 nx=0.000 tfo=0.059 cnt=0.540) snap= 0.310 srm=  8.913 sat=  7.784(set=0.211 slv=7.570 max=7.5696 n=1) sim= 0.000(rmp=0.000 run=0.000) chk= 0.001 stat= 0.195 rest= 0.006
  [bmc-incr i=1149 repr=1 active=614/175766 POs=1]
BMC : c =     612  cl =   4503  lit =  175765  p =     0  d =     0  f =     1  +  T =     0.02 sec
  [bmc-prof 1149] wall=  19.485 p=     1 | ifo=  0.703(sd=0.183 nx=0.000 tfo=0.032 cnt=0.488) snap= 0.352 srm=  9.966 sat=  8.240(set=0.243 slv=7.994 max=7.9935 n=1) sim= 0.000(rmp=0.000 run=0.000) chk= 0.000 stat= 0.219 rest= 0.005
  [bmc-incr i=1150 repr=1 active=613/175765 POs=1]
BMC : c =     611  cl =   4503  lit =  175764  p =     0  d =     0  f =     1  +  T =     0.02 sec
  [bmc-prof 1150] wall=  18.179 p=     1 | ifo=  0.749(sd=0.187 nx=0.000 tfo=0.033 cnt=0.529) snap= 0.333 srm=  8.947 sat=  7.953(set=0.238 slv=7.712 max=7.7121 n=1) sim= 0.000(rmp=0.000 run=0.000) chk= 0.000 stat= 0.192 rest= 0.005
  [bmc-incr i=1151 repr=1 active=612/175764 POs=1]
BMC : c =     610  cl =   4503  lit =  175763  p =     0  d =     0  f =     1  +  T =     0.02 sec
  [bmc-prof 1151] wall=  17.993 p=     1 | ifo=  0.721(sd=0.179 nx=0.000 tfo=0.032 cnt=0.511) snap= 0.352 srm=  8.852 sat=  7.809(set=0.213 slv=7.593 max=7.5929 n=1) sim= 0.000(rmp=0.000 run=0.000) chk= 0.000 stat= 0.252 rest= 0.006
  [bmc-incr i=1152 repr=1 active=611/175763 POs=1]
BMC : c =     609  cl =   4503  lit =  175762  p =     0  d =     0  f =     1  +  T =     0.02 sec
  [bmc-prof 1152] wall=  18.154 p=     1 | ifo=  0.800(sd=0.230 nx=0.000 tfo=0.037 cnt=0.533) snap= 0.312 srm=  8.788 sat=  8.050(set=0.213 slv=7.834 max=7.8335 n=1) sim= 0.000(rmp=0.000 run=0.000) chk= 0.001 stat= 0.198 rest= 0.005
  [bmc-incr i=1153 repr=1 active=610/175762 POs=1]
BMC : c =     608  cl =   4503  lit =  175761  p =     0  d =     0  f =     1  +  T =     0.02 sec
  [bmc-prof 1153] wall=  18.639 p=     1 | ifo=  0.704(sd=0.183 nx=0.000 tfo=0.032 cnt=0.489) snap= 0.322 srm=  9.338 sat=  8.068(set=0.239 slv=7.826 max=7.8264 n=1) sim= 0.000(rmp=0.000 run=0.000) chk= 0.000 stat= 0.201 rest= 0.005
  [bmc-incr i=1154 repr=1 active=609/175761 POs=1]
BMC : c =     607  cl =   4503  lit =  175760  p =     0  d =     0  f =     1  +  T =     0.02 sec
  [bmc-prof 1154] wall=  18.523 p=     1 | ifo=  0.767(sd=0.196 nx=0.000 tfo=0.034 cnt=0.537) snap= 0.317 srm=  9.072 sat=  8.153(set=0.227 slv=7.922 max=7.9216 n=1) sim= 0.000(rmp=0.000 run=0.000) chk= 0.000 stat= 0.208 rest= 0.005
  [bmc-incr i=1155 repr=1 active=608/175760 POs=1]
BMC : c =     606  cl =   4503  lit =  175759  p =     0  d =     0  f =     1  +  T =     0.02 sec
  [bmc-prof 1155] wall=  20.365 p=     1 | ifo=  0.724(sd=0.186 nx=0.000 tfo=0.033 cnt=0.506) snap= 0.357 srm= 11.112 sat=  7.978(set=0.250 slv=7.725 max=7.7247 n=1) sim= 0.000(rmp=0.000 run=0.000) chk= 0.000 stat= 0.188 rest= 0.006
  [bmc-incr i=1156 repr=1 active=607/175759 POs=1]
BMC : c =     605  cl =   4503  lit =  175758  p =     0  d =     0  f =     1  +  T =     0.02 sec
  [bmc-prof 1156] wall=  18.423 p=     1 | ifo=  0.709(sd=0.180 nx=0.000 tfo=0.032 cnt=0.497) snap= 0.315 srm=  9.217 sat=  7.987(set=0.209 slv=7.776 max=7.7762 n=1) sim= 0.000(rmp=0.000 run=0.000) chk= 0.000 stat= 0.187 rest= 0.006
  [bmc-incr i=1157 repr=1 active=606/175758 POs=1]
BMC : c =     604  cl =   4503  lit =  175757  p =     0  d =     0  f =     1  +  T =     0.02 sec
  [bmc-prof 1157] wall=  17.976 p=     1 | ifo=  0.786(sd=0.197 nx=0.000 tfo=0.031 cnt=0.558) snap= 0.313 srm=  9.154 sat=  7.511(set=0.211 slv=7.297 max=7.2974 n=1) sim= 0.000(rmp=0.000 run=0.000) chk= 0.000 stat= 0.204 rest= 0.007
  [bmc-incr i=1158 repr=1 active=605/175757 POs=1]
BMC : c =     603  cl =   4503  lit =  175756  p =     0  d =     0  f =     1  +  T =     0.02 sec
  [bmc-prof 1158] wall=  18.600 p=     1 | ifo=  0.799(sd=0.209 nx=0.000 tfo=0.037 cnt=0.552) snap= 0.366 srm=  8.760 sat=  8.451(set=0.260 slv=8.189 max=8.1892 n=1) sim= 0.000(rmp=0.000 run=0.000) chk= 0.000 stat= 0.217 rest= 0.006
  [bmc-incr i=1159 repr=1 active=604/175756 POs=1]
BMC : c =     602  cl =   4503  lit =  175755  p =     0  d =     0  f =     1  +  T =     0.02 sec
  [bmc-prof 1159] wall=  18.169 p=     1 | ifo=  0.974(sd=0.196 nx=0.000 tfo=0.033 cnt=0.744) snap= 0.335 srm=  8.900 sat=  7.714(set=0.215 slv=7.497 max=7.4973 n=1) sim= 0.000(rmp=0.000 run=0.000) chk= 0.001 stat= 0.239 rest= 0.007
  [bmc-incr i=1160 repr=1 active=603/175755 POs=1]
BMC : c =     601  cl =   4503  lit =  175754  p =     0  d =     0  f =     1  +  T =     0.02 sec
  [bmc-prof 1160] wall=  18.194 p=     1 | ifo=  0.751(sd=0.199 nx=0.000 tfo=0.032 cnt=0.520) snap= 0.296 srm=  9.282 sat=  7.667(set=0.217 slv=7.448 max=7.4479 n=1) sim= 0.000(rmp=0.000 run=0.000) chk= 0.000 stat= 0.190 rest= 0.007
  [bmc-incr i=1161 repr=1 active=602/175754 POs=1]
BMC : c =     600  cl =   4503  lit =  175753  p =     0  d =     0  f =     1  +  T =     0.02 sec
  [bmc-prof 1161] wall=  18.763 p=     1 | ifo=  0.731(sd=0.185 nx=0.000 tfo=0.030 cnt=0.516) snap= 0.330 srm= 10.108 sat=  7.391(set=0.218 slv=7.171 max=7.1706 n=1) sim= 0.000(rmp=0.000 run=0.000) chk= 0.000 stat= 0.195 rest= 0.007
  [bmc-incr i=1162 repr=1 active=601/175753 POs=1]
BMC : c =     599  cl =   4503  lit =  175752  p =     0  d =     0  f =     1  +  T =     0.02 sec
  [bmc-prof 1162] wall=  17.768 p=     1 | ifo=  0.730(sd=0.183 nx=0.000 tfo=0.033 cnt=0.514) snap= 0.289 srm=  8.698 sat=  7.839(set=0.205 slv=7.631 max=7.6308 n=1) sim= 0.000(rmp=0.000 run=0.000) chk= 0.000 stat= 0.205 rest= 0.007
  [bmc-incr i=1163 repr=1 active=600/175752 POs=1]
BMC : c =     598  cl =   4503  lit =  175751  p =     0  d =     0  f =     1  +  T =     0.02 sec
  [bmc-prof 1163] wall=  18.535 p=     1 | ifo=  0.744(sd=0.200 nx=0.000 tfo=0.032 cnt=0.512) snap= 0.295 srm=  8.893 sat=  8.397(set=0.212 slv=8.182 max=8.1821 n=1) sim= 0.000(rmp=0.000 run=0.000) chk= 0.001 stat= 0.198 rest= 0.009
  [bmc-incr i=1164 repr=1 active=599/175751 POs=1]
BMC : c =     597  cl =   4503  lit =  175750  p =     0  d =     0  f =     1  +  T =     0.02 sec
  [bmc-prof 1164] wall=  19.931 p=     1 | ifo=  0.766(sd=0.206 nx=0.000 tfo=0.033 cnt=0.528) snap= 0.318 srm= 10.430 sat=  8.189(set=0.241 slv=7.945 max=7.9449 n=1) sim= 0.000(rmp=0.000 run=0.000) chk= 0.001 stat= 0.222 rest= 0.006
  [bmc-incr i=1165 repr=1 active=598/175750 POs=1]
BMC : c =     596  cl =   4503  lit =  175749  p =     0  d =     0  f =     1  +  T =     0.02 sec
  [bmc-prof 1165] wall=  17.512 p=     1 | ifo=  0.776(sd=0.195 nx=0.000 tfo=0.033 cnt=0.548) snap= 0.424 srm=  8.857 sat=  7.252(set=0.240 slv=7.010 max=7.0096 n=1) sim= 0.000(rmp=0.000 run=0.000) chk= 0.000 stat= 0.196 rest= 0.005
  [bmc-incr i=1166 repr=1 active=597/175749 POs=1]
BMC : c =     595  cl =   4503  lit =  175748  p =     0  d =     0  f =     1  +  T =     0.02 sec
  [bmc-prof 1166] wall=  17.757 p=     1 | ifo=  0.744(sd=0.200 nx=0.000 tfo=0.032 cnt=0.512) snap= 0.307 srm=  8.963 sat=  7.540(set=0.207 slv=7.330 max=7.3297 n=1) sim= 0.000(rmp=0.000 run=0.000) chk= 0.000 stat= 0.197 rest= 0.006
  [bmc-incr i=1167 repr=1 active=596/175748 POs=1]
BMC : c =     594  cl =   4503  lit =  175747  p =     0  d =     0  f =     1  +  T =     0.02 sec
  [bmc-prof 1167] wall=  18.031 p=     1 | ifo=  0.746(sd=0.193 nx=0.000 tfo=0.035 cnt=0.518) snap= 0.428 srm=  8.897 sat=  7.739(set=0.209 slv=7.528 max=7.5276 n=1) sim= 0.000(rmp=0.000 run=0.000) chk= 0.001 stat= 0.214 rest= 0.006
  [bmc-incr i=1168 repr=1 active=595/175747 POs=1]
BMC : c =     593  cl =   4503  lit =  175746  p =     0  d =     0  f =     1  +  T =     0.02 sec
  [bmc-prof 1168] wall=  18.936 p=     1 | ifo=  0.738(sd=0.184 nx=0.000 tfo=0.034 cnt=0.521) snap= 0.313 srm= 10.273 sat=  7.399(set=0.220 slv=7.178 max=7.1776 n=1) sim= 0.000(rmp=0.000 run=0.000) chk= 0.000 stat= 0.204 rest= 0.007
  [bmc-incr i=1169 repr=1 active=594/175746 POs=1]
BMC : c =     592  cl =   4503  lit =  175745  p =     0  d =     0  f =     1  +  T =     0.02 sec
  [bmc-prof 1169] wall=  17.482 p=     1 | ifo=  0.725(sd=0.186 nx=0.000 tfo=0.028 cnt=0.511) snap= 0.294 srm=  8.755 sat=  7.502(set=0.247 slv=7.251 max=7.2513 n=1) sim= 0.000(rmp=0.000 run=0.000) chk= 0.000 stat= 0.200 rest= 0.005
  [bmc-incr i=1170 repr=1 active=593/175745 POs=1]
BMC : c =     591  cl =   4503  lit =  175744  p =     0  d =     0  f =     1  +  T =     0.02 sec
  [bmc-prof 1170] wall=  17.548 p=     1 | ifo=  0.708(sd=0.184 nx=0.000 tfo=0.032 cnt=0.492) snap= 0.301 srm=  8.378 sat=  7.946(set=0.326 slv=7.618 max=7.6175 n=1) sim= 0.000(rmp=0.000 run=0.000) chk= 0.000 stat= 0.208 rest= 0.006
  [bmc-incr i=1171 repr=1 active=592/175744 POs=1]
BMC : c =     590  cl =   4503  lit =  175743  p =     0  d =     0  f =     1  +  T =     0.02 sec
  [bmc-prof 1171] wall=  17.283 p=     1 | ifo=  0.722(sd=0.183 nx=0.000 tfo=0.029 cnt=0.510) snap= 0.293 srm=  8.654 sat=  7.400(set=0.202 slv=7.196 max=7.1955 n=1) sim= 0.000(rmp=0.000 run=0.000) chk= 0.000 stat= 0.208 rest= 0.006
  [bmc-incr i=1172 repr=1 active=591/175743 POs=1]
BMC : c =     589  cl =   4503  lit =  175742  p =     0  d =     0  f =     1  +  T =     0.02 sec
  [bmc-prof 1172] wall=  18.581 p=     1 | ifo=  0.730(sd=0.188 nx=0.000 tfo=0.034 cnt=0.508) snap= 0.303 srm=  9.463 sat=  7.873(set=0.214 slv=7.656 max=7.6564 n=1) sim= 0.000(rmp=0.000 run=0.000) chk= 0.001 stat= 0.190 rest= 0.022
  [bmc-incr i=1173 repr=1 active=590/175742 POs=1]
BMC : c =     588  cl =   4503  lit =  175741  p =     0  d =     0  f =     1  +  T =     0.02 sec
  [bmc-prof 1173] wall=  19.170 p=     1 | ifo=  0.725(sd=0.189 nx=0.000 tfo=0.033 cnt=0.503) snap= 0.292 srm=  9.566 sat=  8.247(set=0.234 slv=8.006 max=8.0059 n=1) sim= 0.000(rmp=0.000 run=0.000) chk= 0.001 stat= 0.331 rest= 0.007
  [bmc-incr i=1174 repr=1 active=589/175741 POs=1]
BMC : c =     587  cl =   4503  lit =  175740  p =     0  d =     0  f =     1  +  T =     0.02 sec
  [bmc-prof 1174] wall=  21.171 p=     1 | ifo=  0.850(sd=0.251 nx=0.000 tfo=0.039 cnt=0.560) snap= 0.452 srm= 10.671 sat=  8.829(set=0.299 slv=8.504 max=8.5035 n=1) sim= 0.000(rmp=0.000 run=0.000) chk= 0.001 stat= 0.360 rest= 0.009
  [bmc-incr i=1175 repr=1 active=588/175740 POs=1]
BMC : c =     586  cl =   4503  lit =  175739  p =     0  d =     0  f =     1  +  T =     0.02 sec
  [bmc-prof 1175] wall=  19.314 p=     1 | ifo=  0.926(sd=0.262 nx=0.000 tfo=0.046 cnt=0.618) snap= 0.315 srm=  9.714 sat=  8.130(set=0.253 slv=7.874 max=7.8737 n=1) sim= 0.000(rmp=0.000 run=0.000) chk= 0.001 stat= 0.221 rest= 0.008
  [bmc-incr i=1176 repr=1 active=587/175739 POs=1]
BMC : c =     585  cl =   4503  lit =  175738  p =     0  d =     0  f =     1  +  T =     0.02 sec
  [bmc-prof 1176] wall=  20.690 p=     1 | ifo=  0.717(sd=0.190 nx=0.000 tfo=0.031 cnt=0.496) snap= 0.342 srm= 10.070 sat=  9.238(set=0.257 slv=8.977 max=8.9767 n=1) sim= 0.000(rmp=0.000 run=0.000) chk= 0.001 stat= 0.317 rest= 0.006
  [bmc-incr i=1177 repr=1 active=586/175738 POs=1]
BMC : c =     584  cl =   4503  lit =  175737  p =     0  d =     0  f =     1  +  T =     0.02 sec
  [bmc-prof 1177] wall=  19.715 p=     1 | ifo=  0.952(sd=0.317 nx=0.000 tfo=0.037 cnt=0.598) snap= 0.324 srm=  9.476 sat=  8.755(set=0.247 slv=8.506 max=8.5055 n=1) sim= 0.000(rmp=0.000 run=0.000) chk= 0.001 stat= 0.200 rest= 0.007
  [bmc-incr i=1178 repr=1 active=585/175737 POs=1]
BMC : c =     583  cl =   4503  lit =  175736  p =     0  d =     0  f =     1  +  T =     0.02 sec
  [bmc-prof 1178] wall=  17.346 p=     1 | ifo=  0.760(sd=0.191 nx=0.000 tfo=0.051 cnt=0.518) snap= 0.298 srm=  8.536 sat=  7.524(set=0.210 slv=7.311 max=7.3112 n=1) sim= 0.000(rmp=0.000 run=0.000) chk= 0.000 stat= 0.221 rest= 0.006
  [bmc-incr i=1179 repr=1 active=584/175736 POs=1]
BMC : c =     582  cl =   4503  lit =  175735  p =     0  d =     0  f =     1  +  T =     0.02 sec
  [bmc-prof 1179] wall=  17.290 p=     1 | ifo=  0.726(sd=0.184 nx=0.000 tfo=0.031 cnt=0.511) snap= 0.294 srm=  8.805 sat=  7.270(set=0.212 slv=7.056 max=7.0556 n=1) sim= 0.000(rmp=0.000 run=0.000) chk= 0.000 stat= 0.190 rest= 0.006
  [bmc-incr i=1180 repr=1 active=583/175735 POs=1]
BMC : c =     581  cl =   4503  lit =  175734  p =     0  d =     0  f =     1  +  T =     0.02 sec
  [bmc-prof 1180] wall=  19.481 p=     1 | ifo=  0.723(sd=0.182 nx=0.000 tfo=0.032 cnt=0.509) snap= 0.333 srm= 10.029 sat=  8.106(set=0.294 slv=7.808 max=7.8081 n=1) sim= 0.000(rmp=0.000 run=0.000) chk= 0.000 stat= 0.283 rest= 0.007
  [bmc-incr i=1181 repr=1 active=582/175734 POs=1]
BMC : c =     580  cl =   4503  lit =  175733  p =     0  d =     0  f =     1  +  T =     0.02 sec
  [bmc-prof 1181] wall=  20.366 p=     1 | ifo=  0.852(sd=0.254 nx=0.000 tfo=0.038 cnt=0.560) snap= 0.351 srm= 10.189 sat=  8.750(set=0.265 slv=8.482 max=8.4825 n=1) sim= 0.000(rmp=0.000 run=0.000) chk= 0.001 stat= 0.218 rest= 0.006
  [bmc-incr i=1182 repr=1 active=581/175733 POs=1]
BMC : c =     579  cl =   4503  lit =  175732  p =     0  d =     0  f =     1  +  T =     0.02 sec
  [bmc-prof 1182] wall=  17.610 p=     1 | ifo=  0.734(sd=0.187 nx=0.000 tfo=0.031 cnt=0.516) snap= 0.297 srm=  8.723 sat=  7.661(set=0.233 slv=7.425 max=7.4248 n=1) sim= 0.000(rmp=0.000 run=0.000) chk= 0.000 stat= 0.191 rest= 0.005
  [bmc-incr i=1183 repr=1 active=580/175732 POs=1]
BMC : c =     578  cl =   4503  lit =  175731  p =     0  d =     0  f =     1  +  T =     0.02 sec
  [bmc-prof 1183] wall=  17.780 p=     1 | ifo=  0.721(sd=0.187 nx=0.000 tfo=0.031 cnt=0.503) snap= 0.295 srm=  8.772 sat=  7.795(set=0.258 slv=7.534 max=7.5341 n=1) sim= 0.000(rmp=0.000 run=0.000) chk= 0.001 stat= 0.191 rest= 0.005
  [bmc-incr i=1184 repr=1 active=579/175731 POs=1]
BMC : c =     577  cl =   4503  lit =  175730  p =     0  d =     0  f =     1  +  T =     0.02 sec
  [bmc-prof 1184] wall=  19.805 p=     1 | ifo=  0.698(sd=0.186 nx=0.000 tfo=0.031 cnt=0.480) snap= 0.296 srm=  8.659 sat=  9.918(set=0.227 slv=9.687 max=9.6872 n=1) sim= 0.000(rmp=0.000 run=0.000) chk= 0.000 stat= 0.228 rest= 0.006
  [bmc-incr i=1185 repr=1 active=578/175730 POs=1]
BMC : c =     576  cl =   4503  lit =  175729  p =     0  d =     0  f =     1  +  T =     0.02 sec
  [bmc-prof 1185] wall=  18.335 p=     1 | ifo=  0.844(sd=0.206 nx=0.000 tfo=0.046 cnt=0.592) snap= 0.299 srm=  8.635 sat=  8.336(set=0.239 slv=8.094 max=8.0938 n=1) sim= 0.000(rmp=0.000 run=0.000) chk= 0.000 stat= 0.216 rest= 0.005
  [bmc-incr i=1186 repr=1 active=577/175729 POs=1]
BMC : c =     575  cl =   4503  lit =  175728  p =     0  d =     0  f =     1  +  T =     0.02 sec
  [bmc-prof 1186] wall=  18.472 p=     1 | ifo=  0.720(sd=0.186 nx=0.000 tfo=0.030 cnt=0.503) snap= 0.291 srm=  9.226 sat=  8.021(set=0.219 slv=7.800 max=7.7997 n=1) sim= 0.000(rmp=0.000 run=0.000) chk= 0.001 stat= 0.205 rest= 0.009
  [bmc-incr i=1187 repr=1 active=576/175728 POs=1]
BMC : c =     574  cl =   4503  lit =  175727  p =     0  d =     0  f =     1  +  T =     0.02 sec
  [bmc-prof 1187] wall=  20.470 p=     1 | ifo=  0.772(sd=0.204 nx=0.000 tfo=0.031 cnt=0.536) snap= 0.367 srm= 10.331 sat=  8.785(set=0.238 slv=8.544 max=8.5436 n=1) sim= 0.000(rmp=0.000 run=0.000) chk= 0.001 stat= 0.209 rest= 0.006
  [bmc-incr i=1188 repr=1 active=575/175727 POs=1]
BMC : c =     573  cl =   4503  lit =  175726  p =     0  d =     0  f =     1  +  T =     0.02 sec
  [bmc-prof 1188] wall=  18.920 p=     1 | ifo=  0.793(sd=0.198 nx=0.000 tfo=0.034 cnt=0.562) snap= 0.365 srm=  9.584 sat=  7.946(set=0.224 slv=7.719 max=7.7194 n=1) sim= 0.000(rmp=0.000 run=0.000) chk= 0.000 stat= 0.226 rest= 0.006
  [bmc-incr i=1189 repr=1 active=574/175726 POs=1]
BMC : c =     572  cl =   4503  lit =  175725  p =     0  d =     0  f =     1  +  T =     0.02 sec
  [bmc-prof 1189] wall=  18.955 p=     1 | ifo=  0.795(sd=0.213 nx=0.000 tfo=0.032 cnt=0.550) snap= 0.369 srm=  9.465 sat=  8.129(set=0.231 slv=7.896 max=7.8960 n=1) sim= 0.000(rmp=0.000 run=0.000) chk= 0.000 stat= 0.192 rest= 0.006
  [bmc-incr i=1190 repr=1 active=573/175725 POs=1]
BMC : c =     571  cl =   4503  lit =  175724  p =     0  d =     0  f =     1  +  T =     0.02 sec
  [bmc-prof 1190] wall=  18.210 p=     1 | ifo=  0.745(sd=0.201 nx=0.000 tfo=0.031 cnt=0.512) snap= 0.295 srm=  8.617 sat=  8.354(set=0.231 slv=8.119 max=8.1194 n=1) sim= 0.000(rmp=0.000 run=0.000) chk= 0.000 stat= 0.193 rest= 0.005
  [bmc-incr i=1191 repr=1 active=572/175724 POs=1]
BMC : c =     570  cl =   4503  lit =  175723  p =     0  d =     0  f =     1  +  T =     0.02 sec
  [bmc-prof 1191] wall=  18.857 p=     1 | ifo=  0.723(sd=0.198 nx=0.000 tfo=0.030 cnt=0.495) snap= 0.304 srm=  9.834 sat=  7.760(set=0.251 slv=7.507 max=7.5065 n=1) sim= 0.000(rmp=0.000 run=0.000) chk= 0.001 stat= 0.229 rest= 0.006
  [bmc-incr i=1192 repr=1 active=571/175723 POs=1]
BMC : c =     569  cl =   4503  lit =  175722  p =     0  d =     0  f =     1  +  T =     0.02 sec
  [bmc-prof 1192] wall=  18.356 p=     1 | ifo=  0.697(sd=0.185 nx=0.000 tfo=0.033 cnt=0.479) snap= 0.314 srm=  9.105 sat=  8.042(set=0.217 slv=7.822 max=7.8216 n=1) sim= 0.000(rmp=0.000 run=0.000) chk= 0.000 stat= 0.193 rest= 0.006
  [bmc-incr i=1193 repr=1 active=570/175722 POs=1]
BMC : c =     568  cl =   4503  lit =  175721  p =     0  d =     0  f =     1  +  T =     0.02 sec
  [bmc-prof 1193] wall=  23.444 p=     1 | ifo=  0.701(sd=0.182 nx=0.000 tfo=0.029 cnt=0.491) snap= 0.588 srm= 13.198 sat=  8.703(set=0.298 slv=8.404 max=8.4036 n=1) sim= 0.000(rmp=0.000 run=0.000) chk= 0.000 stat= 0.247 rest= 0.005
  [bmc-incr i=1194 repr=1 active=569/175721 POs=1]
BMC : c =     567  cl =   4503  lit =  175720  p =     0  d =     0  f =     1  +  T =     0.02 sec
  [bmc-prof 1194] wall=  17.588 p=     1 | ifo=  0.729(sd=0.186 nx=0.000 tfo=0.030 cnt=0.513) snap= 0.300 srm=  8.835 sat=  7.529(set=0.207 slv=7.319 max=7.3192 n=1) sim= 0.000(rmp=0.000 run=0.000) chk= 0.000 stat= 0.189 rest= 0.006
  [bmc-incr i=1195 repr=1 active=568/175720 POs=1]
BMC : c =     566  cl =   4503  lit =  175719  p =     0  d =     0  f =     1  +  T =     0.02 sec
  [bmc-prof 1195] wall=  17.611 p=     1 | ifo=  0.728(sd=0.194 nx=0.000 tfo=0.034 cnt=0.500) snap= 0.292 srm=  9.057 sat=  7.343(set=0.225 slv=7.115 max=7.1146 n=1) sim= 0.000(rmp=0.000 run=0.000) chk= 0.000 stat= 0.187 rest= 0.006
  [bmc-incr i=1196 repr=1 active=567/175719 POs=1]
BMC : c =     565  cl =   4503  lit =  175718  p =     0  d =     0  f =     1  +  T =     0.02 sec
  [bmc-prof 1196] wall=  17.592 p=     1 | ifo=  0.713(sd=0.183 nx=0.000 tfo=0.031 cnt=0.499) snap= 0.308 srm=  9.000 sat=  7.364(set=0.215 slv=7.146 max=7.1462 n=1) sim= 0.000(rmp=0.000 run=0.000) chk= 0.000 stat= 0.200 rest= 0.007
  [bmc-incr i=1197 repr=1 active=566/175718 POs=1]
BMC : c =     564  cl =   4503  lit =  175717  p =     0  d =     0  f =     1  +  T =     0.02 sec
  [bmc-prof 1197] wall=  17.331 p=     1 | ifo=  0.750(sd=0.200 nx=0.000 tfo=0.031 cnt=0.519) snap= 0.375 srm=  8.696 sat=  7.306(set=0.212 slv=7.091 max=7.0915 n=1) sim= 0.000(rmp=0.000 run=0.000) chk= 0.000 stat= 0.199 rest= 0.005
  [bmc-incr i=1198 repr=1 active=565/175717 POs=1]
BMC : c =     563  cl =   4503  lit =  175716  p =     0  d =     0  f =     1  +  T =     0.02 sec
  [bmc-prof 1198] wall=  18.070 p=     1 | ifo=  0.920(sd=0.341 nx=0.000 tfo=0.036 cnt=0.544) snap= 0.309 srm=  9.096 sat=  7.528(set=0.209 slv=7.316 max=7.3162 n=1) sim= 0.000(rmp=0.000 run=0.000) chk= 0.000 stat= 0.208 rest= 0.009
  [bmc-incr i=1199 repr=1 active=564/175716 POs=1]
BMC : c =     562  cl =   4503  lit =  175715  p =     0  d =     0  f =     1  +  T =     0.02 sec
  [bmc-prof 1199] wall=  18.938 p=     1 | ifo=  0.762(sd=0.185 nx=0.000 tfo=0.030 cnt=0.547) snap= 0.435 srm=  9.172 sat=  8.366(set=0.264 slv=8.099 max=8.0989 n=1) sim= 0.000(rmp=0.000 run=0.000) chk= 0.000 stat= 0.196 rest= 0.007
  [bmc-incr i=1200 repr=1 active=563/175715 POs=1]
BMC : c =     561  cl =   4503  lit =  175714  p =     0  d =     0  f =     1  +  T =     0.02 sec
  [bmc-prof 1200] wall=  18.783 p=     1 | ifo=  0.723(sd=0.195 nx=0.000 tfo=0.030 cnt=0.498) snap= 0.343 srm=  9.853 sat=  7.645(set=0.219 slv=7.424 max=7.4243 n=1) sim= 0.000(rmp=0.000 run=0.000) chk= 0.000 stat= 0.211 rest= 0.008
  [bmc-incr i=1201 repr=1 active=562/175714 POs=1]
BMC : c =     560  cl =   4503  lit =  175713  p =     0  d =     0  f =     1  +  T =     0.02 sec
  [bmc-prof 1201] wall=  18.434 p=     1 | ifo=  0.722(sd=0.183 nx=0.000 tfo=0.029 cnt=0.510) snap= 0.323 srm=  8.939 sat=  8.237(set=0.222 slv=8.011 max=8.0113 n=1) sim= 0.000(rmp=0.000 run=0.000) chk= 0.000 stat= 0.207 rest= 0.006
  [bmc-incr i=1202 repr=1 active=561/175713 POs=1]
BMC : c =     559  cl =   4503  lit =  175712  p =     0  d =     0  f =     1  +  T =     0.02 sec
  [bmc-prof 1202] wall=  18.793 p=     1 | ifo=  0.821(sd=0.219 nx=0.000 tfo=0.029 cnt=0.573) snap= 0.305 srm=  9.353 sat=  8.041(set=0.225 slv=7.813 max=7.8128 n=1) sim= 0.000(rmp=0.000 run=0.000) chk= 0.000 stat= 0.266 rest= 0.006
  [bmc-incr i=1203 repr=1 active=560/175712 POs=1]
BMC : c =     558  cl =   4503  lit =  175711  p =     0  d =     0  f =     1  +  T =     0.02 sec
  [bmc-prof 1203] wall=  17.921 p=     1 | ifo=  0.895(sd=0.237 nx=0.000 tfo=0.034 cnt=0.624) snap= 0.289 srm=  9.111 sat=  7.427(set=0.232 slv=7.193 max=7.1933 n=1) sim= 0.000(rmp=0.000 run=0.000) chk= 0.000 stat= 0.192 rest= 0.006
  [bmc-incr i=1204 repr=1 active=559/175711 POs=1]
BMC : c =     557  cl =   4503  lit =  175710  p =     0  d =     0  f =     1  +  T =     0.02 sec
  [bmc-prof 1204] wall=  16.955 p=     1 | ifo=  0.694(sd=0.186 nx=0.000 tfo=0.027 cnt=0.481) snap= 0.293 srm=  8.514 sat=  7.262(set=0.208 slv=7.052 max=7.0520 n=1) sim= 0.000(rmp=0.000 run=0.000) chk= 0.000 stat= 0.188 rest= 0.005
  [bmc-incr i=1205 repr=1 active=558/175710 POs=1]
BMC : c =     556  cl =   4503  lit =  175709  p =     0  d =     0  f =     1  +  T =     0.02 sec
  [bmc-prof 1205] wall=  17.456 p=     1 | ifo=  0.696(sd=0.180 nx=0.000 tfo=0.029 cnt=0.487) snap= 0.336 srm=  8.594 sat=  7.636(set=0.210 slv=7.424 max=7.4240 n=1) sim= 0.000(rmp=0.000 run=0.000) chk= 0.000 stat= 0.189 rest= 0.005
  [bmc-incr i=1206 repr=1 active=557/175709 POs=1]
BMC : c =     555  cl =   4503  lit =  175708  p =     0  d =     0  f =     1  +  T =     0.02 sec
  [bmc-prof 1206] wall=  19.357 p=     1 | ifo=  1.606(sd=1.030 nx=0.000 tfo=0.036 cnt=0.539) snap= 0.299 srm=  8.543 sat=  8.688(set=0.218 slv=8.467 max=8.4673 n=1) sim= 0.000(rmp=0.000 run=0.000) chk= 0.000 stat= 0.215 rest= 0.006
  [bmc-incr i=1207 repr=1 active=556/175708 POs=1]
BMC : c =     554  cl =   4503  lit =  175707  p =     0  d =     0  f =     1  +  T =     0.02 sec
  [bmc-prof 1207] wall=  18.993 p=     1 | ifo=  0.791(sd=0.202 nx=0.000 tfo=0.028 cnt=0.561) snap= 0.315 srm=  9.227 sat=  8.386(set=0.228 slv=8.155 max=8.1547 n=1) sim= 0.000(rmp=0.000 run=0.000) chk= 0.000 stat= 0.267 rest= 0.007
  [bmc-incr i=1208 repr=1 active=555/175707 POs=1]
BMC : c =     553  cl =   4503  lit =  175706  p =     0  d =     0  f =     1  +  T =     0.02 sec
  [bmc-prof 1208] wall=  17.535 p=     1 | ifo=  0.867(sd=0.256 nx=0.000 tfo=0.036 cnt=0.574) snap= 0.295 srm=  8.832 sat=  7.333(set=0.212 slv=7.119 max=7.1185 n=1) sim= 0.000(rmp=0.000 run=0.000) chk= 0.000 stat= 0.200 rest= 0.008
  [bmc-incr i=1209 repr=1 active=554/175706 POs=1]
BMC : c =     552  cl =   4503  lit =  175705  p =     0  d =     0  f =     1  +  T =     0.02 sec
  [bmc-prof 1209] wall=  18.065 p=     1 | ifo=  0.947(sd=0.187 nx=0.000 tfo=0.031 cnt=0.729) snap= 0.302 srm=  8.691 sat=  7.905(set=0.226 slv=7.677 max=7.6765 n=1) sim= 0.000(rmp=0.000 run=0.000) chk= 0.000 stat= 0.212 rest= 0.006
  [bmc-incr i=1210 repr=1 active=553/175705 POs=1]
BMC : c =     551  cl =   4503  lit =  175704  p =     0  d =     0  f =     1  +  T =     0.02 sec
  [bmc-prof 1210] wall=  18.113 p=     1 | ifo=  0.725(sd=0.185 nx=0.000 tfo=0.030 cnt=0.510) snap= 0.308 srm=  8.864 sat=  8.012(set=0.224 slv=7.784 max=7.7841 n=1) sim= 0.000(rmp=0.000 run=0.000) chk= 0.000 stat= 0.200 rest= 0.005
  [bmc-incr i=1211 repr=1 active=552/175704 POs=1]
BMC : c =     550  cl =   4503  lit =  175703  p =     0  d =     0  f =     1  +  T =     0.02 sec
  [bmc-prof 1211] wall=  20.045 p=     1 | ifo=  0.724(sd=0.182 nx=0.000 tfo=0.029 cnt=0.512) snap= 0.289 srm=  8.553 sat= 10.256(set=0.210 slv=10.043 max=10.0428 n=1) sim= 0.000(rmp=0.000 run=0.000) chk= 0.001 stat= 0.216 rest= 0.007
  [bmc-incr i=1212 repr=1 active=551/175703 POs=1]
BMC : c =     549  cl =   4503  lit =  175702  p =     0  d =     0  f =     1  +  T =     0.02 sec
  [bmc-prof 1212] wall=  19.350 p=     1 | ifo=  0.840(sd=0.222 nx=0.000 tfo=0.029 cnt=0.589) snap= 0.350 srm=  9.536 sat=  8.378(set=0.230 slv=8.144 max=8.1444 n=1) sim= 0.000(rmp=0.000 run=0.000) chk= 0.000 stat= 0.239 rest= 0.006
  [bmc-incr i=1213 repr=1 active=550/175702 POs=1]
BMC : c =     548  cl =   4503  lit =  175701  p =     0  d =     0  f =     1  +  T =     0.02 sec
  [bmc-prof 1213] wall=  17.907 p=     1 | ifo=  0.793(sd=0.231 nx=0.000 tfo=0.033 cnt=0.529) snap= 0.312 srm=  8.604 sat=  7.980(set=0.216 slv=7.761 max=7.7610 n=1) sim= 0.000(rmp=0.000 run=0.000) chk= 0.000 stat= 0.209 rest= 0.009
  [bmc-incr i=1214 repr=1 active=549/175701 POs=1]
BMC : c =     547  cl =   4503  lit =  175700  p =     0  d =     0  f =     1  +  T =     0.02 sec
  [bmc-prof 1214] wall=  17.498 p=     1 | ifo=  0.723(sd=0.184 nx=0.000 tfo=0.028 cnt=0.511) snap= 0.351 srm=  8.764 sat=  7.453(set=0.271 slv=7.179 max=7.1787 n=1) sim= 0.000(rmp=0.000 run=0.000) chk= 0.000 stat= 0.201 rest= 0.005
  [bmc-incr i=1215 repr=1 active=548/175700 POs=1]
BMC : c =     546  cl =   4503  lit =  175699  p =     0  d =     0  f =     1  +  T =     0.02 sec
  [bmc-prof 1215] wall=  20.506 p=     1 | ifo=  0.721(sd=0.192 nx=0.000 tfo=0.033 cnt=0.497) snap= 0.351 srm= 10.916 sat=  8.298(set=0.265 slv=8.031 max=8.0310 n=1) sim= 0.000(rmp=0.000 run=0.000) chk= 0.000 stat= 0.212 rest= 0.007
  [bmc-incr i=1216 repr=1 active=547/175699 POs=1]
BMC : c =     545  cl =   4503  lit =  175698  p =     0  d =     0  f =     1  +  T =     0.02 sec
  [bmc-prof 1216] wall=  18.146 p=     1 | ifo=  0.760(sd=0.195 nx=0.000 tfo=0.028 cnt=0.537) snap= 0.329 srm=  8.889 sat=  7.971(set=0.263 slv=7.705 max=7.7047 n=1) sim= 0.000(rmp=0.000 run=0.000) chk= 0.000 stat= 0.192 rest= 0.006
  [bmc-incr i=1217 repr=1 active=546/175698 POs=1]
BMC : c =     544  cl =   4503  lit =  175697  p =     0  d =     0  f =     1  +  T =     0.02 sec
  [bmc-prof 1217] wall=  17.372 p=     1 | ifo=  0.826(sd=0.215 nx=0.000 tfo=0.030 cnt=0.581) snap= 0.295 srm=  8.752 sat=  7.288(set=0.227 slv=7.059 max=7.0590 n=1) sim= 0.000(rmp=0.000 run=0.000) chk= 0.000 stat= 0.192 rest= 0.019
  [bmc-incr i=1218 repr=1 active=545/175697 POs=1]
BMC : c =     543  cl =   4503  lit =  175696  p =     0  d =     0  f =     1  +  T =     0.02 sec
  [bmc-prof 1218] wall=  18.311 p=     1 | ifo=  0.725(sd=0.186 nx=0.000 tfo=0.029 cnt=0.510) snap= 0.295 srm=  9.583 sat=  7.508(set=0.235 slv=7.271 max=7.2708 n=1) sim= 0.000(rmp=0.000 run=0.000) chk= 0.000 stat= 0.193 rest= 0.007
  [bmc-incr i=1219 repr=1 active=544/175696 POs=1]
BMC : c =     542  cl =   4503  lit =  175695  p =     0  d =     0  f =     1  +  T =     0.02 sec
  [bmc-prof 1219] wall=  18.115 p=     1 | ifo=  0.711(sd=0.183 nx=0.000 tfo=0.029 cnt=0.500) snap= 0.291 srm=  8.876 sat=  7.964(set=0.222 slv=7.738 max=7.7380 n=1) sim= 0.000(rmp=0.000 run=0.000) chk= 0.000 stat= 0.266 rest= 0.006
  [bmc-incr i=1220 repr=1 active=543/175695 POs=1]
BMC : c =     541  cl =   4503  lit =  175694  p =     0  d =     0  f =     1  +  T =     0.02 sec
  [bmc-prof 1220] wall=  18.422 p=     1 | ifo=  0.740(sd=0.182 nx=0.000 tfo=0.028 cnt=0.530) snap= 0.295 srm=  9.200 sat=  7.937(set=0.215 slv=7.719 max=7.7185 n=1) sim= 0.000(rmp=0.000 run=0.000) chk= 0.000 stat= 0.242 rest= 0.006
  [bmc-incr i=1221 repr=1 active=542/175694 POs=1]
BMC : c =     540  cl =   4503  lit =  175693  p =     0  d =     0  f =     1  +  T =     0.02 sec
  [bmc-prof 1221] wall=  17.660 p=     1 | ifo=  0.809(sd=0.223 nx=0.000 tfo=0.031 cnt=0.555) snap= 0.303 srm=  8.725 sat=  7.629(set=0.248 slv=7.378 max=7.3781 n=1) sim= 0.000(rmp=0.000 run=0.000) chk= 0.001 stat= 0.188 rest= 0.005
  [bmc-incr i=1222 repr=1 active=541/175693 POs=1]
BMC : c =     539  cl =   4503  lit =  175692  p =     0  d =     0  f =     1  +  T =     0.02 sec
  [bmc-prof 1222] wall=  19.241 p=     1 | ifo=  0.741(sd=0.184 nx=0.000 tfo=0.029 cnt=0.527) snap= 0.301 srm=  8.717 sat=  9.267(set=0.215 slv=9.050 max=9.0500 n=1) sim= 0.000(rmp=0.000 run=0.000) chk= 0.000 stat= 0.207 rest= 0.007
  [bmc-incr i=1223 repr=1 active=540/175692 POs=1]
BMC : c =     538  cl =   4503  lit =  175691  p =     0  d =     0  f =     1  +  T =     0.02 sec
  [bmc-prof 1223] wall=  19.118 p=     1 | ifo=  0.800(sd=0.208 nx=0.000 tfo=0.030 cnt=0.562) snap= 0.314 srm=  9.618 sat=  8.084(set=0.239 slv=7.842 max=7.8420 n=1) sim= 0.000(rmp=0.000 run=0.000) chk= 0.000 stat= 0.295 rest= 0.006
  [bmc-incr i=1224 repr=1 active=539/175691 POs=1]
BMC : c =     537  cl =   4503  lit =  175690  p =     0  d =     0  f =     1  +  T =     0.02 sec
  [bmc-prof 1224] wall=  18.372 p=     1 | ifo=  0.810(sd=0.241 nx=0.000 tfo=0.036 cnt=0.533) snap= 0.290 srm=  8.644 sat=  8.404(set=0.214 slv=8.187 max=8.1865 n=1) sim= 0.000(rmp=0.000 run=0.000) chk= 0.000 stat= 0.217 rest= 0.007
  [bmc-incr i=1225 repr=1 active=538/175690 POs=1]
BMC : c =     536  cl =   4503  lit =  175689  p =     0  d =     0  f =     1  +  T =     0.02 sec
  [bmc-prof 1225] wall=  19.555 p=     1 | ifo=  0.785(sd=0.198 nx=0.000 tfo=0.031 cnt=0.556) snap= 0.322 srm=  9.303 sat=  8.932(set=0.226 slv=8.702 max=8.7025 n=1) sim= 0.000(rmp=0.000 run=0.000) chk= 0.000 stat= 0.208 rest= 0.005
  [bmc-incr i=1226 repr=1 active=537/175689 POs=1]
BMC : c =     535  cl =   4503  lit =  175688  p =     0  d =     0  f =     1  +  T =     0.02 sec
  [bmc-prof 1226] wall=  18.448 p=     1 | ifo=  0.785(sd=0.215 nx=0.000 tfo=0.030 cnt=0.539) snap= 0.293 srm=  8.827 sat=  8.332(set=0.310 slv=8.018 max=8.0182 n=1) sim= 0.000(rmp=0.000 run=0.000) chk= 0.000 stat= 0.205 rest= 0.006
  [bmc-incr i=1227 repr=1 active=536/175688 POs=1]
BMC : c =     534  cl =   4503  lit =  175687  p =     0  d =     0  f =     1  +  T =     0.02 sec
  [bmc-prof 1227] wall=  23.387 p=     1 | ifo=  0.937(sd=0.210 nx=0.000 tfo=0.029 cnt=0.698) snap= 0.427 srm= 13.161 sat=  8.654(set=0.281 slv=8.370 max=8.3703 n=1) sim= 0.000(rmp=0.000 run=0.000) chk= 0.001 stat= 0.201 rest= 0.006
  [bmc-incr i=1228 repr=1 active=535/175687 POs=1]
BMC : c =     533  cl =   4503  lit =  175686  p =     0  d =     0  f =     1  +  T =     0.02 sec
  [bmc-prof 1228] wall=  18.047 p=     1 | ifo=  0.751(sd=0.203 nx=0.000 tfo=0.029 cnt=0.519) snap= 0.292 srm=  8.791 sat=  7.999(set=0.246 slv=7.750 max=7.7497 n=1) sim= 0.000(rmp=0.000 run=0.000) chk= 0.000 stat= 0.208 rest= 0.006
  [bmc-incr i=1229 repr=1 active=534/175686 POs=1]
BMC : c =     532  cl =   4503  lit =  175685  p =     0  d =     0  f =     1  +  T =     0.02 sec
  [bmc-prof 1229] wall=  18.321 p=     1 | ifo=  0.723(sd=0.185 nx=0.000 tfo=0.028 cnt=0.510) snap= 0.297 srm=  8.969 sat=  8.135(set=0.211 slv=7.922 max=7.9221 n=1) sim= 0.000(rmp=0.000 run=0.000) chk= 0.000 stat= 0.191 rest= 0.005
  [bmc-incr i=1230 repr=1 active=533/175685 POs=1]
BMC : c =     531  cl =   4503  lit =  175684  p =     0  d =     0  f =     1  +  T =     0.02 sec
  [bmc-prof 1230] wall=  17.941 p=     1 | ifo=  0.733(sd=0.197 nx=0.000 tfo=0.028 cnt=0.508) snap= 0.295 srm=  8.783 sat=  7.903(set=0.215 slv=7.686 max=7.6859 n=1) sim= 0.000(rmp=0.000 run=0.000) chk= 0.000 stat= 0.220 rest= 0.006
  [bmc-incr i=1231 repr=1 active=532/175684 POs=1]
BMC : c =     530  cl =   4503  lit =  175683  p =     0  d =     0  f =     1  +  T =     0.02 sec
  [bmc-prof 1231] wall=  19.449 p=     1 | ifo=  0.768(sd=0.199 nx=0.000 tfo=0.027 cnt=0.542) snap= 0.332 srm=  9.569 sat=  8.569(set=0.229 slv=8.337 max=8.3367 n=1) sim= 0.000(rmp=0.000 run=0.000) chk= 0.001 stat= 0.206 rest= 0.006
  [bmc-incr i=1232 repr=1 active=531/175683 POs=1]
BMC : c =     529  cl =   4503  lit =  175682  p =     0  d =     0  f =     1  +  T =     0.02 sec
  [bmc-prof 1232] wall=  19.439 p=     1 | ifo=  0.782(sd=0.211 nx=0.000 tfo=0.029 cnt=0.542) snap= 0.328 srm=  9.660 sat=  8.439(set=0.309 slv=8.126 max=8.1259 n=1) sim= 0.000(rmp=0.000 run=0.000) chk= 0.001 stat= 0.223 rest= 0.007
  [bmc-incr i=1233 repr=1 active=530/175682 POs=1]
BMC : c =     528  cl =   4503  lit =  175681  p =     0  d =     0  f =     1  +  T =     0.02 sec
  [bmc-prof 1233] wall=  21.775 p=     1 | ifo=  0.740(sd=0.191 nx=0.000 tfo=0.026 cnt=0.522) snap= 0.425 srm= 11.531 sat=  8.859(set=0.321 slv=8.535 max=8.5351 n=1) sim= 0.000(rmp=0.000 run=0.000) chk= 0.001 stat= 0.211 rest= 0.008
  [bmc-incr i=1234 repr=1 active=529/175681 POs=1]
BMC : c =     527  cl =   4503  lit =  175680  p =     0  d =     0  f =     1  +  T =     0.02 sec
  [bmc-prof 1234] wall=  22.186 p=     1 | ifo=  0.737(sd=0.192 nx=0.000 tfo=0.029 cnt=0.517) snap= 0.350 srm= 11.009 sat=  9.878(set=0.250 slv=9.625 max=9.6253 n=1) sim= 0.000(rmp=0.000 run=0.000) chk= 0.001 stat= 0.206 rest= 0.006
  [bmc-incr i=1235 repr=1 active=528/175680 POs=1]
BMC : c =     526  cl =   4503  lit =  175679  p =     0  d =     0  f =     1  +  T =     0.02 sec
  [bmc-prof 1235] wall=  18.836 p=     1 | ifo=  0.784(sd=0.201 nx=0.000 tfo=0.028 cnt=0.555) snap= 0.303 srm=  9.758 sat=  7.768(set=0.219 slv=7.547 max=7.5467 n=1) sim= 0.000(rmp=0.000 run=0.000) chk= 0.000 stat= 0.215 rest= 0.008
  [bmc-incr i=1236 repr=1 active=527/175679 POs=1]
BMC : c =     525  cl =   4503  lit =  175678  p =     0  d =     0  f =     1  +  T =     0.02 sec
  [bmc-prof 1236] wall=  17.679 p=     1 | ifo=  0.724(sd=0.183 nx=0.000 tfo=0.029 cnt=0.512) snap= 0.310 srm=  9.036 sat=  7.406(set=0.218 slv=7.185 max=7.1847 n=1) sim= 0.000(rmp=0.000 run=0.000) chk= 0.000 stat= 0.195 rest= 0.007
  [bmc-incr i=1237 repr=1 active=526/175678 POs=1]
BMC : c =     524  cl =   4503  lit =  175677  p =     0  d =     0  f =     1  +  T =     0.02 sec
  [bmc-prof 1237] wall=  18.219 p=     1 | ifo=  0.702(sd=0.189 nx=0.000 tfo=0.029 cnt=0.483) snap= 0.296 srm=  9.523 sat=  7.504(set=0.225 slv=7.277 max=7.2766 n=1) sim= 0.000(rmp=0.000 run=0.000) chk= 0.000 stat= 0.189 rest= 0.006
  [bmc-incr i=1238 repr=1 active=525/175677 POs=1]
BMC : c =     523  cl =   4503  lit =  175676  p =     0  d =     0  f =     1  +  T =     0.02 sec
  [bmc-prof 1238] wall=  17.661 p=     1 | ifo=  0.716(sd=0.197 nx=0.000 tfo=0.027 cnt=0.493) snap= 0.296 srm=  8.737 sat=  7.669(set=0.211 slv=7.454 max=7.4538 n=1) sim= 0.000(rmp=0.000 run=0.000) chk= 0.000 stat= 0.238 rest= 0.005
  [bmc-incr i=1239 repr=1 active=524/175676 POs=1]
BMC : c =     522  cl =   4503  lit =  175675  p =     0  d =     0  f =     1  +  T =     0.02 sec
  [bmc-prof 1239] wall=  19.167 p=     1 | ifo=  0.718(sd=0.185 nx=0.000 tfo=0.028 cnt=0.505) snap= 0.294 srm=  9.243 sat=  8.693(set=0.219 slv=8.471 max=8.4708 n=1) sim= 0.000(rmp=0.000 run=0.000) chk= 0.000 stat= 0.213 rest= 0.006
  [bmc-incr i=1240 repr=1 active=523/175675 POs=1]
BMC : c =     521  cl =   4503  lit =  175674  p =     0  d =     0  f =     1  +  T =     0.02 sec
  [bmc-prof 1240] wall=  18.466 p=     1 | ifo=  0.742(sd=0.191 nx=0.000 tfo=0.025 cnt=0.526) snap= 0.290 srm=  8.975 sat=  8.241(set=0.207 slv=8.032 max=8.0321 n=1) sim= 0.000(rmp=0.000 run=0.000) chk= 0.000 stat= 0.212 rest= 0.006
  [bmc-incr i=1241 repr=1 active=522/175674 POs=1]
BMC : c =     520  cl =   4503  lit =  175673  p =     0  d =     0  f =     1  +  T =     0.02 sec
  [bmc-prof 1241] wall=  18.950 p=     1 | ifo=  0.776(sd=0.199 nx=0.000 tfo=0.027 cnt=0.551) snap= 0.301 srm=  9.527 sat=  8.152(set=0.218 slv=7.931 max=7.9310 n=1) sim= 0.000(rmp=0.000 run=0.000) chk= 0.000 stat= 0.187 rest= 0.005
  [bmc-incr i=1242 repr=1 active=521/175673 POs=1]
BMC : c =     519  cl =   4503  lit =  175672  p =     0  d =     0  f =     1  +  T =     0.02 sec
  [bmc-prof 1242] wall=  20.649 p=     1 | ifo=  0.714(sd=0.190 nx=0.000 tfo=0.029 cnt=0.496) snap= 0.339 srm=  9.869 sat=  9.510(set=0.236 slv=9.270 max=9.2698 n=1) sim= 0.000(rmp=0.000 run=0.000) chk= 0.000 stat= 0.210 rest= 0.007
  [bmc-incr i=1243 repr=1 active=520/175672 POs=1]
BMC : c =     518  cl =   4503  lit =  175671  p =     0  d =     0  f =     1  +  T =     0.02 sec
  [bmc-prof 1243] wall=  18.911 p=     1 | ifo=  0.875(sd=0.255 nx=0.000 tfo=0.038 cnt=0.583) snap= 0.298 srm=  9.389 sat=  8.143(set=0.239 slv=7.901 max=7.9010 n=1) sim= 0.000(rmp=0.000 run=0.000) chk= 0.000 stat= 0.198 rest= 0.007
  [bmc-incr i=1244 repr=1 active=519/175671 POs=1]
BMC : c =     517  cl =   4503  lit =  175670  p =     0  d =     0  f =     1  +  T =     0.02 sec
  [bmc-prof 1244] wall=  18.706 p=     1 | ifo=  0.702(sd=0.184 nx=0.000 tfo=0.028 cnt=0.490) snap= 0.302 srm=  8.653 sat=  8.771(set=0.225 slv=8.542 max=8.5418 n=1) sim= 0.000(rmp=0.000 run=0.000) chk= 0.000 stat= 0.272 rest= 0.005
  [bmc-incr i=1245 repr=1 active=518/175670 POs=1]
BMC : c =     516  cl =   4503  lit =  175669  p =     0  d =     0  f =     1  +  T =     0.02 sec
  [bmc-prof 1245] wall=  18.997 p=     1 | ifo=  0.841(sd=0.264 nx=0.000 tfo=0.028 cnt=0.549) snap= 0.294 srm=  8.943 sat=  8.720(set=0.218 slv=8.499 max=8.4992 n=1) sim= 0.000(rmp=0.000 run=0.000) chk= 0.000 stat= 0.193 rest= 0.005
  [bmc-incr i=1246 repr=1 active=517/175669 POs=1]
BMC : c =     515  cl =   4503  lit =  175668  p =     0  d =     0  f =     1  +  T =     0.02 sec
  [bmc-prof 1246] wall=  19.817 p=     1 | ifo=  0.706(sd=0.184 nx=0.000 tfo=0.029 cnt=0.493) snap= 0.343 srm= 10.203 sat=  8.353(set=0.236 slv=8.115 max=8.1145 n=1) sim= 0.000(rmp=0.000 run=0.000) chk= 0.000 stat= 0.206 rest= 0.006
  [bmc-incr i=1247 repr=1 active=516/175668 POs=1]
BMC : c =     514  cl =   4503  lit =  175667  p =     0  d =     0  f =     1  +  T =     0.02 sec
  [bmc-prof 1247] wall=  19.270 p=     1 | ifo=  0.789(sd=0.201 nx=0.000 tfo=0.028 cnt=0.560) snap= 0.295 srm=  9.901 sat=  8.082(set=0.235 slv=7.844 max=7.8442 n=1) sim= 0.000(rmp=0.000 run=0.000) chk= 0.000 stat= 0.197 rest= 0.006
  [bmc-incr i=1248 repr=1 active=515/175667 POs=1]
BMC : c =     513  cl =   4503  lit =  175666  p =     0  d =     0  f =     1  +  T =     0.02 sec
  [bmc-prof 1248] wall=  17.380 p=     1 | ifo=  0.871(sd=0.185 nx=0.000 tfo=0.027 cnt=0.659) snap= 0.309 srm=  8.568 sat=  7.435(set=0.213 slv=7.220 max=7.2199 n=1) sim= 0.000(rmp=0.000 run=0.000) chk= 0.000 stat= 0.189 rest= 0.007
  [bmc-incr i=1249 repr=1 active=514/175666 POs=1]
BMC : c =     512  cl =   4503  lit =  175665  p =     0  d =     0  f =     1  +  T =     0.02 sec
  [bmc-prof 1249] wall=  18.781 p=     1 | ifo=  0.738(sd=0.208 nx=0.000 tfo=0.027 cnt=0.504) snap= 0.304 srm=  9.064 sat=  8.465(set=0.217 slv=8.246 max=8.2458 n=1) sim= 0.000(rmp=0.000 run=0.000) chk= 0.000 stat= 0.201 rest= 0.008
  [bmc-incr i=1250 repr=1 active=513/175665 POs=1]
BMC : c =     511  cl =   4503  lit =  175664  p =     0  d =     0  f =     1  +  T =     0.02 sec
  [bmc-prof 1250] wall=  18.631 p=     1 | ifo=  0.744(sd=0.191 nx=0.000 tfo=0.027 cnt=0.526) snap= 0.291 srm=  9.796 sat=  7.579(set=0.218 slv=7.358 max=7.3576 n=1) sim= 0.000(rmp=0.000 run=0.000) chk= 0.000 stat= 0.213 rest= 0.008
  [bmc-incr i=1251 repr=1 active=512/175664 POs=1]
BMC : c =     510  cl =   4503  lit =  175663  p =     0  d =     0  f =     1  +  T =     0.02 sec
  [bmc-prof 1251] wall=  18.573 p=     1 | ifo=  0.717(sd=0.183 nx=0.000 tfo=0.029 cnt=0.504) snap= 0.292 srm=  8.752 sat=  8.509(set=0.209 slv=8.297 max=8.2965 n=1) sim= 0.000(rmp=0.000 run=0.000) chk= 0.000 stat= 0.296 rest= 0.007
  [bmc-incr i=1252 repr=1 active=511/175663 POs=1]
BMC : c =     509  cl =   4503  lit =  175662  p =     0  d =     0  f =     1  +  T =     0.02 sec
  [bmc-prof 1252] wall=  19.947 p=     1 | ifo=  0.772(sd=0.202 nx=0.000 tfo=0.026 cnt=0.543) snap= 0.289 srm=  9.981 sat=  8.688(set=0.214 slv=8.470 max=8.4704 n=1) sim= 0.000(rmp=0.000 run=0.000) chk= 0.000 stat= 0.209 rest= 0.007
  [bmc-incr i=1253 repr=1 active=510/175662 POs=1]
BMC : c =     508  cl =   4503  lit =  175661  p =     0  d =     0  f =     1  +  T =     0.02 sec
  [bmc-prof 1253] wall=  19.705 p=     1 | ifo=  0.746(sd=0.191 nx=0.000 tfo=0.027 cnt=0.528) snap= 0.310 srm=  9.959 sat=  8.474(set=0.230 slv=8.241 max=8.2411 n=1) sim= 0.000(rmp=0.000 run=0.000) chk= 0.000 stat= 0.209 rest= 0.007
  [bmc-incr i=1254 repr=1 active=509/175661 POs=1]
BMC : c =     507  cl =   4503  lit =  175660  p =     0  d =     0  f =     1  +  T =     0.02 sec
  [bmc-prof 1254] wall=  19.173 p=     1 | ifo=  0.746(sd=0.193 nx=0.000 tfo=0.025 cnt=0.528) snap= 0.314 srm=  9.505 sat=  8.398(set=0.226 slv=8.170 max=8.1704 n=1) sim= 0.000(rmp=0.000 run=0.000) chk= 0.001 stat= 0.202 rest= 0.007
  [bmc-incr i=1255 repr=1 active=508/175660 POs=1]
BMC : c =     506  cl =   4503  lit =  175659  p =     0  d =     0  f =     1  +  T =     0.02 sec
  [bmc-prof 1255] wall=  19.344 p=     1 | ifo=  0.759(sd=0.196 nx=0.000 tfo=0.026 cnt=0.536) snap= 0.315 srm=  9.521 sat=  8.501(set=0.225 slv=8.273 max=8.2725 n=1) sim= 0.000(rmp=0.000 run=0.000) chk= 0.000 stat= 0.242 rest= 0.006
  [bmc-incr i=1256 repr=1 active=507/175659 POs=1]
BMC : c =     505  cl =   4503  lit =  175658  p =     0  d =     0  f =     1  +  T =     0.02 sec
  [bmc-prof 1256] wall=  18.310 p=     1 | ifo=  0.783(sd=0.205 nx=0.000 tfo=0.028 cnt=0.550) snap= 0.300 srm=  8.795 sat=  8.212(set=0.229 slv=7.980 max=7.9800 n=1) sim= 0.000(rmp=0.000 run=0.000) chk= 0.000 stat= 0.212 rest= 0.008
  [bmc-incr i=1257 repr=1 active=506/175658 POs=1]
BMC : c =     504  cl =   4503  lit =  175657  p =     0  d =     0  f =     1  +  T =     0.02 sec
  [bmc-prof 1257] wall=  18.836 p=     1 | ifo=  1.058(sd=0.204 nx=0.000 tfo=0.027 cnt=0.828) snap= 0.369 srm=  9.079 sat=  8.126(set=0.249 slv=7.874 max=7.8737 n=1) sim= 0.000(rmp=0.000 run=0.000) chk= 0.001 stat= 0.198 rest= 0.006
  [bmc-incr i=1258 repr=1 active=505/175657 POs=1]
BMC : c =     503  cl =   4503  lit =  175656  p =     0  d =     0  f =     1  +  T =     0.02 sec
  [bmc-prof 1258] wall=  17.765 p=     1 | ifo=  0.738(sd=0.192 nx=0.000 tfo=0.027 cnt=0.519) snap= 0.289 srm=  8.708 sat=  7.824(set=0.210 slv=7.612 max=7.6123 n=1) sim= 0.000(rmp=0.000 run=0.000) chk= 0.000 stat= 0.199 rest= 0.007
  [bmc-incr i=1259 repr=1 active=504/175656 POs=1]
BMC : c =     502  cl =   4503  lit =  175655  p =     0  d =     0  f =     1  +  T =     0.02 sec
  [bmc-prof 1259] wall=  19.677 p=     1 | ifo=  0.788(sd=0.220 nx=0.000 tfo=0.030 cnt=0.539) snap= 0.330 srm= 10.219 sat=  8.139(set=0.221 slv=7.916 max=7.9155 n=1) sim= 0.000(rmp=0.000 run=0.000) chk= 0.000 stat= 0.194 rest= 0.006
  [bmc-incr i=1260 repr=1 active=503/175655 POs=1]
BMC : c =     501  cl =   4503  lit =  175654  p =     0  d =     0  f =     1  +  T =     0.02 sec
  [bmc-prof 1260] wall=  19.821 p=     1 | ifo=  0.717(sd=0.186 nx=0.000 tfo=0.029 cnt=0.501) snap= 0.384 srm=  9.647 sat=  8.863(set=0.237 slv=8.623 max=8.6230 n=1) sim= 0.000(rmp=0.000 run=0.000) chk= 0.000 stat= 0.203 rest= 0.008
  [bmc-incr i=1261 repr=1 active=502/175654 POs=1]
BMC : c =     500  cl =   4503  lit =  175653  p =     0  d =     0  f =     1  +  T =     0.02 sec
  [bmc-prof 1261] wall=  18.814 p=     1 | ifo=  0.763(sd=0.198 nx=0.000 tfo=0.028 cnt=0.537) snap= 0.324 srm=  9.098 sat=  8.419(set=0.220 slv=8.197 max=8.1966 n=1) sim= 0.000(rmp=0.000 run=0.000) chk= 0.000 stat= 0.203 rest= 0.006
  [bmc-incr i=1262 repr=1 active=501/175653 POs=1]
BMC : c =     499  cl =   4503  lit =  175652  p =     0  d =     0  f =     1  +  T =     0.02 sec
  [bmc-prof 1262] wall=  17.756 p=     1 | ifo=  0.702(sd=0.182 nx=0.000 tfo=0.026 cnt=0.494) snap= 0.307 srm=  8.816 sat=  7.715(set=0.218 slv=7.496 max=7.4956 n=1) sim= 0.000(rmp=0.000 run=0.000) chk= 0.001 stat= 0.208 rest= 0.007
  [bmc-incr i=1263 repr=1 active=500/175652 POs=1]
BMC : c =     498  cl =   4503  lit =  175651  p =     0  d =     0  f =     1  +  T =     0.02 sec
  [bmc-prof 1263] wall=  17.273 p=     1 | ifo=  0.741(sd=0.186 nx=0.000 tfo=0.029 cnt=0.526) snap= 0.294 srm=  8.741 sat=  7.298(set=0.218 slv=7.077 max=7.0775 n=1) sim= 0.000(rmp=0.000 run=0.000) chk= 0.000 stat= 0.194 rest= 0.005
  [bmc-incr i=1264 repr=1 active=499/175651 POs=1]
BMC : c =     497  cl =   4503  lit =  175650  p =     0  d =     0  f =     1  +  T =     0.02 sec
  [bmc-prof 1264] wall=  18.565 p=     1 | ifo=  0.763(sd=0.200 nx=0.000 tfo=0.026 cnt=0.536) snap= 0.299 srm=  8.566 sat=  8.740(set=0.315 slv=8.422 max=8.4216 n=1) sim= 0.000(rmp=0.000 run=0.000) chk= 0.000 stat= 0.193 rest= 0.005
  [bmc-incr i=1265 repr=1 active=498/175650 POs=1]
BMC : c =     496  cl =   4503  lit =  175649  p =     0  d =     0  f =     1  +  T =     0.02 sec
  [bmc-prof 1265] wall=  19.284 p=     1 | ifo=  0.715(sd=0.187 nx=0.000 tfo=0.027 cnt=0.501) snap= 0.296 srm=  8.691 sat=  9.380(set=0.214 slv=9.163 max=9.1633 n=1) sim= 0.000(rmp=0.000 run=0.000) chk= 0.000 stat= 0.195 rest= 0.006
  [bmc-incr i=1266 repr=1 active=497/175649 POs=1]
BMC : c =     495  cl =   4503  lit =  175648  p =     0  d =     0  f =     1  +  T =     0.02 sec
  [bmc-prof 1266] wall=  19.336 p=     1 | ifo=  0.715(sd=0.190 nx=0.000 tfo=0.026 cnt=0.499) snap= 0.313 srm=  9.621 sat=  8.488(set=0.216 slv=8.269 max=8.2691 n=1) sim= 0.000(rmp=0.000 run=0.000) chk= 0.000 stat= 0.193 rest= 0.006
  [bmc-incr i=1267 repr=1 active=496/175648 POs=1]
BMC : c =     494  cl =   4503  lit =  175647  p =     0  d =     0  f =     1  +  T =     0.02 sec
  [bmc-prof 1267] wall=  18.080 p=     1 | ifo=  0.725(sd=0.198 nx=0.000 tfo=0.027 cnt=0.500) snap= 0.311 srm=  9.166 sat=  7.684(set=0.214 slv=7.468 max=7.4678 n=1) sim= 0.000(rmp=0.000 run=0.000) chk= 0.000 stat= 0.187 rest= 0.007
  [bmc-incr i=1268 repr=1 active=495/175647 POs=1]
BMC : c =     493  cl =   4503  lit =  175646  p =     0  d =     0  f =     1  +  T =     0.02 sec
  [bmc-prof 1268] wall=  18.372 p=     1 | ifo=  0.715(sd=0.182 nx=0.000 tfo=0.024 cnt=0.509) snap= 0.295 srm=  9.338 sat=  7.800(set=0.216 slv=7.581 max=7.5813 n=1) sim= 0.000(rmp=0.000 run=0.000) chk= 0.001 stat= 0.215 rest= 0.008
  [bmc-incr i=1269 repr=1 active=494/175646 POs=1]
BMC : c =     492  cl =   4503  lit =  175645  p =     0  d =     0  f =     1  +  T =     0.02 sec
  [bmc-prof 1269] wall=  19.019 p=     1 | ifo=  0.794(sd=0.217 nx=0.000 tfo=0.027 cnt=0.551) snap= 0.324 srm=  9.686 sat=  8.020(set=0.225 slv=7.793 max=7.7926 n=1) sim= 0.000(rmp=0.000 run=0.000) chk= 0.000 stat= 0.189 rest= 0.006
  [bmc-incr i=1270 repr=1 active=493/175645 POs=1]
BMC : c =     491  cl =   4503  lit =  175644  p =     0  d =     0  f =     1  +  T =     0.02 sec
  [bmc-prof 1270] wall=  18.435 p=     1 | ifo=  0.718(sd=0.184 nx=0.000 tfo=0.026 cnt=0.508) snap= 0.360 srm=  9.230 sat=  7.926(set=0.255 slv=7.668 max=7.6684 n=1) sim= 0.000(rmp=0.000 run=0.000) chk= 0.001 stat= 0.195 rest= 0.006
  [bmc-incr i=1271 repr=1 active=492/175644 POs=1]
BMC : c =     490  cl =   4503  lit =  175643  p =     0  d =     0  f =     1  +  T =     0.02 sec
  [bmc-prof 1271] wall=  18.476 p=     1 | ifo=  0.722(sd=0.191 nx=0.000 tfo=0.024 cnt=0.507) snap= 0.295 srm=  9.401 sat=  7.860(set=0.231 slv=7.627 max=7.6266 n=1) sim= 0.000(rmp=0.000 run=0.000) chk= 0.000 stat= 0.191 rest= 0.006
  [bmc-incr i=1272 repr=1 active=491/175643 POs=1]
BMC : c =     489  cl =   4503  lit =  175642  p =     0  d =     0  f =     1  +  T =     0.02 sec
  [bmc-prof 1272] wall=  18.679 p=     1 | ifo=  0.744(sd=0.185 nx=0.000 tfo=0.026 cnt=0.533) snap= 0.305 srm=  8.608 sat=  8.822(set=0.234 slv=8.585 max=8.5852 n=1) sim= 0.000(rmp=0.000 run=0.000) chk= 0.001 stat= 0.194 rest= 0.006
  [bmc-incr i=1273 repr=1 active=490/175642 POs=1]
BMC : c =     488  cl =   4503  lit =  175641  p =     0  d =     0  f =     1  +  T =     0.02 sec
  [bmc-prof 1273] wall=  19.031 p=     1 | ifo=  0.709(sd=0.184 nx=0.000 tfo=0.027 cnt=0.498) snap= 0.292 srm= 10.077 sat=  7.753(set=0.209 slv=7.541 max=7.5408 n=1) sim= 0.000(rmp=0.000 run=0.000) chk= 0.000 stat= 0.194 rest= 0.006
  [bmc-incr i=1274 repr=1 active=489/175641 POs=1]
BMC : c =     487  cl =   4503  lit =  175640  p =     0  d =     0  f =     1  +  T =     0.02 sec
  [bmc-prof 1274] wall=  17.826 p=     1 | ifo=  0.732(sd=0.183 nx=0.000 tfo=0.038 cnt=0.511) snap= 0.356 srm=  8.772 sat=  7.746(set=0.296 slv=7.447 max=7.4474 n=1) sim= 0.000(rmp=0.000 run=0.000) chk= 0.001 stat= 0.214 rest= 0.006
  [bmc-incr i=1275 repr=1 active=488/175640 POs=1]
BMC : c =     486  cl =   4503  lit =  175639  p =     0  d =     0  f =     1  +  T =     0.02 sec
  [bmc-prof 1275] wall=  19.031 p=     1 | ifo=  0.837(sd=0.217 nx=0.000 tfo=0.028 cnt=0.592) snap= 0.326 srm=  9.819 sat=  7.804(set=0.222 slv=7.579 max=7.5793 n=1) sim= 0.000(rmp=0.000 run=0.000) chk= 0.000 stat= 0.238 rest= 0.007
  [bmc-incr i=1276 repr=1 active=487/175639 POs=1]
BMC : c =     485  cl =   4503  lit =  175638  p =     0  d =     0  f =     1  +  T =     0.02 sec
  [bmc-prof 1276] wall=  18.034 p=     1 | ifo=  0.719(sd=0.190 nx=0.000 tfo=0.028 cnt=0.501) snap= 0.304 srm=  8.722 sat=  8.093(set=0.219 slv=7.871 max=7.8708 n=1) sim= 0.000(rmp=0.000 run=0.000) chk= 0.001 stat= 0.189 rest= 0.006
  [bmc-incr i=1277 repr=1 active=486/175638 POs=1]
BMC : c =     484  cl =   4503  lit =  175637  p =     0  d =     0  f =     1  +  T =     0.02 sec
  [bmc-prof 1277] wall=  23.344 p=     1 | ifo=  0.702(sd=0.186 nx=0.000 tfo=0.027 cnt=0.490) snap= 0.374 srm= 12.406 sat=  9.641(set=0.276 slv=9.362 max=9.3622 n=1) sim= 0.000(rmp=0.000 run=0.000) chk= 0.001 stat= 0.216 rest= 0.005
  [bmc-incr i=1278 repr=1 active=485/175637 POs=1]
BMC : c =     483  cl =   4503  lit =  175636  p =     0  d =     0  f =     1  +  T =     0.02 sec
  [bmc-prof 1278] wall=  19.350 p=     1 | ifo=  0.722(sd=0.183 nx=0.000 tfo=0.026 cnt=0.513) snap= 0.302 srm=  9.177 sat=  8.922(set=0.244 slv=8.674 max=8.6739 n=1) sim= 0.000(rmp=0.000 run=0.000) chk= 0.000 stat= 0.219 rest= 0.008
  [bmc-incr i=1279 repr=1 active=484/175636 POs=1]
BMC : c =     482  cl =   4503  lit =  175635  p =     0  d =     0  f =     1  +  T =     0.02 sec
  [bmc-prof 1279] wall=  19.237 p=     1 | ifo=  0.797(sd=0.210 nx=0.000 tfo=0.028 cnt=0.559) snap= 0.306 srm=  9.888 sat=  8.048(set=0.224 slv=7.821 max=7.8209 n=1) sim= 0.000(rmp=0.000 run=0.000) chk= 0.000 stat= 0.192 rest= 0.006
  [bmc-incr i=1280 repr=1 active=483/175635 POs=1]
BMC : c =     481  cl =   4503  lit =  175634  p =     0  d =     0  f =     1  +  T =     0.02 sec
  [bmc-prof 1280] wall=  19.671 p=     1 | ifo=  0.746(sd=0.184 nx=0.000 tfo=0.023 cnt=0.538) snap= 0.298 srm=  9.981 sat=  8.436(set=0.224 slv=8.210 max=8.2095 n=1) sim= 0.000(rmp=0.000 run=0.000) chk= 0.001 stat= 0.204 rest= 0.007
  [bmc-incr i=1281 repr=1 active=482/175634 POs=1]
BMC : c =     480  cl =   4503  lit =  175633  p =     0  d =     0  f =     1  +  T =     0.02 sec
  [bmc-prof 1281] wall=  19.178 p=     1 | ifo=  0.842(sd=0.209 nx=0.000 tfo=0.026 cnt=0.608) snap= 0.304 srm=  9.541 sat=  8.277(set=0.222 slv=8.052 max=8.0520 n=1) sim= 0.000(rmp=0.000 run=0.000) chk= 0.000 stat= 0.206 rest= 0.007
  [bmc-incr i=1282 repr=1 active=481/175633 POs=1]
BMC : c =     479  cl =   4503  lit =  175632  p =     0  d =     0  f =     1  +  T =     0.02 sec
  [bmc-prof 1282] wall=  18.795 p=     1 | ifo=  0.774(sd=0.197 nx=0.000 tfo=0.025 cnt=0.552) snap= 0.311 srm=  9.123 sat=  8.375(set=0.232 slv=8.141 max=8.1408 n=1) sim= 0.000(rmp=0.000 run=0.000) chk= 0.000 stat= 0.204 rest= 0.007
  [bmc-incr i=1283 repr=1 active=480/175632 POs=1]
BMC : c =     478  cl =   4503  lit =  175631  p =     0  d =     0  f =     1  +  T =     0.02 sec
  [bmc-prof 1283] wall=  19.414 p=     1 | ifo=  0.762(sd=0.196 nx=0.000 tfo=0.025 cnt=0.541) snap= 0.300 srm=  9.748 sat=  8.321(set=0.240 slv=8.077 max=8.0768 n=1) sim= 0.000(rmp=0.000 run=0.000) chk= 0.001 stat= 0.275 rest= 0.006
  [bmc-incr i=1284 repr=1 active=479/175631 POs=1]
BMC : c =     477  cl =   4503  lit =  175630  p =     0  d =     0  f =     1  +  T =     0.02 sec
  [bmc-prof 1284] wall=  20.883 p=     1 | ifo=  0.802(sd=0.237 nx=0.000 tfo=0.031 cnt=0.535) snap= 0.347 srm= 10.005 sat=  9.441(set=0.251 slv=9.185 max=9.1854 n=1) sim= 0.000(rmp=0.000 run=0.000) chk= 0.001 stat= 0.279 rest= 0.007
  [bmc-incr i=1285 repr=1 active=478/175630 POs=1]
BMC : c =     476  cl =   4503  lit =  175629  p =     0  d =     0  f =     1  +  T =     0.02 sec
  [bmc-prof 1285] wall=  18.723 p=     1 | ifo=  0.886(sd=0.295 nx=0.000 tfo=0.029 cnt=0.562) snap= 0.297 srm=  9.102 sat=  8.234(set=0.214 slv=8.017 max=8.0167 n=1) sim= 0.000(rmp=0.000 run=0.000) chk= 0.000 stat= 0.199 rest= 0.006
  [bmc-incr i=1286 repr=1 active=477/175629 POs=1]
BMC : c =     475  cl =   4503  lit =  175628  p =     0  d =     0  f =     1  +  T =     0.02 sec
  [bmc-prof 1286] wall=  17.519 p=     1 | ifo=  0.708(sd=0.184 nx=0.000 tfo=0.026 cnt=0.498) snap= 0.343 srm=  8.682 sat=  7.578(set=0.279 slv=7.297 max=7.2973 n=1) sim= 0.000(rmp=0.000 run=0.000) chk= 0.001 stat= 0.200 rest= 0.007
  [bmc-incr i=1287 repr=1 active=476/175628 POs=1]
BMC : c =     474  cl =   4503  lit =  175627  p =     0  d =     0  f =     1  +  T =     0.02 sec
  [bmc-prof 1287] wall=  19.395 p=     1 | ifo=  0.772(sd=0.184 nx=0.000 tfo=0.024 cnt=0.564) snap= 0.304 srm=  8.427 sat=  9.637(set=0.217 slv=9.417 max=9.4173 n=1) sim= 0.000(rmp=0.000 run=0.000) chk= 0.000 stat= 0.248 rest= 0.006
  [bmc-incr i=1288 repr=1 active=475/175627 POs=1]
BMC : c =     473  cl =   4503  lit =  175626  p =     0  d =     0  f =     1  +  T =     0.02 sec
  [bmc-prof 1288] wall=  18.336 p=     1 | ifo=  0.775(sd=0.200 nx=0.000 tfo=0.046 cnt=0.528) snap= 0.282 srm=  8.813 sat=  8.267(set=0.206 slv=8.059 max=8.0587 n=1) sim= 0.000(rmp=0.000 run=0.000) chk= 0.001 stat= 0.193 rest= 0.005
  [bmc-incr i=1289 repr=1 active=474/175626 POs=1]
BMC : c =     472  cl =   4503  lit =  175625  p =     0  d =     0  f =     1  +  T =     0.02 sec
  [bmc-prof 1289] wall=  20.071 p=     1 | ifo=  0.715(sd=0.186 nx=0.000 tfo=0.025 cnt=0.504) snap= 0.369 srm= 10.671 sat=  8.106(set=0.252 slv=7.851 max=7.8514 n=1) sim= 0.000(rmp=0.000 run=0.000) chk= 0.000 stat= 0.203 rest= 0.006
  [bmc-incr i=1290 repr=1 active=473/175625 POs=1]
BMC : c =     471  cl =   4503  lit =  175624  p =     0  d =     0  f =     1  +  T =     0.02 sec
  [bmc-prof 1290] wall=  17.819 p=     1 | ifo=  0.736(sd=0.188 nx=0.000 tfo=0.029 cnt=0.518) snap= 0.372 srm=  8.804 sat=  7.701(set=0.217 slv=7.481 max=7.4809 n=1) sim= 0.000(rmp=0.000 run=0.000) chk= 0.001 stat= 0.198 rest= 0.007
  [bmc-incr i=1291 repr=1 active=472/175624 POs=1]
BMC : c =     470  cl =   4503  lit =  175623  p =     0  d =     0  f =     1  +  T =     0.02 sec
  [bmc-prof 1291] wall=  19.062 p=     1 | ifo=  0.743(sd=0.193 nx=0.000 tfo=0.023 cnt=0.527) snap= 0.309 srm=  9.628 sat=  8.169(set=0.225 slv=7.941 max=7.9409 n=1) sim= 0.000(rmp=0.000 run=0.000) chk= 0.000 stat= 0.206 rest= 0.006
  [bmc-incr i=1292 repr=1 active=471/175623 POs=1]
BMC : c =     469  cl =   4503  lit =  175622  p =     0  d =     0  f =     1  +  T =     0.02 sec
  [bmc-prof 1292] wall=  18.515 p=     1 | ifo=  0.757(sd=0.202 nx=0.000 tfo=0.026 cnt=0.529) snap= 0.293 srm=  9.351 sat=  7.919(set=0.237 slv=7.679 max=7.6788 n=1) sim= 0.000(rmp=0.000 run=0.000) chk= 0.001 stat= 0.189 rest= 0.006
  [bmc-incr i=1293 repr=1 active=470/175622 POs=1]
BMC : c =     468  cl =   4503  lit =  175621  p =     0  d =     0  f =     1  +  T =     0.02 sec
  [bmc-prof 1293] wall=  17.901 p=     1 | ifo=  0.712(sd=0.194 nx=0.000 tfo=0.025 cnt=0.492) snap= 0.360 srm=  8.797 sat=  7.825(set=0.255 slv=7.568 max=7.5675 n=1) sim= 0.000(rmp=0.000 run=0.000) chk= 0.000 stat= 0.202 rest= 0.005
  [bmc-incr i=1294 repr=1 active=469/175621 POs=1]
BMC : c =     467  cl =   4503  lit =  175620  p =     0  d =     0  f =     1  +  T =     0.02 sec
  [bmc-prof 1294] wall=  19.274 p=     1 | ifo=  0.694(sd=0.181 nx=0.000 tfo=0.024 cnt=0.488) snap= 0.291 srm=  9.504 sat=  8.548(set=0.215 slv=8.329 max=8.3289 n=1) sim= 0.000(rmp=0.000 run=0.000) chk= 0.000 stat= 0.232 rest= 0.006
  [bmc-incr i=1295 repr=1 active=468/175620 POs=1]
BMC : c =     466  cl =   4503  lit =  175619  p =     0  d =     0  f =     1  +  T =     0.02 sec
  [bmc-prof 1295] wall=  18.487 p=     1 | ifo=  0.766(sd=0.195 nx=0.000 tfo=0.024 cnt=0.548) snap= 0.288 srm=  8.907 sat=  8.296(set=0.205 slv=8.088 max=8.0881 n=1) sim= 0.000(rmp=0.000 run=0.000) chk= 0.001 stat= 0.223 rest= 0.006
  [bmc-incr i=1296 repr=1 active=467/175619 POs=1]
BMC : c =     465  cl =   4503  lit =  175618  p =     0  d =     0  f =     1  +  T =     0.02 sec
  [bmc-prof 1296] wall=  19.705 p=     1 | ifo=  0.748(sd=0.185 nx=0.000 tfo=0.025 cnt=0.538) snap= 0.311 srm=  9.977 sat=  8.463(set=0.234 slv=8.226 max=8.2263 n=1) sim= 0.000(rmp=0.000 run=0.000) chk= 0.000 stat= 0.199 rest= 0.006
  [bmc-incr i=1297 repr=1 active=466/175618 POs=1]
BMC : c =     464  cl =   4503  lit =  175617  p =     0  d =     0  f =     1  +  T =     0.02 sec
  [bmc-prof 1297] wall=  18.863 p=     1 | ifo=  0.696(sd=0.182 nx=0.000 tfo=0.024 cnt=0.490) snap= 0.309 srm=  8.822 sat=  8.842(set=0.224 slv=8.615 max=8.6146 n=1) sim= 0.000(rmp=0.000 run=0.000) chk= 0.000 stat= 0.189 rest= 0.005
  [bmc-incr i=1298 repr=1 active=465/175617 POs=1]
BMC : c =     463  cl =   4503  lit =  175616  p =     0  d =     0  f =     1  +  T =     0.02 sec
  [bmc-prof 1298] wall=  18.425 p=     1 | ifo=  0.739(sd=0.185 nx=0.000 tfo=0.042 cnt=0.512) snap= 0.295 srm=  8.960 sat=  8.232(set=0.240 slv=7.990 max=7.9895 n=1) sim= 0.000(rmp=0.000 run=0.000) chk= 0.000 stat= 0.193 rest= 0.005
  [bmc-incr i=1299 repr=1 active=464/175616 POs=1]
BMC : c =     462  cl =   4503  lit =  175615  p =     0  d =     0  f =     1  +  T =     0.02 sec
  [bmc-prof 1299] wall=  19.078 p=     1 | ifo=  0.711(sd=0.192 nx=0.000 tfo=0.024 cnt=0.495) snap= 0.307 srm=  9.829 sat=  8.010(set=0.225 slv=7.783 max=7.7826 n=1) sim= 0.000(rmp=0.000 run=0.000) chk= 0.000 stat= 0.213 rest= 0.007
  [bmc-incr i=1300 repr=1 active=463/175615 POs=1]
BMC : c =     461  cl =   4503  lit =  175614  p =     0  d =     0  f =     1  +  T =     0.02 sec
  [bmc-prof 1300] wall=  19.013 p=     1 | ifo=  0.762(sd=0.196 nx=0.000 tfo=0.024 cnt=0.542) snap= 0.320 srm=  9.683 sat=  8.048(set=0.236 slv=7.809 max=7.8094 n=1) sim= 0.000(rmp=0.000 run=0.000) chk= 0.000 stat= 0.194 rest= 0.006
  [bmc-incr i=1301 repr=1 active=462/175614 POs=1]
BMC : c =     460  cl =   4503  lit =  175613  p =     0  d =     0  f =     1  +  T =     0.02 sec
  [bmc-prof 1301] wall=  18.145 p=     1 | ifo=  0.718(sd=0.182 nx=0.000 tfo=0.023 cnt=0.514) snap= 0.366 srm=  8.580 sat=  8.124(set=0.390 slv=7.732 max=7.7322 n=1) sim= 0.000(rmp=0.000 run=0.000) chk= 0.000 stat= 0.350 rest= 0.005
  [bmc-incr i=1302 repr=1 active=461/175613 POs=1]
BMC : c =     459  cl =   4503  lit =  175612  p =     0  d =     0  f =     1  +  T =     0.02 sec
  [bmc-prof 1302] wall=  18.162 p=     1 | ifo=  0.717(sd=0.187 nx=0.000 tfo=0.023 cnt=0.508) snap= 0.294 srm=  8.721 sat=  8.228(set=0.306 slv=7.920 max=7.9196 n=1) sim= 0.000(rmp=0.000 run=0.000) chk= 0.000 stat= 0.196 rest= 0.005
  [bmc-incr i=1303 repr=1 active=460/175612 POs=1]
BMC : c =     458  cl =   4503  lit =  175611  p =     0  d =     0  f =     1  +  T =     0.02 sec
  [bmc-prof 1303] wall=  19.742 p=     1 | ifo=  0.796(sd=0.183 nx=0.000 tfo=0.023 cnt=0.590) snap= 0.299 srm=  9.300 sat=  9.131(set=0.227 slv=8.902 max=8.9019 n=1) sim= 0.000(rmp=0.000 run=0.000) chk= 0.000 stat= 0.207 rest= 0.008
  [bmc-incr i=1304 repr=1 active=459/175611 POs=1]
BMC : c =     457  cl =   4503  lit =  175610  p =     0  d =     0  f =     1  +  T =     0.02 sec
  [bmc-prof 1304] wall=  19.191 p=     1 | ifo=  0.771(sd=0.196 nx=0.000 tfo=0.024 cnt=0.551) snap= 0.316 srm=  9.559 sat=  8.326(set=0.233 slv=8.090 max=8.0896 n=1) sim= 0.000(rmp=0.000 run=0.000) chk= 0.001 stat= 0.213 rest= 0.006
  [bmc-incr i=1305 repr=1 active=458/175610 POs=1]
BMC : c =     456  cl =   4503  lit =  175609  p =     0  d =     0  f =     1  +  T =     0.02 sec
  [bmc-prof 1305] wall=  18.633 p=     1 | ifo=  0.755(sd=0.184 nx=0.000 tfo=0.026 cnt=0.546) snap= 0.315 srm=  9.184 sat=  8.168(set=0.228 slv=7.937 max=7.9373 n=1) sim= 0.000(rmp=0.000 run=0.000) chk= 0.001 stat= 0.203 rest= 0.008
  [bmc-incr i=1306 repr=1 active=457/175609 POs=1]
BMC : c =     455  cl =   4503  lit =  175608  p =     0  d =     0  f =     1  +  T =     0.02 sec
  [bmc-prof 1306] wall=  17.799 p=     1 | ifo=  0.708(sd=0.192 nx=0.000 tfo=0.026 cnt=0.490) snap= 0.308 srm=  8.636 sat=  7.930(set=0.215 slv=7.713 max=7.7127 n=1) sim= 0.000(rmp=0.000 run=0.000) chk= 0.000 stat= 0.211 rest= 0.006
  [bmc-incr i=1307 repr=1 active=456/175608 POs=1]
BMC : c =     454  cl =   4503  lit =  175607  p =     0  d =     0  f =     1  +  T =     0.02 sec
  [bmc-prof 1307] wall=  19.113 p=     1 | ifo=  0.753(sd=0.198 nx=0.000 tfo=0.024 cnt=0.530) snap= 0.315 srm=  8.986 sat=  8.843(set=0.230 slv=8.611 max=8.6106 n=1) sim= 0.000(rmp=0.000 run=0.000) chk= 0.001 stat= 0.208 rest= 0.008
  [bmc-incr i=1308 repr=1 active=455/175607 POs=1]
BMC : c =     453  cl =   4503  lit =  175606  p =     0  d =     0  f =     1  +  T =     0.02 sec
  [bmc-prof 1308] wall=  19.771 p=     1 | ifo=  0.743(sd=0.193 nx=0.000 tfo=0.022 cnt=0.528) snap= 0.426 srm= 10.155 sat=  8.231(set=0.292 slv=7.935 max=7.9355 n=1) sim= 0.000(rmp=0.000 run=0.000) chk= 0.000 stat= 0.209 rest= 0.007
  [bmc-incr i=1309 repr=1 active=454/175606 POs=1]
BMC : c =     452  cl =   4503  lit =  175605  p =     0  d =     0  f =     1  +  T =     0.02 sec
  [bmc-prof 1309] wall=  17.935 p=     1 | ifo=  0.764(sd=0.201 nx=0.000 tfo=0.025 cnt=0.538) snap= 0.285 srm=  8.842 sat=  7.789(set=0.237 slv=7.549 max=7.5493 n=1) sim= 0.000(rmp=0.000 run=0.000) chk= 0.000 stat= 0.250 rest= 0.005
  [bmc-incr i=1310 repr=1 active=453/175605 POs=1]
BMC : c =     451  cl =   4503  lit =  175604  p =     0  d =     0  f =     1  +  T =     0.02 sec
  [bmc-prof 1310] wall=  19.656 p=     1 | ifo=  0.784(sd=0.223 nx=0.000 tfo=0.025 cnt=0.536) snap= 0.465 srm=  8.697 sat=  9.373(set=0.263 slv=9.106 max=9.1062 n=1) sim= 0.000(rmp=0.000 run=0.000) chk= 0.001 stat= 0.329 rest= 0.006
  [bmc-incr i=1311 repr=1 active=452/175604 POs=1]
BMC : c =     450  cl =   4503  lit =  175603  p =     0  d =     0  f =     1  +  T =     0.02 sec
  [bmc-prof 1311] wall=  19.285 p=     1 | ifo=  0.767(sd=0.203 nx=0.000 tfo=0.023 cnt=0.541) snap= 0.326 srm=  9.158 sat=  8.821(set=0.230 slv=8.589 max=8.5887 n=1) sim= 0.000(rmp=0.000 run=0.000) chk= 0.000 stat= 0.204 rest= 0.008
  [bmc-incr i=1312 repr=1 active=451/175603 POs=1]
BMC : c =     449  cl =   4503  lit =  175602  p =     0  d =     0  f =     1  +  T =     0.02 sec
  [bmc-prof 1312] wall=  18.647 p=     1 | ifo=  0.976(sd=0.202 nx=0.000 tfo=0.025 cnt=0.750) snap= 0.357 srm=  9.248 sat=  7.858(set=0.252 slv=7.603 max=7.6035 n=1) sim= 0.000(rmp=0.000 run=0.000) chk= 0.001 stat= 0.198 rest= 0.009
  [bmc-incr i=1313 repr=1 active=450/175602 POs=1]
BMC : c =     448  cl =   4503  lit =  175601  p =     0  d =     0  f =     1  +  T =     0.02 sec
  [bmc-prof 1313] wall=  19.192 p=     1 | ifo=  0.721(sd=0.191 nx=0.000 tfo=0.023 cnt=0.507) snap= 0.295 srm=  8.926 sat=  9.026(set=0.217 slv=8.806 max=8.8061 n=1) sim= 0.000(rmp=0.000 run=0.000) chk= 0.001 stat= 0.216 rest= 0.008
  [bmc-incr i=1314 repr=1 active=449/175601 POs=1]
BMC : c =     447  cl =   4503  lit =  175600  p =     0  d =     0  f =     1  +  T =     0.02 sec
  [bmc-prof 1314] wall=  19.693 p=     1 | ifo=  0.809(sd=0.209 nx=0.000 tfo=0.025 cnt=0.575) snap= 0.310 srm=  9.868 sat=  8.448(set=0.221 slv=8.223 max=8.2235 n=1) sim= 0.000(rmp=0.000 run=0.000) chk= 0.000 stat= 0.251 rest= 0.006
  [bmc-incr i=1315 repr=1 active=448/175600 POs=1]
BMC : c =     446  cl =   4503  lit =  175599  p =     0  d =     0  f =     1  +  T =     0.02 sec
  [bmc-prof 1315] wall=  20.001 p=     1 | ifo=  0.763(sd=0.226 nx=0.000 tfo=0.026 cnt=0.511) snap= 0.285 srm=  8.866 sat=  9.864(set=0.216 slv=9.644 max=9.6443 n=1) sim= 0.000(rmp=0.000 run=0.000) chk= 0.000 stat= 0.217 rest= 0.006
  [bmc-incr i=1316 repr=1 active=447/175599 POs=1]
BMC : c =     445  cl =   4503  lit =  175598  p =     0  d =     0  f =     1  +  T =     0.02 sec
  [bmc-prof 1316] wall=  18.145 p=     1 | ifo=  0.762(sd=0.202 nx=0.000 tfo=0.023 cnt=0.537) snap= 0.282 srm=  9.058 sat=  7.809(set=0.212 slv=7.595 max=7.5946 n=1) sim= 0.000(rmp=0.000 run=0.000) chk= 0.000 stat= 0.225 rest= 0.007
  [bmc-incr i=1317 repr=1 active=446/175598 POs=1]
BMC : c =     444  cl =   4503  lit =  175597  p =     0  d =     0  f =     1  +  T =     0.02 sec
  [bmc-prof 1317] wall=  18.574 p=     1 | ifo=  0.679(sd=0.182 nx=0.000 tfo=0.021 cnt=0.476) snap= 0.296 srm=  8.852 sat=  8.542(set=0.213 slv=8.326 max=8.3262 n=1) sim= 0.000(rmp=0.000 run=0.000) chk= 0.001 stat= 0.198 rest= 0.006
  [bmc-incr i=1318 repr=1 active=445/175597 POs=1]
BMC : c =     443  cl =   4503  lit =  175596  p =     0  d =     0  f =     1  +  T =     0.02 sec
  [bmc-prof 1318] wall=  19.263 p=     1 | ifo=  0.791(sd=0.187 nx=0.000 tfo=0.024 cnt=0.580) snap= 0.318 srm=  8.927 sat=  9.011(set=0.228 slv=8.780 max=8.7801 n=1) sim= 0.000(rmp=0.000 run=0.000) chk= 0.001 stat= 0.208 rest= 0.008
  [bmc-incr i=1319 repr=1 active=444/175596 POs=1]
BMC : c =     442  cl =   4503  lit =  175595  p =     0  d =     0  f =     1  +  T =     0.02 sec
  [bmc-prof 1319] wall=  18.323 p=     1 | ifo=  0.879(sd=0.308 nx=0.000 tfo=0.030 cnt=0.541) snap= 0.310 srm=  8.976 sat=  7.858(set=0.220 slv=7.634 max=7.6341 n=1) sim= 0.000(rmp=0.000 run=0.000) chk= 0.000 stat= 0.294 rest= 0.006
  [bmc-incr i=1320 repr=1 active=443/175595 POs=1]
BMC : c =     441  cl =   4503  lit =  175594  p =     0  d =     0  f =     1  +  T =     0.02 sec
  [bmc-prof 1320] wall=  19.587 p=     1 | ifo=  0.828(sd=0.235 nx=0.000 tfo=0.026 cnt=0.567) snap= 0.300 srm=  8.389 sat=  9.846(set=0.220 slv=9.623 max=9.6227 n=1) sim= 0.000(rmp=0.000 run=0.000) chk= 0.000 stat= 0.219 rest= 0.006
  [bmc-incr i=1321 repr=1 active=442/175594 POs=1]
BMC : c =     440  cl =   4503  lit =  175593  p =     0  d =     0  f =     1  +  T =     0.02 sec
  [bmc-prof 1321] wall=  18.290 p=     1 | ifo=  0.734(sd=0.190 nx=0.000 tfo=0.024 cnt=0.520) snap= 0.308 srm=  8.611 sat=  8.440(set=0.219 slv=8.218 max=8.2183 n=1) sim= 0.000(rmp=0.000 run=0.000) chk= 0.000 stat= 0.192 rest= 0.005
  [bmc-incr i=1322 repr=1 active=441/175593 POs=1]
BMC : c =     439  cl =   4503  lit =  175592  p =     0  d =     0  f =     1  +  T =     0.02 sec
  [bmc-prof 1322] wall=  18.226 p=     1 | ifo=  0.724(sd=0.185 nx=0.000 tfo=0.025 cnt=0.514) snap= 0.285 srm=  8.817 sat=  8.202(set=0.208 slv=7.990 max=7.9905 n=1) sim= 0.000(rmp=0.000 run=0.000) chk= 0.000 stat= 0.193 rest= 0.006
  [bmc-incr i=1323 repr=1 active=440/175592 POs=1]
BMC : c =     438  cl =   4503  lit =  175591  p =     0  d =     0  f =     1  +  T =     0.02 sec
  [bmc-prof 1323] wall=  19.244 p=     1 | ifo=  0.707(sd=0.186 nx=0.000 tfo=0.023 cnt=0.498) snap= 0.294 srm=  9.481 sat=  8.551(set=0.234 slv=8.314 max=8.3144 n=1) sim= 0.000(rmp=0.000 run=0.000) chk= 0.000 stat= 0.204 rest= 0.006
  [bmc-incr i=1324 repr=1 active=439/175591 POs=1]
BMC : c =     437  cl =   4503  lit =  175590  p =     0  d =     0  f =     1  +  T =     0.02 sec
  [bmc-prof 1324] wall=  18.785 p=     1 | ifo=  0.711(sd=0.188 nx=0.000 tfo=0.024 cnt=0.499) snap= 0.309 srm=  8.666 sat=  8.897(set=0.235 slv=8.660 max=8.6603 n=1) sim= 0.000(rmp=0.000 run=0.000) chk= 0.000 stat= 0.196 rest= 0.005
  [bmc-incr i=1325 repr=1 active=438/175590 POs=1]
BMC : c =     436  cl =   4503  lit =  175589  p =     0  d =     0  f =     1  +  T =     0.02 sec
  [bmc-prof 1325] wall=  19.389 p=     1 | ifo=  0.708(sd=0.186 nx=0.000 tfo=0.024 cnt=0.498) snap= 0.323 srm=  9.188 sat=  8.962(set=0.233 slv=8.726 max=8.7264 n=1) sim= 0.000(rmp=0.000 run=0.000) chk= 0.001 stat= 0.203 rest= 0.005
  [bmc-incr i=1326 repr=1 active=437/175589 POs=1]
BMC : c =     435  cl =   4503  lit =  175588  p =     0  d =     0  f =     1  +  T =     0.02 sec
  [bmc-prof 1326] wall=  18.291 p=     1 | ifo=  0.756(sd=0.206 nx=0.000 tfo=0.024 cnt=0.526) snap= 0.297 srm=  8.726 sat=  8.314(set=0.213 slv=8.099 max=8.0990 n=1) sim= 0.000(rmp=0.000 run=0.000) chk= 0.001 stat= 0.190 rest= 0.006
  [bmc-incr i=1327 repr=1 active=436/175588 POs=1]
BMC : c =     434  cl =   4503  lit =  175587  p =     0  d =     0  f =     1  +  T =     0.02 sec
  [bmc-prof 1327] wall=  19.422 p=     1 | ifo=  0.701(sd=0.183 nx=0.000 tfo=0.024 cnt=0.494) snap= 0.330 srm= 10.052 sat=  8.138(set=0.271 slv=7.863 max=7.8628 n=1) sim= 0.000(rmp=0.000 run=0.000) chk= 0.000 stat= 0.196 rest= 0.006
  [bmc-incr i=1328 repr=1 active=435/175587 POs=1]
BMC : c =     433  cl =   4503  lit =  175586  p =     0  d =     0  f =     1  +  T =     0.02 sec
  [bmc-prof 1328] wall=  19.277 p=     1 | ifo=  0.688(sd=0.183 nx=0.000 tfo=0.023 cnt=0.482) snap= 0.334 srm=  9.231 sat=  8.698(set=0.233 slv=8.462 max=8.4621 n=1) sim= 0.000(rmp=0.000 run=0.000) chk= 0.000 stat= 0.318 rest= 0.006
  [bmc-incr i=1329 repr=1 active=434/175586 POs=1]
BMC : c =     432  cl =   4503  lit =  175585  p =     0  d =     0  f =     1  +  T =     0.02 sec
  [bmc-prof 1329] wall=  17.382 p=     1 | ifo=  0.699(sd=0.195 nx=0.000 tfo=0.023 cnt=0.481) snap= 0.300 srm=  8.489 sat=  7.696(set=0.248 slv=7.446 max=7.4457 n=1) sim= 0.000(rmp=0.000 run=0.000) chk= 0.000 stat= 0.191 rest= 0.006
  [bmc-incr i=1330 repr=1 active=433/175585 POs=1]
BMC : c =     431  cl =   4503  lit =  175584  p =     0  d =     0  f =     1  +  T =     0.02 sec
  [bmc-prof 1330] wall=  19.806 p=     1 | ifo=  0.859(sd=0.201 nx=0.000 tfo=0.023 cnt=0.635) snap= 0.308 srm=  8.886 sat=  9.438(set=0.238 slv=9.195 max=9.1947 n=1) sim= 0.000(rmp=0.000 run=0.000) chk= 0.000 stat= 0.306 rest= 0.008
  [bmc-incr i=1331 repr=1 active=432/175584 POs=1]
BMC : c =     430  cl =   4503  lit =  175583  p =     0  d =     0  f =     1  +  T =     0.02 sec
  [bmc-prof 1331] wall=  20.159 p=     1 | ifo=  0.886(sd=0.258 nx=0.000 tfo=0.026 cnt=0.601) snap= 0.363 srm=  9.418 sat=  9.293(set=0.687 slv=8.603 max=8.6025 n=1) sim= 0.000(rmp=0.000 run=0.000) chk= 0.000 stat= 0.194 rest= 0.005
  [bmc-incr i=1332 repr=1 active=431/175583 POs=1]
BMC : c =     429  cl =   4503  lit =  175582  p =     0  d =     0  f =     1  +  T =     0.02 sec
  [bmc-prof 1332] wall=  20.092 p=     1 | ifo=  0.722(sd=0.178 nx=0.000 tfo=0.024 cnt=0.520) snap= 0.388 srm= 10.207 sat=  8.549(set=0.281 slv=8.266 max=8.2660 n=1) sim= 0.000(rmp=0.000 run=0.000) chk= 0.000 stat= 0.220 rest= 0.005
  [bmc-incr i=1333 repr=1 active=430/175582 POs=1]
BMC : c =     428  cl =   4503  lit =  175581  p =     0  d =     0  f =     1  +  T =     0.02 sec
  [bmc-prof 1333] wall=  18.370 p=     1 | ifo=  0.758(sd=0.198 nx=0.000 tfo=0.023 cnt=0.537) snap= 0.290 srm=  8.635 sat=  8.485(set=0.209 slv=8.272 max=8.2721 n=1) sim= 0.000(rmp=0.000 run=0.000) chk= 0.001 stat= 0.198 rest= 0.005
  [bmc-incr i=1334 repr=1 active=429/175581 POs=1]
BMC : c =     427  cl =   4503  lit =  175580  p =     0  d =     0  f =     1  +  T =     0.02 sec
  [bmc-prof 1334] wall=  22.202 p=     1 | ifo=  0.724(sd=0.191 nx=0.000 tfo=0.023 cnt=0.510) snap= 0.387 srm= 11.456 sat=  9.389(set=0.262 slv=9.124 max=9.1244 n=1) sim= 0.000(rmp=0.000 run=0.000) chk= 0.001 stat= 0.240 rest= 0.005
  [bmc-incr i=1335 repr=1 active=428/175580 POs=1]
BMC : c =     426  cl =   4503  lit =  175579  p =     0  d =     0  f =     1  +  T =     0.02 sec
  [bmc-prof 1335] wall=  18.798 p=     1 | ifo=  1.400(sd=0.750 nx=0.000 tfo=0.039 cnt=0.611) snap= 0.311 srm=  8.990 sat=  7.901(set=0.225 slv=7.674 max=7.6745 n=1) sim= 0.000(rmp=0.000 run=0.000) chk= 0.001 stat= 0.188 rest= 0.007
  [bmc-incr i=1336 repr=1 active=427/175579 POs=1]
BMC : c =     425  cl =   4503  lit =  175578  p =     0  d =     0  f =     1  +  T =     0.02 sec
  [bmc-prof 1336] wall=  20.858 p=     1 | ifo=  0.716(sd=0.190 nx=0.000 tfo=0.024 cnt=0.502) snap= 0.345 srm= 10.011 sat=  9.475(set=0.302 slv=9.169 max=9.1689 n=1) sim= 0.000(rmp=0.000 run=0.000) chk= 0.000 stat= 0.303 rest= 0.007
  [bmc-incr i=1337 repr=1 active=426/175578 POs=1]
BMC : c =     424  cl =   4503  lit =  175577  p =     0  d =     0  f =     1  +  T =     0.02 sec
  [bmc-prof 1337] wall=  19.266 p=     1 | ifo=  0.974(sd=0.249 nx=0.000 tfo=0.091 cnt=0.633) snap= 0.299 srm=  9.078 sat=  8.698(set=0.248 slv=8.447 max=8.4469 n=1) sim= 0.000(rmp=0.000 run=0.000) chk= 0.000 stat= 0.211 rest= 0.006
  [bmc-incr i=1338 repr=1 active=425/175577 POs=1]
BMC : c =     423  cl =   4503  lit =  175576  p =     0  d =     0  f =     1  +  T =     0.02 sec
  [bmc-prof 1338] wall=  18.856 p=     1 | ifo=  0.723(sd=0.183 nx=0.000 tfo=0.023 cnt=0.517) snap= 0.295 srm=  9.046 sat=  8.581(set=0.237 slv=8.341 max=8.3411 n=1) sim= 0.000(rmp=0.000 run=0.000) chk= 0.000 stat= 0.205 rest= 0.006
  [bmc-incr i=1339 repr=1 active=424/175576 POs=1]
BMC : c =     422  cl =   4503  lit =  175575  p =     0  d =     0  f =     1  +  T =     0.02 sec
  [bmc-prof 1339] wall=  20.670 p=     1 | ifo=  0.734(sd=0.193 nx=0.000 tfo=0.023 cnt=0.518) snap= 0.336 srm= 10.822 sat=  8.530(set=0.296 slv=8.230 max=8.2304 n=1) sim= 0.000(rmp=0.000 run=0.000) chk= 0.001 stat= 0.241 rest= 0.007
  [bmc-incr i=1340 repr=1 active=423/175575 POs=1]
BMC : c =     421  cl =   4503  lit =  175574  p =     0  d =     0  f =     1  +  T =     0.02 sec
  [bmc-prof 1340] wall=  19.334 p=     1 | ifo=  0.679(sd=0.177 nx=0.000 tfo=0.022 cnt=0.481) snap= 0.309 srm=  8.632 sat=  9.507(set=0.228 slv=9.276 max=9.2761 n=1) sim= 0.000(rmp=0.000 run=0.000) chk= 0.000 stat= 0.201 rest= 0.006
  [bmc-incr i=1341 repr=1 active=422/175574 POs=1]
BMC : c =     420  cl =   4503  lit =  175573  p =     0  d =     0  f =     1  +  T =     0.02 sec
  [bmc-prof 1341] wall=  19.812 p=     1 | ifo=  0.747(sd=0.195 nx=0.000 tfo=0.024 cnt=0.528) snap= 0.328 srm=  9.457 sat=  9.056(set=0.239 slv=8.814 max=8.8143 n=1) sim= 0.000(rmp=0.000 run=0.000) chk= 0.000 stat= 0.217 rest= 0.006
  [bmc-incr i=1342 repr=1 active=421/175573 POs=1]
BMC : c =     419  cl =   4503  lit =  175572  p =     0  d =     0  f =     1  +  T =     0.02 sec
  [bmc-prof 1342] wall=  19.020 p=     1 | ifo=  0.730(sd=0.187 nx=0.000 tfo=0.024 cnt=0.519) snap= 0.301 srm=  9.384 sat=  8.392(set=0.209 slv=8.180 max=8.1804 n=1) sim= 0.000(rmp=0.000 run=0.000) chk= 0.000 stat= 0.206 rest= 0.006
  [bmc-incr i=1343 repr=1 active=420/175572 POs=1]
BMC : c =     418  cl =   4503  lit =  175571  p =     0  d =     0  f =     1  +  T =     0.02 sec
  [bmc-prof 1343] wall=  19.191 p=     1 | ifo=  0.748(sd=0.196 nx=0.000 tfo=0.023 cnt=0.530) snap= 0.324 srm=  9.726 sat=  8.189(set=0.218 slv=7.968 max=7.9677 n=1) sim= 0.000(rmp=0.000 run=0.000) chk= 0.000 stat= 0.195 rest= 0.008
  [bmc-incr i=1344 repr=1 active=419/175571 POs=1]
BMC : c =     417  cl =   4503  lit =  175570  p =     0  d =     0  f =     1  +  T =     0.02 sec
  [bmc-prof 1344] wall=  18.975 p=     1 | ifo=  0.741(sd=0.208 nx=0.000 tfo=0.023 cnt=0.510) snap= 0.294 srm=  8.894 sat=  8.829(set=0.227 slv=8.600 max=8.5997 n=1) sim= 0.000(rmp=0.000 run=0.000) chk= 0.000 stat= 0.210 rest= 0.007
  [bmc-incr i=1345 repr=1 active=418/175570 POs=1]
BMC : c =     416  cl =   4503  lit =  175569  p =     0  d =     0  f =     1  +  T =     0.02 sec
  [bmc-prof 1345] wall=  19.287 p=     1 | ifo=  0.796(sd=0.209 nx=0.000 tfo=0.024 cnt=0.562) snap= 0.309 srm=  9.887 sat=  8.095(set=0.246 slv=7.846 max=7.8459 n=1) sim= 0.000(rmp=0.000 run=0.000) chk= 0.000 stat= 0.193 rest= 0.006
  [bmc-incr i=1346 repr=1 active=417/175569 POs=1]
BMC : c =     415  cl =   4503  lit =  175568  p =     0  d =     0  f =     1  +  T =     0.02 sec
  [bmc-prof 1346] wall=  18.791 p=     1 | ifo=  0.737(sd=0.205 nx=0.000 tfo=0.023 cnt=0.509) snap= 0.296 srm=  8.405 sat=  9.077(set=0.216 slv=8.858 max=8.8582 n=1) sim= 0.000(rmp=0.000 run=0.000) chk= 0.000 stat= 0.268 rest= 0.007
  [bmc-incr i=1347 repr=1 active=416/175568 POs=1]
BMC : c =     414  cl =   4503  lit =  175567  p =     0  d =     0  f =     1  +  T =     0.02 sec
  [bmc-prof 1347] wall=  20.446 p=     1 | ifo=  0.837(sd=0.249 nx=0.000 tfo=0.026 cnt=0.561) snap= 0.306 srm=  8.904 sat= 10.115(set=0.222 slv=9.889 max=9.8885 n=1) sim= 0.000(rmp=0.000 run=0.000) chk= 0.000 stat= 0.278 rest= 0.007
  [bmc-incr i=1348 repr=1 active=415/175567 POs=1]
BMC : c =     413  cl =   4503  lit =  175566  p =     0  d =     0  f =     1  +  T =     0.02 sec
  [bmc-prof 1348] wall=  19.411 p=     1 | ifo=  0.800(sd=0.246 nx=0.000 tfo=0.023 cnt=0.532) snap= 0.329 srm=  9.215 sat=  8.831(set=0.237 slv=8.589 max=8.5894 n=1) sim= 0.000(rmp=0.000 run=0.000) chk= 0.001 stat= 0.229 rest= 0.007
  [bmc-incr i=1349 repr=1 active=414/175566 POs=1]
BMC : c =     412  cl =   4503  lit =  175565  p =     0  d =     0  f =     1  +  T =     0.02 sec
  [bmc-prof 1349] wall=  18.211 p=     1 | ifo=  0.760(sd=0.198 nx=0.000 tfo=0.023 cnt=0.538) snap= 0.326 srm=  9.063 sat=  7.865(set=0.220 slv=7.642 max=7.6423 n=1) sim= 0.000(rmp=0.000 run=0.000) chk= 0.000 stat= 0.189 rest= 0.008
  [bmc-incr i=1350 repr=1 active=413/175565 POs=1]
BMC : c =     411  cl =   4503  lit =  175564  p =     0  d =     0  f =     1  +  T =     0.02 sec
  [bmc-prof 1350] wall=  18.991 p=     1 | ifo=  0.692(sd=0.179 nx=0.000 tfo=0.022 cnt=0.491) snap= 0.358 srm=  8.918 sat=  8.791(set=0.254 slv=8.533 max=8.5333 n=1) sim= 0.000(rmp=0.000 run=0.000) chk= 0.000 stat= 0.226 rest= 0.005
  [bmc-incr i=1351 repr=1 active=412/175564 POs=1]
BMC : c =     410  cl =   4503  lit =  175563  p =     0  d =     0  f =     1  +  T =     0.02 sec
  [bmc-prof 1351] wall=  22.107 p=     1 | ifo=  0.728(sd=0.203 nx=0.000 tfo=0.027 cnt=0.498) snap= 0.400 srm= 11.625 sat=  9.050(set=0.260 slv=8.786 max=8.7856 n=1) sim= 0.000(rmp=0.000 run=0.000) chk= 0.000 stat= 0.298 rest= 0.006
  [bmc-incr i=1352 repr=1 active=411/175563 POs=1]
BMC : c =     409  cl =   4503  lit =  175562  p =     0  d =     0  f =     1  +  T =     0.02 sec
  [bmc-prof 1352] wall=  18.107 p=     1 | ifo=  0.781(sd=0.239 nx=0.000 tfo=0.043 cnt=0.499) snap= 0.381 srm=  8.717 sat=  7.889(set=0.221 slv=7.664 max=7.6644 n=1) sim= 0.000(rmp=0.000 run=0.000) chk= 0.001 stat= 0.332 rest= 0.007
  [bmc-incr i=1353 repr=1 active=410/175562 POs=1]
BMC : c =     408  cl =   4503  lit =  175561  p =     0  d =     0  f =     1  +  T =     0.02 sec
  [bmc-prof 1353] wall=  19.012 p=     1 | ifo=  0.789(sd=0.234 nx=0.000 tfo=0.025 cnt=0.530) snap= 0.318 srm=  9.130 sat=  8.565(set=0.241 slv=8.321 max=8.3214 n=1) sim= 0.000(rmp=0.000 run=0.000) chk= 0.000 stat= 0.202 rest= 0.008
  [bmc-incr i=1354 repr=1 active=409/175561 POs=1]
BMC : c =     407  cl =   4503  lit =  175560  p =     0  d =     0  f =     1  +  T =     0.02 sec
  [bmc-prof 1354] wall=  18.912 p=     1 | ifo=  0.762(sd=0.197 nx=0.000 tfo=0.023 cnt=0.542) snap= 0.302 srm=  9.469 sat=  8.012(set=0.319 slv=7.689 max=7.6894 n=1) sim= 0.000(rmp=0.000 run=0.000) chk= 0.001 stat= 0.359 rest= 0.008
  [bmc-incr i=1355 repr=1 active=408/175560 POs=1]
BMC : c =     406  cl =   4503  lit =  175559  p =     0  d =     0  f =     1  +  T =     0.02 sec
  [bmc-prof 1355] wall=  19.106 p=     1 | ifo=  0.794(sd=0.234 nx=0.000 tfo=0.028 cnt=0.532) snap= 0.299 srm=  9.117 sat=  8.696(set=0.221 slv=8.472 max=8.4723 n=1) sim= 0.000(rmp=0.000 run=0.000) chk= 0.000 stat= 0.195 rest= 0.006
  [bmc-incr i=1356 repr=1 active=407/175559 POs=1]
BMC : c =     405  cl =   4503  lit =  175558  p =     0  d =     0  f =     1  +  T =     0.02 sec
  [bmc-prof 1356] wall=  21.115 p=     1 | ifo=  0.689(sd=0.180 nx=0.000 tfo=0.023 cnt=0.486) snap= 0.305 srm=  9.692 sat= 10.158(set=0.235 slv=9.919 max=9.9193 n=1) sim= 0.000(rmp=0.000 run=0.000) chk= 0.001 stat= 0.264 rest= 0.006
  [bmc-incr i=1357 repr=1 active=406/175558 POs=1]
BMC : c =     404  cl =   4503  lit =  175557  p =     0  d =     0  f =     1  +  T =     0.02 sec
  [bmc-prof 1357] wall=  20.837 p=     1 | ifo=  0.822(sd=0.250 nx=0.000 tfo=0.026 cnt=0.546) snap= 0.291 srm=  8.692 sat= 10.808(set=0.219 slv=10.586 max=10.5859 n=1) sim= 0.000(rmp=0.000 run=0.000) chk= 0.001 stat= 0.216 rest= 0.007
  [bmc-incr i=1358 repr=1 active=405/175557 POs=1]
BMC : c =     403  cl =   4503  lit =  175556  p =     0  d =     0  f =     1  +  T =     0.02 sec
  [bmc-prof 1358] wall=  20.410 p=     1 | ifo=  0.912(sd=0.206 nx=0.000 tfo=0.023 cnt=0.683) snap= 0.405 srm=  9.446 sat=  9.442(set=0.425 slv=9.015 max=9.0146 n=1) sim= 0.000(rmp=0.000 run=0.000) chk= 0.000 stat= 0.198 rest= 0.006
  [bmc-incr i=1359 repr=1 active=404/175556 POs=1]
BMC : c =     402  cl =   4503  lit =  175555  p =     0  d =     0  f =     1  +  T =     0.02 sec
  [bmc-prof 1359] wall=  18.230 p=     1 | ifo=  0.894(sd=0.229 nx=0.000 tfo=0.028 cnt=0.637) snap= 0.304 srm=  8.922 sat=  7.910(set=0.442 slv=7.465 max=7.4649 n=1) sim= 0.000(rmp=0.000 run=0.000) chk= 0.000 stat= 0.194 rest= 0.006
  [bmc-incr i=1360 repr=1 active=403/175555 POs=1]
BMC : c =     401  cl =   4503  lit =  175554  p =     0  d =     0  f =     1  +  T =     0.02 sec
  [bmc-prof 1360] wall=  18.089 p=     1 | ifo=  0.713(sd=0.195 nx=0.000 tfo=0.022 cnt=0.497) snap= 0.299 srm=  8.375 sat=  8.499(set=0.213 slv=8.283 max=8.2834 n=1) sim= 0.000(rmp=0.000 run=0.000) chk= 0.000 stat= 0.197 rest= 0.006
  [bmc-incr i=1361 repr=1 active=402/175554 POs=1]
BMC : c =     400  cl =   4503  lit =  175553  p =     0  d =     0  f =     1  +  T =     0.02 sec
  [bmc-prof 1361] wall=  21.618 p=     1 | ifo=  0.697(sd=0.186 nx=0.000 tfo=0.023 cnt=0.488) snap= 0.388 srm= 10.809 sat=  9.515(set=0.247 slv=9.265 max=9.2650 n=1) sim= 0.000(rmp=0.000 run=0.000) chk= 0.000 stat= 0.202 rest= 0.006
  [bmc-incr i=1362 repr=1 active=401/175553 POs=1]
BMC : c =     399  cl =   4503  lit =  175552  p =     0  d =     0  f =     1  +  T =     0.02 sec
  [bmc-prof 1362] wall=  19.309 p=     1 | ifo=  0.753(sd=0.207 nx=0.000 tfo=0.023 cnt=0.523) snap= 0.292 srm=  8.847 sat=  9.220(set=1.060 slv=8.157 max=8.1566 n=1) sim= 0.000(rmp=0.000 run=0.000) chk= 0.000 stat= 0.193 rest= 0.005
  [bmc-incr i=1363 repr=1 active=400/175552 POs=1]
BMC : c =     398  cl =   4503  lit =  175551  p =     0  d =     0  f =     1  +  T =     0.02 sec
  [bmc-prof 1363] wall=  18.341 p=     1 | ifo=  0.740(sd=0.206 nx=0.000 tfo=0.022 cnt=0.512) snap= 0.293 srm=  8.817 sat=  8.232(set=0.273 slv=7.956 max=7.9557 n=1) sim= 0.000(rmp=0.000 run=0.000) chk= 0.000 stat= 0.252 rest= 0.006
  [bmc-incr i=1364 repr=1 active=399/175551 POs=1]
BMC : c =     397  cl =   4503  lit =  175550  p =     0  d =     0  f =     1  +  T =     0.02 sec
  [bmc-prof 1364] wall=  18.511 p=     1 | ifo=  0.823(sd=0.299 nx=0.000 tfo=0.021 cnt=0.503) snap= 0.314 srm=  9.152 sat=  8.017(set=0.219 slv=7.794 max=7.7936 n=1) sim= 0.000(rmp=0.000 run=0.000) chk= 0.001 stat= 0.197 rest= 0.006
  [bmc-incr i=1365 repr=1 active=398/175550 POs=1]
BMC : c =     396  cl =   4503  lit =  175549  p =     0  d =     0  f =     1  +  T =     0.02 sec
  [bmc-prof 1365] wall=  19.436 p=     1 | ifo=  0.802(sd=0.201 nx=0.000 tfo=0.030 cnt=0.570) snap= 0.291 srm=  8.999 sat=  9.122(set=0.216 slv=8.903 max=8.9031 n=1) sim= 0.000(rmp=0.000 run=0.000) chk= 0.000 stat= 0.214 rest= 0.008
  [bmc-incr i=1366 repr=1 active=397/175549 POs=1]
BMC : c =     395  cl =   4503  lit =  175548  p =     0  d =     0  f =     1  +  T =     0.02 sec
  [bmc-prof 1366] wall=  20.393 p=     1 | ifo=  0.757(sd=0.194 nx=0.000 tfo=0.022 cnt=0.542) snap= 0.377 srm= 10.094 sat=  8.957(set=0.286 slv=8.667 max=8.6673 n=1) sim= 0.000(rmp=0.000 run=0.000) chk= 0.000 stat= 0.202 rest= 0.006
  [bmc-incr i=1367 repr=1 active=396/175548 POs=1]
BMC : c =     394  cl =   4503  lit =  175547  p =     0  d =     0  f =     1  +  T =     0.02 sec
  [bmc-prof 1367] wall=  19.367 p=     1 | ifo=  0.733(sd=0.198 nx=0.000 tfo=0.022 cnt=0.512) snap= 0.310 srm=  9.319 sat=  8.794(set=0.248 slv=8.543 max=8.5431 n=1) sim= 0.000(rmp=0.000 run=0.000) chk= 0.000 stat= 0.204 rest= 0.005
  [bmc-incr i=1368 repr=1 active=395/175547 POs=1]
BMC : c =     393  cl =   4503  lit =  175546  p =     0  d =     0  f =     1  +  T =     0.02 sec
  [bmc-prof 1368] wall=  19.675 p=     1 | ifo=  0.727(sd=0.193 nx=0.000 tfo=0.023 cnt=0.511) snap= 0.295 srm=  9.169 sat=  9.269(set=0.223 slv=9.042 max=9.0420 n=1) sim= 0.000(rmp=0.000 run=0.000) chk= 0.000 stat= 0.209 rest= 0.006
  [bmc-incr i=1369 repr=1 active=394/175546 POs=1]
BMC : c =     392  cl =   4503  lit =  175545  p =     0  d =     0  f =     1  +  T =     0.02 sec
  [bmc-prof 1369] wall=  19.934 p=     1 | ifo=  0.752(sd=0.199 nx=0.000 tfo=0.022 cnt=0.531) snap= 0.324 srm=  9.188 sat=  9.459(set=0.230 slv=9.225 max=9.2249 n=1) sim= 0.000(rmp=0.000 run=0.000) chk= 0.000 stat= 0.206 rest= 0.005
  [bmc-incr i=1370 repr=1 active=393/175545 POs=1]
BMC : c =     391  cl =   4503  lit =  175544  p =     0  d =     0  f =     1  +  T =     0.02 sec
  [bmc-prof 1370] wall=  18.609 p=     1 | ifo=  0.717(sd=0.190 nx=0.000 tfo=0.022 cnt=0.505) snap= 0.302 srm=  8.847 sat=  8.476(set=0.220 slv=8.253 max=8.2531 n=1) sim= 0.000(rmp=0.000 run=0.000) chk= 0.000 stat= 0.261 rest= 0.006
  [bmc-incr i=1371 repr=1 active=392/175544 POs=1]
BMC : c =     390  cl =   4503  lit =  175543  p =     0  d =     0  f =     1  +  T =     0.02 sec
  [bmc-prof 1371] wall=  19.418 p=     1 | ifo=  0.839(sd=0.241 nx=0.000 tfo=0.025 cnt=0.573) snap= 0.309 srm=  9.554 sat=  8.510(set=0.249 slv=8.257 max=8.2572 n=1) sim= 0.000(rmp=0.000 run=0.000) chk= 0.001 stat= 0.198 rest= 0.007
  [bmc-incr i=1372 repr=1 active=391/175543 POs=1]
BMC : c =     389  cl =   4503  lit =  175542  p =     0  d =     0  f =     1  +  T =     0.02 sec
  [bmc-prof 1372] wall=  19.610 p=     1 | ifo=  0.670(sd=0.179 nx=0.000 tfo=0.020 cnt=0.470) snap= 0.308 srm=  8.798 sat=  9.531(set=0.229 slv=9.298 max=9.2978 n=1) sim= 0.000(rmp=0.000 run=0.000) chk= 0.000 stat= 0.299 rest= 0.005
  [bmc-incr i=1373 repr=1 active=390/175542 POs=1]
BMC : c =     388  cl =   4503  lit =  175541  p =     0  d =     0  f =     1  +  T =     0.02 sec
  [bmc-prof 1373] wall=  18.673 p=     1 | ifo=  0.818(sd=0.258 nx=0.000 tfo=0.028 cnt=0.533) snap= 0.384 srm=  8.689 sat=  8.580(set=0.223 slv=8.353 max=8.3532 n=1) sim= 0.000(rmp=0.000 run=0.000) chk= 0.001 stat= 0.196 rest= 0.006
  [bmc-incr i=1374 repr=1 active=389/175541 POs=1]
BMC : c =     387  cl =   4503  lit =  175540  p =     0  d =     0  f =     1  +  T =     0.02 sec
  [bmc-prof 1374] wall=  19.644 p=     1 | ifo=  0.714(sd=0.184 nx=0.000 tfo=0.021 cnt=0.509) snap= 0.290 srm=  8.788 sat=  9.632(set=0.214 slv=9.415 max=9.4147 n=1) sim= 0.000(rmp=0.000 run=0.000) chk= 0.000 stat= 0.213 rest= 0.006
  [bmc-incr i=1375 repr=1 active=388/175540 POs=1]
BMC : c =     386  cl =   4503  lit =  175539  p =     0  d =     0  f =     1  +  T =     0.02 sec
  [bmc-prof 1375] wall=  19.377 p=     1 | ifo=  0.733(sd=0.187 nx=0.000 tfo=0.022 cnt=0.524) snap= 0.290 srm=  8.822 sat=  9.320(set=0.240 slv=9.076 max=9.0762 n=1) sim= 0.000(rmp=0.000 run=0.000) chk= 0.000 stat= 0.208 rest= 0.004
  [bmc-incr i=1376 repr=1 active=387/175539 POs=1]
BMC : c =     385  cl =   4503  lit =  175538  p =     0  d =     0  f =     1  +  T =     0.02 sec
  [bmc-prof 1376] wall=  18.614 p=     1 | ifo=  0.710(sd=0.183 nx=0.000 tfo=0.023 cnt=0.503) snap= 0.337 srm=  8.776 sat=  8.594(set=0.230 slv=8.362 max=8.3618 n=1) sim= 0.000(rmp=0.000 run=0.000) chk= 0.000 stat= 0.191 rest= 0.006
  [bmc-incr i=1377 repr=1 active=386/175538 POs=1]
BMC : c =     384  cl =   4503  lit =  175537  p =     0  d =     0  f =     1  +  T =     0.02 sec
  [bmc-prof 1377] wall=  20.084 p=     1 | ifo=  0.694(sd=0.183 nx=0.000 tfo=0.022 cnt=0.489) snap= 0.316 srm=  9.518 sat=  9.353(set=0.235 slv=9.115 max=9.1148 n=1) sim= 0.000(rmp=0.000 run=0.000) chk= 0.001 stat= 0.198 rest= 0.005
  [bmc-incr i=1378 repr=1 active=385/175537 POs=1]
BMC : c =     383  cl =   4503  lit =  175536  p =     0  d =     0  f =     1  +  T =     0.02 sec
  [bmc-prof 1378] wall=  19.614 p=     1 | ifo=  0.739(sd=0.193 nx=0.000 tfo=0.023 cnt=0.523) snap= 0.304 srm=  9.770 sat=  8.586(set=0.234 slv=8.350 max=8.3496 n=1) sim= 0.000(rmp=0.000 run=0.000) chk= 0.000 stat= 0.207 rest= 0.008
  [bmc-incr i=1379 repr=1 active=384/175536 POs=1]
BMC : c =     382  cl =   4503  lit =  175535  p =     0  d =     0  f =     1  +  T =     0.02 sec
  [bmc-prof 1379] wall=  19.317 p=     1 | ifo=  0.757(sd=0.195 nx=0.000 tfo=0.024 cnt=0.538) snap= 0.291 srm=  9.699 sat=  8.359(set=0.376 slv=7.980 max=7.9800 n=1) sim= 0.000(rmp=0.000 run=0.000) chk= 0.001 stat= 0.205 rest= 0.006
  [bmc-incr i=1380 repr=1 active=383/175535 POs=1]
BMC : c =     381  cl =   4503  lit =  175534  p =     0  d =     0  f =     1  +  T =     0.02 sec
  [bmc-prof 1380] wall=  20.387 p=     1 | ifo=  0.715(sd=0.187 nx=0.000 tfo=0.021 cnt=0.507) snap= 0.332 srm= 10.424 sat=  8.669(set=0.260 slv=8.406 max=8.4056 n=1) sim= 0.000(rmp=0.000 run=0.000) chk= 0.001 stat= 0.240 rest= 0.007
  [bmc-incr i=1381 repr=1 active=382/175534 POs=1]
BMC : c =     380  cl =   4503  lit =  175533  p =     0  d =     0  f =     1  +  T =     0.02 sec
  [bmc-prof 1381] wall=  21.388 p=     1 | ifo=  1.004(sd=0.242 nx=0.000 tfo=0.039 cnt=0.723) snap= 0.303 srm= 11.403 sat=  8.461(set=0.276 slv=8.181 max=8.1814 n=1) sim= 0.000(rmp=0.000 run=0.000) chk= 0.000 stat= 0.209 rest= 0.007
  [bmc-incr i=1382 repr=1 active=381/175533 POs=1]
BMC : c =     379  cl =   4503  lit =  175532  p =     0  d =     0  f =     1  +  T =     0.02 sec
  [bmc-prof 1382] wall=  20.354 p=     1 | ifo=  0.888(sd=0.204 nx=0.000 tfo=0.023 cnt=0.660) snap= 0.324 srm=  9.816 sat=  9.108(set=0.238 slv=8.867 max=8.8669 n=1) sim= 0.000(rmp=0.000 run=0.000) chk= 0.001 stat= 0.209 rest= 0.008
  [bmc-incr i=1383 repr=1 active=380/175532 POs=1]
BMC : c =     378  cl =   4503  lit =  175531  p =     0  d =     0  f =     1  +  T =     0.02 sec
  [bmc-prof 1383] wall=  20.367 p=     1 | ifo=  0.769(sd=0.203 nx=0.000 tfo=0.023 cnt=0.543) snap= 0.329 srm=  9.540 sat=  9.470(set=0.238 slv=9.229 max=9.2286 n=1) sim= 0.000(rmp=0.000 run=0.000) chk= 0.000 stat= 0.253 rest= 0.005
  [bmc-incr i=1384 repr=1 active=379/175531 POs=1]
BMC : c =     377  cl =   4503  lit =  175530  p =     0  d =     0  f =     1  +  T =     0.02 sec
  [bmc-prof 1384] wall=  19.087 p=     1 | ifo=  0.733(sd=0.191 nx=0.000 tfo=0.023 cnt=0.519) snap= 0.329 srm=  8.549 sat=  9.265(set=0.226 slv=9.037 max=9.0368 n=1) sim= 0.000(rmp=0.000 run=0.000) chk= 0.000 stat= 0.204 rest= 0.006
  [bmc-incr i=1385 repr=1 active=378/175530 POs=1]
BMC : c =     376  cl =   4503  lit =  175529  p =     0  d =     0  f =     1  +  T =     0.02 sec
  [bmc-prof 1385] wall=  21.356 p=     1 | ifo=  0.764(sd=0.195 nx=0.000 tfo=0.021 cnt=0.548) snap= 0.349 srm= 10.307 sat=  9.714(set=0.258 slv=9.453 max=9.4527 n=1) sim= 0.000(rmp=0.000 run=0.000) chk= 0.000 stat= 0.217 rest= 0.006
  [bmc-incr i=1386 repr=1 active=377/175529 POs=1]
BMC : c =     375  cl =   4503  lit =  175528  p =     0  d =     0  f =     1  +  T =     0.02 sec
  [bmc-prof 1386] wall=  21.248 p=     1 | ifo=  0.786(sd=0.209 nx=0.000 tfo=0.022 cnt=0.555) snap= 0.321 srm= 10.070 sat=  9.841(set=0.263 slv=9.568 max=9.5675 n=1) sim= 0.000(rmp=0.000 run=0.000) chk= 0.001 stat= 0.222 rest= 0.007
  [bmc-incr i=1387 repr=1 active=376/175528 POs=1]
BMC : c =     374  cl =   4503  lit =  175527  p =     0  d =     0  f =     1  +  T =     0.02 sec
  [bmc-prof 1387] wall=  19.390 p=     1 | ifo=  0.802(sd=0.245 nx=0.000 tfo=0.026 cnt=0.531) snap= 0.343 srm=  9.537 sat=  8.507(set=0.287 slv=8.217 max=8.2174 n=1) sim= 0.000(rmp=0.000 run=0.000) chk= 0.001 stat= 0.193 rest= 0.007
  [bmc-incr i=1388 repr=1 active=375/175527 POs=1]
BMC : c =     373  cl =   4503  lit =  175526  p =     0  d =     0  f =     1  +  T =     0.02 sec
  [bmc-prof 1388] wall=  17.950 p=     1 | ifo=  0.743(sd=0.200 nx=0.000 tfo=0.022 cnt=0.521) snap= 0.303 srm=  8.472 sat=  8.234(set=0.223 slv=8.008 max=8.0083 n=1) sim= 0.000(rmp=0.000 run=0.000) chk= 0.000 stat= 0.192 rest= 0.005
  [bmc-incr i=1389 repr=1 active=374/175526 POs=1]
BMC : c =     372  cl =   4503  lit =  175525  p =     0  d =     0  f =     1  +  T =     0.02 sec
  [bmc-prof 1389] wall=  19.151 p=     1 | ifo=  0.742(sd=0.200 nx=0.000 tfo=0.022 cnt=0.521) snap= 0.327 srm=  9.309 sat=  8.558(set=0.239 slv=8.316 max=8.3161 n=1) sim= 0.000(rmp=0.000 run=0.000) chk= 0.001 stat= 0.208 rest= 0.005
  [bmc-incr i=1390 repr=1 active=373/175525 POs=1]
BMC : c =     371  cl =   4503  lit =  175524  p =     0  d =     0  f =     1  +  T =     0.02 sec
  [bmc-prof 1390] wall=  19.232 p=     1 | ifo=  0.756(sd=0.215 nx=0.000 tfo=0.022 cnt=0.520) snap= 0.331 srm=  9.105 sat=  8.837(set=0.234 slv=8.601 max=8.6011 n=1) sim= 0.000(rmp=0.000 run=0.000) chk= 0.001 stat= 0.198 rest= 0.005
  [bmc-incr i=1391 repr=1 active=372/175524 POs=1]
BMC : c =     370  cl =   4503  lit =  175523  p =     0  d =     0  f =     1  +  T =     0.02 sec
  [bmc-prof 1391] wall=  19.446 p=     1 | ifo=  0.750(sd=0.211 nx=0.000 tfo=0.023 cnt=0.516) snap= 0.302 srm=  9.181 sat=  9.005(set=0.229 slv=8.773 max=8.7729 n=1) sim= 0.000(rmp=0.000 run=0.000) chk= 0.000 stat= 0.202 rest= 0.006
  [bmc-incr i=1392 repr=1 active=371/175523 POs=1]
BMC : c =     369  cl =   4503  lit =  175522  p =     0  d =     0  f =     1  +  T =     0.02 sec
  [bmc-prof 1392] wall=  19.288 p=     1 | ifo=  0.746(sd=0.193 nx=0.000 tfo=0.022 cnt=0.530) snap= 0.308 srm=  9.359 sat=  8.661(set=0.244 slv=8.414 max=8.4140 n=1) sim= 0.000(rmp=0.000 run=0.000) chk= 0.001 stat= 0.207 rest= 0.007
  [bmc-incr i=1393 repr=1 active=370/175522 POs=1]
BMC : c =     368  cl =   4503  lit =  175521  p =     0  d =     0  f =     1  +  T =     0.02 sec
  [bmc-prof 1393] wall=  19.739 p=     1 | ifo=  0.857(sd=0.203 nx=0.000 tfo=0.022 cnt=0.632) snap= 0.315 srm= 10.004 sat=  8.338(set=0.223 slv=8.112 max=8.1122 n=1) sim= 0.000(rmp=0.000 run=0.000) chk= 0.000 stat= 0.216 rest= 0.008
  [bmc-incr i=1394 repr=1 active=369/175521 POs=1]
BMC : c =     367  cl =   4503  lit =  175520  p =     0  d =     0  f =     1  +  T =     0.02 sec
  [bmc-prof 1394] wall=  19.766 p=     1 | ifo=  0.724(sd=0.190 nx=0.000 tfo=0.021 cnt=0.512) snap= 0.292 srm=  9.060 sat=  9.472(set=0.221 slv=9.248 max=9.2485 n=1) sim= 0.000(rmp=0.000 run=0.000) chk= 0.000 stat= 0.212 rest= 0.007
  [bmc-incr i=1395 repr=1 active=368/175520 POs=1]
BMC : c =     366  cl =   4503  lit =  175519  p =     0  d =     0  f =     1  +  T =     0.02 sec
  [bmc-prof 1395] wall=  20.066 p=     1 | ifo=  0.794(sd=0.202 nx=0.000 tfo=0.022 cnt=0.570) snap= 0.343 srm= 10.086 sat=  8.624(set=0.238 slv=8.383 max=8.3830 n=1) sim= 0.000(rmp=0.000 run=0.000) chk= 0.001 stat= 0.210 rest= 0.009
  [bmc-incr i=1396 repr=1 active=367/175519 POs=1]
BMC : c =     365  cl =   4503  lit =  175518  p =     0  d =     0  f =     1  +  T =     0.02 sec
  [bmc-prof 1396] wall=  18.880 p=     1 | ifo=  0.717(sd=0.183 nx=0.000 tfo=0.021 cnt=0.513) snap= 0.293 srm=  9.043 sat=  8.611(set=0.216 slv=8.387 max=8.3871 n=1) sim= 0.000(rmp=0.000 run=0.000) chk= 0.000 stat= 0.207 rest= 0.008
  [bmc-incr i=1397 repr=1 active=366/175518 POs=1]
BMC : c =     364  cl =   4503  lit =  175517  p =     0  d =     0  f =     1  +  T =     0.02 sec
  [bmc-prof 1397] wall=  19.038 p=     1 | ifo=  0.763(sd=0.207 nx=0.000 tfo=0.025 cnt=0.532) snap= 0.308 srm=  9.640 sat=  8.110(set=0.245 slv=7.861 max=7.8614 n=1) sim= 0.000(rmp=0.000 run=0.000) chk= 0.001 stat= 0.208 rest= 0.008
  [bmc-incr i=1398 repr=1 active=365/175517 POs=1]
BMC : c =     363  cl =   4503  lit =  175516  p =     0  d =     0  f =     1  +  T =     0.02 sec
  [bmc-prof 1398] wall=  19.199 p=     1 | ifo=  0.723(sd=0.185 nx=0.000 tfo=0.022 cnt=0.516) snap= 0.358 srm=  9.252 sat=  8.590(set=0.239 slv=8.348 max=8.3481 n=1) sim= 0.000(rmp=0.000 run=0.000) chk= 0.000 stat= 0.269 rest= 0.006
  [bmc-incr i=1399 repr=1 active=364/175516 POs=1]
BMC : c =     362  cl =   4503  lit =  175515  p =     0  d =     0  f =     1  +  T =     0.02 sec
  [bmc-prof 1399] wall=  19.755 p=     1 | ifo=  0.902(sd=0.241 nx=0.000 tfo=0.022 cnt=0.640) snap= 0.310 srm=  9.049 sat=  9.231(set=0.247 slv=8.980 max=8.9804 n=1) sim= 0.000(rmp=0.000 run=0.000) chk= 0.000 stat= 0.255 rest= 0.007
  [bmc-incr i=1400 repr=1 active=363/175515 POs=1]
BMC : c =     361  cl =   4503  lit =  175514  p =     0  d =     0  f =     1  +  T =     0.02 sec
  [bmc-prof 1400] wall=  18.794 p=     1 | ifo=  0.800(sd=0.237 nx=0.000 tfo=0.022 cnt=0.541) snap= 0.285 srm=  8.982 sat=  8.523(set=0.248 slv=8.272 max=8.2717 n=1) sim= 0.000(rmp=0.000 run=0.000) chk= 0.000 stat= 0.197 rest= 0.006
  [bmc-incr i=1401 repr=1 active=362/175514 POs=1]
BMC : c =     360  cl =   4503  lit =  175513  p =     0  d =     0  f =     1  +  T =     0.02 sec
  [bmc-prof 1401] wall=  18.976 p=     1 | ifo=  0.857(sd=0.185 nx=0.000 tfo=0.020 cnt=0.652) snap= 0.294 srm=  8.646 sat=  8.940(set=0.233 slv=8.704 max=8.7042 n=1) sim= 0.000(rmp=0.000 run=0.000) chk= 0.000 stat= 0.232 rest= 0.006
  [bmc-incr i=1402 repr=1 active=361/175513 POs=1]
BMC : c =     359  cl =   4503  lit =  175512  p =     0  d =     0  f =     1  +  T =     0.02 sec
  [bmc-prof 1402] wall=  19.158 p=     1 | ifo=  0.778(sd=0.210 nx=0.000 tfo=0.019 cnt=0.549) snap= 0.339 srm=  9.493 sat=  8.351(set=0.224 slv=8.124 max=8.1242 n=1) sim= 0.000(rmp=0.000 run=0.000) chk= 0.000 stat= 0.191 rest= 0.006
  [bmc-incr i=1403 repr=1 active=360/175512 POs=1]
BMC : c =     358  cl =   4503  lit =  175511  p =     0  d =     0  f =     1  +  T =     0.02 sec
  [bmc-prof 1403] wall=  20.112 p=     1 | ifo=  0.698(sd=0.181 nx=0.000 tfo=0.021 cnt=0.496) snap= 0.310 srm=  9.029 sat=  9.863(set=0.237 slv=9.623 max=9.6231 n=1) sim= 0.000(rmp=0.000 run=0.000) chk= 0.000 stat= 0.205 rest= 0.005
  [bmc-incr i=1404 repr=1 active=359/175511 POs=1]
BMC : c =     357  cl =   4503  lit =  175510  p =     0  d =     0  f =     1  +  T =     0.02 sec
  [bmc-prof 1404] wall=  20.013 p=     1 | ifo=  0.749(sd=0.199 nx=0.000 tfo=0.021 cnt=0.529) snap= 0.313 srm=  9.487 sat=  9.188(set=0.228 slv=8.956 max=8.9562 n=1) sim= 0.000(rmp=0.000 run=0.000) chk= 0.000 stat= 0.269 rest= 0.006
  [bmc-incr i=1405 repr=1 active=358/175510 POs=1]
BMC : c =     356  cl =   4503  lit =  175509  p =     0  d =     0  f =     1  +  T =     0.02 sec
  [bmc-prof 1405] wall=  20.034 p=     1 | ifo=  0.812(sd=0.243 nx=0.000 tfo=0.023 cnt=0.546) snap= 0.291 srm=  8.917 sat=  9.803(set=0.224 slv=9.576 max=9.5761 n=1) sim= 0.000(rmp=0.000 run=0.000) chk= 0.000 stat= 0.206 rest= 0.006
  [bmc-incr i=1406 repr=1 active=357/175509 POs=1]
BMC : c =     355  cl =   4503  lit =  175508  p =     0  d =     0  f =     1  +  T =     0.02 sec
  [bmc-prof 1406] wall=  19.843 p=     1 | ifo=  0.751(sd=0.195 nx=0.000 tfo=0.020 cnt=0.536) snap= 0.324 srm=  9.371 sat=  9.194(set=0.246 slv=8.945 max=8.9449 n=1) sim= 0.000(rmp=0.000 run=0.000) chk= 0.000 stat= 0.197 rest= 0.005
  [bmc-incr i=1407 repr=1 active=356/175508 POs=1]
BMC : c =     354  cl =   4503  lit =  175507  p =     0  d =     0  f =     1  +  T =     0.02 sec
  [bmc-prof 1407] wall=  19.339 p=     1 | ifo=  0.755(sd=0.203 nx=0.000 tfo=0.022 cnt=0.530) snap= 0.302 srm=  8.890 sat=  9.178(set=0.224 slv=8.952 max=8.9517 n=1) sim= 0.000(rmp=0.000 run=0.000) chk= 0.000 stat= 0.208 rest= 0.005
  [bmc-incr i=1408 repr=1 active=355/175507 POs=1]
BMC : c =     353  cl =   4503  lit =  175506  p =     0  d =     0  f =     1  +  T =     0.02 sec
  [bmc-prof 1408] wall=  18.526 p=     1 | ifo=  0.720(sd=0.182 nx=0.000 tfo=0.018 cnt=0.520) snap= 0.300 srm=  8.949 sat=  8.349(set=0.239 slv=8.107 max=8.1070 n=1) sim= 0.000(rmp=0.000 run=0.000) chk= 0.000 stat= 0.200 rest= 0.008
  [bmc-incr i=1409 repr=1 active=354/175506 POs=1]
BMC : c =     352  cl =   4503  lit =  175505  p =     0  d =     0  f =     1  +  T =     0.02 sec
  [bmc-prof 1409] wall=  18.206 p=     1 | ifo=  0.731(sd=0.201 nx=0.000 tfo=0.021 cnt=0.509) snap= 0.316 srm=  8.977 sat=  7.985(set=0.213 slv=7.769 max=7.7693 n=1) sim= 0.000(rmp=0.000 run=0.000) chk= 0.001 stat= 0.188 rest= 0.008
  [bmc-incr i=1410 repr=1 active=353/175505 POs=1]
BMC : c =     351  cl =   4503  lit =  175504  p =     0  d =     0  f =     1  +  T =     0.02 sec
  [bmc-prof 1410] wall=  20.361 p=     1 | ifo=  0.731(sd=0.201 nx=0.000 tfo=0.021 cnt=0.508) snap= 0.300 srm=  9.726 sat=  9.357(set=0.229 slv=9.124 max=9.1245 n=1) sim= 0.000(rmp=0.000 run=0.000) chk= 0.000 stat= 0.240 rest= 0.007
  [bmc-incr i=1411 repr=1 active=352/175504 POs=1]
BMC : c =     350  cl =   4503  lit =  175503  p =     0  d =     0  f =     1  +  T =     0.02 sec
  [bmc-prof 1411] wall=  20.194 p=     1 | ifo=  0.784(sd=0.199 nx=0.000 tfo=0.020 cnt=0.564) snap= 0.303 srm=  9.336 sat=  9.558(set=0.234 slv=9.320 max=9.3203 n=1) sim= 0.000(rmp=0.000 run=0.000) chk= 0.001 stat= 0.206 rest= 0.007
  [bmc-incr i=1412 repr=1 active=351/175503 POs=1]
BMC : c =     349  cl =   4503  lit =  175502  p =     0  d =     0  f =     1  +  T =     0.02 sec
  [bmc-prof 1412] wall=  19.358 p=     1 | ifo=  0.754(sd=0.197 nx=0.000 tfo=0.020 cnt=0.537) snap= 0.310 srm=  9.273 sat=  8.805(set=0.233 slv=8.570 max=8.5700 n=1) sim= 0.000(rmp=0.000 run=0.000) chk= 0.000 stat= 0.208 rest= 0.008
  [bmc-incr i=1413 repr=1 active=350/175502 POs=1]
BMC : c =     348  cl =   4503  lit =  175501  p =     0  d =     0  f =     1  +  T =     0.02 sec
  [bmc-prof 1413] wall=  18.128 p=     1 | ifo=  0.709(sd=0.185 nx=0.000 tfo=0.020 cnt=0.505) snap= 0.312 srm=  8.807 sat=  8.046(set=0.219 slv=7.823 max=7.8232 n=1) sim= 0.000(rmp=0.000 run=0.000) chk= 0.000 stat= 0.248 rest= 0.005
  [bmc-incr i=1414 repr=1 active=349/175501 POs=1]
BMC : c =     347  cl =   4503  lit =  175500  p =     0  d =     0  f =     1  +  T =     0.02 sec
  [bmc-prof 1414] wall=  18.521 p=     1 | ifo=  0.714(sd=0.180 nx=0.000 tfo=0.019 cnt=0.515) snap= 0.302 srm=  8.705 sat=  8.585(set=0.222 slv=8.359 max=8.3587 n=1) sim= 0.000(rmp=0.000 run=0.000) chk= 0.000 stat= 0.210 rest= 0.006
  [bmc-incr i=1415 repr=1 active=348/175500 POs=1]
BMC : c =     346  cl =   4503  lit =  175499  p =     0  d =     0  f =     1  +  T =     0.02 sec
  [bmc-prof 1415] wall=  19.121 p=     1 | ifo=  0.793(sd=0.191 nx=0.000 tfo=0.021 cnt=0.581) snap= 0.344 srm=  8.574 sat=  9.157(set=0.232 slv=8.922 max=8.9223 n=1) sim= 0.000(rmp=0.000 run=0.000) chk= 0.000 stat= 0.245 rest= 0.008
  [bmc-incr i=1416 repr=1 active=347/175499 POs=1]
BMC : c =     345  cl =   4503  lit =  175498  p =     0  d =     0  f =     1  +  T =     0.02 sec
  [bmc-prof 1416] wall=  19.313 p=     1 | ifo=  0.951(sd=0.202 nx=0.000 tfo=0.019 cnt=0.730) snap= 0.304 srm=  8.932 sat=  8.912(set=0.347 slv=8.562 max=8.5620 n=1) sim= 0.000(rmp=0.000 run=0.000) chk= 0.000 stat= 0.208 rest= 0.006
  [bmc-incr i=1417 repr=1 active=346/175498 POs=1]
BMC : c =     344  cl =   4503  lit =  175497  p =     0  d =     0  f =     1  +  T =     0.02 sec
  [bmc-prof 1417] wall=  20.360 p=     1 | ifo=  0.785(sd=0.201 nx=0.000 tfo=0.019 cnt=0.565) snap= 0.320 srm=  9.256 sat=  9.788(set=0.258 slv=9.527 max=9.5269 n=1) sim= 0.000(rmp=0.000 run=0.000) chk= 0.000 stat= 0.204 rest= 0.005
  [bmc-incr i=1418 repr=1 active=345/175497 POs=1]
BMC : c =     343  cl =   4503  lit =  175496  p =     0  d =     0  f =     1  +  T =     0.02 sec
  [bmc-prof 1418] wall=  19.712 p=     1 | ifo=  0.811(sd=0.209 nx=0.000 tfo=0.019 cnt=0.583) snap= 0.330 srm=  9.334 sat=  9.039(set=0.341 slv=8.696 max=8.6960 n=1) sim= 0.000(rmp=0.000 run=0.000) chk= 0.000 stat= 0.193 rest= 0.004
  [bmc-incr i=1419 repr=1 active=344/175496 POs=1]
BMC : c =     342  cl =   4503  lit =  175495  p =     0  d =     0  f =     1  +  T =     0.02 sec
  [bmc-prof 1419] wall=  19.467 p=     1 | ifo=  0.733(sd=0.205 nx=0.000 tfo=0.019 cnt=0.509) snap= 0.319 srm=  8.481 sat=  9.711(set=0.217 slv=9.490 max=9.4905 n=1) sim= 0.000(rmp=0.000 run=0.000) chk= 0.000 stat= 0.215 rest= 0.008
  [bmc-incr i=1420 repr=1 active=343/175495 POs=1]
BMC : c =     341  cl =   4503  lit =  175494  p =     0  d =     0  f =     1  +  T =     0.02 sec
  [bmc-prof 1420] wall=  19.908 p=     1 | ifo=  0.796(sd=0.212 nx=0.000 tfo=0.019 cnt=0.565) snap= 0.318 srm=  9.311 sat=  9.273(set=0.245 slv=9.025 max=9.0251 n=1) sim= 0.000(rmp=0.000 run=0.000) chk= 0.000 stat= 0.204 rest= 0.007
  [bmc-incr i=1421 repr=1 active=342/175494 POs=1]
BMC : c =     340  cl =   4503  lit =  175493  p =     0  d =     0  f =     1  +  T =     0.02 sec
  [bmc-prof 1421] wall=  19.610 p=     1 | ifo=  0.771(sd=0.197 nx=0.000 tfo=0.021 cnt=0.553) snap= 0.325 srm=  8.992 sat=  9.319(set=0.235 slv=9.081 max=9.0807 n=1) sim= 0.000(rmp=0.000 run=0.000) chk= 0.000 stat= 0.197 rest= 0.005
  [bmc-incr i=1422 repr=1 active=341/175493 POs=1]
BMC : c =     339  cl =   4503  lit =  175492  p =     0  d =     0  f =     1  +  T =     0.02 sec
  [bmc-prof 1422] wall=  18.841 p=     1 | ifo=  0.715(sd=0.199 nx=0.000 tfo=0.020 cnt=0.496) snap= 0.309 srm=  8.618 sat=  8.977(set=0.221 slv=8.753 max=8.7531 n=1) sim= 0.000(rmp=0.000 run=0.000) chk= 0.000 stat= 0.214 rest= 0.008
  [bmc-incr i=1423 repr=1 active=340/175492 POs=1]
BMC : c =     338  cl =   4503  lit =  175491  p =     0  d =     0  f =     1  +  T =     0.02 sec
  [bmc-prof 1423] wall=  20.137 p=     1 | ifo=  0.745(sd=0.196 nx=0.000 tfo=0.018 cnt=0.531) snap= 0.320 srm=  9.860 sat=  9.008(set=0.239 slv=8.765 max=8.7654 n=1) sim= 0.000(rmp=0.000 run=0.000) chk= 0.000 stat= 0.198 rest= 0.006
  [bmc-incr i=1424 repr=1 active=339/175491 POs=1]
BMC : c =     337  cl =   4503  lit =  175490  p =     0  d =     0  f =     1  +  T =     0.02 sec
  [bmc-prof 1424] wall=  18.899 p=     1 | ifo=  0.721(sd=0.200 nx=0.000 tfo=0.022 cnt=0.500) snap= 0.288 srm=  9.181 sat=  8.498(set=0.207 slv=8.288 max=8.2878 n=1) sim= 0.000(rmp=0.000 run=0.000) chk= 0.001 stat= 0.206 rest= 0.005
  [bmc-incr i=1425 repr=1 active=338/175490 POs=1]
BMC : c =     336  cl =   4503  lit =  175489  p =     0  d =     0  f =     1  +  T =     0.02 sec
  [bmc-prof 1425] wall=  20.943 p=     1 | ifo=  0.734(sd=0.193 nx=0.000 tfo=0.019 cnt=0.523) snap= 0.327 srm= 10.376 sat=  9.295(set=0.253 slv=9.039 max=9.0389 n=1) sim= 0.000(rmp=0.000 run=0.000) chk= 0.000 stat= 0.203 rest= 0.007
  [bmc-incr i=1426 repr=1 active=337/175489 POs=1]
BMC : c =     335  cl =   4503  lit =  175488  p =     0  d =     0  f =     1  +  T =     0.02 sec
  [bmc-prof 1426] wall=  19.539 p=     1 | ifo=  0.752(sd=0.202 nx=0.000 tfo=0.020 cnt=0.529) snap= 0.304 srm=  9.215 sat=  9.063(set=0.231 slv=8.829 max=8.8285 n=1) sim= 0.000(rmp=0.000 run=0.000) chk= 0.000 stat= 0.200 rest= 0.006
  [bmc-incr i=1427 repr=1 active=336/175488 POs=1]
BMC : c =     334  cl =   4503  lit =  175487  p =     0  d =     0  f =     1  +  T =     0.02 sec
  [bmc-prof 1427] wall=  19.517 p=     1 | ifo=  0.732(sd=0.194 nx=0.000 tfo=0.018 cnt=0.521) snap= 0.296 srm=  9.895 sat=  8.377(set=0.239 slv=8.134 max=8.1344 n=1) sim= 0.000(rmp=0.000 run=0.000) chk= 0.000 stat= 0.208 rest= 0.009
  [bmc-incr i=1428 repr=1 active=335/175487 POs=1]
BMC : c =     333  cl =   4503  lit =  175486  p =     0  d =     0  f =     1  +  T =     0.02 sec
  [bmc-prof 1428] wall=  19.280 p=     1 | ifo=  0.771(sd=0.199 nx=0.000 tfo=0.019 cnt=0.553) snap= 0.287 srm=  9.614 sat=  8.405(set=0.274 slv=8.127 max=8.1274 n=1) sim= 0.000(rmp=0.000 run=0.000) chk= 0.001 stat= 0.194 rest= 0.009
  [bmc-incr i=1429 repr=1 active=334/175486 POs=1]
BMC : c =     332  cl =   4503  lit =  175485  p =     0  d =     0  f =     1  +  T =     0.02 sec
  [bmc-prof 1429] wall=  19.067 p=     1 | ifo=  0.714(sd=0.182 nx=0.000 tfo=0.019 cnt=0.514) snap= 0.291 srm=  9.195 sat=  8.663(set=0.230 slv=8.430 max=8.4303 n=1) sim= 0.000(rmp=0.000 run=0.000) chk= 0.001 stat= 0.195 rest= 0.007
  [bmc-incr i=1430 repr=1 active=333/175485 POs=1]
BMC : c =     331  cl =   4503  lit =  175484  p =     0  d =     0  f =     1  +  T =     0.02 sec
  [bmc-prof 1430] wall=  20.322 p=     1 | ifo=  0.738(sd=0.193 nx=0.000 tfo=0.019 cnt=0.526) snap= 0.339 srm= 10.654 sat=  8.397(set=0.237 slv=8.156 max=8.1562 n=1) sim= 0.000(rmp=0.000 run=0.000) chk= 0.000 stat= 0.188 rest= 0.006
  [bmc-incr i=1431 repr=1 active=332/175484 POs=1]
BMC : c =     330  cl =   4503  lit =  175483  p =     0  d =     0  f =     1  +  T =     0.02 sec
  [bmc-prof 1431] wall=  19.292 p=     1 | ifo=  0.706(sd=0.179 nx=0.000 tfo=0.017 cnt=0.510) snap= 0.296 srm=  9.430 sat=  8.624(set=0.260 slv=8.360 max=8.3598 n=1) sim= 0.000(rmp=0.000 run=0.000) chk= 0.001 stat= 0.224 rest= 0.010
  [bmc-incr i=1432 repr=1 active=331/175483 POs=1]
BMC : c =     329  cl =   4503  lit =  175482  p =     0  d =     0  f =     1  +  T =     0.02 sec
  [bmc-prof 1432] wall=  19.551 p=     1 | ifo=  0.745(sd=0.207 nx=0.000 tfo=0.018 cnt=0.520) snap= 0.311 srm=  9.422 sat=  8.861(set=0.227 slv=8.629 max=8.6289 n=1) sim= 0.000(rmp=0.000 run=0.000) chk= 0.000 stat= 0.206 rest= 0.006
  [bmc-incr i=1433 repr=1 active=330/175482 POs=1]
BMC : c =     328  cl =   4503  lit =  175481  p =     0  d =     0  f =     1  +  T =     0.02 sec
  [bmc-prof 1433] wall=  19.868 p=     1 | ifo=  0.689(sd=0.185 nx=0.000 tfo=0.019 cnt=0.486) snap= 0.312 srm=  8.914 sat=  9.748(set=0.235 slv=9.509 max=9.5093 n=1) sim= 0.000(rmp=0.000 run=0.000) chk= 0.000 stat= 0.199 rest= 0.005
  [bmc-incr i=1434 repr=1 active=329/175481 POs=1]
BMC : c =     327  cl =   4503  lit =  175480  p =     0  d =     0  f =     1  +  T =     0.02 sec
  [bmc-prof 1434] wall=  20.702 p=     1 | ifo=  0.731(sd=0.203 nx=0.000 tfo=0.018 cnt=0.510) snap= 0.325 srm=  9.679 sat=  9.751(set=0.241 slv=9.506 max=9.5064 n=1) sim= 0.000(rmp=0.000 run=0.000) chk= 0.000 stat= 0.210 rest= 0.006
  [bmc-incr i=1435 repr=1 active=328/175480 POs=1]
BMC : c =     326  cl =   4503  lit =  175479  p =     0  d =     0  f =     1  +  T =     0.02 sec
  [bmc-prof 1435] wall=  19.761 p=     1 | ifo=  0.768(sd=0.199 nx=0.000 tfo=0.019 cnt=0.550) snap= 0.297 srm=  9.899 sat=  8.587(set=0.233 slv=8.351 max=8.3512 n=1) sim= 0.000(rmp=0.000 run=0.000) chk= 0.000 stat= 0.203 rest= 0.008
  [bmc-incr i=1436 repr=1 active=327/175479 POs=1]
BMC : c =     325  cl =   4503  lit =  175478  p =     0  d =     0  f =     1  +  T =     0.02 sec
  [bmc-prof 1436] wall=  18.358 p=     1 | ifo=  0.723(sd=0.225 nx=0.000 tfo=0.019 cnt=0.479) snap= 0.306 srm=  8.749 sat=  8.361(set=0.224 slv=8.133 max=8.1326 n=1) sim= 0.000(rmp=0.000 run=0.000) chk= 0.001 stat= 0.212 rest= 0.007
  [bmc-incr i=1437 repr=1 active=326/175478 POs=1]
BMC : c =     324  cl =   4503  lit =  175477  p =     0  d =     0  f =     1  +  T =     0.02 sec
  [bmc-prof 1437] wall=  20.242 p=     1 | ifo=  0.742(sd=0.204 nx=0.000 tfo=0.019 cnt=0.520) snap= 0.376 srm=  9.786 sat=  9.123(set=0.281 slv=8.838 max=8.8384 n=1) sim= 0.000(rmp=0.000 run=0.000) chk= 0.000 stat= 0.208 rest= 0.007
  [bmc-incr i=1438 repr=1 active=325/175477 POs=1]
BMC : c =     323  cl =   4503  lit =  175476  p =     0  d =     0  f =     1  +  T =     0.02 sec
  [bmc-prof 1438] wall=  19.652 p=     1 | ifo=  0.733(sd=0.198 nx=0.000 tfo=0.020 cnt=0.515) snap= 0.284 srm=  9.195 sat=  9.223(set=0.215 slv=9.006 max=9.0056 n=1) sim= 0.000(rmp=0.000 run=0.000) chk= 0.001 stat= 0.209 rest= 0.007
  [bmc-incr i=1439 repr=1 active=324/175476 POs=1]
BMC : c =     322  cl =   4503  lit =  175475  p =     0  d =     0  f =     1  +  T =     0.02 sec
  [bmc-prof 1439] wall=  20.100 p=     1 | ifo=  0.759(sd=0.201 nx=0.000 tfo=0.019 cnt=0.539) snap= 0.412 srm= 10.001 sat=  8.718(set=0.278 slv=8.437 max=8.4370 n=1) sim= 0.000(rmp=0.000 run=0.000) chk= 0.000 stat= 0.203 rest= 0.006
  [bmc-incr i=1440 repr=1 active=323/175475 POs=1]
BMC : c =     321  cl =   4503  lit =  175474  p =     0  d =     0  f =     1  +  T =     0.02 sec
  [bmc-prof 1440] wall=  18.991 p=     1 | ifo=  0.738(sd=0.206 nx=0.000 tfo=0.019 cnt=0.514) snap= 0.311 srm=  9.054 sat=  8.688(set=0.215 slv=8.471 max=8.4713 n=1) sim= 0.000(rmp=0.000 run=0.000) chk= 0.000 stat= 0.195 rest= 0.005
  [bmc-incr i=1441 repr=1 active=322/175474 POs=1]
BMC : c =     320  cl =   4503  lit =  175473  p =     0  d =     0  f =     1  +  T =     0.02 sec
  [bmc-prof 1441] wall=  19.678 p=     1 | ifo=  0.748(sd=0.204 nx=0.000 tfo=0.020 cnt=0.524) snap= 0.410 srm=  9.160 sat=  9.144(set=0.262 slv=8.879 max=8.8791 n=1) sim= 0.000(rmp=0.000 run=0.000) chk= 0.000 stat= 0.209 rest= 0.006
  [bmc-incr i=1442 repr=1 active=321/175473 POs=1]
BMC : c =     319  cl =   4503  lit =  175472  p =     0  d =     0  f =     1  +  T =     0.02 sec
  [bmc-prof 1442] wall=  19.975 p=     1 | ifo=  0.754(sd=0.200 nx=0.000 tfo=0.019 cnt=0.536) snap= 0.323 srm=  9.423 sat=  9.249(set=0.242 slv=9.004 max=9.0036 n=1) sim= 0.000(rmp=0.000 run=0.000) chk= 0.000 stat= 0.220 rest= 0.004
  [bmc-incr i=1443 repr=1 active=320/175472 POs=1]
BMC : c =     318  cl =   4503  lit =  175471  p =     0  d =     0  f =     1  +  T =     0.02 sec
  [bmc-prof 1443] wall=  18.321 p=     1 | ifo=  0.778(sd=0.204 nx=0.000 tfo=0.020 cnt=0.555) snap= 0.309 srm=  8.627 sat=  8.405(set=0.216 slv=8.187 max=8.1866 n=1) sim= 0.000(rmp=0.000 run=0.000) chk= 0.001 stat= 0.195 rest= 0.005
  [bmc-incr i=1444 repr=1 active=319/175471 POs=1]
BMC : c =     317  cl =   4503  lit =  175470  p =     0  d =     0  f =     1  +  T =     0.02 sec
  [bmc-prof 1444] wall=  19.267 p=     1 | ifo=  0.763(sd=0.184 nx=0.000 tfo=0.019 cnt=0.560) snap= 0.313 srm=  8.988 sat=  8.925(set=0.241 slv=8.682 max=8.6816 n=1) sim= 0.000(rmp=0.000 run=0.000) chk= 0.000 stat= 0.271 rest= 0.006
  [bmc-incr i=1445 repr=1 active=318/175470 POs=1]
BMC : c =     316  cl =   4503  lit =  175469  p =     0  d =     0  f =     1  +  T =     0.02 sec
  [bmc-prof 1445] wall=  20.162 p=     1 | ifo=  0.854(sd=0.255 nx=0.000 tfo=0.023 cnt=0.576) snap= 0.298 srm=  9.166 sat=  9.628(set=0.226 slv=9.398 max=9.3984 n=1) sim= 0.000(rmp=0.000 run=0.000) chk= 0.000 stat= 0.207 rest= 0.008
  [bmc-incr i=1446 repr=1 active=317/175469 POs=1]
BMC : c =     315  cl =   4503  lit =  175468  p =     0  d =     0  f =     1  +  T =     0.02 sec
  [bmc-prof 1446] wall=  19.394 p=     1 | ifo=  0.794(sd=0.224 nx=0.000 tfo=0.019 cnt=0.551) snap= 0.311 srm=  9.327 sat=  8.762(set=0.231 slv=8.527 max=8.5274 n=1) sim= 0.000(rmp=0.000 run=0.000) chk= 0.001 stat= 0.194 rest= 0.006
  [bmc-incr i=1447 repr=1 active=316/175468 POs=1]
BMC : c =     314  cl =   4503  lit =  175467  p =     0  d =     0  f =     1  +  T =     0.02 sec
  [bmc-prof 1447] wall=  21.555 p=     1 | ifo=  0.683(sd=0.184 nx=0.000 tfo=0.018 cnt=0.481) snap= 0.352 srm= 10.122 sat= 10.149(set=0.251 slv=9.895 max=9.8947 n=1) sim= 0.000(rmp=0.000 run=0.000) chk= 0.001 stat= 0.242 rest= 0.006
  [bmc-incr i=1448 repr=1 active=315/175467 POs=1]
BMC : c =     313  cl =   4503  lit =  175466  p =     0  d =     0  f =     1  +  T =     0.02 sec
  [bmc-prof 1448] wall=  19.885 p=     1 | ifo=  0.775(sd=0.197 nx=0.000 tfo=0.018 cnt=0.560) snap= 0.318 srm=  9.118 sat=  9.467(set=0.448 slv=9.016 max=9.0161 n=1) sim= 0.000(rmp=0.000 run=0.000) chk= 0.000 stat= 0.201 rest= 0.006
  [bmc-incr i=1449 repr=1 active=314/175466 POs=1]
BMC : c =     312  cl =   4503  lit =  175465  p =     0  d =     0  f =     1  +  T =     0.02 sec
  [bmc-prof 1449] wall=  19.198 p=     1 | ifo=  1.048(sd=0.193 nx=0.000 tfo=0.019 cnt=0.836) snap= 0.361 srm=  9.082 sat=  8.492(set=0.239 slv=8.249 max=8.2490 n=1) sim= 0.000(rmp=0.000 run=0.000) chk= 0.000 stat= 0.208 rest= 0.007
  [bmc-incr i=1450 repr=1 active=313/175465 POs=1]
BMC : c =     311  cl =   4503  lit =  175464  p =     0  d =     0  f =     1  +  T =     0.02 sec
  [bmc-prof 1450] wall=  18.827 p=     1 | ifo=  0.697(sd=0.187 nx=0.000 tfo=0.017 cnt=0.493) snap= 0.295 srm=  9.063 sat=  8.536(set=0.229 slv=8.304 max=8.3042 n=1) sim= 0.000(rmp=0.000 run=0.000) chk= 0.000 stat= 0.229 rest= 0.006
  [bmc-incr i=1451 repr=1 active=312/175464 POs=1]
BMC : c =     310  cl =   4503  lit =  175463  p =     0  d =     0  f =     1  +  T =     0.02 sec
  [bmc-prof 1451] wall=  18.245 p=     1 | ifo=  0.728(sd=0.192 nx=0.000 tfo=0.018 cnt=0.518) snap= 0.309 srm=  8.998 sat=  8.008(set=0.227 slv=7.779 max=7.7786 n=1) sim= 0.000(rmp=0.000 run=0.000) chk= 0.000 stat= 0.193 rest= 0.009
  [bmc-incr i=1452 repr=1 active=311/175463 POs=1]
BMC : c =     309  cl =   4503  lit =  175462  p =     0  d =     0  f =     1  +  T =     0.02 sec
  [bmc-prof 1452] wall=  18.224 p=     1 | ifo=  0.724(sd=0.204 nx=0.000 tfo=0.017 cnt=0.503) snap= 0.313 srm=  8.837 sat=  8.148(set=0.225 slv=7.921 max=7.9209 n=1) sim= 0.000(rmp=0.000 run=0.000) chk= 0.001 stat= 0.194 rest= 0.007
  [bmc-incr i=1453 repr=1 active=310/175462 POs=1]
BMC : c =     308  cl =   4503  lit =  175461  p =     0  d =     0  f =     1  +  T =     0.02 sec
  [bmc-prof 1453] wall=  19.259 p=     1 | ifo=  0.729(sd=0.202 nx=0.000 tfo=0.018 cnt=0.509) snap= 0.309 srm=  9.141 sat=  8.817(set=0.225 slv=8.589 max=8.5887 n=1) sim= 0.000(rmp=0.000 run=0.000) chk= 0.001 stat= 0.257 rest= 0.006
  [bmc-incr i=1454 repr=1 active=309/175461 POs=1]
BMC : c =     307  cl =   4503  lit =  175460  p =     0  d =     0  f =     1  +  T =     0.02 sec
  [bmc-prof 1454] wall=  20.031 p=     1 | ifo=  0.784(sd=0.232 nx=0.000 tfo=0.021 cnt=0.531) snap= 0.285 srm=  8.834 sat=  9.926(set=0.235 slv=9.688 max=9.6879 n=1) sim= 0.000(rmp=0.000 run=0.000) chk= 0.000 stat= 0.196 rest= 0.006
  [bmc-incr i=1455 repr=1 active=308/175460 POs=1]
BMC : c =     306  cl =   4503  lit =  175459  p =     0  d =     0  f =     1  +  T =     0.02 sec
  [bmc-prof 1455] wall=  19.106 p=     1 | ifo=  0.729(sd=0.184 nx=0.000 tfo=0.018 cnt=0.526) snap= 0.296 srm=  8.878 sat=  9.006(set=0.344 slv=8.659 max=8.6590 n=1) sim= 0.000(rmp=0.000 run=0.000) chk= 0.001 stat= 0.192 rest= 0.005
  [bmc-incr i=1456 repr=1 active=307/175459 POs=1]
BMC : c =     305  cl =   4503  lit =  175458  p =     0  d =     0  f =     1  +  T =     0.02 sec
  [bmc-prof 1456] wall=  19.264 p=     1 | ifo=  0.700(sd=0.182 nx=0.000 tfo=0.017 cnt=0.501) snap= 0.314 srm=  8.851 sat=  9.203(set=0.228 slv=8.972 max=8.9716 n=1) sim= 0.000(rmp=0.000 run=0.000) chk= 0.001 stat= 0.189 rest= 0.006
  [bmc-incr i=1457 repr=1 active=306/175458 POs=1]
BMC : c =     304  cl =   4503  lit =  175457  p =     0  d =     0  f =     1  +  T =     0.02 sec
  [bmc-prof 1457] wall=  20.128 p=     1 | ifo=  0.712(sd=0.194 nx=0.000 tfo=0.019 cnt=0.500) snap= 0.318 srm=  9.856 sat=  9.023(set=0.237 slv=8.782 max=8.7824 n=1) sim= 0.000(rmp=0.000 run=0.000) chk= 0.000 stat= 0.214 rest= 0.005
  [bmc-incr i=1458 repr=1 active=305/175457 POs=1]
BMC : c =     303  cl =   4503  lit =  175456  p =     0  d =     0  f =     1  +  T =     0.02 sec
  [bmc-prof 1458] wall=  19.045 p=     1 | ifo=  0.714(sd=0.187 nx=0.000 tfo=0.018 cnt=0.509) snap= 0.287 srm=  8.757 sat=  9.084(set=0.224 slv=8.857 max=8.8567 n=1) sim= 0.000(rmp=0.000 run=0.000) chk= 0.000 stat= 0.197 rest= 0.006
  [bmc-incr i=1459 repr=1 active=304/175456 POs=1]
BMC : c =     302  cl =   4503  lit =  175455  p =     0  d =     0  f =     1  +  T =     0.02 sec
  [bmc-prof 1459] wall=  20.961 p=     1 | ifo=  0.709(sd=0.184 nx=0.000 tfo=0.018 cnt=0.506) snap= 0.330 srm= 10.628 sat=  9.080(set=0.241 slv=8.836 max=8.8360 n=1) sim= 0.000(rmp=0.000 run=0.000) chk= 0.000 stat= 0.206 rest= 0.008
  [bmc-incr i=1460 repr=1 active=303/175455 POs=1]
BMC : c =     301  cl =   4503  lit =  175454  p =     0  d =     0  f =     1  +  T =     0.02 sec
  [bmc-prof 1460] wall=  19.339 p=     1 | ifo=  0.749(sd=0.195 nx=0.000 tfo=0.018 cnt=0.536) snap= 0.362 srm=  9.093 sat=  8.873(set=0.251 slv=8.617 max=8.6175 n=1) sim= 0.000(rmp=0.000 run=0.000) chk= 0.000 stat= 0.256 rest= 0.006
  [bmc-incr i=1461 repr=1 active=302/175454 POs=1]
BMC : c =     300  cl =   4503  lit =  175453  p =     0  d =     0  f =     1  +  T =     0.02 sec
  [bmc-prof 1461] wall=  18.306 p=     1 | ifo=  0.871(sd=0.231 nx=0.000 tfo=0.022 cnt=0.618) snap= 0.315 srm=  8.702 sat=  8.203(set=0.226 slv=7.975 max=7.9748 n=1) sim= 0.000(rmp=0.000 run=0.000) chk= 0.001 stat= 0.207 rest= 0.008
  [bmc-incr i=1462 repr=1 active=301/175453 POs=1]
BMC : c =     299  cl =   4503  lit =  175452  p =     0  d =     0  f =     1  +  T =     0.02 sec
  [bmc-prof 1462] wall=  18.176 p=     1 | ifo=  0.839(sd=0.186 nx=0.000 tfo=0.017 cnt=0.636) snap= 0.307 srm=  8.559 sat=  8.275(set=0.215 slv=8.058 max=8.0579 n=1) sim= 0.000(rmp=0.000 run=0.000) chk= 0.000 stat= 0.190 rest= 0.005
  [bmc-incr i=1463 repr=1 active=300/175452 POs=1]
BMC : c =     298  cl =   4503  lit =  175451  p =     0  d =     0  f =     1  +  T =     0.02 sec
  [bmc-prof 1463] wall=  20.043 p=     1 | ifo=  0.714(sd=0.200 nx=0.000 tfo=0.016 cnt=0.498) snap= 0.288 srm=  9.378 sat=  9.421(set=0.239 slv=9.180 max=9.1798 n=1) sim= 0.000(rmp=0.000 run=0.000) chk= 0.000 stat= 0.234 rest= 0.007
  [bmc-incr i=1464 repr=1 active=299/175451 POs=1]
BMC : c =     297  cl =   4503  lit =  175450  p =     0  d =     0  f =     1  +  T =     0.02 sec
  [bmc-prof 1464] wall=  19.924 p=     1 | ifo=  0.814(sd=0.255 nx=0.000 tfo=0.017 cnt=0.541) snap= 0.306 srm=  9.653 sat=  8.944(set=0.244 slv=8.696 max=8.6964 n=1) sim= 0.000(rmp=0.000 run=0.000) chk= 0.001 stat= 0.199 rest= 0.008
  [bmc-incr i=1465 repr=1 active=298/175450 POs=1]
BMC : c =     296  cl =   4503  lit =  175449  p =     0  d =     0  f =     1  +  T =     0.02 sec
  [bmc-prof 1465] wall=  19.250 p=     1 | ifo=  0.729(sd=0.186 nx=0.000 tfo=0.017 cnt=0.526) snap= 0.309 srm=  9.222 sat=  8.769(set=0.224 slv=8.542 max=8.5416 n=1) sim= 0.000(rmp=0.000 run=0.000) chk= 0.001 stat= 0.214 rest= 0.006
  [bmc-incr i=1466 repr=1 active=297/175449 POs=1]
BMC : c =     295  cl =   4503  lit =  175448  p =     0  d =     0  f =     1  +  T =     0.02 sec
  [bmc-prof 1466] wall=  18.984 p=     1 | ifo=  0.680(sd=0.184 nx=0.000 tfo=0.017 cnt=0.479) snap= 0.361 srm=  8.708 sat=  9.044(set=0.298 slv=8.743 max=8.7427 n=1) sim= 0.000(rmp=0.000 run=0.000) chk= 0.000 stat= 0.186 rest= 0.005
  [bmc-incr i=1467 repr=1 active=296/175448 POs=1]
BMC : c =     294  cl =   4503  lit =  175447  p =     0  d =     0  f =     1  +  T =     0.02 sec
  [bmc-prof 1467] wall=  18.057 p=     1 | ifo=  0.674(sd=0.174 nx=0.000 tfo=0.015 cnt=0.484) snap= 0.289 srm=  8.367 sat=  8.534(set=0.212 slv=8.319 max=8.3191 n=1) sim= 0.000(rmp=0.000 run=0.000) chk= 0.000 stat= 0.188 rest= 0.004
  [bmc-incr i=1468 repr=1 active=295/175447 POs=1]
BMC : c =     293  cl =   4503  lit =  175446  p =     0  d =     0  f =     1  +  T =     0.02 sec
  [bmc-prof 1468] wall=  20.858 p=     1 | ifo=  0.708(sd=0.181 nx=0.000 tfo=0.017 cnt=0.510) snap= 0.350 srm= 10.228 sat=  9.366(set=0.246 slv=9.117 max=9.1167 n=1) sim= 0.000(rmp=0.000 run=0.000) chk= 0.000 stat= 0.200 rest= 0.006
  [bmc-incr i=1469 repr=1 active=294/175446 POs=1]
BMC : c =     292  cl =   4503  lit =  175445  p =     0  d =     0  f =     1  +  T =     0.02 sec
  [bmc-prof 1469] wall=  18.743 p=     1 | ifo=  0.705(sd=0.189 nx=0.000 tfo=0.016 cnt=0.500) snap= 0.351 srm=  8.973 sat=  8.519(set=0.256 slv=8.260 max=8.2596 n=1) sim= 0.000(rmp=0.000 run=0.000) chk= 0.000 stat= 0.189 rest= 0.006
  [bmc-incr i=1470 repr=1 active=293/175445 POs=1]
BMC : c =     291  cl =   4503  lit =  175444  p =     0  d =     0  f =     1  +  T =     0.02 sec
  [bmc-prof 1470] wall=  19.838 p=     1 | ifo=  0.674(sd=0.182 nx=0.000 tfo=0.016 cnt=0.475) snap= 0.363 srm=  9.519 sat=  9.086(set=0.269 slv=8.814 max=8.8143 n=1) sim= 0.000(rmp=0.000 run=0.000) chk= 0.001 stat= 0.191 rest= 0.005
  [bmc-incr i=1471 repr=1 active=292/175444 POs=1]
BMC : c =     290  cl =   4503  lit =  175443  p =     0  d =     0  f =     1  +  T =     0.02 sec
  [bmc-prof 1471] wall=  21.872 p=     1 | ifo=  0.694(sd=0.186 nx=0.000 tfo=0.016 cnt=0.492) snap= 0.341 srm= 11.352 sat=  9.283(set=0.243 slv=9.037 max=9.0373 n=1) sim= 0.000(rmp=0.000 run=0.000) chk= 0.000 stat= 0.196 rest= 0.006
  [bmc-incr i=1472 repr=1 active=291/175443 POs=1]
BMC : c =     289  cl =   4503  lit =  175442  p =     0  d =     0  f =     1  +  T =     0.02 sec
  [bmc-prof 1472] wall=  19.339 p=     1 | ifo=  0.732(sd=0.201 nx=0.000 tfo=0.016 cnt=0.516) snap= 0.292 srm=  8.700 sat=  9.392(set=0.229 slv=9.159 max=9.1592 n=1) sim= 0.000(rmp=0.000 run=0.000) chk= 0.000 stat= 0.217 rest= 0.006
  [bmc-incr i=1473 repr=1 active=290/175442 POs=1]
BMC : c =     288  cl =   4503  lit =  175441  p =     0  d =     0  f =     1  +  T =     0.02 sec
  [bmc-prof 1473] wall=  19.639 p=     1 | ifo=  0.738(sd=0.190 nx=0.000 tfo=0.016 cnt=0.533) snap= 0.299 srm=  9.160 sat=  9.236(set=0.218 slv=9.014 max=9.0143 n=1) sim= 0.000(rmp=0.000 run=0.000) chk= 0.001 stat= 0.200 rest= 0.005
  [bmc-incr i=1474 repr=1 active=289/175441 POs=1]
BMC : c =     287  cl =   4503  lit =  175440  p =     0  d =     0  f =     1  +  T =     0.02 sec
  [bmc-prof 1474] wall=  23.417 p=     1 | ifo=  0.696(sd=0.184 nx=0.000 tfo=0.016 cnt=0.496) snap= 0.382 srm= 12.228 sat=  9.887(set=0.272 slv=9.612 max=9.6119 n=1) sim= 0.000(rmp=0.000 run=0.000) chk= 0.000 stat= 0.220 rest= 0.005
  [bmc-incr i=1475 repr=1 active=288/175440 POs=1]
BMC : c =     286  cl =   4503  lit =  175439  p =     0  d =     0  f =     1  +  T =     0.02 sec
  [bmc-prof 1475] wall=  19.379 p=     1 | ifo=  0.732(sd=0.194 nx=0.000 tfo=0.017 cnt=0.521) snap= 0.294 srm=  8.942 sat=  9.206(set=0.220 slv=8.983 max=8.9827 n=1) sim= 0.000(rmp=0.000 run=0.000) chk= 0.000 stat= 0.199 rest= 0.006
  [bmc-incr i=1476 repr=1 active=287/175439 POs=1]
BMC : c =     285  cl =   4503  lit =  175438  p =     0  d =     0  f =     1  +  T =     0.02 sec
  [bmc-prof 1476] wall=  19.064 p=     1 | ifo=  0.712(sd=0.184 nx=0.000 tfo=0.017 cnt=0.510) snap= 0.290 srm=  8.675 sat=  9.184(set=0.228 slv=8.954 max=8.9537 n=1) sim= 0.000(rmp=0.000 run=0.000) chk= 0.000 stat= 0.196 rest= 0.006
  [bmc-incr i=1477 repr=1 active=286/175438 POs=1]
BMC : c =     284  cl =   4503  lit =  175437  p =     0  d =     0  f =     1  +  T =     0.02 sec
  [bmc-prof 1477] wall=  18.968 p=     1 | ifo=  0.689(sd=0.182 nx=0.000 tfo=0.016 cnt=0.491) snap= 0.292 srm=  8.557 sat=  9.209(set=0.234 slv=8.972 max=8.9717 n=1) sim= 0.000(rmp=0.000 run=0.000) chk= 0.000 stat= 0.215 rest= 0.006
  [bmc-incr i=1478 repr=1 active=285/175437 POs=1]
BMC : c =     283  cl =   4503  lit =  175436  p =     0  d =     0  f =     1  +  T =     0.02 sec
  [bmc-prof 1478] wall=  19.403 p=     1 | ifo=  0.703(sd=0.187 nx=0.000 tfo=0.016 cnt=0.500) snap= 0.299 srm=  8.853 sat=  9.334(set=0.235 slv=9.096 max=9.0959 n=1) sim= 0.000(rmp=0.000 run=0.000) chk= 0.000 stat= 0.206 rest= 0.007
  [bmc-incr i=1479 repr=1 active=284/175436 POs=1]
BMC : c =     282  cl =   4503  lit =  175435  p =     0  d =     0  f =     1  +  T =     0.02 sec
  [bmc-prof 1479] wall=  19.905 p=     1 | ifo=  0.740(sd=0.195 nx=0.000 tfo=0.017 cnt=0.528) snap= 0.318 srm= 10.238 sat=  8.382(set=0.219 slv=8.160 max=8.1596 n=1) sim= 0.000(rmp=0.000 run=0.000) chk= 0.001 stat= 0.219 rest= 0.007
  [bmc-incr i=1480 repr=1 active=283/175435 POs=1]
BMC : c =     281  cl =   4503  lit =  175434  p =     0  d =     0  f =     1  +  T =     0.02 sec
  [bmc-prof 1480] wall=  21.593 p=     1 | ifo=  0.716(sd=0.201 nx=0.000 tfo=0.017 cnt=0.498) snap= 0.301 srm= 11.415 sat=  8.931(set=0.245 slv=8.681 max=8.6810 n=1) sim= 0.000(rmp=0.000 run=0.000) chk= 0.001 stat= 0.221 rest= 0.008
  [bmc-incr i=1481 repr=1 active=282/175434 POs=1]
BMC : c =     280  cl =   4503  lit =  175433  p =     0  d =     0  f =     1  +  T =     0.02 sec
  [bmc-prof 1481] wall=  22.913 p=     1 | ifo=  0.799(sd=0.235 nx=0.000 tfo=0.023 cnt=0.540) snap= 0.432 srm= 12.216 sat=  9.221(set=0.340 slv=8.878 max=8.8777 n=1) sim= 0.000(rmp=0.000 run=0.000) chk= 0.001 stat= 0.238 rest= 0.007
  [bmc-incr i=1482 repr=1 active=281/175433 POs=1]
BMC : c =     279  cl =   4503  lit =  175432  p =     0  d =     0  f =     1  +  T =     0.02 sec
  [bmc-prof 1482] wall=  21.308 p=     1 | ifo=  0.746(sd=0.203 nx=0.000 tfo=0.016 cnt=0.527) snap= 0.349 srm= 10.150 sat=  9.782(set=0.270 slv=9.510 max=9.5096 n=1) sim= 0.000(rmp=0.000 run=0.000) chk= 0.001 stat= 0.272 rest= 0.008
  [bmc-incr i=1483 repr=1 active=280/175432 POs=1]
BMC : c =     278  cl =   4503  lit =  175431  p =     0  d =     0  f =     1  +  T =     0.02 sec
  [bmc-prof 1483] wall=  21.932 p=     1 | ifo=  0.798(sd=0.225 nx=0.000 tfo=0.018 cnt=0.556) snap= 0.347 srm= 10.474 sat= 10.043(set=0.270 slv=9.768 max=9.7685 n=1) sim= 0.000(rmp=0.000 run=0.000) chk= 0.001 stat= 0.262 rest= 0.007
  [bmc-incr i=1484 repr=1 active=279/175431 POs=1]
BMC : c =     277  cl =   4503  lit =  175430  p =     0  d =     0  f =     1  +  T =     0.02 sec
  [bmc-prof 1484] wall=  21.686 p=     1 | ifo=  0.794(sd=0.208 nx=0.000 tfo=0.017 cnt=0.569) snap= 0.339 srm= 10.207 sat= 10.102(set=0.274 slv=9.823 max=9.8230 n=1) sim= 0.000(rmp=0.000 run=0.000) chk= 0.001 stat= 0.236 rest= 0.007
  [bmc-incr i=1485 repr=1 active=278/175430 POs=1]
BMC : c =     276  cl =   4503  lit =  175429  p =     0  d =     0  f =     1  +  T =     0.02 sec
  [bmc-prof 1485] wall=  21.167 p=     1 | ifo=  0.812(sd=0.205 nx=0.000 tfo=0.018 cnt=0.589) snap= 0.331 srm=  9.830 sat=  9.875(set=0.283 slv=9.588 max=9.5876 n=1) sim= 0.000(rmp=0.000 run=0.000) chk= 0.001 stat= 0.310 rest= 0.009
  [bmc-incr i=1486 repr=1 active=277/175429 POs=1]
BMC : c =     275  cl =   4503  lit =  175428  p =     0  d =     0  f =     1  +  T =     0.02 sec
  [bmc-prof 1486] wall=  21.354 p=     1 | ifo=  0.771(sd=0.205 nx=0.000 tfo=0.017 cnt=0.548) snap= 0.360 srm= 10.398 sat=  9.579(set=0.276 slv=9.299 max=9.2987 n=1) sim= 0.000(rmp=0.000 run=0.000) chk= 0.001 stat= 0.233 rest= 0.012
  [bmc-incr i=1487 repr=1 active=276/175428 POs=1]
BMC : c =     274  cl =   4503  lit =  175427  p =     0  d =     0  f =     1  +  T =     0.02 sec
  [bmc-prof 1487] wall=  20.727 p=     1 | ifo=  0.785(sd=0.217 nx=0.000 tfo=0.019 cnt=0.548) snap= 0.348 srm= 10.581 sat=  8.764(set=0.272 slv=8.489 max=8.4893 n=1) sim= 0.000(rmp=0.000 run=0.000) chk= 0.001 stat= 0.236 rest= 0.012
  [bmc-incr i=1488 repr=1 active=275/175427 POs=1]
BMC : c =     273  cl =   4503  lit =  175426  p =     0  d =     0  f =     1  +  T =     0.02 sec
  [bmc-prof 1488] wall=  20.355 p=     1 | ifo=  0.771(sd=0.196 nx=0.000 tfo=0.017 cnt=0.558) snap= 0.296 srm= 10.514 sat=  8.533(set=0.237 slv=8.292 max=8.2921 n=1) sim= 0.000(rmp=0.000 run=0.000) chk= 0.001 stat= 0.230 rest= 0.010
  [bmc-incr i=1489 repr=1 active=274/175426 POs=1]
BMC : c =     272  cl =   4503  lit =  175425  p =     0  d =     0  f =     1  +  T =     0.02 sec
  [bmc-prof 1489] wall=  22.310 p=     1 | ifo=  0.751(sd=0.214 nx=0.000 tfo=0.017 cnt=0.520) snap= 0.317 srm=  9.977 sat= 11.045(set=0.254 slv=10.788 max=10.7879 n=1) sim= 0.000(rmp=0.000 run=0.000) chk= 0.001 stat= 0.213 rest= 0.007
  [bmc-incr i=1490 repr=1 active=273/175425 POs=1]
BMC : c =     271  cl =   4503  lit =  175424  p =     0  d =     0  f =     1  +  T =     0.02 sec
  [bmc-prof 1490] wall=  19.989 p=     1 | ifo=  0.816(sd=0.237 nx=0.000 tfo=0.016 cnt=0.563) snap= 0.332 srm=  9.027 sat=  9.568(set=0.235 slv=9.331 max=9.3309 n=1) sim= 0.000(rmp=0.000 run=0.000) chk= 0.000 stat= 0.236 rest= 0.008
  [bmc-incr i=1491 repr=1 active=272/175424 POs=1]
BMC : c =     270  cl =   4503  lit =  175423  p =     0  d =     0  f =     1  +  T =     0.02 sec
  [bmc-prof 1491] wall=  20.684 p=     1 | ifo=  0.823(sd=0.235 nx=0.000 tfo=0.016 cnt=0.573) snap= 0.337 srm=  9.634 sat=  9.674(set=0.242 slv=9.429 max=9.4290 n=1) sim= 0.000(rmp=0.000 run=0.000) chk= 0.001 stat= 0.209 rest= 0.005
  [bmc-incr i=1492 repr=1 active=271/175423 POs=1]
BMC : c =     269  cl =   4503  lit =  175422  p =     0  d =     0  f =     1  +  T =     0.02 sec
  [bmc-prof 1492] wall=  19.835 p=     1 | ifo=  0.776(sd=0.203 nx=0.000 tfo=0.017 cnt=0.556) snap= 0.470 srm=  9.495 sat=  8.875(set=0.247 slv=8.626 max=8.6262 n=1) sim= 0.000(rmp=0.000 run=0.000) chk= 0.001 stat= 0.211 rest= 0.006
  [bmc-incr i=1493 repr=1 active=270/175422 POs=1]
BMC : c =     268  cl =   4503  lit =  175421  p =     0  d =     0  f =     1  +  T =     0.02 sec
  [bmc-prof 1493] wall=  19.342 p=     1 | ifo=  0.743(sd=0.197 nx=0.000 tfo=0.015 cnt=0.530) snap= 0.414 srm=  8.771 sat=  9.183(set=0.271 slv=8.909 max=8.9087 n=1) sim= 0.000(rmp=0.000 run=0.000) chk= 0.001 stat= 0.226 rest= 0.005
  [bmc-incr i=1494 repr=1 active=269/175421 POs=1]
BMC : c =     267  cl =   4503  lit =  175420  p =     0  d =     0  f =     1  +  T =     0.02 sec
  [bmc-prof 1494] wall=  19.923 p=     1 | ifo=  1.103(sd=0.243 nx=0.000 tfo=0.022 cnt=0.838) snap= 0.347 srm=  8.986 sat=  9.275(set=0.225 slv=9.048 max=9.0477 n=1) sim= 0.000(rmp=0.000 run=0.000) chk= 0.000 stat= 0.205 rest= 0.008
  [bmc-incr i=1495 repr=1 active=268/175420 POs=1]
BMC : c =     266  cl =   4503  lit =  175419  p =     0  d =     0  f =     1  +  T =     0.02 sec
  [bmc-prof 1495] wall=  18.599 p=     1 | ifo=  0.873(sd=0.258 nx=0.000 tfo=0.014 cnt=0.601) snap= 0.292 srm=  8.956 sat=  8.277(set=0.262 slv=8.013 max=8.0127 n=1) sim= 0.000(rmp=0.000 run=0.000) chk= 0.001 stat= 0.194 rest= 0.006
  [bmc-incr i=1496 repr=1 active=267/175419 POs=1]
BMC : c =     265  cl =   4503  lit =  175418  p =     0  d =     0  f =     1  +  T =     0.02 sec
  [bmc-prof 1496] wall=  18.892 p=     1 | ifo=  0.674(sd=0.182 nx=0.000 tfo=0.016 cnt=0.477) snap= 0.310 srm=  8.846 sat=  8.845(set=0.222 slv=8.620 max=8.6197 n=1) sim= 0.000(rmp=0.000 run=0.000) chk= 0.000 stat= 0.210 rest= 0.006
  [bmc-incr i=1497 repr=1 active=266/175418 POs=1]
BMC : c =     264  cl =   4503  lit =  175417  p =     0  d =     0  f =     1  +  T =     0.02 sec
  [bmc-prof 1497] wall=  21.234 p=     1 | ifo=  0.698(sd=0.193 nx=0.000 tfo=0.015 cnt=0.490) snap= 0.303 srm=  9.178 sat= 10.846(set=0.241 slv=10.602 max=10.6017 n=1) sim= 0.000(rmp=0.000 run=0.000) chk= 0.001 stat= 0.203 rest= 0.005
  [bmc-incr i=1498 repr=1 active=265/175417 POs=1]
BMC : c =     263  cl =   4503  lit =  175416  p =     0  d =     0  f =     1  +  T =     0.02 sec
  [bmc-prof 1498] wall=  19.111 p=     1 | ifo=  0.734(sd=0.190 nx=0.000 tfo=0.015 cnt=0.529) snap= 0.309 srm=  8.934 sat=  8.929(set=0.228 slv=8.699 max=8.6986 n=1) sim= 0.000(rmp=0.000 run=0.000) chk= 0.001 stat= 0.198 rest= 0.005
  [bmc-incr i=1499 repr=1 active=264/175416 POs=1]
BMC : c =     262  cl =   4503  lit =  175415  p =     0  d =     0  f =     1  +  T =     0.02 sec
  [bmc-prof 1499] wall=  19.279 p=     1 | ifo=  0.697(sd=0.197 nx=0.000 tfo=0.015 cnt=0.484) snap= 0.304 srm=  8.790 sat=  9.278(set=0.223 slv=9.052 max=9.0523 n=1) sim= 0.000(rmp=0.000 run=0.000) chk= 0.001 stat= 0.204 rest= 0.006
  [bmc-incr i=1500 repr=1 active=263/175415 POs=1]
BMC : c =     261  cl =   4503  lit =  175414  p =     0  d =     0  f =     1  +  T =     0.02 sec
  [bmc-prof 1500] wall=  19.400 p=     1 | ifo=  0.761(sd=0.205 nx=0.000 tfo=0.016 cnt=0.540) snap= 0.314 srm=  9.111 sat=  8.996(set=0.233 slv=8.761 max=8.7613 n=1) sim= 0.000(rmp=0.000 run=0.000) chk= 0.000 stat= 0.212 rest= 0.004
  [bmc-incr i=1501 repr=1 active=262/175414 POs=1]
BMC : c =     260  cl =   4503  lit =  175413  p =     0  d =     0  f =     1  +  T =     0.02 sec
  [bmc-prof 1501] wall=  18.363 p=     1 | ifo=  0.716(sd=0.184 nx=0.000 tfo=0.016 cnt=0.516) snap= 0.296 srm=  8.847 sat=  8.309(set=0.225 slv=8.080 max=8.0804 n=1) sim= 0.000(rmp=0.000 run=0.000) chk= 0.000 stat= 0.189 rest= 0.005
  [bmc-incr i=1502 repr=1 active=261/175413 POs=1]
BMC : c =     259  cl =   4503  lit =  175412  p =     0  d =     0  f =     1  +  T =     0.02 sec
  [bmc-prof 1502] wall=  18.799 p=     1 | ifo=  0.699(sd=0.182 nx=0.000 tfo=0.015 cnt=0.503) snap= 0.296 srm=  8.947 sat=  8.587(set=0.219 slv=8.365 max=8.3654 n=1) sim= 0.000(rmp=0.000 run=0.000) chk= 0.000 stat= 0.264 rest= 0.006
  [bmc-incr i=1503 repr=1 active=260/175412 POs=1]
BMC : c =     258  cl =   4503  lit =  175411  p =     0  d =     0  f =     1  +  T =     0.02 sec
  [bmc-prof 1503] wall=  19.568 p=     1 | ifo=  0.764(sd=0.200 nx=0.000 tfo=0.015 cnt=0.549) snap= 0.306 srm=  9.157 sat=  9.133(set=0.227 slv=8.903 max=8.9026 n=1) sim= 0.000(rmp=0.000 run=0.000) chk= 0.000 stat= 0.202 rest= 0.006
  [bmc-incr i=1504 repr=1 active=259/175411 POs=1]
BMC : c =     257  cl =   4503  lit =  175410  p =     0  d =     0  f =     1  +  T =     0.02 sec
  [bmc-prof 1504] wall=  20.236 p=     1 | ifo=  0.698(sd=0.186 nx=0.000 tfo=0.015 cnt=0.496) snap= 0.320 srm= 10.030 sat=  8.965(set=0.232 slv=8.730 max=8.7301 n=1) sim= 0.000(rmp=0.000 run=0.000) chk= 0.001 stat= 0.218 rest= 0.005
  [bmc-incr i=1505 repr=1 active=258/175410 POs=1]
BMC : c =     256  cl =   4503  lit =  175409  p =     0  d =     0  f =     1  +  T =     0.02 sec
  [bmc-prof 1505] wall=  21.329 p=     1 | ifo=  0.702(sd=0.183 nx=0.000 tfo=0.015 cnt=0.504) snap= 0.307 srm=  9.998 sat= 10.113(set=0.232 slv=9.878 max=9.8781 n=1) sim= 0.000(rmp=0.000 run=0.000) chk= 0.001 stat= 0.203 rest= 0.006
  [bmc-incr i=1506 repr=1 active=257/175409 POs=1]
BMC : c =     255  cl =   4503  lit =  175408  p =     0  d =     0  f =     1  +  T =     0.02 sec
  [bmc-prof 1506] wall=  19.320 p=     1 | ifo=  0.714(sd=0.185 nx=0.000 tfo=0.014 cnt=0.514) snap= 0.295 srm=  9.304 sat=  8.816(set=0.245 slv=8.569 max=8.5686 n=1) sim= 0.000(rmp=0.000 run=0.000) chk= 0.001 stat= 0.185 rest= 0.005
  [bmc-incr i=1507 repr=1 active=256/175408 POs=1]
BMC : c =     254  cl =   4503  lit =  175407  p =     0  d =     0  f =     1  +  T =     0.02 sec
  [bmc-prof 1507] wall=  20.478 p=     1 | ifo=  0.699(sd=0.182 nx=0.000 tfo=0.015 cnt=0.502) snap= 0.294 srm=  8.911 sat= 10.364(set=0.225 slv=10.135 max=10.1354 n=1) sim= 0.000(rmp=0.000 run=0.000) chk= 0.000 stat= 0.204 rest= 0.006
  [bmc-incr i=1508 repr=1 active=255/175407 POs=1]
BMC : c =     253  cl =   4503  lit =  175406  p =     0  d =     0  f =     1  +  T =     0.02 sec
  [bmc-prof 1508] wall=  20.435 p=     1 | ifo=  0.738(sd=0.195 nx=0.000 tfo=0.014 cnt=0.529) snap= 0.308 srm=  9.151 sat= 10.033(set=0.229 slv=9.800 max=9.8002 n=1) sim= 0.000(rmp=0.000 run=0.000) chk= 0.000 stat= 0.201 rest= 0.005
  [bmc-incr i=1509 repr=1 active=254/175406 POs=1]
BMC : c =     252  cl =   4503  lit =  175405  p =     0  d =     0  f =     1  +  T =     0.02 sec
  [bmc-prof 1509] wall=  19.919 p=     1 | ifo=  0.767(sd=0.196 nx=0.000 tfo=0.029 cnt=0.542) snap= 0.310 srm=  8.986 sat=  9.582(set=0.235 slv=9.344 max=9.3443 n=1) sim= 0.000(rmp=0.000 run=0.000) chk= 0.001 stat= 0.267 rest= 0.007
  [bmc-incr i=1510 repr=1 active=253/175405 POs=1]
BMC : c =     251  cl =   4503  lit =  175404  p =     0  d =     0  f =     1  +  T =     0.02 sec
  [bmc-prof 1510] wall=  19.564 p=     1 | ifo=  0.792(sd=0.227 nx=0.000 tfo=0.014 cnt=0.551) snap= 0.311 srm=  9.000 sat=  9.263(set=0.225 slv=9.035 max=9.0349 n=1) sim= 0.000(rmp=0.000 run=0.000) chk= 0.000 stat= 0.192 rest= 0.006
  [bmc-incr i=1511 repr=1 active=252/175404 POs=1]
BMC : c =     250  cl =   4503  lit =  175403  p =     0  d =     0  f =     1  +  T =     0.02 sec
  [bmc-prof 1511] wall=  18.707 p=     1 | ifo=  0.687(sd=0.187 nx=0.000 tfo=0.014 cnt=0.486) snap= 0.297 srm=  8.733 sat=  8.752(set=0.241 slv=8.508 max=8.5077 n=1) sim= 0.000(rmp=0.000 run=0.000) chk= 0.000 stat= 0.233 rest= 0.005
  [bmc-incr i=1512 repr=1 active=251/175403 POs=1]
BMC : c =     249  cl =   4503  lit =  175402  p =     0  d =     0  f =     1  +  T =     0.02 sec
  [bmc-prof 1512] wall=  19.528 p=     1 | ifo=  0.706(sd=0.186 nx=0.000 tfo=0.015 cnt=0.505) snap= 0.385 srm=  9.362 sat=  8.876(set=0.268 slv=8.605 max=8.6053 n=1) sim= 0.000(rmp=0.000 run=0.000) chk= 0.000 stat= 0.192 rest= 0.007
  [bmc-incr i=1513 repr=1 active=250/175402 POs=1]
BMC : c =     248  cl =   4503  lit =  175401  p =     0  d =     0  f =     1  +  T =     0.02 sec
  [bmc-prof 1513] wall=  19.650 p=     1 | ifo=  0.726(sd=0.195 nx=0.000 tfo=0.014 cnt=0.517) snap= 0.294 srm=  9.072 sat=  9.352(set=0.215 slv=9.135 max=9.1347 n=1) sim= 0.000(rmp=0.000 run=0.000) chk= 0.000 stat= 0.200 rest= 0.006
  [bmc-incr i=1514 repr=1 active=249/175401 POs=1]
BMC : c =     247  cl =   4503  lit =  175400  p =     0  d =     0  f =     1  +  T =     0.02 sec
  [bmc-prof 1514] wall=  20.360 p=     1 | ifo=  0.762(sd=0.205 nx=0.000 tfo=0.015 cnt=0.542) snap= 0.346 srm= 10.221 sat=  8.827(set=0.242 slv=8.581 max=8.5813 n=1) sim= 0.000(rmp=0.000 run=0.000) chk= 0.000 stat= 0.197 rest= 0.008
  [bmc-incr i=1515 repr=1 active=248/175400 POs=1]
BMC : c =     246  cl =   4503  lit =  175399  p =     0  d =     0  f =     1  +  T =     0.02 sec
  [bmc-prof 1515] wall=  18.810 p=     1 | ifo=  0.696(sd=0.186 nx=0.000 tfo=0.015 cnt=0.495) snap= 0.363 srm=  9.077 sat=  8.461(set=0.266 slv=8.193 max=8.1930 n=1) sim= 0.000(rmp=0.000 run=0.000) chk= 0.000 stat= 0.207 rest= 0.005
  [bmc-incr i=1516 repr=1 active=247/175399 POs=1]
BMC : c =     245  cl =   4503  lit =  175398  p =     0  d =     0  f =     1  +  T =     0.02 sec
  [bmc-prof 1516] wall=  20.117 p=     1 | ifo=  0.766(sd=0.200 nx=0.000 tfo=0.014 cnt=0.551) snap= 0.371 srm= 10.278 sat=  8.496(set=0.303 slv=8.191 max=8.1905 n=1) sim= 0.000(rmp=0.000 run=0.000) chk= 0.001 stat= 0.200 rest= 0.006
  [bmc-incr i=1517 repr=1 active=246/175398 POs=1]
BMC : c =     244  cl =   4503  lit =  175397  p =     0  d =     0  f =     1  +  T =     0.02 sec
  [bmc-prof 1517] wall=  19.099 p=     1 | ifo=  0.711(sd=0.182 nx=0.000 tfo=0.015 cnt=0.515) snap= 0.289 srm=  8.814 sat=  9.008(set=0.226 slv=8.777 max=8.7774 n=1) sim= 0.000(rmp=0.000 run=0.000) chk= 0.000 stat= 0.271 rest= 0.006
  [bmc-incr i=1518 repr=1 active=245/175397 POs=1]
BMC : c =     243  cl =   4503  lit =  175396  p =     0  d =     0  f =     1  +  T =     0.02 sec
  [bmc-prof 1518] wall=  18.468 p=     1 | ifo=  0.798(sd=0.231 nx=0.000 tfo=0.017 cnt=0.550) snap= 0.308 srm=  8.849 sat=  8.309(set=0.225 slv=8.080 max=8.0802 n=1) sim= 0.000(rmp=0.000 run=0.000) chk= 0.000 stat= 0.197 rest= 0.006
  [bmc-incr i=1519 repr=1 active=244/175396 POs=1]
BMC : c =     242  cl =   4503  lit =  175395  p =     0  d =     0  f =     1  +  T =     0.02 sec
  [bmc-prof 1519] wall=  18.851 p=     1 | ifo=  0.688(sd=0.182 nx=0.000 tfo=0.014 cnt=0.492) snap= 0.318 srm=  8.978 sat=  8.645(set=0.221 slv=8.422 max=8.4217 n=1) sim= 0.000(rmp=0.000 run=0.000) chk= 0.001 stat= 0.216 rest= 0.006
  [bmc-incr i=1520 repr=1 active=243/175395 POs=1]
BMC : c =     241  cl =   4503  lit =  175394  p =     0  d =     0  f =     1  +  T =     0.02 sec
  [bmc-prof 1520] wall=  18.591 p=     1 | ifo=  0.713(sd=0.183 nx=0.000 tfo=0.013 cnt=0.517) snap= 0.294 srm=  8.748 sat=  8.621(set=0.220 slv=8.399 max=8.3990 n=1) sim= 0.000(rmp=0.000 run=0.000) chk= 0.001 stat= 0.207 rest= 0.007
  [bmc-incr i=1521 repr=1 active=242/175394 POs=1]
BMC : c =     240  cl =   4503  lit =  175393  p =     0  d =     0  f =     1  +  T =     0.02 sec
  [bmc-prof 1521] wall=  20.249 p=     1 | ifo=  0.764(sd=0.196 nx=0.000 tfo=0.013 cnt=0.555) snap= 0.328 srm=  9.814 sat=  9.140(set=0.244 slv=8.892 max=8.8915 n=1) sim= 0.000(rmp=0.000 run=0.000) chk= 0.001 stat= 0.197 rest= 0.005
  [bmc-incr i=1522 repr=1 active=241/175393 POs=1]
BMC : c =     239  cl =   4503  lit =  175392  p =     0  d =     0  f =     1  +  T =     0.02 sec
  [bmc-prof 1522] wall=  20.827 p=     1 | ifo=  0.708(sd=0.191 nx=0.000 tfo=0.014 cnt=0.503) snap= 0.305 srm=  9.159 sat= 10.455(set=0.229 slv=10.223 max=10.2228 n=1) sim= 0.000(rmp=0.000 run=0.000) chk= 0.001 stat= 0.194 rest= 0.005
  [bmc-incr i=1523 repr=1 active=240/175392 POs=1]
BMC : c =     238  cl =   4503  lit =  175391  p =     0  d =     0  f =     1  +  T =     0.02 sec
  [bmc-prof 1523] wall=  20.602 p=     1 | ifo=  0.702(sd=0.189 nx=0.000 tfo=0.013 cnt=0.499) snap= 0.328 srm=  9.239 sat= 10.125(set=0.240 slv=9.882 max=9.8820 n=1) sim= 0.000(rmp=0.000 run=0.000) chk= 0.001 stat= 0.204 rest= 0.005
  [bmc-incr i=1524 repr=1 active=239/175391 POs=1]
BMC : c =     237  cl =   4503  lit =  175390  p =     0  d =     0  f =     1  +  T =     0.02 sec
  [bmc-prof 1524] wall=  18.805 p=     1 | ifo=  0.739(sd=0.196 nx=0.000 tfo=0.014 cnt=0.529) snap= 0.317 srm=  9.222 sat=  8.314(set=0.227 slv=8.084 max=8.0845 n=1) sim= 0.000(rmp=0.000 run=0.000) chk= 0.001 stat= 0.206 rest= 0.006
  [bmc-incr i=1525 repr=1 active=238/175390 POs=1]
BMC : c =     236  cl =   4503  lit =  175389  p =     0  d =     0  f =     1  +  T =     0.02 sec
  [bmc-prof 1525] wall=  18.225 p=     1 | ifo=  0.696(sd=0.184 nx=0.000 tfo=0.014 cnt=0.498) snap= 0.313 srm=  8.634 sat=  8.369(set=0.226 slv=8.140 max=8.1400 n=1) sim= 0.000(rmp=0.000 run=0.000) chk= 0.000 stat= 0.207 rest= 0.006
  [bmc-incr i=1526 repr=1 active=237/175389 POs=1]
BMC : c =     235  cl =   4503  lit =  175388  p =     0  d =     0  f =     1  +  T =     0.02 sec
  [bmc-prof 1526] wall=  18.828 p=     1 | ifo=  0.691(sd=0.178 nx=0.000 tfo=0.013 cnt=0.500) snap= 0.294 srm=  8.532 sat=  9.108(set=0.247 slv=8.858 max=8.8581 n=1) sim= 0.000(rmp=0.000 run=0.000) chk= 0.001 stat= 0.196 rest= 0.005
  [bmc-incr i=1527 repr=1 active=236/175388 POs=1]
BMC : c =     234  cl =   4503  lit =  175387  p =     0  d =     0  f =     1  +  T =     0.02 sec
  [bmc-prof 1527] wall=  18.453 p=     1 | ifo=  0.713(sd=0.188 nx=0.000 tfo=0.013 cnt=0.512) snap= 0.309 srm=  8.888 sat=  8.352(set=0.228 slv=8.121 max=8.1212 n=1) sim= 0.000(rmp=0.000 run=0.000) chk= 0.001 stat= 0.186 rest= 0.005
  [bmc-incr i=1528 repr=1 active=235/175387 POs=1]
BMC : c =     233  cl =   4503  lit =  175386  p =     0  d =     0  f =     1  +  T =     0.02 sec
  [bmc-prof 1528] wall=  19.075 p=     1 | ifo=  0.690(sd=0.184 nx=0.000 tfo=0.013 cnt=0.493) snap= 0.300 srm=  8.447 sat=  9.428(set=0.244 slv=9.181 max=9.1806 n=1) sim= 0.000(rmp=0.000 run=0.000) chk= 0.001 stat= 0.204 rest= 0.005
  [bmc-incr i=1529 repr=1 active=234/175386 POs=1]
BMC : c =     232  cl =   4503  lit =  175385  p =     0  d =     0  f =     1  +  T =     0.02 sec
  [bmc-prof 1529] wall=  20.924 p=     1 | ifo=  0.734(sd=0.201 nx=0.000 tfo=0.014 cnt=0.520) snap= 0.322 srm=  9.648 sat= 10.010(set=0.236 slv=9.770 max=9.7700 n=1) sim= 0.000(rmp=0.000 run=0.000) chk= 0.001 stat= 0.203 rest= 0.006
  [bmc-incr i=1530 repr=1 active=233/175385 POs=1]
BMC : c =     231  cl =   4503  lit =  175384  p =     0  d =     0  f =     1  +  T =     0.02 sec
  [bmc-prof 1530] wall=  20.100 p=     1 | ifo=  0.706(sd=0.196 nx=0.000 tfo=0.013 cnt=0.497) snap= 0.330 srm=  9.342 sat=  9.488(set=0.317 slv=9.166 max=9.1665 n=1) sim= 0.000(rmp=0.000 run=0.000) chk= 0.001 stat= 0.228 rest= 0.006
  [bmc-incr i=1531 repr=1 active=232/175384 POs=1]
BMC : c =     230  cl =   4503  lit =  175383  p =     0  d =     0  f =     1  +  T =     0.02 sec
  [bmc-prof 1531] wall=  21.465 p=     1 | ifo=  0.769(sd=0.205 nx=0.000 tfo=0.015 cnt=0.549) snap= 0.387 srm= 10.746 sat=  9.336(set=0.281 slv=9.052 max=9.0523 n=1) sim= 0.000(rmp=0.000 run=0.000) chk= 0.001 stat= 0.219 rest= 0.006
  [bmc-incr i=1532 repr=1 active=231/175383 POs=1]
BMC : c =     229  cl =   4503  lit =  175382  p =     0  d =     0  f =     1  +  T =     0.02 sec
  [bmc-prof 1532] wall=  19.714 p=     1 | ifo=  0.725(sd=0.193 nx=0.000 tfo=0.013 cnt=0.519) snap= 0.313 srm=  9.751 sat=  8.721(set=0.230 slv=8.488 max=8.4883 n=1) sim= 0.000(rmp=0.000 run=0.000) chk= 0.000 stat= 0.196 rest= 0.007
  [bmc-incr i=1533 repr=1 active=230/175382 POs=1]
BMC : c =     228  cl =   4503  lit =  175381  p =     0  d =     0  f =     1  +  T =     0.02 sec
  [bmc-prof 1533] wall=  19.071 p=     1 | ifo=  0.719(sd=0.200 nx=0.000 tfo=0.012 cnt=0.507) snap= 0.303 srm=  9.179 sat=  8.659(set=0.225 slv=8.432 max=8.4319 n=1) sim= 0.000(rmp=0.000 run=0.000) chk= 0.001 stat= 0.203 rest= 0.007
  [bmc-incr i=1534 repr=1 active=229/175381 POs=1]
BMC : c =     227  cl =   4503  lit =  175380  p =     0  d =     0  f =     1  +  T =     0.02 sec
  [bmc-prof 1534] wall=  20.750 p=     1 | ifo=  0.742(sd=0.196 nx=0.000 tfo=0.013 cnt=0.533) snap= 0.304 srm=  9.556 sat=  9.887(set=0.239 slv=9.645 max=9.6448 n=1) sim= 0.000(rmp=0.000 run=0.000) chk= 0.001 stat= 0.253 rest= 0.006
  [bmc-incr i=1535 repr=1 active=228/175380 POs=1]
BMC : c =     226  cl =   4503  lit =  175379  p =     0  d =     0  f =     1  +  T =     0.02 sec
  [bmc-prof 1535] wall=  19.496 p=     1 | ifo=  0.800(sd=0.228 nx=0.000 tfo=0.051 cnt=0.520) snap= 0.374 srm=  8.922 sat=  9.184(set=0.229 slv=8.952 max=8.9517 n=1) sim= 0.000(rmp=0.000 run=0.000) chk= 0.001 stat= 0.208 rest= 0.007
  [bmc-incr i=1536 repr=1 active=227/175379 POs=1]
BMC : c =     225  cl =   4503  lit =  175378  p =     0  d =     0  f =     1  +  T =     0.02 sec
  [bmc-prof 1536] wall=  22.297 p=     1 | ifo=  0.707(sd=0.186 nx=0.000 tfo=0.023 cnt=0.497) snap= 0.418 srm= 10.876 sat= 10.074(set=0.300 slv=9.770 max=9.7701 n=1) sim= 0.000(rmp=0.000 run=0.000) chk= 0.000 stat= 0.214 rest= 0.007
  [bmc-incr i=1537 repr=1 active=226/175378 POs=1]
BMC : c =     224  cl =   4503  lit =  175377  p =     0  d =     0  f =     1  +  T =     0.02 sec
  [bmc-prof 1537] wall=  18.618 p=     1 | ifo=  0.719(sd=0.193 nx=0.000 tfo=0.014 cnt=0.511) snap= 0.282 srm=  8.807 sat=  8.609(set=0.216 slv=8.390 max=8.3902 n=1) sim= 0.000(rmp=0.000 run=0.000) chk= 0.001 stat= 0.196 rest= 0.005
  [bmc-incr i=1538 repr=1 active=225/175377 POs=1]
BMC : c =     223  cl =   4503  lit =  175376  p =     0  d =     0  f =     1  +  T =     0.02 sec
  [bmc-prof 1538] wall=  23.317 p=     1 | ifo=  0.687(sd=0.186 nx=0.000 tfo=0.013 cnt=0.489) snap= 0.399 srm= 11.799 sat= 10.217(set=0.280 slv=9.934 max=9.9339 n=1) sim= 0.000(rmp=0.000 run=0.000) chk= 0.000 stat= 0.210 rest= 0.006
  [bmc-incr i=1539 repr=1 active=224/175376 POs=1]
BMC : c =     222  cl =   4503  lit =  175375  p =     0  d =     0  f =     1  +  T =     0.02 sec
  [bmc-prof 1539] wall=  19.418 p=     1 | ifo=  0.782(sd=0.206 nx=0.000 tfo=0.013 cnt=0.563) snap= 0.313 srm=  9.264 sat=  8.854(set=0.238 slv=8.614 max=8.6137 n=1) sim= 0.000(rmp=0.000 run=0.000) chk= 0.001 stat= 0.200 rest= 0.004
  [bmc-incr i=1540 repr=1 active=223/175375 POs=1]
BMC : c =     221  cl =   4503  lit =  175374  p =     0  d =     0  f =     1  +  T =     0.02 sec
  [bmc-prof 1540] wall=  19.700 p=     1 | ifo=  0.749(sd=0.198 nx=0.000 tfo=0.013 cnt=0.538) snap= 0.306 srm=  9.152 sat=  9.282(set=0.244 slv=9.035 max=9.0354 n=1) sim= 0.000(rmp=0.000 run=0.000) chk= 0.001 stat= 0.204 rest= 0.006
  [bmc-incr i=1541 repr=1 active=222/175374 POs=1]
BMC : c =     220  cl =   4503  lit =  175373  p =     0  d =     0  f =     1  +  T =     0.02 sec
  [bmc-prof 1541] wall=  19.885 p=     1 | ifo=  0.754(sd=0.205 nx=0.000 tfo=0.013 cnt=0.536) snap= 0.313 srm=  9.490 sat=  9.127(set=0.221 slv=8.903 max=8.9035 n=1) sim= 0.000(rmp=0.000 run=0.000) chk= 0.000 stat= 0.194 rest= 0.007
  [bmc-incr i=1542 repr=1 active=221/175373 POs=1]
BMC : c =     219  cl =   4503  lit =  175372  p =     0  d =     0  f =     1  +  T =     0.02 sec
  [bmc-prof 1542] wall=  22.581 p=     1 | ifo=  0.719(sd=0.197 nx=0.000 tfo=0.013 cnt=0.509) snap= 0.361 srm= 11.209 sat= 10.075(set=0.261 slv=9.811 max=9.8109 n=1) sim= 0.000(rmp=0.000 run=0.000) chk= 0.000 stat= 0.212 rest= 0.005
  [bmc-incr i=1543 repr=1 active=220/175372 POs=1]
BMC : c =     218  cl =   4503  lit =  175371  p =     0  d =     0  f =     1  +  T =     0.02 sec
  [bmc-prof 1543] wall=  21.936 p=     1 | ifo=  0.912(sd=0.187 nx=0.000 tfo=0.012 cnt=0.713) snap= 0.395 srm= 10.361 sat=  9.979(set=0.253 slv=9.722 max=9.7218 n=1) sim= 0.000(rmp=0.000 run=0.000) chk= 0.001 stat= 0.281 rest= 0.008
  [bmc-incr i=1544 repr=1 active=219/175371 POs=1]
BMC : c =     217  cl =   4503  lit =  175370  p =     0  d =     0  f =     1  +  T =     0.02 sec
  [bmc-prof 1544] wall=  20.531 p=     1 | ifo=  0.754(sd=0.204 nx=0.000 tfo=0.014 cnt=0.535) snap= 0.305 srm=  9.950 sat=  9.257(set=0.273 slv=8.981 max=8.9808 n=1) sim= 0.000(rmp=0.000 run=0.000) chk= 0.001 stat= 0.252 rest= 0.011
  [bmc-incr i=1545 repr=1 active=218/175370 POs=1]
BMC : c =     216  cl =   4503  lit =  175369  p =     0  d =     0  f =     1  +  T =     0.02 sec
  [bmc-prof 1545] wall=  22.042 p=     1 | ifo=  0.888(sd=0.225 nx=0.000 tfo=0.015 cnt=0.648) snap= 0.327 srm= 10.344 sat= 10.233(set=0.252 slv=9.976 max=9.9765 n=1) sim= 0.000(rmp=0.000 run=0.000) chk= 0.001 stat= 0.243 rest= 0.007
  [bmc-incr i=1546 repr=1 active=217/175369 POs=1]
BMC : c =     215  cl =   4503  lit =  175368  p =     0  d =     0  f =     1  +  T =     0.02 sec
  [bmc-prof 1546] wall=  20.878 p=     1 | ifo=  0.799(sd=0.211 nx=0.000 tfo=0.015 cnt=0.574) snap= 0.323 srm=  9.472 sat= 10.072(set=0.244 slv=9.826 max=9.8255 n=1) sim= 0.000(rmp=0.000 run=0.000) chk= 0.001 stat= 0.206 rest= 0.006
  [bmc-incr i=1547 repr=1 active=216/175368 POs=1]
BMC : c =     214  cl =   4503  lit =  175367  p =     0  d =     0  f =     1  +  T =     0.02 sec
  [bmc-prof 1547] wall=  21.045 p=     1 | ifo=  0.763(sd=0.210 nx=0.000 tfo=0.013 cnt=0.540) snap= 0.329 srm=  9.626 sat= 10.112(set=0.243 slv=9.867 max=9.8668 n=1) sim= 0.000(rmp=0.000 run=0.000) chk= 0.001 stat= 0.208 rest= 0.006
  [bmc-incr i=1548 repr=1 active=215/175367 POs=1]
BMC : c =     213  cl =   4503  lit =  175366  p =     0  d =     0  f =     1  +  T =     0.02 sec
  [bmc-prof 1548] wall=  20.301 p=     1 | ifo=  0.766(sd=0.197 nx=0.000 tfo=0.014 cnt=0.555) snap= 0.321 srm=  9.625 sat=  9.366(set=0.248 slv=9.115 max=9.1150 n=1) sim= 0.000(rmp=0.000 run=0.000) chk= 0.001 stat= 0.216 rest= 0.006
  [bmc-incr i=1549 repr=1 active=214/175366 POs=1]
BMC : c =     212  cl =   4503  lit =  175365  p =     0  d =     0  f =     1  +  T =     0.02 sec
  [bmc-prof 1549] wall=  19.992 p=     1 | ifo=  0.761(sd=0.204 nx=0.000 tfo=0.013 cnt=0.543) snap= 0.313 srm=  9.481 sat=  9.217(set=0.241 slv=8.973 max=8.9734 n=1) sim= 0.000(rmp=0.000 run=0.000) chk= 0.000 stat= 0.211 rest= 0.008
  [bmc-incr i=1550 repr=1 active=213/175365 POs=1]
BMC : c =     211  cl =   4503  lit =  175364  p =     0  d =     0  f =     1  +  T =     0.02 sec
  [bmc-prof 1550] wall=  20.432 p=     1 | ifo=  0.757(sd=0.197 nx=0.000 tfo=0.013 cnt=0.547) snap= 0.320 srm=  9.462 sat=  9.676(set=0.237 slv=9.436 max=9.4362 n=1) sim= 0.000(rmp=0.000 run=0.000) chk= 0.001 stat= 0.209 rest= 0.007
  [bmc-incr i=1551 repr=1 active=212/175364 POs=1]
BMC : c =     210  cl =   4503  lit =  175363  p =     0  d =     0  f =     1  +  T =     0.02 sec
  [bmc-prof 1551] wall=  20.438 p=     1 | ifo=  0.760(sd=0.198 nx=0.000 tfo=0.013 cnt=0.548) snap= 0.324 srm=  9.715 sat=  9.419(set=0.233 slv=9.183 max=9.1829 n=1) sim= 0.000(rmp=0.000 run=0.000) chk= 0.000 stat= 0.214 rest= 0.006
  [bmc-incr i=1552 repr=1 active=211/175363 POs=1]
BMC : c =     209  cl =   4503  lit =  175362  p =     0  d =     0  f =     1  +  T =     0.02 sec
  [bmc-prof 1552] wall=  18.623 p=     1 | ifo=  0.694(sd=0.180 nx=0.000 tfo=0.014 cnt=0.500) snap= 0.283 srm=  8.570 sat=  8.875(set=0.238 slv=8.634 max=8.6341 n=1) sim= 0.000(rmp=0.000 run=0.000) chk= 0.000 stat= 0.196 rest= 0.005
  [bmc-incr i=1553 repr=1 active=210/175362 POs=1]
BMC : c =     208  cl =   4503  lit =  175361  p =     0  d =     0  f =     1  +  T =     0.02 sec
  [bmc-prof 1553] wall=  20.471 p=     1 | ifo=  0.732(sd=0.205 nx=0.000 tfo=0.015 cnt=0.512) snap= 0.306 srm=  8.829 sat= 10.388(set=0.239 slv=10.146 max=10.1463 n=1) sim= 0.000(rmp=0.000 run=0.000) chk= 0.001 stat= 0.211 rest= 0.006
  [bmc-incr i=1554 repr=1 active=209/175361 POs=1]
BMC : c =     207  cl =   4503  lit =  175360  p =     0  d =     0  f =     1  +  T =     0.02 sec
  [bmc-prof 1554] wall=  22.562 p=     1 | ifo=  0.726(sd=0.194 nx=0.000 tfo=0.012 cnt=0.520) snap= 0.342 srm= 10.922 sat= 10.357(set=0.267 slv=10.087 max=10.0872 n=1) sim= 0.000(rmp=0.000 run=0.000) chk= 0.001 stat= 0.207 rest= 0.006
  [bmc-incr i=1555 repr=1 active=208/175360 POs=1]
BMC : c =     206  cl =   4503  lit =  175359  p =     0  d =     0  f =     1  +  T =     0.02 sec
  [bmc-prof 1555] wall=  20.154 p=     1 | ifo=  0.749(sd=0.197 nx=0.000 tfo=0.013 cnt=0.539) snap= 0.326 srm=  9.115 sat=  9.766(set=0.619 slv=9.144 max=9.1438 n=1) sim= 0.000(rmp=0.000 run=0.000) chk= 0.001 stat= 0.193 rest= 0.005
  [bmc-incr i=1556 repr=1 active=207/175359 POs=1]
BMC : c =     205  cl =   4503  lit =  175358  p =     0  d =     0  f =     1  +  T =     0.02 sec
  [bmc-prof 1556] wall=  18.671 p=     1 | ifo=  0.706(sd=0.190 nx=0.000 tfo=0.013 cnt=0.503) snap= 0.301 srm=  8.840 sat=  8.610(set=0.241 slv=8.367 max=8.3668 n=1) sim= 0.000(rmp=0.000 run=0.000) chk= 0.001 stat= 0.207 rest= 0.006
  [bmc-incr i=1557 repr=1 active=206/175358 POs=1]
BMC : c =     204  cl =   4503  lit =  175357  p =     0  d =     0  f =     1  +  T =     0.02 sec
  [bmc-prof 1557] wall=  19.083 p=     1 | ifo=  0.706(sd=0.189 nx=0.000 tfo=0.013 cnt=0.504) snap= 0.289 srm=  8.753 sat=  9.131(set=0.241 slv=8.887 max=8.8871 n=1) sim= 0.000(rmp=0.000 run=0.000) chk= 0.001 stat= 0.198 rest= 0.005
  [bmc-incr i=1558 repr=1 active=205/175357 POs=1]
BMC : c =     203  cl =   4503  lit =  175356  p =     0  d =     0  f =     1  +  T =     0.02 sec
  [bmc-prof 1558] wall=  18.981 p=     1 | ifo=  0.719(sd=0.202 nx=0.000 tfo=0.013 cnt=0.503) snap= 0.308 srm=  8.698 sat=  9.019(set=0.220 slv=8.796 max=8.7963 n=1) sim= 0.000(rmp=0.000 run=0.000) chk= 0.001 stat= 0.232 rest= 0.005
  [bmc-incr i=1559 repr=1 active=204/175356 POs=1]
BMC : c =     202  cl =   4503  lit =  175355  p =     0  d =     0  f =     1  +  T =     0.02 sec
  [bmc-prof 1559] wall=  19.882 p=     1 | ifo=  0.715(sd=0.195 nx=0.000 tfo=0.013 cnt=0.507) snap= 0.290 srm=  9.248 sat=  9.429(set=0.228 slv=9.198 max=9.1982 n=1) sim= 0.000(rmp=0.000 run=0.000) chk= 0.001 stat= 0.193 rest= 0.006
  [bmc-incr i=1560 repr=1 active=203/175355 POs=1]
BMC : c =     201  cl =   4503  lit =  175354  p =     0  d =     0  f =     1  +  T =     0.02 sec
  [bmc-prof 1560] wall=  19.817 p=     1 | ifo=  0.703(sd=0.183 nx=0.000 tfo=0.012 cnt=0.508) snap= 0.390 srm=  9.639 sat=  8.874(set=0.287 slv=8.584 max=8.5845 n=1) sim= 0.000(rmp=0.000 run=0.000) chk= 0.001 stat= 0.205 rest= 0.006
  [bmc-incr i=1561 repr=1 active=202/175354 POs=1]
BMC : c =     200  cl =   4503  lit =  175353  p =     0  d =     0  f =     1  +  T =     0.02 sec
  [bmc-prof 1561] wall=  20.933 p=     1 | ifo=  0.711(sd=0.192 nx=0.000 tfo=0.014 cnt=0.505) snap= 0.328 srm=  9.759 sat=  9.921(set=0.252 slv=9.667 max=9.6668 n=1) sim= 0.000(rmp=0.000 run=0.000) chk= 0.000 stat= 0.208 rest= 0.005
  [bmc-incr i=1562 repr=1 active=201/175353 POs=1]
BMC : c =     199  cl =   4503  lit =  175352  p =     0  d =     0  f =     1  +  T =     0.02 sec
  [bmc-prof 1562] wall=  19.808 p=     1 | ifo=  0.740(sd=0.196 nx=0.000 tfo=0.013 cnt=0.532) snap= 0.371 srm=  9.635 sat=  8.847(set=0.324 slv=8.520 max=8.5204 n=1) sim= 0.000(rmp=0.000 run=0.000) chk= 0.001 stat= 0.208 rest= 0.006
  [bmc-incr i=1563 repr=1 active=200/175352 POs=1]
BMC : c =     198  cl =   4503  lit =  175351  p =     0  d =     0  f =     1  +  T =     0.02 sec
  [bmc-prof 1563] wall=  20.139 p=     1 | ifo=  0.744(sd=0.203 nx=0.000 tfo=0.013 cnt=0.527) snap= 0.304 srm=  9.929 sat=  8.943(set=0.228 slv=8.712 max=8.7123 n=1) sim= 0.000(rmp=0.000 run=0.000) chk= 0.000 stat= 0.212 rest= 0.007
  [bmc-incr i=1564 repr=1 active=199/175351 POs=1]
BMC : c =     197  cl =   4503  lit =  175350  p =     0  d =     0  f =     1  +  T =     0.02 sec
  [bmc-prof 1564] wall=  21.175 p=     1 | ifo=  0.722(sd=0.189 nx=0.000 tfo=0.012 cnt=0.520) snap= 0.313 srm= 10.553 sat=  9.373(set=0.241 slv=9.128 max=9.1283 n=1) sim= 0.000(rmp=0.000 run=0.000) chk= 0.001 stat= 0.208 rest= 0.006
  [bmc-incr i=1565 repr=1 active=198/175350 POs=1]
BMC : c =     196  cl =   4503  lit =  175349  p =     0  d =     0  f =     1  +  T =     0.02 sec
  [bmc-prof 1565] wall=  18.548 p=     1 | ifo=  0.691(sd=0.190 nx=0.000 tfo=0.012 cnt=0.489) snap= 0.311 srm=  8.761 sat=  8.584(set=0.230 slv=8.352 max=8.3520 n=1) sim= 0.000(rmp=0.000 run=0.000) chk= 0.000 stat= 0.194 rest= 0.006
  [bmc-incr i=1566 repr=1 active=197/175349 POs=1]
BMC : c =     195  cl =   4503  lit =  175348  p =     0  d =     0  f =     1  +  T =     0.02 sec
  [bmc-prof 1566] wall=  20.160 p=     1 | ifo=  0.711(sd=0.183 nx=0.000 tfo=0.012 cnt=0.516) snap= 0.318 srm=  9.463 sat=  9.464(set=0.241 slv=9.221 max=9.2205 n=1) sim= 0.000(rmp=0.000 run=0.000) chk= 0.000 stat= 0.197 rest= 0.006
  [bmc-incr i=1567 repr=1 active=196/175348 POs=1]
BMC : c =     194  cl =   4503  lit =  175347  p =     0  d =     0  f =     1  +  T =     0.02 sec
  [bmc-prof 1567] wall=  20.575 p=     1 | ifo=  0.717(sd=0.189 nx=0.000 tfo=0.012 cnt=0.515) snap= 0.333 srm=  9.616 sat=  9.708(set=0.250 slv=9.455 max=9.4546 n=1) sim= 0.000(rmp=0.000 run=0.000) chk= 0.001 stat= 0.195 rest= 0.005
  [bmc-incr i=1568 repr=1 active=195/175347 POs=1]
BMC : c =     193  cl =   4503  lit =  175346  p =     0  d =     0  f =     1  +  T =     0.02 sec
  [bmc-prof 1568] wall=  20.347 p=     1 | ifo=  0.699(sd=0.188 nx=0.000 tfo=0.013 cnt=0.498) snap= 0.307 srm=  9.837 sat=  9.303(set=0.230 slv=9.069 max=9.0693 n=1) sim= 0.000(rmp=0.000 run=0.000) chk= 0.001 stat= 0.196 rest= 0.006
  [bmc-incr i=1569 repr=1 active=194/175346 POs=1]
BMC : c =     192  cl =   4503  lit =  175345  p =     0  d =     0  f =     1  +  T =     0.02 sec
  [bmc-prof 1569] wall=  20.092 p=     1 | ifo=  0.700(sd=0.184 nx=0.000 tfo=0.013 cnt=0.503) snap= 0.292 srm=  8.891 sat= 10.003(set=0.224 slv=9.775 max=9.7747 n=1) sim= 0.000(rmp=0.000 run=0.000) chk= 0.000 stat= 0.199 rest= 0.006
  [bmc-incr i=1570 repr=1 active=193/175345 POs=1]
BMC : c =     191  cl =   4503  lit =  175344  p =     0  d =     0  f =     1  +  T =     0.02 sec
  [bmc-prof 1570] wall=  22.011 p=     1 | ifo=  0.728(sd=0.190 nx=0.000 tfo=0.012 cnt=0.525) snap= 0.341 srm= 10.719 sat= 10.012(set=0.250 slv=9.760 max=9.7598 n=1) sim= 0.000(rmp=0.000 run=0.000) chk= 0.000 stat= 0.203 rest= 0.007
  [bmc-incr i=1571 repr=1 active=192/175344 POs=1]
BMC : c =     190  cl =   4503  lit =  175343  p =     0  d =     0  f =     1  +  T =     0.02 sec
  [bmc-prof 1571] wall=  20.327 p=     1 | ifo=  0.758(sd=0.209 nx=0.000 tfo=0.013 cnt=0.536) snap= 0.369 srm=  9.659 sat=  9.325(set=0.545 slv=8.777 max=8.7772 n=1) sim= 0.000(rmp=0.000 run=0.000) chk= 0.001 stat= 0.207 rest= 0.008
  [bmc-incr i=1572 repr=1 active=191/175343 POs=1]
BMC : c =     189  cl =   4503  lit =  175342  p =     0  d =     0  f =     1  +  T =     0.02 sec
  [bmc-prof 1572] wall=  19.365 p=     1 | ifo=  0.789(sd=0.200 nx=0.000 tfo=0.013 cnt=0.577) snap= 0.297 srm=  8.748 sat=  9.313(set=0.229 slv=9.081 max=9.0812 n=1) sim= 0.000(rmp=0.000 run=0.000) chk= 0.001 stat= 0.209 rest= 0.007
  [bmc-incr i=1573 repr=1 active=190/175342 POs=1]
BMC : c =     188  cl =   4503  lit =  175341  p =     0  d =     0  f =     1  +  T =     0.02 sec
  [bmc-prof 1573] wall=  20.311 p=     1 | ifo=  0.835(sd=0.202 nx=0.000 tfo=0.012 cnt=0.620) snap= 0.319 srm=  9.162 sat=  9.782(set=0.235 slv=9.544 max=9.5444 n=1) sim= 0.000(rmp=0.000 run=0.000) chk= 0.001 stat= 0.204 rest= 0.009
  [bmc-incr i=1574 repr=1 active=189/175341 POs=1]
BMC : c =     187  cl =   4503  lit =  175340  p =     0  d =     0  f =     1  +  T =     0.02 sec
  [bmc-prof 1574] wall=  19.898 p=     1 | ifo=  0.745(sd=0.196 nx=0.000 tfo=0.013 cnt=0.535) snap= 0.309 srm=  9.196 sat=  9.417(set=0.251 slv=9.163 max=9.1632 n=1) sim= 0.000(rmp=0.000 run=0.000) chk= 0.001 stat= 0.225 rest= 0.006
  [bmc-incr i=1575 repr=1 active=188/175340 POs=1]
BMC : c =     186  cl =   4503  lit =  175339  p =     0  d =     0  f =     1  +  T =     0.02 sec
  [bmc-prof 1575] wall=  20.052 p=     1 | ifo=  0.750(sd=0.197 nx=0.000 tfo=0.012 cnt=0.540) snap= 0.305 srm=  8.884 sat=  9.862(set=0.239 slv=9.620 max=9.6202 n=1) sim= 0.000(rmp=0.000 run=0.000) chk= 0.000 stat= 0.245 rest= 0.006
  [bmc-incr i=1576 repr=1 active=187/175339 POs=1]
BMC : c =     185  cl =   4503  lit =  175338  p =     0  d =     0  f =     1  +  T =     0.02 sec
  [bmc-prof 1576] wall=  20.765 p=     1 | ifo=  0.703(sd=0.185 nx=0.000 tfo=0.012 cnt=0.506) snap= 0.300 srm=  8.841 sat= 10.708(set=0.228 slv=10.476 max=10.4757 n=1) sim= 0.000(rmp=0.000 run=0.000) chk= 0.001 stat= 0.207 rest= 0.006
  [bmc-incr i=1577 repr=1 active=186/175338 POs=1]
BMC : c =     184  cl =   4503  lit =  175337  p =     0  d =     0  f =     1  +  T =     0.02 sec
  [bmc-prof 1577] wall=  20.392 p=     1 | ifo=  0.763(sd=0.195 nx=0.000 tfo=0.012 cnt=0.556) snap= 0.299 srm=  8.660 sat= 10.429(set=0.234 slv=10.192 max=10.1924 n=1) sim= 0.000(rmp=0.000 run=0.000) chk= 0.001 stat= 0.235 rest= 0.005
  [bmc-incr i=1578 repr=1 active=185/175337 POs=1]
BMC : c =     183  cl =   4503  lit =  175336  p =     0  d =     0  f =     1  +  T =     0.02 sec
  [bmc-prof 1578] wall=  19.122 p=     1 | ifo=  0.715(sd=0.192 nx=0.000 tfo=0.013 cnt=0.511) snap= 0.292 srm=  8.569 sat=  9.347(set=0.217 slv=9.127 max=9.1267 n=1) sim= 0.000(rmp=0.000 run=0.000) chk= 0.000 stat= 0.194 rest= 0.005
  [bmc-incr i=1579 repr=1 active=184/175336 POs=1]
BMC : c =     182  cl =   4503  lit =  175335  p =     0  d =     0  f =     1  +  T =     0.02 sec
  [bmc-prof 1579] wall=  22.533 p=     1 | ifo=  0.697(sd=0.185 nx=0.000 tfo=0.013 cnt=0.499) snap= 0.419 srm= 11.249 sat=  9.954(set=0.305 slv=9.646 max=9.6456 n=1) sim= 0.000(rmp=0.000 run=0.000) chk= 0.001 stat= 0.207 rest= 0.007
  [bmc-incr i=1580 repr=1 active=183/175335 POs=1]
BMC : c =     181  cl =   4503  lit =  175334  p =     0  d =     0  f =     1  +  T =     0.02 sec
  [bmc-prof 1580] wall=  19.451 p=     1 | ifo=  0.756(sd=0.200 nx=0.000 tfo=0.012 cnt=0.543) snap= 0.295 srm=  8.971 sat=  9.211(set=0.228 slv=8.979 max=8.9790 n=1) sim= 0.000(rmp=0.000 run=0.000) chk= 0.000 stat= 0.210 rest= 0.007
  [bmc-incr i=1581 repr=1 active=182/175334 POs=1]
BMC : c =     180  cl =   4503  lit =  175333  p =     0  d =     0  f =     1  +  T =     0.02 sec
  [bmc-prof 1581] wall=  20.884 p=     1 | ifo=  0.780(sd=0.215 nx=0.000 tfo=0.013 cnt=0.552) snap= 0.322 srm=  9.369 sat= 10.086(set=0.255 slv=9.827 max=9.8269 n=1) sim= 0.000(rmp=0.000 run=0.000) chk= 0.001 stat= 0.257 rest= 0.069
  [bmc-incr i=1582 repr=1 active=181/175333 POs=1]
BMC : c =     179  cl =   4503  lit =  175332  p =     0  d =     0  f =     1  +  T =     0.02 sec
  [bmc-prof 1582] wall=  19.062 p=     1 | ifo=  0.724(sd=0.195 nx=0.000 tfo=0.012 cnt=0.516) snap= 0.305 srm=  8.804 sat=  8.970(set=0.237 slv=8.729 max=8.7287 n=1) sim= 0.000(rmp=0.000 run=0.000) chk= 0.000 stat= 0.253 rest= 0.006
  [bmc-incr i=1583 repr=1 active=180/175332 POs=1]
BMC : c =     178  cl =   4503  lit =  175331  p =     0  d =     0  f =     1  +  T =     0.02 sec
  [bmc-prof 1583] wall=  19.632 p=     1 | ifo=  0.799(sd=0.230 nx=0.000 tfo=0.013 cnt=0.555) snap= 0.310 srm=  9.368 sat=  8.885(set=0.224 slv=8.658 max=8.6578 n=1) sim= 0.000(rmp=0.000 run=0.000) chk= 0.001 stat= 0.264 rest= 0.005
  [bmc-incr i=1584 repr=1 active=179/175331 POs=1]
BMC : c =     177  cl =   4503  lit =  175330  p =     0  d =     0  f =     1  +  T =     0.02 sec
  [bmc-prof 1584] wall=  22.968 p=     1 | ifo=  0.786(sd=0.239 nx=0.000 tfo=0.014 cnt=0.533) snap= 0.322 srm=  8.988 sat= 12.587(set=0.260 slv=12.322 max=12.3216 n=1) sim= 0.000(rmp=0.000 run=0.000) chk= 0.001 stat= 0.276 rest= 0.008
  [bmc-incr i=1585 repr=1 active=178/175330 POs=1]
BMC : c =     176  cl =   4503  lit =  175329  p =     0  d =     0  f =     1  +  T =     0.02 sec
  [bmc-prof 1585] wall=  22.150 p=     1 | ifo=  0.968(sd=0.254 nx=0.000 tfo=0.013 cnt=0.700) snap= 0.343 srm= 11.155 sat=  9.471(set=0.253 slv=9.214 max=9.2138 n=1) sim= 0.000(rmp=0.000 run=0.000) chk= 0.001 stat= 0.204 rest= 0.007
  [bmc-incr i=1586 repr=1 active=177/175329 POs=1]
BMC : c =     175  cl =   4503  lit =  175328  p =     0  d =     0  f =     1  +  T =     0.02 sec
  [bmc-prof 1586] wall=  19.074 p=     1 | ifo=  0.703(sd=0.193 nx=0.000 tfo=0.015 cnt=0.495) snap= 0.324 srm=  8.977 sat=  8.857(set=0.227 slv=8.628 max=8.6282 n=1) sim= 0.000(rmp=0.000 run=0.000) chk= 0.000 stat= 0.206 rest= 0.007
  [bmc-incr i=1587 repr=1 active=176/175328 POs=1]
BMC : c =     174  cl =   4503  lit =  175327  p =     0  d =     0  f =     1  +  T =     0.02 sec
  [bmc-prof 1587] wall=  19.437 p=     1 | ifo=  0.719(sd=0.194 nx=0.000 tfo=0.012 cnt=0.513) snap= 0.311 srm=  9.136 sat=  9.059(set=0.356 slv=8.701 max=8.7007 n=1) sim= 0.000(rmp=0.000 run=0.000) chk= 0.001 stat= 0.205 rest= 0.006
  [bmc-incr i=1588 repr=1 active=175/175327 POs=1]
BMC : c =     173  cl =   4503  lit =  175326  p =     0  d =     0  f =     1  +  T =     0.02 sec
  [bmc-prof 1588] wall=  20.996 p=     1 | ifo=  0.711(sd=0.196 nx=0.000 tfo=0.013 cnt=0.502) snap= 0.321 srm= 10.954 sat=  8.780(set=0.241 slv=8.536 max=8.5359 n=1) sim= 0.000(rmp=0.000 run=0.000) chk= 0.001 stat= 0.223 rest= 0.007
  [bmc-incr i=1589 repr=1 active=174/175326 POs=1]
BMC : c =     172  cl =   4503  lit =  175325  p =     0  d =     0  f =     1  +  T =     0.02 sec
  [bmc-prof 1589] wall=  18.661 p=     1 | ifo=  0.699(sd=0.192 nx=0.000 tfo=0.012 cnt=0.494) snap= 0.302 srm=  8.816 sat=  8.642(set=0.322 slv=8.317 max=8.3168 n=1) sim= 0.000(rmp=0.000 run=0.000) chk= 0.000 stat= 0.197 rest= 0.005
  [bmc-incr i=1590 repr=1 active=173/175325 POs=1]
BMC : c =     171  cl =   4503  lit =  175324  p =     0  d =     0  f =     1  +  T =     0.02 sec
  [bmc-prof 1590] wall=  19.957 p=     1 | ifo=  0.699(sd=0.196 nx=0.000 tfo=0.013 cnt=0.491) snap= 0.298 srm=  9.473 sat=  9.231(set=0.230 slv=8.998 max=8.9979 n=1) sim= 0.000(rmp=0.000 run=0.000) chk= 0.000 stat= 0.247 rest= 0.009
  [bmc-incr i=1591 repr=1 active=172/175324 POs=1]
BMC : c =     170  cl =   4503  lit =  175323  p =     0  d =     0  f =     1  +  T =     0.02 sec
  [bmc-prof 1591] wall=  20.737 p=     1 | ifo=  0.849(sd=0.219 nx=0.000 tfo=0.013 cnt=0.617) snap= 0.318 srm=  9.893 sat=  9.467(set=0.242 slv=9.222 max=9.2221 n=1) sim= 0.000(rmp=0.000 run=0.000) chk= 0.001 stat= 0.204 rest= 0.006
  [bmc-incr i=1592 repr=1 active=171/175323 POs=1]
BMC : c =     169  cl =   4503  lit =  175322  p =     0  d =     0  f =     1  +  T =     0.02 sec
  [bmc-prof 1592] wall=  19.922 p=     1 | ifo=  0.783(sd=0.215 nx=0.000 tfo=0.013 cnt=0.555) snap= 0.297 srm=  8.995 sat=  9.643(set=0.229 slv=9.411 max=9.4108 n=1) sim= 0.000(rmp=0.000 run=0.000) chk= 0.001 stat= 0.197 rest= 0.006
  [bmc-incr i=1593 repr=1 active=170/175322 POs=1]
BMC : c =     168  cl =   4503  lit =  175321  p =     0  d =     0  f =     1  +  T =     0.02 sec
  [bmc-prof 1593] wall=  19.555 p=     1 | ifo=  0.695(sd=0.186 nx=0.000 tfo=0.012 cnt=0.496) snap= 0.296 srm=  9.088 sat=  9.281(set=0.245 slv=9.032 max=9.0318 n=1) sim= 0.000(rmp=0.000 run=0.000) chk= 0.000 stat= 0.190 rest= 0.005
  [bmc-incr i=1594 repr=1 active=169/175321 POs=1]
BMC : c =     167  cl =   4503  lit =  175320  p =     0  d =     0  f =     1  +  T =     0.02 sec
  [bmc-prof 1594] wall=  20.246 p=     1 | ifo=  0.684(sd=0.179 nx=0.000 tfo=0.012 cnt=0.493) snap= 0.311 srm=  9.547 sat=  9.408(set=0.264 slv=9.140 max=9.1399 n=1) sim= 0.000(rmp=0.000 run=0.000) chk= 0.000 stat= 0.288 rest= 0.007
  [bmc-incr i=1595 repr=1 active=168/175320 POs=1]
BMC : c =     166  cl =   4503  lit =  175319  p =     0  d =     0  f =     1  +  T =     0.02 sec
  [bmc-prof 1595] wall=  20.718 p=     1 | ifo=  0.780(sd=0.241 nx=0.000 tfo=0.013 cnt=0.526) snap= 0.337 srm=  9.452 sat=  9.855(set=0.265 slv=9.586 max=9.5859 n=1) sim= 0.000(rmp=0.000 run=0.000) chk= 0.001 stat= 0.284 rest= 0.008
  [bmc-incr i=1596 repr=1 active=167/175319 POs=1]
BMC : c =     165  cl =   4503  lit =  175318  p =     0  d =     0  f =     1  +  T =     0.02 sec
  [bmc-prof 1596] wall=  20.128 p=     1 | ifo=  0.709(sd=0.205 nx=0.000 tfo=0.011 cnt=0.494) snap= 0.319 srm=  8.909 sat=  9.982(set=0.254 slv=9.725 max=9.7251 n=1) sim= 0.000(rmp=0.000 run=0.000) chk= 0.000 stat= 0.202 rest= 0.006
  [bmc-incr i=1597 repr=1 active=166/175318 POs=1]
BMC : c =     164  cl =   4503  lit =  175317  p =     0  d =     0  f =     1  +  T =     0.02 sec
  [bmc-prof 1597] wall=  19.566 p=     1 | ifo=  0.718(sd=0.193 nx=0.000 tfo=0.011 cnt=0.514) snap= 0.311 srm=  8.971 sat=  9.357(set=0.237 slv=9.117 max=9.1170 n=1) sim= 0.000(rmp=0.000 run=0.000) chk= 0.001 stat= 0.204 rest= 0.005
  [bmc-incr i=1598 repr=1 active=165/175317 POs=1]
BMC : c =     163  cl =   4503  lit =  175316  p =     0  d =     0  f =     1  +  T =     0.02 sec
  [bmc-prof 1598] wall=  21.656 p=     1 | ifo=  0.692(sd=0.190 nx=0.000 tfo=0.011 cnt=0.490) snap= 0.340 srm= 10.307 sat= 10.102(set=0.257 slv=9.842 max=9.8420 n=1) sim= 0.000(rmp=0.000 run=0.000) chk= 0.000 stat= 0.210 rest= 0.006
  [bmc-incr i=1599 repr=1 active=164/175316 POs=1]
BMC : c =     162  cl =   4503  lit =  175315  p =     0  d =     0  f =     1  +  T =     0.02 sec
  [bmc-prof 1599] wall=  19.790 p=     1 | ifo=  0.761(sd=0.202 nx=0.000 tfo=0.013 cnt=0.546) snap= 0.295 srm=  9.523 sat=  9.006(set=0.245 slv=8.758 max=8.7580 n=1) sim= 0.000(rmp=0.000 run=0.000) chk= 0.001 stat= 0.198 rest= 0.006
  [bmc-incr i=1600 repr=1 active=163/175315 POs=1]
BMC : c =     161  cl =   4503  lit =  175314  p =     0  d =     0  f =     1  +  T =     0.02 sec
  [bmc-prof 1600] wall=  20.693 p=     1 | ifo=  0.698(sd=0.183 nx=0.000 tfo=0.011 cnt=0.505) snap= 0.296 srm=  9.005 sat= 10.457(set=0.227 slv=10.227 max=10.2272 n=1) sim= 0.000(rmp=0.000 run=0.000) chk= 0.001 stat= 0.229 rest= 0.009
  [bmc-incr i=1601 repr=1 active=162/175314 POs=1]
BMC : c =     160  cl =   4503  lit =  175313  p =     0  d =     0  f =     1  +  T =     0.02 sec
  [bmc-prof 1601] wall=  20.729 p=     1 | ifo=  0.810(sd=0.217 nx=0.000 tfo=0.012 cnt=0.581) snap= 0.303 srm= 10.002 sat=  9.401(set=0.229 slv=9.169 max=9.1692 n=1) sim= 0.000(rmp=0.000 run=0.000) chk= 0.001 stat= 0.205 rest= 0.007
  [bmc-incr i=1602 repr=1 active=161/175313 POs=1]
BMC : c =     159  cl =   4503  lit =  175312  p =     0  d =     0  f =     1  +  T =     0.02 sec
  [bmc-prof 1602] wall=  21.377 p=     1 | ifo=  0.709(sd=0.187 nx=0.000 tfo=0.012 cnt=0.510) snap= 0.351 srm=  9.915 sat= 10.185(set=0.278 slv=9.904 max=9.9039 n=1) sim= 0.000(rmp=0.000 run=0.000) chk= 0.001 stat= 0.211 rest= 0.006
  [bmc-incr i=1603 repr=1 active=160/175312 POs=1]
BMC : c =     158  cl =   4503  lit =  175311  p =     0  d =     0  f =     1  +  T =     0.02 sec
  [bmc-prof 1603] wall=  21.076 p=     1 | ifo=  1.246(sd=0.449 nx=0.000 tfo=0.019 cnt=0.778) snap= 0.330 srm=  9.041 sat= 10.234(set=0.280 slv=9.951 max=9.9513 n=1) sim= 0.000(rmp=0.000 run=0.000) chk= 0.001 stat= 0.215 rest= 0.009
  [bmc-incr i=1604 repr=1 active=159/175311 POs=1]
BMC : c =     157  cl =   4503  lit =  175310  p =     0  d =     0  f =     1  +  T =     0.02 sec
  [bmc-prof 1604] wall=  20.713 p=     1 | ifo=  0.762(sd=0.211 nx=0.000 tfo=0.011 cnt=0.540) snap= 0.319 srm=  9.654 sat=  9.764(set=0.246 slv=9.515 max=9.5151 n=1) sim= 0.000(rmp=0.000 run=0.000) chk= 0.001 stat= 0.208 rest= 0.006
  [bmc-incr i=1605 repr=1 active=158/175310 POs=1]
BMC : c =     156  cl =   4503  lit =  175309  p =     0  d =     0  f =     1  +  T =     0.02 sec
  [bmc-prof 1605] wall=  20.533 p=     1 | ifo=  0.737(sd=0.197 nx=0.000 tfo=0.012 cnt=0.528) snap= 0.401 srm=  9.592 sat=  9.594(set=0.284 slv=9.308 max=9.3077 n=1) sim= 0.000(rmp=0.000 run=0.000) chk= 0.000 stat= 0.203 rest= 0.006
  [bmc-incr i=1606 repr=1 active=157/175309 POs=1]
BMC : c =     155  cl =   4503  lit =  175308  p =     0  d =     0  f =     1  +  T =     0.02 sec
  [bmc-prof 1606] wall=  20.438 p=     1 | ifo=  0.762(sd=0.196 nx=0.000 tfo=0.012 cnt=0.554) snap= 0.328 srm=  9.686 sat=  9.448(set=0.239 slv=9.206 max=9.2062 n=1) sim= 0.000(rmp=0.000 run=0.000) chk= 0.001 stat= 0.206 rest= 0.007
  [bmc-incr i=1607 repr=1 active=156/175308 POs=1]
BMC : c =     154  cl =   4503  lit =  175307  p =     0  d =     0  f =     1  +  T =     0.02 sec
  [bmc-prof 1607] wall=  20.760 p=     1 | ifo=  0.850(sd=0.199 nx=0.000 tfo=0.012 cnt=0.638) snap= 0.314 srm=  9.172 sat= 10.180(set=0.238 slv=9.938 max=9.9381 n=1) sim= 0.000(rmp=0.000 run=0.000) chk= 0.000 stat= 0.238 rest= 0.006
  [bmc-incr i=1608 repr=1 active=155/175307 POs=1]
BMC : c =     153  cl =   4503  lit =  175306  p =     0  d =     0  f =     1  +  T =     0.02 sec
  [bmc-prof 1608] wall=  20.675 p=     1 | ifo=  0.752(sd=0.199 nx=0.000 tfo=0.011 cnt=0.542) snap= 0.330 srm=  9.253 sat= 10.134(set=0.237 slv=9.895 max=9.8950 n=1) sim= 0.000(rmp=0.000 run=0.000) chk= 0.001 stat= 0.201 rest= 0.004
  [bmc-incr i=1609 repr=1 active=154/175306 POs=1]
BMC : c =     152  cl =   4503  lit =  175305  p =     0  d =     0  f =     1  +  T =     0.02 sec
  [bmc-prof 1609] wall=  18.555 p=     1 | ifo=  0.781(sd=0.240 nx=0.000 tfo=0.019 cnt=0.522) snap= 0.286 srm=  8.779 sat=  8.521(set=0.213 slv=8.305 max=8.3045 n=1) sim= 0.000(rmp=0.000 run=0.000) chk= 0.000 stat= 0.183 rest= 0.005
  [bmc-incr i=1610 repr=1 active=153/175305 POs=1]
BMC : c =     151  cl =   4503  lit =  175304  p =     0  d =     0  f =     1  +  T =     0.02 sec
  [bmc-prof 1610] wall=  21.561 p=     1 | ifo=  0.663(sd=0.176 nx=0.000 tfo=0.010 cnt=0.477) snap= 0.339 srm= 10.522 sat=  9.842(set=0.246 slv=9.593 max=9.5933 n=1) sim= 0.000(rmp=0.000 run=0.000) chk= 0.000 stat= 0.188 rest= 0.006
  [bmc-incr i=1611 repr=1 active=152/175304 POs=1]
BMC : c =     150  cl =   4503  lit =  175303  p =     0  d =     0  f =     1  +  T =     0.02 sec
  [bmc-prof 1611] wall=  19.010 p=     1 | ifo=  0.689(sd=0.192 nx=0.000 tfo=0.011 cnt=0.486) snap= 0.300 srm=  8.317 sat=  9.505(set=0.214 slv=9.287 max=9.2874 n=1) sim= 0.000(rmp=0.000 run=0.000) chk= 0.000 stat= 0.194 rest= 0.005
  [bmc-incr i=1612 repr=1 active=151/175303 POs=1]
BMC : c =     149  cl =   4503  lit =  175302  p =     0  d =     0  f =     1  +  T =     0.02 sec
  [bmc-prof 1612] wall=  18.790 p=     1 | ifo=  0.714(sd=0.190 nx=0.000 tfo=0.010 cnt=0.514) snap= 0.284 srm=  8.500 sat=  9.043(set=0.217 slv=8.823 max=8.8232 n=1) sim= 0.000(rmp=0.000 run=0.000) chk= 0.000 stat= 0.243 rest= 0.005
  [bmc-incr i=1613 repr=1 active=150/175302 POs=1]
BMC : c =     148  cl =   4503  lit =  175301  p =     0  d =     0  f =     1  +  T =     0.02 sec
  [bmc-prof 1613] wall=  19.422 p=     1 | ifo=  0.799(sd=0.225 nx=0.000 tfo=0.012 cnt=0.562) snap= 0.281 srm=  8.581 sat=  9.499(set=0.224 slv=9.272 max=9.2719 n=1) sim= 0.000(rmp=0.000 run=0.000) chk= 0.001 stat= 0.255 rest= 0.006
  [bmc-incr i=1614 repr=1 active=149/175301 POs=1]
BMC : c =     147  cl =   4503  lit =  175300  p =     0  d =     0  f =     1  +  T =     0.02 sec
  [bmc-prof 1614] wall=  19.752 p=     1 | ifo=  0.768(sd=0.227 nx=0.000 tfo=0.012 cnt=0.529) snap= 0.308 srm=  8.960 sat=  9.448(set=0.248 slv=9.196 max=9.1959 n=1) sim= 0.000(rmp=0.000 run=0.000) chk= 0.000 stat= 0.262 rest= 0.006
  [bmc-incr i=1615 repr=1 active=148/175300 POs=1]
BMC : c =     146  cl =   4503  lit =  175299  p =     0  d =     0  f =     1  +  T =     0.02 sec
  [bmc-prof 1615] wall=  20.167 p=     1 | ifo=  0.802(sd=0.258 nx=0.000 tfo=0.012 cnt=0.533) snap= 0.395 srm=  9.102 sat=  9.610(set=0.230 slv=9.377 max=9.3766 n=1) sim= 0.000(rmp=0.000 run=0.000) chk= 0.001 stat= 0.250 rest= 0.007
  [bmc-incr i=1616 repr=1 active=147/175299 POs=1]
BMC : c =     145  cl =   4503  lit =  175298  p =     0  d =     0  f =     1  +  T =     0.02 sec
  [bmc-prof 1616] wall=  19.134 p=     1 | ifo=  0.718(sd=0.217 nx=0.000 tfo=0.011 cnt=0.491) snap= 0.358 srm=  8.761 sat=  9.081(set=0.261 slv=8.816 max=8.8164 n=1) sim= 0.000(rmp=0.000 run=0.000) chk= 0.000 stat= 0.206 rest= 0.009
  [bmc-incr i=1617 repr=1 active=146/175298 POs=1]
BMC : c =     144  cl =   4503  lit =  175297  p =     0  d =     0  f =     1  +  T =     0.02 sec
  [bmc-prof 1617] wall=  20.716 p=     1 | ifo=  0.985(sd=0.418 nx=0.000 tfo=0.013 cnt=0.554) snap= 0.362 srm=  9.400 sat=  9.689(set=0.273 slv=9.412 max=9.4124 n=1) sim= 0.000(rmp=0.000 run=0.000) chk= 0.000 stat= 0.275 rest= 0.006
  [bmc-incr i=1618 repr=1 active=145/175297 POs=1]
BMC : c =     143  cl =   4503  lit =  175296  p =     0  d =     0  f =     1  +  T =     0.02 sec
  [bmc-prof 1618] wall=  20.325 p=     1 | ifo=  0.847(sd=0.251 nx=0.000 tfo=0.012 cnt=0.584) snap= 0.369 srm=  9.124 sat=  9.775(set=0.267 slv=9.505 max=9.5054 n=1) sim= 0.000(rmp=0.000 run=0.000) chk= 0.000 stat= 0.203 rest= 0.006
  [bmc-incr i=1619 repr=1 active=144/175296 POs=1]
BMC : c =     142  cl =   4503  lit =  175295  p =     0  d =     0  f =     1  +  T =     0.02 sec
  [bmc-prof 1619] wall=  21.001 p=     1 | ifo=  0.747(sd=0.192 nx=0.000 tfo=0.012 cnt=0.543) snap= 0.391 srm=  9.792 sat=  9.858(set=0.269 slv=9.587 max=9.5865 n=1) sim= 0.000(rmp=0.000 run=0.000) chk= 0.001 stat= 0.207 rest= 0.005
  [bmc-incr i=1620 repr=1 active=143/175295 POs=1]
BMC : c =     141  cl =   4503  lit =  175294  p =     0  d =     0  f =     1  +  T =     0.02 sec
  [bmc-prof 1620] wall=  20.493 p=     1 | ifo=  0.731(sd=0.196 nx=0.000 tfo=0.011 cnt=0.524) snap= 0.323 srm=  9.749 sat=  9.484(set=0.261 slv=9.220 max=9.2200 n=1) sim= 0.000(rmp=0.000 run=0.000) chk= 0.001 stat= 0.201 rest= 0.005
  [bmc-incr i=1621 repr=1 active=142/175294 POs=1]
BMC : c =     140  cl =   4503  lit =  175293  p =     0  d =     0  f =     1  +  T =     0.02 sec
  [bmc-prof 1621] wall=  19.791 p=     1 | ifo=  0.667(sd=0.184 nx=0.000 tfo=0.012 cnt=0.471) snap= 0.304 srm=  8.923 sat=  9.676(set=0.236 slv=9.437 max=9.4366 n=1) sim= 0.000(rmp=0.000 run=0.000) chk= 0.001 stat= 0.215 rest= 0.005
  [bmc-incr i=1622 repr=1 active=141/175293 POs=1]
BMC : c =     139  cl =   4503  lit =  175292  p =     0  d =     0  f =     1  +  T =     0.02 sec
  [bmc-prof 1622] wall=  20.254 p=     1 | ifo=  0.737(sd=0.197 nx=0.000 tfo=0.011 cnt=0.530) snap= 0.315 srm=  9.254 sat=  9.747(set=0.235 slv=9.509 max=9.5094 n=1) sim= 0.000(rmp=0.000 run=0.000) chk= 0.000 stat= 0.195 rest= 0.005
  [bmc-incr i=1623 repr=1 active=140/175292 POs=1]
BMC : c =     138  cl =   4503  lit =  175291  p =     0  d =     0  f =     1  +  T =     0.02 sec
  [bmc-prof 1623] wall=  19.255 p=     1 | ifo=  0.730(sd=0.193 nx=0.000 tfo=0.012 cnt=0.524) snap= 0.297 srm=  8.954 sat=  9.063(set=0.229 slv=8.831 max=8.8311 n=1) sim= 0.000(rmp=0.000 run=0.000) chk= 0.000 stat= 0.205 rest= 0.006
  [bmc-incr i=1624 repr=1 active=139/175291 POs=1]
BMC : c =     137  cl =   4503  lit =  175290  p =     0  d =     0  f =     1  +  T =     0.02 sec
  [bmc-prof 1624] wall=  20.482 p=     1 | ifo=  0.723(sd=0.196 nx=0.000 tfo=0.010 cnt=0.517) snap= 0.330 srm= 10.128 sat=  9.095(set=0.239 slv=8.853 max=8.8530 n=1) sim= 0.000(rmp=0.000 run=0.000) chk= 0.000 stat= 0.201 rest= 0.005
  [bmc-incr i=1625 repr=1 active=138/175290 POs=1]
BMC : c =     136  cl =   4503  lit =  175289  p =     0  d =     0  f =     1  +  T =     0.02 sec
  [bmc-prof 1625] wall=  21.048 p=     1 | ifo=  0.708(sd=0.186 nx=0.000 tfo=0.010 cnt=0.512) snap= 0.320 srm= 10.019 sat=  9.789(set=0.248 slv=9.537 max=9.5370 n=1) sim= 0.000(rmp=0.000 run=0.000) chk= 0.001 stat= 0.205 rest= 0.005
  [bmc-incr i=1626 repr=1 active=137/175289 POs=1]
BMC : c =     135  cl =   4503  lit =  175288  p =     0  d =     0  f =     1  +  T =     0.02 sec
  [bmc-prof 1626] wall=  20.381 p=     1 | ifo=  0.793(sd=0.245 nx=0.000 tfo=0.011 cnt=0.537) snap= 0.289 srm=  8.976 sat= 10.117(set=0.225 slv=9.889 max=9.8889 n=1) sim= 0.000(rmp=0.000 run=0.000) chk= 0.001 stat= 0.199 rest= 0.006
  [bmc-incr i=1627 repr=1 active=136/175288 POs=1]
BMC : c =     134  cl =   4503  lit =  175287  p =     0  d =     0  f =     1  +  T =     0.02 sec
  [bmc-prof 1627] wall=  20.704 p=     1 | ifo=  0.717(sd=0.192 nx=0.000 tfo=0.011 cnt=0.515) snap= 0.324 srm=  9.749 sat=  9.687(set=0.234 slv=9.449 max=9.4493 n=1) sim= 0.000(rmp=0.000 run=0.000) chk= 0.001 stat= 0.217 rest= 0.008
  [bmc-incr i=1628 repr=1 active=135/175287 POs=1]
BMC : c =     133  cl =   4503  lit =  175286  p =     0  d =     0  f =     1  +  T =     0.02 sec
  [bmc-prof 1628] wall=  21.643 p=     1 | ifo=  0.762(sd=0.204 nx=0.000 tfo=0.010 cnt=0.548) snap= 0.331 srm= 11.182 sat=  9.160(set=0.255 slv=8.901 max=8.9014 n=1) sim= 0.000(rmp=0.000 run=0.000) chk= 0.001 stat= 0.202 rest= 0.006
  [bmc-incr i=1629 repr=1 active=134/175286 POs=1]
BMC : c =     132  cl =   4503  lit =  175285  p =     0  d =     0  f =     1  +  T =     0.02 sec
  [bmc-prof 1629] wall=  22.793 p=     1 | ifo=  0.700(sd=0.193 nx=0.000 tfo=0.011 cnt=0.496) snap= 0.333 srm= 12.131 sat=  9.406(set=0.251 slv=9.152 max=9.1519 n=1) sim= 0.000(rmp=0.000 run=0.000) chk= 0.001 stat= 0.215 rest= 0.009
  [bmc-incr i=1630 repr=1 active=133/175285 POs=1]
BMC : c =     131  cl =   4503  lit =  175284  p =     0  d =     0  f =     1  +  T =     0.02 sec
  [bmc-prof 1630] wall=  19.128 p=     1 | ifo=  0.701(sd=0.187 nx=0.000 tfo=0.010 cnt=0.505) snap= 0.406 srm=  8.851 sat=  8.969(set=0.247 slv=8.719 max=8.7195 n=1) sim= 0.000(rmp=0.000 run=0.000) chk= 0.001 stat= 0.195 rest= 0.005
  [bmc-incr i=1631 repr=1 active=132/175284 POs=1]
BMC : c =     130  cl =   4503  lit =  175283  p =     0  d =     0  f =     1  +  T =     0.02 sec
  [bmc-prof 1631] wall=  20.431 p=     1 | ifo=  0.720(sd=0.187 nx=0.000 tfo=0.010 cnt=0.522) snap= 0.310 srm=  9.450 sat=  9.711(set=0.240 slv=9.468 max=9.4680 n=1) sim= 0.000(rmp=0.000 run=0.000) chk= 0.001 stat= 0.233 rest= 0.007
  [bmc-incr i=1632 repr=1 active=131/175283 POs=1]
BMC : c =     129  cl =   4503  lit =  175282  p =     0  d =     0  f =     1  +  T =     0.02 sec
  [bmc-prof 1632] wall=  19.081 p=     1 | ifo=  0.916(sd=0.315 nx=0.000 tfo=0.012 cnt=0.588) snap= 0.295 srm=  8.971 sat=  8.685(set=0.229 slv=8.454 max=8.4537 n=1) sim= 0.000(rmp=0.000 run=0.000) chk= 0.001 stat= 0.207 rest= 0.008
  [bmc-incr i=1633 repr=1 active=130/175282 POs=1]
BMC : c =     128  cl =   4503  lit =  175281  p =     0  d =     0  f =     1  +  T =     0.02 sec
  [bmc-prof 1633] wall=  21.184 p=     1 | ifo=  0.735(sd=0.212 nx=0.000 tfo=0.011 cnt=0.512) snap= 0.336 srm= 10.507 sat=  9.378(set=0.284 slv=9.092 max=9.0916 n=1) sim= 0.000(rmp=0.000 run=0.000) chk= 0.001 stat= 0.218 rest= 0.009
  [bmc-incr i=1634 repr=1 active=129/175281 POs=1]
BMC : c =     127  cl =   4503  lit =  175280  p =     0  d =     0  f =     1  +  T =     0.02 sec
  [bmc-prof 1634] wall=  21.623 p=     1 | ifo=  0.711(sd=0.188 nx=0.000 tfo=0.010 cnt=0.512) snap= 0.294 srm=  8.944 sat= 11.432(set=0.232 slv=11.196 max=11.1958 n=1) sim= 0.000(rmp=0.000 run=0.000) chk= 0.001 stat= 0.236 rest= 0.006
  [bmc-incr i=1635 repr=1 active=128/175280 POs=1]
BMC : c =     126  cl =   4503  lit =  175279  p =     0  d =     0  f =     1  +  T =     0.02 sec
  [bmc-prof 1635] wall=  19.596 p=     1 | ifo=  0.805(sd=0.219 nx=0.000 tfo=0.011 cnt=0.575) snap= 0.330 srm=  9.337 sat=  8.849(set=0.238 slv=8.608 max=8.6083 n=1) sim= 0.000(rmp=0.000 run=0.000) chk= 0.001 stat= 0.270 rest= 0.006
  [bmc-incr i=1636 repr=1 active=127/175279 POs=1]
BMC : c =     125  cl =   4503  lit =  175278  p =     0  d =     0  f =     1  +  T =     0.02 sec
  [bmc-prof 1636] wall=  19.901 p=     1 | ifo=  0.737(sd=0.236 nx=0.000 tfo=0.010 cnt=0.492) snap= 0.311 srm=  8.397 sat= 10.216(set=0.228 slv=9.985 max=9.9847 n=1) sim= 0.000(rmp=0.000 run=0.000) chk= 0.001 stat= 0.234 rest= 0.006
  [bmc-incr i=1637 repr=1 active=126/175278 POs=1]
BMC : c =     124  cl =   4503  lit =  175277  p =     0  d =     0  f =     1  +  T =     0.02 sec
  [bmc-prof 1637] wall=  19.360 p=     1 | ifo=  0.760(sd=0.211 nx=0.000 tfo=0.011 cnt=0.539) snap= 0.280 srm=  8.617 sat=  9.465(set=0.259 slv=9.204 max=9.2036 n=1) sim= 0.000(rmp=0.000 run=0.000) chk= 0.000 stat= 0.231 rest= 0.005
  [bmc-incr i=1638 repr=1 active=125/175277 POs=1]
BMC : c =     123  cl =   4503  lit =  175276  p =     0  d =     0  f =     1  +  T =     0.02 sec
  [bmc-prof 1638] wall=  19.857 p=     1 | ifo=  0.717(sd=0.185 nx=0.000 tfo=0.010 cnt=0.522) snap= 0.304 srm=  8.719 sat=  9.906(set=0.227 slv=9.676 max=9.6758 n=1) sim= 0.000(rmp=0.000 run=0.000) chk= 0.001 stat= 0.204 rest= 0.006
  [bmc-incr i=1639 repr=1 active=124/175276 POs=1]
BMC : c =     122  cl =   4503  lit =  175275  p =     0  d =     0  f =     1  +  T =     0.02 sec
  [bmc-prof 1639] wall=  19.360 p=     1 | ifo=  0.747(sd=0.199 nx=0.000 tfo=0.011 cnt=0.538) snap= 0.371 srm=  8.632 sat=  9.352(set=0.222 slv=9.128 max=9.1278 n=1) sim= 0.000(rmp=0.000 run=0.000) chk= 0.000 stat= 0.252 rest= 0.006
  [bmc-incr i=1640 repr=1 active=123/175275 POs=1]
BMC : c =     121  cl =   4503  lit =  175274  p =     0  d =     0  f =     1  +  T =     0.02 sec
  [bmc-prof 1640] wall=  20.861 p=     1 | ifo=  0.763(sd=0.204 nx=0.000 tfo=0.010 cnt=0.548) snap= 0.327 srm=  9.444 sat= 10.112(set=0.243 slv=9.866 max=9.8657 n=1) sim= 0.000(rmp=0.000 run=0.000) chk= 0.001 stat= 0.207 rest= 0.007
  [bmc-incr i=1641 repr=1 active=122/175274 POs=1]
BMC : c =     120  cl =   4503  lit =  175273  p =     0  d =     0  f =     1  +  T =     0.02 sec
  [bmc-prof 1641] wall=  19.221 p=     1 | ifo=  0.827(sd=0.196 nx=0.000 tfo=0.010 cnt=0.622) snap= 0.299 srm=  8.882 sat=  9.015(set=0.226 slv=8.787 max=8.7867 n=1) sim= 0.000(rmp=0.000 run=0.000) chk= 0.001 stat= 0.192 rest= 0.006
  [bmc-incr i=1642 repr=1 active=121/175273 POs=1]
BMC : c =     119  cl =   4503  lit =  175272  p =     0  d =     0  f =     1  +  T =     0.02 sec
  [bmc-prof 1642] wall=  20.105 p=     1 | ifo=  0.669(sd=0.182 nx=0.000 tfo=0.010 cnt=0.476) snap= 0.323 srm=  9.114 sat=  9.785(set=0.234 slv=9.548 max=9.5485 n=1) sim= 0.000(rmp=0.000 run=0.000) chk= 0.000 stat= 0.208 rest= 0.006
  [bmc-incr i=1643 repr=1 active=120/175272 POs=1]
BMC : c =     118  cl =   4503  lit =  175271  p =     0  d =     0  f =     1  +  T =     0.02 sec
  [bmc-prof 1643] wall=  19.491 p=     1 | ifo=  0.746(sd=0.201 nx=0.000 tfo=0.010 cnt=0.535) snap= 0.301 srm=  9.406 sat=  8.839(set=0.223 slv=8.613 max=8.6133 n=1) sim= 0.000(rmp=0.000 run=0.000) chk= 0.001 stat= 0.191 rest= 0.006
  [bmc-incr i=1644 repr=1 active=119/175271 POs=1]
BMC : c =     117  cl =   4503  lit =  175270  p =     0  d =     0  f =     1  +  T =     0.02 sec
  [bmc-prof 1644] wall=  19.934 p=     1 | ifo=  0.701(sd=0.186 nx=0.000 tfo=0.010 cnt=0.506) snap= 0.299 srm=  9.207 sat=  9.528(set=0.237 slv=9.288 max=9.2877 n=1) sim= 0.000(rmp=0.000 run=0.000) chk= 0.000 stat= 0.193 rest= 0.006
  [bmc-incr i=1645 repr=1 active=118/175270 POs=1]
BMC : c =     116  cl =   4503  lit =  175269  p =     0  d =     0  f =     1  +  T =     0.02 sec
  [bmc-prof 1645] wall=  20.771 p=     1 | ifo=  0.714(sd=0.184 nx=0.000 tfo=0.010 cnt=0.520) snap= 0.297 srm=  8.809 sat= 10.727(set=0.231 slv=10.492 max=10.4923 n=1) sim= 0.000(rmp=0.000 run=0.000) chk= 0.001 stat= 0.218 rest= 0.006
  [bmc-incr i=1646 repr=1 active=117/175269 POs=1]
BMC : c =     115  cl =   4503  lit =  175268  p =     0  d =     0  f =     1  +  T =     0.02 sec
  [bmc-prof 1646] wall=  20.338 p=     1 | ifo=  0.767(sd=0.214 nx=0.000 tfo=0.009 cnt=0.543) snap= 0.303 srm=  9.604 sat=  9.450(set=0.232 slv=9.215 max=9.2154 n=1) sim= 0.000(rmp=0.000 run=0.000) chk= 0.000 stat= 0.208 rest= 0.006
  [bmc-incr i=1647 repr=1 active=116/175268 POs=1]
BMC : c =     114  cl =   4503  lit =  175267  p =     0  d =     0  f =     1  +  T =     0.02 sec
  [bmc-prof 1647] wall=  20.820 p=     1 | ifo=  0.809(sd=0.199 nx=0.000 tfo=0.010 cnt=0.600) snap= 0.322 srm= 10.054 sat=  9.397(set=0.239 slv=9.155 max=9.1553 n=1) sim= 0.000(rmp=0.000 run=0.000) chk= 0.001 stat= 0.229 rest= 0.007
  [bmc-incr i=1648 repr=1 active=115/175267 POs=1]
BMC : c =     113  cl =   4503  lit =  175266  p =     0  d =     0  f =     1  +  T =     0.02 sec
  [bmc-prof 1648] wall=  20.192 p=     1 | ifo=  0.699(sd=0.193 nx=0.000 tfo=0.010 cnt=0.496) snap= 0.305 srm= 10.302 sat=  8.680(set=0.242 slv=8.436 max=8.4365 n=1) sim= 0.000(rmp=0.000 run=0.000) chk= 0.001 stat= 0.200 rest= 0.006
  [bmc-incr i=1649 repr=1 active=114/175266 POs=1]
BMC : c =     112  cl =   4503  lit =  175265  p =     0  d =     0  f =     1  +  T =     0.02 sec
  [bmc-prof 1649] wall=  18.867 p=     1 | ifo=  0.700(sd=0.185 nx=0.000 tfo=0.010 cnt=0.505) snap= 0.488 srm=  8.733 sat=  8.726(set=0.267 slv=8.457 max=8.4569 n=1) sim= 0.000(rmp=0.000 run=0.000) chk= 0.001 stat= 0.214 rest= 0.006
  [bmc-incr i=1650 repr=1 active=113/175265 POs=1]
BMC : c =     111  cl =   4503  lit =  175264  p =     0  d =     0  f =     1  +  T =     0.02 sec
  [bmc-prof 1650] wall=  19.137 p=     1 | ifo=  0.696(sd=0.185 nx=0.000 tfo=0.009 cnt=0.502) snap= 0.293 srm=  8.745 sat=  9.156(set=0.289 slv=8.864 max=8.8644 n=1) sim= 0.000(rmp=0.000 run=0.000) chk= 0.000 stat= 0.239 rest= 0.006
  [bmc-incr i=1651 repr=1 active=112/175264 POs=1]
BMC : c =     110  cl =   4503  lit =  175263  p =     0  d =     0  f =     1  +  T =     0.02 sec
  [bmc-prof 1651] wall=  24.197 p=     1 | ifo=  1.822(sd=0.210 nx=0.000 tfo=0.010 cnt=1.601) snap= 0.298 srm= 10.140 sat= 11.709(set=0.245 slv=11.460 max=11.4603 n=1) sim= 0.000(rmp=0.000 run=0.000) chk= 0.001 stat= 0.221 rest= 0.006
  [bmc-incr i=1652 repr=1 active=111/175263 POs=1]
BMC : c =     109  cl =   4503  lit =  175262  p =     0  d =     0  f =     1  +  T =     0.02 sec
  [bmc-prof 1652] wall=  20.430 p=     1 | ifo=  0.821(sd=0.232 nx=0.000 tfo=0.010 cnt=0.579) snap= 0.307 srm=  9.264 sat=  9.819(set=0.239 slv=9.577 max=9.5767 n=1) sim= 0.000(rmp=0.000 run=0.000) chk= 0.000 stat= 0.213 rest= 0.006
  [bmc-incr i=1653 repr=1 active=110/175262 POs=1]
BMC : c =     108  cl =   4503  lit =  175261  p =     0  d =     0  f =     1  +  T =     0.02 sec
  [bmc-prof 1653] wall=  19.134 p=     1 | ifo=  0.736(sd=0.190 nx=0.000 tfo=0.008 cnt=0.537) snap= 0.291 srm=  9.018 sat=  8.895(set=0.246 slv=8.646 max=8.6457 n=1) sim= 0.000(rmp=0.000 run=0.000) chk= 0.001 stat= 0.187 rest= 0.006
  [bmc-incr i=1654 repr=1 active=109/175261 POs=1]
BMC : c =     107  cl =   4503  lit =  175260  p =     0  d =     0  f =     1  +  T =     0.02 sec
  [bmc-prof 1654] wall=  18.469 p=     1 | ifo=  0.678(sd=0.180 nx=0.000 tfo=0.008 cnt=0.489) snap= 0.305 srm=  8.521 sat=  8.766(set=0.222 slv=8.542 max=8.5419 n=1) sim= 0.000(rmp=0.000 run=0.000) chk= 0.001 stat= 0.194 rest= 0.005
  [bmc-incr i=1655 repr=1 active=108/175260 POs=1]
BMC : c =     106  cl =   4503  lit =  175259  p =     0  d =     0  f =     1  +  T =     0.02 sec
  [bmc-prof 1655] wall=  19.806 p=     1 | ifo=  0.700(sd=0.188 nx=0.000 tfo=0.010 cnt=0.503) snap= 0.353 srm=  9.205 sat=  9.333(set=0.263 slv=9.068 max=9.0679 n=1) sim= 0.000(rmp=0.000 run=0.000) chk= 0.001 stat= 0.207 rest= 0.007
  [bmc-incr i=1656 repr=1 active=107/175259 POs=1]
BMC : c =     105  cl =   4503  lit =  175258  p =     0  d =     0  f =     1  +  T =     0.02 sec
  [bmc-prof 1656] wall=  20.773 p=     1 | ifo=  0.760(sd=0.198 nx=0.000 tfo=0.009 cnt=0.554) snap= 0.333 srm=  9.654 sat=  9.765(set=0.268 slv=9.493 max=9.4930 n=1) sim= 0.000(rmp=0.000 run=0.000) chk= 0.001 stat= 0.254 rest= 0.006
  [bmc-incr i=1657 repr=1 active=106/175258 POs=1]
BMC : c =     104  cl =   4503  lit =  175257  p =     0  d =     0  f =     1  +  T =     0.02 sec
  [bmc-prof 1657] wall=  19.682 p=     1 | ifo=  0.822(sd=0.231 nx=0.000 tfo=0.010 cnt=0.582) snap= 0.406 srm=  9.158 sat=  9.084(set=0.276 slv=8.804 max=8.8044 n=1) sim= 0.000(rmp=0.000 run=0.000) chk= 0.001 stat= 0.206 rest= 0.005
  [bmc-incr i=1658 repr=1 active=105/175257 POs=1]
BMC : c =     103  cl =   4503  lit =  175256  p =     0  d =     0  f =     1  +  T =     0.02 sec
  [bmc-prof 1658] wall=  18.500 p=     1 | ifo=  0.678(sd=0.182 nx=0.000 tfo=0.009 cnt=0.487) snap= 0.354 srm=  8.751 sat=  8.518(set=0.284 slv=8.231 max=8.2310 n=1) sim= 0.000(rmp=0.000 run=0.000) chk= 0.001 stat= 0.193 rest= 0.006
  [bmc-incr i=1659 repr=1 active=104/175256 POs=1]
BMC : c =     102  cl =   4503  lit =  175255  p =     0  d =     0  f =     1  +  T =     0.02 sec
  [bmc-prof 1659] wall=  19.348 p=     1 | ifo=  0.926(sd=0.184 nx=0.000 tfo=0.009 cnt=0.733) snap= 0.298 srm=  8.569 sat=  9.345(set=0.236 slv=9.106 max=9.1063 n=1) sim= 0.000(rmp=0.000 run=0.000) chk= 0.001 stat= 0.201 rest= 0.008
  [bmc-incr i=1660 repr=1 active=103/175255 POs=1]
BMC : c =     101  cl =   4503  lit =  175254  p =     0  d =     0  f =     1  +  T =     0.02 sec
  [bmc-prof 1660] wall=  18.816 p=     1 | ifo=  0.717(sd=0.206 nx=0.000 tfo=0.009 cnt=0.502) snap= 0.304 srm=  8.994 sat=  8.583(set=0.231 slv=8.349 max=8.3489 n=1) sim= 0.000(rmp=0.000 run=0.000) chk= 0.000 stat= 0.210 rest= 0.008
  [bmc-incr i=1661 repr=1 active=102/175254 POs=1]
BMC : c =     100  cl =   4503  lit =  175253  p =     0  d =     0  f =     1  +  T =     0.02 sec
  [bmc-prof 1661] wall=  19.005 p=     1 | ifo=  0.697(sd=0.181 nx=0.000 tfo=0.009 cnt=0.507) snap= 0.292 srm=  8.878 sat=  8.937(set=0.234 slv=8.700 max=8.6998 n=1) sim= 0.000(rmp=0.000 run=0.000) chk= 0.001 stat= 0.194 rest= 0.006
  [bmc-incr i=1662 repr=1 active=101/175253 POs=1]
BMC : c =      99  cl =   4503  lit =  175252  p =     0  d =     0  f =     1  +  T =     0.02 sec
  [bmc-prof 1662] wall=  21.413 p=     1 | ifo=  0.723(sd=0.204 nx=0.000 tfo=0.009 cnt=0.509) snap= 0.315 srm=  9.911 sat= 10.261(set=0.228 slv=10.030 max=10.0300 n=1) sim= 0.000(rmp=0.000 run=0.000) chk= 0.001 stat= 0.198 rest= 0.005
  [bmc-incr i=1663 repr=1 active=100/175252 POs=1]
BMC : c =      98  cl =   4503  lit =  175251  p =     0  d =     0  f =     1  +  T =     0.02 sec
  [bmc-prof 1663] wall=  19.968 p=     1 | ifo=  0.681(sd=0.183 nx=0.000 tfo=0.008 cnt=0.489) snap= 0.312 srm=  9.137 sat=  9.627(set=0.233 slv=9.391 max=9.3907 n=1) sim= 0.000(rmp=0.000 run=0.000) chk= 0.001 stat= 0.204 rest= 0.006
  [bmc-incr i=1664 repr=1 active=99/175251 POs=1]
BMC : c =      97  cl =   4503  lit =  175250  p =     0  d =     0  f =     1  +  T =     0.02 sec
  [bmc-prof 1664] wall=  20.287 p=     1 | ifo=  0.716(sd=0.187 nx=0.000 tfo=0.008 cnt=0.521) snap= 0.289 srm=  9.438 sat=  9.628(set=0.229 slv=9.395 max=9.3954 n=1) sim= 0.000(rmp=0.000 run=0.000) chk= 0.001 stat= 0.210 rest= 0.006
  [bmc-incr i=1665 repr=1 active=98/175250 POs=1]
BMC : c =      96  cl =   4503  lit =  175249  p =     0  d =     0  f =     1  +  T =     0.02 sec
  [bmc-prof 1665] wall=  19.514 p=     1 | ifo=  0.752(sd=0.216 nx=0.000 tfo=0.008 cnt=0.528) snap= 0.290 srm=  8.804 sat=  9.468(set=0.240 slv=9.226 max=9.2256 n=1) sim= 0.000(rmp=0.000 run=0.000) chk= 0.001 stat= 0.194 rest= 0.005
  [bmc-incr i=1666 repr=1 active=97/175249 POs=1]
BMC : c =      95  cl =   4503  lit =  175248  p =     0  d =     0  f =     1  +  T =     0.02 sec
  [bmc-prof 1666] wall=  19.446 p=     1 | ifo=  0.699(sd=0.184 nx=0.000 tfo=0.008 cnt=0.507) snap= 0.292 srm=  8.662 sat=  9.581(set=0.221 slv=9.358 max=9.3577 n=1) sim= 0.000(rmp=0.000 run=0.000) chk= 0.001 stat= 0.206 rest= 0.005
  [bmc-incr i=1667 repr=1 active=96/175248 POs=1]
BMC : c =      94  cl =   4503  lit =  175247  p =     0  d =     0  f =     1  +  T =     0.02 sec
  [bmc-prof 1667] wall=  21.330 p=     1 | ifo=  0.681(sd=0.186 nx=0.000 tfo=0.009 cnt=0.487) snap= 0.321 srm= 10.348 sat=  9.760(set=0.238 slv=9.519 max=9.5192 n=1) sim= 0.000(rmp=0.000 run=0.000) chk= 0.001 stat= 0.212 rest= 0.007
  [bmc-incr i=1668 repr=1 active=95/175247 POs=1]
BMC : c =      93  cl =   4503  lit =  175246  p =     0  d =     0  f =     1  +  T =     0.02 sec
  [bmc-prof 1668] wall=  20.696 p=     1 | ifo=  0.748(sd=0.199 nx=0.000 tfo=0.008 cnt=0.540) snap= 0.300 srm=  9.214 sat= 10.227(set=0.229 slv=9.996 max=9.9959 n=1) sim= 0.000(rmp=0.000 run=0.000) chk= 0.000 stat= 0.200 rest= 0.005
  [bmc-incr i=1669 repr=1 active=94/175246 POs=1]
BMC : c =      92  cl =   4503  lit =  175245  p =     0  d =     0  f =     1  +  T =     0.02 sec
  [bmc-prof 1669] wall=  19.834 p=     1 | ifo=  0.744(sd=0.187 nx=0.000 tfo=0.008 cnt=0.550) snap= 0.310 srm=  9.075 sat=  9.481(set=0.231 slv=9.247 max=9.2475 n=1) sim= 0.000(rmp=0.000 run=0.000) chk= 0.001 stat= 0.217 rest= 0.006
  [bmc-incr i=1670 repr=1 active=93/175245 POs=1]
BMC : c =      91  cl =   4503  lit =  175244  p =     0  d =     0  f =     1  +  T =     0.02 sec
  [bmc-prof 1670] wall=  19.885 p=     1 | ifo=  0.774(sd=0.207 nx=0.000 tfo=0.008 cnt=0.559) snap= 0.357 srm=  9.353 sat=  9.193(set=0.270 slv=8.920 max=8.9199 n=1) sim= 0.000(rmp=0.000 run=0.000) chk= 0.001 stat= 0.202 rest= 0.006
  [bmc-incr i=1671 repr=1 active=92/175244 POs=1]
BMC : c =      90  cl =   4503  lit =  175243  p =     0  d =     0  f =     1  +  T =     0.02 sec
  [bmc-prof 1671] wall=  19.385 p=     1 | ifo=  0.665(sd=0.179 nx=0.000 tfo=0.007 cnt=0.478) snap= 0.316 srm=  8.542 sat=  9.620(set=0.221 slv=9.396 max=9.3964 n=1) sim= 0.000(rmp=0.000 run=0.000) chk= 0.001 stat= 0.235 rest= 0.006
  [bmc-incr i=1672 repr=1 active=91/175243 POs=1]
BMC : c =      89  cl =   4503  lit =  175242  p =     0  d =     0  f =     1  +  T =     0.02 sec
  [bmc-prof 1672] wall=  19.686 p=     1 | ifo=  0.858(sd=0.315 nx=0.000 tfo=0.009 cnt=0.534) snap= 0.326 srm=  8.749 sat=  9.544(set=0.246 slv=9.294 max=9.2941 n=1) sim= 0.000(rmp=0.000 run=0.000) chk= 0.000 stat= 0.202 rest= 0.007
  [bmc-incr i=1673 repr=1 active=90/175242 POs=1]
BMC : c =      88  cl =   4503  lit =  175241  p =     0  d =     0  f =     1  +  T =     0.02 sec
  [bmc-prof 1673] wall=  20.619 p=     1 | ifo=  0.741(sd=0.209 nx=0.000 tfo=0.007 cnt=0.525) snap= 0.315 srm=  9.331 sat= 10.023(set=0.248 slv=9.772 max=9.7725 n=1) sim= 0.000(rmp=0.000 run=0.000) chk= 0.001 stat= 0.201 rest= 0.006
  [bmc-incr i=1674 repr=1 active=89/175241 POs=1]
BMC : c =      87  cl =   4503  lit =  175240  p =     0  d =     0  f =     1  +  T =     0.02 sec
  [bmc-prof 1674] wall=  20.282 p=     1 | ifo=  0.772(sd=0.197 nx=0.000 tfo=0.007 cnt=0.568) snap= 0.295 srm=  9.023 sat=  9.971(set=0.246 slv=9.721 max=9.7208 n=1) sim= 0.000(rmp=0.000 run=0.000) chk= 0.001 stat= 0.214 rest= 0.007
  [bmc-incr i=1675 repr=1 active=88/175240 POs=1]
BMC : c =      86  cl =   4503  lit =  175239  p =     0  d =     0  f =     1  +  T =     0.02 sec
  [bmc-prof 1675] wall=  20.972 p=     1 | ifo=  0.725(sd=0.195 nx=0.000 tfo=0.007 cnt=0.523) snap= 0.319 srm=  9.787 sat=  9.919(set=0.488 slv=9.428 max=9.4282 n=1) sim= 0.000(rmp=0.000 run=0.000) chk= 0.001 stat= 0.211 rest= 0.011
  [bmc-incr i=1676 repr=1 active=87/175239 POs=1]
BMC : c =      85  cl =   4503  lit =  175238  p =     0  d =     0  f =     1  +  T =     0.02 sec
  [bmc-prof 1676] wall=  22.047 p=     1 | ifo=  0.734(sd=0.208 nx=0.000 tfo=0.007 cnt=0.519) snap= 0.413 srm= 10.065 sat= 10.499(set=0.304 slv=10.192 max=10.1918 n=1) sim= 0.000(rmp=0.000 run=0.000) chk= 0.001 stat= 0.327 rest= 0.008
  [bmc-incr i=1677 repr=1 active=86/175238 POs=1]
BMC : c =      84  cl =   4503  lit =  175237  p =     0  d =     0  f =     1  +  T =     0.02 sec
  [bmc-prof 1677] wall=  21.175 p=     1 | ifo=  0.731(sd=0.198 nx=0.000 tfo=0.007 cnt=0.526) snap= 0.321 srm=  9.601 sat= 10.292(set=0.247 slv=10.042 max=10.0418 n=1) sim= 0.000(rmp=0.000 run=0.000) chk= 0.001 stat= 0.224 rest= 0.005
  [bmc-incr i=1678 repr=1 active=85/175237 POs=1]
BMC : c =      83  cl =   4503  lit =  175236  p =     0  d =     0  f =     1  +  T =     0.02 sec
  [bmc-prof 1678] wall=  20.652 p=     1 | ifo=  0.743(sd=0.203 nx=0.000 tfo=0.008 cnt=0.532) snap= 0.306 srm=  8.733 sat= 10.651(set=0.255 slv=10.393 max=10.3930 n=1) sim= 0.000(rmp=0.000 run=0.000) chk= 0.000 stat= 0.212 rest= 0.007
  [bmc-incr i=1679 repr=1 active=84/175236 POs=1]
BMC : c =      82  cl =   4503  lit =  175235  p =     0  d =     0  f =     1  +  T =     0.02 sec
  [bmc-prof 1679] wall=  20.137 p=     1 | ifo=  0.755(sd=0.198 nx=0.000 tfo=0.007 cnt=0.550) snap= 0.314 srm=  9.045 sat=  9.822(set=0.232 slv=9.587 max=9.5874 n=1) sim= 0.000(rmp=0.000 run=0.000) chk= 0.001 stat= 0.196 rest= 0.005
  [bmc-incr i=1680 repr=1 active=83/175235 POs=1]
BMC : c =      81  cl =   4503  lit =  175234  p =     0  d =     0  f =     1  +  T =     0.02 sec
  [bmc-prof 1680] wall=  22.600 p=     1 | ifo=  0.729(sd=0.189 nx=0.000 tfo=0.008 cnt=0.533) snap= 0.356 srm= 10.912 sat= 10.391(set=0.264 slv=10.124 max=10.1237 n=1) sim= 0.000(rmp=0.000 run=0.000) chk= 0.001 stat= 0.205 rest= 0.007
  [bmc-incr i=1681 repr=1 active=82/175234 POs=1]
BMC : c =      80  cl =   4503  lit =  175233  p =     0  d =     0  f =     1  +  T =     0.02 sec
  [bmc-prof 1681] wall=  19.618 p=     1 | ifo=  0.727(sd=0.196 nx=0.000 tfo=0.007 cnt=0.524) snap= 0.295 srm=  9.305 sat=  9.002(set=0.223 slv=8.777 max=8.7766 n=1) sim= 0.000(rmp=0.000 run=0.000) chk= 0.001 stat= 0.279 rest= 0.008
  [bmc-incr i=1682 repr=1 active=81/175233 POs=1]
BMC : c =      79  cl =   4503  lit =  175232  p =     0  d =     0  f =     1  +  T =     0.02 sec
  [bmc-prof 1682] wall=  22.800 p=     1 | ifo=  0.714(sd=0.199 nx=0.000 tfo=0.007 cnt=0.507) snap= 0.340 srm= 11.558 sat=  9.966(set=0.284 slv=9.678 max=9.6784 n=1) sim= 0.000(rmp=0.000 run=0.000) chk= 0.001 stat= 0.215 rest= 0.007
  [bmc-incr i=1683 repr=1 active=80/175232 POs=1]
BMC : c =      78  cl =   4503  lit =  175231  p =     0  d =     0  f =     1  +  T =     0.02 sec
  [bmc-prof 1683] wall=  20.882 p=     1 | ifo=  0.743(sd=0.199 nx=0.000 tfo=0.008 cnt=0.536) snap= 0.321 srm=  9.473 sat= 10.126(set=0.249 slv=9.875 max=9.8750 n=1) sim= 0.000(rmp=0.000 run=0.000) chk= 0.000 stat= 0.211 rest= 0.007
  [bmc-incr i=1684 repr=1 active=79/175231 POs=1]
BMC : c =      77  cl =   4503  lit =  175230  p =     0  d =     0  f =     1  +  T =     0.02 sec
  [bmc-prof 1684] wall=  21.333 p=     1 | ifo=  0.856(sd=0.312 nx=0.000 tfo=0.007 cnt=0.537) snap= 0.333 srm=  9.299 sat= 10.619(set=0.246 slv=10.370 max=10.3698 n=1) sim= 0.000(rmp=0.000 run=0.000) chk= 0.000 stat= 0.219 rest= 0.006
  [bmc-incr i=1685 repr=1 active=78/175230 POs=1]
BMC : c =      76  cl =   4503  lit =  175229  p =     0  d =     0  f =     1  +  T =     0.02 sec
  [bmc-prof 1685] wall=  20.912 p=     1 | ifo=  0.757(sd=0.202 nx=0.000 tfo=0.007 cnt=0.547) snap= 0.389 srm=  9.665 sat=  9.890(set=0.246 slv=9.640 max=9.6400 n=1) sim= 0.000(rmp=0.000 run=0.000) chk= 0.001 stat= 0.205 rest= 0.007
  [bmc-incr i=1686 repr=1 active=77/175229 POs=1]
BMC : c =      75  cl =   4503  lit =  175228  p =     0  d =     0  f =     1  +  T =     0.02 sec
  [bmc-prof 1686] wall=  18.848 p=     1 | ifo=  0.723(sd=0.189 nx=0.000 tfo=0.007 cnt=0.527) snap= 0.289 srm=  9.143 sat=  8.481(set=0.237 slv=8.241 max=8.2414 n=1) sim= 0.000(rmp=0.000 run=0.000) chk= 0.000 stat= 0.205 rest= 0.007
  [bmc-incr i=1687 repr=1 active=76/175228 POs=1]
BMC : c =      74  cl =   4503  lit =  175227  p =     0  d =     0  f =     1  +  T =     0.02 sec
  [bmc-prof 1687] wall=  19.554 p=     1 | ifo=  0.705(sd=0.183 nx=0.000 tfo=0.008 cnt=0.514) snap= 0.355 srm=  8.918 sat=  9.361(set=0.264 slv=9.094 max=9.0942 n=1) sim= 0.000(rmp=0.000 run=0.000) chk= 0.001 stat= 0.209 rest= 0.006
  [bmc-incr i=1688 repr=1 active=75/175227 POs=1]
BMC : c =      73  cl =   4503  lit =  175226  p =     0  d =     0  f =     1  +  T =     0.02 sec
  [bmc-prof 1688] wall=  19.431 p=     1 | ifo=  0.664(sd=0.175 nx=0.000 tfo=0.007 cnt=0.482) snap= 0.390 srm=  9.414 sat=  8.702(set=0.273 slv=8.426 max=8.4260 n=1) sim= 0.000(rmp=0.000 run=0.000) chk= 0.001 stat= 0.254 rest= 0.006
  [bmc-incr i=1689 repr=1 active=74/175226 POs=1]
BMC : c =      72  cl =   4503  lit =  175225  p =     0  d =     0  f =     1  +  T =     0.02 sec
  [bmc-prof 1689] wall=  20.002 p=     1 | ifo=  0.806(sd=0.265 nx=0.000 tfo=0.008 cnt=0.534) snap= 0.440 srm=  9.068 sat=  9.456(set=0.226 slv=9.227 max=9.2265 n=1) sim= 0.000(rmp=0.000 run=0.000) chk= 0.001 stat= 0.226 rest= 0.006
  [bmc-incr i=1690 repr=1 active=73/175225 POs=1]
BMC : c =      71  cl =   4503  lit =  175224  p =     0  d =     0  f =     1  +  T =     0.02 sec
  [bmc-prof 1690] wall=  20.466 p=     1 | ifo=  0.781(sd=0.259 nx=0.000 tfo=0.007 cnt=0.515) snap= 0.307 srm=  9.876 sat=  9.278(set=0.229 slv=9.045 max=9.0452 n=1) sim= 0.000(rmp=0.000 run=0.000) chk= 0.001 stat= 0.218 rest= 0.005
  [bmc-incr i=1691 repr=1 active=72/175224 POs=1]
BMC : c =      70  cl =   4503  lit =  175223  p =     0  d =     0  f =     1  +  T =     0.02 sec
  [bmc-prof 1691] wall=  20.023 p=     1 | ifo=  0.706(sd=0.188 nx=0.000 tfo=0.007 cnt=0.511) snap= 0.328 srm=  8.710 sat= 10.068(set=0.244 slv=9.821 max=9.8214 n=1) sim= 0.000(rmp=0.000 run=0.000) chk= 0.001 stat= 0.203 rest= 0.006
  [bmc-incr i=1692 repr=1 active=71/175223 POs=1]
BMC : c =      69  cl =   4503  lit =  175222  p =     0  d =     0  f =     1  +  T =     0.02 sec
  [bmc-prof 1692] wall=  20.768 p=     1 | ifo=  0.739(sd=0.197 nx=0.000 tfo=0.006 cnt=0.536) snap= 0.319 srm=  9.583 sat=  9.925(set=0.258 slv=9.664 max=9.6636 n=1) sim= 0.000(rmp=0.000 run=0.000) chk= 0.000 stat= 0.198 rest= 0.005
  [bmc-incr i=1693 repr=1 active=70/175222 POs=1]
BMC : c =      68  cl =   4503  lit =  175221  p =     0  d =     0  f =     1  +  T =     0.02 sec
  [bmc-prof 1693] wall=  20.847 p=     1 | ifo=  0.769(sd=0.207 nx=0.000 tfo=0.007 cnt=0.555) snap= 0.309 srm=  8.750 sat= 10.808(set=0.225 slv=10.579 max=10.5789 n=1) sim= 0.000(rmp=0.000 run=0.000) chk= 0.001 stat= 0.206 rest= 0.005
  [bmc-incr i=1694 repr=1 active=69/175221 POs=1]
BMC : c =      67  cl =   4503  lit =  175220  p =     0  d =     0  f =     1  +  T =     0.02 sec
  [bmc-prof 1694] wall=  20.330 p=     1 | ifo=  0.769(sd=0.210 nx=0.000 tfo=0.007 cnt=0.552) snap= 0.320 srm=  9.403 sat=  9.631(set=0.243 slv=9.384 max=9.3842 n=1) sim= 0.000(rmp=0.000 run=0.000) chk= 0.001 stat= 0.202 rest= 0.006
  [bmc-incr i=1695 repr=1 active=68/175220 POs=1]
BMC : c =      66  cl =   4503  lit =  175219  p =     0  d =     0  f =     1  +  T =     0.02 sec
  [bmc-prof 1695] wall=  22.609 p=     1 | ifo=  0.686(sd=0.182 nx=0.000 tfo=0.006 cnt=0.497) snap= 0.343 srm= 11.313 sat= 10.056(set=0.267 slv=9.787 max=9.7866 n=1) sim= 0.000(rmp=0.000 run=0.000) chk= 0.001 stat= 0.203 rest= 0.008
  [bmc-incr i=1696 repr=1 active=67/175219 POs=1]
BMC : c =      65  cl =   4503  lit =  175218  p =     0  d =     0  f =     1  +  T =     0.02 sec
  [bmc-prof 1696] wall=  19.804 p=     1 | ifo=  0.747(sd=0.196 nx=0.000 tfo=0.006 cnt=0.544) snap= 0.306 srm=  9.402 sat=  9.132(set=0.367 slv=8.762 max=8.7618 n=1) sim= 0.000(rmp=0.000 run=0.000) chk= 0.000 stat= 0.212 rest= 0.005
  [bmc-incr i=1697 repr=1 active=66/175218 POs=1]
BMC : c =      64  cl =   4503  lit =  175217  p =     0  d =     0  f =     1  +  T =     0.02 sec
  [bmc-prof 1697] wall=  19.887 p=     1 | ifo=  0.742(sd=0.182 nx=0.000 tfo=0.006 cnt=0.553) snap= 0.292 srm=  9.216 sat=  9.426(set=0.225 slv=9.198 max=9.1981 n=1) sim= 0.000(rmp=0.000 run=0.000) chk= 0.000 stat= 0.202 rest= 0.009
  [bmc-incr i=1698 repr=1 active=65/175217 POs=1]
BMC : c =      63  cl =   4503  lit =  175216  p =     0  d =     0  f =     1  +  T =     0.02 sec
  [bmc-prof 1698] wall=  21.287 p=     1 | ifo=  0.731(sd=0.195 nx=0.000 tfo=0.006 cnt=0.529) snap= 0.287 srm= 10.351 sat=  9.721(set=0.224 slv=9.494 max=9.4938 n=1) sim= 0.000(rmp=0.000 run=0.000) chk= 0.000 stat= 0.191 rest= 0.006
  [bmc-incr i=1699 repr=1 active=64/175216 POs=1]
BMC : c =      62  cl =   4503  lit =  175215  p =     0  d =     0  f =     1  +  T =     0.02 sec
  [bmc-prof 1699] wall=  22.641 p=     1 | ifo=  0.679(sd=0.185 nx=0.000 tfo=0.006 cnt=0.487) snap= 0.305 srm=  9.126 sat= 12.314(set=0.227 slv=12.083 max=12.0825 n=1) sim= 0.000(rmp=0.000 run=0.000) chk= 0.001 stat= 0.210 rest= 0.008
  [bmc-incr i=1700 repr=1 active=63/175215 POs=1]
BMC : c =      61  cl =   4503  lit =  175214  p =     0  d =     0  f =     1  +  T =     0.02 sec
  [bmc-prof 1700] wall=  23.243 p=     1 | ifo=  0.747(sd=0.234 nx=0.000 tfo=0.007 cnt=0.507) snap= 0.303 srm=  9.883 sat= 12.006(set=0.290 slv=11.713 max=11.7125 n=1) sim= 0.000(rmp=0.000 run=0.000) chk= 0.001 stat= 0.295 rest= 0.007
  [bmc-incr i=1701 repr=1 active=62/175214 POs=1]
BMC : c =      60  cl =   4503  lit =  175213  p =     0  d =     0  f =     1  +  T =     0.02 sec
  [bmc-prof 1701] wall=  19.900 p=     1 | ifo=  0.807(sd=0.213 nx=0.000 tfo=0.006 cnt=0.588) snap= 0.298 srm=  9.367 sat=  9.182(set=0.225 slv=8.954 max=8.9537 n=1) sim= 0.000(rmp=0.000 run=0.000) chk= 0.001 stat= 0.239 rest= 0.006
  [bmc-incr i=1702 repr=1 active=61/175213 POs=1]
BMC : c =      59  cl =   4503  lit =  175212  p =     0  d =     0  f =     1  +  T =     0.02 sec
  [bmc-prof 1702] wall=  19.717 p=     1 | ifo=  0.746(sd=0.215 nx=0.000 tfo=0.006 cnt=0.525) snap= 0.309 srm=  8.972 sat=  9.488(set=0.257 slv=9.228 max=9.2279 n=1) sim= 0.000(rmp=0.000 run=0.000) chk= 0.001 stat= 0.196 rest= 0.004
  [bmc-incr i=1703 repr=1 active=60/175212 POs=1]
BMC : c =      58  cl =   4503  lit =  175211  p =     0  d =     0  f =     1  +  T =     0.02 sec
  [bmc-prof 1703] wall=  22.527 p=     1 | ifo=  0.712(sd=0.205 nx=0.000 tfo=0.007 cnt=0.500) snap= 0.460 srm= 10.634 sat= 10.465(set=0.319 slv=10.143 max=10.1425 n=1) sim= 0.000(rmp=0.000 run=0.000) chk= 0.001 stat= 0.250 rest= 0.006
  [bmc-incr i=1704 repr=1 active=59/175211 POs=1]
BMC : c =      57  cl =   4503  lit =  175210  p =     0  d =     0  f =     1  +  T =     0.02 sec
  [bmc-prof 1704] wall=  21.176 p=     1 | ifo=  0.755(sd=0.203 nx=0.000 tfo=0.007 cnt=0.545) snap= 0.339 srm=  9.798 sat= 10.057(set=0.253 slv=9.801 max=9.8009 n=1) sim= 0.000(rmp=0.000 run=0.000) chk= 0.000 stat= 0.222 rest= 0.005
  [bmc-incr i=1705 repr=1 active=58/175210 POs=1]
BMC : c =      56  cl =   4503  lit =  175209  p =     0  d =     0  f =     1  +  T =     0.02 sec
  [bmc-prof 1705] wall=  21.218 p=     1 | ifo=  0.796(sd=0.210 nx=0.000 tfo=0.006 cnt=0.580) snap= 0.307 srm=  9.848 sat= 10.047(set=0.245 slv=9.799 max=9.7991 n=1) sim= 0.000(rmp=0.000 run=0.000) chk= 0.001 stat= 0.211 rest= 0.009
  [bmc-incr i=1706 repr=1 active=57/175209 POs=1]
BMC : c =      55  cl =   4503  lit =  175208  p =     0  d =     0  f =     1  +  T =     0.02 sec
  [bmc-prof 1706] wall=  21.483 p=     1 | ifo=  0.776(sd=0.213 nx=0.000 tfo=0.006 cnt=0.558) snap= 0.328 srm=  9.627 sat= 10.535(set=0.263 slv=10.268 max=10.2681 n=1) sim= 0.000(rmp=0.000 run=0.000) chk= 0.001 stat= 0.211 rest= 0.005
  [bmc-incr i=1707 repr=1 active=56/175208 POs=1]
BMC : c =      54  cl =   4503  lit =  175207  p =     0  d =     0  f =     1  +  T =     0.02 sec
  [bmc-prof 1707] wall=  21.212 p=     1 | ifo=  0.751(sd=0.201 nx=0.000 tfo=0.005 cnt=0.545) snap= 0.329 srm=  9.453 sat= 10.461(set=0.239 slv=10.219 max=10.2186 n=1) sim= 0.000(rmp=0.000 run=0.000) chk= 0.000 stat= 0.212 rest= 0.005
  [bmc-incr i=1708 repr=1 active=55/175207 POs=1]
BMC : c =      53  cl =   4503  lit =  175206  p =     0  d =     0  f =     1  +  T =     0.02 sec
  [bmc-prof 1708] wall=  21.006 p=     1 | ifo=  0.795(sd=0.209 nx=0.000 tfo=0.006 cnt=0.580) snap= 0.313 srm=  9.439 sat= 10.245(set=0.361 slv=9.881 max=9.8808 n=1) sim= 0.000(rmp=0.000 run=0.000) chk= 0.001 stat= 0.209 rest= 0.006
  [bmc-incr i=1709 repr=1 active=54/175206 POs=1]
BMC : c =      52  cl =   4503  lit =  175205  p =     0  d =     0  f =     1  +  T =     0.02 sec
  [bmc-prof 1709] wall=  21.082 p=     1 | ifo=  0.756(sd=0.201 nx=0.000 tfo=0.006 cnt=0.548) snap= 0.381 srm=  9.287 sat= 10.444(set=0.286 slv=10.154 max=10.1542 n=1) sim= 0.000(rmp=0.000 run=0.000) chk= 0.001 stat= 0.208 rest= 0.006
  [bmc-incr i=1710 repr=1 active=53/175205 POs=1]
BMC : c =      51  cl =   4503  lit =  175204  p =     0  d =     0  f =     1  +  T =     0.02 sec
  [bmc-prof 1710] wall=  20.630 p=     1 | ifo=  0.717(sd=0.194 nx=0.000 tfo=0.006 cnt=0.518) snap= 0.317 srm=  9.443 sat=  9.854(set=0.250 slv=9.601 max=9.6008 n=1) sim= 0.000(rmp=0.000 run=0.000) chk= 0.001 stat= 0.291 rest= 0.007
  [bmc-incr i=1711 repr=1 active=52/175204 POs=1]
BMC : c =      50  cl =   4503  lit =  175203  p =     0  d =     0  f =     1  +  T =     0.02 sec
  [bmc-prof 1711] wall=  20.419 p=     1 | ifo=  0.719(sd=0.197 nx=0.000 tfo=0.006 cnt=0.516) snap= 0.319 srm=  9.179 sat=  9.998(set=0.245 slv=9.750 max=9.7501 n=1) sim= 0.000(rmp=0.000 run=0.000) chk= 0.001 stat= 0.198 rest= 0.006
  [bmc-incr i=1712 repr=1 active=51/175203 POs=1]
BMC : c =      49  cl =   4503  lit =  175202  p =     0  d =     0  f =     1  +  T =     0.02 sec
  [bmc-prof 1712] wall=  20.725 p=     1 | ifo=  0.674(sd=0.181 nx=0.000 tfo=0.005 cnt=0.487) snap= 0.306 srm=  8.587 sat= 10.937(set=0.245 slv=10.688 max=10.6880 n=1) sim= 0.000(rmp=0.000 run=0.000) chk= 0.000 stat= 0.215 rest= 0.005
  [bmc-incr i=1713 repr=1 active=50/175202 POs=1]
BMC : c =      48  cl =   4503  lit =  175201  p =     0  d =     0  f =     1  +  T =     0.02 sec
  [bmc-prof 1713] wall=  19.857 p=     1 | ifo=  0.780(sd=0.220 nx=0.000 tfo=0.005 cnt=0.555) snap= 0.373 srm=  8.939 sat=  9.500(set=0.233 slv=9.264 max=9.2643 n=1) sim= 0.000(rmp=0.000 run=0.000) chk= 0.001 stat= 0.259 rest= 0.005
  [bmc-incr i=1714 repr=1 active=49/175201 POs=1]
BMC : c =      47  cl =   4503  lit =  175200  p =     0  d =     0  f =     1  +  T =     0.02 sec
  [bmc-prof 1714] wall=  21.206 p=     1 | ifo=  0.712(sd=0.201 nx=0.000 tfo=0.006 cnt=0.505) snap= 0.294 srm=  8.583 sat= 11.415(set=0.236 slv=11.176 max=11.1761 n=1) sim= 0.000(rmp=0.000 run=0.000) chk= 0.001 stat= 0.197 rest= 0.006
  [bmc-incr i=1715 repr=1 active=48/175200 POs=1]
BMC : c =      46  cl =   4503  lit =  175199  p =     0  d =     0  f =     1  +  T =     0.02 sec
  [bmc-prof 1715] wall=  19.449 p=     1 | ifo=  0.741(sd=0.207 nx=0.000 tfo=0.005 cnt=0.529) snap= 0.295 srm=  9.096 sat=  9.110(set=0.227 slv=8.880 max=8.8804 n=1) sim= 0.000(rmp=0.000 run=0.000) chk= 0.000 stat= 0.201 rest= 0.006
  [bmc-incr i=1716 repr=1 active=47/175199 POs=1]
BMC : c =      45  cl =   4503  lit =  175198  p =     0  d =     0  f =     1  +  T =     0.02 sec
  [bmc-prof 1716] wall=  20.659 p=     1 | ifo=  0.766(sd=0.209 nx=0.000 tfo=0.005 cnt=0.552) snap= 0.366 srm=  9.368 sat=  9.958(set=0.223 slv=9.731 max=9.7311 n=1) sim= 0.000(rmp=0.000 run=0.000) chk= 0.000 stat= 0.194 rest= 0.006
  [bmc-incr i=1717 repr=1 active=46/175198 POs=1]
BMC : c =      44  cl =   4503  lit =  175197  p =     0  d =     0  f =     1  +  T =     0.02 sec
  [bmc-prof 1717] wall=  21.203 p=     1 | ifo=  0.688(sd=0.190 nx=0.000 tfo=0.004 cnt=0.493) snap= 0.294 srm=  9.925 sat= 10.092(set=0.245 slv=9.843 max=9.8434 n=1) sim= 0.000(rmp=0.000 run=0.000) chk= 0.000 stat= 0.198 rest= 0.006
  [bmc-incr i=1718 repr=1 active=45/175197 POs=1]
BMC : c =      43  cl =   4503  lit =  175196  p =     0  d =     0  f =     1  +  T =     0.02 sec
  [bmc-prof 1718] wall=  19.270 p=     1 | ifo=  0.682(sd=0.177 nx=0.000 tfo=0.005 cnt=0.500) snap= 0.292 srm=  8.950 sat=  9.150(set=0.251 slv=8.896 max=8.8964 n=1) sim= 0.000(rmp=0.000 run=0.000) chk= 0.000 stat= 0.190 rest= 0.006
  [bmc-incr i=1719 repr=1 active=44/175196 POs=1]
BMC : c =      42  cl =   4503  lit =  175195  p =     0  d =     0  f =     1  +  T =     0.02 sec
  [bmc-prof 1719] wall=  20.148 p=     1 | ifo=  0.686(sd=0.181 nx=0.000 tfo=0.004 cnt=0.501) snap= 0.357 srm=  8.606 sat= 10.290(set=0.233 slv=10.053 max=10.0534 n=1) sim= 0.000(rmp=0.000 run=0.000) chk= 0.000 stat= 0.202 rest= 0.006
  [bmc-incr i=1720 repr=1 active=43/175195 POs=1]
BMC : c =      41  cl =   4503  lit =  175194  p =     0  d =     0  f =     1  +  T =     0.02 sec
  [bmc-prof 1720] wall=  20.343 p=     1 | ifo=  0.699(sd=0.199 nx=0.000 tfo=0.004 cnt=0.496) snap= 0.364 srm=  9.188 sat=  9.886(set=0.235 slv=9.649 max=9.6486 n=1) sim= 0.000(rmp=0.000 run=0.000) chk= 0.001 stat= 0.199 rest= 0.006
  [bmc-incr i=1721 repr=1 active=42/175194 POs=1]
BMC : c =      40  cl =   4503  lit =  175193  p =     0  d =     0  f =     1  +  T =     0.02 sec
  [bmc-prof 1721] wall=  19.816 p=     1 | ifo=  0.720(sd=0.206 nx=0.000 tfo=0.005 cnt=0.509) snap= 0.293 srm=  9.254 sat=  9.340(set=0.248 slv=9.089 max=9.0889 n=1) sim= 0.000(rmp=0.000 run=0.000) chk= 0.001 stat= 0.202 rest= 0.006
  [bmc-incr i=1722 repr=1 active=41/175193 POs=1]
BMC : c =      39  cl =   4503  lit =  175192  p =     0  d =     0  f =     1  +  T =     0.02 sec
  [bmc-prof 1722] wall=  19.805 p=     1 | ifo=  0.692(sd=0.186 nx=0.000 tfo=0.005 cnt=0.502) snap= 0.291 srm=  9.374 sat=  9.230(set=0.247 slv=8.981 max=8.9808 n=1) sim= 0.000(rmp=0.000 run=0.000) chk= 0.000 stat= 0.210 rest= 0.007
  [bmc-incr i=1723 repr=1 active=40/175192 POs=1]
BMC : c =      38  cl =   4503  lit =  175191  p =     0  d =     0  f =     1  +  T =     0.02 sec
  [bmc-prof 1723] wall=  21.604 p=     1 | ifo=  0.717(sd=0.197 nx=0.000 tfo=0.005 cnt=0.515) snap= 0.310 srm= 10.018 sat= 10.336(set=0.239 slv=10.093 max=10.0932 n=1) sim= 0.000(rmp=0.000 run=0.000) chk= 0.001 stat= 0.211 rest= 0.011
  [bmc-incr i=1724 repr=1 active=39/175191 POs=1]
BMC : c =      37  cl =   4503  lit =  175190  p =     0  d =     0  f =     1  +  T =     0.02 sec
  [bmc-prof 1724] wall=  21.361 p=     1 | ifo=  0.743(sd=0.196 nx=0.000 tfo=0.005 cnt=0.542) snap= 0.324 srm= 10.251 sat=  9.816(set=0.257 slv=9.557 max=9.5567 n=1) sim= 0.000(rmp=0.000 run=0.000) chk= 0.001 stat= 0.218 rest= 0.008
  [bmc-incr i=1725 repr=1 active=38/175190 POs=1]
BMC : c =      36  cl =   4503  lit =  175189  p =     0  d =     0  f =     1  +  T =     0.02 sec
  [bmc-prof 1725] wall=  19.920 p=     1 | ifo=  0.746(sd=0.196 nx=0.000 tfo=0.004 cnt=0.546) snap= 0.293 srm=  9.327 sat=  9.327(set=0.230 slv=9.094 max=9.0937 n=1) sim= 0.000(rmp=0.000 run=0.000) chk= 0.001 stat= 0.217 rest= 0.008
  [bmc-incr i=1726 repr=1 active=37/175189 POs=1]
BMC : c =      35  cl =   4503  lit =  175188  p =     0  d =     0  f =     1  +  T =     0.02 sec
  [bmc-prof 1726] wall=  20.275 p=     1 | ifo=  0.745(sd=0.185 nx=0.000 tfo=0.005 cnt=0.556) snap= 0.293 srm=  9.085 sat=  9.929(set=0.227 slv=9.700 max=9.7002 n=1) sim= 0.000(rmp=0.000 run=0.000) chk= 0.000 stat= 0.213 rest= 0.008
  [bmc-incr i=1727 repr=1 active=36/175188 POs=1]
BMC : c =      34  cl =   4503  lit =  175187  p =     0  d =     0  f =     1  +  T =     0.02 sec
  [bmc-prof 1727] wall=  20.963 p=     1 | ifo=  0.719(sd=0.192 nx=0.000 tfo=0.004 cnt=0.523) snap= 0.310 srm=  9.496 sat= 10.239(set=0.255 slv=9.980 max=9.9799 n=1) sim= 0.000(rmp=0.000 run=0.000) chk= 0.000 stat= 0.192 rest= 0.006
  [bmc-incr i=1728 repr=1 active=35/175187 POs=1]
BMC : c =      33  cl =   4503  lit =  175186  p =     0  d =     0  f =     1  +  T =     0.02 sec
  [bmc-prof 1728] wall=  20.979 p=     1 | ifo=  0.759(sd=0.184 nx=0.000 tfo=0.004 cnt=0.571) snap= 0.316 srm=  9.111 sat= 10.556(set=0.311 slv=10.240 max=10.2402 n=1) sim= 0.000(rmp=0.000 run=0.000) chk= 0.000 stat= 0.231 rest= 0.007
  [bmc-incr i=1729 repr=1 active=34/175186 POs=1]
BMC : c =      32  cl =   4503  lit =  175185  p =     0  d =     0  f =     1  +  T =     0.02 sec
  [bmc-prof 1729] wall=  24.856 p=     1 | ifo=  0.722(sd=0.197 nx=0.000 tfo=0.004 cnt=0.521) snap= 0.419 srm= 13.322 sat= 10.166(set=0.310 slv=9.854 max=9.8537 n=1) sim= 0.000(rmp=0.000 run=0.000) chk= 0.001 stat= 0.218 rest= 0.007
  [bmc-incr i=1730 repr=1 active=33/175185 POs=1]
BMC : c =      31  cl =   4503  lit =  175184  p =     0  d =     0  f =     1  +  T =     0.02 sec
  [bmc-prof 1730] wall=  20.043 p=     1 | ifo=  0.905(sd=0.199 nx=0.000 tfo=0.004 cnt=0.702) snap= 0.295 srm=  9.580 sat=  9.042(set=0.255 slv=8.785 max=8.7845 n=1) sim= 0.000(rmp=0.000 run=0.000) chk= 0.000 stat= 0.212 rest= 0.009
  [bmc-incr i=1731 repr=1 active=32/175184 POs=1]
BMC : c =      30  cl =   4503  lit =  175183  p =     0  d =     0  f =     1  +  T =     0.02 sec
  [bmc-prof 1731] wall=  20.259 p=     1 | ifo=  0.696(sd=0.191 nx=0.000 tfo=0.004 cnt=0.501) snap= 0.307 srm=  8.724 sat= 10.330(set=0.243 slv=10.083 max=10.0829 n=1) sim= 0.000(rmp=0.000 run=0.000) chk= 0.000 stat= 0.197 rest= 0.005
  [bmc-incr i=1732 repr=1 active=31/175183 POs=1]
BMC : c =      29  cl =   4503  lit =  175182  p =     0  d =     0  f =     1  +  T =     0.02 sec
  [bmc-prof 1732] wall=  22.309 p=     1 | ifo=  0.726(sd=0.204 nx=0.000 tfo=0.004 cnt=0.518) snap= 0.336 srm= 10.076 sat= 10.945(set=0.258 slv=10.684 max=10.6842 n=1) sim= 0.000(rmp=0.000 run=0.000) chk= 0.001 stat= 0.218 rest= 0.008
  [bmc-incr i=1733 repr=1 active=30/175182 POs=1]
BMC : c =      28  cl =   4503  lit =  175181  p =     0  d =     0  f =     1  +  T =     0.02 sec
  [bmc-prof 1733] wall=  21.628 p=     1 | ifo=  0.791(sd=0.212 nx=0.000 tfo=0.004 cnt=0.575) snap= 0.332 srm=  9.832 sat= 10.470(set=0.255 slv=10.211 max=10.2110 n=1) sim= 0.000(rmp=0.000 run=0.000) chk= 0.000 stat= 0.199 rest= 0.005
  [bmc-incr i=1734 repr=1 active=29/175181 POs=1]
BMC : c =      27  cl =   4503  lit =  175180  p =     0  d =     0  f =     1  +  T =     0.02 sec
  [bmc-prof 1734] wall=  19.077 p=     1 | ifo=  0.755(sd=0.206 nx=0.000 tfo=0.004 cnt=0.545) snap= 0.308 srm=  8.571 sat=  9.247(set=0.232 slv=9.012 max=9.0119 n=1) sim= 0.000(rmp=0.000 run=0.000) chk= 0.000 stat= 0.190 rest= 0.005
  [bmc-incr i=1735 repr=1 active=28/175180 POs=1]
BMC : c =      26  cl =   4503  lit =  175179  p =     0  d =     0  f =     1  +  T =     0.02 sec
  [bmc-prof 1735] wall=  19.492 p=     1 | ifo=  0.726(sd=0.207 nx=0.000 tfo=0.004 cnt=0.515) snap= 0.310 srm=  8.795 sat=  9.289(set=0.224 slv=9.062 max=9.0624 n=1) sim= 0.000(rmp=0.000 run=0.000) chk= 0.001 stat= 0.365 rest= 0.006
  [bmc-incr i=1736 repr=1 active=27/175179 POs=1]
BMC : c =      25  cl =   4503  lit =  175178  p =     0  d =     0  f =     1  +  T =     0.02 sec
  [bmc-prof 1736] wall=  21.322 p=     1 | ifo=  0.786(sd=0.235 nx=0.000 tfo=0.004 cnt=0.547) snap= 0.306 srm=  9.436 sat= 10.577(set=0.241 slv=10.333 max=10.3333 n=1) sim= 0.000(rmp=0.000 run=0.000) chk= 0.000 stat= 0.208 rest= 0.008
  [bmc-incr i=1737 repr=1 active=26/175178 POs=1]
BMC : c =      24  cl =   4503  lit =  175177  p =     0  d =     0  f =     1  +  T =     0.02 sec
  [bmc-prof 1737] wall=  19.398 p=     1 | ifo=  0.773(sd=0.204 nx=0.000 tfo=0.004 cnt=0.565) snap= 0.316 srm=  9.125 sat=  8.984(set=0.228 slv=8.753 max=8.7534 n=1) sim= 0.000(rmp=0.000 run=0.000) chk= 0.001 stat= 0.192 rest= 0.007
  [bmc-incr i=1738 repr=1 active=25/175177 POs=1]
BMC : c =      23  cl =   4503  lit =  175176  p =     0  d =     0  f =     1  +  T =     0.02 sec
  [bmc-prof 1738] wall=  22.607 p=     1 | ifo=  0.687(sd=0.179 nx=0.000 tfo=0.003 cnt=0.505) snap= 0.297 srm=  8.721 sat= 12.675(set=0.224 slv=12.447 max=12.4470 n=1) sim= 0.000(rmp=0.000 run=0.000) chk= 0.001 stat= 0.220 rest= 0.006
  [bmc-incr i=1739 repr=1 active=24/175176 POs=1]
BMC : c =      22  cl =   4503  lit =  175175  p =     0  d =     0  f =     1  +  T =     0.02 sec
  [bmc-prof 1739] wall=  20.073 p=     1 | ifo=  0.795(sd=0.223 nx=0.000 tfo=0.004 cnt=0.568) snap= 0.298 srm=  8.835 sat=  9.920(set=0.225 slv=9.693 max=9.6926 n=1) sim= 0.000(rmp=0.000 run=0.000) chk= 0.001 stat= 0.218 rest= 0.006
  [bmc-incr i=1740 repr=1 active=23/175175 POs=1]
BMC : c =      21  cl =   4503  lit =  175174  p =     0  d =     0  f =     1  +  T =     0.02 sec
  [bmc-prof 1740] wall=  20.743 p=     1 | ifo=  0.765(sd=0.212 nx=0.000 tfo=0.004 cnt=0.550) snap= 0.309 srm=  9.928 sat=  9.534(set=0.250 slv=9.281 max=9.2807 n=1) sim= 0.000(rmp=0.000 run=0.000) chk= 0.001 stat= 0.199 rest= 0.006
  [bmc-incr i=1741 repr=1 active=22/175174 POs=1]
BMC : c =      20  cl =   4503  lit =  175173  p =     0  d =     0  f =     1  +  T =     0.02 sec
  [bmc-prof 1741] wall=  21.159 p=     1 | ifo=  0.689(sd=0.187 nx=0.000 tfo=0.003 cnt=0.499) snap= 0.318 srm=  9.505 sat= 10.431(set=0.256 slv=10.170 max=10.1703 n=1) sim= 0.000(rmp=0.000 run=0.000) chk= 0.000 stat= 0.210 rest= 0.006
  [bmc-incr i=1742 repr=1 active=21/175173 POs=1]
BMC : c =      19  cl =   4503  lit =  175172  p =     0  d =     0  f =     1  +  T =     0.02 sec
  [bmc-prof 1742] wall=  20.214 p=     1 | ifo=  0.734(sd=0.194 nx=0.000 tfo=0.004 cnt=0.537) snap= 0.304 srm=  9.072 sat=  9.900(set=0.246 slv=9.650 max=9.6499 n=1) sim= 0.000(rmp=0.000 run=0.000) chk= 0.000 stat= 0.198 rest= 0.005
  [bmc-incr i=1743 repr=1 active=20/175172 POs=1]
BMC : c =      18  cl =   4503  lit =  175171  p =     0  d =     0  f =     1  +  T =     0.02 sec
  [bmc-prof 1743] wall=  19.343 p=     1 | ifo=  0.686(sd=0.187 nx=0.000 tfo=0.003 cnt=0.495) snap= 0.308 srm=  8.792 sat=  9.355(set=0.245 slv=9.107 max=9.1070 n=1) sim= 0.000(rmp=0.000 run=0.000) chk= 0.001 stat= 0.197 rest= 0.006
  [bmc-incr i=1744 repr=1 active=19/175171 POs=1]
BMC : c =      17  cl =   4503  lit =  175170  p =     0  d =     0  f =     1  +  T =     0.02 sec
  [bmc-prof 1744] wall=  22.281 p=     1 | ifo=  0.680(sd=0.189 nx=0.000 tfo=0.003 cnt=0.488) snap= 0.325 srm= 10.062 sat= 11.002(set=0.248 slv=10.750 max=10.7503 n=1) sim= 0.000(rmp=0.000 run=0.000) chk= 0.001 stat= 0.206 rest= 0.005
  [bmc-incr i=1745 repr=1 active=18/175170 POs=1]
BMC : c =      16  cl =   4503  lit =  175169  p =     0  d =     0  f =     1  +  T =     0.02 sec
  [bmc-prof 1745] wall=  21.181 p=     1 | ifo=  0.738(sd=0.197 nx=0.000 tfo=0.003 cnt=0.538) snap= 0.317 srm=  9.294 sat= 10.618(set=0.241 slv=10.374 max=10.3740 n=1) sim= 0.000(rmp=0.000 run=0.000) chk= 0.001 stat= 0.208 rest= 0.005
  [bmc-incr i=1746 repr=1 active=17/175169 POs=1]
BMC : c =      15  cl =   4503  lit =  175168  p =     0  d =     0  f =     1  +  T =     0.02 sec
  [bmc-prof 1746] wall=  21.336 p=     1 | ifo=  0.735(sd=0.199 nx=0.000 tfo=0.003 cnt=0.533) snap= 0.408 srm= 10.254 sat=  9.732(set=0.241 slv=9.488 max=9.4875 n=1) sim= 0.000(rmp=0.000 run=0.000) chk= 0.001 stat= 0.199 rest= 0.007
  [bmc-incr i=1747 repr=1 active=16/175168 POs=1]
BMC : c =      14  cl =   4503  lit =  175167  p =     0  d =     0  f =     1  +  T =     0.02 sec
  [bmc-prof 1747] wall=  19.920 p=     1 | ifo=  0.669(sd=0.185 nx=0.000 tfo=0.003 cnt=0.481) snap= 0.289 srm=  9.370 sat=  9.364(set=0.257 slv=9.105 max=9.1049 n=1) sim= 0.000(rmp=0.000 run=0.000) chk= 0.001 stat= 0.222 rest= 0.006
  [bmc-incr i=1748 repr=1 active=15/175167 POs=1]
BMC : c =      13  cl =   4503  lit =  175166  p =     0  d =     0  f =     1  +  T =     0.02 sec
  [bmc-prof 1748] wall=  21.368 p=     1 | ifo=  0.820(sd=0.214 nx=0.000 tfo=0.003 cnt=0.603) snap= 0.317 srm=  9.836 sat= 10.180(set=0.254 slv=9.923 max=9.9231 n=1) sim= 0.000(rmp=0.000 run=0.000) chk= 0.000 stat= 0.207 rest= 0.007
  [bmc-incr i=1749 repr=1 active=14/175166 POs=1]
BMC : c =      12  cl =   4503  lit =  175165  p =     0  d =     0  f =     1  +  T =     0.02 sec
  [bmc-prof 1749] wall=  20.628 p=     1 | ifo=  0.728(sd=0.198 nx=0.000 tfo=0.003 cnt=0.527) snap= 0.308 srm=  9.043 sat= 10.326(set=0.232 slv=10.091 max=10.0908 n=1) sim= 0.000(rmp=0.000 run=0.000) chk= 0.000 stat= 0.215 rest= 0.006
  [bmc-incr i=1750 repr=1 active=13/175165 POs=1]
BMC : c =      11  cl =   4503  lit =  175164  p =     0  d =     0  f =     1  +  T =     0.02 sec
  [bmc-prof 1750] wall=  20.148 p=     1 | ifo=  0.742(sd=0.183 nx=0.000 tfo=0.003 cnt=0.556) snap= 0.295 srm=  8.641 sat= 10.256(set=0.239 slv=10.013 max=10.0131 n=1) sim= 0.000(rmp=0.000 run=0.000) chk= 0.001 stat= 0.209 rest= 0.005
  [bmc-incr i=1751 repr=1 active=12/175164 POs=1]
BMC : c =      10  cl =   4503  lit =  175163  p =     0  d =     0  f =     1  +  T =     0.02 sec
  [bmc-prof 1751] wall=  20.512 p=     1 | ifo=  0.735(sd=0.185 nx=0.000 tfo=0.003 cnt=0.547) snap= 0.342 srm=  8.984 sat= 10.230(set=0.502 slv=9.724 max=9.7242 n=1) sim= 0.000(rmp=0.000 run=0.000) chk= 0.001 stat= 0.215 rest= 0.006
  [bmc-incr i=1752 repr=1 active=11/175163 POs=1]
BMC : c =       9  cl =   4503  lit =  175162  p =     0  d =     0  f =     1  +  T =     0.02 sec
  [bmc-prof 1752] wall=  22.791 p=     1 | ifo=  0.694(sd=0.194 nx=0.000 tfo=0.003 cnt=0.497) snap= 0.322 srm= 11.566 sat=  9.989(set=0.249 slv=9.737 max=9.7370 n=1) sim= 0.000(rmp=0.000 run=0.000) chk= 0.000 stat= 0.212 rest= 0.008
  [bmc-incr i=1753 repr=1 active=10/175162 POs=1]
BMC : c =       8  cl =   4503  lit =  175161  p =     0  d =     0  f =     1  +  T =     0.02 sec
  [bmc-prof 1753] wall=  20.862 p=     1 | ifo=  0.712(sd=0.197 nx=0.000 tfo=0.002 cnt=0.512) snap= 0.319 srm=  9.362 sat= 10.269(set=0.245 slv=10.020 max=10.0198 n=1) sim= 0.000(rmp=0.000 run=0.000) chk= 0.001 stat= 0.196 rest= 0.005
  [bmc-incr i=1754 repr=1 active=9/175161 POs=1]
BMC : c =       7  cl =   4503  lit =  175160  p =     0  d =     0  f =     1  +  T =     0.02 sec
  [bmc-prof 1754] wall=  20.908 p=     1 | ifo=  0.698(sd=0.190 nx=0.000 tfo=0.002 cnt=0.506) snap= 0.322 srm=  8.751 sat= 10.931(set=0.231 slv=10.697 max=10.6969 n=1) sim= 0.000(rmp=0.000 run=0.000) chk= 0.001 stat= 0.199 rest= 0.005
  [bmc-incr i=1755 repr=1 active=8/175160 POs=1]
BMC : c =       6  cl =   4503  lit =  175159  p =     0  d =     0  f =     1  +  T =     0.02 sec
  [bmc-prof 1755] wall=  21.525 p=     1 | ifo=  0.675(sd=0.181 nx=0.000 tfo=0.002 cnt=0.492) snap= 0.333 srm= 10.289 sat= 10.017(set=0.261 slv=9.754 max=9.7537 n=1) sim= 0.000(rmp=0.000 run=0.000) chk= 0.001 stat= 0.204 rest= 0.006
  [bmc-incr i=1756 repr=1 active=7/175159 POs=1]
BMC : c =       5  cl =   4503  lit =  175158  p =     0  d =     0  f =     1  +  T =     0.02 sec
  [bmc-prof 1756] wall=  20.342 p=     1 | ifo=  0.712(sd=0.194 nx=0.000 tfo=0.002 cnt=0.516) snap= 0.321 srm=  9.413 sat=  9.695(set=0.234 slv=9.458 max=9.4580 n=1) sim= 0.000(rmp=0.000 run=0.000) chk= 0.001 stat= 0.194 rest= 0.006
  [bmc-incr i=1757 repr=1 active=6/175158 POs=1]
BMC : c =       4  cl =   4503  lit =  175157  p =     0  d =     0  f =     1  +  T =     0.02 sec
  [bmc-prof 1757] wall=  23.510 p=     1 | ifo=  0.688(sd=0.187 nx=0.000 tfo=0.002 cnt=0.499) snap= 0.359 srm= 11.458 sat= 10.790(set=0.270 slv=10.517 max=10.5170 n=1) sim= 0.000(rmp=0.000 run=0.000) chk= 0.000 stat= 0.210 rest= 0.005
  [bmc-incr i=1758 repr=1 active=5/175157 POs=1]
BMC : c =       3  cl =   4503  lit =  175156  p =     0  d =     0  f =     1  +  T =     0.02 sec
  [bmc-prof 1758] wall=  19.310 p=     1 | ifo=  0.695(sd=0.206 nx=0.000 tfo=0.002 cnt=0.487) snap= 0.303 srm=  8.442 sat=  9.649(set=0.230 slv=9.417 max=9.4170 n=1) sim= 0.000(rmp=0.000 run=0.000) chk= 0.000 stat= 0.216 rest= 0.004
  [bmc-incr i=1759 repr=1 active=4/175156 POs=1]
BMC : c =       2  cl =   4503  lit =  175155  p =     0  d =     0  f =     1  +  T =     0.02 sec
  [bmc-prof 1759] wall=  21.334 p=     1 | ifo=  0.813(sd=0.197 nx=0.000 tfo=0.002 cnt=0.615) snap= 0.327 srm= 10.058 sat=  9.934(set=0.238 slv=9.693 max=9.6927 n=1) sim= 0.000(rmp=0.000 run=0.000) chk= 0.000 stat= 0.195 rest= 0.005
  [bmc-incr i=1760 repr=1 active=3/175155 POs=0]
  [bmc-prof ALL] wall=122051.953 p=1302024 | ifo=1648.659(sd=360.084 nx=0.000 tfo=347.765 cnt=940.810) snap=572.443 srm=16995.159 sat=99445.328(set=474.743 slv=98731.688 max=39.6886 n=1302024) sim=2986.187(rmp=89.509 run=2896.508) chk= 2.783 stat=375.269 rest=26.124
  1 : c =       1  cl =   4503  lit =  175153  p =174358  d =     0  f =     2  +  T =     0.15 sec
  [prof   1] wall= 153.878 p=174360 | ifo=  0.000(sd=0.000 nx=0.000 tfo=0.000 cnt=0.000) snap= 0.318 srm= 52.688 sat=100.305(set=4.611 slv=86.446 max=0.1374 n=174360) sim= 0.000(rmp=0.000 run=0.000) chk= 0.213 stat= 0.350 rest= 0.005
  [incr r=1 repr=2 next=2 tfo=1471 active=11/179656 POs=10]
  2 : c =       1  cl =   4503  lit =  175151  p =     8  d =     0  f =     2  +  T =     0.02 sec
  [prof   2] wall=  18.151 p=    10 | ifo=  1.145(sd=0.238 nx=0.192 tfo=0.026 cnt=0.688) snap= 0.297 srm= 15.273 sat=  1.246(set=1.164 slv=0.079 max=0.0548 n=10) sim= 0.000(rmp=0.000 run=0.000) chk= 0.002 stat= 0.184 rest= 0.005
  [incr r=2 repr=2 next=3 tfo=1470 active=9/179654 POs=8]
  3 : c =       0  cl =   4503  lit =  175150  p =     7  d =     0  f =     1  -  T =     0.02 sec
  [prof   3] wall=  25.148 p=     8 | ifo=  1.067(sd=0.197 nx=0.159 tfo=0.023 cnt=0.687) snap= 0.427 srm= 13.571 sat=  9.814(set=1.270 slv=8.541 max=8.5282 n=8) sim= 0.000(rmp=0.000 run=0.000) chk= 0.001 stat= 0.263 rest= 0.006
  4 : c =       0  cl =   4503  lit =  175150  p =     0  d =     0  f =     0  -  T =     0.00 sec
  [prof ALL] wall= 197.177 p=174378 | ifo=  2.211(sd=0.435 nx=0.351 tfo=0.049 cnt=1.376) snap= 1.042 srm= 81.532 sat=111.365(set=7.045 slv=95.065 max=8.5282 n=174378) sim= 0.000(rmp=0.000 run=0.000) chk= 0.215 stat= 0.797 rest= 0.016
Srm   =     0.09 sec (  0.07 %)
Sat   =     0.11 sec (  0.09 %)
Sim   =     0.00 sec (  0.00 %)
Other =   122.29 sec ( 99.84 %)
Incr  =     0.00 sec (  0.00 %)
Incr: fallback rounds = 0, skipped candidate pairs = 359290
TOTAL =   122.49 sec
NBeg = 324370. NEnd = 148995. (Gain =  54.07 %).  RBeg = 2630. REnd = 2629. (Gain =   0.04 %).
Flop output names are not available. Use command "&get -n".
[1;37m/home/zxr_wsl/benchmarks/incre_spec//Problem05_label47+token_ring.13.cil-2[0m : i/o =  28006/      1  ff =   2629  [1;36mand =  148995[0m  [1;35mlev = 1778[0m [1;35m(0.68)[0m  mem = 2.21 MB
