### benchmark: /home/zxr_wsl/benchmarks/incre_spec//Problem05_label43+token_ring.03.cil-1.aig
### opts:      &scorr -i -v -w
### timeout:   1800s
### date:      Wed May 27 22:25:11 CST 2026

======== ABC command line "&r /home/zxr_wsl/benchmarks/incre_spec//Problem05_label43+token_ring.03.cil-1.aig; &ps; &scorr -i -v -w; &ps"
Converted 0 1-valued FFs and 1028 DC-valued FFs.
Warning: The number of inputs does not match the number of input names.
[1;37m/home/zxr_wsl/benchmarks/incre_spec//Problem05_label43+token_ring.03.cil-1[0m : i/o =   7240/      1  ff =   1031  [1;36mand =  236394[0m  [1;35mlev = 1770[0m [1;35m(1.72)[0m  mem = 2.85 MB
cst =  237425  cls =      0  lit =  237425  unused =    7240  proof =     0
cst =  201734  cls =   1558  lit =  213185  unused =   29922  proof =     0
cst =  201710  cls =   1576  lit =  212294  unused =   30795  proof =     0
cst =  201691  cls =   1556  lit =  211643  unused =   31466  proof =     0
cst =  201679  cls =   1529  lit =  211129  unused =   32007  proof =     0
cst =  201668  cls =   1530  lit =  210880  unused =   32255  proof =     0
cst =  201665  cls =   1528  lit =  210689  unused =   32448  proof =     0
cst =  201663  cls =   1517  lit =  210552  unused =   32596  proof =     0
cst =  201660  cls =   1507  lit =  210449  unused =   32709  proof =     0
cst =  201654  cls =   1508  lit =  210358  unused =   32799  proof =     0
Obj =  245698. And =  236394. Conf =   100. Fr = 1. Lcorr = 0. Ring = 1. CSat = 1.
  0 : c =  201654  cl =   1508  lit =  210358  p =     0  d =     0  f =     0  +  T =     0.12 sec
BMC : c =  201629  cl =   1395  lit =  210010  p =     0  d =  7172  f =     0  +  T =     0.02 sec
  [bmc-prof   0] wall=  22.197 p=  7172 | ifo=  0.000(sd=0.000 nx=0.000 tfo=0.000 cnt=0.000) snap= 0.227 srm=  7.696 sat=  4.386(set=0.339 slv=3.553 max=0.0937 n=7172) sim= 9.757(rmp=0.359 run=9.397) chk= 0.007 stat= 0.119 rest= 0.004
BMC : c =  201587  cl =   1388  lit =  209663  p =     0  d =  6859  f =     0  +  T =     0.02 sec
  [bmc-prof   1] wall=  24.821 p=  6859 | ifo=  4.267(sd=0.178 nx=0.000 tfo=3.711 cnt=0.378) snap= 0.247 srm=  7.923 sat=  4.310(set=0.287 slv=3.569 max=0.0400 n=6859) sim= 7.961(rmp=0.343 run=7.617) chk= 0.006 stat= 0.103 rest= 0.005
BMC : c =  201572  cl =   1389  lit =  209284  p =     0  d =  6582  f =     0  +  T =     0.02 sec
  [bmc-prof   2] wall=  24.779 p=  6582 | ifo=  3.484(sd=0.148 nx=0.000 tfo=2.926 cnt=0.410) snap= 0.259 srm=  6.643 sat=  4.749(set=0.275 slv=4.010 max=0.0707 n=6582) sim= 9.508(rmp=0.390 run=9.117) chk= 0.008 stat= 0.124 rest= 0.004
BMC : c =  201547  cl =   1386  lit =  208883  p =     0  d =  6230  f =     0  +  T =     0.03 sec
  [bmc-prof   3] wall=  25.350 p=  6230 | ifo=  3.730(sd=0.205 nx=0.000 tfo=3.150 cnt=0.375) snap= 0.299 srm=  7.008 sat=  4.673(set=0.331 slv=3.892 max=0.0505 n=6230) sim= 9.522(rmp=0.372 run=9.149) chk= 0.006 stat= 0.108 rest= 0.004
BMC : c =  201544  cl =   1393  lit =  208478  p =     2  d =  5882  f =     1  +  T =     0.02 sec
  [bmc-prof   4] wall=  24.219 p=  5885 | ifo=  3.625(sd=0.162 nx=0.000 tfo=3.101 cnt=0.363) snap= 0.227 srm=  6.205 sat=  5.358(set=0.252 slv=4.685 max=0.0985 n=5885) sim= 8.687(rmp=0.341 run=8.345) chk= 0.006 stat= 0.108 rest= 0.004
BMC : c =  201527  cl =   1385  lit =  208028  p =     2  d =  5495  f =     2  +  T =     0.04 sec
  [bmc-prof   5] wall=  39.101 p=  5499 | ifo=  3.450(sd=0.154 nx=0.000 tfo=2.947 cnt=0.349) snap= 0.275 srm=  6.571 sat= 19.300(set=0.288 slv=18.478 max=0.1308 n=5499) sim= 9.240(rmp=0.451 run=8.789) chk= 0.005 stat= 0.255 rest= 0.005
BMC : c =  201497  cl =   1348  lit =  207546  p =     2  d =  5111  f =     1  +  T =     0.04 sec
  [bmc-prof   6] wall=  41.957 p=  5114 | ifo=  4.199(sd=0.163 nx=0.000 tfo=3.617 cnt=0.419) snap= 0.294 srm=  6.889 sat= 20.013(set=0.283 slv=19.182 max=0.1223 n=5114) sim=10.441(rmp=0.415 run=10.025) chk= 0.005 stat= 0.111 rest= 0.004
BMC : c =  201474  cl =   1291  lit =  207073  p =     4  d =  4719  f =     1  +  T =     0.04 sec
  [bmc-prof   7] wall=  39.926 p=  4724 | ifo=  3.673(sd=0.172 nx=0.000 tfo=3.154 cnt=0.347) snap= 0.233 srm=  6.434 sat= 20.369(set=0.238 slv=19.652 max=0.1843 n=4724) sim= 9.104(rmp=0.370 run=8.733) chk= 0.005 stat= 0.104 rest= 0.004
BMC : c =  201440  cl =   1259  lit =  206629  p =     4  d =  4327  f =     1  +  T =     0.04 sec
  [bmc-prof   8] wall=  44.296 p=  4332 | ifo=  3.529(sd=0.155 nx=0.000 tfo=3.033 cnt=0.341) snap= 0.240 srm=  6.298 sat= 23.912(set=0.438 slv=22.965 max=0.3287 n=4332) sim=10.163(rmp=0.405 run=9.757) chk= 0.004 stat= 0.145 rest= 0.005
BMC : c =  201427  cl =   1239  lit =  206257  p =     2  d =  3972  f =     0  +  T =     0.04 sec
  [bmc-prof   9] wall=  42.358 p=  3974 | ifo=  3.651(sd=0.176 nx=0.000 tfo=3.049 cnt=0.425) snap= 0.228 srm=  6.366 sat= 23.248(set=0.229 slv=22.516 max=0.2393 n=3974) sim= 8.760(rmp=0.403 run=8.356) chk= 0.003 stat= 0.099 rest= 0.004
BMC : c =  201393  cl =   1254  lit =  205877  p =     2  d =  3618  f =     1  +  T =     0.03 sec
  [bmc-prof  10] wall=  27.066 p=  3621 | ifo=  4.243(sd=0.311 nx=0.000 tfo=3.601 cnt=0.331) snap= 0.313 srm=  6.761 sat=  6.053(set=0.296 slv=5.418 max=0.0712 n=3621) sim= 9.581(rmp=0.372 run=9.209) chk= 0.004 stat= 0.106 rest= 0.004
BMC : c =  201348  cl =   1257  lit =  205465  p =     3  d =  3285  f =     0  +  T =     0.03 sec
  [bmc-prof  11] wall=  25.440 p=  3288 | ifo=  3.753(sd=0.155 nx=0.000 tfo=3.231 cnt=0.367) snap= 0.269 srm=  6.492 sat=  5.750(set=0.249 slv=5.193 max=0.0579 n=3288) sim= 9.051(rmp=0.380 run=8.670) chk= 0.004 stat= 0.116 rest= 0.004
BMC : c =  201283  cl =   1260  lit =  205058  p =     2  d =  2946  f =     1  +  T =     0.03 sec
  [bmc-prof  12] wall=  25.389 p=  2949 | ifo=  3.768(sd=0.191 nx=0.000 tfo=3.228 cnt=0.349) snap= 0.272 srm=  6.270 sat=  4.800(set=0.237 slv=4.303 max=0.0657 n=2949) sim=10.145(rmp=0.433 run=9.712) chk= 0.004 stat= 0.125 rest= 0.005
BMC : c =  201180  cl =   1235  lit =  204642  p =    18  d =  2604  f =     1  +  T =     0.02 sec
  [bmc-prof  13] wall=  24.001 p=  2623 | ifo=  3.986(sd=0.197 nx=0.000 tfo=3.426 cnt=0.363) snap= 0.300 srm=  6.074 sat=  4.247(set=0.233 slv=3.799 max=0.0771 n=2623) sim= 9.284(rmp=0.326 run=8.957) chk= 0.003 stat= 0.103 rest= 0.004
BMC : c =  201094  cl =   1209  lit =  204264  p =    20  d =  2331  f =     1  +  T =     0.02 sec
  [bmc-prof  14] wall=  24.207 p=  2352 | ifo=  3.811(sd=0.155 nx=0.000 tfo=3.290 cnt=0.366) snap= 0.329 srm=  6.547 sat=  4.447(set=0.222 slv=4.016 max=0.0592 n=2352) sim= 8.961(rmp=0.323 run=8.637) chk= 0.003 stat= 0.106 rest= 0.004
BMC : c =  200984  cl =   1184  lit =  203946  p =    22  d =  2068  f =     0  +  T =     0.03 sec
  [bmc-prof  15] wall=  25.306 p=  2090 | ifo=  3.521(sd=0.146 nx=0.000 tfo=3.025 cnt=0.350) snap= 0.247 srm=  6.432 sat=  5.508(set=0.197 slv=5.110 max=0.3207 n=2090) sim= 9.475(rmp=0.462 run=9.012) chk= 0.003 stat= 0.115 rest= 0.005
BMC : c =  200906  cl =   1189  lit =  203654  p =    37  d =  1934  f =     0  +  T =     0.02 sec
  [bmc-prof  16] wall=  23.870 p=  1971 | ifo=  3.785(sd=0.158 nx=0.000 tfo=3.252 cnt=0.375) snap= 0.308 srm=  6.432 sat=  4.384(set=0.231 slv=3.966 max=0.0538 n=1971) sim= 8.831(rmp=0.338 run=8.493) chk= 0.002 stat= 0.124 rest= 0.004
BMC : c =  200746  cl =   1198  lit =  203346  p =    10  d =  1743  f =     0  +  T =     0.02 sec
  [bmc-prof  17] wall=  24.776 p=  1753 | ifo=  3.567(sd=0.159 nx=0.000 tfo=3.032 cnt=0.376) snap= 0.250 srm=  6.865 sat=  4.250(set=0.192 slv=3.894 max=0.0265 n=1753) sim= 9.730(rmp=0.358 run=9.372) chk= 0.002 stat= 0.108 rest= 0.004
BMC : c =  200450  cl =   1196  lit =  202968  p =     9  d =  1648  f =     0  +  T =     0.02 sec
  [bmc-prof  18] wall=  24.997 p=  1657 | ifo=  3.412(sd=0.151 nx=0.000 tfo=2.884 cnt=0.376) snap= 0.341 srm=  6.115 sat=  5.486(set=0.261 slv=5.040 max=0.0735 n=1657) sim= 9.533(rmp=0.362 run=9.170) chk= 0.002 stat= 0.104 rest= 0.004
BMC : c =  200155  cl =   1232  lit =  202570  p =    17  d =  1642  f =     0  +  T =     0.03 sec
  [bmc-prof  19] wall=  32.293 p=  1659 | ifo=  4.194(sd=0.150 nx=0.000 tfo=3.674 cnt=0.370) snap= 0.283 srm=  6.163 sat= 12.912(set=0.185 slv=12.518 max=0.1569 n=1659) sim= 8.638(rmp=0.453 run=8.184) chk= 0.002 stat= 0.095 rest= 0.006
BMC : c =  199672  cl =   1251  lit =  202146  p =    23  d =  1564  f =     0  +  T =     0.03 sec
  [bmc-prof  20] wall=  33.424 p=  1587 | ifo=  4.222(sd=0.148 nx=0.000 tfo=3.616 cnt=0.458) snap= 0.425 srm=  6.219 sat= 13.670(set=0.292 slv=13.141 max=0.3125 n=1587) sim= 8.720(rmp=0.365 run=8.355) chk= 0.002 stat= 0.160 rest= 0.006
BMC : c =  199432  cl =   1223  lit =  201738  p =    17  d =  1377  f =     0  +  T =     0.03 sec
  [bmc-prof  21] wall=  32.451 p=  1394 | ifo=  4.510(sd=0.191 nx=0.000 tfo=3.972 cnt=0.347) snap= 0.352 srm=  5.654 sat= 11.850(set=0.240 slv=11.410 max=0.1884 n=1394) sim= 9.963(rmp=0.368 run=9.594) chk= 0.002 stat= 0.114 rest= 0.005
BMC : c =  199060  cl =   1207  lit =  201418  p =    14  d =  1187  f =     0  +  T =     0.03 sec
  [bmc-prof  22] wall=  32.195 p=  1201 | ifo=  4.144(sd=0.152 nx=0.000 tfo=3.649 cnt=0.343) snap= 0.308 srm=  5.781 sat= 12.149(set=0.225 slv=11.726 max=0.1775 n=1201) sim= 9.694(rmp=0.369 run=9.324) chk= 0.002 stat= 0.113 rest= 0.005
BMC : c =  198968  cl =   1167  lit =  201162  p =     7  d =  1020  f =     0  +  T =     0.03 sec
  [bmc-prof  23] wall=  28.923 p=  1027 | ifo=  4.229(sd=0.159 nx=0.000 tfo=3.702 cnt=0.367) snap= 0.262 srm=  7.141 sat=  8.506(set=0.166 slv=8.189 max=0.1723 n=1027) sim= 8.673(rmp=0.348 run=8.323) chk= 0.001 stat= 0.107 rest= 0.005
BMC : c =  198888  cl =   1129  lit =  200964  p =     8  d =   854  f =     0  +  T =     0.03 sec
  [bmc-prof  24] wall=  28.184 p=   862 | ifo=  4.194(sd=0.143 nx=0.000 tfo=3.694 cnt=0.356) snap= 0.244 srm=  6.073 sat=  8.150(set=0.155 slv=7.874 max=0.2064 n=862) sim= 9.387(rmp=0.404 run=8.982) chk= 0.002 stat= 0.131 rest= 0.004
BMC : c =  198640  cl =   1106  lit =  200865  p =    12  d =   730  f =     0  +  T =     0.12 sec
  [bmc-prof  25] wall= 118.357 p=   742 | ifo=  4.424(sd=0.193 nx=0.000 tfo=3.850 cnt=0.381) snap= 0.276 srm=  5.891 sat= 98.215(set=0.165 slv=97.744 max=0.6657 n=742) sim= 9.434(rmp=0.424 run=9.010) chk= 0.001 stat= 0.112 rest= 0.004
BMC : c =  198621  cl =   1097  lit =  200784  p =    12  d =   656  f =     0  +  T =     0.13 sec
  [bmc-prof  26] wall= 133.590 p=   668 | ifo=  4.655(sd=0.159 nx=0.000 tfo=4.136 cnt=0.360) snap= 0.256 srm=  5.729 sat=113.154(set=0.155 slv=112.699 max=0.5038 n=668) sim= 9.679(rmp=0.426 run=9.252) chk= 0.001 stat= 0.111 rest= 0.004
BMC : c =  198605  cl =   1096  lit =  200725  p =    10  d =   598  f =     0  +  T =     0.16 sec
  [bmc-prof  27] wall= 156.119 p=   608 | ifo=  4.304(sd=0.153 nx=0.000 tfo=3.818 cnt=0.334) snap= 0.285 srm=  5.758 sat=136.704(set=0.166 slv=136.233 max=0.5870 n=608) sim= 8.954(rmp=0.405 run=8.548) chk= 0.001 stat= 0.107 rest= 0.005
BMC : c =  198376  cl =   1084  lit =  200663  p =    12  d =   555  f =     0  +  T =     0.18 sec
  [bmc-prof  28] wall= 177.552 p=   567 | ifo=  4.605(sd=0.157 nx=0.000 tfo=4.084 cnt=0.364) snap= 0.256 srm=  6.243 sat=156.691(set=0.150 slv=156.284 max=0.7641 n=567) sim= 9.647(rmp=0.646 run=9.000) chk= 0.001 stat= 0.105 rest= 0.004
BMC : c =  198361  cl =   1083  lit =  200606  p =    13  d =   503  f =     0  +  T =     0.20 sec
  [bmc-prof  29] wall= 195.785 p=   516 | ifo=  4.296(sd=0.170 nx=0.000 tfo=3.784 cnt=0.342) snap= 0.237 srm=  5.867 sat=175.153(set=0.139 slv=174.749 max=1.2349 n=516) sim=10.109(rmp=0.453 run=9.655) chk= 0.001 stat= 0.118 rest= 0.004
BMC : c =  198347  cl =   1083  lit =  200549  p =    14  d =   462  f =     0  +  T =     0.20 sec
  [bmc-prof  30] wall= 200.070 p=   476 | ifo=  4.695(sd=0.157 nx=0.000 tfo=4.155 cnt=0.383) snap= 0.268 srm=  5.754 sat=179.912(set=0.154 slv=179.457 max=0.9706 n=476) sim= 9.303(rmp=0.452 run=8.849) chk= 0.001 stat= 0.133 rest= 0.005
BMC : c =  198337  cl =   1084  lit =  200489  p =    11  d =   423  f =     0  +  T =     0.23 sec
  [bmc-prof  31] wall= 227.648 p=   434 | ifo=  4.369(sd=0.248 nx=0.000 tfo=3.783 cnt=0.338) snap= 0.382 srm=  5.762 sat=207.740(set=0.245 slv=207.215 max=1.3576 n=434) sim= 9.273(rmp=0.402 run=8.870) chk= 0.001 stat= 0.114 rest= 0.007
BMC : c =  198325  cl =   1082  lit =  200441  p =    15  d =   374  f =     0  +  T =     0.23 sec
  [bmc-prof  32] wall= 228.243 p=   389 | ifo=  4.705(sd=0.154 nx=0.000 tfo=4.140 cnt=0.410) snap= 0.276 srm=  6.045 sat=207.979(set=0.144 slv=207.587 max=1.1162 n=389) sim= 9.103(rmp=0.396 run=8.707) chk= 0.001 stat= 0.129 rest= 0.005
BMC : c =  198315  cl =   1076  lit =  200402  p =    13  d =   342  f =     0  +  T =     0.24 sec
  [bmc-prof  33] wall= 244.027 p=   355 | ifo=  4.102(sd=0.200 nx=0.000 tfo=3.575 cnt=0.327) snap= 0.340 srm=  6.343 sat=224.354(set=0.198 slv=223.899 max=1.5603 n=355) sim= 8.774(rmp=0.397 run=8.376) chk= 0.001 stat= 0.108 rest= 0.005
BMC : c =  198301  cl =   1077  lit =  200361  p =    13  d =   314  f =     0  +  T =     0.26 sec
  [bmc-prof  34] wall= 257.271 p=   327 | ifo=  4.160(sd=0.146 nx=0.000 tfo=3.656 cnt=0.357) snap= 0.421 srm=  8.072 sat=235.556(set=0.245 slv=235.044 max=2.2275 n=327) sim= 8.930(rmp=0.380 run=8.549) chk= 0.001 stat= 0.126 rest= 0.005
BMC : c =  198291  cl =   1076  lit =  200324  p =    12  d =   288  f =     0  +  T =     0.27 sec
  [bmc-prof  35] wall= 265.191 p=   300 | ifo=  4.564(sd=0.244 nx=0.000 tfo=3.972 cnt=0.348) snap= 0.290 srm=  5.772 sat=241.869(set=0.190 slv=241.398 max=2.5782 n=300) sim=12.575(rmp=3.274 run=9.299) chk= 0.001 stat= 0.115 rest= 0.007
BMC : c =  198058  cl =   1070  lit =  200279  p =    15  d =   256  f =     0  +  T =     0.27 sec
  [bmc-prof  36] wall= 265.621 p=   271 | ifo=  4.446(sd=0.158 nx=0.000 tfo=3.909 cnt=0.378) snap= 0.271 srm=  5.960 sat=245.841(set=0.174 slv=245.438 max=2.2263 n=271) sim= 8.990(rmp=0.507 run=8.481) chk= 0.001 stat= 0.107 rest= 0.006
BMC : c =  198045  cl =   1071  lit =  200250  p =    13  d =   226  f =     0  +  T =     0.26 sec
  [bmc-prof  37] wall= 261.619 p=   239 | ifo=  4.208(sd=0.169 nx=0.000 tfo=3.701 cnt=0.337) snap= 0.326 srm=  5.749 sat=241.938(set=0.221 slv=241.503 max=2.4837 n=239) sim= 9.275(rmp=0.419 run=8.855) chk= 0.001 stat= 0.117 rest= 0.005
BMC : c =  198023  cl =   1067  lit =  200216  p =    13  d =   210  f =     0  +  T =     0.26 sec
  [bmc-prof  38] wall= 261.312 p=   223 | ifo=  4.363(sd=0.155 nx=0.000 tfo=3.835 cnt=0.374) snap= 0.239 srm=  6.019 sat=242.022(set=0.137 slv=241.646 max=2.2841 n=223) sim= 8.543(rmp=0.376 run=8.166) chk= 0.001 stat= 0.120 rest= 0.005
BMC : c =  198010  cl =   1068  lit =  200184  p =     9  d =   253  f =     0  +  T =     0.25 sec
  [bmc-prof  39] wall= 252.408 p=   262 | ifo=  4.390(sd=0.161 nx=0.000 tfo=3.845 cnt=0.384) snap= 0.246 srm=  6.318 sat=232.749(set=0.159 slv=232.364 max=3.0221 n=262) sim= 8.590(rmp=0.446 run=8.143) chk= 0.001 stat= 0.109 rest= 0.005
BMC : c =  197986  cl =   1068  lit =  200144  p =     9  d =   236  f =     0  +  T =     0.25 sec
  [bmc-prof  40] wall= 246.935 p=   245 | ifo=  4.266(sd=0.151 nx=0.000 tfo=3.624 cnt=0.491) snap= 0.335 srm=  5.714 sat=227.095(set=0.158 slv=226.745 max=2.4474 n=245) sim= 9.398(rmp=0.415 run=8.981) chk= 0.001 stat= 0.121 rest= 0.005
BMC : c =  197832  cl =   1066  lit =  200104  p =     8  d =   276  f =     0  +  T =     0.30 sec
  [bmc-prof  41] wall= 300.849 p=   284 | ifo=  4.664(sd=0.160 nx=0.000 tfo=4.078 cnt=0.426) snap= 0.260 srm=  5.764 sat=278.705(set=0.142 slv=277.938 max=3.1272 n=284) sim=11.332(rmp=0.461 run=10.870) chk= 0.001 stat= 0.118 rest= 0.005
BMC : c =  197052  cl =   1118  lit =  199994  p =    10  d =   528  f =     0  +  T =     0.50 sec
  [bmc-prof  42] wall= 496.127 p=   538 | ifo=  4.329(sd=0.159 nx=0.000 tfo=3.815 cnt=0.354) snap= 0.260 srm=  5.832 sat=475.283(set=0.153 slv=474.122 max=3.1528 n=538) sim=10.237(rmp=0.456 run=9.780) chk= 0.001 stat= 0.180 rest= 0.006
BMC : c =  194194  cl =   1302  lit =  199305  p =    40  d =  1642  f =     0  +  T =     0.57 sec
  [bmc-prof  43] wall= 574.093 p=  1682 | ifo=  3.675(sd=0.151 nx=0.000 tfo=3.209 cnt=0.316) snap= 0.401 srm=  7.251 sat=551.057(set=0.260 slv=549.903 max=4.3729 n=1682) sim=11.573(rmp=0.591 run=10.981) chk= 0.002 stat= 0.127 rest= 0.006
BMC : c =  187645  cl =   1588  lit =  197434  p =   353  d =  2764  f =     0  +  T =     0.25 sec
  [bmc-prof  44] wall= 252.106 p=  3117 | ifo=  3.512(sd=0.195 nx=0.000 tfo=2.957 cnt=0.361) snap= 0.313 srm=  6.680 sat=226.485(set=0.218 slv=225.040 max=3.5870 n=3117) sim=14.948(rmp=0.425 run=14.522) chk= 0.006 stat= 0.158 rest= 0.005
BMC : c =  169145  cl =   1848  lit =  194763  p =   860  d =  3047  f =     0  +  T =     0.27 sec
  [bmc-prof  45] wall= 266.765 p=  3907 | ifo=  3.104(sd=0.187 nx=0.000 tfo=2.531 cnt=0.387) snap= 0.241 srm=  6.695 sat=227.363(set=0.220 slv=226.418 max=4.5157 n=3907) sim=29.118(rmp=0.505 run=28.612) chk= 0.012 stat= 0.227 rest= 0.006
BMC : c =  136218  cl =   2059  lit =  192374  p =  3517  d =  2930  f =     2  +  T =     0.31 sec
  [bmc-prof  46] wall= 313.411 p=  6449 | ifo=  3.424(sd=0.281 nx=0.000 tfo=2.735 cnt=0.408) snap= 0.239 srm=  7.943 sat=251.840(set=0.281 slv=250.585 max=4.4985 n=6449) sim=49.819(rmp=0.426 run=49.391) chk= 0.014 stat= 0.128 rest= 0.005
BMC : c =   94386  cl =   2473  lit =  190188  p = 17744  d =  2978  f =     2  +  T =     0.48 sec
  [bmc-prof  47] wall= 477.453 p= 20724 | ifo=  2.554(sd=0.198 nx=0.000 tfo=2.012 cnt=0.344) snap= 0.290 srm= 13.434 sat=392.632(set=0.625 slv=388.083 max=5.3869 n=20724) sim=68.058(rmp=0.445 run=67.613) chk= 0.028 stat= 0.149 rest= 0.307
BMC : c =   45943  cl =   2967  lit =  187918  p = 54689  d =  2675  f =     2  +  T =     0.57 sec
  [bmc-prof  48] wall= 567.788 p= 57366 | ifo=  2.641(sd=0.235 nx=0.000 tfo=2.011 cnt=0.395) snap= 0.249 srm= 25.614 sat=464.500(set=1.535 slv=458.756 max=5.7530 n=57366) sim=74.411(rmp=0.445 run=73.965) chk= 0.055 stat= 0.170 rest= 0.148
BMC : c =   18873  cl =   3031  lit =  185791  p =118520  d =  2271  f =     9  +  T =     0.64 sec
  [bmc-prof  49] wall= 637.370 p=120800 | ifo=  2.657(sd=0.230 nx=0.000 tfo=2.047 cnt=0.380) snap= 0.272 srm= 59.720 sat=501.581(set=3.150 slv=490.625 max=9.0581 n=120800) sim=72.353(rmp=0.425 run=71.928) chk= 0.120 stat= 0.190 rest= 0.477
BMC : c =   10131  cl =   2981  lit =  183728  p =159032  d =  2350  f =    14  +  T =     0.95 sec
  [bmc-prof  50] wall= 951.701 p=161396 | ifo=  2.969(sd=0.211 nx=0.000 tfo=2.338 cnt=0.420) snap= 0.283 srm= 77.343 sat=797.063(set=4.930 slv=782.305 max=16.8021 n=161396) sim=73.299(rmp=0.412 run=72.886) chk= 0.119 stat= 0.206 rest= 0.419
BMC : c =    7077  cl =   2985  lit =  182002  p =170305  d =  1667  f =    19  +  T =     0.43 sec
  [bmc-prof  51] wall= 426.676 p=171991 | ifo=  2.732(sd=0.185 nx=0.000 tfo=2.143 cnt=0.404) snap= 0.348 srm= 78.293 sat=285.797(set=4.759 slv=270.145 max=10.7291 n=171991) sim=58.743(rmp=0.553 run=58.188) chk= 0.134 stat= 0.203 rest= 0.426
  [bmc-incr i=52 repr=3933 active=43080/182002 POs=36139]
BMC : c =    5472  cl =   3059  lit =  180329  p = 34182  d =  1947  f =    10  +  T =     0.35 sec
  [bmc-prof  52] wall= 354.671 p= 36139 | ifo=  1.466(sd=0.189 nx=0.000 tfo=0.814 cnt=0.462) snap= 0.262 srm= 14.680 sat=274.136(set=1.022 slv=269.859 max=7.3440 n=36139) sim=63.573(rmp=0.530 run=63.041) chk= 0.039 stat= 0.187 rest= 0.330
  [bmc-incr i=53 repr=2442 active=27749/180329 POs=22372]
BMC : c =    3878  cl =   3205  lit =  178605  p = 20911  d =  1454  f =     7  +  T =     0.15 sec
  [bmc-prof  53] wall= 145.537 p= 22372 | ifo=  1.306(sd=0.185 nx=0.000 tfo=0.602 cnt=0.519) snap= 0.250 srm= 13.510 sat= 73.288(set=0.768 slv=70.215 max=5.8205 n=22372) sim=57.001(rmp=0.410 run=56.590) chk= 0.020 stat= 0.155 rest= 0.008
  [bmc-incr i=54 repr=2463 active=5118/178605 POs=1250]
BMC : c =    2684  cl =   3285  lit =  176884  p =    60  d =  1184  f =     6  +  T =     0.09 sec
  [bmc-prof  54] wall=  95.017 p=  1250 | ifo=  0.903(sd=0.181 nx=0.000 tfo=0.267 cnt=0.454) snap= 0.303 srm=  5.378 sat= 41.964(set=0.296 slv=41.071 max=4.5650 n=1250) sim=46.292(rmp=0.386 run=45.905) chk= 0.002 stat= 0.165 rest= 0.008
  [bmc-incr i=55 repr=2070 active=3339/176884 POs=661]
BMC : c =    2031  cl =   3087  lit =  175801  p =     2  d =   655  f =     4  +  T =     0.08 sec
  [bmc-prof  55] wall=  75.828 p=   661 | ifo=  0.916(sd=0.174 nx=0.000 tfo=0.247 cnt=0.495) snap= 0.261 srm=  5.266 sat= 41.225(set=0.283 slv=40.681 max=4.6684 n=661) sim=28.005(rmp=0.458 run=27.546) chk= 0.001 stat= 0.147 rest= 0.006
  [bmc-incr i=56 repr=1150 active=2255/175801 POs=230]
BMC : c =    1802  cl =   2937  lit =  175394  p =     0  d =   225  f =     5  +  T =     0.04 sec
  [bmc-prof  56] wall=  44.210 p=   230 | ifo=  0.769(sd=0.152 nx=0.000 tfo=0.210 cnt=0.407) snap= 0.241 srm=  5.100 sat= 24.729(set=0.279 slv=24.339 max=5.2978 n=230) sim=13.160(rmp=0.390 run=12.768) chk= 0.001 stat= 0.167 rest= 0.042
  [bmc-incr i=57 repr=414 active=1848/175394 POs=48]
BMC : c =    1757  cl =   2905  lit =  175314  p =     0  d =    46  f =     2  +  T =     0.04 sec
  [bmc-prof  57] wall=  37.739 p=    48 | ifo=  0.836(sd=0.157 nx=0.000 tfo=0.212 cnt=0.467) snap= 0.266 srm=  4.582 sat= 20.011(set=0.116 slv=19.857 max=6.1025 n=48) sim=11.875(rmp=0.382 run=11.493) chk= 0.001 stat= 0.161 rest= 0.007
  [bmc-incr i=58 repr=83 active=1768/175314 POs=13]
BMC : c =    1745  cl =   2899  lit =  175296  p =     0  d =    11  f =     2  +  T =     0.03 sec
  [bmc-prof  58] wall=  30.220 p=    13 | ifo=  0.772(sd=0.149 nx=0.000 tfo=0.196 cnt=0.428) snap= 0.270 srm=  4.485 sat= 13.080(set=0.114 slv=12.953 max=6.1074 n=13) sim=11.403(rmp=0.368 run=11.034) chk= 0.000 stat= 0.202 rest= 0.007
  [bmc-incr i=59 repr=19 active=1750/175296 POs=7]
BMC : c =    1740  cl =   2898  lit =  175290  p =     0  d =     5  f =     2  +  T =     0.03 sec
  [bmc-prof  59] wall=  28.707 p=     7 | ifo=  0.883(sd=0.194 nx=0.000 tfo=0.159 cnt=0.530) snap= 0.299 srm=  4.462 sat=  9.662(set=0.115 slv=9.537 max=2.7937 n=7) sim=13.225(rmp=0.515 run=12.709) chk= 0.000 stat= 0.167 rest= 0.008
  [bmc-incr i=60 repr=7 active=1744/175290 POs=6]
BMC : c =      56  cl =   2898  lit =  175284  p =     0  d =     4  f =     2  +  T =     0.02 sec
  [bmc-prof  60] wall=  25.004 p=     6 | ifo=  0.820(sd=0.159 nx=0.000 tfo=0.128 cnt=0.534) snap= 0.255 srm=  4.558 sat=  8.221(set=0.107 slv=8.108 max=3.4767 n=6) sim=11.003(rmp=0.363 run=10.638) chk= 0.001 stat= 0.140 rest= 0.006
  [bmc-incr i=61 repr=1686 active=1738/175284 POs=1684]
BMC : c =      52  cl =   2897  lit =  175279  p =  1679  d =     3  f =     2  +  T =     0.29 sec
  [bmc-prof  61] wall= 289.052 p=  1684 | ifo=  0.657(sd=0.152 nx=0.000 tfo=0.080 cnt=0.425) snap= 0.293 srm=  4.849 sat=271.306(set=0.212 slv=270.939 max=3.4638 n=1684) sim=11.776(rmp=0.504 run=11.271) chk= 0.003 stat= 0.159 rest= 0.008
  [bmc-incr i=62 repr=5 active=54/175279 POs=4]
BMC : c =      48  cl =   2897  lit =  175275  p =     0  d =     2  f =     2  +  T =     0.03 sec
  [bmc-prof  62] wall=  27.634 p=     4 | ifo=  0.664(sd=0.153 nx=0.000 tfo=0.035 cnt=0.476) snap= 0.283 srm=  4.948 sat=  9.957(set=0.107 slv=9.844 max=5.1007 n=4) sim=11.591(rmp=0.343 run=11.246) chk= 0.000 stat= 0.184 rest= 0.007
  [bmc-incr i=63 repr=4 active=50/175275 POs=3]
BMC : c =      45  cl =   2897  lit =  175272  p =     0  d =     0  f =     3  +  T =     0.06 sec
  [bmc-prof  63] wall=  55.667 p=     3 | ifo=  0.739(sd=0.189 nx=0.000 tfo=0.008 cnt=0.541) snap= 0.258 srm=  4.647 sat= 49.807(set=0.102 slv=49.702 max=47.8095 n=3) sim= 0.000(rmp=0.000 run=0.000) chk= 0.001 stat= 0.206 rest= 0.008
  [bmc-incr i=64 repr=3 active=47/175272 POs=3]
BMC : c =      42  cl =   2897  lit =  175269  p =     0  d =     0  f =     3  +  T =     0.05 sec
  [bmc-prof  64] wall=  52.928 p=     3 | ifo=  0.603(sd=0.151 nx=0.000 tfo=0.005 cnt=0.446) snap= 0.247 srm=  4.514 sat= 47.365(set=0.094 slv=47.267 max=45.6085 n=3) sim= 0.000(rmp=0.000 run=0.000) chk= 0.001 stat= 0.193 rest= 0.005
  [bmc-incr i=65 repr=3 active=44/175269 POs=3]
BMC : c =      39  cl =   2897  lit =  175266  p =     0  d =     0  f =     3  +  T =     0.05 sec
  [bmc-prof  65] wall=  55.005 p=     3 | ifo=  0.761(sd=0.254 nx=0.000 tfo=0.005 cnt=0.501) snap= 0.255 srm=  4.603 sat= 49.198(set=0.093 slv=49.101 max=47.3479 n=3) sim= 0.000(rmp=0.000 run=0.000) chk= 0.001 stat= 0.181 rest= 0.006
  [bmc-incr i=66 repr=3 active=41/175266 POs=3]
BMC : c =      36  cl =   2897  lit =  175263  p =     0  d =     0  f =     3  +  T =     0.04 sec
  [bmc-prof  66] wall=  41.299 p=     3 | ifo=  0.573(sd=0.146 nx=0.000 tfo=0.005 cnt=0.421) snap= 0.296 srm=  4.535 sat= 35.695(set=0.104 slv=35.587 max=33.7022 n=3) sim= 0.000(rmp=0.000 run=0.000) chk= 0.001 stat= 0.194 rest= 0.006
  [bmc-incr i=67 repr=3 active=38/175263 POs=3]
BMC : c =      33  cl =   2897  lit =  175260  p =     0  d =     0  f =     3  +  T =     0.03 sec
  [bmc-prof  67] wall=  31.861 p=     3 | ifo=  0.619(sd=0.157 nx=0.000 tfo=0.005 cnt=0.457) snap= 0.261 srm=  5.093 sat= 25.701(set=0.099 slv=25.599 max=23.7381 n=3) sim= 0.000(rmp=0.000 run=0.000) chk= 0.001 stat= 0.180 rest= 0.006
  [bmc-incr i=68 repr=3 active=35/175260 POs=3]
BMC : c =      30  cl =   2897  lit =  175257  p =     0  d =     0  f =     3  +  T =     0.02 sec
  [bmc-prof  68] wall=  21.670 p=     3 | ifo=  0.645(sd=0.154 nx=0.000 tfo=0.004 cnt=0.486) snap= 0.256 srm=  4.747 sat= 15.823(set=0.099 slv=15.721 max=13.2694 n=3) sim= 0.000(rmp=0.000 run=0.000) chk= 0.001 stat= 0.194 rest= 0.005
  [bmc-incr i=69 repr=3 active=32/175257 POs=3]
BMC : c =      27  cl =   2897  lit =  175254  p =     0  d =     0  f =     3  +  T =     0.02 sec
  [bmc-prof  69] wall=  15.624 p=     3 | ifo=  0.761(sd=0.167 nx=0.000 tfo=0.005 cnt=0.589) snap= 0.268 srm=  5.065 sat=  9.367(set=0.104 slv=9.261 max=7.3890 n=3) sim= 0.000(rmp=0.000 run=0.000) chk= 0.001 stat= 0.159 rest= 0.005
  [bmc-incr i=70 repr=3 active=29/175254 POs=3]
BMC : c =      24  cl =   2897  lit =  175251  p =     0  d =     0  f =     3  +  T =     0.01 sec
  [bmc-prof  70] wall=  14.573 p=     3 | ifo=  0.603(sd=0.143 nx=0.000 tfo=0.004 cnt=0.456) snap= 0.245 srm=  4.490 sat=  9.055(set=0.094 slv=8.957 max=7.0239 n=3) sim= 0.000(rmp=0.000 run=0.000) chk= 0.001 stat= 0.174 rest= 0.006
  [bmc-incr i=71 repr=3 active=26/175251 POs=3]
BMC : c =      21  cl =   2897  lit =  175248  p =     0  d =     0  f =     3  +  T =     0.02 sec
  [bmc-prof  71] wall=  15.260 p=     3 | ifo=  0.878(sd=0.262 nx=0.000 tfo=0.004 cnt=0.611) snap= 0.238 srm=  4.829 sat=  9.127(set=0.091 slv=9.033 max=7.0287 n=3) sim= 0.000(rmp=0.000 run=0.000) chk= 0.001 stat= 0.182 rest= 0.007
  [bmc-incr i=72 repr=3 active=23/175248 POs=3]
BMC : c =      19  cl =   2896  lit =  175245  p =     0  d =     1  f =     2  +  T =     0.02 sec
  [bmc-prof  72] wall=  20.910 p=     3 | ifo=  0.649(sd=0.149 nx=0.000 tfo=0.004 cnt=0.495) snap= 0.248 srm=  4.786 sat=  4.007(set=0.115 slv=3.889 max=2.1775 n=3) sim=11.075(rmp=0.365 run=10.709) chk= 0.000 stat= 0.138 rest= 0.006
  [bmc-incr i=73 repr=3 active=20/175245 POs=2]
BMC : c =      17  cl =   2896  lit =  175243  p =     0  d =     0  f =     2  +  T =     0.01 sec
  [bmc-prof  73] wall=   7.654 p=     2 | ifo=  0.577(sd=0.148 nx=0.000 tfo=0.004 cnt=0.424) snap= 0.298 srm=  4.795 sat=  1.770(set=0.092 slv=1.676 max=0.9228 n=2) sim= 0.000(rmp=0.000 run=0.000) chk= 0.000 stat= 0.196 rest= 0.017
  [bmc-incr i=74 repr=2 active=18/175243 POs=2]
BMC : c =      15  cl =   2896  lit =  175241  p =     0  d =     0  f =     2  +  T =     0.01 sec
  [bmc-prof  74] wall=   7.246 p=     2 | ifo=  0.657(sd=0.139 nx=0.000 tfo=0.003 cnt=0.515) snap= 0.231 srm=  4.198 sat=  2.006(set=0.074 slv=1.929 max=0.9780 n=2) sim= 0.000(rmp=0.000 run=0.000) chk= 0.000 stat= 0.150 rest= 0.004
  [bmc-incr i=75 repr=2 active=16/175241 POs=2]
BMC : c =      13  cl =   2896  lit =  175239  p =     0  d =     0  f =     2  +  T =     0.01 sec
  [bmc-prof  75] wall=   6.949 p=     2 | ifo=  0.581(sd=0.134 nx=0.000 tfo=0.003 cnt=0.444) snap= 0.232 srm=  4.221 sat=  1.771(set=0.073 slv=1.696 max=0.8795 n=2) sim= 0.000(rmp=0.000 run=0.000) chk= 0.000 stat= 0.140 rest= 0.004
  [bmc-incr i=76 repr=2 active=14/175239 POs=2]
BMC : c =      11  cl =   2896  lit =  175237  p =     0  d =     0  f =     2  +  T =     0.01 sec
  [bmc-prof  76] wall=   7.314 p=     2 | ifo=  0.601(sd=0.136 nx=0.000 tfo=0.002 cnt=0.463) snap= 0.250 srm=  4.343 sat=  1.970(set=0.078 slv=1.889 max=0.9767 n=2) sim= 0.000(rmp=0.000 run=0.000) chk= 0.000 stat= 0.147 rest= 0.003
  [bmc-incr i=77 repr=2 active=12/175237 POs=2]
BMC : c =       9  cl =   2896  lit =  175235  p =     0  d =     0  f =     2  +  T =     0.01 sec
  [bmc-prof  77] wall=   7.796 p=     2 | ifo=  0.614(sd=0.139 nx=0.000 tfo=0.002 cnt=0.472) snap= 0.243 srm=  4.897 sat=  1.887(set=0.082 slv=1.803 max=0.9572 n=2) sim= 0.000(rmp=0.000 run=0.000) chk= 0.000 stat= 0.150 rest= 0.005
  [bmc-incr i=78 repr=2 active=10/175235 POs=2]
BMC : c =       7  cl =   2896  lit =  175233  p =     0  d =     0  f =     2  +  T =     0.01 sec
  [bmc-prof  78] wall=   7.119 p=     2 | ifo=  0.605(sd=0.140 nx=0.000 tfo=0.002 cnt=0.463) snap= 0.234 srm=  4.468 sat=  1.664(set=0.075 slv=1.587 max=0.8052 n=2) sim= 0.000(rmp=0.000 run=0.000) chk= 0.000 stat= 0.142 rest= 0.006
  [bmc-incr i=79 repr=2 active=8/175233 POs=2]
BMC : c =       5  cl =   2896  lit =  175231  p =     0  d =     0  f =     2  +  T =     0.01 sec
  [bmc-prof  79] wall=   6.720 p=     2 | ifo=  0.571(sd=0.131 nx=0.000 tfo=0.002 cnt=0.437) snap= 0.221 srm=  4.078 sat=  1.694(set=0.072 slv=1.620 max=0.9279 n=2) sim= 0.000(rmp=0.000 run=0.000) chk= 0.000 stat= 0.152 rest= 0.004
  [bmc-incr i=80 repr=2 active=6/175231 POs=2]
BMC : c =       3  cl =   2896  lit =  175229  p =     0  d =     0  f =     2  +  T =     0.01 sec
  [bmc-prof  80] wall=   7.006 p=     2 | ifo=  0.563(sd=0.127 nx=0.000 tfo=0.001 cnt=0.435) snap= 0.215 srm=  4.258 sat=  1.755(set=0.100 slv=1.653 max=0.8832 n=2) sim= 0.000(rmp=0.000 run=0.000) chk= 0.000 stat= 0.210 rest= 0.004
  [bmc-incr i=81 repr=2 active=4/175229 POs=1]
BMC : c =       2  cl =   2896  lit =  175228  p =     0  d =     0  f =     1  +  T =     0.01 sec
  [bmc-prof  81] wall=   5.875 p=     1 | ifo=  0.553(sd=0.127 nx=0.000 tfo=0.002 cnt=0.424) snap= 0.231 srm=  4.162 sat=  0.789(set=0.079 slv=0.708 max=0.7082 n=1) sim= 0.000(rmp=0.000 run=0.000) chk= 0.000 stat= 0.136 rest= 0.005
  [bmc-incr i=82 repr=1 active=3/175228 POs=0]
  [bmc-prof ALL] wall=11039.711 p=703742 | ifo=221.900(sd=13.884 nx=0.000 tfo=174.732 cnt=33.284) snap=22.603 srm=713.165 sat=8919.788(set=30.554 slv=8828.103 max=47.8095 n=703742) sim=1147.255(rmp=29.488 run=1117.706) chk= 0.680 stat=11.769 rest= 2.552
  1 : c =       1  cl =   2896  lit =  175214  p =176010  d =     0  f =    14  +  T =     0.38 sec
  [prof   1] wall= 382.143 p=176024 | ifo=  0.000(sd=0.000 nx=0.000 tfo=0.000 cnt=0.000) snap= 0.288 srm= 41.665 sat=339.723(set=5.104 slv=325.125 max=2.1205 n=176024) sim= 0.000(rmp=0.000 run=0.000) chk= 0.231 stat= 0.231 rest= 0.006
  [incr r=1 repr=14 next=26 tfo=2958 active=1485/178110 POs=1484]
  2 : c =       1  cl =   2896  lit =  175200  p =  1470  d =     0  f =    14  +  T =     0.22 sec
  [prof   2] wall= 223.888 p=  1484 | ifo=  1.084(sd=0.181 nx=0.227 tfo=0.087 cnt=0.590) snap= 0.206 srm=  6.031 sat=216.297(set=0.473 slv=215.692 max=0.8616 n=1484) sim= 0.000(rmp=0.000 run=0.000) chk= 0.065 stat= 0.199 rest= 0.007
  [incr r=2 repr=14 next=26 tfo=2956 active=1471/178096 POs=1470]
  3 : c =       0  cl =   2896  lit =  175187  p =  1457  d =     0  f =    13  -  T =     0.22 sec
  [prof   3] wall= 225.035 p=  1470 | ifo=  0.967(sd=0.163 nx=0.144 tfo=0.085 cnt=0.576) snap= 0.231 srm=  7.446 sat=216.135(set=0.593 slv=215.408 max=0.8660 n=1470) sim= 0.000(rmp=0.000 run=0.000) chk= 0.058 stat= 0.193 rest= 0.006
  [incr r=3 repr=13 next=24 tfo=2954 active=1457/178083 POs=1457]
  4 : c =       0  cl =   2896  lit =  175175  p =  1445  d =     0  f =    12  -  T =     0.22 sec
  [prof   4] wall= 217.626 p=  1457 | ifo=  0.939(sd=0.158 nx=0.139 tfo=0.081 cnt=0.561) snap= 0.272 srm=  3.350 sat=212.803(set=0.180 slv=212.498 max=0.8184 n=1457) sim= 0.000(rmp=0.000 run=0.000) chk= 0.057 stat= 0.198 rest= 0.007
  [incr r=4 repr=12 next=23 tfo=2952 active=1445/178071 POs=1445]
  5 : c =       0  cl =   2896  lit =  175164  p =  1434  d =     0  f =    11  -  T =     0.21 sec
  [prof   5] wall= 214.656 p=  1445 | ifo=  0.920(sd=0.156 nx=0.137 tfo=0.083 cnt=0.544) snap= 0.227 srm=  3.163 sat=210.068(set=0.178 slv=209.758 max=0.7918 n=1445) sim= 0.000(rmp=0.000 run=0.000) chk= 0.049 stat= 0.223 rest= 0.006
  [incr r=5 repr=11 next=22 tfo=2950 active=1434/178060 POs=1434]
  6 : c =       0  cl =   2896  lit =  175153  p =  1423  d =     0  f =    11  -  T =     0.21 sec
  [prof   6] wall= 212.679 p=  1434 | ifo=  0.896(sd=0.153 nx=0.132 tfo=0.079 cnt=0.532) snap= 0.205 srm=  3.041 sat=208.163(set=0.166 slv=207.871 max=0.8560 n=1434) sim= 0.000(rmp=0.000 run=0.000) chk= 0.081 stat= 0.287 rest= 0.006
  [incr r=6 repr=11 next=22 tfo=2948 active=1423/178049 POs=1423]
  7 : c =       0  cl =   2896  lit =  175142  p =  1412  d =     0  f =    11  -  T =     0.21 sec
  [prof   7] wall= 211.680 p=  1423 | ifo=  1.034(sd=0.201 nx=0.177 tfo=0.093 cnt=0.563) snap= 0.207 srm=  3.107 sat=207.071(set=0.176 slv=206.763 max=0.9165 n=1423) sim= 0.000(rmp=0.000 run=0.000) chk= 0.055 stat= 0.199 rest= 0.007
  [incr r=7 repr=11 next=22 tfo=2946 active=1412/178038 POs=1412]
  8 : c =       0  cl =   2896  lit =  175131  p =  1401  d =     0  f =    11  -  T =     0.21 sec
  [prof   8] wall= 210.064 p=  1412 | ifo=  0.980(sd=0.159 nx=0.141 tfo=0.087 cnt=0.593) snap= 0.249 srm=  3.240 sat=205.351(set=0.334 slv=204.890 max=0.8804 n=1412) sim= 0.000(rmp=0.000 run=0.000) chk= 0.052 stat= 0.187 rest= 0.006
  [incr r=8 repr=11 next=21 tfo=2944 active=1401/178027 POs=1401]
  9 : c =       0  cl =   2896  lit =  175121  p =  1391  d =     0  f =    10  -  T =     0.21 sec
  [prof   9] wall= 212.509 p=  1401 | ifo=  0.998(sd=0.148 nx=0.137 tfo=0.080 cnt=0.633) snap= 0.375 srm=  3.369 sat=207.520(set=0.170 slv=207.232 max=0.8432 n=1401) sim= 0.000(rmp=0.000 run=0.000) chk= 0.051 stat= 0.190 rest= 0.006
  [incr r=9 repr=10 next=20 tfo=1486 active=1390/178017 POs=1390]
 10 : c =       0  cl =   2896  lit =  175111  p =  1380  d =     0  f =    10  -  T =     0.21 sec
  [prof  10] wall= 209.469 p=  1390 | ifo=  0.896(sd=0.152 nx=0.136 tfo=0.059 cnt=0.550) snap= 0.239 srm=  3.216 sat=204.878(set=0.187 slv=204.566 max=0.8040 n=1390) sim= 0.000(rmp=0.000 run=0.000) chk= 0.049 stat= 0.185 rest= 0.006
  [incr r=10 repr=10 next=20 tfo=1485 active=1380/178007 POs=1380]
 11 : c =       0  cl =   2896  lit =  175101  p =  1370  d =     0  f =    10  -  T =     0.20 sec
  [prof  11] wall= 204.799 p=  1380 | ifo=  0.868(sd=0.151 nx=0.134 tfo=0.056 cnt=0.528) snap= 0.208 srm=  2.960 sat=200.524(set=0.153 slv=200.248 max=1.5634 n=1380) sim= 0.000(rmp=0.000 run=0.000) chk= 0.048 stat= 0.185 rest= 0.007
  [incr r=11 repr=10 next=20 tfo=1484 active=1370/177997 POs=1370]
 12 : c =       0  cl =   2896  lit =  175091  p =  1360  d =     0  f =    10  -  T =     0.21 sec
  [prof  12] wall= 205.649 p=  1370 | ifo=  0.943(sd=0.151 nx=0.134 tfo=0.055 cnt=0.603) snap= 0.222 srm=  3.102 sat=201.131(set=0.155 slv=200.852 max=0.9538 n=1370) sim= 0.000(rmp=0.000 run=0.000) chk= 0.051 stat= 0.193 rest= 0.007
  [incr r=12 repr=10 next=20 tfo=1483 active=1360/177987 POs=1360]
 13 : c =       0  cl =   2896  lit =  175081  p =  1350  d =     0  f =    10  -  T =     0.20 sec
  [prof  13] wall= 202.507 p=  1360 | ifo=  0.908(sd=0.153 nx=0.138 tfo=0.056 cnt=0.561) snap= 0.225 srm=  3.171 sat=197.953(set=0.174 slv=197.648 max=0.8528 n=1360) sim= 0.000(rmp=0.000 run=0.000) chk= 0.049 stat= 0.194 rest= 0.006
  [incr r=13 repr=10 next=20 tfo=1482 active=1350/177977 POs=1350]
 14 : c =       0  cl =   2896  lit =  175071  p =  1340  d =     0  f =    10  -  T =     0.20 sec
  [prof  14] wall= 198.621 p=  1350 | ifo=  0.908(sd=0.156 nx=0.146 tfo=0.056 cnt=0.551) snap= 0.225 srm=  3.143 sat=194.091(set=0.177 slv=193.797 max=0.8211 n=1350) sim= 0.000(rmp=0.000 run=0.000) chk= 0.052 stat= 0.196 rest= 0.005
  [incr r=14 repr=10 next=20 tfo=1481 active=1340/177967 POs=1340]
 15 : c =       0  cl =   2896  lit =  175061  p =  1330  d =     0  f =    10  -  T =     0.20 sec
  [prof  15] wall= 197.383 p=  1340 | ifo=  0.937(sd=0.157 nx=0.139 tfo=0.059 cnt=0.582) snap= 0.226 srm=  3.273 sat=192.687(set=0.173 slv=192.397 max=1.0061 n=1340) sim= 0.000(rmp=0.000 run=0.000) chk= 0.048 stat= 0.206 rest= 0.006
  [incr r=15 repr=10 next=20 tfo=1480 active=1330/177957 POs=1330]
 16 : c =       0  cl =   2896  lit =  175051  p =  1320  d =     0  f =    10  -  T =     0.20 sec
  [prof  16] wall= 196.584 p=  1330 | ifo=  0.884(sd=0.152 nx=0.135 tfo=0.070 cnt=0.527) snap= 0.206 srm=  2.983 sat=192.188(set=0.166 slv=191.903 max=0.7850 n=1330) sim= 0.000(rmp=0.000 run=0.000) chk= 0.073 stat= 0.244 rest= 0.006
  [incr r=16 repr=10 next=20 tfo=1479 active=1320/177947 POs=1320]
 17 : c =       0  cl =   2896  lit =  175041  p =  1310  d =     0  f =    10  -  T =     0.20 sec
  [prof  17] wall= 195.684 p=  1320 | ifo=  1.119(sd=0.263 nx=0.191 tfo=0.061 cnt=0.604) snap= 0.213 srm=  3.079 sat=191.025(set=0.151 slv=190.758 max=0.8782 n=1320) sim= 0.000(rmp=0.000 run=0.000) chk= 0.052 stat= 0.188 rest= 0.008
  [incr r=17 repr=10 next=20 tfo=1478 active=1310/177937 POs=1310]
 18 : c =       0  cl =   2896  lit =  175031  p =  1300  d =     0  f =    10  -  T =     0.20 sec
  [prof  18] wall= 195.513 p=  1310 | ifo=  0.911(sd=0.155 nx=0.137 tfo=0.056 cnt=0.563) snap= 0.235 srm=  3.109 sat=191.004(set=0.178 slv=190.713 max=1.3728 n=1310) sim= 0.000(rmp=0.000 run=0.000) chk= 0.049 stat= 0.196 rest= 0.009
  [incr r=18 repr=10 next=20 tfo=1477 active=1300/177927 POs=1300]
 19 : c =       0  cl =   2896  lit =  175021  p =  1290  d =     0  f =    10  -  T =     0.19 sec
  [prof  19] wall= 191.367 p=  1300 | ifo=  1.150(sd=0.159 nx=0.309 tfo=0.062 cnt=0.620) snap= 0.214 srm=  3.171 sat=186.571(set=0.163 slv=186.294 max=0.7557 n=1300) sim= 0.000(rmp=0.000 run=0.000) chk= 0.054 stat= 0.201 rest= 0.007
  [incr r=19 repr=10 next=20 tfo=1476 active=1290/177917 POs=1290]
 20 : c =       0  cl =   2896  lit =  175011  p =  1280  d =     0  f =    10  -  T =     0.19 sec
  [prof  20] wall= 192.502 p=  1290 | ifo=  0.930(sd=0.161 nx=0.138 tfo=0.055 cnt=0.576) snap= 0.340 srm=  3.112 sat=187.869(set=0.175 slv=187.581 max=1.1873 n=1290) sim= 0.000(rmp=0.000 run=0.000) chk= 0.049 stat= 0.195 rest= 0.005
  [incr r=20 repr=10 next=20 tfo=1475 active=1280/177907 POs=1280]
 21 : c =       0  cl =   2896  lit =  175001  p =  1270  d =     0  f =    10  -  T =     0.19 sec
  [prof  21] wall= 187.231 p=  1280 | ifo=  0.920(sd=0.167 nx=0.138 tfo=0.055 cnt=0.560) snap= 0.222 srm=  3.203 sat=182.562(set=0.173 slv=182.269 max=0.8433 n=1280) sim= 0.000(rmp=0.000 run=0.000) chk= 0.069 stat= 0.249 rest= 0.006
  [incr r=21 repr=10 next=20 tfo=1474 active=1270/177897 POs=1270]
 22 : c =       0  cl =   2896  lit =  174991  p =  1260  d =     0  f =    10  -  T =     0.19 sec
  [prof  22] wall= 191.183 p=  1270 | ifo=  0.866(sd=0.145 nx=0.133 tfo=0.057 cnt=0.530) snap= 0.203 srm=  2.906 sat=186.971(set=0.153 slv=186.694 max=1.2369 n=1270) sim= 0.000(rmp=0.000 run=0.000) chk= 0.045 stat= 0.184 rest= 0.007
  [incr r=22 repr=10 next=20 tfo=1473 active=1260/177887 POs=1260]
 23 : c =       0  cl =   2896  lit =  174981  p =  1250  d =     0  f =    10  -  T =     0.19 sec
  [prof  23] wall= 189.649 p=  1260 | ifo=  0.863(sd=0.149 nx=0.133 tfo=0.056 cnt=0.525) snap= 0.214 srm=  2.983 sat=185.360(set=0.165 slv=185.081 max=0.8750 n=1260) sim= 0.000(rmp=0.000 run=0.000) chk= 0.043 stat= 0.179 rest= 0.005
  [incr r=23 repr=10 next=20 tfo=1472 active=1250/177877 POs=1250]
 24 : c =       0  cl =   2896  lit =  174971  p =  1240  d =     0  f =    10  -  T =     0.19 sec
  [prof  24] wall= 189.647 p=  1250 | ifo=  0.981(sd=0.160 nx=0.139 tfo=0.055 cnt=0.628) snap= 0.237 srm=  3.628 sat=184.564(set=0.177 slv=184.276 max=0.7782 n=1250) sim= 0.000(rmp=0.000 run=0.000) chk= 0.045 stat= 0.186 rest= 0.007
  [incr r=24 repr=10 next=20 tfo=1471 active=1240/177867 POs=1240]
 25 : c =       0  cl =   2896  lit =  174961  p =  1230  d =     0  f =    10  -  T =     0.18 sec
  [prof  25] wall= 183.480 p=  1240 | ifo=  0.846(sd=0.149 nx=0.134 tfo=0.053 cnt=0.510) snap= 0.284 srm=  3.086 sat=179.017(set=0.194 slv=178.716 max=0.8252 n=1240) sim= 0.000(rmp=0.000 run=0.000) chk= 0.047 stat= 0.195 rest= 0.006
  [incr r=25 repr=10 next=20 tfo=1470 active=1230/177857 POs=1230]
 26 : c =       0  cl =   2896  lit =  174951  p =  1220  d =     0  f =    10  -  T =     0.18 sec
  [prof  26] wall= 184.093 p=  1230 | ifo=  1.138(sd=0.157 nx=0.138 tfo=0.056 cnt=0.787) snap= 0.230 srm=  3.326 sat=179.150(set=0.163 slv=178.876 max=0.8852 n=1230) sim= 0.000(rmp=0.000 run=0.000) chk= 0.046 stat= 0.196 rest= 0.008
  [incr r=26 repr=10 next=20 tfo=1469 active=1220/177847 POs=1220]
 27 : c =       0  cl =   2896  lit =  174941  p =  1210  d =     0  f =    10  -  T =     0.18 sec
  [prof  27] wall= 179.709 p=  1220 | ifo=  0.902(sd=0.152 nx=0.135 tfo=0.056 cnt=0.559) snap= 0.202 srm=  2.981 sat=175.391(set=0.150 slv=175.131 max=0.8343 n=1220) sim= 0.000(rmp=0.000 run=0.000) chk= 0.042 stat= 0.185 rest= 0.005
  [incr r=27 repr=10 next=20 tfo=1468 active=1210/177837 POs=1210]
 28 : c =       0  cl =   2896  lit =  174931  p =  1200  d =     0  f =    10  -  T =     0.18 sec
  [prof  28] wall= 181.093 p=  1210 | ifo=  0.848(sd=0.147 nx=0.125 tfo=0.054 cnt=0.522) snap= 0.268 srm=  3.166 sat=176.582(set=0.221 slv=176.251 max=0.8022 n=1210) sim= 0.000(rmp=0.000 run=0.000) chk= 0.042 stat= 0.181 rest= 0.006
  [incr r=28 repr=10 next=20 tfo=1467 active=1200/177827 POs=1200]
 29 : c =       0  cl =   2896  lit =  174921  p =  1190  d =     0  f =    10  -  T =     0.18 sec
  [prof  29] wall= 182.031 p=  1200 | ifo=  0.833(sd=0.147 nx=0.127 tfo=0.056 cnt=0.503) snap= 0.300 srm=  3.174 sat=177.474(set=0.192 slv=177.182 max=0.8981 n=1200) sim= 0.000(rmp=0.000 run=0.000) chk= 0.046 stat= 0.197 rest= 0.007
  [incr r=29 repr=10 next=20 tfo=1466 active=1190/177817 POs=1190]
 30 : c =       0  cl =   2896  lit =  174911  p =  1180  d =     0  f =    10  -  T =     0.18 sec
  [prof  30] wall= 180.703 p=  1190 | ifo=  1.016(sd=0.159 nx=0.139 tfo=0.057 cnt=0.662) snap= 0.222 srm=  3.064 sat=176.125(set=0.168 slv=175.855 max=0.8596 n=1190) sim= 0.000(rmp=0.000 run=0.000) chk= 0.043 stat= 0.226 rest= 0.007
  [incr r=30 repr=10 next=20 tfo=1465 active=1180/177807 POs=1180]
 31 : c =       0  cl =   2896  lit =  174901  p =  1170  d =     0  f =    10  -  T =     0.18 sec
  [prof  31] wall= 175.296 p=  1180 | ifo=  0.873(sd=0.165 nx=0.141 tfo=0.055 cnt=0.512) snap= 0.238 srm=  3.119 sat=170.822(set=0.169 slv=170.548 max=0.8433 n=1180) sim= 0.000(rmp=0.000 run=0.000) chk= 0.047 stat= 0.192 rest= 0.006
  [incr r=31 repr=10 next=20 tfo=1464 active=1170/177797 POs=1170]
 32 : c =       0  cl =   2896  lit =  174891  p =  1160  d =     0  f =    10  -  T =     0.17 sec
  [prof  32] wall= 173.264 p=  1170 | ifo=  1.055(sd=0.166 nx=0.144 tfo=0.055 cnt=0.690) snap= 0.203 srm=  3.085 sat=168.684(set=0.156 slv=168.423 max=0.8472 n=1170) sim= 0.000(rmp=0.000 run=0.000) chk= 0.044 stat= 0.187 rest= 0.006
  [incr r=32 repr=10 next=20 tfo=1463 active=1160/177787 POs=1160]
 33 : c =       0  cl =   2896  lit =  174881  p =  1150  d =     0  f =    10  -  T =     0.18 sec
  [prof  33] wall= 175.392 p=  1160 | ifo=  0.886(sd=0.150 nx=0.134 tfo=0.056 cnt=0.546) snap= 0.252 srm=  3.040 sat=170.830(set=0.177 slv=170.548 max=0.9128 n=1160) sim= 0.000(rmp=0.000 run=0.000) chk= 0.045 stat= 0.332 rest= 0.006
  [incr r=33 repr=10 next=20 tfo=1462 active=1150/177777 POs=1150]
 34 : c =       0  cl =   2896  lit =  174871  p =  1140  d =     0  f =    10  -  T =     0.17 sec
  [prof  34] wall= 173.546 p=  1150 | ifo=  0.919(sd=0.158 nx=0.147 tfo=0.056 cnt=0.558) snap= 0.216 srm=  2.987 sat=169.168(set=0.164 slv=168.900 max=0.7856 n=1150) sim= 0.000(rmp=0.000 run=0.000) chk= 0.047 stat= 0.203 rest= 0.006
  [incr r=34 repr=10 next=20 tfo=1461 active=1140/177767 POs=1140]
 35 : c =       0  cl =   2896  lit =  174861  p =  1130  d =     0  f =    10  -  T =     0.17 sec
  [prof  35] wall= 170.939 p=  1140 | ifo=  0.999(sd=0.150 nx=0.136 tfo=0.071 cnt=0.642) snap= 0.211 srm=  2.983 sat=166.508(set=0.151 slv=166.258 max=0.8599 n=1140) sim= 0.000(rmp=0.000 run=0.000) chk= 0.042 stat= 0.190 rest= 0.006
  [incr r=35 repr=10 next=20 tfo=1460 active=1130/177757 POs=1130]
 36 : c =       0  cl =   2896  lit =  174851  p =  1120  d =     0  f =    10  -  T =     0.17 sec
  [prof  36] wall= 167.616 p=  1130 | ifo=  0.840(sd=0.150 nx=0.127 tfo=0.053 cnt=0.511) snap= 0.220 srm=  2.913 sat=163.417(set=0.162 slv=163.150 max=0.8472 n=1130) sim= 0.000(rmp=0.000 run=0.000) chk= 0.039 stat= 0.181 rest= 0.005
  [incr r=36 repr=10 next=20 tfo=1459 active=1120/177747 POs=1120]
 37 : c =       0  cl =   2896  lit =  174841  p =  1110  d =     0  f =    10  -  T =     0.17 sec
  [prof  37] wall= 170.467 p=  1120 | ifo=  0.885(sd=0.167 nx=0.132 tfo=0.054 cnt=0.533) snap= 0.205 srm=  2.938 sat=166.153(set=0.151 slv=165.898 max=0.9419 n=1120) sim= 0.000(rmp=0.000 run=0.000) chk= 0.045 stat= 0.195 rest= 0.046
  [incr r=37 repr=10 next=20 tfo=1458 active=1110/177737 POs=1110]
 38 : c =       0  cl =   2896  lit =  174831  p =  1100  d =     0  f =    10  -  T =     0.17 sec
  [prof  38] wall= 168.325 p=  1110 | ifo=  0.915(sd=0.156 nx=0.137 tfo=0.053 cnt=0.568) snap= 0.220 srm=  3.073 sat=163.878(set=0.169 slv=163.573 max=1.2222 n=1110) sim= 0.000(rmp=0.000 run=0.000) chk= 0.042 stat= 0.192 rest= 0.006
  [incr r=38 repr=10 next=20 tfo=1457 active=1100/177727 POs=1100]
 39 : c =       0  cl =   2896  lit =  174821  p =  1090  d =     0  f =    10  -  T =     0.17 sec
  [prof  39] wall= 166.329 p=  1100 | ifo=  0.909(sd=0.155 nx=0.138 tfo=0.055 cnt=0.561) snap= 0.220 srm=  3.080 sat=161.884(set=0.170 slv=161.613 max=0.7647 n=1100) sim= 0.000(rmp=0.000 run=0.000) chk= 0.042 stat= 0.187 rest= 0.006
  [incr r=39 repr=10 next=20 tfo=1456 active=1090/177717 POs=1090]
 40 : c =       0  cl =   2896  lit =  174811  p =  1080  d =     0  f =    10  -  T =     0.16 sec
  [prof  40] wall= 161.658 p=  1090 | ifo=  0.851(sd=0.149 nx=0.133 tfo=0.059 cnt=0.511) snap= 0.213 srm=  2.942 sat=157.356(set=0.151 slv=157.106 max=0.8408 n=1090) sim= 0.000(rmp=0.000 run=0.000) chk= 0.043 stat= 0.246 rest= 0.006
  [incr r=40 repr=10 next=20 tfo=1455 active=1080/177707 POs=1080]
 41 : c =       0  cl =   2896  lit =  174801  p =  1070  d =     0  f =    10  -  T =     0.16 sec
  [prof  41] wall= 161.052 p=  1080 | ifo=  1.296(sd=0.445 nx=0.191 tfo=0.058 cnt=0.602) snap= 0.212 srm=  3.349 sat=155.882(set=0.151 slv=155.634 max=1.1544 n=1080) sim= 0.000(rmp=0.000 run=0.000) chk= 0.058 stat= 0.247 rest= 0.007
  [incr r=41 repr=10 next=20 tfo=1454 active=1070/177697 POs=1070]
 42 : c =       0  cl =   2896  lit =  174791  p =  1060  d =     0  f =    10  -  T =     0.16 sec
  [prof  42] wall= 163.015 p=  1070 | ifo=  0.996(sd=0.182 nx=0.174 tfo=0.057 cnt=0.583) snap= 0.204 srm=  3.176 sat=158.410(set=0.173 slv=158.141 max=0.7810 n=1070) sim= 0.000(rmp=0.000 run=0.000) chk= 0.040 stat= 0.181 rest= 0.007
  [incr r=42 repr=10 next=20 tfo=1453 active=1060/177687 POs=1060]
 43 : c =       0  cl =   2896  lit =  174781  p =  1050  d =     0  f =    10  -  T =     0.16 sec
  [prof  43] wall= 158.698 p=  1060 | ifo=  0.953(sd=0.149 nx=0.152 tfo=0.056 cnt=0.596) snap= 0.201 srm=  2.896 sat=154.421(set=0.179 slv=154.145 max=0.8057 n=1060) sim= 0.000(rmp=0.000 run=0.000) chk= 0.038 stat= 0.183 rest= 0.007
  [incr r=43 repr=10 next=20 tfo=1452 active=1050/177677 POs=1050]
 44 : c =       0  cl =   2896  lit =  174771  p =  1040  d =     0  f =    10  -  T =     0.16 sec
  [prof  44] wall= 160.307 p=  1050 | ifo=  0.907(sd=0.148 nx=0.147 tfo=0.053 cnt=0.560) snap= 0.204 srm=  2.958 sat=156.002(set=0.161 slv=155.745 max=1.4048 n=1050) sim= 0.000(rmp=0.000 run=0.000) chk= 0.041 stat= 0.190 rest= 0.006
  [incr r=44 repr=10 next=20 tfo=1451 active=1040/177667 POs=1040]
 45 : c =       0  cl =   2896  lit =  174761  p =  1030  d =     0  f =    10  -  T =     0.16 sec
  [prof  45] wall= 159.886 p=  1040 | ifo=  0.930(sd=0.156 nx=0.136 tfo=0.058 cnt=0.580) snap= 0.236 srm=  3.148 sat=155.334(set=0.171 slv=155.073 max=0.7827 n=1040) sim= 0.000(rmp=0.000 run=0.000) chk= 0.041 stat= 0.192 rest= 0.006
  [incr r=45 repr=10 next=20 tfo=1450 active=1030/177657 POs=1030]
 46 : c =       0  cl =   2896  lit =  174751  p =  1020  d =     0  f =    10  -  T =     0.16 sec
  [prof  46] wall= 163.906 p=  1030 | ifo=  0.934(sd=0.157 nx=0.137 tfo=0.060 cnt=0.580) snap= 0.226 srm=  3.134 sat=159.358(set=0.173 slv=159.076 max=1.4542 n=1030) sim= 0.000(rmp=0.000 run=0.000) chk= 0.046 stat= 0.203 rest= 0.006
  [incr r=46 repr=10 next=20 tfo=1449 active=1020/177647 POs=1020]
 47 : c =       0  cl =   2896  lit =  174741  p =  1010  d =     0  f =    10  -  T =     0.16 sec
  [prof  47] wall= 163.788 p=  1020 | ifo=  0.961(sd=0.159 nx=0.139 tfo=0.057 cnt=0.605) snap= 0.242 srm=  4.183 sat=158.134(set=0.198 slv=157.837 max=0.8223 n=1020) sim= 0.000(rmp=0.000 run=0.000) chk= 0.039 stat= 0.223 rest= 0.007
  [incr r=47 repr=10 next=20 tfo=1448 active=1010/177637 POs=1010]
 48 : c =       0  cl =   2896  lit =  174731  p =  1000  d =     0  f =    10  -  T =     0.15 sec
  [prof  48] wall= 153.308 p=  1010 | ifo=  0.888(sd=0.151 nx=0.132 tfo=0.054 cnt=0.551) snap= 0.221 srm=  3.248 sat=148.707(set=0.168 slv=148.435 max=0.7965 n=1010) sim= 0.000(rmp=0.000 run=0.000) chk= 0.042 stat= 0.196 rest= 0.006
  [incr r=48 repr=10 next=20 tfo=1447 active=1000/177627 POs=1000]
 49 : c =       0  cl =   2896  lit =  174721  p =   990  d =     0  f =    10  -  T =     0.15 sec
  [prof  49] wall= 154.282 p=  1000 | ifo=  0.986(sd=0.157 nx=0.138 tfo=0.058 cnt=0.633) snap= 0.292 srm=  3.132 sat=149.637(set=0.206 slv=149.344 max=0.9729 n=1000) sim= 0.000(rmp=0.000 run=0.000) chk= 0.040 stat= 0.190 rest= 0.006
  [incr r=49 repr=10 next=20 tfo=1446 active=990/177617 POs=990]
 50 : c =       0  cl =   2896  lit =  174711  p =   980  d =     0  f =    10  -  T =     0.15 sec
  [prof  50] wall= 153.083 p=   990 | ifo=  0.896(sd=0.155 nx=0.135 tfo=0.053 cnt=0.553) snap= 0.232 srm=  3.256 sat=148.473(set=0.176 slv=148.208 max=0.7977 n=990) sim= 0.000(rmp=0.000 run=0.000) chk= 0.038 stat= 0.182 rest= 0.006
  [incr r=50 repr=10 next=20 tfo=1445 active=980/177607 POs=980]
 51 : c =       0  cl =   2896  lit =  174701  p =   970  d =     0  f =    10  -  T =     0.15 sec
  [prof  51] wall= 150.705 p=   980 | ifo=  0.870(sd=0.162 nx=0.129 tfo=0.050 cnt=0.528) snap= 0.217 srm=  3.024 sat=146.341(set=0.170 slv=146.084 max=1.0948 n=980) sim= 0.000(rmp=0.000 run=0.000) chk= 0.040 stat= 0.207 rest= 0.006
  [incr r=51 repr=10 next=19 tfo=1444 active=970/177597 POs=970]
 52 : c =       0  cl =   2896  lit =  174692  p =   961  d =     0  f =     9  -  T =     0.15 sec
  [prof  52] wall= 146.462 p=   970 | ifo=  1.109(sd=0.243 nx=0.192 tfo=0.057 cnt=0.617) snap= 0.219 srm=  3.334 sat=141.578(set=0.164 slv=141.327 max=0.8999 n=970) sim= 0.000(rmp=0.000 run=0.000) chk= 0.033 stat= 0.182 rest= 0.007
  [incr r=52 repr=9 next=18 tfo=1443 active=961/177588 POs=961]
 53 : c =       0  cl =   2896  lit =  174683  p =   952  d =     0  f =     9  -  T =     0.15 sec
  [prof  53] wall= 146.226 p=   961 | ifo=  0.822(sd=0.143 nx=0.126 tfo=0.052 cnt=0.501) snap= 0.215 srm=  2.972 sat=141.993(set=0.152 slv=141.755 max=0.8002 n=961) sim= 0.000(rmp=0.000 run=0.000) chk= 0.034 stat= 0.183 rest= 0.007
  [incr r=53 repr=9 next=18 tfo=1442 active=952/177579 POs=952]
 54 : c =       0  cl =   2896  lit =  174674  p =   943  d =     0  f =     9  -  T =     0.15 sec
  [prof  54] wall= 147.073 p=   952 | ifo=  1.028(sd=0.167 nx=0.185 tfo=0.056 cnt=0.619) snap= 0.201 srm=  2.941 sat=142.672(set=0.152 slv=142.432 max=0.9946 n=952) sim= 0.000(rmp=0.000 run=0.000) chk= 0.034 stat= 0.190 rest= 0.008
  [incr r=54 repr=9 next=18 tfo=1441 active=943/177570 POs=943]
 55 : c =       0  cl =   2896  lit =  174665  p =   934  d =     0  f =     9  -  T =     0.14 sec
  [prof  55] wall= 140.880 p=   943 | ifo=  0.880(sd=0.150 nx=0.132 tfo=0.052 cnt=0.545) snap= 0.222 srm=  3.649 sat=135.904(set=0.159 slv=135.659 max=0.9546 n=943) sim= 0.000(rmp=0.000 run=0.000) chk= 0.035 stat= 0.182 rest= 0.007
  [incr r=55 repr=9 next=18 tfo=1440 active=934/177561 POs=934]
 56 : c =       0  cl =   2896  lit =  174656  p =   925  d =     0  f =     9  -  T =     0.14 sec
  [prof  56] wall= 141.093 p=   934 | ifo=  1.691(sd=0.143 nx=0.151 tfo=0.053 cnt=1.343) snap= 0.202 srm=  3.060 sat=135.897(set=0.144 slv=135.672 max=0.8275 n=934) sim= 0.000(rmp=0.000 run=0.000) chk= 0.036 stat= 0.201 rest= 0.007
  [incr r=56 repr=9 next=18 tfo=1439 active=925/177552 POs=925]
 57 : c =       0  cl =   2896  lit =  174647  p =   916  d =     0  f =     9  -  T =     0.14 sec
  [prof  57] wall= 140.385 p=   925 | ifo=  0.907(sd=0.160 nx=0.138 tfo=0.051 cnt=0.558) snap= 0.221 srm=  3.093 sat=135.928(set=0.163 slv=135.682 max=0.8112 n=925) sim= 0.000(rmp=0.000 run=0.000) chk= 0.036 stat= 0.195 rest= 0.005
  [incr r=57 repr=9 next=18 tfo=1438 active=916/177543 POs=916]
 58 : c =       0  cl =   2896  lit =  174638  p =   907  d =     0  f =     9  -  T =     0.14 sec
  [prof  58] wall= 141.274 p=   916 | ifo=  1.107(sd=0.161 nx=0.229 tfo=0.058 cnt=0.658) snap= 0.255 srm=  3.242 sat=136.438(set=0.157 slv=136.199 max=0.8528 n=916) sim= 0.000(rmp=0.000 run=0.000) chk= 0.033 stat= 0.191 rest= 0.007
  [incr r=58 repr=9 next=18 tfo=1437 active=907/177534 POs=907]
 59 : c =       0  cl =   2896  lit =  174629  p =   898  d =     0  f =     9  -  T =     0.14 sec
  [prof  59] wall= 136.637 p=   907 | ifo=  0.860(sd=0.148 nx=0.132 tfo=0.053 cnt=0.526) snap= 0.237 srm=  3.096 sat=132.216(set=0.240 slv=131.897 max=0.8646 n=907) sim= 0.000(rmp=0.000 run=0.000) chk= 0.034 stat= 0.188 rest= 0.006
  [incr r=59 repr=9 next=18 tfo=1436 active=898/177525 POs=898]
 60 : c =       0  cl =   2896  lit =  174620  p =   889  d =     0  f =     9  -  T =     0.14 sec
  [prof  60] wall= 137.272 p=   898 | ifo=  0.883(sd=0.150 nx=0.133 tfo=0.051 cnt=0.549) snap= 0.248 srm=  3.181 sat=132.727(set=0.185 slv=132.462 max=0.9567 n=898) sim= 0.000(rmp=0.000 run=0.000) chk= 0.033 stat= 0.194 rest= 0.006
  [incr r=60 repr=9 next=18 tfo=1435 active=889/177516 POs=889]
 61 : c =       0  cl =   2896  lit =  174611  p =   880  d =     0  f =     9  -  T =     0.14 sec
  [prof  61] wall= 136.018 p=   889 | ifo=  0.925(sd=0.149 nx=0.134 tfo=0.053 cnt=0.590) snap= 0.261 srm=  3.158 sat=131.455(set=0.192 slv=131.185 max=0.9102 n=889) sim= 0.000(rmp=0.000 run=0.000) chk= 0.032 stat= 0.180 rest= 0.007
  [incr r=61 repr=9 next=18 tfo=1434 active=880/177507 POs=880]
 62 : c =       0  cl =   2896  lit =  174602  p =   871  d =     0  f =     9  -  T =     0.13 sec
  [prof  62] wall= 131.881 p=   880 | ifo=  0.842(sd=0.146 nx=0.127 tfo=0.054 cnt=0.516) snap= 0.213 srm=  2.887 sat=127.704(set=0.162 slv=127.464 max=0.8316 n=880) sim= 0.000(rmp=0.000 run=0.000) chk= 0.034 stat= 0.195 rest= 0.006
  [incr r=62 repr=9 next=18 tfo=1433 active=871/177498 POs=871]
 63 : c =       0  cl =   2896  lit =  174593  p =   862  d =     0  f =     9  -  T =     0.13 sec
  [prof  63] wall= 132.399 p=   871 | ifo=  0.904(sd=0.156 nx=0.138 tfo=0.053 cnt=0.557) snap= 0.239 srm=  3.635 sat=127.373(set=0.164 slv=127.131 max=0.8638 n=871) sim= 0.000(rmp=0.000 run=0.000) chk= 0.033 stat= 0.208 rest= 0.006
  [incr r=63 repr=9 next=18 tfo=1432 active=862/177489 POs=862]
 64 : c =       0  cl =   2896  lit =  174584  p =   853  d =     0  f =     9  -  T =     0.13 sec
  [prof  64] wall= 134.130 p=   862 | ifo=  1.158(sd=0.314 nx=0.156 tfo=0.056 cnt=0.632) snap= 0.217 srm=  3.272 sat=129.245(set=0.179 slv=128.992 max=0.8303 n=862) sim= 0.000(rmp=0.000 run=0.000) chk= 0.031 stat= 0.201 rest= 0.006
  [incr r=64 repr=9 next=18 tfo=1431 active=853/177480 POs=853]
 65 : c =       0  cl =   2896  lit =  174575  p =   844  d =     0  f =     9  -  T =     0.13 sec
  [prof  65] wall= 130.204 p=   853 | ifo=  0.880(sd=0.152 nx=0.132 tfo=0.050 cnt=0.546) snap= 0.200 srm=  2.933 sat=125.958(set=0.276 slv=125.597 max=0.9728 n=853) sim= 0.000(rmp=0.000 run=0.000) chk= 0.032 stat= 0.194 rest= 0.006
  [incr r=65 repr=9 next=18 tfo=1430 active=844/177471 POs=844]
 66 : c =       0  cl =   2896  lit =  174566  p =   835  d =     0  f =     9  -  T =     0.13 sec
  [prof  66] wall= 132.127 p=   844 | ifo=  0.912(sd=0.158 nx=0.139 tfo=0.057 cnt=0.558) snap= 0.227 srm=  3.075 sat=127.675(set=0.170 slv=127.423 max=1.4633 n=844) sim= 0.000(rmp=0.000 run=0.000) chk= 0.031 stat= 0.200 rest= 0.006
  [incr r=66 repr=9 next=18 tfo=1429 active=835/177462 POs=835]
 67 : c =       0  cl =   2896  lit =  174557  p =   826  d =     0  f =     9  -  T =     0.13 sec
  [prof  67] wall= 129.037 p=   835 | ifo=  0.881(sd=0.147 nx=0.132 tfo=0.061 cnt=0.540) snap= 0.776 srm=  3.256 sat=123.833(set=0.197 slv=123.561 max=0.8491 n=835) sim= 0.000(rmp=0.000 run=0.000) chk= 0.038 stat= 0.244 rest= 0.009
  [incr r=67 repr=9 next=18 tfo=1428 active=826/177453 POs=826]
 68 : c =       0  cl =   2896  lit =  174548  p =   817  d =     0  f =     9  -  T =     0.12 sec
  [prof  68] wall= 125.091 p=   826 | ifo=  1.000(sd=0.180 nx=0.169 tfo=0.057 cnt=0.594) snap= 0.200 srm=  2.857 sat=120.808(set=0.262 slv=120.468 max=0.8112 n=826) sim= 0.000(rmp=0.000 run=0.000) chk= 0.031 stat= 0.188 rest= 0.006
  [incr r=68 repr=9 next=18 tfo=1427 active=817/177444 POs=817]
 69 : c =       0  cl =   2896  lit =  174539  p =   808  d =     0  f =     9  -  T =     0.13 sec
  [prof  69] wall= 126.859 p=   817 | ifo=  0.898(sd=0.146 nx=0.149 tfo=0.052 cnt=0.552) snap= 0.242 srm=  3.288 sat=122.207(set=0.178 slv=121.951 max=0.8328 n=817) sim= 0.000(rmp=0.000 run=0.000) chk= 0.032 stat= 0.185 rest= 0.007
  [incr r=69 repr=9 next=18 tfo=1426 active=808/177435 POs=808]
 70 : c =       0  cl =   2896  lit =  174530  p =   799  d =     0  f =     9  -  T =     0.12 sec
  [prof  70] wall= 123.029 p=   808 | ifo=  0.871(sd=0.152 nx=0.129 tfo=0.054 cnt=0.536) snap= 0.232 srm=  3.514 sat=118.104(set=0.173 slv=117.856 max=0.8739 n=808) sim= 0.000(rmp=0.000 run=0.000) chk= 0.047 stat= 0.255 rest= 0.006
  [incr r=70 repr=9 next=17 tfo=1425 active=799/177426 POs=799]
 71 : c =       0  cl =   2896  lit =  174522  p =   791  d =     0  f =     8  -  T =     0.12 sec
  [prof  71] wall= 121.236 p=   799 | ifo=  0.989(sd=0.184 nx=0.169 tfo=0.056 cnt=0.580) snap= 0.203 srm=  3.074 sat=116.741(set=0.164 slv=116.491 max=0.9126 n=799) sim= 0.000(rmp=0.000 run=0.000) chk= 0.028 stat= 0.193 rest= 0.009
  [incr r=71 repr=8 next=16 tfo=1424 active=791/177418 POs=791]
 72 : c =       0  cl =   2896  lit =  174514  p =   783  d =     0  f =     8  -  T =     0.12 sec
  [prof  72] wall= 121.097 p=   791 | ifo=  0.894(sd=0.151 nx=0.135 tfo=0.052 cnt=0.556) snap= 0.218 srm=  2.994 sat=116.743(set=0.161 slv=116.513 max=1.0232 n=791) sim= 0.000(rmp=0.000 run=0.000) chk= 0.035 stat= 0.206 rest= 0.007
  [incr r=72 repr=8 next=16 tfo=1423 active=783/177410 POs=783]
 73 : c =       0  cl =   2896  lit =  174506  p =   775  d =     0  f =     8  -  T =     0.12 sec
  [prof  73] wall= 120.498 p=   783 | ifo=  0.969(sd=0.170 nx=0.148 tfo=0.054 cnt=0.598) snap= 0.226 srm=  3.052 sat=116.025(set=0.168 slv=115.786 max=0.8639 n=783) sim= 0.000(rmp=0.000 run=0.000) chk= 0.032 stat= 0.188 rest= 0.006
  [incr r=73 repr=8 next=16 tfo=1422 active=775/177402 POs=775]
 74 : c =       0  cl =   2896  lit =  174498  p =   767  d =     0  f =     8  -  T =     0.12 sec
  [prof  74] wall= 118.971 p=   775 | ifo=  0.911(sd=0.155 nx=0.154 tfo=0.053 cnt=0.548) snap= 0.215 srm=  2.841 sat=114.776(set=0.164 slv=114.537 max=1.0900 n=775) sim= 0.000(rmp=0.000 run=0.000) chk= 0.027 stat= 0.192 rest= 0.007
  [incr r=74 repr=8 next=16 tfo=1421 active=767/177394 POs=767]
 75 : c =       0  cl =   2896  lit =  174490  p =   759  d =     0  f =     8  -  T =     0.12 sec
  [prof  75] wall= 117.174 p=   767 | ifo=  0.892(sd=0.152 nx=0.136 tfo=0.055 cnt=0.549) snap= 0.254 srm=  3.061 sat=112.747(set=0.185 slv=112.495 max=0.8762 n=767) sim= 0.000(rmp=0.000 run=0.000) chk= 0.027 stat= 0.189 rest= 0.006
  [incr r=75 repr=8 next=16 tfo=1420 active=759/177386 POs=759]
 76 : c =       0  cl =   2896  lit =  174482  p =   751  d =     0  f =     8  -  T =     0.12 sec
  [prof  76] wall= 115.883 p=   759 | ifo=  1.347(sd=0.151 nx=0.138 tfo=0.051 cnt=1.007) snap= 0.205 srm=  3.203 sat=110.855(set=0.178 slv=110.608 max=0.8582 n=759) sim= 0.000(rmp=0.000 run=0.000) chk= 0.032 stat= 0.235 rest= 0.007
  [incr r=76 repr=8 next=16 tfo=1419 active=751/177378 POs=751]
 77 : c =       0  cl =   2896  lit =  174474  p =   743  d =     0  f =     8  -  T =     0.11 sec
  [prof  77] wall= 114.985 p=   751 | ifo=  0.970(sd=0.171 nx=0.167 tfo=0.053 cnt=0.580) snap= 0.214 srm=  2.981 sat=110.590(set=0.190 slv=110.329 max=0.8196 n=751) sim= 0.000(rmp=0.000 run=0.000) chk= 0.026 stat= 0.198 rest= 0.007
  [incr r=77 repr=8 next=16 tfo=1418 active=743/177370 POs=743]
 78 : c =       0  cl =   2896  lit =  174466  p =   735  d =     0  f =     8  -  T =     0.12 sec
  [prof  78] wall= 115.240 p=   743 | ifo=  0.909(sd=0.182 nx=0.142 tfo=0.056 cnt=0.530) snap= 0.202 srm=  2.839 sat=111.047(set=0.145 slv=110.838 max=0.8604 n=743) sim= 0.000(rmp=0.000 run=0.000) chk= 0.025 stat= 0.211 rest= 0.008
  [incr r=78 repr=8 next=16 tfo=1417 active=735/177362 POs=735]
 79 : c =       0  cl =   2896  lit =  174458  p =   727  d =     0  f =     8  -  T =     0.11 sec
  [prof  79] wall= 110.622 p=   735 | ifo=  0.835(sd=0.147 nx=0.127 tfo=0.051 cnt=0.510) snap= 0.199 srm=  2.736 sat=106.643(set=0.145 slv=106.428 max=0.9665 n=735) sim= 0.000(rmp=0.000 run=0.000) chk= 0.023 stat= 0.180 rest= 0.006
  [incr r=79 repr=8 next=16 tfo=1416 active=727/177354 POs=727]
 80 : c =       0  cl =   2896  lit =  174450  p =   719  d =     0  f =     8  -  T =     0.11 sec
  [prof  80] wall= 111.879 p=   727 | ifo=  0.810(sd=0.143 nx=0.126 tfo=0.049 cnt=0.492) snap= 0.711 srm=  3.486 sat=106.653(set=0.292 slv=106.295 max=0.8682 n=727) sim= 0.000(rmp=0.000 run=0.000) chk= 0.026 stat= 0.184 rest= 0.009
  [incr r=80 repr=8 next=16 tfo=1415 active=719/177346 POs=719]
 81 : c =       0  cl =   2896  lit =  174442  p =   711  d =     0  f =     8  -  T =     0.11 sec
  [prof  81] wall= 107.972 p=   719 | ifo=  0.869(sd=0.149 nx=0.129 tfo=0.049 cnt=0.542) snap= 0.221 srm=  2.946 sat=103.727(set=0.155 slv=103.510 max=1.0485 n=719) sim= 0.000(rmp=0.000 run=0.000) chk= 0.023 stat= 0.179 rest= 0.006
  [incr r=81 repr=8 next=16 tfo=1414 active=711/177338 POs=711]
 82 : c =       0  cl =   2896  lit =  174434  p =   703  d =     0  f =     8  -  T =     0.11 sec
  [prof  82] wall= 110.058 p=   711 | ifo=  0.880(sd=0.146 nx=0.126 tfo=0.050 cnt=0.557) snap= 0.312 srm=  3.222 sat=105.428(set=0.196 slv=105.169 max=0.9915 n=711) sim= 0.000(rmp=0.000 run=0.000) chk= 0.024 stat= 0.184 rest= 0.007
  [incr r=82 repr=8 next=16 tfo=1413 active=703/177330 POs=703]
 83 : c =       0  cl =   2896  lit =  174426  p =   695  d =     0  f =     8  -  T =     0.11 sec
  [prof  83] wall= 106.442 p=   703 | ifo=  0.858(sd=0.155 nx=0.131 tfo=0.049 cnt=0.523) snap= 0.215 srm=  2.900 sat=102.178(set=0.168 slv=101.943 max=0.9031 n=703) sim= 0.000(rmp=0.000 run=0.000) chk= 0.028 stat= 0.256 rest= 0.007
  [incr r=83 repr=8 next=16 tfo=1412 active=695/177322 POs=695]
 84 : c =       0  cl =   2896  lit =  174418  p =   687  d =     0  f =     8  -  T =     0.11 sec
  [prof  84] wall= 106.216 p=   695 | ifo=  1.047(sd=0.190 nx=0.180 tfo=0.078 cnt=0.598) snap= 0.190 srm=  2.861 sat=101.912(set=0.157 slv=101.694 max=0.9625 n=695) sim= 0.000(rmp=0.000 run=0.000) chk= 0.023 stat= 0.177 rest= 0.005
  [incr r=84 repr=8 next=16 tfo=1411 active=687/177314 POs=687]
 85 : c =       0  cl =   2896  lit =  174410  p =   679  d =     0  f =     8  -  T =     0.10 sec
  [prof  85] wall= 103.540 p=   687 | ifo=  0.848(sd=0.145 nx=0.131 tfo=0.047 cnt=0.525) snap= 0.204 srm=  2.943 sat= 99.307(set=0.150 slv=99.097 max=0.8457 n=687) sim= 0.000(rmp=0.000 run=0.000) chk= 0.024 stat= 0.206 rest= 0.006
  [incr r=85 repr=8 next=16 tfo=1410 active=679/177306 POs=679]
 86 : c =       0  cl =   2896  lit =  174402  p =   671  d =     0  f =     8  -  T =     0.10 sec
  [prof  86] wall= 103.313 p=   679 | ifo=  0.875(sd=0.145 nx=0.131 tfo=0.049 cnt=0.550) snap= 0.240 srm=  3.087 sat= 98.886(set=0.162 slv=98.660 max=0.8519 n=679) sim= 0.000(rmp=0.000 run=0.000) chk= 0.025 stat= 0.194 rest= 0.006
  [incr r=86 repr=8 next=16 tfo=1409 active=671/177298 POs=671]
 87 : c =       0  cl =   2896  lit =  174394  p =   663  d =     0  f =     8  -  T =     0.10 sec
  [prof  87] wall= 104.189 p=   671 | ifo=  0.912(sd=0.154 nx=0.142 tfo=0.053 cnt=0.563) snap= 0.217 srm=  2.900 sat= 99.927(set=0.186 slv=99.682 max=0.8361 n=671) sim= 0.000(rmp=0.000 run=0.000) chk= 0.022 stat= 0.207 rest= 0.006
  [incr r=87 repr=8 next=16 tfo=1408 active=663/177290 POs=663]
 88 : c =       0  cl =   2896  lit =  174386  p =   655  d =     0  f =     8  -  T =     0.10 sec
  [prof  88] wall= 100.160 p=   663 | ifo=  0.853(sd=0.158 nx=0.119 tfo=0.053 cnt=0.523) snap= 0.204 srm=  2.853 sat= 96.010(set=0.152 slv=95.799 max=0.8325 n=663) sim= 0.000(rmp=0.000 run=0.000) chk= 0.049 stat= 0.186 rest= 0.006
  [incr r=88 repr=8 next=16 tfo=1407 active=655/177282 POs=655]
 89 : c =       0  cl =   2896  lit =  174378  p =   647  d =     0  f =     8  -  T =     0.10 sec
  [prof  89] wall=  99.761 p=   655 | ifo=  1.126(sd=0.333 nx=0.145 tfo=0.056 cnt=0.592) snap= 0.221 srm=  2.866 sat= 95.303(set=0.171 slv=95.075 max=0.8375 n=655) sim= 0.000(rmp=0.000 run=0.000) chk= 0.024 stat= 0.215 rest= 0.007
  [incr r=89 repr=8 next=16 tfo=1406 active=647/177274 POs=647]
 90 : c =       0  cl =   2896  lit =  174370  p =   639  d =     0  f =     8  -  T =     0.10 sec
  [prof  90] wall=  99.899 p=   647 | ifo=  1.183(sd=0.182 nx=0.143 tfo=0.287 cnt=0.571) snap= 0.213 srm=  3.040 sat= 95.258(set=0.156 slv=95.048 max=0.8992 n=647) sim= 0.000(rmp=0.000 run=0.000) chk= 0.021 stat= 0.177 rest= 0.007
  [incr r=90 repr=8 next=16 tfo=1405 active=639/177266 POs=639]
 91 : c =       0  cl =   2896  lit =  174362  p =   631  d =     0  f =     8  -  T =     0.10 sec
  [prof  91] wall=  96.364 p=   639 | ifo=  0.937(sd=0.181 nx=0.134 tfo=0.051 cnt=0.570) snap= 0.208 srm=  2.694 sat= 92.313(set=0.153 slv=92.105 max=0.7668 n=639) sim= 0.000(rmp=0.000 run=0.000) chk= 0.024 stat= 0.182 rest= 0.007
  [incr r=91 repr=8 next=16 tfo=1404 active=631/177258 POs=631]
 92 : c =       0  cl =   2896  lit =  174354  p =   623  d =     0  f =     8  -  T =     0.10 sec
  [prof  92] wall=  97.884 p=   631 | ifo=  0.839(sd=0.146 nx=0.129 tfo=0.050 cnt=0.514) snap= 0.238 srm=  2.832 sat= 93.753(set=0.160 slv=93.534 max=0.8347 n=631) sim= 0.000(rmp=0.000 run=0.000) chk= 0.022 stat= 0.194 rest= 0.006
  [incr r=92 repr=8 next=16 tfo=1403 active=623/177250 POs=623]
 93 : c =       0  cl =   2896  lit =  174346  p =   615  d =     0  f =     8  -  T =     0.09 sec
  [prof  93] wall=  95.160 p=   623 | ifo=  0.866(sd=0.152 nx=0.133 tfo=0.049 cnt=0.532) snap= 0.219 srm=  3.057 sat= 90.804(set=0.159 slv=90.591 max=0.8288 n=623) sim= 0.000(rmp=0.000 run=0.000) chk= 0.023 stat= 0.185 rest= 0.006
  [incr r=93 repr=8 next=16 tfo=1402 active=615/177242 POs=615]
 94 : c =       0  cl =   2896  lit =  174338  p =   607  d =     0  f =     8  -  T =     0.10 sec
  [prof  94] wall=  96.084 p=   615 | ifo=  1.083(sd=0.148 nx=0.133 tfo=0.049 cnt=0.753) snap= 0.211 srm=  3.051 sat= 91.519(set=0.153 slv=91.312 max=0.9478 n=615) sim= 0.000(rmp=0.000 run=0.000) chk= 0.021 stat= 0.191 rest= 0.007
  [incr r=94 repr=8 next=16 tfo=1401 active=607/177234 POs=607]
 95 : c =       0  cl =   2896  lit =  174330  p =   599  d =     0  f =     8  -  T =     0.09 sec
  [prof  95] wall=  95.155 p=   607 | ifo=  0.857(sd=0.150 nx=0.134 tfo=0.049 cnt=0.525) snap= 0.221 srm=  3.012 sat= 90.799(set=0.157 slv=90.589 max=0.9655 n=607) sim= 0.000(rmp=0.000 run=0.000) chk= 0.023 stat= 0.238 rest= 0.006
  [incr r=95 repr=8 next=16 tfo=1400 active=599/177226 POs=599]
 96 : c =       0  cl =   2896  lit =  174322  p =   591  d =     0  f =     8  -  T =     0.09 sec
  [prof  96] wall=  92.426 p=   599 | ifo=  0.836(sd=0.145 nx=0.130 tfo=0.047 cnt=0.514) snap= 0.247 srm=  3.081 sat= 88.049(set=0.153 slv=87.844 max=0.8402 n=599) sim= 0.000(rmp=0.000 run=0.000) chk= 0.021 stat= 0.185 rest= 0.006
  [incr r=96 repr=8 next=15 tfo=1399 active=591/177218 POs=591]
 97 : c =       0  cl =   2896  lit =  174315  p =   584  d =     0  f =     7  -  T =     0.09 sec
  [prof  97] wall=  92.311 p=   591 | ifo=  0.861(sd=0.152 nx=0.132 tfo=0.048 cnt=0.530) snap= 0.217 srm=  2.869 sat= 88.161(set=0.157 slv=87.952 max=3.2191 n=591) sim= 0.000(rmp=0.000 run=0.000) chk= 0.018 stat= 0.179 rest= 0.006
  [incr r=97 repr=7 next=14 tfo=1398 active=584/177211 POs=584]
 98 : c =       0  cl =   2896  lit =  174308  p =   577  d =     0  f =     7  -  T =     0.09 sec
  [prof  98] wall=  89.822 p=   584 | ifo=  0.824(sd=0.142 nx=0.130 tfo=0.051 cnt=0.501) snap= 0.196 srm=  2.794 sat= 85.759(set=0.160 slv=85.548 max=0.8525 n=584) sim= 0.000(rmp=0.000 run=0.000) chk= 0.018 stat= 0.225 rest= 0.005
  [incr r=98 repr=7 next=14 tfo=1397 active=577/177204 POs=577]
 99 : c =       0  cl =   2896  lit =  174301  p =   570  d =     0  f =     7  -  T =     0.09 sec
  [prof  99] wall=  88.612 p=   577 | ifo=  1.097(sd=0.189 nx=0.198 tfo=0.078 cnt=0.633) snap= 0.261 srm=  3.714 sat= 83.237(set=0.232 slv=82.954 max=0.9807 n=577) sim= 0.000(rmp=0.000 run=0.000) chk= 0.018 stat= 0.189 rest= 0.095
  [incr r=99 repr=7 next=13 tfo=1396 active=570/177197 POs=570]
100 : c =       0  cl =   2896  lit =  174295  p =   564  d =     0  f =     6  -  T =     0.09 sec
  [prof 100] wall=  88.459 p=   570 | ifo=  0.844(sd=0.145 nx=0.127 tfo=0.047 cnt=0.526) snap= 0.204 srm=  2.751 sat= 84.442(set=0.152 slv=84.238 max=1.0300 n=570) sim= 0.000(rmp=0.000 run=0.000) chk= 0.017 stat= 0.194 rest= 0.006
  [incr r=100 repr=6 next=12 tfo=1395 active=564/177191 POs=564]
101 : c =       0  cl =   2896  lit =  174289  p =   558  d =     0  f =     6  -  T =     0.09 sec
  [prof 101] wall=  87.686 p=   564 | ifo=  0.915(sd=0.155 nx=0.138 tfo=0.052 cnt=0.570) snap= 0.216 srm=  2.976 sat= 83.396(set=0.157 slv=83.195 max=0.9034 n=564) sim= 0.000(rmp=0.000 run=0.000) chk= 0.015 stat= 0.162 rest= 0.007
  [incr r=101 repr=6 next=11 tfo=1394 active=558/177185 POs=558]
102 : c =       0  cl =   2896  lit =  174284  p =   553  d =     0  f =     5  -  T =     0.08 sec
  [prof 102] wall=  85.172 p=   558 | ifo=  0.885(sd=0.145 nx=0.120 tfo=0.054 cnt=0.567) snap= 0.255 srm=  3.049 sat= 80.780(set=0.173 slv=80.556 max=0.9510 n=558) sim= 0.000(rmp=0.000 run=0.000) chk= 0.014 stat= 0.184 rest= 0.007
  [incr r=102 repr=5 next=10 tfo=1393 active=553/177180 POs=553]
103 : c =       0  cl =   2896  lit =  174279  p =   548  d =     0  f =     5  -  T =     0.08 sec
  [prof 103] wall=  84.392 p=   553 | ifo=  0.865(sd=0.149 nx=0.133 tfo=0.048 cnt=0.535) snap= 0.210 srm=  2.907 sat= 80.206(set=0.156 slv=79.989 max=0.9662 n=553) sim= 0.000(rmp=0.000 run=0.000) chk= 0.014 stat= 0.183 rest= 0.006
  [incr r=103 repr=5 next=10 tfo=1392 active=548/177175 POs=548]
104 : c =       0  cl =   2896  lit =  174274  p =   543  d =     0  f =     5  -  T =     0.08 sec
  [prof 104] wall=  80.710 p=   548 | ifo=  0.970(sd=0.159 nx=0.133 tfo=0.051 cnt=0.627) snap= 0.204 srm=  2.772 sat= 76.398(set=0.149 slv=76.200 max=0.8617 n=548) sim= 0.000(rmp=0.000 run=0.000) chk= 0.020 stat= 0.336 rest= 0.009
  [incr r=104 repr=5 next=10 tfo=1391 active=543/177170 POs=543]
105 : c =       0  cl =   2896  lit =  174269  p =   538  d =     0  f =     5  -  T =     0.08 sec
  [prof 105] wall=  80.536 p=   543 | ifo=  1.308(sd=0.281 nx=0.298 tfo=0.091 cnt=0.638) snap= 0.208 srm=  3.206 sat= 75.356(set=0.155 slv=75.155 max=0.9924 n=543) sim= 0.000(rmp=0.000 run=0.000) chk= 0.014 stat= 0.437 rest= 0.007
  [incr r=105 repr=5 next=10 tfo=1390 active=538/177165 POs=538]
106 : c =       0  cl =   2896  lit =  174264  p =   533  d =     0  f =     5  -  T =     0.08 sec
  [prof 106] wall=  82.248 p=   538 | ifo=  1.011(sd=0.184 nx=0.179 tfo=0.060 cnt=0.588) snap= 0.205 srm=  2.970 sat= 77.847(set=0.149 slv=77.651 max=0.9966 n=538) sim= 0.000(rmp=0.000 run=0.000) chk= 0.014 stat= 0.194 rest= 0.007
  [incr r=106 repr=5 next=10 tfo=1389 active=533/177160 POs=533]
107 : c =       0  cl =   2896  lit =  174259  p =   528  d =     0  f =     5  -  T =     0.08 sec
  [prof 107] wall=  80.867 p=   533 | ifo=  0.858(sd=0.146 nx=0.131 tfo=0.047 cnt=0.533) snap= 0.220 srm=  2.960 sat= 76.626(set=0.163 slv=76.416 max=0.9771 n=533) sim= 0.000(rmp=0.000 run=0.000) chk= 0.014 stat= 0.182 rest= 0.006
  [incr r=107 repr=5 next=9 tfo=1388 active=528/177155 POs=528]
108 : c =       0  cl =   2896  lit =  174255  p =   524  d =     0  f =     4  -  T =     0.08 sec
  [prof 108] wall=  78.735 p=   528 | ifo=  0.918(sd=0.202 nx=0.135 tfo=0.051 cnt=0.530) snap= 0.213 srm=  2.804 sat= 74.579(set=0.150 slv=74.368 max=1.0011 n=528) sim= 0.000(rmp=0.000 run=0.000) chk= 0.012 stat= 0.201 rest= 0.007
  [incr r=108 repr=4 next=8 tfo=1387 active=524/177151 POs=524]
109 : c =       0  cl =   2896  lit =  174251  p =   520  d =     0  f =     4  -  T =     0.08 sec
  [prof 109] wall=  78.441 p=   524 | ifo=  0.898(sd=0.150 nx=0.146 tfo=0.056 cnt=0.546) snap= 0.229 srm=  2.971 sat= 74.054(set=0.159 slv=73.850 max=1.0311 n=524) sim= 0.000(rmp=0.000 run=0.000) chk= 0.013 stat= 0.269 rest= 0.006
  [incr r=109 repr=4 next=8 tfo=1386 active=520/177147 POs=520]
110 : c =       0  cl =   2896  lit =  174247  p =   516  d =     0  f =     4  -  T =     0.08 sec
  [prof 110] wall=  78.616 p=   520 | ifo=  0.952(sd=0.173 nx=0.160 tfo=0.060 cnt=0.559) snap= 0.205 srm=  2.711 sat= 74.542(set=0.137 slv=74.360 max=1.4556 n=520) sim= 0.000(rmp=0.000 run=0.000) chk= 0.013 stat= 0.186 rest= 0.007
  [incr r=110 repr=4 next=8 tfo=1385 active=516/177143 POs=516]
111 : c =       0  cl =   2896  lit =  174243  p =   512  d =     0  f =     4  -  T =     0.08 sec
  [prof 111] wall=  77.411 p=   516 | ifo=  1.169(sd=0.144 nx=0.126 tfo=0.166 cnt=0.733) snap= 0.213 srm=  2.868 sat= 72.906(set=0.144 slv=72.717 max=0.9667 n=516) sim= 0.000(rmp=0.000 run=0.000) chk= 0.013 stat= 0.236 rest= 0.007
  [incr r=111 repr=4 next=8 tfo=1384 active=512/177139 POs=512]
112 : c =       0  cl =   2896  lit =  174239  p =   508  d =     0  f =     4  -  T =     0.08 sec
  [prof 112] wall=  78.320 p=   512 | ifo=  0.985(sd=0.183 nx=0.168 tfo=0.059 cnt=0.575) snap= 0.211 srm=  2.877 sat= 74.045(set=0.144 slv=73.855 max=1.0998 n=512) sim= 0.000(rmp=0.000 run=0.000) chk= 0.012 stat= 0.183 rest= 0.007
  [incr r=112 repr=4 next=8 tfo=1383 active=508/177135 POs=508]
113 : c =       0  cl =   2896  lit =  174235  p =   504  d =     0  f =     4  -  T =     0.08 sec
  [prof 113] wall=  75.408 p=   508 | ifo=  0.906(sd=0.160 nx=0.127 tfo=0.057 cnt=0.563) snap= 0.196 srm=  2.714 sat= 71.316(set=0.168 slv=71.103 max=1.1835 n=508) sim= 0.000(rmp=0.000 run=0.000) chk= 0.013 stat= 0.256 rest= 0.007
  [incr r=113 repr=4 next=8 tfo=1382 active=504/177131 POs=504]
114 : c =       0  cl =   2896  lit =  174231  p =   500  d =     0  f =     4  -  T =     0.08 sec
  [prof 114] wall=  75.674 p=   504 | ifo=  0.931(sd=0.161 nx=0.144 tfo=0.062 cnt=0.564) snap= 0.224 srm=  3.470 sat= 70.853(set=0.160 slv=70.649 max=0.9832 n=504) sim= 0.000(rmp=0.000 run=0.000) chk= 0.012 stat= 0.176 rest= 0.008
  [incr r=114 repr=4 next=8 tfo=1381 active=500/177127 POs=500]
115 : c =       0  cl =   2896  lit =  174227  p =   496  d =     0  f =     4  -  T =     0.08 sec
  [prof 115] wall=  75.621 p=   500 | ifo=  0.849(sd=0.155 nx=0.134 tfo=0.054 cnt=0.506) snap= 0.229 srm=  2.806 sat= 71.527(set=0.200 slv=71.283 max=0.9391 n=500) sim= 0.000(rmp=0.000 run=0.000) chk= 0.011 stat= 0.193 rest= 0.006
  [incr r=115 repr=4 next=8 tfo=1380 active=496/177123 POs=496]
116 : c =       0  cl =   2896  lit =  174223  p =   492  d =     0  f =     4  -  T =     0.07 sec
  [prof 116] wall=  72.725 p=   496 | ifo=  0.833(sd=0.143 nx=0.125 tfo=0.051 cnt=0.515) snap= 0.202 srm=  2.874 sat= 68.610(set=0.160 slv=68.407 max=1.0266 n=496) sim= 0.000(rmp=0.000 run=0.000) chk= 0.013 stat= 0.187 rest= 0.006
  [incr r=116 repr=4 next=8 tfo=1379 active=492/177119 POs=492]
117 : c =       0  cl =   2896  lit =  174219  p =   488  d =     0  f =     4  -  T =     0.07 sec
  [prof 117] wall=  74.669 p=   492 | ifo=  0.995(sd=0.150 nx=0.134 tfo=0.056 cnt=0.655) snap= 0.209 srm=  3.106 sat= 70.098(set=0.151 slv=69.905 max=1.2006 n=492) sim= 0.000(rmp=0.000 run=0.000) chk= 0.014 stat= 0.239 rest= 0.007
  [incr r=117 repr=4 next=8 tfo=1378 active=488/177115 POs=488]
118 : c =       0  cl =   2896  lit =  174215  p =   484  d =     0  f =     4  -  T =     0.07 sec
  [prof 118] wall=  73.239 p=   488 | ifo=  1.079(sd=0.178 nx=0.205 tfo=0.101 cnt=0.595) snap= 0.282 srm=  3.175 sat= 68.507(set=0.148 slv=68.317 max=0.9791 n=488) sim= 0.000(rmp=0.000 run=0.000) chk= 0.012 stat= 0.177 rest= 0.007
  [incr r=118 repr=4 next=8 tfo=1377 active=484/177111 POs=484]
119 : c =       0  cl =   2896  lit =  174211  p =   480  d =     0  f =     4  -  T =     0.07 sec
  [prof 119] wall=  73.204 p=   484 | ifo=  0.854(sd=0.143 nx=0.128 tfo=0.052 cnt=0.531) snap= 0.200 srm=  2.760 sat= 69.139(set=0.148 slv=68.941 max=1.1329 n=484) sim= 0.000(rmp=0.000 run=0.000) chk= 0.012 stat= 0.231 rest= 0.007
  [incr r=119 repr=4 next=8 tfo=1376 active=480/177107 POs=480]
120 : c =       0  cl =   2896  lit =  174207  p =   476  d =     0  f =     4  -  T =     0.07 sec
  [prof 120] wall=  71.190 p=   480 | ifo=  0.971(sd=0.171 nx=0.167 tfo=0.058 cnt=0.575) snap= 0.220 srm=  2.811 sat= 67.000(set=0.164 slv=66.792 max=1.0239 n=480) sim= 0.000(rmp=0.000 run=0.000) chk= 0.011 stat= 0.172 rest= 0.006
  [incr r=120 repr=4 next=8 tfo=1375 active=476/177103 POs=476]
121 : c =       0  cl =   2896  lit =  174203  p =   472  d =     0  f =     4  -  T =     0.07 sec
  [prof 121] wall=  74.256 p=   476 | ifo=  0.821(sd=0.142 nx=0.126 tfo=0.052 cnt=0.500) snap= 0.224 srm=  2.792 sat= 70.162(set=0.161 slv=69.959 max=1.1560 n=476) sim= 0.000(rmp=0.000 run=0.000) chk= 0.012 stat= 0.238 rest= 0.006
  [incr r=121 repr=4 next=8 tfo=1374 active=472/177099 POs=472]
122 : c =       0  cl =   2896  lit =  174199  p =   468  d =     0  f =     4  -  T =     0.07 sec
  [prof 122] wall=  72.077 p=   472 | ifo=  0.982(sd=0.176 nx=0.161 tfo=0.058 cnt=0.586) snap= 0.212 srm=  2.895 sat= 67.792(set=0.155 slv=67.596 max=1.2395 n=472) sim= 0.000(rmp=0.000 run=0.000) chk= 0.011 stat= 0.179 rest= 0.007
  [incr r=122 repr=4 next=8 tfo=1373 active=468/177095 POs=468]
123 : c =       0  cl =   2896  lit =  174195  p =   464  d =     0  f =     4  -  T =     0.07 sec
  [prof 123] wall=  71.683 p=   468 | ifo=  0.863(sd=0.162 nx=0.126 tfo=0.056 cnt=0.520) snap= 0.209 srm=  2.784 sat= 67.633(set=0.142 slv=67.413 max=1.0744 n=468) sim= 0.000(rmp=0.000 run=0.000) chk= 0.011 stat= 0.176 rest= 0.007
  [incr r=123 repr=4 next=8 tfo=1372 active=464/177091 POs=464]
124 : c =       0  cl =   2896  lit =  174191  p =   460  d =     0  f =     4  -  T =     0.07 sec
  [prof 124] wall=  73.951 p=   464 | ifo=  0.824(sd=0.144 nx=0.124 tfo=0.054 cnt=0.503) snap= 0.274 srm=  2.817 sat= 69.839(set=0.199 slv=69.597 max=1.3509 n=464) sim= 0.000(rmp=0.000 run=0.000) chk= 0.011 stat= 0.181 rest= 0.006
  [incr r=124 repr=4 next=8 tfo=1371 active=460/177087 POs=460]
125 : c =       0  cl =   2896  lit =  174187  p =   456  d =     0  f =     4  -  T =     0.07 sec
  [prof 125] wall=  71.276 p=   460 | ifo=  0.972(sd=0.147 nx=0.139 tfo=0.055 cnt=0.632) snap= 0.222 srm=  3.154 sat= 66.670(set=0.144 slv=66.484 max=1.2436 n=460) sim= 0.000(rmp=0.000 run=0.000) chk= 0.011 stat= 0.241 rest= 0.006
  [incr r=125 repr=4 next=8 tfo=1370 active=456/177083 POs=456]
126 : c =       0  cl =   2896  lit =  174183  p =   452  d =     0  f =     4  -  T =     0.07 sec
  [prof 126] wall=  67.601 p=   456 | ifo=  0.929(sd=0.147 nx=0.132 tfo=0.053 cnt=0.598) snap= 0.197 srm=  2.893 sat= 63.329(set=0.163 slv=63.128 max=1.0974 n=456) sim= 0.000(rmp=0.000 run=0.000) chk= 0.012 stat= 0.234 rest= 0.006
  [incr r=126 repr=4 next=8 tfo=1369 active=452/177079 POs=452]
127 : c =       0  cl =   2896  lit =  174179  p =   448  d =     0  f =     4  -  T =     0.07 sec
  [prof 127] wall=  71.032 p=   452 | ifo=  0.955(sd=0.171 nx=0.160 tfo=0.055 cnt=0.569) snap= 0.198 srm=  2.864 sat= 66.807(set=0.143 slv=66.623 max=1.0967 n=452) sim= 0.000(rmp=0.000 run=0.000) chk= 0.011 stat= 0.191 rest= 0.007
  [incr r=127 repr=4 next=8 tfo=1368 active=448/177075 POs=448]
128 : c =       0  cl =   2896  lit =  174175  p =   444  d =     0  f =     4  -  T =     0.07 sec
  [prof 128] wall=  71.052 p=   448 | ifo=  0.895(sd=0.150 nx=0.133 tfo=0.053 cnt=0.559) snap= 0.215 srm=  3.060 sat= 66.664(set=0.155 slv=66.441 max=1.0610 n=448) sim= 0.000(rmp=0.000 run=0.000) chk= 0.013 stat= 0.199 rest= 0.006
  [incr r=128 repr=4 next=8 tfo=1367 active=444/177071 POs=444]
129 : c =       0  cl =   2896  lit =  174171  p =   440  d =     0  f =     4  -  T =     0.07 sec
  [prof 129] wall=  68.552 p=   444 | ifo=  0.898(sd=0.151 nx=0.144 tfo=0.057 cnt=0.545) snap= 0.217 srm=  2.952 sat= 64.276(set=0.159 slv=64.079 max=1.0508 n=444) sim= 0.000(rmp=0.000 run=0.000) chk= 0.011 stat= 0.193 rest= 0.006
  [incr r=129 repr=4 next=8 tfo=1366 active=440/177067 POs=440]
130 : c =       0  cl =   2896  lit =  174167  p =   436  d =     0  f =     4  -  T =     0.07 sec
  [prof 130] wall=  68.564 p=   440 | ifo=  0.875(sd=0.147 nx=0.131 tfo=0.053 cnt=0.545) snap= 0.206 srm=  3.183 sat= 64.050(set=0.165 slv=63.846 max=1.0427 n=440) sim= 0.000(rmp=0.000 run=0.000) chk= 0.011 stat= 0.197 rest= 0.042
  [incr r=130 repr=4 next=8 tfo=1365 active=436/177063 POs=436]
131 : c =       0  cl =   2896  lit =  174163  p =   432  d =     0  f =     4  -  T =     0.07 sec
  [prof 131] wall=  67.607 p=   436 | ifo=  0.871(sd=0.144 nx=0.128 tfo=0.054 cnt=0.545) snap= 0.198 srm=  3.200 sat= 63.048(set=0.140 slv=62.867 max=1.0780 n=436) sim= 0.000(rmp=0.000 run=0.000) chk= 0.011 stat= 0.273 rest= 0.006
  [incr r=131 repr=4 next=8 tfo=1364 active=432/177059 POs=432]
132 : c =       0  cl =   2896  lit =  174159  p =   428  d =     0  f =     4  -  T =     0.07 sec
  [prof 132] wall=  66.938 p=   432 | ifo=  0.905(sd=0.147 nx=0.132 tfo=0.077 cnt=0.549) snap= 0.196 srm=  2.976 sat= 62.667(set=0.144 slv=62.484 max=1.0330 n=432) sim= 0.000(rmp=0.000 run=0.000) chk= 0.011 stat= 0.176 rest= 0.007
  [incr r=132 repr=4 next=8 tfo=1363 active=428/177055 POs=428]
133 : c =       0  cl =   2896  lit =  174155  p =   424  d =     0  f =     4  -  T =     0.07 sec
  [prof 133] wall=  67.206 p=   428 | ifo=  0.839(sd=0.142 nx=0.126 tfo=0.053 cnt=0.518) snap= 0.211 srm=  2.886 sat= 63.064(set=0.154 slv=62.870 max=1.0747 n=428) sim= 0.000(rmp=0.000 run=0.000) chk= 0.011 stat= 0.191 rest= 0.005
  [incr r=133 repr=4 next=8 tfo=1362 active=424/177051 POs=424]
134 : c =       0  cl =   2896  lit =  174151  p =   420  d =     0  f =     4  -  T =     0.07 sec
  [prof 134] wall=  65.762 p=   424 | ifo=  0.933(sd=0.152 nx=0.153 tfo=0.053 cnt=0.575) snap= 0.260 srm=  3.052 sat= 61.329(set=0.173 slv=61.118 max=1.0022 n=424) sim= 0.000(rmp=0.000 run=0.000) chk= 0.010 stat= 0.170 rest= 0.007
  [incr r=134 repr=4 next=8 tfo=1361 active=420/177047 POs=420]
135 : c =       0  cl =   2896  lit =  174147  p =   416  d =     0  f =     4  -  T =     0.07 sec
  [prof 135] wall=  67.753 p=   420 | ifo=  0.830(sd=0.138 nx=0.125 tfo=0.065 cnt=0.502) snap= 0.240 srm=  2.800 sat= 63.691(set=0.171 slv=63.480 max=3.7870 n=420) sim= 0.000(rmp=0.000 run=0.000) chk= 0.010 stat= 0.176 rest= 0.007
  [incr r=135 repr=4 next=8 tfo=1360 active=416/177043 POs=416]
136 : c =       0  cl =   2896  lit =  174143  p =   412  d =     0  f =     4  -  T =     0.06 sec
  [prof 136] wall=  62.785 p=   416 | ifo=  0.825(sd=0.141 nx=0.126 tfo=0.050 cnt=0.508) snap= 0.204 srm=  2.835 sat= 58.721(set=0.152 slv=58.533 max=1.0293 n=416) sim= 0.000(rmp=0.000 run=0.000) chk= 0.011 stat= 0.183 rest= 0.006
  [incr r=136 repr=4 next=8 tfo=1359 active=412/177039 POs=412]
137 : c =       0  cl =   2896  lit =  174139  p =   408  d =     0  f =     4  -  T =     0.06 sec
  [prof 137] wall=  64.668 p=   412 | ifo=  0.895(sd=0.147 nx=0.146 tfo=0.053 cnt=0.550) snap= 0.216 srm=  2.833 sat= 60.390(set=0.148 slv=60.205 max=1.1333 n=412) sim= 0.000(rmp=0.000 run=0.000) chk= 0.012 stat= 0.314 rest= 0.007
  [incr r=137 repr=4 next=8 tfo=1358 active=408/177035 POs=408]
138 : c =       0  cl =   2896  lit =  174135  p =   404  d =     0  f =     4  -  T =     0.07 sec
  [prof 138] wall=  65.205 p=   408 | ifo=  0.887(sd=0.143 nx=0.153 tfo=0.059 cnt=0.532) snap= 0.196 srm=  2.911 sat= 61.007(set=0.154 slv=60.815 max=1.0255 n=408) sim= 0.000(rmp=0.000 run=0.000) chk= 0.011 stat= 0.187 rest= 0.006
  [incr r=138 repr=4 next=8 tfo=1357 active=404/177031 POs=404]
139 : c =       0  cl =   2896  lit =  174131  p =   400  d =     0  f =     4  -  T =     0.06 sec
  [prof 139] wall=  64.952 p=   404 | ifo=  0.893(sd=0.154 nx=0.138 tfo=0.053 cnt=0.548) snap= 0.217 srm=  2.972 sat= 60.598(set=0.159 slv=60.401 max=1.1022 n=404) sim= 0.000(rmp=0.000 run=0.000) chk= 0.015 stat= 0.248 rest= 0.008
  [incr r=139 repr=4 next=8 tfo=1356 active=400/177027 POs=400]
140 : c =       0  cl =   2896  lit =  174127  p =   396  d =     0  f =     4  -  T =     0.06 sec
  [prof 140] wall=  64.046 p=   400 | ifo=  1.186(sd=0.260 nx=0.171 tfo=0.093 cnt=0.663) snap= 0.216 srm=  3.213 sat= 59.166(set=0.152 slv=58.977 max=1.1736 n=400) sim= 0.000(rmp=0.000 run=0.000) chk= 0.011 stat= 0.247 rest= 0.006
  [incr r=140 repr=4 next=8 tfo=1355 active=396/177023 POs=396]
141 : c =       0  cl =   2896  lit =  174123  p =   392  d =     0  f =     4  -  T =     0.06 sec
  [prof 141] wall=  64.618 p=   396 | ifo=  1.015(sd=0.188 nx=0.177 tfo=0.055 cnt=0.595) snap= 0.210 srm=  2.954 sat= 60.226(set=0.156 slv=60.030 max=1.1869 n=396) sim= 0.000(rmp=0.000 run=0.000) chk= 0.010 stat= 0.195 rest= 0.007
  [incr r=141 repr=4 next=8 tfo=1354 active=392/177019 POs=392]
142 : c =       0  cl =   2896  lit =  174119  p =   388  d =     0  f =     4  -  T =     0.06 sec
  [prof 142] wall=  64.707 p=   392 | ifo=  0.929(sd=0.156 nx=0.150 tfo=0.053 cnt=0.571) snap= 0.229 srm=  3.208 sat= 60.127(set=0.170 slv=59.919 max=1.1612 n=392) sim= 0.000(rmp=0.000 run=0.000) chk= 0.010 stat= 0.198 rest= 0.006
  [incr r=142 repr=4 next=8 tfo=1353 active=388/177015 POs=388]
143 : c =       0  cl =   2896  lit =  174115  p =   384  d =     0  f =     4  -  T =     0.06 sec
  [prof 143] wall=  64.667 p=   388 | ifo=  0.882(sd=0.148 nx=0.134 tfo=0.063 cnt=0.537) snap= 0.222 srm=  3.066 sat= 60.289(set=0.168 slv=60.083 max=1.0409 n=388) sim= 0.000(rmp=0.000 run=0.000) chk= 0.010 stat= 0.192 rest= 0.006
  [incr r=143 repr=4 next=8 tfo=1352 active=384/177011 POs=384]
144 : c =       0  cl =   2896  lit =  174111  p =   380  d =     0  f =     4  -  T =     0.06 sec
  [prof 144] wall=  61.784 p=   384 | ifo=  0.849(sd=0.148 nx=0.134 tfo=0.055 cnt=0.512) snap= 0.299 srm=  3.598 sat= 56.831(set=0.173 slv=56.618 max=1.0594 n=384) sim= 0.000(rmp=0.000 run=0.000) chk= 0.011 stat= 0.190 rest= 0.006
  [incr r=144 repr=4 next=8 tfo=1351 active=380/177007 POs=380]
145 : c =       0  cl =   2896  lit =  174107  p =   376  d =     0  f =     4  -  T =     0.06 sec
  [prof 145] wall=  62.987 p=   380 | ifo=  1.122(sd=0.161 nx=0.267 tfo=0.058 cnt=0.636) snap= 0.220 srm=  3.218 sat= 58.148(set=0.164 slv=57.947 max=1.0480 n=380) sim= 0.000(rmp=0.000 run=0.000) chk= 0.010 stat= 0.262 rest= 0.006
  [incr r=145 repr=4 next=8 tfo=1350 active=376/177003 POs=376]
146 : c =       0  cl =   2896  lit =  174103  p =   372  d =     0  f =     4  -  T =     0.06 sec
  [prof 146] wall=  60.753 p=   376 | ifo=  0.895(sd=0.151 nx=0.137 tfo=0.057 cnt=0.550) snap= 0.241 srm=  2.974 sat= 56.443(set=0.150 slv=56.258 max=1.1544 n=376) sim= 0.000(rmp=0.000 run=0.000) chk= 0.010 stat= 0.184 rest= 0.007
  [incr r=146 repr=4 next=8 tfo=1349 active=372/176999 POs=372]
147 : c =       0  cl =   2896  lit =  174099  p =   368  d =     0  f =     4  -  T =     0.06 sec
  [prof 147] wall=  61.753 p=   372 | ifo=  0.832(sd=0.143 nx=0.126 tfo=0.050 cnt=0.513) snap= 0.217 srm=  2.786 sat= 57.710(set=0.150 slv=57.520 max=1.1460 n=372) sim= 0.000(rmp=0.000 run=0.000) chk= 0.010 stat= 0.189 rest= 0.007
  [incr r=147 repr=4 next=8 tfo=1348 active=368/176995 POs=368]
148 : c =       0  cl =   2896  lit =  174095  p =   364  d =     0  f =     4  -  T =     0.06 sec
  [prof 148] wall=  61.173 p=   368 | ifo=  0.897(sd=0.151 nx=0.135 tfo=0.053 cnt=0.558) snap= 0.242 srm=  3.204 sat= 56.632(set=0.173 slv=56.423 max=1.2177 n=368) sim= 0.000(rmp=0.000 run=0.000) chk= 0.010 stat= 0.182 rest= 0.006
  [incr r=148 repr=4 next=8 tfo=1347 active=364/176991 POs=364]
149 : c =       0  cl =   2896  lit =  174091  p =   360  d =     0  f =     4  -  T =     0.06 sec
  [prof 149] wall=  64.484 p=   364 | ifo=  0.831(sd=0.143 nx=0.130 tfo=0.051 cnt=0.506) snap= 0.219 srm=  2.882 sat= 60.275(set=0.159 slv=60.079 max=2.7028 n=364) sim= 0.000(rmp=0.000 run=0.000) chk= 0.011 stat= 0.260 rest= 0.006
  [incr r=149 repr=4 next=8 tfo=1346 active=360/176987 POs=360]
150 : c =       0  cl =   2896  lit =  174087  p =   356  d =     0  f =     4  -  T =     0.06 sec
  [prof 150] wall=  57.313 p=   360 | ifo=  1.074(sd=0.193 nx=0.184 tfo=0.061 cnt=0.636) snap= 0.221 srm=  3.180 sat= 52.636(set=0.152 slv=52.451 max=1.1509 n=360) sim= 0.000(rmp=0.000 run=0.000) chk= 0.010 stat= 0.187 rest= 0.006
  [incr r=150 repr=4 next=8 tfo=1345 active=356/176983 POs=356]
151 : c =       0  cl =   2896  lit =  174083  p =   352  d =     0  f =     4  -  T =     0.06 sec
  [prof 151] wall=  58.462 p=   356 | ifo=  0.930(sd=0.162 nx=0.156 tfo=0.055 cnt=0.557) snap= 0.230 srm=  3.231 sat= 53.867(set=0.153 slv=53.661 max=1.1558 n=356) sim= 0.000(rmp=0.000 run=0.000) chk= 0.010 stat= 0.187 rest= 0.006
  [incr r=151 repr=4 next=8 tfo=1344 active=352/176979 POs=352]
152 : c =       0  cl =   2896  lit =  174079  p =   348  d =     0  f =     4  -  T =     0.06 sec
  [prof 152] wall=  57.135 p=   352 | ifo=  0.898(sd=0.160 nx=0.132 tfo=0.057 cnt=0.550) snap= 0.260 srm=  2.960 sat= 52.738(set=0.237 slv=52.469 max=1.0755 n=352) sim= 0.000(rmp=0.000 run=0.000) chk= 0.011 stat= 0.260 rest= 0.007
  [incr r=152 repr=4 next=8 tfo=1343 active=348/176975 POs=348]
153 : c =       0  cl =   2896  lit =  174075  p =   344  d =     0  f =     4  -  T =     0.06 sec
  [prof 153] wall=  58.859 p=   348 | ifo=  1.051(sd=0.195 nx=0.174 tfo=0.059 cnt=0.623) snap= 0.262 srm=  3.250 sat= 54.105(set=0.173 slv=53.897 max=1.0353 n=348) sim= 0.000(rmp=0.000 run=0.000) chk= 0.009 stat= 0.175 rest= 0.006
  [incr r=153 repr=4 next=8 tfo=1342 active=344/176971 POs=344]
154 : c =       0  cl =   2896  lit =  174071  p =   340  d =     0  f =     4  -  T =     0.06 sec
  [prof 154] wall=  56.972 p=   344 | ifo=  0.843(sd=0.143 nx=0.128 tfo=0.054 cnt=0.519) snap= 0.230 srm=  2.954 sat= 52.746(set=0.166 slv=52.547 max=1.1075 n=344) sim= 0.000(rmp=0.000 run=0.000) chk= 0.009 stat= 0.183 rest= 0.006
  [incr r=154 repr=4 next=8 tfo=1341 active=340/176967 POs=340]
155 : c =       0  cl =   2896  lit =  174067  p =   336  d =     0  f =     4  -  T =     0.06 sec
  [prof 155] wall=  55.792 p=   340 | ifo=  0.895(sd=0.155 nx=0.143 tfo=0.064 cnt=0.532) snap= 0.240 srm=  3.091 sat= 51.364(set=0.169 slv=51.165 max=1.1685 n=340) sim= 0.000(rmp=0.000 run=0.000) chk= 0.009 stat= 0.187 rest= 0.006
  [incr r=155 repr=4 next=7 tfo=1340 active=336/176963 POs=336]
156 : c =       0  cl =   2896  lit =  174064  p =   333  d =     0  f =     3  -  T =     0.05 sec
  [prof 156] wall=  54.656 p=   336 | ifo=  0.904(sd=0.150 nx=0.133 tfo=0.052 cnt=0.570) snap= 0.224 srm=  3.017 sat= 50.187(set=0.160 slv=49.988 max=1.1279 n=336) sim= 0.000(rmp=0.000 run=0.000) chk= 0.008 stat= 0.310 rest= 0.005
  [incr r=156 repr=3 next=6 tfo=1339 active=333/176960 POs=333]
157 : c =       0  cl =   2896  lit =  174061  p =   330  d =     0  f =     3  -  T =     0.05 sec
  [prof 157] wall=  53.300 p=   333 | ifo=  0.832(sd=0.146 nx=0.129 tfo=0.058 cnt=0.500) snap= 0.240 srm=  2.843 sat= 49.170(set=0.169 slv=48.968 max=1.2578 n=333) sim= 0.000(rmp=0.000 run=0.000) chk= 0.008 stat= 0.199 rest= 0.007
  [incr r=157 repr=3 next=6 tfo=1338 active=330/176957 POs=330]
158 : c =       0  cl =   2896  lit =  174058  p =   327  d =     0  f =     3  -  T =     0.05 sec
  [prof 158] wall=  54.879 p=   330 | ifo=  0.926(sd=0.155 nx=0.142 tfo=0.065 cnt=0.564) snap= 0.223 srm=  3.067 sat= 50.461(set=0.162 slv=50.267 max=1.0965 n=330) sim= 0.000(rmp=0.000 run=0.000) chk= 0.008 stat= 0.189 rest= 0.006
  [incr r=158 repr=3 next=6 tfo=1337 active=327/176954 POs=327]
159 : c =       0  cl =   2896  lit =  174055  p =   324  d =     0  f =     3  -  T =     0.05 sec
  [prof 159] wall=  54.419 p=   327 | ifo=  0.898(sd=0.155 nx=0.134 tfo=0.059 cnt=0.550) snap= 0.257 srm=  3.353 sat= 49.709(set=0.163 slv=49.514 max=1.0919 n=327) sim= 0.000(rmp=0.000 run=0.000) chk= 0.009 stat= 0.186 rest= 0.007
  [incr r=159 repr=3 next=6 tfo=1336 active=324/176951 POs=324]
160 : c =       0  cl =   2896  lit =  174052  p =   321  d =     0  f =     3  -  T =     0.06 sec
  [prof 160] wall=  56.495 p=   324 | ifo=  0.881(sd=0.163 nx=0.136 tfo=0.058 cnt=0.524) snap= 0.462 srm=  6.142 sat= 48.809(set=0.667 slv=48.112 max=1.1014 n=324) sim= 0.000(rmp=0.000 run=0.000) chk= 0.009 stat= 0.185 rest= 0.007
  [incr r=160 repr=3 next=6 tfo=1335 active=321/176948 POs=321]
161 : c =       0  cl =   2896  lit =  174049  p =   318  d =     0  f =     3  -  T =     0.05 sec
  [prof 161] wall=  53.335 p=   321 | ifo=  1.005(sd=0.158 nx=0.141 tfo=0.060 cnt=0.647) snap= 0.215 srm=  3.025 sat= 48.856(set=0.144 slv=48.683 max=1.1693 n=321) sim= 0.000(rmp=0.000 run=0.000) chk= 0.008 stat= 0.220 rest= 0.006
  [incr r=161 repr=3 next=6 tfo=1334 active=318/176945 POs=318]
162 : c =       0  cl =   2896  lit =  174046  p =   315  d =     0  f =     3  -  T =     0.05 sec
  [prof 162] wall=  53.642 p=   318 | ifo=  0.903(sd=0.151 nx=0.144 tfo=0.058 cnt=0.550) snap= 0.217 srm=  2.992 sat= 49.320(set=0.158 slv=49.133 max=1.1202 n=318) sim= 0.000(rmp=0.000 run=0.000) chk= 0.008 stat= 0.198 rest= 0.005
  [incr r=162 repr=3 next=6 tfo=1333 active=315/176942 POs=315]
163 : c =       0  cl =   2896  lit =  174043  p =   312  d =     0  f =     3  -  T =     0.05 sec
  [prof 163] wall=  52.626 p=   315 | ifo=  0.875(sd=0.147 nx=0.126 tfo=0.056 cnt=0.545) snap= 0.217 srm=  3.236 sat= 48.100(set=0.147 slv=47.923 max=1.1270 n=315) sim= 0.000(rmp=0.000 run=0.000) chk= 0.008 stat= 0.185 rest= 0.006
  [incr r=163 repr=3 next=6 tfo=1332 active=312/176939 POs=312]
164 : c =       0  cl =   2896  lit =  174040  p =   309  d =     0  f =     3  -  T =     0.05 sec
  [prof 164] wall=  50.943 p=   312 | ifo=  0.849(sd=0.142 nx=0.127 tfo=0.055 cnt=0.525) snap= 0.203 srm=  2.938 sat= 46.751(set=0.158 slv=46.563 max=1.2091 n=312) sim= 0.000(rmp=0.000 run=0.000) chk= 0.008 stat= 0.188 rest= 0.006
  [incr r=164 repr=3 next=6 tfo=1331 active=309/176936 POs=309]
165 : c =       0  cl =   2896  lit =  174037  p =   306  d =     0  f =     3  -  T =     0.05 sec
  [prof 165] wall=  50.570 p=   309 | ifo=  1.101(sd=0.241 nx=0.178 tfo=0.059 cnt=0.622) snap= 0.233 srm=  3.167 sat= 45.865(set=0.148 slv=45.690 max=1.2251 n=309) sim= 0.000(rmp=0.000 run=0.000) chk= 0.007 stat= 0.189 rest= 0.007
  [incr r=165 repr=3 next=6 tfo=1330 active=306/176933 POs=306]
166 : c =       0  cl =   2896  lit =  174034  p =   303  d =     0  f =     3  -  T =     0.05 sec
  [prof 166] wall=  51.637 p=   306 | ifo=  0.899(sd=0.155 nx=0.132 tfo=0.060 cnt=0.553) snap= 0.217 srm=  2.982 sat= 47.334(set=0.159 slv=47.146 max=1.2369 n=306) sim= 0.000(rmp=0.000 run=0.000) chk= 0.008 stat= 0.192 rest= 0.005
  [incr r=166 repr=3 next=6 tfo=1329 active=303/176930 POs=303]
167 : c =       0  cl =   2896  lit =  174031  p =   300  d =     0  f =     3  -  T =     0.05 sec
  [prof 167] wall=  50.922 p=   303 | ifo=  0.865(sd=0.147 nx=0.129 tfo=0.057 cnt=0.533) snap= 0.210 srm=  2.924 sat= 46.611(set=0.157 slv=46.408 max=1.2199 n=303) sim= 0.000(rmp=0.000 run=0.000) chk= 0.009 stat= 0.297 rest= 0.006
  [incr r=167 repr=3 next=6 tfo=1328 active=300/176927 POs=300]
168 : c =       0  cl =   2896  lit =  174028  p =   297  d =     0  f =     3  -  T =     0.05 sec
  [prof 168] wall=  48.949 p=   300 | ifo=  0.930(sd=0.152 nx=0.154 tfo=0.057 cnt=0.566) snap= 0.206 srm=  2.974 sat= 44.626(set=0.169 slv=44.429 max=1.2696 n=300) sim= 0.000(rmp=0.000 run=0.000) chk= 0.009 stat= 0.199 rest= 0.006
  [incr r=168 repr=3 next=6 tfo=1327 active=297/176924 POs=297]
169 : c =       0  cl =   2896  lit =  174025  p =   294  d =     0  f =     3  -  T =     0.05 sec
  [prof 169] wall=  48.682 p=   297 | ifo=  0.833(sd=0.143 nx=0.127 tfo=0.057 cnt=0.505) snap= 0.222 srm=  2.848 sat= 44.576(set=0.169 slv=44.378 max=1.0765 n=297) sim= 0.000(rmp=0.000 run=0.000) chk= 0.008 stat= 0.190 rest= 0.006
  [incr r=169 repr=3 next=6 tfo=1326 active=294/176921 POs=294]
170 : c =       0  cl =   2896  lit =  174022  p =   291  d =     0  f =     3  -  T =     0.05 sec
  [prof 170] wall=  50.415 p=   294 | ifo=  0.906(sd=0.151 nx=0.146 tfo=0.057 cnt=0.551) snap= 0.227 srm=  3.105 sat= 45.982(set=0.162 slv=45.792 max=1.2275 n=294) sim= 0.000(rmp=0.000 run=0.000) chk= 0.008 stat= 0.182 rest= 0.006
  [incr r=170 repr=3 next=6 tfo=1325 active=291/176918 POs=291]
171 : c =       0  cl =   2896  lit =  174019  p =   288  d =     0  f =     3  -  T =     0.05 sec
  [prof 171] wall=  49.100 p=   291 | ifo=  0.892(sd=0.148 nx=0.126 tfo=0.058 cnt=0.560) snap= 0.226 srm=  3.114 sat= 44.568(set=0.163 slv=44.377 max=1.4950 n=291) sim= 0.000(rmp=0.000 run=0.000) chk= 0.009 stat= 0.285 rest= 0.006
  [incr r=171 repr=3 next=6 tfo=1324 active=288/176915 POs=288]
172 : c =       0  cl =   2896  lit =  174016  p =   285  d =     0  f =     3  -  T =     0.05 sec
  [prof 172] wall=  47.604 p=   288 | ifo=  1.005(sd=0.189 nx=0.169 tfo=0.059 cnt=0.588) snap= 0.196 srm=  2.897 sat= 43.299(set=0.144 slv=43.128 max=1.2096 n=288) sim= 0.000(rmp=0.000 run=0.000) chk= 0.007 stat= 0.194 rest= 0.006
  [incr r=172 repr=3 next=6 tfo=1323 active=285/176912 POs=285]
173 : c =       0  cl =   2896  lit =  174013  p =   282  d =     0  f =     3  -  T =     0.05 sec
  [prof 173] wall=  48.279 p=   285 | ifo=  0.866(sd=0.148 nx=0.128 tfo=0.056 cnt=0.535) snap= 0.244 srm=  3.323 sat= 43.659(set=0.178 slv=43.455 max=1.0346 n=285) sim= 0.000(rmp=0.000 run=0.000) chk= 0.007 stat= 0.172 rest= 0.007
  [incr r=173 repr=3 next=6 tfo=1322 active=282/176909 POs=282]
174 : c =       0  cl =   2896  lit =  174010  p =   279  d =     0  f =     3  -  T =     0.05 sec
  [prof 174] wall=  48.698 p=   282 | ifo=  0.846(sd=0.141 nx=0.135 tfo=0.055 cnt=0.515) snap= 0.325 srm=  2.946 sat= 44.386(set=0.217 slv=44.142 max=1.1123 n=282) sim= 0.000(rmp=0.000 run=0.000) chk= 0.008 stat= 0.180 rest= 0.007
  [incr r=174 repr=3 next=6 tfo=1321 active=279/176906 POs=279]
175 : c =       0  cl =   2896  lit =  174007  p =   276  d =     0  f =     3  -  T =     0.05 sec
  [prof 175] wall=  47.838 p=   279 | ifo=  0.880(sd=0.151 nx=0.129 tfo=0.053 cnt=0.547) snap= 0.224 srm=  3.184 sat= 43.364(set=0.170 slv=43.169 max=1.1614 n=279) sim= 0.000(rmp=0.000 run=0.000) chk= 0.007 stat= 0.175 rest= 0.005
  [incr r=175 repr=3 next=6 tfo=1320 active=276/176903 POs=276]
176 : c =       0  cl =   2896  lit =  174004  p =   273  d =     0  f =     3  -  T =     0.05 sec
  [prof 176] wall=  45.983 p=   276 | ifo=  0.833(sd=0.142 nx=0.124 tfo=0.055 cnt=0.512) snap= 0.218 srm=  2.952 sat= 41.779(set=0.175 slv=41.577 max=1.1334 n=276) sim= 0.000(rmp=0.000 run=0.000) chk= 0.008 stat= 0.187 rest= 0.006
  [incr r=176 repr=3 next=6 tfo=1319 active=273/176900 POs=273]
177 : c =       0  cl =   2896  lit =  174001  p =   270  d =     0  f =     3  -  T =     0.05 sec
  [prof 177] wall=  47.437 p=   273 | ifo=  0.912(sd=0.153 nx=0.143 tfo=0.057 cnt=0.559) snap= 0.218 srm=  3.066 sat= 43.037(set=0.156 slv=42.853 max=1.2393 n=273) sim= 0.000(rmp=0.000 run=0.000) chk= 0.009 stat= 0.189 rest= 0.006
  [incr r=177 repr=3 next=6 tfo=1318 active=270/176897 POs=270]
178 : c =       0  cl =   2896  lit =  173998  p =   267  d =     0  f =     3  -  T =     0.05 sec
  [prof 178] wall=  45.563 p=   270 | ifo=  0.923(sd=0.164 nx=0.142 tfo=0.058 cnt=0.559) snap= 0.215 srm=  3.064 sat= 41.119(set=0.147 slv=40.936 max=1.3586 n=270) sim= 0.000(rmp=0.000 run=0.000) chk= 0.008 stat= 0.230 rest= 0.006
  [incr r=178 repr=3 next=6 tfo=1317 active=267/176894 POs=267]
179 : c =       0  cl =   2896  lit =  173995  p =   264  d =     0  f =     3  -  T =     0.05 sec
  [prof 179] wall=  45.278 p=   267 | ifo=  1.000(sd=0.189 nx=0.159 tfo=0.058 cnt=0.594) snap= 0.208 srm=  3.115 sat= 40.691(set=0.153 slv=40.513 max=1.1220 n=267) sim= 0.000(rmp=0.000 run=0.000) chk= 0.008 stat= 0.250 rest= 0.007
  [incr r=179 repr=3 next=6 tfo=1316 active=264/176891 POs=264]
180 : c =       0  cl =   2896  lit =  173992  p =   261  d =     0  f =     3  -  T =     0.04 sec
  [prof 180] wall=  44.116 p=   264 | ifo=  0.985(sd=0.176 nx=0.169 tfo=0.080 cnt=0.560) snap= 0.228 srm=  2.925 sat= 39.775(set=0.167 slv=39.582 max=1.1278 n=264) sim= 0.000(rmp=0.000 run=0.000) chk= 0.008 stat= 0.187 rest= 0.007
  [incr r=180 repr=3 next=6 tfo=1315 active=261/176888 POs=261]
181 : c =       0  cl =   2896  lit =  173989  p =   258  d =     0  f =     3  -  T =     0.04 sec
  [prof 181] wall=  43.759 p=   261 | ifo=  0.959(sd=0.181 nx=0.135 tfo=0.060 cnt=0.584) snap= 0.215 srm=  3.013 sat= 39.371(set=0.158 slv=39.189 max=1.1009 n=261) sim= 0.000(rmp=0.000 run=0.000) chk= 0.008 stat= 0.187 rest= 0.007
  [incr r=181 repr=3 next=6 tfo=1314 active=258/176885 POs=258]
182 : c =       0  cl =   2896  lit =  173986  p =   255  d =     0  f =     3  -  T =     0.04 sec
  [prof 182] wall=  44.743 p=   258 | ifo=  0.907(sd=0.152 nx=0.134 tfo=0.055 cnt=0.567) snap= 0.232 srm=  3.037 sat= 40.372(set=0.180 slv=40.161 max=1.1931 n=258) sim= 0.000(rmp=0.000 run=0.000) chk= 0.007 stat= 0.182 rest= 0.005
  [incr r=182 repr=3 next=6 tfo=1313 active=255/176882 POs=255]
183 : c =       0  cl =   2896  lit =  173983  p =   252  d =     0  f =     3  -  T =     0.04 sec
  [prof 183] wall=  43.862 p=   255 | ifo=  1.012(sd=0.142 nx=0.138 tfo=0.125 cnt=0.607) snap= 0.214 srm=  2.939 sat= 39.496(set=0.157 slv=39.316 max=1.2682 n=255) sim= 0.000(rmp=0.000 run=0.000) chk= 0.007 stat= 0.187 rest= 0.006
  [incr r=183 repr=3 next=6 tfo=1312 active=252/176879 POs=252]
184 : c =       0  cl =   2896  lit =  173980  p =   249  d =     0  f =     3  -  T =     0.04 sec
  [prof 184] wall=  42.490 p=   252 | ifo=  0.881(sd=0.162 nx=0.129 tfo=0.056 cnt=0.534) snap= 0.195 srm=  2.847 sat= 38.377(set=0.141 slv=38.212 max=1.2911 n=252) sim= 0.000(rmp=0.000 run=0.000) chk= 0.007 stat= 0.178 rest= 0.005
  [incr r=184 repr=3 next=6 tfo=1311 active=249/176876 POs=249]
185 : c =       0  cl =   2896  lit =  173977  p =   246  d =     0  f =     3  -  T =     0.04 sec
  [prof 185] wall=  42.082 p=   249 | ifo=  0.853(sd=0.144 nx=0.127 tfo=0.058 cnt=0.523) snap= 0.366 srm=  3.104 sat= 37.566(set=0.187 slv=37.355 max=1.1387 n=249) sim= 0.000(rmp=0.000 run=0.000) chk= 0.006 stat= 0.181 rest= 0.006
  [incr r=185 repr=3 next=5 tfo=1310 active=246/176873 POs=246]
186 : c =       0  cl =   2896  lit =  173975  p =   244  d =     0  f =     2  -  T =     0.04 sec
  [prof 186] wall=  41.074 p=   246 | ifo=  1.195(sd=0.204 nx=0.134 tfo=0.052 cnt=0.804) snap= 0.237 srm=  3.090 sat= 36.358(set=0.142 slv=36.195 max=1.1756 n=246) sim= 0.000(rmp=0.000 run=0.000) chk= 0.006 stat= 0.180 rest= 0.007
  [incr r=186 repr=2 next=4 tfo=1309 active=244/176871 POs=244]
187 : c =       0  cl =   2896  lit =  173973  p =   242  d =     0  f =     2  -  T =     0.04 sec
  [prof 187] wall=  39.594 p=   244 | ifo=  1.265(sd=0.147 nx=0.140 tfo=0.055 cnt=0.923) snap= 0.214 srm=  2.819 sat= 34.971(set=0.126 slv=34.821 max=1.0422 n=244) sim= 0.000(rmp=0.000 run=0.000) chk= 0.006 stat= 0.312 rest= 0.007
  [incr r=187 repr=2 next=4 tfo=1308 active=242/176869 POs=242]
188 : c =       0  cl =   2896  lit =  173971  p =   240  d =     0  f =     2  -  T =     0.04 sec
  [prof 188] wall=  39.957 p=   242 | ifo=  0.954(sd=0.176 nx=0.174 tfo=0.058 cnt=0.547) snap= 0.207 srm=  3.293 sat= 35.309(set=0.127 slv=35.157 max=1.3285 n=242) sim= 0.000(rmp=0.000 run=0.000) chk= 0.006 stat= 0.183 rest= 0.006
  [incr r=188 repr=2 next=4 tfo=1307 active=240/176867 POs=240]
189 : c =       0  cl =   2896  lit =  173969  p =   238  d =     0  f =     2  -  T =     0.04 sec
  [prof 189] wall=  38.958 p=   240 | ifo=  0.858(sd=0.144 nx=0.127 tfo=0.053 cnt=0.534) snap= 0.247 srm=  2.824 sat= 34.834(set=0.133 slv=34.679 max=1.0676 n=240) sim= 0.000(rmp=0.000 run=0.000) chk= 0.005 stat= 0.185 rest= 0.006
  [incr r=189 repr=2 next=4 tfo=1306 active=238/176865 POs=238]
190 : c =       0  cl =   2896  lit =  173967  p =   236  d =     0  f =     2  -  T =     0.04 sec
  [prof 190] wall=  39.465 p=   238 | ifo=  0.835(sd=0.138 nx=0.117 tfo=0.053 cnt=0.527) snap= 0.215 srm=  2.732 sat= 35.477(set=0.120 slv=35.332 max=1.2712 n=238) sim= 0.000(rmp=0.000 run=0.000) chk= 0.007 stat= 0.194 rest= 0.006
  [incr r=190 repr=2 next=4 tfo=1305 active=236/176863 POs=236]
191 : c =       0  cl =   2896  lit =  173965  p =   234  d =     0  f =     2  -  T =     0.04 sec
  [prof 191] wall=  40.313 p=   236 | ifo=  0.895(sd=0.156 nx=0.148 tfo=0.058 cnt=0.534) snap= 0.209 srm=  2.790 sat= 36.229(set=0.137 slv=36.063 max=1.2193 n=236) sim= 0.000(rmp=0.000 run=0.000) chk= 0.006 stat= 0.178 rest= 0.006
  [incr r=191 repr=2 next=4 tfo=1304 active=234/176861 POs=234]
192 : c =       0  cl =   2896  lit =  173963  p =   232  d =     0  f =     2  -  T =     0.04 sec
  [prof 192] wall=  38.529 p=   234 | ifo=  0.886(sd=0.155 nx=0.143 tfo=0.055 cnt=0.533) snap= 0.223 srm=  2.739 sat= 34.474(set=0.116 slv=34.337 max=1.1527 n=234) sim= 0.000(rmp=0.000 run=0.000) chk= 0.006 stat= 0.196 rest= 0.006
  [incr r=192 repr=2 next=4 tfo=1303 active=232/176859 POs=232]
193 : c =       0  cl =   2896  lit =  173961  p =   230  d =     0  f =     2  -  T =     0.04 sec
  [prof 193] wall=  38.613 p=   232 | ifo=  0.865(sd=0.156 nx=0.121 tfo=0.055 cnt=0.533) snap= 0.202 srm=  2.695 sat= 34.669(set=0.125 slv=34.522 max=1.1480 n=232) sim= 0.000(rmp=0.000 run=0.000) chk= 0.005 stat= 0.172 rest= 0.006
  [incr r=193 repr=2 next=4 tfo=1302 active=230/176857 POs=230]
194 : c =       0  cl =   2896  lit =  173959  p =   228  d =     0  f =     2  -  T =     0.04 sec
  [prof 194] wall=  39.351 p=   230 | ifo=  0.818(sd=0.139 nx=0.137 tfo=0.051 cnt=0.491) snap= 0.258 srm=  2.928 sat= 35.076(set=0.156 slv=34.897 max=1.3063 n=230) sim= 0.000(rmp=0.000 run=0.000) chk= 0.007 stat= 0.257 rest= 0.007
  [incr r=194 repr=2 next=4 tfo=1301 active=228/176855 POs=228]
195 : c =       0  cl =   2896  lit =  173957  p =   226  d =     0  f =     2  -  T =     0.04 sec
  [prof 195] wall=  40.248 p=   228 | ifo=  1.049(sd=0.181 nx=0.164 tfo=0.059 cnt=0.645) snap= 0.218 srm=  2.817 sat= 35.969(set=0.142 slv=35.804 max=1.5796 n=228) sim= 0.000(rmp=0.000 run=0.000) chk= 0.006 stat= 0.182 rest= 0.007
  [incr r=195 repr=2 next=4 tfo=1300 active=226/176853 POs=226]
196 : c =       0  cl =   2896  lit =  173955  p =   224  d =     0  f =     2  -  T =     0.04 sec
  [prof 196] wall=  37.817 p=   226 | ifo=  1.016(sd=0.147 nx=0.126 tfo=0.128 cnt=0.616) snap= 0.249 srm=  2.848 sat= 33.467(set=0.147 slv=33.298 max=1.1223 n=226) sim= 0.000(rmp=0.000 run=0.000) chk= 0.007 stat= 0.224 rest= 0.006
  [incr r=196 repr=2 next=4 tfo=1299 active=224/176851 POs=224]
197 : c =       0  cl =   2896  lit =  173953  p =   222  d =     0  f =     2  -  T =     0.04 sec
  [prof 197] wall=  36.445 p=   224 | ifo=  0.974(sd=0.172 nx=0.156 tfo=0.057 cnt=0.588) snap= 0.195 srm=  2.783 sat= 32.302(set=0.126 slv=32.155 max=1.0607 n=224) sim= 0.000(rmp=0.000 run=0.000) chk= 0.006 stat= 0.178 rest= 0.007
  [incr r=197 repr=2 next=4 tfo=1298 active=222/176849 POs=222]
198 : c =       0  cl =   2896  lit =  173951  p =   220  d =     0  f =     2  -  T =     0.04 sec
  [prof 198] wall=  36.926 p=   222 | ifo=  0.987(sd=0.141 nx=0.124 tfo=0.053 cnt=0.668) snap= 0.232 srm=  3.178 sat= 32.286(set=0.132 slv=32.133 max=1.0154 n=222) sim= 0.000(rmp=0.000 run=0.000) chk= 0.007 stat= 0.230 rest= 0.006
  [incr r=198 repr=2 next=4 tfo=1297 active=220/176847 POs=220]
199 : c =       0  cl =   2896  lit =  173949  p =   218  d =     0  f =     2  -  T =     0.04 sec
  [prof 199] wall=  37.734 p=   220 | ifo=  1.000(sd=0.194 nx=0.158 tfo=0.059 cnt=0.590) snap= 0.221 srm=  2.992 sat= 33.344(set=0.126 slv=33.198 max=1.1641 n=220) sim= 0.000(rmp=0.000 run=0.000) chk= 0.005 stat= 0.165 rest= 0.006
  [incr r=199 repr=2 next=4 tfo=1296 active=218/176845 POs=218]
200 : c =       0  cl =   2896  lit =  173947  p =   216  d =     0  f =     2  -  T =     0.04 sec
  [prof 200] wall=  36.400 p=   218 | ifo=  1.040(sd=0.138 nx=0.207 tfo=0.062 cnt=0.633) snap= 0.208 srm=  2.810 sat= 32.150(set=0.124 slv=32.006 max=1.1689 n=218) sim= 0.000(rmp=0.000 run=0.000) chk= 0.006 stat= 0.180 rest= 0.007
  [incr r=200 repr=2 next=4 tfo=1295 active=216/176843 POs=216]
201 : c =       0  cl =   2896  lit =  173945  p =   214  d =     0  f =     2  -  T =     0.04 sec
  [prof 201] wall=  37.306 p=   216 | ifo=  0.928(sd=0.148 nx=0.127 tfo=0.053 cnt=0.599) snap= 0.222 srm=  2.799 sat= 33.154(set=0.130 slv=33.002 max=1.1691 n=216) sim= 0.000(rmp=0.000 run=0.000) chk= 0.006 stat= 0.192 rest= 0.006
  [incr r=201 repr=2 next=4 tfo=1294 active=214/176841 POs=214]
202 : c =       0  cl =   2896  lit =  173943  p =   212  d =     0  f =     2  -  T =     0.04 sec
  [prof 202] wall=  36.433 p=   214 | ifo=  1.233(sd=0.152 nx=0.136 tfo=0.056 cnt=0.889) snap= 0.265 srm=  3.912 sat= 30.847(set=0.149 slv=30.679 max=1.1206 n=214) sim= 0.000(rmp=0.000 run=0.000) chk= 0.005 stat= 0.164 rest= 0.007
  [incr r=202 repr=2 next=4 tfo=1293 active=212/176839 POs=212]
203 : c =       0  cl =   2896  lit =  173941  p =   210  d =     0  f =     2  -  T =     0.04 sec
  [prof 203] wall=  36.058 p=   212 | ifo=  1.058(sd=0.139 nx=0.134 tfo=0.059 cnt=0.726) snap= 0.228 srm=  2.881 sat= 31.695(set=0.128 slv=31.548 max=1.1798 n=212) sim= 0.000(rmp=0.000 run=0.000) chk= 0.005 stat= 0.185 rest= 0.005
  [incr r=203 repr=2 next=4 tfo=1292 active=210/176837 POs=210]
204 : c =       0  cl =   2896  lit =  173939  p =   208  d =     0  f =     2  -  T =     0.04 sec
  [prof 204] wall=  36.334 p=   210 | ifo=  1.101(sd=0.150 nx=0.130 tfo=0.050 cnt=0.771) snap= 0.225 srm=  2.878 sat= 31.896(set=0.136 slv=31.740 max=1.1311 n=210) sim= 0.000(rmp=0.000 run=0.000) chk= 0.006 stat= 0.222 rest= 0.006
  [incr r=204 repr=2 next=4 tfo=1291 active=208/176835 POs=208]
205 : c =       0  cl =   2896  lit =  173937  p =   206  d =     0  f =     2  -  T =     0.04 sec
  [prof 205] wall=  37.187 p=   208 | ifo=  0.852(sd=0.151 nx=0.134 tfo=0.056 cnt=0.511) snap= 0.327 srm=  6.158 sat= 29.605(set=0.148 slv=29.439 max=1.0458 n=208) sim= 0.000(rmp=0.000 run=0.000) chk= 0.008 stat= 0.228 rest= 0.010
  [incr r=205 repr=2 next=4 tfo=1290 active=206/176833 POs=206]
206 : c =       0  cl =   2896  lit =  173935  p =   204  d =     0  f =     2  -  T =     0.04 sec
  [prof 206] wall=  39.778 p=   206 | ifo=  1.087(sd=0.204 nx=0.170 tfo=0.094 cnt=0.619) snap= 0.235 srm=  3.401 sat= 34.876(set=0.132 slv=34.723 max=1.5869 n=206) sim= 0.000(rmp=0.000 run=0.000) chk= 0.005 stat= 0.169 rest= 0.005
  [incr r=206 repr=2 next=4 tfo=1289 active=204/176831 POs=204]
207 : c =       0  cl =   2896  lit =  173933  p =   202  d =     0  f =     2  -  T =     0.03 sec
  [prof 207] wall=  33.628 p=   204 | ifo=  0.866(sd=0.145 nx=0.122 tfo=0.049 cnt=0.549) snap= 0.208 srm=  2.738 sat= 29.640(set=0.122 slv=29.498 max=1.1554 n=204) sim= 0.000(rmp=0.000 run=0.000) chk= 0.005 stat= 0.165 rest= 0.006
  [incr r=207 repr=2 next=4 tfo=1288 active=202/176829 POs=202]
208 : c =       0  cl =   2896  lit =  173931  p =   200  d =     0  f =     2  -  T =     0.03 sec
  [prof 208] wall=  35.009 p=   202 | ifo=  0.838(sd=0.137 nx=0.122 tfo=0.052 cnt=0.527) snap= 0.237 srm=  3.165 sat= 30.570(set=0.141 slv=30.409 max=1.1251 n=202) sim= 0.000(rmp=0.000 run=0.000) chk= 0.006 stat= 0.187 rest= 0.006
  [incr r=208 repr=2 next=4 tfo=1287 active=200/176827 POs=200]
209 : c =       0  cl =   2896  lit =  173929  p =   198  d =     0  f =     2  -  T =     0.03 sec
  [prof 209] wall=  32.626 p=   200 | ifo=  0.928(sd=0.151 nx=0.131 tfo=0.055 cnt=0.592) snap= 0.206 srm=  2.780 sat= 28.538(set=0.125 slv=28.384 max=1.0625 n=200) sim= 0.000(rmp=0.000 run=0.000) chk= 0.004 stat= 0.164 rest= 0.006
  [incr r=209 repr=2 next=4 tfo=1286 active=198/176825 POs=198]
210 : c =       0  cl =   2896  lit =  173927  p =   196  d =     0  f =     2  -  T =     0.03 sec
  [prof 210] wall=  34.090 p=   198 | ifo=  0.827(sd=0.138 nx=0.126 tfo=0.052 cnt=0.511) snap= 0.248 srm=  2.713 sat= 30.108(set=0.150 slv=29.939 max=1.1296 n=198) sim= 0.000(rmp=0.000 run=0.000) chk= 0.006 stat= 0.183 rest= 0.006
  [incr r=210 repr=2 next=4 tfo=1285 active=196/176823 POs=196]
211 : c =       0  cl =   2896  lit =  173925  p =   194  d =     0  f =     2  -  T =     0.03 sec
  [prof 211] wall=  33.837 p=   196 | ifo=  0.866(sd=0.146 nx=0.127 tfo=0.052 cnt=0.540) snap= 0.218 srm=  3.090 sat= 29.485(set=0.129 slv=29.338 max=1.1404 n=196) sim= 0.000(rmp=0.000 run=0.000) chk= 0.006 stat= 0.168 rest= 0.005
  [incr r=211 repr=2 next=4 tfo=1284 active=194/176821 POs=194]
212 : c =       0  cl =   2896  lit =  173923  p =   192  d =     0  f =     2  -  T =     0.03 sec
  [prof 212] wall=  34.429 p=   194 | ifo=  0.839(sd=0.151 nx=0.123 tfo=0.055 cnt=0.511) snap= 0.297 srm=  2.892 sat= 30.222(set=0.150 slv=30.052 max=1.1462 n=194) sim= 0.000(rmp=0.000 run=0.000) chk= 0.005 stat= 0.168 rest= 0.006
  [incr r=212 repr=2 next=4 tfo=1283 active=192/176819 POs=192]
213 : c =       0  cl =   2896  lit =  173921  p =   190  d =     0  f =     2  -  T =     0.03 sec
  [prof 213] wall=  32.758 p=   192 | ifo=  0.848(sd=0.138 nx=0.118 tfo=0.069 cnt=0.522) snap= 0.310 srm=  2.690 sat= 28.697(set=0.143 slv=28.536 max=1.1608 n=192) sim= 0.000(rmp=0.000 run=0.000) chk= 0.005 stat= 0.171 rest= 0.037
  [incr r=213 repr=2 next=4 tfo=1282 active=190/176817 POs=190]
214 : c =       0  cl =   2896  lit =  173919  p =   188  d =     0  f =     2  -  T =     0.03 sec
  [prof 214] wall=  33.598 p=   190 | ifo=  0.881(sd=0.141 nx=0.122 tfo=0.051 cnt=0.566) snap= 0.222 srm=  2.826 sat= 29.472(set=0.133 slv=29.320 max=1.1186 n=190) sim= 0.000(rmp=0.000 run=0.000) chk= 0.011 stat= 0.181 rest= 0.006
  [incr r=214 repr=2 next=4 tfo=1281 active=188/176815 POs=188]
215 : c =       0  cl =   2896  lit =  173917  p =   186  d =     0  f =     2  -  T =     0.03 sec
  [prof 215] wall=  32.381 p=   188 | ifo=  0.858(sd=0.144 nx=0.123 tfo=0.064 cnt=0.527) snap= 0.215 srm=  2.735 sat= 28.381(set=0.127 slv=28.235 max=1.1176 n=188) sim= 0.000(rmp=0.000 run=0.000) chk= 0.006 stat= 0.181 rest= 0.006
  [incr r=215 repr=2 next=4 tfo=1280 active=186/176813 POs=186]
216 : c =       0  cl =   2896  lit =  173915  p =   184  d =     0  f =     2  -  T =     0.03 sec
  [prof 216] wall=  32.513 p=   186 | ifo=  0.842(sd=0.145 nx=0.126 tfo=0.056 cnt=0.515) snap= 0.205 srm=  2.601 sat= 28.664(set=0.123 slv=28.505 max=1.3367 n=186) sim= 0.000(rmp=0.000 run=0.000) chk= 0.006 stat= 0.186 rest= 0.009
  [incr r=216 repr=2 next=4 tfo=1279 active=184/176811 POs=184]
217 : c =       0  cl =   2896  lit =  173913  p =   182  d =     0  f =     2  -  T =     0.03 sec
  [prof 217] wall=  31.681 p=   184 | ifo=  0.884(sd=0.152 nx=0.129 tfo=0.052 cnt=0.551) snap= 0.287 srm=  3.176 sat= 27.161(set=0.135 slv=27.008 max=1.5459 n=184) sim= 0.000(rmp=0.000 run=0.000) chk= 0.005 stat= 0.161 rest= 0.006
  [incr r=217 repr=2 next=4 tfo=1278 active=182/176809 POs=182]
218 : c =       0  cl =   2896  lit =  173911  p =   180  d =     0  f =     2  -  T =     0.03 sec
  [prof 218] wall=  30.391 p=   182 | ifo=  0.827(sd=0.133 nx=0.115 tfo=0.050 cnt=0.529) snap= 0.217 srm=  2.641 sat= 26.478(set=0.117 slv=26.344 max=1.2058 n=182) sim= 0.000(rmp=0.000 run=0.000) chk= 0.006 stat= 0.216 rest= 0.005
  [incr r=218 repr=2 next=4 tfo=1277 active=180/176807 POs=180]
219 : c =       0  cl =   2896  lit =  173909  p =   178  d =     0  f =     2  -  T =     0.03 sec
  [prof 219] wall=  31.624 p=   180 | ifo=  1.104(sd=0.173 nx=0.277 tfo=0.058 cnt=0.596) snap= 0.205 srm=  2.835 sat= 27.278(set=0.122 slv=27.140 max=1.4135 n=180) sim= 0.000(rmp=0.000 run=0.000) chk= 0.005 stat= 0.190 rest= 0.007
  [incr r=219 repr=2 next=4 tfo=1276 active=178/176805 POs=178]
220 : c =       0  cl =   2896  lit =  173907  p =   176  d =     0  f =     2  -  T =     0.03 sec
  [prof 220] wall=  31.402 p=   178 | ifo=  0.881(sd=0.151 nx=0.130 tfo=0.049 cnt=0.551) snap= 0.302 srm=  3.031 sat= 27.015(set=0.134 slv=26.864 max=1.2557 n=178) sim= 0.000(rmp=0.000 run=0.000) chk= 0.005 stat= 0.162 rest= 0.006
  [incr r=220 repr=2 next=4 tfo=1275 active=176/176803 POs=176]
221 : c =       0  cl =   2896  lit =  173905  p =   174  d =     0  f =     2  -  T =     0.03 sec
  [prof 221] wall=  31.021 p=   176 | ifo=  0.800(sd=0.142 nx=0.117 tfo=0.047 cnt=0.494) snap= 0.221 srm=  2.755 sat= 27.011(set=0.127 slv=26.866 max=1.0945 n=176) sim= 0.000(rmp=0.000 run=0.000) chk= 0.007 stat= 0.220 rest= 0.006
  [incr r=221 repr=2 next=4 tfo=1274 active=174/176801 POs=174]
222 : c =       0  cl =   2896  lit =  173903  p =   172  d =     0  f =     2  -  T =     0.03 sec
  [prof 222] wall=  30.663 p=   174 | ifo=  1.018(sd=0.226 nx=0.167 tfo=0.085 cnt=0.540) snap= 0.201 srm=  2.558 sat= 26.708(set=0.123 slv=26.567 max=1.2370 n=174) sim= 0.000(rmp=0.000 run=0.000) chk= 0.005 stat= 0.168 rest= 0.005
  [incr r=222 repr=2 next=4 tfo=1273 active=172/176799 POs=172]
223 : c =       0  cl =   2896  lit =  173901  p =   170  d =     0  f =     2  -  T =     0.03 sec
  [prof 223] wall=  30.962 p=   172 | ifo=  0.930(sd=0.144 nx=0.143 tfo=0.053 cnt=0.590) snap= 0.220 srm=  2.713 sat= 26.903(set=0.131 slv=26.755 max=1.2589 n=172) sim= 0.000(rmp=0.000 run=0.000) chk= 0.006 stat= 0.182 rest= 0.007
  [incr r=223 repr=2 next=4 tfo=1272 active=170/176797 POs=170]
224 : c =       0  cl =   2896  lit =  173899  p =   168  d =     0  f =     2  -  T =     0.03 sec
  [prof 224] wall=  31.903 p=   170 | ifo=  0.876(sd=0.150 nx=0.131 tfo=0.051 cnt=0.545) snap= 0.241 srm=  2.800 sat= 27.788(set=0.129 slv=27.639 max=1.1167 n=170) sim= 0.000(rmp=0.000 run=0.000) chk= 0.005 stat= 0.186 rest= 0.006
  [incr r=224 repr=2 next=4 tfo=1271 active=168/176795 POs=168]
225 : c =       0  cl =   2896  lit =  173897  p =   166  d =     0  f =     2  -  T =     0.03 sec
  [prof 225] wall=  29.290 p=   168 | ifo=  0.836(sd=0.143 nx=0.123 tfo=0.052 cnt=0.518) snap= 0.218 srm=  2.777 sat= 25.255(set=0.120 slv=25.116 max=1.1594 n=168) sim= 0.000(rmp=0.000 run=0.000) chk= 0.006 stat= 0.193 rest= 0.006
  [incr r=225 repr=2 next=4 tfo=1270 active=166/176793 POs=166]
226 : c =       0  cl =   2896  lit =  173895  p =   164  d =     0  f =     2  -  T =     0.03 sec
  [prof 226] wall=  29.630 p=   166 | ifo=  0.943(sd=0.156 nx=0.141 tfo=0.069 cnt=0.577) snap= 0.235 srm=  3.184 sat= 25.058(set=0.131 slv=24.910 max=1.0894 n=166) sim= 0.000(rmp=0.000 run=0.000) chk= 0.005 stat= 0.197 rest= 0.007
  [incr r=226 repr=2 next=4 tfo=1269 active=164/176791 POs=164]
227 : c =       0  cl =   2896  lit =  173893  p =   162  d =     0  f =     2  -  T =     0.03 sec
  [prof 227] wall=  30.305 p=   164 | ifo=  0.875(sd=0.147 nx=0.128 tfo=0.054 cnt=0.546) snap= 0.728 srm=  2.840 sat= 25.638(set=0.308 slv=25.313 max=1.1586 n=164) sim= 0.000(rmp=0.000 run=0.000) chk= 0.007 stat= 0.179 rest= 0.038
  [incr r=227 repr=2 next=4 tfo=1268 active=162/176789 POs=162]
228 : c =       0  cl =   2896  lit =  173891  p =   160  d =     0  f =     2  -  T =     0.03 sec
  [prof 228] wall=  29.566 p=   162 | ifo=  0.875(sd=0.145 nx=0.126 tfo=0.054 cnt=0.550) snap= 0.218 srm=  2.817 sat= 25.441(set=0.130 slv=25.295 max=1.1524 n=162) sim= 0.000(rmp=0.000 run=0.000) chk= 0.006 stat= 0.202 rest= 0.006
  [incr r=228 repr=2 next=4 tfo=1267 active=160/176787 POs=160]
229 : c =       0  cl =   2896  lit =  173889  p =   158  d =     0  f =     2  -  T =     0.03 sec
  [prof 229] wall=  27.712 p=   160 | ifo=  0.836(sd=0.157 nx=0.120 tfo=0.050 cnt=0.508) snap= 0.229 srm=  2.705 sat= 23.771(set=0.264 slv=23.493 max=1.1142 n=160) sim= 0.000(rmp=0.000 run=0.000) chk= 0.004 stat= 0.161 rest= 0.006
  [incr r=229 repr=2 next=4 tfo=1266 active=158/176785 POs=158]
230 : c =       0  cl =   2896  lit =  173887  p =   156  d =     0  f =     2  -  T =     0.03 sec
  [prof 230] wall=  29.186 p=   158 | ifo=  0.820(sd=0.136 nx=0.113 tfo=0.059 cnt=0.512) snap= 0.245 srm=  2.699 sat= 25.149(set=0.139 slv=24.994 max=1.3059 n=158) sim= 0.000(rmp=0.000 run=0.000) chk= 0.007 stat= 0.259 rest= 0.006
  [incr r=230 repr=2 next=4 tfo=1265 active=156/176783 POs=156]
231 : c =       0  cl =   2896  lit =  173885  p =   154  d =     0  f =     2  -  T =     0.03 sec
  [prof 231] wall=  28.614 p=   156 | ifo=  0.975(sd=0.173 nx=0.154 tfo=0.054 cnt=0.595) snap= 0.204 srm=  2.743 sat= 24.486(set=0.120 slv=24.350 max=1.1873 n=156) sim= 0.000(rmp=0.000 run=0.000) chk= 0.005 stat= 0.194 rest= 0.007
  [incr r=231 repr=2 next=4 tfo=1264 active=154/176781 POs=154]
232 : c =       0  cl =   2896  lit =  173883  p =   152  d =     0  f =     2  -  T =     0.03 sec
  [prof 232] wall=  29.062 p=   154 | ifo=  0.863(sd=0.142 nx=0.126 tfo=0.055 cnt=0.539) snap= 0.212 srm=  2.935 sat= 24.857(set=0.121 slv=24.719 max=1.3497 n=154) sim= 0.000(rmp=0.000 run=0.000) chk= 0.005 stat= 0.183 rest= 0.007
  [incr r=232 repr=2 next=4 tfo=1263 active=152/176779 POs=152]
233 : c =       0  cl =   2896  lit =  173881  p =   150  d =     0  f =     2  -  T =     0.03 sec
  [prof 233] wall=  27.538 p=   152 | ifo=  0.996(sd=0.165 nx=0.139 tfo=0.055 cnt=0.636) snap= 0.205 srm=  2.963 sat= 23.202(set=0.136 slv=23.049 max=1.1828 n=152) sim= 0.000(rmp=0.000 run=0.000) chk= 0.004 stat= 0.163 rest= 0.005
  [incr r=233 repr=2 next=4 tfo=1262 active=150/176777 POs=150]
234 : c =       0  cl =   2896  lit =  173879  p =   148  d =     0  f =     2  -  T =     0.03 sec
  [prof 234] wall=  29.298 p=   150 | ifo=  0.932(sd=0.135 nx=0.127 tfo=0.050 cnt=0.621) snap= 0.201 srm=  2.818 sat= 25.175(set=0.119 slv=25.039 max=1.3634 n=150) sim= 0.000(rmp=0.000 run=0.000) chk= 0.004 stat= 0.161 rest= 0.006
  [incr r=234 repr=2 next=4 tfo=1261 active=148/176775 POs=148]
235 : c =       0  cl =   2896  lit =  173877  p =   146  d =     0  f =     2  -  T =     0.03 sec
  [prof 235] wall=  27.511 p=   148 | ifo=  0.813(sd=0.144 nx=0.116 tfo=0.047 cnt=0.507) snap= 0.213 srm=  2.740 sat= 23.540(set=0.132 slv=23.393 max=1.1977 n=148) sim= 0.000(rmp=0.000 run=0.000) chk= 0.006 stat= 0.195 rest= 0.005
  [incr r=235 repr=2 next=4 tfo=1260 active=146/176773 POs=146]
236 : c =       0  cl =   2896  lit =  173875  p =   144  d =     0  f =     2  -  T =     0.03 sec
  [prof 236] wall=  27.507 p=   146 | ifo=  0.869(sd=0.147 nx=0.131 tfo=0.054 cnt=0.537) snap= 0.225 srm=  3.614 sat= 22.625(set=0.179 slv=22.430 max=1.2485 n=146) sim= 0.000(rmp=0.000 run=0.000) chk= 0.005 stat= 0.163 rest= 0.006
  [incr r=236 repr=2 next=4 tfo=1259 active=144/176771 POs=144]
237 : c =       0  cl =   2896  lit =  173873  p =   142  d =     0  f =     2  -  T =     0.03 sec
  [prof 237] wall=  27.748 p=   144 | ifo=  0.823(sd=0.137 nx=0.117 tfo=0.056 cnt=0.512) snap= 0.267 srm=  2.678 sat= 23.760(set=0.152 slv=23.592 max=1.2231 n=144) sim= 0.000(rmp=0.000 run=0.000) chk= 0.005 stat= 0.211 rest= 0.006
  [incr r=237 repr=2 next=4 tfo=1258 active=142/176769 POs=142]
238 : c =       0  cl =   2896  lit =  173871  p =   140  d =     0  f =     2  -  T =     0.03 sec
  [prof 238] wall=  27.047 p=   142 | ifo=  0.994(sd=0.167 nx=0.148 tfo=0.050 cnt=0.628) snap= 0.196 srm=  2.560 sat= 23.119(set=0.115 slv=22.990 max=1.3996 n=142) sim= 0.000(rmp=0.000 run=0.000) chk= 0.006 stat= 0.167 rest= 0.006
  [incr r=238 repr=2 next=4 tfo=1257 active=140/176767 POs=140]
239 : c =       0  cl =   2896  lit =  173869  p =   138  d =     0  f =     2  -  T =     0.03 sec
  [prof 239] wall=  27.226 p=   140 | ifo=  0.818(sd=0.137 nx=0.121 tfo=0.051 cnt=0.510) snap= 0.280 srm=  2.960 sat= 22.990(set=0.151 slv=22.824 max=1.1589 n=140) sim= 0.000(rmp=0.000 run=0.000) chk= 0.004 stat= 0.169 rest= 0.005
  [incr r=239 repr=2 next=4 tfo=1256 active=138/176765 POs=138]
240 : c =       0  cl =   2896  lit =  173867  p =   136  d =     0  f =     2  -  T =     0.03 sec
  [prof 240] wall=  25.706 p=   138 | ifo=  0.851(sd=0.143 nx=0.123 tfo=0.049 cnt=0.536) snap= 0.215 srm=  2.805 sat= 21.666(set=0.127 slv=21.526 max=1.1374 n=138) sim= 0.000(rmp=0.000 run=0.000) chk= 0.004 stat= 0.160 rest= 0.005
  [incr r=240 repr=2 next=4 tfo=1255 active=136/176763 POs=136]
241 : c =       0  cl =   2896  lit =  173865  p =   134  d =     0  f =     2  -  T =     0.02 sec
  [prof 241] wall=  24.510 p=   136 | ifo=  0.794(sd=0.132 nx=0.113 tfo=0.047 cnt=0.502) snap= 0.227 srm=  2.598 sat= 20.730(set=0.132 slv=20.585 max=1.2069 n=136) sim= 0.000(rmp=0.000 run=0.000) chk= 0.004 stat= 0.153 rest= 0.005
  [incr r=241 repr=2 next=4 tfo=1254 active=134/176761 POs=134]
242 : c =       0  cl =   2896  lit =  173863  p =   132  d =     0  f =     2  -  T =     0.02 sec
  [prof 242] wall=  24.342 p=   134 | ifo=  0.764(sd=0.129 nx=0.110 tfo=0.045 cnt=0.481) snap= 0.199 srm=  2.725 sat= 20.477(set=0.121 slv=20.342 max=1.1179 n=134) sim= 0.000(rmp=0.000 run=0.000) chk= 0.004 stat= 0.167 rest= 0.005
  [incr r=242 repr=2 next=4 tfo=1253 active=132/176759 POs=132]
243 : c =       0  cl =   2896  lit =  173861  p =   130  d =     0  f =     2  -  T =     0.03 sec
  [prof 243] wall=  25.723 p=   132 | ifo=  0.865(sd=0.139 nx=0.120 tfo=0.049 cnt=0.557) snap= 0.271 srm=  2.946 sat= 21.459(set=0.157 slv=21.287 max=1.2536 n=132) sim= 0.000(rmp=0.000 run=0.000) chk= 0.004 stat= 0.172 rest= 0.006
  [incr r=243 repr=2 next=4 tfo=1252 active=130/176757 POs=130]
244 : c =       0  cl =   2896  lit =  173859  p =   128  d =     0  f =     2  -  T =     0.02 sec
  [prof 244] wall=  24.453 p=   130 | ifo=  0.834(sd=0.141 nx=0.123 tfo=0.048 cnt=0.521) snap= 0.227 srm=  2.893 sat= 20.302(set=0.125 slv=20.165 max=1.1603 n=130) sim= 0.000(rmp=0.000 run=0.000) chk= 0.004 stat= 0.188 rest= 0.005
  [incr r=244 repr=2 next=4 tfo=1251 active=128/176755 POs=128]
245 : c =       0  cl =   2896  lit =  173857  p =   126  d =     0  f =     2  -  T =     0.02 sec
  [prof 245] wall=  23.886 p=   128 | ifo=  0.842(sd=0.133 nx=0.116 tfo=0.050 cnt=0.544) snap= 0.212 srm=  2.691 sat= 19.948(set=0.123 slv=19.812 max=1.1609 n=128) sim= 0.000(rmp=0.000 run=0.000) chk= 0.004 stat= 0.182 rest= 0.006
  [incr r=245 repr=2 next=4 tfo=1250 active=126/176753 POs=126]
246 : c =       0  cl =   2896  lit =  173855  p =   124  d =     0  f =     2  -  T =     0.02 sec
  [prof 246] wall=  24.203 p=   126 | ifo=  0.939(sd=0.165 nx=0.133 tfo=0.051 cnt=0.591) snap= 0.222 srm=  3.519 sat= 19.357(set=0.126 slv=19.218 max=1.0903 n=126) sim= 0.000(rmp=0.000 run=0.000) chk= 0.004 stat= 0.156 rest= 0.005
  [incr r=246 repr=2 next=4 tfo=1249 active=124/176751 POs=124]
247 : c =       0  cl =   2896  lit =  173853  p =   122  d =     0  f =     2  -  T =     0.03 sec
  [prof 247] wall=  25.880 p=   124 | ifo=  0.795(sd=0.131 nx=0.112 tfo=0.046 cnt=0.506) snap= 0.435 srm=  3.298 sat= 21.179(set=0.148 slv=21.018 max=1.2939 n=124) sim= 0.000(rmp=0.000 run=0.000) chk= 0.004 stat= 0.163 rest= 0.006
  [incr r=247 repr=2 next=4 tfo=1248 active=122/176749 POs=122]
248 : c =       0  cl =   2896  lit =  173851  p =   120  d =     0  f =     2  -  T =     0.02 sec
  [prof 248] wall=  23.619 p=   122 | ifo=  0.824(sd=0.135 nx=0.118 tfo=0.046 cnt=0.525) snap= 0.207 srm=  2.637 sat= 19.771(set=0.120 slv=19.637 max=1.2921 n=122) sim= 0.000(rmp=0.000 run=0.000) chk= 0.004 stat= 0.172 rest= 0.005
  [incr r=248 repr=2 next=4 tfo=1247 active=120/176747 POs=120]
249 : c =       0  cl =   2896  lit =  173849  p =   118  d =     0  f =     2  -  T =     0.02 sec
  [prof 249] wall=  23.427 p=   120 | ifo=  0.864(sd=0.145 nx=0.126 tfo=0.049 cnt=0.544) snap= 0.259 srm=  2.966 sat= 19.118(set=0.151 slv=18.955 max=1.2352 n=120) sim= 0.000(rmp=0.000 run=0.000) chk= 0.004 stat= 0.210 rest= 0.006
  [incr r=249 repr=2 next=4 tfo=1246 active=118/176745 POs=118]
250 : c =       0  cl =   2896  lit =  173847  p =   116  d =     0  f =     2  -  T =     0.02 sec
  [prof 250] wall=  23.895 p=   118 | ifo=  1.006(sd=0.171 nx=0.155 tfo=0.055 cnt=0.625) snap= 0.296 srm=  3.275 sat= 19.134(set=0.150 slv=18.972 max=1.2466 n=118) sim= 0.000(rmp=0.000 run=0.000) chk= 0.005 stat= 0.172 rest= 0.007
  [incr r=250 repr=2 next=4 tfo=1245 active=116/176743 POs=116]
251 : c =       0  cl =   2896  lit =  173845  p =   114  d =     0  f =     2  -  T =     0.02 sec
  [prof 251] wall=  22.124 p=   116 | ifo=  0.834(sd=0.140 nx=0.125 tfo=0.053 cnt=0.516) snap= 0.222 srm=  2.661 sat= 18.234(set=0.122 slv=18.095 max=1.2795 n=116) sim= 0.000(rmp=0.000 run=0.000) chk= 0.004 stat= 0.164 rest= 0.004
  [incr r=251 repr=2 next=4 tfo=1244 active=114/176741 POs=114]
252 : c =       0  cl =   2896  lit =  173843  p =   112  d =     0  f =     2  -  T =     0.02 sec
  [prof 252] wall=  21.973 p=   114 | ifo=  0.808(sd=0.140 nx=0.114 tfo=0.048 cnt=0.506) snap= 0.306 srm=  2.599 sat= 18.084(set=0.143 slv=17.930 max=1.2950 n=114) sim= 0.000(rmp=0.000 run=0.000) chk= 0.004 stat= 0.167 rest= 0.005
  [incr r=252 repr=2 next=4 tfo=1243 active=112/176739 POs=112]
253 : c =       0  cl =   2896  lit =  173841  p =   110  d =     0  f =     2  -  T =     0.02 sec
  [prof 253] wall=  22.338 p=   112 | ifo=  0.846(sd=0.140 nx=0.120 tfo=0.047 cnt=0.539) snap= 0.244 srm=  3.056 sat= 17.974(set=0.142 slv=17.821 max=1.1437 n=112) sim= 0.000(rmp=0.000 run=0.000) chk= 0.004 stat= 0.208 rest= 0.006
  [incr r=253 repr=2 next=4 tfo=1242 active=110/176737 POs=110]
254 : c =       0  cl =   2896  lit =  173839  p =   108  d =     0  f =     2  -  T =     0.02 sec
  [prof 254] wall=  22.221 p=   110 | ifo=  1.046(sd=0.172 nx=0.153 tfo=0.046 cnt=0.675) snap= 0.244 srm=  2.863 sat= 17.886(set=0.136 slv=17.739 max=1.1935 n=110) sim= 0.000(rmp=0.000 run=0.000) chk= 0.004 stat= 0.171 rest= 0.006
  [incr r=254 repr=2 next=4 tfo=1241 active=108/176735 POs=108]
255 : c =       0  cl =   2896  lit =  173837  p =   106  d =     0  f =     2  -  T =     0.02 sec
  [prof 255] wall=  20.403 p=   108 | ifo=  0.837(sd=0.143 nx=0.125 tfo=0.050 cnt=0.520) snap= 0.204 srm=  2.637 sat= 16.539(set=0.117 slv=16.411 max=1.1402 n=108) sim= 0.000(rmp=0.000 run=0.000) chk= 0.004 stat= 0.176 rest= 0.005
  [incr r=255 repr=2 next=4 tfo=1240 active=106/176733 POs=106]
256 : c =       0  cl =   2896  lit =  173835  p =   104  d =     0  f =     2  -  T =     0.02 sec
  [prof 256] wall=  22.525 p=   106 | ifo=  0.892(sd=0.139 nx=0.124 tfo=0.117 cnt=0.512) snap= 0.200 srm=  2.591 sat= 18.652(set=0.119 slv=18.520 max=1.3650 n=106) sim= 0.000(rmp=0.000 run=0.000) chk= 0.005 stat= 0.179 rest= 0.007
  [incr r=256 repr=2 next=4 tfo=1239 active=104/176731 POs=104]
257 : c =       0  cl =   2896  lit =  173833  p =   102  d =     0  f =     2  -  T =     0.02 sec
  [prof 257] wall=  20.269 p=   104 | ifo=  0.878(sd=0.146 nx=0.131 tfo=0.053 cnt=0.549) snap= 0.212 srm=  2.718 sat= 16.283(set=0.125 slv=16.148 max=1.1889 n=104) sim= 0.000(rmp=0.000 run=0.000) chk= 0.004 stat= 0.169 rest= 0.005
  [incr r=257 repr=2 next=4 tfo=1238 active=102/176729 POs=102]
258 : c =       0  cl =   2896  lit =  173831  p =   100  d =     0  f =     2  -  T =     0.02 sec
  [prof 258] wall=  21.295 p=   102 | ifo=  0.862(sd=0.141 nx=0.122 tfo=0.045 cnt=0.553) snap= 0.330 srm=  2.791 sat= 17.144(set=0.144 slv=16.991 max=1.2480 n=102) sim= 0.000(rmp=0.000 run=0.000) chk= 0.004 stat= 0.158 rest= 0.006
  [incr r=258 repr=2 next=4 tfo=1237 active=100/176727 POs=100]
259 : c =       0  cl =   2896  lit =  173829  p =    98  d =     0  f =     2  -  T =     0.02 sec
  [prof 259] wall=  20.622 p=   100 | ifo=  0.955(sd=0.140 nx=0.119 tfo=0.140 cnt=0.556) snap= 0.243 srm=  2.904 sat= 16.341(set=0.146 slv=16.183 max=1.1840 n=100) sim= 0.000(rmp=0.000 run=0.000) chk= 0.004 stat= 0.168 rest= 0.006
  [incr r=259 repr=2 next=4 tfo=1236 active=98/176725 POs=98]
260 : c =       0  cl =   2896  lit =  173827  p =    96  d =     0  f =     2  -  T =     0.02 sec
  [prof 260] wall=  19.423 p=    98 | ifo=  0.830(sd=0.150 nx=0.118 tfo=0.050 cnt=0.510) snap= 0.203 srm=  2.755 sat= 15.467(set=0.128 slv=15.329 max=1.1888 n=98) sim= 0.000(rmp=0.000 run=0.000) chk= 0.004 stat= 0.159 rest= 0.006
  [incr r=260 repr=2 next=4 tfo=1235 active=96/176723 POs=96]
261 : c =       0  cl =   2896  lit =  173825  p =    94  d =     0  f =     2  -  T =     0.02 sec
  [prof 261] wall=  20.017 p=    96 | ifo=  0.845(sd=0.145 nx=0.128 tfo=0.047 cnt=0.524) snap= 0.232 srm=  2.975 sat= 15.790(set=0.188 slv=15.593 max=1.2171 n=96) sim= 0.000(rmp=0.000 run=0.000) chk= 0.004 stat= 0.167 rest= 0.005
  [incr r=261 repr=2 next=4 tfo=1234 active=94/176721 POs=94]
262 : c =       0  cl =   2896  lit =  173823  p =    92  d =     0  f =     2  -  T =     0.02 sec
  [prof 262] wall=  20.854 p=    94 | ifo=  0.851(sd=0.144 nx=0.123 tfo=0.046 cnt=0.538) snap= 0.231 srm=  3.061 sat= 16.547(set=0.137 slv=16.401 max=1.2703 n=94) sim= 0.000(rmp=0.000 run=0.000) chk= 0.005 stat= 0.154 rest= 0.006
  [incr r=262 repr=2 next=4 tfo=1233 active=92/176719 POs=92]
263 : c =       0  cl =   2896  lit =  173821  p =    90  d =     0  f =     2  -  T =     0.02 sec
  [prof 263] wall=  19.966 p=    92 | ifo=  0.828(sd=0.140 nx=0.112 tfo=0.044 cnt=0.531) snap= 0.262 srm=  3.473 sat= 15.213(set=0.147 slv=15.056 max=1.1150 n=92) sim= 0.000(rmp=0.000 run=0.000) chk= 0.003 stat= 0.182 rest= 0.006
  [incr r=263 repr=2 next=4 tfo=1232 active=90/176717 POs=90]
264 : c =       0  cl =   2896  lit =  173819  p =    88  d =     0  f =     2  -  T =     0.02 sec
  [prof 264] wall=  20.246 p=    90 | ifo=  0.849(sd=0.140 nx=0.121 tfo=0.044 cnt=0.544) snap= 0.218 srm=  2.785 sat= 16.227(set=0.130 slv=16.086 max=1.2618 n=90) sim= 0.000(rmp=0.000 run=0.000) chk= 0.004 stat= 0.159 rest= 0.005
  [incr r=264 repr=2 next=4 tfo=1231 active=88/176715 POs=88]
265 : c =       0  cl =   2896  lit =  173817  p =    86  d =     0  f =     2  -  T =     0.02 sec
  [prof 265] wall=  19.713 p=    88 | ifo=  0.834(sd=0.136 nx=0.121 tfo=0.048 cnt=0.530) snap= 0.218 srm=  2.717 sat= 15.778(set=0.135 slv=15.634 max=1.3697 n=88) sim= 0.000(rmp=0.000 run=0.000) chk= 0.003 stat= 0.156 rest= 0.005
  [incr r=265 repr=2 next=4 tfo=1230 active=86/176713 POs=86]
266 : c =       0  cl =   2896  lit =  173815  p =    84  d =     0  f =     2  -  T =     0.02 sec
  [prof 266] wall=  19.452 p=    86 | ifo=  0.781(sd=0.128 nx=0.111 tfo=0.045 cnt=0.497) snap= 0.247 srm=  2.712 sat= 15.542(set=0.143 slv=15.391 max=1.3479 n=86) sim= 0.000(rmp=0.000 run=0.000) chk= 0.004 stat= 0.160 rest= 0.005
  [incr r=266 repr=2 next=4 tfo=1229 active=84/176711 POs=84]
267 : c =       0  cl =   2896  lit =  173813  p =    82  d =     0  f =     2  -  T =     0.02 sec
  [prof 267] wall=  18.376 p=    84 | ifo=  0.841(sd=0.137 nx=0.116 tfo=0.044 cnt=0.543) snap= 0.222 srm=  2.800 sat= 14.349(set=0.127 slv=14.211 max=1.1716 n=84) sim= 0.000(rmp=0.000 run=0.000) chk= 0.003 stat= 0.156 rest= 0.005
  [incr r=267 repr=2 next=4 tfo=1228 active=82/176709 POs=82]
268 : c =       0  cl =   2896  lit =  173811  p =    80  d =     0  f =     2  -  T =     0.02 sec
  [prof 268] wall=  18.814 p=    82 | ifo=  0.801(sd=0.134 nx=0.114 tfo=0.044 cnt=0.509) snap= 0.288 srm=  3.002 sat= 14.537(set=0.177 slv=14.350 max=1.1320 n=82) sim= 0.000(rmp=0.000 run=0.000) chk= 0.004 stat= 0.176 rest= 0.006
  [incr r=268 repr=2 next=4 tfo=1227 active=80/176707 POs=80]
269 : c =       0  cl =   2896  lit =  173809  p =    78  d =     0  f =     2  -  T =     0.02 sec
  [prof 269] wall=  18.461 p=    80 | ifo=  0.854(sd=0.147 nx=0.128 tfo=0.056 cnt=0.524) snap= 0.231 srm=  2.759 sat= 14.415(set=0.136 slv=14.270 max=1.3679 n=80) sim= 0.000(rmp=0.000 run=0.000) chk= 0.004 stat= 0.193 rest= 0.004
  [incr r=269 repr=2 next=4 tfo=1226 active=78/176705 POs=78]
270 : c =       0  cl =   2896  lit =  173807  p =    76  d =     0  f =     2  -  T =     0.02 sec
  [prof 270] wall=  17.659 p=    78 | ifo=  0.903(sd=0.175 nx=0.144 tfo=0.045 cnt=0.538) snap= 0.214 srm=  2.782 sat= 13.602(set=0.123 slv=13.471 max=1.2710 n=78) sim= 0.000(rmp=0.000 run=0.000) chk= 0.003 stat= 0.149 rest= 0.006
  [incr r=270 repr=2 next=4 tfo=1225 active=76/176703 POs=76]
271 : c =       0  cl =   2896  lit =  173805  p =    74  d =     0  f =     2  -  T =     0.02 sec
  [prof 271] wall=  20.028 p=    76 | ifo=  0.802(sd=0.132 nx=0.112 tfo=0.046 cnt=0.512) snap= 0.306 srm=  2.785 sat= 15.952(set=0.178 slv=15.763 max=1.3764 n=76) sim= 0.000(rmp=0.000 run=0.000) chk= 0.003 stat= 0.175 rest= 0.005
  [incr r=271 repr=2 next=4 tfo=1224 active=74/176701 POs=74]
272 : c =       0  cl =   2896  lit =  173803  p =    72  d =     0  f =     2  -  T =     0.02 sec
  [prof 272] wall=  16.811 p=    74 | ifo=  0.845(sd=0.145 nx=0.123 tfo=0.045 cnt=0.532) snap= 0.227 srm=  2.725 sat= 12.853(set=0.130 slv=12.714 max=1.1178 n=74) sim= 0.000(rmp=0.000 run=0.000) chk= 0.003 stat= 0.153 rest= 0.005
  [incr r=272 repr=2 next=4 tfo=1223 active=72/176699 POs=72]
273 : c =       0  cl =   2896  lit =  173801  p =    70  d =     0  f =     2  -  T =     0.02 sec
  [prof 273] wall=  16.830 p=    72 | ifo=  0.799(sd=0.133 nx=0.113 tfo=0.046 cnt=0.507) snap= 0.258 srm=  2.940 sat= 12.663(set=0.123 slv=12.532 max=1.2180 n=72) sim= 0.000(rmp=0.000 run=0.000) chk= 0.003 stat= 0.162 rest= 0.005
  [incr r=273 repr=2 next=4 tfo=1222 active=70/176697 POs=70]
274 : c =       0  cl =   2896  lit =  173799  p =    68  d =     0  f =     2  -  T =     0.02 sec
  [prof 274] wall=  16.617 p=    70 | ifo=  1.556(sd=0.138 nx=0.108 tfo=0.042 cnt=1.268) snap= 0.207 srm=  2.607 sat= 12.077(set=0.119 slv=11.950 max=1.2961 n=70) sim= 0.000(rmp=0.000 run=0.000) chk= 0.003 stat= 0.162 rest= 0.005
  [incr r=274 repr=2 next=4 tfo=1221 active=68/176695 POs=68]
275 : c =       0  cl =   2896  lit =  173797  p =    66  d =     0  f =     2  -  T =     0.02 sec
  [prof 275] wall=  16.988 p=    68 | ifo=  0.831(sd=0.138 nx=0.116 tfo=0.045 cnt=0.532) snap= 0.226 srm=  2.731 sat= 12.985(set=0.133 slv=12.843 max=1.3237 n=68) sim= 0.000(rmp=0.000 run=0.000) chk= 0.004 stat= 0.207 rest= 0.005
  [incr r=275 repr=2 next=4 tfo=1220 active=66/176693 POs=66]
276 : c =       0  cl =   2896  lit =  173795  p =    64  d =     0  f =     2  -  T =     0.02 sec
  [prof 276] wall=  16.663 p=    66 | ifo=  0.845(sd=0.145 nx=0.127 tfo=0.053 cnt=0.519) snap= 0.219 srm=  2.738 sat= 12.679(set=0.252 slv=12.418 max=1.2876 n=66) sim= 0.000(rmp=0.000 run=0.000) chk= 0.004 stat= 0.174 rest= 0.006
  [incr r=276 repr=2 next=4 tfo=1219 active=64/176691 POs=64]
277 : c =       0  cl =   2896  lit =  173793  p =    62  d =     0  f =     2  -  T =     0.02 sec
  [prof 277] wall=  16.192 p=    64 | ifo=  0.868(sd=0.143 nx=0.127 tfo=0.059 cnt=0.539) snap= 0.215 srm=  2.861 sat= 12.054(set=0.136 slv=11.910 max=1.4080 n=64) sim= 0.000(rmp=0.000 run=0.000) chk= 0.003 stat= 0.186 rest= 0.004
  [incr r=277 repr=2 next=4 tfo=1218 active=62/176689 POs=62]
278 : c =       0  cl =   2896  lit =  173791  p =    60  d =     0  f =     2  -  T =     0.01 sec
  [prof 278] wall=  14.641 p=    62 | ifo=  0.866(sd=0.153 nx=0.138 tfo=0.043 cnt=0.532) snap= 0.202 srm=  2.624 sat= 10.795(set=0.136 slv=10.652 max=1.3099 n=62) sim= 0.000(rmp=0.000 run=0.000) chk= 0.003 stat= 0.147 rest= 0.005
  [incr r=278 repr=2 next=4 tfo=1217 active=60/176687 POs=60]
279 : c =       0  cl =   2896  lit =  173789  p =    58  d =     0  f =     2  -  T =     0.02 sec
  [prof 279] wall=  15.877 p=    60 | ifo=  0.775(sd=0.134 nx=0.107 tfo=0.040 cnt=0.495) snap= 0.236 srm=  2.614 sat= 12.059(set=0.153 slv=11.898 max=1.3758 n=60) sim= 0.000(rmp=0.000 run=0.000) chk= 0.004 stat= 0.179 rest= 0.010
  [incr r=279 repr=2 next=4 tfo=1216 active=58/176685 POs=58]
280 : c =       0  cl =   2896  lit =  173787  p =    56  d =     0  f =     2  -  T =     0.01 sec
  [prof 280] wall=  14.872 p=    58 | ifo=  0.826(sd=0.140 nx=0.117 tfo=0.044 cnt=0.525) snap= 0.222 srm=  2.650 sat= 11.006(set=0.124 slv=10.874 max=1.3119 n=58) sim= 0.000(rmp=0.000 run=0.000) chk= 0.003 stat= 0.160 rest= 0.004
  [incr r=280 repr=2 next=4 tfo=1215 active=56/176683 POs=56]
281 : c =       0  cl =   2896  lit =  173785  p =    54  d =     0  f =     2  -  T =     0.01 sec
  [prof 281] wall=  14.361 p=    56 | ifo=  0.818(sd=0.138 nx=0.116 tfo=0.043 cnt=0.522) snap= 0.258 srm=  2.849 sat= 10.257(set=0.145 slv=10.106 max=1.2202 n=56) sim= 0.000(rmp=0.000 run=0.000) chk= 0.003 stat= 0.172 rest= 0.005
  [incr r=281 repr=2 next=4 tfo=1214 active=54/176681 POs=54]
282 : c =       0  cl =   2896  lit =  173783  p =    52  d =     0  f =     2  -  T =     0.02 sec
  [prof 282] wall=  15.372 p=    54 | ifo=  0.846(sd=0.150 nx=0.127 tfo=0.042 cnt=0.527) snap= 0.201 srm=  2.503 sat= 11.589(set=0.119 slv=11.461 max=1.3552 n=54) sim= 0.000(rmp=0.000 run=0.000) chk= 0.004 stat= 0.224 rest= 0.006
  [incr r=282 repr=2 next=4 tfo=1213 active=52/176679 POs=52]
283 : c =       0  cl =   2896  lit =  173781  p =    50  d =     0  f =     2  -  T =     0.01 sec
  [prof 283] wall=  14.057 p=    52 | ifo=  0.987(sd=0.179 nx=0.158 tfo=0.055 cnt=0.595) snap= 0.211 srm=  2.939 sat=  9.713(set=0.124 slv=9.583 max=1.1556 n=52) sim= 0.000(rmp=0.000 run=0.000) chk= 0.004 stat= 0.198 rest= 0.006
  [incr r=283 repr=2 next=4 tfo=1212 active=50/176677 POs=50]
284 : c =       0  cl =   2896  lit =  173779  p =    48  d =     0  f =     2  -  T =     0.01 sec
  [prof 284] wall=  12.422 p=    50 | ifo=  0.899(sd=0.158 nx=0.145 tfo=0.053 cnt=0.543) snap= 0.230 srm=  2.810 sat=  8.328(set=0.126 slv=8.196 max=0.9301 n=50) sim= 0.000(rmp=0.000 run=0.000) chk= 0.003 stat= 0.148 rest= 0.004
  [incr r=284 repr=2 next=3 tfo=1211 active=48/176675 POs=48]
285 : c =       0  cl =   2896  lit =  173778  p =    47  d =     0  f =     1  -  T =     0.01 sec
  [prof 285] wall=  11.412 p=    48 | ifo=  0.960(sd=0.131 nx=0.241 tfo=0.049 cnt=0.538) snap= 0.227 srm=  2.628 sat=  7.455(set=0.099 slv=7.351 max=0.8990 n=48) sim= 0.000(rmp=0.000 run=0.000) chk= 0.002 stat= 0.136 rest= 0.004
  [incr r=285 repr=1 next=2 tfo=1210 active=47/176674 POs=47]
286 : c =       0  cl =   2896  lit =  173777  p =    46  d =     0  f =     1  -  T =     0.01 sec
  [prof 286] wall=  11.539 p=    47 | ifo=  0.907(sd=0.197 nx=0.132 tfo=0.058 cnt=0.521) snap= 0.213 srm=  2.392 sat=  7.869(set=0.088 slv=7.775 max=0.9458 n=47) sim= 0.000(rmp=0.000 run=0.000) chk= 0.002 stat= 0.151 rest= 0.005
  [incr r=286 repr=1 next=2 tfo=1209 active=46/176673 POs=46]
287 : c =       0  cl =   2896  lit =  173776  p =    45  d =     0  f =     1  -  T =     0.01 sec
  [prof 287] wall=  11.187 p=    46 | ifo=  0.951(sd=0.205 nx=0.140 tfo=0.064 cnt=0.541) snap= 0.210 srm=  2.536 sat=  7.329(set=0.089 slv=7.234 max=0.9104 n=46) sim= 0.000(rmp=0.000 run=0.000) chk= 0.002 stat= 0.155 rest= 0.005
  [incr r=287 repr=1 next=2 tfo=1208 active=45/176672 POs=45]
288 : c =       0  cl =   2896  lit =  173775  p =    44  d =     0  f =     1  -  T =     0.01 sec
  [prof 288] wall=  12.253 p=    45 | ifo=  0.798(sd=0.128 nx=0.108 tfo=0.058 cnt=0.505) snap= 0.295 srm=  3.040 sat=  7.963(set=0.123 slv=7.834 max=1.0800 n=45) sim= 0.000(rmp=0.000 run=0.000) chk= 0.002 stat= 0.150 rest= 0.005
  [incr r=288 repr=1 next=2 tfo=1207 active=44/176671 POs=44]
289 : c =       0  cl =   2896  lit =  173774  p =    43  d =     0  f =     1  -  T =     0.01 sec
  [prof 289] wall=  11.040 p=    44 | ifo=  1.152(sd=0.137 nx=0.109 tfo=0.050 cnt=0.856) snap= 0.213 srm=  2.463 sat=  7.042(set=0.090 slv=6.946 max=0.9133 n=44) sim= 0.000(rmp=0.000 run=0.000) chk= 0.002 stat= 0.163 rest= 0.004
  [incr r=289 repr=1 next=2 tfo=1206 active=43/176670 POs=43]
290 : c =       0  cl =   2896  lit =  173773  p =    42  d =     0  f =     1  -  T =     0.01 sec
  [prof 290] wall=  10.386 p=    43 | ifo=  0.862(sd=0.149 nx=0.125 tfo=0.061 cnt=0.527) snap= 0.225 srm=  2.374 sat=  6.777(set=0.105 slv=6.667 max=0.8449 n=43) sim= 0.000(rmp=0.000 run=0.000) chk= 0.002 stat= 0.143 rest= 0.004
  [incr r=290 repr=1 next=2 tfo=1205 active=42/176669 POs=42]
291 : c =       0  cl =   2896  lit =  173772  p =    41  d =     0  f =     1  -  T =     0.01 sec
  [prof 291] wall=  11.317 p=    42 | ifo=  0.796(sd=0.130 nx=0.106 tfo=0.053 cnt=0.506) snap= 0.229 srm=  2.512 sat=  7.618(set=0.100 slv=7.511 max=1.0509 n=42) sim= 0.000(rmp=0.000 run=0.000) chk= 0.002 stat= 0.155 rest= 0.006
  [incr r=291 repr=1 next=2 tfo=1204 active=41/176668 POs=41]
292 : c =       0  cl =   2896  lit =  173771  p =    40  d =     0  f =     1  -  T =     0.01 sec
  [prof 292] wall=  10.521 p=    41 | ifo=  0.871(sd=0.134 nx=0.113 tfo=0.056 cnt=0.568) snap= 0.237 srm=  2.629 sat=  6.640(set=0.100 slv=6.535 max=0.9040 n=41) sim= 0.000(rmp=0.000 run=0.000) chk= 0.002 stat= 0.139 rest= 0.005
  [incr r=292 repr=1 next=2 tfo=1203 active=40/176667 POs=40]
293 : c =       0  cl =   2896  lit =  173770  p =    39  d =     0  f =     1  -  T =     0.01 sec
  [prof 293] wall=  10.370 p=    40 | ifo=  0.778(sd=0.120 nx=0.116 tfo=0.051 cnt=0.490) snap= 0.197 srm=  2.285 sat=  6.928(set=0.084 slv=6.839 max=0.8974 n=40) sim= 0.000(rmp=0.000 run=0.000) chk= 0.002 stat= 0.176 rest= 0.004
  [incr r=293 repr=1 next=2 tfo=1202 active=39/176666 POs=39]
294 : c =       0  cl =   2896  lit =  173769  p =    38  d =     0  f =     1  -  T =     0.01 sec
  [prof 294] wall=   9.887 p=    39 | ifo=  0.844(sd=0.150 nx=0.127 tfo=0.056 cnt=0.510) snap= 0.225 srm=  2.474 sat=  6.199(set=0.095 slv=6.100 max=0.8733 n=39) sim= 0.000(rmp=0.000 run=0.000) chk= 0.002 stat= 0.139 rest= 0.004
  [incr r=294 repr=1 next=2 tfo=1201 active=38/176665 POs=38]
295 : c =       0  cl =   2896  lit =  173768  p =    37  d =     0  f =     1  -  T =     0.01 sec
  [prof 295] wall=  12.036 p=    38 | ifo=  0.782(sd=0.127 nx=0.106 tfo=0.053 cnt=0.495) snap= 0.279 srm=  2.616 sat=  8.183(set=0.120 slv=8.056 max=1.1552 n=38) sim= 0.000(rmp=0.000 run=0.000) chk= 0.002 stat= 0.170 rest= 0.004
  [incr r=295 repr=1 next=2 tfo=1200 active=37/176664 POs=37]
296 : c =       0  cl =   2896  lit =  173767  p =    36  d =     0  f =     1  -  T =     0.01 sec
  [prof 296] wall=   9.812 p=    37 | ifo=  0.835(sd=0.137 nx=0.113 tfo=0.054 cnt=0.531) snap= 0.216 srm=  2.458 sat=  6.112(set=0.095 slv=6.012 max=1.0122 n=37) sim= 0.000(rmp=0.000 run=0.000) chk= 0.002 stat= 0.185 rest= 0.004
  [incr r=296 repr=1 next=2 tfo=1199 active=36/176663 POs=36]
297 : c =       0  cl =   2896  lit =  173766  p =    35  d =     0  f =     1  -  T =     0.01 sec
  [prof 297] wall=   9.816 p=    36 | ifo=  0.807(sd=0.139 nx=0.131 tfo=0.050 cnt=0.488) snap= 0.231 srm=  2.443 sat=  6.192(set=0.100 slv=6.087 max=1.0779 n=36) sim= 0.000(rmp=0.000 run=0.000) chk= 0.002 stat= 0.137 rest= 0.004
  [incr r=297 repr=1 next=2 tfo=1198 active=35/176662 POs=35]
298 : c =       0  cl =   2896  lit =  173765  p =    34  d =     0  f =     1  -  T =     0.01 sec
  [prof 298] wall=   9.428 p=    35 | ifo=  0.803(sd=0.142 nx=0.108 tfo=0.060 cnt=0.494) snap= 0.219 srm=  2.252 sat=  6.004(set=0.089 slv=5.911 max=0.9154 n=35) sim= 0.000(rmp=0.000 run=0.000) chk= 0.002 stat= 0.144 rest= 0.004
  [incr r=298 repr=1 next=2 tfo=1197 active=34/176661 POs=34]
299 : c =       0  cl =   2896  lit =  173764  p =    33  d =     0  f =     1  -  T =     0.01 sec
  [prof 299] wall=   9.349 p=    34 | ifo=  0.856(sd=0.150 nx=0.134 tfo=0.059 cnt=0.513) snap= 0.227 srm=  2.433 sat=  5.687(set=0.095 slv=5.588 max=0.9311 n=34) sim= 0.000(rmp=0.000 run=0.000) chk= 0.002 stat= 0.140 rest= 0.004
  [incr r=299 repr=1 next=2 tfo=1196 active=33/176660 POs=33]
300 : c =       0  cl =   2896  lit =  173763  p =    32  d =     0  f =     1  -  T =     0.01 sec
  [prof 300] wall=   8.754 p=    33 | ifo=  0.792(sd=0.130 nx=0.106 tfo=0.056 cnt=0.501) snap= 0.200 srm=  2.233 sat=  5.394(set=0.084 slv=5.306 max=0.8639 n=33) sim= 0.000(rmp=0.000 run=0.000) chk= 0.001 stat= 0.130 rest= 0.003
  [incr r=300 repr=1 next=2 tfo=1195 active=32/176659 POs=32]
301 : c =       0  cl =   2896  lit =  173762  p =    31  d =     0  f =     1  -  T =     0.01 sec
  [prof 301] wall=   8.805 p=    32 | ifo=  0.712(sd=0.121 nx=0.099 tfo=0.043 cnt=0.449) snap= 0.193 srm=  2.359 sat=  5.396(set=0.087 slv=5.306 max=0.9488 n=32) sim= 0.000(rmp=0.000 run=0.000) chk= 0.002 stat= 0.138 rest= 0.004
  [incr r=301 repr=1 next=2 tfo=1194 active=31/176658 POs=31]
302 : c =       0  cl =   2896  lit =  173761  p =    30  d =     0  f =     1  -  T =     0.01 sec
  [prof 302] wall=   8.928 p=    31 | ifo=  0.760(sd=0.125 nx=0.105 tfo=0.051 cnt=0.478) snap= 0.210 srm=  2.336 sat=  5.388(set=0.087 slv=5.296 max=0.8862 n=31) sim= 0.000(rmp=0.000 run=0.000) chk= 0.002 stat= 0.228 rest= 0.004
  [incr r=302 repr=1 next=2 tfo=1193 active=30/176657 POs=30]
303 : c =       0  cl =   2896  lit =  173760  p =    29  d =     0  f =     1  -  T =     0.01 sec
  [prof 303] wall=   9.441 p=    30 | ifo=  1.170(sd=0.533 nx=0.107 tfo=0.052 cnt=0.478) snap= 0.204 srm=  2.268 sat=  5.648(set=0.090 slv=5.555 max=0.9562 n=30) sim= 0.000(rmp=0.000 run=0.000) chk= 0.002 stat= 0.144 rest= 0.005
  [incr r=303 repr=1 next=2 tfo=1192 active=29/176656 POs=29]
304 : c =       0  cl =   2896  lit =  173759  p =    28  d =     0  f =     1  -  T =     0.01 sec
  [prof 304] wall=   9.328 p=    29 | ifo=  0.861(sd=0.135 nx=0.108 tfo=0.040 cnt=0.578) snap= 0.222 srm=  2.488 sat=  5.572(set=0.095 slv=5.473 max=1.0093 n=29) sim= 0.000(rmp=0.000 run=0.000) chk= 0.002 stat= 0.178 rest= 0.005
  [incr r=304 repr=1 next=2 tfo=1191 active=28/176655 POs=28]
305 : c =       0  cl =   2896  lit =  173758  p =    27  d =     0  f =     1  -  T =     0.01 sec
  [prof 305] wall=   9.150 p=    28 | ifo=  0.890(sd=0.161 nx=0.147 tfo=0.055 cnt=0.527) snap= 0.217 srm=  2.645 sat=  5.244(set=0.093 slv=5.148 max=1.1071 n=28) sim= 0.000(rmp=0.000 run=0.000) chk= 0.002 stat= 0.146 rest= 0.005
  [incr r=305 repr=1 next=2 tfo=1190 active=27/176654 POs=27]
306 : c =       0  cl =   2896  lit =  173757  p =    26  d =     0  f =     1  -  T =     0.01 sec
  [prof 306] wall=   8.785 p=    27 | ifo=  0.798(sd=0.133 nx=0.107 tfo=0.051 cnt=0.506) snap= 0.225 srm=  2.497 sat=  5.116(set=0.097 slv=5.015 max=1.0303 n=27) sim= 0.000(rmp=0.000 run=0.000) chk= 0.002 stat= 0.145 rest= 0.003
  [incr r=306 repr=1 next=2 tfo=1189 active=26/176653 POs=26]
307 : c =       0  cl =   2896  lit =  173756  p =    25  d =     0  f =     1  -  T =     0.01 sec
  [prof 307] wall=   8.934 p=    26 | ifo=  0.807(sd=0.134 nx=0.107 tfo=0.048 cnt=0.518) snap= 0.263 srm=  2.629 sat=  5.052(set=0.112 slv=4.936 max=1.1501 n=26) sim= 0.000(rmp=0.000 run=0.000) chk= 0.002 stat= 0.175 rest= 0.006
  [incr r=307 repr=1 next=2 tfo=1188 active=25/176652 POs=25]
308 : c =       0  cl =   2896  lit =  173755  p =    24  d =     0  f =     1  -  T =     0.01 sec
  [prof 308] wall=   8.343 p=    25 | ifo=  0.889(sd=0.234 nx=0.110 tfo=0.054 cnt=0.491) snap= 0.207 srm=  2.302 sat=  4.797(set=0.090 slv=4.704 max=1.0778 n=25) sim= 0.000(rmp=0.000 run=0.000) chk= 0.002 stat= 0.141 rest= 0.004
  [incr r=308 repr=1 next=2 tfo=1187 active=24/176651 POs=24]
309 : c =       0  cl =   2896  lit =  173754  p =    23  d =     0  f =     1  -  T =     0.01 sec
  [prof 309] wall=   8.706 p=    24 | ifo=  0.792(sd=0.131 nx=0.105 tfo=0.050 cnt=0.506) snap= 0.216 srm=  2.404 sat=  5.134(set=0.093 slv=5.037 max=1.0775 n=24) sim= 0.000(rmp=0.000 run=0.000) chk= 0.002 stat= 0.152 rest= 0.005
  [incr r=309 repr=1 next=2 tfo=1186 active=23/176650 POs=23]
310 : c =       0  cl =   2896  lit =  173753  p =    22  d =     0  f =     1  -  T =     0.01 sec
  [prof 310] wall=   8.504 p=    23 | ifo=  0.852(sd=0.135 nx=0.112 tfo=0.073 cnt=0.533) snap= 0.206 srm=  2.411 sat=  4.878(set=0.090 slv=4.783 max=0.9680 n=23) sim= 0.000(rmp=0.000 run=0.000) chk= 0.002 stat= 0.149 rest= 0.005
  [incr r=310 repr=1 next=2 tfo=1185 active=22/176649 POs=22]
311 : c =       0  cl =   2896  lit =  173752  p =    21  d =     0  f =     1  -  T =     0.01 sec
  [prof 311] wall=   8.298 p=    22 | ifo=  1.164(sd=0.128 nx=0.107 tfo=0.057 cnt=0.872) snap= 0.229 srm=  2.634 sat=  4.116(set=0.099 slv=4.014 max=0.9951 n=22) sim= 0.000(rmp=0.000 run=0.000) chk= 0.002 stat= 0.148 rest= 0.005
  [incr r=311 repr=1 next=2 tfo=1184 active=21/176648 POs=21]
312 : c =       0  cl =   2896  lit =  173751  p =    20  d =     0  f =     1  -  T =     0.01 sec
  [prof 312] wall=   7.419 p=    21 | ifo=  0.898(sd=0.146 nx=0.121 tfo=0.062 cnt=0.568) snap= 0.215 srm=  2.303 sat=  3.870(set=0.089 slv=3.778 max=0.9390 n=21) sim= 0.000(rmp=0.000 run=0.000) chk= 0.001 stat= 0.127 rest= 0.004
  [incr r=312 repr=1 next=2 tfo=1183 active=20/176647 POs=20]
313 : c =       0  cl =   2896  lit =  173750  p =    19  d =     0  f =     1  -  T =     0.01 sec
  [prof 313] wall=   7.456 p=    20 | ifo=  0.741(sd=0.127 nx=0.096 tfo=0.049 cnt=0.469) snap= 0.277 srm=  2.330 sat=  3.939(set=0.104 slv=3.833 max=0.9231 n=20) sim= 0.000(rmp=0.000 run=0.000) chk= 0.002 stat= 0.162 rest= 0.004
  [incr r=313 repr=1 next=2 tfo=1182 active=19/176646 POs=19]
314 : c =       0  cl =   2896  lit =  173749  p =    18  d =     0  f =     1  -  T =     0.01 sec
  [prof 314] wall=   7.570 p=    19 | ifo=  0.897(sd=0.162 nx=0.161 tfo=0.064 cnt=0.511) snap= 0.227 srm=  2.510 sat=  3.773(set=0.095 slv=3.675 max=0.9261 n=19) sim= 0.000(rmp=0.000 run=0.000) chk= 0.002 stat= 0.157 rest= 0.004
  [incr r=314 repr=1 next=2 tfo=1181 active=18/176645 POs=18]
315 : c =       0  cl =   2896  lit =  173748  p =    17  d =     0  f =     1  -  T =     0.01 sec
  [prof 315] wall=   7.216 p=    18 | ifo=  0.846(sd=0.142 nx=0.120 tfo=0.053 cnt=0.530) snap= 0.268 srm=  2.350 sat=  3.612(set=0.099 slv=3.509 max=0.9046 n=18) sim= 0.000(rmp=0.000 run=0.000) chk= 0.001 stat= 0.134 rest= 0.005
  [incr r=315 repr=1 next=2 tfo=1180 active=17/176644 POs=17]
316 : c =       0  cl =   2896  lit =  173747  p =    16  d =     0  f =     1  -  T =     0.01 sec
  [prof 316] wall=   7.088 p=    17 | ifo=  0.801(sd=0.125 nx=0.100 tfo=0.043 cnt=0.533) snap= 0.199 srm=  2.433 sat=  3.515(set=0.086 slv=3.425 max=0.9355 n=17) sim= 0.000(rmp=0.000 run=0.000) chk= 0.001 stat= 0.135 rest= 0.004
  [incr r=316 repr=1 next=2 tfo=1179 active=16/176643 POs=16]
317 : c =       0  cl =   2896  lit =  173746  p =    15  d =     0  f =     1  -  T =     0.01 sec
  [prof 317] wall=   9.052 p=    16 | ifo=  0.728(sd=0.123 nx=0.099 tfo=0.045 cnt=0.461) snap= 0.420 srm=  2.391 sat=  5.297(set=0.362 slv=4.931 max=1.3622 n=16) sim= 0.000(rmp=0.000 run=0.000) chk= 0.002 stat= 0.211 rest= 0.005
  [incr r=317 repr=1 next=2 tfo=1178 active=15/176642 POs=15]
318 : c =       0  cl =   2896  lit =  173745  p =    14  d =     0  f =     1  -  T =     0.01 sec
  [prof 318] wall=   8.312 p=    15 | ifo=  0.976(sd=0.162 nx=0.129 tfo=0.059 cnt=0.626) snap= 0.252 srm=  2.877 sat=  4.047(set=0.111 slv=3.931 max=1.1371 n=15) sim= 0.000(rmp=0.000 run=0.000) chk= 0.001 stat= 0.154 rest= 0.005
  [incr r=318 repr=1 next=2 tfo=1177 active=14/176641 POs=14]
319 : c =       0  cl =   2896  lit =  173744  p =    13  d =     0  f =     1  -  T =     0.01 sec
  [prof 319] wall=   6.690 p=    14 | ifo=  0.853(sd=0.140 nx=0.134 tfo=0.050 cnt=0.528) snap= 0.215 srm=  2.402 sat=  3.086(set=0.096 slv=2.988 max=0.9273 n=14) sim= 0.000(rmp=0.000 run=0.000) chk= 0.002 stat= 0.129 rest= 0.003
  [incr r=319 repr=1 next=2 tfo=1176 active=13/176640 POs=13]
320 : c =       0  cl =   2896  lit =  173743  p =    12  d =     0  f =     1  -  T =     0.01 sec
  [prof 320] wall=   6.272 p=    13 | ifo=  0.723(sd=0.122 nx=0.097 tfo=0.043 cnt=0.461) snap= 0.248 srm=  2.294 sat=  2.876(set=0.086 slv=2.788 max=0.9269 n=13) sim= 0.000(rmp=0.000 run=0.000) chk= 0.001 stat= 0.126 rest= 0.004
  [incr r=320 repr=1 next=2 tfo=1175 active=12/176639 POs=12]
321 : c =       0  cl =   2896  lit =  173742  p =    11  d =     0  f =     1  -  T =     0.01 sec
  [prof 321] wall=   7.289 p=    12 | ifo=  0.732(sd=0.120 nx=0.097 tfo=0.046 cnt=0.470) snap= 0.544 srm=  2.552 sat=  3.290(set=0.113 slv=3.174 max=1.1962 n=12) sim= 0.000(rmp=0.000 run=0.000) chk= 0.003 stat= 0.162 rest= 0.006
  [incr r=321 repr=1 next=2 tfo=1174 active=11/176638 POs=11]
322 : c =       0  cl =   2896  lit =  173741  p =    10  d =     0  f =     1  -  T =     0.01 sec
  [prof 322] wall=   6.313 p=    11 | ifo=  0.846(sd=0.157 nx=0.116 tfo=0.069 cnt=0.505) snap= 0.200 srm=  2.408 sat=  2.721(set=0.089 slv=2.630 max=0.9088 n=11) sim= 0.000(rmp=0.000 run=0.000) chk= 0.002 stat= 0.132 rest= 0.003
  [incr r=322 repr=1 next=2 tfo=1173 active=10/176637 POs=10]
323 : c =       0  cl =   2896  lit =  173740  p =     9  d =     0  f =     1  -  T =     0.01 sec
  [prof 323] wall=   6.103 p=    10 | ifo=  0.745(sd=0.120 nx=0.097 tfo=0.045 cnt=0.483) snap= 0.225 srm=  2.325 sat=  2.641(set=0.120 slv=2.518 max=0.9371 n=10) sim= 0.000(rmp=0.000 run=0.000) chk= 0.002 stat= 0.161 rest= 0.004
  [incr r=323 repr=1 next=2 tfo=1172 active=9/176636 POs=9]
324 : c =       0  cl =   2896  lit =  173739  p =     8  d =     0  f =     1  -  T =     0.01 sec
  [prof 324] wall=   6.228 p=     9 | ifo=  0.848(sd=0.148 nx=0.121 tfo=0.058 cnt=0.522) snap= 0.208 srm=  2.378 sat=  2.656(set=0.097 slv=2.556 max=0.9576 n=9) sim= 0.000(rmp=0.000 run=0.000) chk= 0.001 stat= 0.132 rest= 0.004
  [incr r=324 repr=1 next=2 tfo=1171 active=8/176635 POs=8]
325 : c =       0  cl =   2896  lit =  173738  p =     7  d =     0  f =     1  -  T =     0.01 sec
  [prof 325] wall=   6.638 p=     8 | ifo=  0.749(sd=0.126 nx=0.101 tfo=0.048 cnt=0.474) snap= 0.270 srm=  2.301 sat=  3.158(set=0.132 slv=3.024 max=1.2325 n=8) sim= 0.000(rmp=0.000 run=0.000) chk= 0.001 stat= 0.156 rest= 0.003
  [incr r=325 repr=1 next=2 tfo=1170 active=7/176634 POs=7]
326 : c =       0  cl =   2896  lit =  173737  p =     6  d =     0  f =     1  -  T =     0.01 sec
  [prof 326] wall=   6.643 p=     7 | ifo=  0.979(sd=0.149 nx=0.127 tfo=0.041 cnt=0.661) snap= 0.236 srm=  2.811 sat=  2.466(set=0.103 slv=2.361 max=1.0091 n=7) sim= 0.000(rmp=0.000 run=0.000) chk= 0.001 stat= 0.146 rest= 0.004
  [incr r=326 repr=1 next=2 tfo=1169 active=6/176633 POs=6]
327 : c =       0  cl =   2896  lit =  173736  p =     5  d =     0  f =     1  -  T =     0.01 sec
  [prof 327] wall=   6.113 p=     6 | ifo=  0.831(sd=0.142 nx=0.110 tfo=0.049 cnt=0.530) snap= 0.226 srm=  2.434 sat=  2.469(set=0.106 slv=2.361 max=1.1001 n=6) sim= 0.000(rmp=0.000 run=0.000) chk= 0.001 stat= 0.148 rest= 0.004
  [incr r=327 repr=1 next=2 tfo=1168 active=5/176632 POs=5]
328 : c =       0  cl =   2896  lit =  173735  p =     4  d =     0  f =     1  -  T =     0.01 sec
  [prof 328] wall=   5.759 p=     5 | ifo=  0.848(sd=0.137 nx=0.111 tfo=0.063 cnt=0.536) snap= 0.282 srm=  2.446 sat=  2.040(set=0.105 slv=1.933 max=0.9895 n=5) sim= 0.000(rmp=0.000 run=0.000) chk= 0.001 stat= 0.139 rest= 0.004
  [incr r=328 repr=1 next=2 tfo=1167 active=4/176631 POs=4]
329 : c =       0  cl =   2896  lit =  173734  p =     3  d =     0  f =     1  -  T =     0.01 sec
  [prof 329] wall=   5.378 p=     4 | ifo=  0.785(sd=0.122 nx=0.096 tfo=0.041 cnt=0.527) snap= 0.199 srm=  2.409 sat=  1.855(set=0.085 slv=1.768 max=0.9574 n=4) sim= 0.000(rmp=0.000 run=0.000) chk= 0.001 stat= 0.126 rest= 0.003
  [incr r=329 repr=1 next=2 tfo=1166 active=3/176630 POs=3]
330 : c =       0  cl =   2896  lit =  173733  p =     2  d =     0  f =     1  -  T =     0.00 sec
  [prof 330] wall=   4.797 p=     3 | ifo=  0.719(sd=0.120 nx=0.095 tfo=0.043 cnt=0.460) snap= 0.195 srm=  2.157 sat=  1.600(set=0.082 slv=1.517 max=0.8720 n=3) sim= 0.000(rmp=0.000 run=0.000) chk= 0.001 stat= 0.123 rest= 0.003
  [incr r=330 repr=1 next=2 tfo=1165 active=2/176629 POs=2]
331 : c =       0  cl =   2896  lit =  173732  p =     1  d =     0  f =     1  -  T =     0.00 sec
  [prof 331] wall=   4.206 p=     2 | ifo=  0.746(sd=0.124 nx=0.099 tfo=0.044 cnt=0.480) snap= 0.202 srm=  2.352 sat=  0.771(set=0.086 slv=0.684 max=0.6588 n=2) sim= 0.000(rmp=0.000 run=0.000) chk= 0.001 stat= 0.128 rest= 0.005
  [incr r=331 repr=1 next=1 tfo=1164 active=1/176628 POs=1]
  [prof 332] wall=   3.268 p=     1 | ifo=  0.733(sd=0.122 nx=0.098 tfo=0.046 cnt=0.467) snap= 0.242 srm=  2.203 sat=  0.089(set=0.087 slv=0.001 max=0.0010 n=1) sim= 0.000(rmp=0.000 run=0.000) chk= 0.000 stat= 0.000 rest= 0.002
332 : c =       0  cl =   2896  lit =  173732  p =     0  d =     0  f =     0  -  T =     0.00 sec
  [prof ALL] wall=23745.663 p=323979 | ifo=302.050(sd=51.742 nx=45.072 tfo=18.916 cnt=186.320) snap=78.247 srm=1018.573 sat=22276.426(set=55.887 slv=22197.184 max=3.7870 n=323979) sim= 0.000(rmp=0.000 run=0.000) chk= 5.471 stat=62.699 rest= 2.197
Srm   =     1.40 sec (  4.01 %)
Sat   =    22.28 sec ( 63.79 %)
Sim   =     0.00 sec (  0.00 %)
Other =    11.25 sec ( 32.20 %)
Incr  =     0.30 sec (  0.87 %)
Incr: fallback rounds = 0, skipped candidate pairs = 58463527
TOTAL =    34.92 sec
NBeg = 236394. NEnd = 62419. (Gain =  73.60 %).  RBeg = 1031. REnd = 1030. (Gain =   0.10 %).
Flop output names are not available. Use command "&get -n".
[1;37m/home/zxr_wsl/benchmarks/incre_spec//Problem05_label43+token_ring.03.cil-1[0m : i/o =   7240/      1  ff =   1030  [1;36mand =   62419[0m  [1;35mlev = 1770[0m [1;35m(1.72)[0m  mem = 0.86 MB
